event,photons,edep_MeV,gamma_nuclear,electron_nuclear,muon_nuclear,neutrons,protons,charged_pions,secondary_muons,primary_decay_e,primary_nuclear,primary_death_ns,primary_range_mm,primary_stop_ns,primary_decay_e_ke_MeV
0,4717,25.00000000194815,0,0,0,0,0,0,0,0,0,1.342221262037025,402.3878113259419,-1,-1
1,5420,25.00000000133399,0,0,0,0,0,0,0,0,0,0.9629884074943387,288.6966617082334,-1,-1
2,5197,25,0,0,0,0,0,0,0,0,0,1.591359388374798,477.0775426022573,-1,-1
3,5584,25.00000000000001,0,0,0,0,0,0,0,0,0,2.977073821065705,892.5042784647399,-1,-1
4,5337,24.99999999999998,0,0,0,0,0,0,0,0,0,7.057321691827172,2115.731816889586,-1,-1
5,4865,24.99999999999996,0,0,0,0,0,0,0,0,0,5.88866037890803,1765.37596932005,-1,-1
6,5134,25.00000000019286,0,0,0,0,0,0,0,0,0,3.645231585100897,1092.812936876634,-1,-1
7,5743,25.00000000218322,0,0,0,0,0,0,0,0,0,3.495822126233497,1048.021107954326,-1,-1
8,4815,24.99999999999997,0,0,0,0,0,0,0,0,0,3.473603253482712,1041.360057478379,-1,-1
9,5578,25,0,0,0,0,0,0,0,0,0,5.850681743396397,1753.990260828531,-1,-1
10,5556,25.00000000091128,0,0,0,0,0,0,0,0,0,0.5603730591201164,167.995616790599,-1,-1
11,5353,25.00000000106826,0,0,0,0,0,0,0,0,0,0.5098447371185795,152.8476069391428,-1,-1
12,5326,25.0000000003058,0,0,0,0,0,0,0,0,0,6.405491668692948,1920.318092055981,-1,-1
13,4924,25.00000000000005,0,0,0,0,0,0,0,0,0,7.330297155877862,2197.567802231033,-1,-1
14,4858,25.00000000109051,0,0,0,0,0,0,0,0,0,2.854051671808537,855.6231659504907,-1,-1
15,5365,25.0000000006437,0,0,0,0,0,0,0,0,0,0.2910215486727032,87.24606540755633,-1,-1
16,5219,25.00000000001991,0,0,0,0,0,0,0,0,0,2.188793168260968,656.1836839665632,-1,-1
17,5473,25.00000000000001,0,0,0,0,0,0,0,0,0,4.77546888712826,1431.649555774705,-1,-1
18,5106,25.00000000000002,0,0,0,0,0,0,0,0,0,2.792561800233723,837.1889662089731,-1,-1
19,5013,25.00000000036312,0,0,0,0,0,0,0,0,0,0.4327991543126119,129.7499222916992,-1,-1
20,5056,24.99999999999324,0,0,0,0,0,0,0,0,0,0.4509940171066712,135.204604931703,-1,-1
21,5049,25,0,0,0,0,0,0,0,0,0,19.17187478655955,5747.583466730915,-1,-1
22,5469,24.99999999999999,0,0,0,0,0,0,0,0,0,3.803647473463546,1140.304825435127,-1,-1
23,5917,25.0000000010033,0,0,0,0,0,0,0,0,0,1.659198262795774,497.4151255128749,-1,-1
24,5544,25.00000000109018,0,0,0,0,0,0,0,0,0,1.497972593569811,449.0808858429286,-1,-1
25,5199,24.99999999999996,0,0,0,0,0,0,0,0,0,1.487408723732407,445.9139173383814,-1,-1
26,5357,25,0,0,0,0,0,0,0,0,0,5.460822831682083,1637.113499412492,-1,-1
27,5328,24.99999999999997,0,0,0,0,0,0,0,0,0,9.241161459289417,2770.430508655242,-1,-1
28,5748,25.00000000038988,0,0,0,0,0,0,0,0,0,0.9907082995028247,297.006876268952,-1,-1
29,5556,24.99999999999998,0,0,0,0,0,0,0,0,0,6.788238390234459,2035.062672498351,-1,-1
30,5538,25.00000000102564,0,0,0,0,0,0,0,0,0,0.8871357509998591,265.9566073719237,-1,-1
31,5239,25.00000000017048,0,0,0,0,0,0,0,0,0,4.63684655380783,1390.091625734879,-1,-1
32,5477,25,0,0,0,0,0,0,0,0,0,5.150246197071274,1544.00496672515,-1,-1
33,5316,25.00000000000004,0,0,0,0,0,0,0,0,0,5.181943840613132,1553.507681195371,-1,-1
34,5305,25.00000000164822,0,0,0,0,0,0,0,0,0,0.5972052081660417,179.0376172864993,-1,-1
35,5081,25.00000000085342,0,0,0,0,0,0,0,0,0,0.1899100883047168,56.93361217186809,-1,-1
36,5383,24.99999999999999,0,0,0,0,0,0,0,0,0,7.940428670073939,2380.480628575137,-1,-1
37,5577,25,0,0,0,0,0,0,0,0,0,3.140845808245582,941.6018850529399,-1,-1
38,5633,25,0,0,0,0,0,0,0,0,0,6.501663361278717,1949.149640166288,-1,-1
39,5275,25.00000000056631,0,0,0,0,0,0,0,0,0,1.564149970310445,468.9203642799953,-1,-1
40,5492,25.00000000016617,0,0,0,0,0,0,0,0,0,0.4975916435495112,149.1742218999678,-1,-1
41,5006,25,0,0,0,0,0,0,0,0,0,6.517262632931758,1953.826184158164,-1,-1
42,4881,25.00000000149145,0,0,0,0,0,0,0,0,0,0.2252805991969935,67.5374245729795,-1,-1
43,4912,25.00000000175023,0,0,0,0,0,0,0,0,0,1.258121025088907,377.175194572883,-1,-1
44,5733,25.00000000034785,0,0,0,0,0,0,0,0,0,0.3722935939266011,111.6108116209096,-1,-1
45,4863,24.99999999999999,0,0,0,0,0,0,0,0,0,3.114985420917702,933.8491359710824,-1,-1
46,5247,25.00000000011499,0,0,0,0,0,0,0,0,0,0.1314036945670061,39.39383658452401,-1,-1
47,5490,25.0000000004719,0,0,0,0,0,0,0,0,0,0.5204987310611275,156.0415939706964,-1,-1
48,5801,25.00000000135879,0,0,0,0,0,0,0,0,0,3.243364607924127,972.3362479997803,-1,-1
49,5057,25.00000000035099,0,0,0,0,0,0,0,0,0,0.7233356711876487,216.850578824425,-1,-1
50,4629,25.00000000000001,0,0,0,0,0,0,0,0,0,3.764149985609638,1128.463776466578,-1,-1
51,5075,25.00000000001639,0,0,0,0,0,0,0,0,0,1.953565307647667,585.6641454432201,-1,-1
52,5456,25.00000000000001,0,0,0,0,0,0,0,0,0,10.6157226792635,3182.51359546275,-1,-1
53,5754,25.00000000000005,0,0,0,0,0,0,0,0,0,4.319555794863523,1294.970249210279,-1,-1
54,5743,24.99999999999998,0,0,0,0,0,0,0,0,0,6.848703788073321,2053.189742740412,-1,-1
55,5363,25.00000000000002,0,0,0,0,0,0,0,0,0,13.764653407625,4126.539278589975,-1,-1
56,5470,24.99999999999999,0,0,0,0,0,0,0,0,0,2.257243830652705,676.70467629671,-1,-1
57,5187,25.00000000087492,0,0,0,0,0,0,0,0,0,0.6254704931636487,187.5113365520024,-1,-1
58,4983,25.00000000122903,0,0,0,0,0,0,0,0,0,0.4267945637583039,127.9497913301396,-1,-1
59,4872,24.99999999999998,0,0,0,0,0,0,0,0,0,4.172551048782239,1250.899335044905,-1,-1
60,5245,25.0000000010608,0,0,0,0,0,0,0,0,0,4.487717243975855,1345.383783380507,-1,-1
61,5656,25.00000000000001,0,0,0,0,0,0,0,0,0,5.725222247913328,1716.378450298222,-1,-1
62,5741,25,0,0,0,0,0,0,0,0,0,5.33287969473837,1598.757111903906,-1,-1
63,5040,25.00000000186764,0,0,0,0,0,0,0,0,0,2.067116691276171,619.7059938505106,-1,-1
64,5373,25.00000000000004,0,0,0,0,0,0,0,0,0,5.749789733971179,1723.743597330386,-1,-1
65,5144,25.00000000056743,0,0,0,0,0,0,0,0,0,0.3389408606412769,101.6119137282839,-1,-1
66,5246,25.00000000146056,0,0,0,0,0,0,0,0,0,11.12847883712956,3336.234024384054,-1,-1
67,5586,25.00000000000002,0,0,0,0,0,0,0,0,0,3.397341093160183,1018.497236982898,-1,-1
68,5049,25.00000000026003,0,0,0,0,0,0,0,0,0,2.189658944575408,656.4432371759474,-1,-1
69,5130,25.00000000070548,0,0,0,0,0,0,0,0,0,2.635897335208252,790.2221411577318,-1,-1
70,5142,25.00000000007217,0,0,0,0,0,0,0,0,0,3.238178717835973,970.7815572633348,-1,-1
71,4963,24.99999999999996,0,0,0,0,0,0,0,0,0,1.599516532424697,479.5229928672367,-1,-1
72,5856,25.00000000031314,0,0,0,0,0,0,0,0,0,1.430257752869662,428.7804873063525,-1,-1
73,5560,25.00000000000004,0,0,0,0,0,0,0,0,0,5.127892342981943,1537.303449861936,-1,-1
74,5747,25.00000000088539,0,0,0,0,0,0,0,0,0,1.137013458499446,340.86805950263,-1,-1
75,5173,24.99999999999999,0,0,0,0,0,0,0,0,0,5.254465165469431,1575.249027431458,-1,-1
76,5388,25.00000000073587,0,0,0,0,0,0,0,0,0,2.566454196677471,769.4036119663546,-1,-1
77,5263,25.00000000000313,0,0,0,0,0,0,0,0,0,2.988808152588591,896.0221425549727,-1,-1
78,4381,25.0000000011021,0,0,0,0,0,0,0,0,0,2.649835304897508,794.4006393504034,-1,-1
79,4470,25.00000000001732,0,0,0,0,0,0,0,0,0,10.20338905397143,3058.899084420392,-1,-1
80,5320,25,0,0,0,0,0,0,0,0,0,7.495583599079905,2247.119431312652,-1,-1
81,5140,25.00000000026372,0,0,0,0,0,0,0,0,0,0.08994072212134023,26.96355015905156,-1,-1
82,4725,25.00000000099273,0,0,0,0,0,0,0,0,0,0.7334042761340844,219.8690706499479,-1,-1
83,5263,24.99999999999996,0,0,0,0,0,0,0,0,0,0.1654246986369439,49.59307701827866,-1,-1
84,5872,25,0,0,0,0,0,0,0,0,0,7.981243750548177,2392.716681873977,-1,-1
85,5519,25.00000000013064,0,0,0,0,0,0,0,0,0,10.64014816035298,3189.836170476397,-1,-1
86,5176,24.99999999999995,0,0,0,0,0,0,0,0,0,3.229809175515181,968.2724315986497,-1,-1
87,4929,25.00000000085153,0,0,0,0,0,0,0,0,0,0.9621393297599846,288.4421146072183,-1,-1
88,5358,25.00000000009177,0,0,0,0,0,0,0,0,0,5.35944414646846,1606.720934183492,-1,-1
89,5506,25.0000000014889,0,0,0,0,0,0,0,0,0,0.02042484029365908,6.123213075893498,-1,-1
90,5420,25.00000000000002,0,0,0,0,0,0,0,0,0,6.003678961764527,1799.857672990276,-1,-1
91,5074,25.00000000104506,0,0,0,0,0,0,0,0,0,0.1007129769819917,30.19299092192873,-1,-1
92,5479,25,0,0,0,0,0,0,0,0,0,7.075554167656274,2121.197775633819,-1,-1
93,5544,25,0,0,0,0,0,0,0,0,0,3.498007704277494,1048.676327768287,-1,-1
94,5323,25.00000000116022,0,0,0,0,0,0,0,0,0,2.363199036939491,708.4692480273229,-1,-1
95,5019,25,0,0,0,0,0,0,0,0,0,3.210486695072351,962.4796976920364,-1,-1
96,4942,24.99999999952735,0,0,0,0,0,0,0,0,0,0.7190584825349866,215.5683099249137,-1,-1
97,5612,25.00000000171801,0,0,0,0,0,0,0,0,0,0.8563131025021969,256.7162098167396,-1,-1
98,5514,24.99999999999998,0,0,0,0,0,0,0,0,0,2.453613927753363,735.5749503842151,-1,-1
99,5382,25.00000000006378,0,0,0,0,0,0,0,0,0,2.438506194407893,731.045765869768,-1,-1
100,5496,25.00000000072084,0,0,0,0,0,0,0,0,0,3.943542724833818,1182.244366705948,-1,-1
101,5268,25.00000000000001,0,0,0,0,0,0,0,0,0,5.763091010053242,1727.731219581565,-1,-1
102,5316,25.00000000055832,0,0,0,0,0,0,0,0,0,5.843862389882731,1751.945870076698,-1,-1
103,5338,25.00000000000001,0,0,0,0,0,0,0,0,0,4.754627038378571,1425.401326708772,-1,-1
104,4898,25.00000000102974,0,0,0,0,0,0,0,0,0,4.345403598836342,1302.719225897193,-1,-1
105,4301,24.99999999999996,0,0,0,0,0,0,0,0,0,4.846772033895529,1453.0257014072,-1,-1
106,5119,24.99999999992544,0,0,0,0,0,0,0,0,0,3.665867064670481,1098.999298018809,-1,-1
107,5000,24.99999999999999,0,0,0,0,0,0,0,0,0,8.956074794278177,2684.963676608499,-1,-1
108,6023,25,0,0,0,0,0,0,0,0,0,7.1013029570532,2128.917068497648,-1,-1
109,5026,25.00000000015426,0,0,0,0,0,0,0,0,0,0.4112038027486127,123.2757987649538,-1,-1
110,5329,25.00000000039843,0,0,0,0,0,0,0,0,0,2.414617598775254,723.8841450668911,-1,-1
111,5140,25.00000000036535,0,0,0,0,0,0,0,0,0,3.200236214223493,959.4066808426754,-1,-1
112,4657,24.99999999999997,0,0,0,0,0,0,0,0,0,0.3480599949256167,104.3457614102182,-1,-1
113,4842,25.00000000000001,0,0,0,0,0,0,0,0,0,3.792363478145652,1136.921968742714,-1,-1
114,4459,25.00000000000001,0,0,0,0,0,0,0,0,0,4.226180900222289,1266.977160030293,-1,-1
115,5349,25.00000000000001,0,0,0,0,0,0,0,0,0,5.719596865062842,1714.692002946284,-1,-1
116,5547,25.00000000042125,0,0,0,0,0,0,0,0,0,0.03349682517016991,10.04209555296151,-1,-1
117,6104,24.99999999999998,0,0,0,0,0,0,0,0,0,6.708626252923906,2011.195554167388,-1,-1
118,5508,25.00000000021448,0,0,0,0,0,0,0,0,0,0.5139840536445416,154.088542814901,-1,-1
119,5267,24.99999999999999,0,0,0,0,0,0,0,0,0,8.084530095189725,2423.681149011901,-1,-1
120,5282,25.00000000000001,0,0,0,0,0,0,0,0,0,3.825304737191396,1146.797509761652,-1,-1
121,5081,25.00000000017552,0,0,0,0,0,0,0,0,0,0.4911474210759285,147.2422926047136,-1,-1
122,5583,25.00000000000002,0,0,0,0,0,0,0,0,0,5.573787867018742,1670.979565024125,-1,-1
123,5530,24.99999999999999,0,0,0,0,0,0,0,0,0,7.966194826163305,2388.20512784238,-1,-1
124,4779,24.99999999999997,0,0,0,0,0,0,0,0,0,11.18447597808601,3353.021544912358,-1,-1
125,5364,25.00000000017572,0,0,0,0,0,0,0,0,0,3.321836361058724,995.8614877555704,-1,-1
126,4827,25.00000000000004,0,0,0,0,0,0,0,0,0,8.563442489179716,2567.255472772825,-1,-1
127,5507,25.00000000063239,0,0,0,0,0,0,0,0,0,1.623489243805175,486.7098309369147,-1,-1
128,4962,25,0,0,0,0,0,0,0,0,0,6.964367106727613,2087.86473334022,-1,-1
129,5592,25.00000000000002,0,0,0,0,0,0,0,0,0,10.15465184395693,3044.288036434081,-1,-1
130,5097,25.00000000137392,0,0,0,0,0,0,0,0,0,1.067268861968258,319.9591554763269,-1,-1
131,5789,25.00000000006638,0,0,0,0,0,0,0,0,0,0.1829612070516503,54.85038998066116,-1,-1
132,5291,25.00000000105021,0,0,0,0,0,0,0,0,0,0.2610950466424263,78.27432580455762,-1,-1
133,4937,24.99999999999998,0,0,0,0,0,0,0,0,0,3.12274223200071,936.1745694318994,-1,-1
134,5826,25.00000000111119,0,0,0,0,0,0,0,0,0,3.766962913436306,1129.307071013911,-1,-1
135,5796,25,0,0,0,0,0,0,0,0,0,7.221907342915051,2165.073353780751,-1,-1
136,5707,24.99999999999999,0,0,0,0,0,0,0,0,0,6.681223265861205,2002.980345319319,-1,-1
137,5321,24.99999999999412,0,0,0,0,1,0,0,0,0,2.60872635222581,782.0764853831492,-1,-1
138,5328,24.99999999999998,0,0,0,0,0,0,0,0,0,7.605153804202121,2279.967752429804,-1,-1
139,4346,25.00000000068793,0,0,0,0,0,0,0,0,0,1.361996246435169,408.3162025055731,-1,-1
140,5714,25,0,0,0,0,0,0,0,0,0,5.02282576483873,1505.805282146733,-1,-1
141,5300,25.00000000059291,0,0,0,0,0,0,0,0,0,0.4715044155076615,141.3534676828952,-1,-1
142,5411,25,0,0,0,0,0,0,0,0,0,8.312479360102433,2492.018619439376,-1,-1
143,5887,24.99999999999999,0,0,0,0,0,0,0,0,0,5.03040848281333,1508.078523806659,-1,-1
144,5452,25.00000000045518,0,0,0,0,0,0,0,0,0,1.435307365288534,430.2943230253535,-1,-1
145,5886,25.00000000096952,0,0,0,0,0,0,0,0,0,1.35183208804645,405.2690644787178,-1,-1
146,5334,25.00000000000002,0,0,0,0,0,0,0,0,0,1.40471229857534,421.1221527727312,-1,-1
147,5993,25.00000000018302,0,0,0,0,0,0,0,0,0,0.8024888816534611,240.5801143485622,-1,-1
148,5484,24.99999999999999,0,0,0,0,0,0,0,0,0,3.32300790346205,996.2127073323148,-1,-1
149,5794,24.99999999999999,0,0,0,0,0,0,0,0,0,2.827796987721781,847.7522096741087,-1,-1
150,5357,25.00000000038733,0,0,0,0,0,0,0,0,0,1.064663455208423,319.178074179706,-1,-1
151,5399,25,0,0,0,0,0,0,0,0,0,2.708697343980593,812.0470347300131,-1,-1
152,4883,25.00000000254007,0,0,0,0,0,0,0,0,0,6.832519950748123,2048.337950368819,-1,-1
153,5557,25.0000000011838,0,0,0,0,0,0,0,0,0,0.1029635523850417,30.86769645392341,-1,-1
154,4938,25.00000000040946,0,0,0,0,0,0,0,0,0,2.439429447819068,731.3225502792612,-1,-1
155,5131,24.99999999999998,0,0,0,0,0,0,0,0,0,4.895274364310171,1467.566334260934,-1,-1
156,4812,24.99999999999992,0,0,0,0,0,0,0,0,0,5.597240447409117,1678.010471745799,-1,-1
157,5254,24.99999999999997,0,0,0,0,0,0,0,0,0,6.021249157653211,1805.125085203286,-1,-1
158,5227,25.00000000032196,0,0,0,0,0,0,0,0,0,5.287607675864842,1585.184902087188,-1,-1
159,5302,25.00000000000003,0,0,0,0,0,0,0,0,0,4.989849010336038,1495.919099857509,-1,-1
160,5071,25.0000000004494,0,0,0,0,0,0,0,0,0,2.16536847508851,649.1611376224963,-1,-1
161,4972,25.00000000000001,0,0,0,0,0,0,0,0,0,2.620087965169317,785.482611254328,-1,-1
162,5394,25.00000000000001,0,0,0,0,0,0,0,0,0,2.380293559502043,713.5940569646867,-1,-1
163,4695,24.99999999999822,0,0,0,0,1,0,0,0,0,3.03869499892464,910.9778428399254,-1,-1
164,5282,25.00000000000002,0,0,0,0,0,0,0,0,0,7.024451955823486,2105.87771793923,-1,-1
165,5124,25.00000000059454,0,0,0,0,0,0,0,0,0,0.1402105026009016,42.0340512121397,-1,-1
166,5231,25.00000000003935,0,0,0,0,0,0,0,0,0,2.92422930528644,876.6618911874541,-1,-1
167,5548,25.00000000194717,0,0,0,0,0,0,0,0,0,2.784929202478717,834.9007709670742,-1,-1
168,4863,25.00000000023268,0,0,0,0,0,0,0,0,0,5.346245234694063,1602.76399997972,-1,-1
169,5566,25.00000000135258,0,0,0,0,0,0,0,0,0,7.234603124300069,2168.879453288397,-1,-1
170,5256,24.99999999999999,0,0,0,0,0,0,0,0,0,0.7163441907113164,214.7545857073663,-1,-1
171,5930,24.99999999999999,0,0,0,0,0,0,0,0,0,4.076371631490831,1222.065471126107,-1,-1
172,4824,25.00000000133264,0,0,0,0,0,0,0,0,0,2.23106036685666,668.8550713263398,-1,-1
173,5248,24.99999999999997,0,0,0,0,0,0,0,0,0,6.544680620835562,1962.045890145259,-1,-1
174,4821,25.00000000052993,0,0,0,0,0,0,0,0,0,1.97596999586454,592.3809019944802,-1,-1
175,4990,25.00000000036901,0,0,0,0,0,0,0,0,0,0.5649900786526206,169.3797644248825,-1,-1
176,4891,25,0,0,0,0,0,0,0,0,0,14.06248189303797,4215.826012294347,-1,-1
177,5141,24.99999999999996,0,0,0,0,0,0,0,0,0,4.180582807915132,1253.307195857419,-1,-1
178,5079,24.99999999999998,0,0,0,0,0,0,0,0,0,2.165441477738062,649.183023266246,-1,-1
179,5706,25.00000000046925,0,0,0,0,0,0,0,0,0,0.008742374925767068,2.620898067753277,-1,-1
180,5254,25.00000000022425,0,0,0,0,0,0,0,0,0,1.708359431332851,512.1532730667576,-1,-1
181,5265,25.00000000048029,0,0,0,0,0,0,0,0,0,2.624147393778365,786.69959733511,-1,-1
182,5855,24.99999999999997,0,0,0,0,0,0,0,0,0,6.985099754002461,2094.080224627593,-1,-1
183,4672,25.0000000009869,0,0,0,0,0,0,0,0,0,3.00663242305079,901.3657244088921,-1,-1
184,5621,25.00000000000001,0,0,0,0,0,0,0,0,0,6.748568508712282,2023.169941208249,-1,-1
185,5429,25.00000000020503,0,0,0,0,0,0,0,0,0,0.2409827581754113,72.24481340902614,-1,-1
186,5383,25,0,0,0,0,0,0,0,0,0,3.499553962536747,1049.139884332531,-1,-1
187,5042,25.00000000047257,0,0,0,0,0,0,0,0,0,1.213460539519595,363.7863178285857,-1,-1
188,5509,25.00000000000001,0,0,0,0,0,0,0,0,0,6.037276217380166,1809.929876833342,-1,-1
189,5050,25.0000000020045,0,0,0,0,0,0,0,0,0,1.107634873599433,332.0605813228934,-1,-1
190,5687,25.00000000139048,0,0,0,0,0,0,0,0,0,1.852501781200035,555.3660624353367,-1,-1
191,4945,25.00000000109586,0,0,0,0,0,0,0,0,0,0.08611164539274882,25.81562183471654,-1,-1
192,5499,25.00000000174269,0,0,0,0,0,0,0,0,0,1.598092976245605,479.0962214612055,-1,-1
193,5880,24.99999999999996,0,0,0,0,0,0,0,0,0,8.224974494779255,2465.785320777181,-1,-1
194,5512,25.00000000000007,0,0,0,0,0,0,0,0,0,2.876279438216087,862.2868826776599,-1,-1
195,5744,25.00000000000002,0,0,0,0,0,0,0,0,0,6.262324459892965,1877.397642624834,-1,-1
196,5353,24.99999999998355,0,0,0,0,1,0,0,0,0,0.6464959570317849,193.8146120456212,-1,-1
197,5367,25.00000000247846,0,0,0,0,0,0,0,0,0,0.05927829692046854,17.77118633984109,-1,-1
198,5079,25.00000000175801,0,0,0,0,0,0,0,0,0,2.076620641069949,622.5552063198957,-1,-1
199,5402,25.00000000084276,0,0,0,0,0,0,0,0,0,2.249893758664309,674.5011801488322,-1,-1
200,5644,25.000000001572,0,0,0,0,0,0,0,0,0,0.6472510112623493,194.0409716093254,-1,-1
201,4979,25.00000000000001,0,0,0,0,0,0,0,0,0,7.242645426138597,2171.290474724547,-1,-1
202,5415,25.00000000027768,0,0,0,0,0,0,0,0,0,1.732952598559469,519.5261191196306,-1,-1
203,5770,25.00000000000001,0,0,0,0,0,0,0,0,0,8.165289181028069,2447.892113861211,-1,-1
204,5557,25.00000000084051,0,0,0,0,0,0,0,0,0,0.9761085661982998,292.629986335444,-1,-1
205,5525,25.00000000008221,0,0,0,0,0,0,0,0,0,3.695869887921623,1107.993918148208,-1,-1
206,5459,25.00000000000001,0,0,0,0,0,0,0,0,0,9.6870350680279,2904.100053776282,-1,-1
207,5147,25.00000000029539,0,0,0,0,0,0,0,0,0,0.08108074210960561,24.30739497350277,-1,-1
208,5039,25.00000000034913,0,0,0,0,0,0,0,0,0,2.365025993742029,709.0169558978155,-1,-1
209,5600,25.00000000058433,0,0,0,0,0,0,0,0,0,4.768538550000202,1429.571892972317,-1,-1
210,5284,25.00000000088582,0,0,0,0,0,0,0,0,0,0.0009795670260715264,0.293666806521733,-1,-1
211,5543,25.00000000000002,0,0,0,0,0,0,0,0,0,7.228476468607137,2167.042728118893,-1,-1
212,5445,25.00000000137114,0,0,0,0,0,0,0,0,0,0.2837714412360121,85.07253787834662,-1,-1
213,5349,24.99999999999996,0,0,0,0,0,0,0,0,0,0.9551791408525884,286.3555024665257,-1,-1
214,4860,25.00000000063685,0,0,0,0,0,0,0,0,0,2.447884637446336,733.8573523604759,-1,-1
215,5111,25.00000000000001,0,0,0,0,0,0,0,0,0,7.048780344903818,2113.171185500804,-1,-1
216,5564,25.00000000110203,0,0,0,0,0,0,0,0,0,0.7433165626219963,222.8406993805592,-1,-1
217,5328,24.99999999999995,0,0,0,0,0,0,0,0,0,3.455055122846467,1035.799467803634,-1,-1
218,4821,24.99999999999994,0,0,0,0,0,0,0,0,0,0.8168766604418556,244.8934619166953,-1,-1
219,5391,25.00000000054692,0,0,0,0,0,0,0,0,0,3.353984465643082,1005.499247048956,-1,-1
220,5466,25.00000000000002,0,0,0,0,0,0,0,0,0,6.709207560701447,2011.369825854871,-1,-1
221,5039,25.00000000012523,0,0,0,0,0,0,0,0,0,3.922742651287255,1176.008661530843,-1,-1
222,4832,25.0000000003067,0,0,0,0,0,0,0,0,0,0.5128834687923215,153.7585957768163,-1,-1
223,5234,25,0,0,0,0,0,0,0,0,0,2.806197077870152,841.2767196071104,-1,-1
224,5606,24.99999999999999,0,0,0,0,0,0,0,0,0,7.375663873725266,2211.168402085899,-1,-1
225,5095,24.99999999958782,0,0,0,0,0,0,0,0,0,4.586555173487901,1375.014649212554,-1,-1
226,5629,25.00000000014757,0,0,0,0,0,0,0,0,0,0.1120468636554521,33.59080466645887,-1,-1
227,5077,25.00000000053366,0,0,0,0,0,0,0,0,0,0.281257102759783,84.31875816631393,-1,-1
228,5202,25.00000000029923,0,0,0,0,0,0,0,0,0,0.7314751671824116,219.2907383355761,-1,-1
229,4981,24.99999999989322,0,0,0,0,0,0,0,0,0,2.265996389254484,679.3286273537265,-1,-1
230,5067,25.00000000000002,0,0,0,0,0,0,0,0,0,8.692686498337496,2606.001851960011,-1,-1
231,5453,25.00000000029841,0,0,0,0,0,0,0,0,0,1.293637931567674,387.8228952667087,-1,-1
232,5543,25.00000000032724,0,0,0,0,0,0,0,0,0,0.8855214811038193,265.4726614319146,-1,-1
233,5518,24.99999999999999,0,0,0,0,0,0,0,0,0,6.426549703677293,1926.631132124587,-1,-1
234,5386,25.00000000004968,0,0,0,0,0,0,0,0,0,2.373346409818478,711.5113538849567,-1,-1
235,5028,25,0,0,0,0,0,0,0,0,0,5.590284812987377,1675.925225005556,-1,-1
236,4850,25,0,0,0,0,0,0,0,0,0,9.035466190526982,2708.764618433981,-1,-1
237,5335,25.00000000000002,0,0,0,0,0,0,0,0,0,3.477774122714588,1042.6104526174,-1,-1
238,5420,25,0,0,0,0,0,0,0,0,0,6.559274309441989,1966.420967923867,-1,-1
239,5028,25.0000000003819,0,0,0,0,0,0,0,0,0,3.101131571511668,929.6958564048857,-1,-1
240,5681,25.00000000102243,0,0,0,0,0,0,0,0,0,2.31553340477127,694.1794509974879,-1,-1
241,5112,25,0,0,0,0,0,0,0,0,0,4.709441699124848,1411.855102788334,-1,-1
242,5754,25.00000000025555,0,0,0,0,0,0,0,0,0,2.89470518344596,867.8107821306054,-1,-1
243,5278,24.99999999999996,0,0,0,0,0,0,0,0,0,9.154760244035153,2744.528075959978,-1,-1
244,4947,24.99999999999995,0,0,0,0,0,0,0,0,0,4.526166972760282,1356.910722082224,-1,-1
245,5767,25.00000000000001,0,0,0,0,0,0,0,0,0,5.350009809044107,1603.892590977443,-1,-1
246,5124,25.00000000000001,0,0,0,0,0,0,0,0,0,8.64736487634913,2592.414771503571,-1,-1
247,5807,24.99999999999999,0,0,0,0,0,0,0,0,0,5.007439093178121,1501.192474029159,-1,-1
248,5022,25.00000000022395,0,0,0,0,0,0,0,0,0,0.4582437739088659,137.3780273433352,-1,-1
249,5616,25.00000000046767,0,0,0,0,0,0,0,0,0,0.1147426215748145,34.39897255927746,-1,-1
250,5288,25.0000000016019,0,0,0,0,0,0,0,0,0,0.6804684369395089,203.9993053015134,-1,-1
251,4891,25.00000000083834,0,0,0,0,0,0,0,0,0,2.033047111499499,609.492190786235,-1,-1
252,5358,24.99999999999998,0,0,0,0,0,0,0,0,0,12.33953809651057,3699.300456537545,-1,-1
253,5545,24.99999999999999,0,0,0,0,0,0,0,0,0,23.12356229405347,6932.269577850407,-1,-1
254,5340,24.99999999979271,0,0,0,0,0,0,0,0,0,2.047657059064814,613.8721428780918,-1,-1
255,4749,25.00000000027369,0,0,0,0,0,0,0,0,0,2.139254653614229,641.3324108949483,-1,-1
256,5214,24.99999999999998,0,0,0,0,0,0,0,0,0,7.482557198037447,2243.214214525239,-1,-1
257,5994,25.00000000000001,0,0,0,0,0,0,0,0,0,7.477711463748117,2241.761499931826,-1,-1
258,5480,25.00000000082858,0,0,0,0,0,0,0,0,0,3.46347631953558,1038.324079058365,-1,-1
259,5596,25.00000000157216,0,0,0,0,0,0,0,0,0,1.495510037603623,448.3426301368626,-1,-1
260,5300,25.00000000000001,0,0,0,0,0,0,0,0,0,4.848059597178872,1453.411703168744,-1,-1
261,5003,25.00000000004937,0,0,0,0,0,0,0,0,0,2.942991767390001,882.2867358196128,-1,-1
262,5431,24.99999999999695,0,0,0,0,0,0,0,0,0,6.309038127620513,1891.402047895071,-1,-1
263,5292,25.0000000000034,0,0,0,0,0,0,0,0,0,9.062231889426478,2716.788773097148,-1,-1
264,5018,25.0000000006412,0,0,0,0,0,0,0,0,0,1.947807105448408,583.9378798522434,-1,-1
265,4775,25.00000000140658,0,0,0,0,0,0,0,0,0,6.739015839602652,2020.306123055413,-1,-1
266,5071,25.00000000000001,0,0,0,0,0,0,0,0,0,1.65055419880845,494.8237003230059,-1,-1
267,5882,25,0,0,0,0,0,0,0,0,0,6.482436340942432,1943.385524479658,-1,-1
268,5503,24.99999999999999,0,0,0,0,0,0,0,0,0,8.315085168196287,2492.799821052908,-1,-1
269,5893,25.00000000000001,0,0,0,0,0,0,0,0,0,3.349857824361702,1004.262111115927,-1,-1
270,5605,24.99999999986261,0,0,0,0,0,0,0,0,0,4.73117845513269,1418.371618300872,-1,-1
271,4991,25.00000000000002,0,0,0,0,0,0,0,0,0,5.473632838131561,1640.953842732977,-1,-1
272,5189,25.00000000000001,0,0,0,0,0,0,0,0,0,2.798607093048377,839.0012994012073,-1,-1
273,5535,25.00000000000002,0,0,0,0,0,0,0,0,0,10.54123025362172,3160.181328077218,-1,-1
274,5406,25,0,0,0,0,0,0,0,0,0,5.9002990768689,1768.865163189659,-1,-1
275,5113,25.00000000000002,0,0,0,0,0,0,0,0,0,7.132463604488708,2138.258795585209,-1,-1
276,5254,25.00000000020611,0,0,0,0,0,0,0,0,0,0.4299689878083938,128.9014597188504,-1,-1
277,5833,25.00000000000002,0,0,0,0,0,0,0,0,0,3.460607215792718,1037.463943395035,-1,-1
278,5635,25,0,0,0,0,0,0,0,0,0,6.427095384897601,1926.794723238908,-1,-1
279,5146,24.99999999989928,0,0,0,0,0,0,0,0,0,6.364871915285452,1908.140596338593,-1,-1
280,4740,25.00000000093113,0,0,0,0,0,0,0,0,0,0.0144739804870041,4.339190187242997,-1,-1
281,4797,24.99999999999341,0,0,0,0,0,0,0,0,0,9.228631209237221,2766.674034192739,-1,-1
282,5171,25.00000000155174,0,0,0,0,0,0,0,0,0,0.3422159812337912,102.5937701809601,-1,-1
283,4822,25.00000000000001,0,0,0,0,0,0,0,0,0,0.6143970670290478,184.191606912629,-1,-1
284,4600,25,0,0,0,0,0,0,0,0,0,4.502558014049957,1349.832934319635,-1,-1
285,5856,25.00000000117008,0,0,0,0,0,0,0,0,0,3.503368510312241,1050.283456986305,-1,-1
286,4814,24.99999999999993,0,0,0,0,0,0,0,0,0,3.858434193481218,1156.729470894982,-1,-1
287,5513,25.00000000028615,0,0,0,0,0,0,0,0,0,0.523249674346021,156.8663060198932,-1,-1
288,5316,25.00000000002192,0,0,0,0,0,0,0,0,0,1.274784822361669,382.1708753168983,-1,-1
289,5361,25.00000000123774,0,0,0,0,0,0,0,0,0,0.3145367836982082,94.29575551630018,-1,-1
290,5338,25.00000000001681,0,0,0,0,0,0,0,0,0,5.487617315687146,1645.146283633211,-1,-1
291,5067,25.00000000000001,0,0,0,0,0,0,0,0,0,2.727763818304155,817.7630199328679,-1,-1
292,5181,25.00000000146945,0,0,0,0,0,0,0,0,0,1.036619207498477,310.7706202259806,-1,-1
293,5403,25.0000000005337,0,0,0,0,0,0,0,0,0,3.032100725323287,909.0009293482512,-1,-1
294,5330,25.00000000000001,0,0,0,0,0,0,0,0,0,8.61149401946469,2581.66095914762,-1,-1
295,5309,25.00000000077086,0,0,0,0,0,0,0,0,0,0.6374740749361806,191.1099198363938,-1,-1
296,4436,25.00000000000001,0,0,0,0,0,0,0,0,0,6.577526237253533,1971.892758225728,-1,-1
297,5529,25.00000000000001,0,0,0,0,0,0,0,0,0,4.231007005313564,1268.423989938173,-1,-1
298,5588,25.00000000066736,0,0,0,0,0,0,0,0,0,5.397307427848816,1618.072060376454,-1,-1
299,5643,25.00000000007956,0,0,0,0,0,0,0,0,0,0.05387031765092891,16.14991494181276,-1,-1
300,5083,24.99999999999999,0,0,0,0,0,0,0,0,0,5.196490296234099,1557.868598881169,-1,-1
301,5175,25.00000000177464,0,0,0,0,0,0,0,0,0,2.742543492444756,822.1938547719177,-1,-1
302,5663,24.99999999998495,0,0,0,0,1,0,0,0,0,1.218010626500273,365.1503995886369,-1,-1
303,5162,25.00000000000002,0,0,0,0,0,0,0,0,0,8.456444513091201,2535.178286520224,-1,-1
304,5414,25,0,0,0,0,0,0,0,0,0,4.206100432367061,1260.957187214185,-1,-1
305,5168,25.00000000000002,0,0,0,0,0,0,0,0,0,4.149184601939073,1243.894250511067,-1,-1
306,5330,24.99999999999999,0,0,0,0,0,0,0,0,0,2.892074499230135,867.0221228433214,-1,-1
307,5611,25.00000000000001,0,0,0,0,0,0,0,0,0,5.042925721745293,1511.831097633446,-1,-1
308,5392,25.00000000017159,0,0,0,0,0,0,0,0,0,0.274420531944577,82.26920579733226,-1,-1
309,5222,25.00000000000004,0,0,0,0,0,0,0,0,0,12.85520705510345,3853.894121148407,-1,-1
310,5811,25.00000000081968,0,0,0,0,0,0,0,0,0,2.316719615597623,694.5350680568265,-1,-1
311,4837,25.00000000031104,0,0,0,0,0,0,0,0,0,0.5280733357535261,158.3124033298089,-1,-1
312,5389,25,0,0,0,0,0,0,0,0,0,6.237008513217686,1869.808112744455,-1,-1
313,5208,24.99999999999996,0,0,0,0,0,0,0,0,0,3.619858043359743,1085.206140429888,-1,-1
314,5006,24.99999999999999,0,0,0,0,0,0,0,0,0,9.340117436841741,2800.096764399445,-1,-1
315,5670,25.00000000036267,0,0,0,0,0,0,0,0,0,1.237727387445599,371.0613358162345,-1,-1
316,5611,25.00000000000001,0,0,0,0,0,0,0,0,0,8.099383915730574,2428.134212382534,-1,-1
317,5489,25,0,0,0,0,0,0,0,0,0,3.367343679422743,1009.504238584908,-1,-1
318,4757,25.00000000039402,0,0,0,0,0,0,0,0,0,2.059454238241616,617.4088482209718,-1,-1
319,5607,25.00000000007254,0,0,0,0,0,0,0,0,0,3.927678215893441,1177.488306575749,-1,-1
320,5405,24.99999999999991,0,0,0,0,0,0,0,0,0,4.291271634772738,1286.490871334197,-1,-1
321,5671,25.00000000215747,0,0,0,0,0,0,0,0,0,0.06181013698013655,18.53021289459183,-1,-1
322,4778,25.00000000086827,0,0,0,0,0,0,0,0,0,2.500694441097891,749.689333203673,-1,-1
323,5288,24.99999999999993,0,0,0,0,0,0,0,0,0,9.684044733320718,2903.203573984172,-1,-1
324,4836,25.00000000102292,0,0,0,0,0,0,0,0,0,0.1313077911609696,39.36508546669774,-1,-1
325,5260,25.00000000062682,0,0,0,0,0,0,0,0,0,2.360812025415916,707.753639975396,-1,-1
326,4655,24.99999999999997,0,0,0,0,0,0,0,0,0,6.827567493142396,2046.853240930057,-1,-1
327,4635,25.00000000000005,0,0,0,0,0,0,0,0,0,5.531677791988357,1658.355282124203,-1,-1
328,5061,24.99999999999998,0,0,0,0,0,0,0,0,0,4.364274851620612,1308.376685154929,-1,-1
329,5159,25.00000000125258,0,0,0,0,0,0,0,0,0,0.4440863049858281,133.1337249358391,-1,-1
330,4756,25.00000000091325,0,0,0,0,0,0,0,0,0,0.5721688914177886,171.531918349274,-1,-1
331,5323,25.00000000027605,0,0,0,0,0,0,0,0,0,2.247801586596962,673.8739627422032,-1,-1
332,4806,24.99999999999996,0,0,0,0,0,0,0,0,0,1.668614859237532,500.2381501061438,-1,-1
333,5605,25,0,0,0,0,0,0,0,0,0,5.902323670139555,1769.472120982719,-1,-1
334,4790,25.00000000068533,0,0,0,0,0,0,0,0,0,1.371046803466857,411.0294912443721,-1,-1
335,5576,24.99999999999997,0,0,0,0,0,0,0,0,0,8.744738480036007,2621.606643497179,-1,-1
336,5577,25.00000000133721,0,0,0,0,0,0,0,0,0,1.117407426423436,334.990318954936,-1,-1
337,5114,24.99999999999998,0,0,0,0,0,0,0,0,0,2.297084802314433,688.648699120288,-1,-1
338,5135,25,0,0,0,0,0,0,0,0,0,5.65706460667142,1695.945303498828,-1,-1
339,5276,25,0,0,0,0,0,0,0,0,0,4.460813811020212,1337.318337086097,-1,-1
340,5806,25.00000000037511,0,0,0,0,0,0,0,0,0,2.182537219869224,654.3081978210811,-1,-1
341,5379,25.00000000028208,0,0,0,0,0,0,0,0,0,1.215060126600281,364.2658619712894,-1,-1
342,5421,25,0,0,0,0,0,0,0,0,0,6.391594201581919,1916.151736230791,-1,-1
343,4916,25.00000000138394,0,0,0,0,0,0,0,0,0,1.389154204501326,416.4579535084872,-1,-1
344,5189,25.00000000088904,0,0,0,0,0,0,0,0,0,3.190342239829092,956.4405419395891,-1,-1
345,4935,25.00000000053895,0,0,0,0,0,0,0,0,0,3.399056853957279,1019.0116091296,-1,-1
346,4672,25.00000000000001,0,0,0,0,0,0,0,0,0,7.50036600750309,2248.553161288998,-1,-1
347,5494,24.99999999999023,0,0,0,0,0,0,0,0,0,2.599542464957926,779.3232252451154,-1,-1
348,4908,25.00000000007026,0,0,0,0,0,0,0,0,0,3.292954492059947,987.2029212567929,-1,-1
349,5741,25.00000000153086,0,0,0,0,0,0,0,0,0,0.3073729085649449,92.14807978129409,-1,-1
350,5828,25.00000000032514,0,0,0,0,0,0,0,0,0,1.487940390166836,446.0733069255949,-1,-1
351,5396,25.00000000129997,0,0,0,0,0,0,0,0,0,3.055588935001569,916.0425174617227,-1,-1
352,5276,25.00000000127991,0,0,0,0,0,0,0,0,0,1.109818685085664,332.7152715361593,-1,-1
353,5228,25.00000000096283,0,0,0,0,0,0,0,0,0,2.867009890067029,859.5079420535044,-1,-1
354,5525,24.99999999999999,0,0,0,0,0,0,0,0,0,4.884045672177577,1464.200057046378,-1,-1
355,5031,25.00000000000003,0,0,0,0,0,0,0,0,0,7.327114054965296,2196.613532584393,-1,-1
356,5384,25,0,0,0,0,0,0,0,0,0,5.331889437792388,1598.460240340018,-1,-1
357,5106,25,0,0,0,0,0,0,0,0,0,5.113595980203455,1533.017508124114,-1,-1
358,5267,24.99999999999998,0,0,0,0,0,0,0,0,0,8.852771265743145,2653.99405786891,-1,-1
359,4891,25.00000000195119,0,0,0,0,0,0,0,0,0,0.3264024722416616,97.85299945060451,-1,-1
360,5869,24.99999999999998,0,0,0,0,0,0,0,0,0,2.555027434236854,765.9779547672999,-1,-1
361,5691,25.00000000000001,0,0,0,0,0,0,0,0,0,4.192374975933166,1256.842398892695,-1,-1
362,5345,25.00000000051482,0,0,0,0,0,0,0,0,0,1.215653744640748,364.4438241827542,-1,-1
363,5589,25.00000000073677,0,0,0,0,0,0,0,0,0,12.46880888301563,3738.054863371489,-1,-1
364,5701,25.00000000000002,0,0,0,0,0,0,0,0,0,4.579598194861843,1372.928999489995,-1,-1
365,5710,24.99999999999996,0,0,0,0,0,0,0,0,0,6.673046591541462,2000.529040026737,-1,-1
366,5763,24.99999999999998,0,0,0,0,0,0,0,0,0,1.39543683833389,418.3414397478654,-1,-1
367,5378,25.00000000000002,0,0,0,0,0,0,0,0,0,4.143537428277743,1242.201270438383,-1,-1
368,5506,25.00000000069348,0,0,0,0,0,0,0,0,0,4.281471400326979,1283.552834960727,-1,-1
369,5065,25.00000000116376,0,0,0,0,0,0,0,0,0,6.083271851983469,1823.719021188336,-1,-1
370,5440,24.99999999999998,0,0,0,0,0,0,0,0,0,0.9236495001906025,276.9031539926122,-1,-1
371,5812,25.00000000000002,0,0,0,0,0,0,0,0,0,5.05479915918885,1515.390664629558,-1,-1
372,5484,24.99999999999997,0,0,0,0,0,0,0,0,0,6.880428855247815,2062.700678608869,-1,-1
373,5244,25.00000000086631,0,0,0,0,0,0,0,0,0,0.9087050234781335,272.4229125854574,-1,-1
374,5330,25.00000000024782,0,0,0,0,0,0,0,0,0,0.3650088881403389,109.4269117674393,-1,-1
375,5381,25.00000000013292,0,0,0,0,0,0,0,0,0,1.716588048129885,514.6201503222806,-1,-1
376,5201,24.99999999999999,0,0,0,0,0,0,0,0,0,4.841875868033156,1451.557867808544,-1,-1
377,5146,25.00000000054033,0,0,0,0,0,0,0,0,0,1.24446892207013,373.0823970520148,-1,-1
378,5706,25.00000000000001,0,0,0,0,0,0,0,0,0,9.13055079460835,2737.270265609489,-1,-1
379,5325,25.00000000073975,0,0,0,0,0,0,0,0,0,2.133510983313502,639.6105018575516,-1,-1
380,4999,24.99999999999999,0,0,0,0,0,0,0,0,0,15.22515749957243,4564.387390233953,-1,-1
381,5894,24.99999999999999,0,0,0,0,0,0,0,0,0,9.259555544179195,2775.94491657701,-1,-1
382,5089,25.00000000000002,0,0,0,0,0,0,0,0,0,8.208452833544904,2460.832251345492,-1,-1
383,5616,25.00000000166827,0,0,0,0,0,0,0,0,0,4.741716878596734,1421.530958174603,-1,-1
384,5343,24.99999999999997,0,0,0,0,0,0,0,0,0,6.57925460145783,1972.410908778853,-1,-1
385,5507,25.00000000158836,0,0,0,0,0,0,0,0,0,2.553752261832747,765.5956676978989,-1,-1
386,5484,25.00000000014796,0,0,0,0,0,0,0,0,0,3.808959041463251,1141.897193461592,-1,-1
387,4580,25.00000000020573,0,0,0,0,0,0,0,0,0,3.295166407276728,987.8660367565195,-1,-1
388,5216,25.00000000098285,0,0,0,0,0,0,0,0,0,3.927918816636866,1177.560436864017,-1,-1
389,5391,25.0000000007451,0,0,0,0,0,0,0,0,0,1.050250921714057,314.8573053374228,-1,-1
390,5661,24.99999999999999,0,0,0,0,0,0,0,0,0,5.542746066104698,1661.673467227358,-1,-1
391,5240,25.0000000001972,0,0,0,0,0,0,0,0,0,5.994171544153099,1797.007420895313,-1,-1
392,4991,24.99999999999999,0,0,0,0,0,0,0,0,0,8.248675869378443,2472.890814126251,-1,-1
393,5287,25,0,0,0,0,0,0,0,0,0,8.124981660368579,2435.808223166818,-1,-1
394,5742,25.00000000076875,0,0,0,0,0,0,0,0,0,1.78207525328208,534.2527205224075,-1,-1
395,5059,25.00000000000002,0,0,0,0,0,0,0,0,0,4.387242253681314,1315.26213907258,-1,-1
396,5368,25.0000000012125,0,0,0,0,0,0,0,0,0,0.5455675941048969,163.5570500418533,-1,-1
397,5613,24.99999999999999,0,0,0,0,0,0,0,0,0,7.919145217593779,2374.100010041384,-1,-1
398,5235,25.00000000033474,0,0,0,0,0,0,0,0,0,3.109811440488634,932.2980156606083,-1,-1
399,5178,25.00000000000002,0,0,0,0,0,0,0,0,0,7.198776713770946,2158.138965614555,-1,-1
400,5052,25,0,0,0,0,0,0,0,0,0,3.960582207677618,1187.35267515074,-1,-1
401,5214,25.00000000000002,0,0,0,0,0,0,0,0,0,3.519312560195639,1055.063362891324,-1,-1
402,5170,25.00000000078094,0,0,0,0,0,0,0,0,0,0.4722634912235855,141.5810328575801,-1,-1
403,4872,25.000000000438,0,0,0,0,0,0,0,0,0,0.1736163970907744,52.04888643294732,-1,-1
404,5533,25,0,0,0,0,0,0,0,0,0,6.292412635776284,1886.41785082963,-1,-1
405,5143,24.99999999999996,0,0,0,0,0,0,0,0,0,0.9036716510175469,270.9139454834686,-1,-1
406,6088,25,0,0,0,0,0,0,0,0,0,4.123980536198406,1236.338261691078,-1,-1
407,5624,25,0,0,0,0,0,0,0,0,0,1.677219983873924,502.8179015722839,-1,-1
408,5178,25.00000000000001,0,0,0,0,0,0,0,0,0,9.877952823852334,2961.335757070732,-1,-1
409,5639,25.00000000041106,0,0,0,0,0,0,0,0,0,1.008402376462684,302.3114270927894,-1,-1
410,5268,25,0,0,0,0,0,0,0,0,0,1.801058417211316,539.9437298973698,-1,-1
411,5265,24.99999999990294,0,0,0,0,0,0,0,0,0,2.627886700035719,787.820613149217,-1,-1
412,5397,25.00000000107336,0,0,0,0,0,0,0,0,0,3.994752156987438,1197.596568244066,-1,-1
413,5746,25.00000000025021,0,0,0,0,0,0,0,0,0,0.603038828388424,180.7864926320058,-1,-1
414,5434,25.00000000088985,0,0,0,0,0,0,0,0,0,0.5791646891419012,173.6292057446565,-1,-1
415,5856,24.99999999999996,0,0,0,0,0,0,0,0,0,0.1726457022784166,51.75787944918272,-1,-1
416,5463,24.99999999999999,0,0,0,0,0,0,0,0,0,3.12544028724498,936.9834260453989,-1,-1
417,5238,25.00000000084222,0,0,0,0,0,0,0,0,0,0.120997472212607,36.27412960640415,-1,-1
418,5568,25.00000000160309,0,0,0,0,0,0,0,0,0,0.3301664907715522,98.98142381763796,-1,-1
419,5562,25.00000000000003,0,0,0,0,0,0,0,0,0,7.947960140789126,2382.738506693198,-1,-1
420,5214,25.0000000009773,0,0,0,0,0,0,0,0,0,4.882278099621456,1463.670152125085,-1,-1
421,5841,25.00000000104268,0,0,0,0,0,0,0,0,0,0.6349754581111515,190.3608533568182,-1,-1
422,5137,24.99999999999998,0,0,0,0,0,0,0,0,0,2.560939304559418,767.7502889026783,-1,-1
423,4330,25.0000000001616,0,0,0,0,0,0,0,0,0,1.897627748713744,568.8944871558996,-1,-1
424,4499,24.99999999999997,0,0,0,0,0,0,0,0,0,0.7909511460563465,237.1211882341491,-1,-1
425,4706,24.99999999999999,0,0,0,0,0,0,0,0,0,5.372927134160958,1610.763032205009,-1,-1
426,4811,25.00000000091768,0,0,0,0,0,0,0,0,0,0.04503012724004699,13.49969252934644,-1,-1
427,5533,25,0,0,0,0,0,0,0,0,0,2.379496611456966,713.3551379513547,-1,-1
428,5069,25.00000000000001,0,0,0,0,0,0,0,0,0,11.49678747406636,3446.650175953964,-1,-1
429,4883,25,0,0,0,0,0,0,0,0,0,7.996753916896698,2397.366512767589,-1,-1
430,5588,25.00000000000001,0,0,0,0,0,0,0,0,0,5.09159645416121,1526.422216137073,-1,-1
431,5288,25.00000000029506,0,0,0,0,0,0,0,0,0,0.5083038975336833,152.385674852603,-1,-1
432,5255,24.99999999999998,0,0,0,0,0,0,0,0,0,4.510816540499119,1352.308778263288,-1,-1
433,5413,24.99999999999998,0,0,0,0,0,0,0,0,0,8.443723218118949,2531.36453823155,-1,-1
434,5405,24.99999999999999,0,0,0,0,0,0,0,0,0,5.214769286644093,1563.348502345938,-1,-1
435,5399,25.00000000013383,0,0,0,0,0,0,0,0,0,1.948617815497547,584.1809246106001,-1,-1
436,5182,25.00000000028457,0,0,0,0,0,0,0,0,0,0.2306723469788125,69.15382989340708,-1,-1
437,5111,25.00000000014603,0,0,0,0,0,0,0,0,0,0.6330378398319215,189.7799700102221,-1,-1
438,5389,25.00000000044195,0,0,0,0,0,0,0,0,0,0.4058250537055303,121.6632903683629,-1,-1
439,5522,25.00000000000001,0,0,0,0,0,0,0,0,0,3.406117199056589,1021.12824734125,-1,-1
440,5313,24.9999999999994,0,0,0,0,1,0,0,0,0,2.044782707755373,613.0104340338789,-1,-1
441,4942,25.00000000000001,0,0,0,0,0,0,0,0,0,3.928973589402684,1177.876649784114,-1,-1
442,5366,25,0,0,0,0,0,0,0,0,0,0.1433032321536002,42.96122820667244,-1,-1
443,5666,24.99999999999994,0,0,0,0,0,0,0,0,0,1.761462565036281,528.0731920472117,-1,-1
444,5588,25.00000000081696,0,0,0,0,0,0,0,0,0,4.776045587413482,1431.822446170742,-1,-1
445,5812,25.00000000000001,0,0,0,0,0,0,0,0,0,8.708438842114386,2610.724285820146,-1,-1
446,5355,25.00000000014501,0,0,0,0,0,0,0,0,0,0.5932606807785186,177.8550777253454,-1,-1
447,5184,25.00000000069549,0,0,0,0,0,0,0,0,0,0.5696071746292664,170.763934976543,-1,-1
448,5098,25.00000000126952,0,0,0,0,0,0,0,0,0,3.44374432708941,1032.40857654169,-1,-1
449,5306,25.00000000000002,0,0,0,0,0,0,0,0,0,2.863066968532692,858.3258839150243,-1,-1
450,5237,25.00000000000001,0,0,0,0,0,0,0,0,0,14.70915028231186,4409.692318225666,-1,-1
451,4904,25.00000000028653,0,0,0,0,0,0,0,0,0,2.350863552803681,704.7711629176284,-1,-1
452,5050,24.99999999999999,0,0,0,0,0,0,0,0,0,7.929053911318374,2377.070561688649,-1,-1
453,5472,25.00000000000002,0,0,0,0,0,0,0,0,0,4.697860164605191,1408.383046087275,-1,-1
454,5817,25.00000000076481,0,0,0,0,0,0,0,0,0,1.660650807020315,497.8505873163039,-1,-1
455,5344,24.99999999986717,0,0,0,0,0,0,0,0,0,1.227205822932271,367.9070501287782,-1,-1
456,5314,25.00000000082976,0,0,0,0,0,0,0,0,0,0.7671574146595128,229.9880070137006,-1,-1
457,5516,25.00000000010438,0,0,0,0,0,0,0,0,0,7.22140157846591,2164.921729413375,-1,-1
458,4941,25.00000000184562,0,0,0,0,0,0,0,0,0,2.579682926260574,773.3694853242902,-1,-1
459,4941,25.00000000097818,0,0,0,0,0,0,0,0,0,2.603676549015967,780.5625924664542,-1,-1
460,5620,25.0000000014426,0,0,0,0,0,0,0,0,0,1.509310162998375,452.4798036496636,-1,-1
461,5986,25,0,0,0,0,0,0,0,0,0,2.520298908514103,755.56660467816,-1,-1
462,5449,25.00000000021501,0,0,0,0,0,0,0,0,0,3.214086755900613,963.5589687766909,-1,-1
463,5169,25.00000000000102,0,0,0,0,0,0,0,0,0,8.086816827339115,2424.366694063754,-1,-1
464,5679,25.00000000082578,0,0,0,0,0,0,0,0,0,0.682250901053136,204.5336745994344,-1,-1
465,4915,25.0000000004786,0,0,0,0,0,0,0,0,0,4.699810126969766,1408.967630097558,-1,-1
466,5393,25.0000000011404,0,0,0,0,0,0,0,0,0,0.2869195769465028,86.01632522111221,-1,-1
467,5377,25,0,0,0,0,0,0,0,0,0,4.29194899843084,1286.69393985022,-1,-1
468,5330,24.99999999999998,0,0,0,0,0,0,0,0,0,6.021208129895061,1805.112785390824,-1,-1
469,5452,24.99999999999999,0,0,0,0,0,0,0,0,0,6.399814202906283,1918.616030632586,-1,-1
470,5551,24.99999999999999,0,0,0,0,0,0,0,0,0,10.02191724295324,3004.495204137536,-1,-1
471,5681,25.00000000174632,0,0,0,0,0,0,0,0,0,1.214805482624492,364.1895216278729,-1,-1
472,5463,25.00000000000003,0,0,0,0,0,0,0,0,0,8.831205946072958,2647.528937677428,-1,-1
473,5173,25.00000000000002,0,0,0,0,0,0,0,0,0,9.869693377760505,2958.859637425146,-1,-1
474,5081,25.00000000006862,0,0,0,0,0,0,0,0,0,3.30807518653359,991.7359914197135,-1,-1
475,5474,25,0,0,0,0,0,0,0,0,0,7.082821419840058,2123.376443028901,-1,-1
476,5703,24.99999999999999,0,0,0,0,0,0,0,0,0,7.943669070264582,2381.452076113193,-1,-1
477,5091,24.99999999999999,0,0,0,0,0,0,0,0,0,6.581366123135091,1973.0439270526,-1,-1
478,4878,25,0,0,0,0,0,0,0,0,0,8.309884160884563,2491.240598286851,-1,-1
479,5124,24.99999999999999,0,0,0,0,0,0,0,0,0,2.460465669225014,737.6290508015816,-1,-1
480,5042,25.0000000004684,0,0,0,0,0,0,0,0,0,4.171848038545829,1250.688577878133,-1,-1
481,5284,25,0,0,0,0,0,0,0,0,0,6.046451946301523,1812.680691160617,-1,-1
482,5464,25.00000000000002,0,0,0,0,0,0,0,0,0,5.184859495753485,1554.381772616578,-1,-1
483,5175,24.99999999999998,0,0,0,0,0,0,0,0,0,5.113681903878799,1533.043267393945,-1,-1
484,5608,25.00000000103048,0,0,0,0,0,0,0,0,0,1.258019782574178,377.1448428305384,-1,-1
485,5077,25.00000000074996,0,0,0,0,0,0,0,0,0,0.2850374642144124,85.45208201892574,-1,-1
486,5379,25.00000000100621,0,0,0,0,0,0,0,0,0,0.8536837364597339,255.9279457078879,-1,-1
487,5196,24.99999999999853,0,0,0,0,0,0,0,0,0,5.474786045001538,1641.299565455109,-1,-1
488,5400,25.00000000000001,0,0,0,0,0,0,0,0,0,9.524117901058045,2855.258715839993,-1,-1
489,5711,25,0,0,0,0,0,0,0,0,0,2.089558419890971,626.4338548337103,-1,-1
490,4676,25.00000000043664,0,0,0,0,0,0,0,0,0,2.589628883103484,776.3512081733882,-1,-1
491,5077,25.00000000121029,0,0,0,0,0,0,0,0,0,1.770637650737482,530.8238135419354,-1,-1
492,5270,24.99999999999993,0,0,0,0,0,0,0,0,0,0.2794295206234294,83.7708628254596,-1,-1
493,6138,25.00000000000001,0,0,0,0,0,0,0,0,0,3.348642510804702,1003.897769277433,-1,-1
494,5503,25.00000000026814,0,0,0,0,0,0,0,0,0,2.631065156848871,788.7734905298786,-1,-1
495,5904,25,0,0,0,0,0,0,0,0,0,3.355274424776086,1005.885967068159,-1,-1
496,5330,25.00000000031235,0,0,0,0,0,0,0,0,0,1.380822297477086,413.9601106218628,-1,-1
497,5223,24.99999999999765,0,0,0,0,1,0,0,0,0,1.903983941324239,570.8000257621214,-1,-1
498,4983,25.00000000112753,0,0,0,0,0,0,0,0,0,6.149589496987192,1843.600550992774,-1,-1
499,4771,25.00000000111351,0,0,0,0,0,0,0,0,0,0.003272285297392905,0.9810064525826799,-1,-1
500,5105,24.99999999999999,0,0,0,0,0,0,0,0,0,8.711407532745348,2611.614276881443,-1,-1
501,4844,25.00000000076665,0,0,0,0,0,0,0,0,0,0.6352008174084681,190.4284143744939,-1,-1
502,5481,25.00000000000002,0,0,0,0,0,0,0,0,0,14.29282612741985,4284.881476505819,-1,-1
503,5141,25.00000000011321,0,0,0,0,0,0,0,0,0,3.146726800111966,943.3649620600409,-1,-1
504,5114,25.00000000120454,0,0,0,0,0,0,0,0,0,2.160381026273767,647.6659380831753,-1,-1
505,5295,25.00000000000002,0,0,0,0,0,0,0,0,0,6.57188329417606,1970.201046450179,-1,-1
506,5216,25.00000000060752,0,0,0,0,0,0,0,0,0,0.4605121215611563,138.0580608616139,-1,-1
507,4962,25,0,0,0,0,0,0,0,0,0,6.556452128863447,1965.574899471306,-1,-1
508,5309,25.00000000087339,0,0,0,0,0,0,0,0,0,3.971871054450868,1190.736986272877,-1,-1
509,5537,25.00000000057331,0,0,0,0,0,0,0,0,0,0.3087282664520001,92.55440585372406,-1,-1
510,5414,25.00000000147716,0,0,0,0,0,0,0,0,0,0.07992076785936374,23.95964344180605,-1,-1
511,5743,25.00000000000001,0,0,0,0,0,0,0,0,0,6.454188732654747,1934.917104558472,-1,-1
512,5224,25.00000000121406,0,0,0,0,0,0,0,0,0,0.8736576274617758,261.9159675872141,-1,-1
513,4963,25,0,0,0,0,0,0,0,0,0,5.842082521590667,1751.412278986504,-1,-1
514,5106,24.99999999993297,0,0,0,0,0,0,0,0,0,1.265061803744572,379.255987666499,-1,-1
515,4652,25.00000000070525,0,0,0,0,0,0,0,0,0,0.807740187923198,242.1544163628775,-1,-1
516,5089,25.00000000034646,0,0,0,0,0,0,0,0,0,3.833409115477517,1149.227141248611,-1,-1
517,5321,25.00000000048383,0,0,0,0,0,0,0,0,0,0.8874781022148357,266.0592416841608,-1,-1
518,5712,25,0,0,0,0,0,0,0,0,0,5.017266932250878,1504.13878606161,-1,-1
519,5683,25.00000000102003,0,0,0,0,0,0,0,0,0,1.092030281062308,327.3824421701001,-1,-1
520,5225,24.99999999999999,0,0,0,0,0,0,0,0,0,3.64657008578441,1093.214209286579,-1,-1
521,5469,25,0,0,0,0,0,0,0,0,0,7.431496232069673,2227.906522029906,-1,-1
522,5419,25.00000000222875,0,0,0,0,0,0,0,0,0,0.5803793778093965,173.9933602459896,-1,-1
523,5719,25.00000000075783,0,0,0,0,0,0,0,0,0,3.045888522892874,913.1344070720438,-1,-1
524,5148,24.99999999999995,0,0,0,0,0,0,0,0,0,1.17304614759953,351.670387936294,-1,-1
525,4619,25.00000000053365,0,0,0,0,0,0,0,0,0,2.390747500899341,716.7280697519707,-1,-1
526,5174,25.00000000020363,0,0,0,0,0,0,0,0,0,3.904299309194621,1170.479486671157,-1,-1
527,5230,25.00000000067482,0,0,0,0,0,0,0,0,0,1.483567351250263,444.7623028398656,-1,-1
528,5501,25.00000000000002,0,0,0,0,0,0,0,0,0,5.357917597076765,1606.263286189097,-1,-1
529,5601,25.00000000100875,0,0,0,0,0,0,0,0,0,4.067228315399466,1219.324373920805,-1,-1
530,4804,25.00000000136644,0,0,0,0,0,0,0,0,0,0.3592793090046279,107.7092271550389,-1,-1
531,5697,25.00000000000001,0,0,0,0,0,0,0,0,0,5.043937362224014,1512.134379819174,-1,-1
532,5364,25.00000000207706,0,0,0,0,0,0,0,0,0,5.938626458731557,1780.355423206969,-1,-1
533,4683,24.99999999999998,0,0,0,0,0,0,0,0,0,6.997254915085263,2097.724250245992,-1,-1
534,5316,25.00000000158346,0,0,0,0,0,0,0,0,0,1.651828201005172,495.2056365730585,-1,-1
535,5212,25.00000000000001,0,0,0,0,0,0,0,0,0,3.906355254904267,1171.095843688967,-1,-1
536,5275,25.00000000010927,0,0,0,0,0,0,0,0,0,2.602251921492947,780.1354998795937,-1,-1
537,5597,24.99999999999999,0,0,0,0,0,0,0,0,0,9.615502147253492,2882.655023629402,-1,-1
538,4769,25.0000000000056,0,0,0,0,0,0,0,0,0,2.893023156731058,867.3065232073233,-1,-1
539,5359,25,0,0,0,0,0,0,0,0,0,5.073057992759079,1520.86452522579,-1,-1
540,4672,25.00000000030654,0,0,0,0,0,0,0,0,0,4.016608541020689,1204.148947336386,-1,-1
541,5280,25.00000000000004,0,0,0,0,0,0,0,0,0,3.319198449352788,995.070661721261,-1,-1
542,5327,25.00000000117048,0,0,0,0,0,0,0,0,0,3.185122561588757,954.8757217699499,-1,-1
543,5221,24.99999999999997,0,0,0,0,0,0,0,0,0,4.873519714402301,1461.044454292123,-1,-1
544,5461,25.00000000000001,0,0,0,0,0,0,0,0,0,6.397906494820403,1918.044114136373,-1,-1
545,5361,24.99999999999999,0,0,0,0,0,0,0,0,0,6.498985099264803,1948.34671741397,-1,-1
546,5116,25,0,0,0,0,0,0,0,0,0,4.293242407499775,1287.081694134195,-1,-1
547,5458,25,0,0,0,0,0,0,0,0,0,4.173170844600963,1251.085145156859,-1,-1
548,5491,25.00000000034472,0,0,0,0,0,0,0,0,0,0.508844882468488,152.5478580559491,-1,-1
549,5052,24.99999999971401,0,0,0,0,0,0,0,0,0,3.175412694620077,951.9647768845562,-1,-1
550,5274,25.0000000000048,0,0,0,0,0,0,0,0,0,2.863586386241567,858.4816014266969,-1,-1
551,5673,25.00000000060238,0,0,0,0,0,0,0,0,0,0.04459932436153057,13.37054107548253,-1,-1
552,4657,25.00000000036215,0,0,0,0,0,0,0,0,0,1.446314977954559,433.5943222832132,-1,-1
553,5680,25.00000000000565,0,0,0,0,0,0,0,0,0,5.837292206030368,1749.976178510087,-1,-1
554,4856,25.00000000000001,0,0,0,0,0,0,0,0,0,7.512829727813791,2252.289690636767,-1,-1
555,5872,25.00000000082176,0,0,0,0,0,0,0,0,0,0.2249932880879812,67.45129086939801,-1,-1
556,4525,25.00000000039883,0,0,0,0,0,0,0,0,0,6.267461668729028,1878.937739089057,-1,-1
557,4800,24.99999999999998,0,0,0,0,0,0,0,0,0,2.308105685147579,691.9526766741669,-1,-1
558,5783,24.99999999999996,0,0,0,0,0,0,0,0,0,6.512465152713767,1952.387935771406,-1,-1
559,5932,25.00000000000001,0,0,0,0,0,0,0,0,0,3.763233370362998,1128.188982128748,-1,-1
560,5484,25.000000000978,0,0,0,0,0,0,0,0,0,3.018428536489369,904.9021102514907,-1,-1
561,5707,25.00000000022346,0,0,0,0,0,0,0,0,0,0.06198387730491595,18.58229893361117,-1,-1
562,5488,25.0000000001297,0,0,0,0,0,0,0,0,0,0.9446441702173939,283.1971977248429,-1,-1
563,4572,25.00000000004507,0,0,0,0,0,0,0,0,0,2.284808767579177,684.9684364925122,-1,-1
564,5375,25.00000000200514,0,0,0,0,0,0,0,0,0,0.9514728435188032,285.2443824787514,-1,-1
565,4624,25.00000000064563,0,0,0,0,0,0,0,0,0,2.944382077709331,882.7035403676275,-1,-1
566,5814,25.00000000022848,0,0,0,0,0,0,0,0,0,1.066538687113397,319.7402545618182,-1,-1
567,5681,25.00000000000004,0,0,0,0,0,0,0,0,0,4.221631276005674,1265.613217003418,-1,-1
568,4664,25.00000000015261,0,0,0,0,0,0,0,0,0,0.8685601067139942,260.3877693125306,-1,-1
569,4898,25.00000000042126,0,0,0,0,0,0,0,0,0,7.778506713330366,2331.937647158812,-1,-1
570,4882,25.00000000000001,0,0,0,0,0,0,0,0,0,5.518441873833112,1654.387253686554,-1,-1
571,5398,24.99999999999998,0,0,0,0,0,0,0,0,0,3.558935166151151,1066.941921323092,-1,-1
572,5629,25.00000000000001,0,0,0,0,0,0,0,0,0,16.42788857027994,4924.957094234328,-1,-1
573,5676,25.00000000190429,0,0,0,0,0,0,0,0,0,2.675009941370428,801.9478054978765,-1,-1
574,4918,25.00000000057421,0,0,0,0,0,0,0,0,0,2.287624257426497,685.8124991143142,-1,-1
575,5099,25,0,0,0,0,0,0,0,0,0,3.597877947516968,1078.616673470107,-1,-1
576,5415,25.00000000099091,0,0,0,0,0,0,0,0,0,4.175886942304887,1251.899410763686,-1,-1
577,5376,25.00000000064798,0,0,0,0,0,0,0,0,0,10.23357173166576,3067.947623555393,-1,-1
578,4750,24.99999999999999,0,0,0,0,0,0,0,0,0,9.757317394865426,2925.170165292863,-1,-1
579,5119,25.00000000060864,0,0,0,0,0,0,0,0,0,0.5851579603359761,175.4259432473888,-1,-1
580,5612,25.00000000085405,0,0,0,0,0,0,0,0,0,1.768812570879554,530.2766683652807,-1,-1
581,5475,25,0,0,0,0,0,0,0,0,0,4.600535381571142,1379.205810157181,-1,-1
582,5108,25.00000000007243,0,0,0,0,0,0,0,0,0,1.379151418449558,413.4591936911796,-1,-1
583,5243,25.0000000001713,0,0,0,0,0,0,0,0,0,0.7429103536094883,222.7189209822377,-1,-1
584,5090,25.00000000000002,0,0,0,0,0,0,0,0,0,9.357424093522578,2805.285169545556,-1,-1
585,5163,25.0000000009868,0,0,0,0,0,0,0,0,0,1.469793255382504,440.6329327829428,-1,-1
586,5105,25.00000000000001,0,0,0,0,0,0,0,0,0,8.848594329023252,2652.741843742741,-1,-1
587,5326,24.99999999998166,0,0,0,0,1,0,0,0,0,1.479851783442023,443.6484036337679,-1,-1
588,5084,24.9999999999652,0,0,0,0,1,0,0,0,0,0.04236814678935513,12.70165086688558,-1,-1
589,5636,25.0000000006827,0,0,0,0,0,0,0,0,0,2.424268304912413,726.7773539811858,-1,-1
590,4611,25.00000000079992,0,0,0,0,0,0,0,0,0,2.900965819792467,869.6876736895689,-1,-1
591,5511,25.00000000000001,0,0,0,0,0,0,0,0,0,4.754797119519982,1425.452315752215,-1,-1
592,5113,24.99999999999999,0,0,0,0,0,0,0,0,0,6.076381821462229,1821.653442002679,-1,-1
593,5388,25.00000000000003,0,0,0,0,0,0,0,0,0,2.348876265404771,704.175389143557,-1,-1
594,4644,25.00000000214856,0,0,0,0,0,0,0,0,0,1.391862650368261,417.2699251522955,-1,-1
595,5051,25.00000000211073,0,0,0,0,0,0,0,0,0,1.065760816253452,319.5070547447087,-1,-1
596,5328,25.0000000004796,0,0,0,0,0,0,0,0,0,1.038351220544164,311.289864674235,-1,-1
597,5691,25.00000000009015,0,0,0,0,0,0,0,0,0,0.4794128757218176,143.7243644094922,-1,-1
598,5420,25.00000000000001,0,0,0,0,0,0,0,0,0,6.829619841269083,2047.468519419628,-1,-1
599,5589,25.0000000000245,0,0,0,0,0,0,0,0,0,0.9244059320081517,277.1299265465047,-1,-1
600,5706,24.99999999999998,0,0,0,0,0,0,0,0,0,2.95022658642117,884.455680000152,-1,-1
601,5144,25.00000000004722,0,0,0,0,0,0,0,0,0,5.783355106577405,1733.806242887692,-1,-1
602,4964,25.00000000056501,0,0,0,0,0,0,0,0,0,2.456781033747611,736.5244248749774,-1,-1
603,5435,25.0000000003603,0,0,0,0,0,0,0,0,0,3.140455660383078,941.4849216662561,-1,-1
604,5893,25.00000000026538,0,0,0,0,0,0,0,0,0,5.423429166763993,1625.90316069307,-1,-1
605,5481,25.00000000000004,0,0,0,0,0,0,0,0,0,11.27913476190536,3381.399534384854,-1,-1
606,4954,25.00000000002048,0,0,0,0,0,0,0,0,0,7.831300172647458,2347.764728093806,-1,-1
607,4764,25.00000000003981,0,0,0,0,0,0,0,0,0,3.278675694267852,982.9222453694158,-1,-1
608,5557,25,0,0,0,0,0,0,0,0,0,5.0883106303485,1525.437150939706,-1,-1
609,5532,25.00000000041424,0,0,0,0,0,0,0,0,0,1.840824847083103,551.8654056545178,-1,-1
610,4646,25.00000000019402,0,0,0,0,0,0,0,0,0,1.549781959647187,464.612943046687,-1,-1
611,5686,25.00000000057556,0,0,0,0,0,0,0,0,0,2.024425627102934,606.9075347873801,-1,-1
612,5286,25.00000000067115,0,0,0,0,0,0,0,0,0,0.629521344560522,188.7257512492638,-1,-1
613,5719,25.00000000019092,0,0,0,0,0,0,0,0,0,0.3461063401138515,103.7600704321155,-1,-1
614,4908,25.00000000053539,0,0,0,0,0,0,0,0,0,2.044281275614976,612.8601084599892,-1,-1
615,5576,24.99999999999999,0,0,0,0,0,0,0,0,0,4.085110359746345,1224.685275949621,-1,-1
616,5377,25.00000000067964,0,0,0,0,0,0,0,0,0,3.673072691114635,1101.159490481931,-1,-1
617,5146,25.00000000000001,0,0,0,0,0,0,0,0,0,11.12955334144237,3336.556152673121,-1,-1
618,5470,25.00000000003319,0,0,0,0,0,0,0,0,0,2.919075552568043,875.1168349920817,-1,-1
619,5309,25.00000000000006,0,0,0,0,0,0,0,0,0,10.03895594156907,3009.603277476696,-1,-1
620,5440,25,0,0,0,0,0,0,0,0,0,6.981830698301604,2093.100186383694,-1,-1
621,5573,24.99999999999999,0,0,0,0,0,0,0,0,0,5.462140448199928,1637.508510907078,-1,-1
622,4957,24.99999999999999,0,0,0,0,0,0,0,0,0,6.330777357758347,1897.919305133121,-1,-1
623,4982,25.00000000060302,0,0,0,0,0,0,0,0,0,1.474156361239651,441.940959012371,-1,-1
624,4912,25,0,0,0,0,0,0,0,0,0,2.756695284008702,826.4364551499767,-1,-1
625,5338,25.00000000052037,0,0,0,0,0,0,0,0,0,1.2480921841379,374.1686236932896,-1,-1
626,5159,25.00000000000001,0,0,0,0,0,0,0,0,0,5.032470822176156,1508.696797593471,-1,-1
627,5131,25.00000000050745,0,0,0,0,0,0,0,0,0,0.6226444207832033,186.6641013665828,-1,-1
628,5520,24.99999999999999,0,0,0,0,0,0,0,0,0,6.34359928274909,1901.763221542387,-1,-1
629,5232,25.00000000003936,0,0,0,0,0,0,0,0,0,5.021086952926295,1505.283999449504,-1,-1
630,4800,25,0,0,0,0,0,0,0,0,0,5.095094296650458,1527.470842934622,-1,-1
631,5191,25.00000000000001,0,0,0,0,0,0,0,0,0,6.968987072791204,2089.2497643223,-1,-1
632,5257,25.00000000080462,0,0,0,0,0,0,0,0,0,5.337307425946056,1600.084512326021,-1,-1
633,4774,24.99999999999998,0,0,0,0,0,0,0,0,0,7.683088844890405,2303.332089842075,-1,-1
634,5497,25.00000000183071,0,0,0,0,0,0,0,0,0,1.488510322710451,446.2441684037394,-1,-1
635,5403,24.99999999996933,0,0,0,0,1,0,0,0,0,6.772779848770574,2030.428318355799,-1,-1
636,5037,25.00000000097635,0,0,0,0,0,0,0,0,0,1.733605001438906,519.7217045824632,-1,-1
637,5517,24.99999999996082,0,0,0,0,0,0,0,0,0,1.546237857233993,463.550447872832,-1,-1
638,5544,24.99999999999998,0,0,0,0,0,0,0,0,0,4.131995253422162,1238.741013467763,-1,-1
639,4762,25,0,0,0,0,0,0,0,0,0,6.285178430193587,1884.249090556317,-1,-1
640,5165,25.0000000012608,0,0,0,0,0,0,0,0,0,3.906383591885183,1171.104338902128,-1,-1
641,6012,25,0,0,0,0,0,0,0,0,0,5.948948317181419,1783.449838522781,-1,-1
642,5196,25.00000000108059,0,0,0,0,0,0,0,0,0,3.207568661118632,961.6048931205239,-1,-1
643,5017,24.99999999999999,0,0,0,0,0,0,0,0,0,4.304332528443586,1290.406428751457,-1,-1
644,5500,24.99999999999999,0,0,0,0,0,0,0,0,0,6.499427028257473,1948.479204392944,-1,-1
645,5089,25.00000000000185,0,0,0,0,0,0,0,0,0,2.470676851769011,740.6902863155333,-1,-1
646,4360,24.99999999999999,0,0,0,0,0,0,0,0,0,4.817468694811971,1444.240781355732,-1,-1
647,4968,25.00000000076106,0,0,0,0,0,0,0,0,0,1.859860334122893,557.5721011034035,-1,-1
648,5453,25.00000000041273,0,0,0,0,0,0,0,0,0,3.857775013898904,1156.531853827737,-1,-1
649,5282,25.00000000061112,0,0,0,0,0,0,0,0,0,8.259109643597332,2476.018780945548,-1,-1
650,5510,24.99999999995601,0,0,0,0,0,0,0,0,0,3.507246682779418,1051.446103842788,-1,-1
651,5291,25.00000000049405,0,0,0,0,0,0,0,0,0,0.6231186699808762,186.8062776992577,-1,-1
652,5504,25.00000000000002,0,0,0,0,0,0,0,0,0,10.28928693737592,3084.650622023219,-1,-1
653,5544,25.00000000000001,0,0,0,0,0,0,0,0,0,11.57026493094107,3468.678163358024,-1,-1
654,5883,25.00000000062525,0,0,0,0,0,0,0,0,0,1.330240928355595,398.7961976439257,-1,-1
655,5020,25.00000000066541,0,0,0,0,0,0,0,0,0,0.9174066815738735,275.0316040546548,-1,-1
656,5083,25.0000000009123,0,0,0,0,0,0,0,0,0,0.09921286761777316,29.74326944836082,-1,-1
657,5456,24.99999999999999,0,0,0,0,0,0,0,0,0,7.788699984603855,2334.993513008952,-1,-1
658,5329,25.00000000019343,0,0,0,0,0,0,0,0,0,1.296748195559759,388.7553289539247,-1,-1
659,5740,25.00000000145791,0,0,0,0,0,0,0,0,0,3.729383700588313,1118.041106424507,-1,-1
660,5087,25.00000000077209,0,0,0,0,0,0,0,0,0,3.584750329956332,1074.68111273392,-1,-1
661,5699,25.00000000027616,0,0,0,0,0,0,0,0,0,2.456844291347993,736.5433890264829,-1,-1
662,5584,25.00000000004311,0,0,0,0,0,0,0,0,0,8.540698836207097,2560.437097144265,-1,-1
663,5275,25,0,0,0,0,0,0,0,0,0,8.877922269220099,2661.534139022431,-1,-1
664,4941,25,0,0,0,0,0,0,0,0,0,5.092163093291094,1526.592090274621,-1,-1
665,5283,25.00000000030504,0,0,0,0,0,0,0,0,0,13.26972782276958,3978.164320979081,-1,-1
666,5492,25.00000000055035,0,0,0,0,0,0,0,0,0,1.315362727915224,394.3358253632901,-1,-1
667,5282,25.00000000006746,0,0,0,0,0,0,0,0,0,3.58678953827789,1075.292452009014,-1,-1
668,4887,24.99999999999991,0,0,0,0,0,0,0,0,0,0.6904258562125642,206.9844645007192,-1,-1
669,5368,25.00000000000001,0,0,0,0,0,0,0,0,0,5.281017118065948,1583.209102565067,-1,-1
670,5128,25.00000000051011,0,0,0,0,0,0,0,0,0,0.3153406493366143,94.53674837193967,-1,-1
671,5487,25.00000000025186,0,0,0,0,0,0,0,0,0,1.609891147408959,482.6332241941723,-1,-1
672,5229,24.99999999998067,0,0,0,0,0,0,0,0,0,8.086508039967049,2424.274121938484,-1,-1
673,5952,25.00000000027283,0,0,0,0,0,0,0,0,0,6.28571815955968,1884.410897349633,-1,-1
674,5199,25.00000000016655,0,0,0,0,0,0,0,0,0,4.402074336386616,1319.708685604063,-1,-1
675,4937,25.00000000032085,0,0,0,0,0,0,0,0,0,0.9567220738788876,286.8180621510093,-1,-1
676,5507,24.99999999998576,0,0,0,0,0,0,0,0,0,1.99726919222213,598.766240423947,-1,-1
677,5195,24.99999999999998,0,0,0,0,0,0,0,0,0,7.501218063086649,2248.808601126746,-1,-1
678,5626,25.00000000145855,0,0,0,0,0,0,0,0,0,0.938777954270031,281.4385504268242,-1,-1
679,5876,25,0,0,0,0,0,0,0,0,0,15.88292628188099,4761.581510277904,-1,-1
680,5240,25.0000000008852,0,0,0,0,0,0,0,0,0,2.647913511086405,793.8245000600035,-1,-1
681,5676,25.00000000010148,0,0,0,0,0,0,0,0,0,4.049052240872223,1213.875323861492,-1,-1
682,5622,25.00000000062703,0,0,0,0,0,0,0,0,0,1.523938986946729,456.8654147387898,-1,-1
683,5328,24.99999999999995,0,0,0,0,0,0,0,0,0,1.62279822960347,486.5026700908727,-1,-1
684,5609,25.00000000111983,0,0,0,0,0,0,0,0,0,2.773794740638712,831.5627432835519,-1,-1
685,4351,25.00000000000001,0,0,0,0,0,0,0,0,0,2.971817047751602,890.9283374717562,-1,-1
686,5633,25.000000000286,0,0,0,0,0,0,0,0,0,4.332710534760403,1298.913941018315,-1,-1
687,5408,25.0000000002713,0,0,0,0,0,0,0,0,0,0.5459952974218348,163.6852722705329,-1,-1
688,4916,25.000000000455,0,0,0,0,0,0,0,0,0,1.203252423367681,360.7260015958536,-1,-1
689,5867,25.00000000000001,0,0,0,0,0,0,0,0,0,1.717634134567541,514.9337591467062,-1,-1
690,5684,25.00000000000001,0,0,0,0,0,0,0,0,0,3.714366586345005,1113.539088833438,-1,-1
691,5796,24.99999999999999,0,0,0,0,0,0,0,0,0,4.672384109406681,1400.74551687917,-1,-1
692,5181,24.99999999999998,0,0,0,0,0,0,0,0,0,9.883964708469685,2963.138074737381,-1,-1
693,5504,24.99999999999998,0,0,0,0,0,0,0,0,0,6.737627924762948,2019.890036654124,-1,-1
694,5938,25.00000000000002,0,0,0,0,0,0,0,0,0,4.686594899613085,1405.00580460527,-1,-1
695,5457,25.00000000126681,0,0,0,0,0,0,0,0,0,3.64262135375123,1092.030409204369,-1,-1
696,5532,25.00000000000003,0,0,0,0,0,0,0,0,0,6.113583321768134,1832.806171220674,-1,-1
697,5778,25.00000000000001,0,0,0,0,0,0,0,0,0,2.590070316001058,776.4835464267939,-1,-1
698,5587,25.00000000191429,0,0,0,0,0,0,0,0,0,2.4446484917668,732.8871802927616,-1,-1
699,5575,25.00000000010128,0,0,0,0,0,0,0,0,0,2.052093410397404,615.2021275486405,-1,-1
700,5401,24.99999999939866,0,0,0,0,0,0,0,0,0,11.56291815127613,3466.475654223887,-1,-1
701,5018,25.00000000002965,0,0,0,0,0,0,0,0,0,2.343980712451695,702.7077392904848,-1,-1
702,4981,25.00000000000001,0,0,0,0,0,0,0,0,0,6.075263384547494,1821.318143050893,-1,-1
703,5894,25.00000000090117,0,0,0,0,0,0,0,0,0,1.818443535521627,545.1556572482388,-1,-1
704,4886,24.99999999999999,0,0,0,0,0,0,0,0,0,5.708108824235713,1711.247974949115,-1,-1
705,5784,25.00000000022398,0,0,0,0,0,0,0,0,0,0.3400877480388504,101.9557419202516,-1,-1
706,5412,25.00000000072723,0,0,0,0,0,0,0,0,0,1.313695836766613,393.8361039686297,-1,-1
707,4689,24.99999999999996,0,0,0,0,0,0,0,0,0,2.41244784121241,723.233668113862,-1,-1
708,4572,25,0,0,0,0,0,0,0,0,0,6.242753219312413,1871.530332305082,-1,-1
709,5020,25.00000000161598,0,0,0,0,0,0,0,0,0,0.2035921513996615,61.03539149761265,-1,-1
710,5481,24.99999999999999,0,0,0,0,0,0,0,0,0,1.675136637205441,502.1933299536734,-1,-1
711,5346,25.00000000166596,0,0,0,0,0,0,0,0,0,0.4274078033831802,128.1336359446243,-1,-1
712,4866,24.99999999999994,0,0,0,0,0,0,0,0,0,0.533951395584751,160.0746013348829,-1,-1
713,5506,25.00000000103912,0,0,0,0,0,0,0,0,0,5.072458993579839,1520.684949789506,-1,-1
714,5449,25.00000000048976,0,0,0,0,0,0,0,0,0,3.257145599629314,976.467685376756,-1,-1
715,5105,25.00000000005436,0,0,0,0,0,0,0,0,0,2.094129661462209,627.8042785804635,-1,-1
716,5525,25.00000000001159,0,0,0,0,0,0,0,0,0,1.425587512484181,427.3803844617384,-1,-1
717,5318,25.00000000069182,0,0,0,0,0,0,0,0,0,1.022577113014235,306.5609062050813,-1,-1
718,4892,25.00000000086296,0,0,0,0,0,0,0,0,0,0.5226981585417497,156.7009657413049,-1,-1
719,4767,24.99999999999999,0,0,0,0,0,0,0,0,0,15.33906470108336,4598.535910158819,-1,-1
720,5442,25.00000000133769,0,0,0,0,0,0,0,0,0,1.264443628310694,379.0706633337014,-1,-1
721,5252,25.00000000000002,0,0,0,0,0,0,0,0,0,9.053217814523235,2714.086421425309,-1,-1
722,4801,25.00000000000002,0,0,0,0,0,0,0,0,0,2.128300561959187,638.0484568325262,-1,-1
723,5647,25.00000000022554,0,0,0,0,0,0,0,0,0,0.9369531551193383,280.8914894040817,-1,-1
724,5371,25.00000000000002,0,0,0,0,0,0,0,0,0,6.551832375411104,1964.189932228474,-1,-1
725,5320,24.99999999999998,0,0,0,0,0,0,0,0,0,4.017996419990951,1204.565022984288,-1,-1
726,4546,25.00000000005781,0,0,0,0,0,0,0,0,0,3.986184751496454,1195.028124693241,-1,-1
727,4431,25.00000000091162,0,0,0,0,0,0,0,0,0,1.835122318888204,550.1558307101544,-1,-1
728,5524,25.00000000000003,0,0,0,0,0,0,0,0,0,3.741775351912183,1121.756030033569,-1,-1
729,5189,25.00000000000004,0,0,0,0,0,0,0,0,0,4.622224112221492,1385.707928029749,-1,-1
730,5545,25,0,0,0,0,0,0,0,0,0,1.946333585426341,583.4961296629158,-1,-1
731,5801,25.00000000000001,0,0,0,0,0,0,0,0,0,2.537735185075391,760.7938688868365,-1,-1
732,4864,24.99999999999517,0,0,0,0,0,0,0,0,0,8.606627973121492,2580.20215515365,-1,-1
733,5457,25.00000000113281,0,0,0,0,0,0,0,0,0,2.990754502365005,896.6056435385717,-1,-1
734,5587,25.00000000000003,0,0,0,0,0,0,0,0,0,2.55976220406452,767.3974030520002,-1,-1
735,5866,24.99999999998141,0,0,0,0,1,0,0,0,0,0.1032735701651263,30.96063744623867,-1,-1
736,5393,25.00000000034645,0,0,0,0,0,0,0,0,0,0.3332510612500809,99.90615478327031,-1,-1
737,4952,25.00000000099597,0,0,0,0,0,0,0,0,0,6.911062279239903,2071.884348084413,-1,-1
738,5438,25.00000000003878,0,0,0,0,1,0,0,0,0,1.09813600874206,329.2128932790918,-1,-1
739,5036,25.00000000025964,0,0,0,0,0,0,0,0,0,0.2435212066133452,73.00582110574061,-1,-1
740,5555,25,0,0,0,0,0,0,0,0,0,4.023094911713154,1206.093512349779,-1,-1
741,5502,25.00000000067154,0,0,0,0,0,0,0,0,0,0.235480351313737,70.59523333104875,-1,-1
742,5025,25.00000000028916,0,0,0,0,0,0,0,0,0,5.045431752304367,1512.582386694573,-1,-1
743,5649,25,0,0,0,0,0,0,0,0,0,6.477425688017227,1941.883368523026,-1,-1
744,3696,24.99999999998347,0,0,0,0,1,0,0,0,0,1.306745919666975,391.7525712384329,-1,-1
745,4943,25,0,0,0,0,0,0,0,0,0,3.688774646573567,1105.866818304371,-1,-1
746,5295,24.99999999999999,0,0,0,0,0,0,0,0,0,7.710050506120672,2311.41499253406,-1,-1
747,5235,25.00000000023357,0,0,0,0,0,0,0,0,0,1.922956251686685,576.4877813196181,-1,-1
748,5392,25,0,0,0,0,0,0,0,0,0,5.350747428203973,1604.113723638447,-1,-1
749,5670,25.00000000000002,0,0,0,0,0,0,0,0,0,2.911842820364869,872.9485164268368,-1,-1
750,5324,24.99999999999999,0,0,0,0,0,0,0,0,0,4.2418002685056,1271.659728840353,-1,-1
751,5625,25.00000000000001,0,0,0,0,0,0,0,0,0,13.1308440410446,3936.528010679413,-1,-1
752,5417,25.00000000000001,0,0,0,0,0,0,0,0,0,3.920648948508055,1175.380985228345,-1,-1
753,5228,25.00000000027984,0,0,0,0,0,0,0,0,0,0.03947042420503601,11.83293549073044,-1,-1
754,5456,25.00000000008807,0,0,0,0,0,0,0,0,0,2.405630421287286,721.1898570372911,-1,-1
755,5964,25.00000000127242,0,0,0,0,0,0,0,0,0,1.884398550400902,564.9284732763233,-1,-1
756,4311,24.99999999999999,0,0,0,0,0,0,0,0,0,3.62500196871317,1086.74825045536,-1,-1
757,5609,25.00000000000001,0,0,0,0,0,0,0,0,0,4.557630374853158,1366.34321273269,-1,-1
758,5781,24.99999999999995,0,0,0,0,0,0,0,0,0,4.234036880859053,1269.332323775389,-1,-1
759,4869,25.00000000000001,0,0,0,0,0,0,0,0,0,8.860325570406175,2656.25878143232,-1,-1
760,5884,25.00000000010064,0,0,0,0,0,0,0,0,0,0.5001110679919764,149.9295263463197,-1,-1
761,5438,24.99999999999995,0,0,0,0,0,0,0,0,0,0.9853204292159485,295.3916333922642,-1,-1
762,5294,25.00000000013882,0,0,0,0,0,0,0,0,0,2.979260582451333,893.1598530355968,-1,-1
763,5173,25.00000000000002,0,0,0,0,0,0,0,0,0,10.95079928956041,3282.967036081969,-1,-1
764,4885,24.99999999999991,0,0,0,0,0,0,0,0,0,1.849981392327825,554.610468860221,-1,-1
765,4706,25.00000000032616,0,0,0,0,0,0,0,0,0,2.750033321588721,824.4392490609871,-1,-1
766,5445,24.99999999999998,0,0,0,0,0,0,0,0,0,6.572892330092343,1970.503547807731,-1,-1
767,5172,25.0000000009981,0,0,0,0,0,0,0,0,0,0.9543482724243759,286.1064143781573,-1,-1
768,5047,24.99999999999997,0,0,0,0,0,0,0,0,0,3.749653007950024,1124.117691900431,-1,-1
769,4937,24.99999999999703,0,0,0,0,0,0,0,0,0,1.254296263174066,376.0285597971682,-1,-1
770,5720,25.0000000015222,0,0,0,0,0,0,0,0,0,0.6063479092255116,181.778530109877,-1,-1
771,5344,25.00000000210197,0,0,0,0,0,0,0,0,0,0.01222861153073094,3.66604550872497,-1,-1
772,5240,24.99999999999999,0,0,0,0,0,0,0,0,0,16.35748181818273,4903.849680963311,-1,-1
773,5335,25.00000000087657,0,0,0,0,0,0,0,0,0,3.635118531649667,1089.781119724604,-1,-1
774,5485,25.00000000016502,0,0,0,0,0,0,0,0,0,0.1050920148536676,31.50579344915351,-1,-1
775,5819,25.00000000011563,0,0,0,0,0,0,0,0,0,0.9627642427462468,288.629458807406,-1,-1
776,5343,25.00000000107471,0,0,0,0,0,0,0,0,0,3.867014088956949,1159.301658849034,-1,-1
777,5419,25.00000000003278,0,0,0,0,0,0,0,0,0,0.7283380456689397,218.3502529660077,-1,-1
778,5116,25.00000000002953,0,0,0,0,0,0,0,0,0,0.5893985720335304,176.6972466516222,-1,-1
779,5634,25.00000000000001,0,0,0,0,0,0,0,0,0,4.892584460297916,1466.759921325316,-1,-1
780,5757,24.99999999999998,0,0,0,0,0,0,0,0,0,5.010258278332696,1502.037644476207,-1,-1
781,5296,24.99999999999999,0,0,0,0,0,0,0,0,0,2.863608068522254,858.488101610919,-1,-1
782,5187,25.0000000005273,0,0,0,0,0,0,0,0,0,1.91142021463681,573.029364416857,-1,-1
783,4816,25,0,0,0,0,0,0,0,0,0,5.591120089451056,1676.175634589711,-1,-1
784,5124,25.00000000026695,0,0,0,0,0,0,0,0,0,2.981158009453877,893.728687340565,-1,-1
785,5256,25.00000000000002,0,0,0,0,0,0,0,0,0,9.739515349781469,2919.833246439717,-1,-1
786,4809,24.99999999999999,0,0,0,0,0,0,0,0,0,2.553505356239532,765.5216472632148,-1,-1
787,4926,24.99999999999996,0,0,0,0,0,0,0,0,0,0.9707817116713789,291.03303552341,-1,-1
788,5601,25.00000000000003,0,0,0,0,0,0,0,0,0,5.01986357297022,1504.917239365404,-1,-1
789,5449,24.99999999999993,0,0,0,0,0,0,0,0,0,1.464986547171202,439.1919179133878,-1,-1
790,5222,25.00000000000002,0,0,0,0,0,0,0,0,0,3.744820511830072,1122.668946010356,-1,-1
791,5131,24.99999999999999,0,0,0,0,0,0,0,0,0,4.45354151102006,1335.138156393738,-1,-1
792,5574,24.99999999999996,0,0,0,0,0,0,0,0,0,4.544370925061793,1362.368129688009,-1,-1
793,5440,25.00000000000004,0,0,0,0,0,0,0,0,0,5.269722540726185,1579.823073462308,-1,-1
794,5921,25.00000000057518,0,0,0,0,0,0,0,0,0,0.1907140649385612,57.1746383031029,-1,-1
795,5138,25.00000000101056,0,0,0,0,0,0,0,0,0,0.03766341249941325,11.29120700986702,-1,-1
796,4596,25.00000000000001,0,0,0,0,0,0,0,0,0,3.619003910459995,1084.950077828414,-1,-1
797,4975,25,0,0,0,0,0,0,0,0,0,6.581228560439617,1973.002686793994,-1,-1
798,5512,24.99999999999996,0,0,0,0,0,0,0,0,0,1.232496538625689,369.4931667910874,-1,-1
799,5120,25.00000000023872,0,0,0,0,0,0,0,0,0,1.752442089711997,525.368921577416,-1,-1
800,6158,25,0,0,0,0,0,0,0,0,0,3.338001889295988,1000.707791200688,-1,-1
801,5639,25.00000000169024,0,0,0,0,0,0,0,0,0,3.465231982819755,1038.850413669748,-1,-1
802,5403,25.00000000000001,0,0,0,0,0,0,0,0,0,8.548591416733856,2562.803233260345,-1,-1
803,5128,24.99999999999999,0,0,0,0,0,0,0,0,0,5.190533271752715,1556.082727869528,-1,-1
804,4971,25.00000000017192,0,0,0,0,0,0,0,0,0,5.732815470670852,1718.654841212842,-1,-1
805,5355,25.00000000073737,0,0,0,0,0,0,0,0,0,0.4538873599843607,136.0720073048423,-1,-1
806,5405,24.99999999999998,0,0,0,0,0,0,0,0,0,5.205150050032264,1560.464727757995,-1,-1
807,5417,25.00000000000003,0,0,0,0,0,0,0,0,0,7.700799548231145,2308.641625129503,-1,-1
808,4929,25.0000000004937,0,0,0,0,0,0,0,0,0,1.943758748750633,582.7242130469567,-1,-1
809,5361,24.99999999999999,0,0,0,0,0,0,0,0,0,3.414177965013405,1023.544804180806,-1,-1
810,5375,25.00000000000001,0,0,0,0,0,0,0,0,0,5.877353306801996,1761.986194380599,-1,-1
811,5468,25.00000000070905,0,0,0,0,0,0,0,0,0,2.358624372041251,707.0977979929531,-1,-1
812,5550,24.99999999999998,0,0,0,0,0,0,0,0,0,4.970047763589658,1489.982835423947,-1,-1
813,5150,25,0,0,0,0,0,0,0,0,0,2.620528562510024,785.6146990140866,-1,-1
814,5728,25.00000000176068,0,0,0,0,0,0,0,0,0,3.995970400298387,1197.961788400698,-1,-1
815,4980,25.00000000065123,0,0,0,0,0,0,0,0,0,2.114735564699412,633.9817729612547,-1,-1
816,5202,25.00000000024952,0,0,0,0,0,0,0,0,0,0.6402911134487547,191.954446736359,-1,-1
817,5210,25,0,0,0,0,0,0,0,0,0,5.370988610346582,1610.181877385806,-1,-1
818,5539,25.00000000037435,0,0,0,0,0,0,0,0,0,0.6150629340146787,184.3912288129523,-1,-1
819,5440,25.00000000005628,0,0,0,0,0,0,0,0,0,2.06745799894368,619.8083153150873,-1,-1
820,5337,25.00000000000001,0,0,0,0,0,0,0,0,0,4.724017301578708,1416.224758474808,-1,-1
821,4701,25.00000000057382,0,0,0,0,0,0,0,0,0,0.4846026640718221,145.2802238154398,-1,-1
822,5257,25,0,0,0,0,0,0,0,0,0,6.226198256521291,1866.567279317833,-1,-1
823,5184,25.00000000000004,0,0,0,0,0,0,0,0,0,4.725658913471235,1416.716901339151,-1,-1
824,5090,25.00000000063862,0,0,0,0,0,0,0,0,0,1.055648165878299,316.4753584318472,-1,-1
825,4967,25.00000000000002,0,0,0,0,0,0,0,0,0,5.298301494161893,1588.390828159867,-1,-1
826,5522,25.00000000000001,0,0,0,0,0,0,0,0,0,5.880378477927803,1762.893117868275,-1,-1
827,5371,25.00000000163481,0,0,0,0,0,0,0,0,0,0.6095875257541918,182.7497427119875,-1,-1
828,5468,25.0000000005987,0,0,0,0,0,0,0,0,0,0.7166381952669609,214.8427260557662,-1,-1
829,5366,24.99999999999999,0,0,0,0,0,0,0,0,0,6.918429217799733,2074.092900703199,-1,-1
830,4907,25,0,0,0,0,0,0,0,0,0,10.61511518191606,3182.331472339733,-1,-1
831,5792,25.00000000138317,0,0,0,0,0,0,0,0,0,0.229364607916964,68.76177958563291,-1,-1
832,5792,25,0,0,0,0,0,0,0,0,0,3.465133360734503,1038.820847512397,-1,-1
833,5569,24.99999999999999,0,0,0,0,0,0,0,0,0,1.946458823007445,583.5336749451889,-1,-1
834,5480,24.99999999999995,0,0,0,0,0,0,0,0,0,6.680709952588955,2002.826457871706,-1,-1
835,5170,24.99999999999998,0,0,0,0,0,0,0,0,0,2.31610981026534,694.3522530173598,-1,-1
836,4691,25.00000000076736,0,0,0,0,0,0,0,0,0,4.697673882255251,1408.327200043704,-1,-1
837,5625,24.99999999999998,0,0,0,0,0,0,0,0,0,7.70952170032567,2311.256460544972,-1,-1
838,5504,25.00000000144742,0,0,0,0,0,0,0,0,0,1.43084853944454,428.9576006657885,-1,-1
839,5603,25.00000000025865,0,0,0,0,0,0,0,0,0,6.70651893755173,2010.563796912182,-1,-1
840,5071,24.99999999997881,0,0,0,0,0,0,0,0,0,6.284615303419053,1884.080269396414,-1,-1
841,5151,25.00000000084601,0,0,0,0,0,0,0,0,0,1.615767847911738,484.3950146828302,-1,-1
842,5058,25.00000000072336,0,0,0,0,0,0,0,0,0,1.75196087682161,525.2246575821856,-1,-1
843,5817,25.00000000158292,0,0,0,0,0,0,0,0,0,0.7888655702254473,236.4959483294585,-1,-1
844,5017,25.00000000052533,0,0,0,0,0,0,0,0,0,1.162917750249812,348.6339707992212,-1,-1
845,5726,25.00000000045284,0,0,0,0,0,0,0,0,0,0.8979240762608347,269.1908659196151,-1,-1
846,5501,25.00000000059325,0,0,0,0,0,0,0,0,0,2.408372978136339,722.0120548962733,-1,-1
847,5702,24.99999999999999,0,0,0,0,0,0,0,0,0,0.5386942780485205,161.4964817267014,-1,-1
848,5342,25,0,0,0,0,0,0,0,0,0,6.735917883320515,2019.377379126814,-1,-1
849,5072,24.99999999999999,0,0,0,0,0,0,0,0,0,8.976935752540269,2691.217634562127,-1,-1
850,5007,24.99999999986024,0,0,0,0,0,0,0,0,0,1.489398993048185,446.5105850686405,-1,-1
851,4552,25.00000000059507,0,0,0,0,0,0,0,0,0,0.1006018455962917,30.15967457064878,-1,-1
852,4912,25.00000000075901,0,0,0,0,0,0,0,0,0,0.8185769608697551,245.4031991613137,-1,-1
853,5788,25.00000000135521,0,0,0,0,0,0,0,0,0,0.2398291994107076,71.89898519150817,-1,-1
854,4922,24.99999999999997,0,0,0,0,0,0,0,0,0,5.418001041989383,1624.275849824558,-1,-1
855,5755,24.99999999999997,0,0,0,0,0,0,0,0,0,6.393392523568414,1916.690859599398,-1,-1
856,5423,25,0,0,0,0,0,0,0,0,0,15.46737542781476,4637.002498313392,-1,-1
857,5421,25.00000000042561,0,0,0,0,0,0,0,0,0,0.821331777437353,246.229072391453,-1,-1
858,5796,25.00000000000002,0,0,0,0,0,0,0,0,0,8.649923126626726,2593.181715642472,-1,-1
859,5394,25.00000000054976,0,0,0,0,0,0,0,0,0,3.799128935619791,1138.950201868381,-1,-1
860,5368,25.00000000000001,0,0,0,0,0,0,0,0,0,2.694054473642208,807.6572126390938,-1,-1
861,5118,24.99999999999999,0,0,0,0,0,0,0,0,0,7.593940792180419,2276.606175994234,-1,-1
862,5493,25.00000000112291,0,0,0,0,0,0,0,0,0,1.352152528674514,405.365130162248,-1,-1
863,5239,25.00000000057537,0,0,0,0,0,0,0,0,0,0.8144268146545265,244.1590166263909,-1,-1
864,4760,25.00000000152843,0,0,0,0,0,0,0,0,0,1.159308396327581,347.5519137150838,-1,-1
865,4992,24.99999999955691,0,0,0,0,0,0,0,0,0,0.8125312844010063,243.5907509524748,-1,-1
866,5155,25.00000000001619,0,0,0,0,0,0,0,0,0,0.5169225655085468,154.9694865094733,-1,-1
867,5541,25.00000000100462,0,0,0,0,0,0,0,0,0,3.797979812548455,1138.60570343828,-1,-1
868,5174,25.00000000000001,0,0,0,0,0,0,0,0,0,2.83069713819621,848.6216529134076,-1,-1
869,5429,25.00000000136612,0,0,0,0,0,0,0,0,0,0.5874755019562489,176.1207247462477,-1,-1
870,5021,25.00000000000004,0,0,0,0,0,0,0,0,0,9.757820410244841,2925.320965509869,-1,-1
871,5297,25.00000000143248,0,0,0,0,0,0,0,0,0,3.035341327487549,909.9724374364753,-1,-1
872,5283,25.00000000000002,0,0,0,0,0,0,0,0,0,5.026911582527335,1507.030179474539,-1,-1
873,5032,25.00000000123596,0,0,0,0,0,0,0,0,0,0.03805764948487377,11.40939628477274,-1,-1
874,5651,25.0000000008212,0,0,0,0,0,0,0,0,0,4.7456642532214,1422.714351315978,-1,-1
875,5612,24.99999999999999,0,0,0,0,0,0,0,0,0,3.216767035850414,964.3624964909698,-1,-1
876,5454,25.00000000022809,0,0,0,0,0,0,0,0,0,1.940113383244269,581.6313599614956,-1,-1
877,5332,24.99999999999999,0,0,0,0,0,0,0,0,0,6.028957116773627,1807.435873214159,-1,-1
878,5402,25.00000000054427,0,0,0,0,0,0,0,0,0,0.09049333419699659,27.12921909153307,-1,-1
879,5389,25.00000000013897,0,0,0,0,0,0,0,0,0,5.88221051162176,1763.442347752525,-1,-1
880,5836,25.00000000000001,0,0,0,0,0,0,0,0,0,3.464534122680254,1038.641200463187,-1,-1
881,5564,25.00000000028487,0,0,0,0,0,0,0,0,0,1.365262934802476,409.295531040728,-1,-1
882,4982,24.99999999999148,0,0,0,0,0,0,0,0,0,1.013636346668084,303.8805318857649,-1,-1
883,5958,25.00000000027946,0,0,0,0,0,0,0,0,0,2.156594232630253,646.5306859088475,-1,-1
884,5054,25.00000000095111,0,0,0,0,0,0,0,0,0,3.924815394804662,1176.63005440473,-1,-1
885,4760,25.0000000004717,0,0,0,0,0,0,0,0,0,0.2382254642373229,71.41819748189812,-1,-1
886,4988,25.00000000010999,0,0,0,0,0,0,0,0,0,0.3844045041754245,115.2415711730218,-1,-1
887,5180,24.99999999998417,0,0,0,0,0,0,0,0,0,3.797216650329179,1138.376913160711,-1,-1
888,4742,24.99999999999998,0,0,0,0,0,0,0,0,0,9.024297423735682,2705.416306384788,-1,-1
889,4764,24.99999999998091,0,0,0,0,0,0,0,0,0,4.04789133851374,1213.527294089944,-1,-1
890,5345,25.00000000071494,0,0,0,0,0,0,0,0,0,1.827384758725598,547.8361685300841,-1,-1
891,5248,25.00000000021953,0,0,0,0,0,0,0,0,0,2.751302520949289,824.8197454569838,-1,-1
892,5285,25.00000000052211,0,0,0,0,0,0,0,0,0,0.2695215574986286,80.8005302065022,-1,-1
893,5045,24.99999999999994,0,0,0,0,0,0,0,0,0,3.192745962140396,957.1611597596442,-1,-1
894,5482,24.99999999975668,0,0,0,0,0,0,0,0,0,1.839033173983473,551.328275572047,-1,-1
895,4840,25,0,0,0,0,0,0,0,0,0,11.67464034585684,3499.969125550394,-1,-1
896,5207,25.00000000059914,0,0,0,0,0,0,0,0,0,0.7714385940208636,231.2714722975788,-1,-1
897,5493,25.00000000095898,0,0,0,0,0,0,0,0,0,1.500365484454934,449.7982564831054,-1,-1
898,5126,25.00000000000002,0,0,0,0,0,0,0,0,0,3.867040703236491,1159.309637609317,-1,-1
899,5361,25.00000000000002,0,0,0,0,0,0,0,0,0,7.096307343886141,2127.419421347078,-1,-1
900,4804,24.99999999999992,0,0,0,0,0,0,0,0,0,3.720875135796742,1115.490302871589,-1,-1
901,5047,25.00000000070388,0,0,0,0,0,0,0,0,0,5.317038361679081,1594.007999728065,-1,-1
902,5536,25.0000000002268,0,0,0,0,0,0,0,0,0,1.20149238640771,360.1983557894532,-1,-1
903,5804,24.99999999999999,0,0,0,0,0,0,0,0,0,11.06824200904925,3318.175477631734,-1,-1
904,4926,25.00000000111515,0,0,0,0,0,0,0,0,0,3.494925031823427,1047.752165816074,-1,-1
905,5342,25.000000000755,0,0,0,0,0,0,0,0,0,2.573121506879872,771.4024212801809,-1,-1
906,5108,25.00000000080762,0,0,0,0,0,0,0,0,0,2.351946649156392,705.0958670354585,-1,-1
907,5298,24.99999999999995,0,0,0,0,0,0,0,0,0,0.668956895758096,200.5482320753694,-1,-1
908,5828,25.00000000049972,0,0,0,0,0,0,0,0,0,0.1340544764237615,40.18852099298251,-1,-1
909,4938,25.00000000156606,0,0,0,0,0,0,0,0,0,1.132436471387057,339.4959132859724,-1,-1
910,5047,25.00000000089748,0,0,0,0,0,0,0,0,0,2.20267569479059,660.3455607181288,-1,-1
911,5249,25.00000000018095,0,0,0,0,0,0,0,0,0,0.5745352344414069,172.2413301407956,-1,-1
912,5568,25.00000000111191,0,0,0,0,0,0,0,0,0,3.753436152711696,1125.251850167503,-1,-1
913,5337,25.00000000037697,0,0,0,0,0,0,0,0,0,1.575217948503381,472.238460667546,-1,-1
914,5472,25.00000000140271,0,0,0,0,0,0,0,0,0,0.2460517438525708,73.76445708474859,-1,-1
915,5323,25.00000000089189,0,0,0,0,0,0,0,0,0,3.368446115967184,1009.834740746355,-1,-1
916,6004,25.00000000000002,0,0,0,0,0,0,0,0,0,3.657911374316797,1096.614242052591,-1,-1
917,5378,25.0000000002138,0,0,0,0,0,0,0,0,0,1.670818024925491,500.8986425631184,-1,-1
918,5736,25.0000000012576,0,0,0,0,0,0,0,0,0,0.01440127596694086,4.317393920465527,-1,-1
919,5954,25.00000000017241,0,0,0,0,0,0,0,0,0,0.4387641509737263,131.5381833026965,-1,-1
920,5281,25,0,0,0,0,0,0,0,0,0,4.533424316926173,1359.086419128269,-1,-1
921,4959,25.00000000029405,0,0,0,0,0,0,0,0,0,2.857512847387256,856.6608002848044,-1,-1
922,5521,24.99999999999999,0,0,0,0,0,0,0,0,0,7.592526977102949,2276.182324897003,-1,-1
923,5198,25.00000000000003,0,0,0,0,0,0,0,0,0,5.165367463233809,1548.538208276088,-1,-1
924,5370,25.00000000000003,0,0,0,0,0,0,0,0,0,5.680607772579632,1703.003367075552,-1,-1
925,5357,25.00000000086033,0,0,0,0,0,0,0,0,0,0.8561855962996562,256.6779844188696,-1,-1
926,5145,25,0,0,0,0,0,0,0,0,0,6.951552791890127,2084.023098397503,-1,-1
927,5654,24.99999999999999,0,0,0,0,0,0,0,0,0,2.154565307504301,645.9224294582405,-1,-1
928,5074,25.00000000043374,0,0,0,0,0,0,0,0,0,1.309241764195047,392.5008066042897,-1,-1
929,5502,25.00000000004478,0,0,0,0,0,0,0,0,0,1.448442069872167,434.2320083975845,-1,-1
930,5038,25.00000000073426,0,0,0,0,0,0,0,0,0,4.702518756921457,1409.779656928588,-1,-1
931,5408,24.99999999999935,0,0,0,0,0,0,0,0,0,2.309931129334798,692.499931073995,-1,-1
932,5694,25.00000000072982,0,0,0,0,0,0,0,0,0,0.0842601718319077,25.26056402498997,-1,-1
933,5561,25.00000000146011,0,0,0,0,0,0,0,0,0,1.064103269860227,319.0101348372348,-1,-1
934,5366,25.00000000043002,0,0,0,0,0,0,0,0,0,1.230184641316053,368.8000774139879,-1,-1
935,5299,25.00000000068269,0,0,0,0,0,0,0,0,0,0.1324654004371866,39.71212799701844,-1,-1
936,4974,25,0,0,0,0,0,0,0,0,0,6.867960764774789,2058.962839119394,-1,-1
937,5333,24.9999999999872,0,0,0,0,0,0,0,0,0,12.00339622549594,3598.527658789349,-1,-1
938,5883,25.00000000000002,0,0,0,0,0,0,0,0,0,5.981165978507152,1793.108450402634,-1,-1
939,4735,25.00000000000004,0,0,0,0,0,0,0,0,0,8.666593360742448,2598.179326103459,-1,-1
940,5503,24.99999999994225,0,0,0,0,1,0,0,0,0,2.199657703412338,659.4407896646197,-1,-1
941,5743,25.00000000042846,0,0,0,0,0,0,0,0,0,2.922828082789237,876.2418152508129,-1,-1
942,5302,25.00000000069664,0,0,0,0,0,0,0,0,0,1.775469075775497,532.2722383297246,-1,-1
943,5754,25.0000000009893,0,0,0,0,0,0,0,0,0,2.254158740199379,675.7797894465554,-1,-1
944,5262,24.99999999999999,0,0,0,0,0,0,0,0,0,2.786167281723563,835.2719377870854,-1,-1
945,5464,25.00000000024536,0,0,0,0,0,0,0,0,0,2.392802907024634,717.3442650064604,-1,-1
946,5613,25,0,0,0,0,0,0,0,0,0,2.862483300418645,858.1509046164583,-1,-1
947,4869,24.99999999999995,0,0,0,0,0,0,0,0,0,1.570395546711233,470.7927409808143,-1,-1
948,5363,24.99999999994001,0,0,0,0,0,0,0,0,0,5.701814646997049,1709.361028083648,-1,-1
949,4793,25.00000000008454,0,0,0,0,0,0,0,0,0,1.063902694435205,318.9500038375531,-1,-1
950,4787,24.99999999999999,0,0,0,0,0,0,0,0,0,3.518061570701169,1054.688325675844,-1,-1
951,5332,25,0,0,0,0,0,0,0,0,0,6.977024097894789,2091.659203833111,-1,-1
952,5115,25.00000000046185,0,0,0,0,0,0,0,0,0,1.212573765626107,363.5204697033664,-1,-1
953,5363,24.99999999999997,0,0,0,0,0,0,0,0,0,6.8246953928907,2045.99220693598,-1,-1
954,5199,25.00000000000003,0,0,0,0,0,0,0,0,0,3.801086436108407,1139.537045751399,-1,-1
955,5006,25.00000000076009,0,0,0,0,0,0,0,0,0,0.2844554281445379,85.2775919948934,-1,-1
956,5108,25.00000000102846,0,0,0,0,0,0,0,0,0,1.065162889377841,319.3278007769651,-1,-1
957,5726,25,0,0,0,0,0,0,0,0,0,4.164912548208194,1248.609370182378,-1,-1
958,5566,25,0,0,0,0,0,0,0,0,0,6.924310745448002,2075.856138333669,-1,-1
959,5382,25.00000000045433,0,0,0,0,0,0,0,0,0,0.3395478428710067,101.7938824228969,-1,-1
960,5261,25.00000000000001,0,0,0,0,0,0,0,0,0,5.72156229518721,1715.281224074295,-1,-1
961,4609,25.00000000036485,0,0,0,0,0,0,0,0,0,2.299604623742823,689.4041225800262,-1,-1
962,4117,24.99999999999998,0,0,0,0,0,0,0,0,0,9.924759446488002,2975.368029521358,-1,-1
963,5782,25.00000000061966,0,0,0,0,0,0,0,0,0,0.189910479838435,56.93372955072387,-1,-1
964,5506,25.00000000037087,0,0,0,0,0,0,0,0,0,1.293816997256965,387.8765778098448,-1,-1
965,5218,25.00000000000537,0,0,0,0,0,0,0,0,0,4.000272727636282,1199.251593688445,-1,-1
966,4948,25.00000000088199,0,0,0,0,0,0,0,0,0,1.826040947688403,547.4333041161559,-1,-1
967,5902,25.00000000028707,0,0,0,0,0,0,0,0,0,2.990815667273639,896.6239803168745,-1,-1
968,5565,25.00000000000004,0,0,0,0,0,0,0,0,0,2.691560728998279,806.9096068026655,-1,-1
969,5258,25.00000000015054,0,0,0,0,0,0,0,0,0,1.380655330007405,413.9100550337212,-1,-1
970,4861,25.00000000010168,0,0,0,0,0,0,0,0,0,4.597327101545336,1378.243992002292,-1,-1
971,4608,25.00000000064965,0,0,0,0,0,0,0,0,0,0.3725864831300806,111.6986175951424,-1,-1
972,4691,24.99999999999998,0,0,0,0,0,0,0,0,0,7.127273268942042,2136.702772133829,-1,-1
973,5934,25.00000000151129,0,0,0,0,0,0,0,0,0,2.495637133746665,748.1731906019874,-1,-1
974,4993,24.99999999999996,0,0,0,0,0,0,0,0,0,5.322255319133297,1595.572004226546,-1,-1
975,4949,25,0,0,0,0,0,0,0,0,0,6.837588580895114,2049.857487459278,-1,-1
976,5438,25.00000000163296,0,0,0,0,0,0,0,0,0,4.083720181988179,1224.268511142443,-1,-1
977,4860,24.99999999999995,0,0,0,0,0,0,0,0,0,17.78839776435367,5332.82748965729,-1,-1
978,5215,25.00000000123685,0,0,0,0,0,0,0,0,0,6.08396985527386,1823.928277310455,-1,-1
979,5263,25.00000000002354,0,0,0,0,0,0,0,0,0,4.85514986719128,1455.537312643648,-1,-1
980,5863,25.00000000000004,0,0,0,0,0,0,0,0,0,5.339831651476448,1600.841256102324,-1,-1
981,4975,25.00000000131151,0,0,0,0,0,0,0,0,0,2.158953820076597,647.2380724292527,-1,-1
982,5345,25.00000000059967,0,0,0,0,0,0,0,0,0,3.05543055346054,915.9950358702358,-1,-1
983,5555,25,0,0,0,0,0,0,0,0,0,3.71804995616467,1114.643335325399,-1,-1
984,5431,25.00000000000005,0,0,0,0,0,0,0,0,0,7.196040912968269,2157.318793167321,-1,-1
985,4565,25.00000000061668,0,0,0,0,0,0,0,0,0,0.8807957062847132,264.0559097829402,-1,-1
986,4813,25.00000000000001,0,0,0,0,0,0,0,0,0,1.388619205075095,416.2975647154687,-1,-1
987,4820,24.99999999999229,0,0,0,0,1,0,0,0,0,0.8543896292077909,256.1395670299123,-1,-1
988,5362,25.00000000000001,0,0,0,0,0,0,0,0,0,6.217629652118433,1863.99847634227,-1,-1
989,5558,25.00000000000001,0,0,0,0,0,0,0,0,0,7.527990332163249,2256.834725479457,-1,-1
990,4893,25.00000000139832,0,0,0,0,0,0,0,0,0,1.339343622477378,401.5251166891172,-1,-1
991,5442,24.99999999999999,0,0,0,0,0,0,0,0,0,0.8785631150651713,263.3865957735246,-1,-1
992,5158,25.00000000111515,0,0,0,0,0,0,0,0,0,0.3830292039730726,114.8292665448708,-1,-1
993,4814,25.00000000000001,0,0,0,0,0,0,0,0,0,5.673315304250417,1700.81714007025,-1,-1
994,5689,25.000000000402,0,0,0,0,0,0,0,0,0,1.691258614249973,507.0265770796733,-1,-1
995,5288,25.00000000137686,0,0,0,0,0,0,0,0,0,0.02526228586291257,7.57344277354121,-1,-1
996,5256,25,0,0,0,0,0,0,0,0,0,4.069484343532942,1220.000714140257,-1,-1
997,5470,25.00000000129557,0,0,0,0,0,0,0,0,0,0.5517927599902781,165.4233078240895,-1,-1
998,4662,25.00000000043376,0,0,0,0,0,0,0,0,0,0.5101190662338926,152.9298487389235,-1,-1
999,5893,25.00000000168419,0,0,0,0,0,0,0,0,0,2.748456163855227,823.9664290674093,-1,-1
1000,5311,25.00000000022696,0,0,0,0,0,0,0,0,0,3.619701906018723,1085.159331632638,-1,-1
1001,5428,24.99999999999998,0,0,0,0,0,0,0,0,0,6.313938189429233,1892.871049469059,-1,-1
1002,5097,25.00000000000002,0,0,0,0,0,0,0,0,0,4.896722417219735,1468.000449602006,-1,-1
1003,5554,25.00000000000001,0,0,0,0,0,0,0,0,0,5.636817340826191,1689.875325903308,-1,-1
1004,4625,25.00000000068797,0,0,0,0,0,0,0,0,0,1.022117995655609,306.4232662836282,-1,-1
1005,5553,24.99999999999991,0,0,0,0,0,0,0,0,0,3.220022630011607,965.3384990668044,-1,-1
1006,5269,25.00000000181075,0,0,0,0,0,0,0,0,0,4.615628383438323,1383.730578285541,-1,-1
1007,6012,25.00000000184385,0,0,0,0,0,0,0,0,0,1.400418538070738,419.8349157569933,-1,-1
1008,5101,24.99999999999998,0,0,0,0,0,0,0,0,0,1.823504303842427,546.6728374225003,-1,-1
1009,5341,25.00000000161137,0,0,0,0,0,0,0,0,0,0.5054082276126203,151.5175748494109,-1,-1
1010,5779,25.00000000081463,0,0,0,0,0,0,0,0,0,1.706713821349353,511.6599316048953,-1,-1
1011,5482,24.99999999999998,0,0,0,0,0,0,0,0,0,7.242263927486791,2171.176104305998,-1,-1
1012,5362,25.00000000074177,0,0,0,0,0,0,0,0,0,0.2742251120902414,82.21062039885898,-1,-1
1013,5156,25.00000000050765,0,0,0,0,0,0,0,0,0,0.6118388640840304,183.4246769636794,-1,-1
1014,5328,25.00000000106476,0,0,0,0,0,0,0,0,0,0.2874442823789626,86.17362795243528,-1,-1
1015,5291,24.99999999999999,0,0,0,0,0,0,0,0,0,5.497249129296245,1648.033828710081,-1,-1
1016,5535,25,0,0,0,0,0,0,0,0,0,12.85271625487056,3853.1473980242,-1,-1
1017,4926,25.00000000025803,0,0,0,0,0,0,0,0,0,0.2225447912245352,66.71724997630024,-1,-1
1018,5456,25.00000000031739,0,0,0,0,0,0,0,0,0,4.849406106670596,1453.815376558988,-1,-1
1019,5387,24.99999999999999,0,0,0,0,0,0,0,0,0,1.127044147494866,337.8793352520004,-1,-1
1020,5363,24.99999999999998,0,0,0,0,0,0,0,0,0,4.658817010992357,1396.678203097612,-1,-1
1021,4770,25.00000000031008,0,0,0,0,0,0,0,0,0,2.755019694340839,825.9341260048488,-1,-1
1022,5385,25.00000000078152,0,0,0,0,0,0,0,0,0,1.605191425741576,481.2242830835916,-1,-1
1023,5077,25,0,0,0,0,0,0,0,0,0,6.450506427867658,1933.813177355245,-1,-1
1024,4704,24.99999999999996,0,0,0,0,0,0,0,0,0,2.63056245811703,788.6227852414266,-1,-1
1025,5480,24.99999999999998,0,0,0,0,0,0,0,0,0,7.201654127267506,2159.001592479371,-1,-1
1026,5252,25.00000000086163,0,0,0,0,0,0,0,0,0,0.4936491650796695,147.9922965888819,-1,-1
1027,5657,25.00000000104137,0,0,0,0,0,0,0,0,0,0.3709403669374712,111.2051243756064,-1,-1
1028,5315,25.00000000167893,0,0,0,0,0,0,0,0,0,0.451280836975371,135.2905913651438,-1,-1
1029,4864,25.00000000070798,0,0,0,0,0,0,0,0,0,1.408596057837145,422.2864745081079,-1,-1
1030,5234,25.00000000000002,0,0,0,0,0,0,0,0,0,4.211064576099994,1262.445400065745,-1,-1
1031,5335,24.99999999999998,0,0,0,0,0,0,0,0,0,2.541668517027966,761.9730521410287,-1,-1
1032,5444,25.00000000000004,0,0,0,0,0,0,0,0,0,3.516128828423742,1054.108904117814,-1,-1
1033,5675,24.99999999999998,0,0,0,0,0,0,0,0,0,0.7073857355764235,212.068908422594,-1,-1
1034,5446,24.99999999999997,0,0,0,0,0,0,0,0,0,4.684421975257222,1404.354378271578,-1,-1
1035,5075,24.99999999995573,0,0,0,0,1,0,0,0,0,0.08971427872662427,26.8956641371518,-1,-1
1036,5486,25.00000000202222,0,0,0,0,0,0,0,0,0,0.2176918685421306,65.2623803568582,-1,-1
1037,5414,24.99999999999999,0,0,0,0,0,0,0,0,0,2.651312484433626,794.8434866344433,-1,-1
1038,5374,25.00000000064269,0,0,0,0,0,0,0,0,0,1.755277445854444,526.2189399646658,-1,-1
1039,4667,25.00000000000001,0,0,0,0,0,0,0,0,0,2.861648077475411,857.9005110773281,-1,-1
1040,5227,25.00000000000001,0,0,0,0,0,0,0,0,0,5.768369536962098,1729.313682138189,-1,-1
1041,5453,24.99999999999999,0,0,0,0,0,0,0,0,0,2.833578577559531,849.4854867027157,-1,-1
1042,5573,25.00000000079903,0,0,0,0,0,0,0,0,0,1.258203362284233,377.1998786430548,-1,-1
1043,5235,25.00000000131224,0,0,0,0,0,0,0,0,0,1.98705608488482,595.7044278714768,-1,-1
1044,5515,25.00000000037091,0,0,0,0,0,0,0,0,0,1.825950667588577,547.4062388231204,-1,-1
1045,5062,25.00000000010557,0,0,0,0,0,0,0,0,0,0.3244449868002102,97.26616007861257,-1,-1
1046,5818,24.99999999968267,0,0,0,0,0,0,0,0,0,3.862575182783032,1157.970908256324,-1,-1
1047,5724,25.00000000088145,0,0,0,0,0,0,0,0,0,4.285305144770673,1284.702162630846,-1,-1
1048,5271,25.00000000019621,0,0,0,0,0,0,0,0,0,1.828991329357452,548.3178062887582,-1,-1
1049,4691,24.99999999999998,0,0,0,0,0,0,0,0,0,4.592154663811936,1376.693334180344,-1,-1
1050,5058,24.99999999999994,0,0,0,0,0,0,0,0,0,0.9096570180864144,272.7083133890766,-1,-1
1051,6087,25,0,0,0,0,0,0,0,0,0,4.451383075548324,1334.491073718231,-1,-1
1052,5298,25.00000000000001,0,0,0,0,0,0,0,0,0,5.002541016270758,1499.724067513629,-1,-1
1053,5086,24.99999999987901,0,0,0,0,0,0,0,0,0,0.4395017441914716,131.7593081864485,-1,-1
1054,4980,25.00000000000001,0,0,0,0,0,0,0,0,0,2.82304052615968,846.3262583710234,-1,-1
1055,5217,24.99999999997597,0,0,0,0,0,0,0,0,0,1.532027774935279,459.290372372118,-1,-1
1056,5795,25.00000000038227,0,0,0,0,0,0,0,0,0,1.013250875709956,303.7649705997402,-1,-1
1057,5014,25,0,0,0,0,0,0,0,0,0,4.737266160086143,1420.196666332446,-1,-1
1058,5308,24.99999999999999,0,0,0,0,0,0,0,0,0,6.419255055146901,1924.444251511415,-1,-1
1059,5268,25.00000000000005,0,0,0,0,0,0,0,0,0,8.013956367101461,2402.523677598096,-1,-1
1060,5297,25.00000000016171,0,0,0,0,0,0,0,0,0,4.675096300073528,1401.558611185749,-1,-1
1061,5700,25.00000000000001,0,0,0,0,0,0,0,0,0,6.801677694205995,2039.091674469787,-1,-1
1062,5071,24.99999999999999,0,0,0,0,0,0,0,0,0,4.397841318925411,1318.439658894611,-1,-1
1063,5650,25.00000000003906,0,0,0,0,0,0,0,0,0,1.298688615572147,389.3370522389911,-1,-1
1064,4973,25,0,0,0,0,0,0,0,0,0,7.363244103094591,2207.445048520733,-1,-1
1065,5387,24.99999999917861,0,0,0,0,0,0,0,0,0,5.607778470232431,1681.16969151046,-1,-1
1066,5207,25.00000000019708,0,0,0,0,0,0,0,0,0,0.07298904115240971,21.88156405414406,-1,-1
1067,5237,24.99999999999997,0,0,0,0,0,0,0,0,0,4.263751249025229,1278.240467245844,-1,-1
1068,5058,24.99999999999997,0,0,0,0,0,0,0,0,0,4.324341861220352,1296.405075807544,-1,-1
1069,5116,24.99999999999994,0,0,0,0,0,0,0,0,0,0.4834199553046216,144.9256566470226,-1,-1
1070,5659,24.99999999999996,0,0,0,0,0,0,0,0,0,4.520346992411006,1355.165935867803,-1,-1
1071,5599,25.00000000086596,0,0,0,0,0,0,0,0,0,0.7952868361421269,238.4209954220915,-1,-1
1072,4509,24.99999999888351,0,0,0,0,0,0,0,0,0,5.14118372768753,1541.288106753047,-1,-1
1073,5262,25.00000000088327,0,0,0,0,0,0,0,0,0,0.985431399815081,295.4249015409439,-1,-1
1074,4731,24.99999999999716,0,0,0,0,0,0,0,0,0,1.34777615705345,404.0531269568478,-1,-1
1075,5201,25,0,0,0,0,0,0,0,0,0,3.913293602159465,1173.17590786706,-1,-1
1076,5232,25,0,0,0,0,0,0,0,0,0,8.629499146187056,2587.058760344319,-1,-1
1077,5315,24.99999999999999,0,0,0,0,0,0,0,0,0,3.279226267180372,983.0873029761689,-1,-1
1078,4920,24.99999999999998,0,0,0,0,0,0,0,0,0,5.549775646359796,1663.780882370742,-1,-1
1079,5310,25.00000000156064,0,0,0,0,0,0,0,0,0,0.5056247488321147,151.5824862780123,-1,-1
1080,5153,25.00000000126231,0,0,0,0,0,0,0,0,0,1.333967632167301,399.9134353398752,-1,-1
1081,5026,25.00000000000001,0,0,0,0,0,0,0,0,0,5.001209168021299,1499.324789453241,-1,-1
1082,5429,25.00000000086341,0,0,0,0,0,0,0,0,0,0.8768314693393849,262.8674614450059,-1,-1
1083,5241,25.00000000153099,0,0,0,0,0,0,0,0,0,3.463567290448384,1038.351351451921,-1,-1
1084,5328,25.00000000016852,0,0,0,0,0,0,0,0,0,2.572932955534932,771.3458950090219,-1,-1
1085,5583,25.00000000000002,0,0,0,0,0,0,0,0,0,3.076278743237657,922.2451659283679,-1,-1
1086,5561,24.99999999999994,0,0,0,0,0,0,0,0,0,0.346893392440616,103.9960227837309,-1,-1
1087,5594,25.00000000000003,0,0,0,0,0,0,0,0,0,4.064897155967295,1218.625509904645,-1,-1
1088,5267,25.00000000121197,0,0,0,0,0,0,0,0,0,0.0207711679234444,6.227039487300152,-1,-1
1089,5021,25,0,0,0,0,0,0,0,0,0,5.228210743076795,1567.378149608999,-1,-1
1090,5086,25.00000000000001,0,0,0,0,0,0,0,0,0,3.41791520230469,1024.66519973449,-1,-1
1091,5376,25.00000000079861,0,0,0,0,0,0,0,0,0,0.1158591889684931,34.73371104275103,-1,-1
1092,5731,24.99999999999998,0,0,0,0,0,0,0,0,0,1.843078266656421,552.5409638473077,-1,-1
1093,5464,25.00000000150276,0,0,0,0,0,0,0,0,0,0.3334870358186445,99.97689817920549,-1,-1
1094,5606,24.99999999999999,0,0,0,0,0,0,0,0,0,5.945365070630265,1782.375608231592,-1,-1
1095,5245,25.00000000049905,0,0,0,0,0,0,0,0,0,2.20791866273818,661.917362966352,-1,-1
1096,5398,25.00000000000002,0,0,0,0,0,0,0,0,0,7.477989240655343,2241.84477535362,-1,-1
1097,5637,24.99999999999998,0,0,0,0,0,0,0,0,0,3.253213141050118,975.2887639533159,-1,-1
1098,4860,25,0,0,0,0,0,0,0,0,0,7.113773064691784,2132.655512718143,-1,-1
1099,5369,25.00000000056163,0,0,0,0,0,0,0,0,0,0.5728015076866944,171.7215719355,-1,-1
1100,5694,25.00000000073325,0,0,0,0,0,0,0,0,0,4.134945242602424,1239.625397975187,-1,-1
1101,5091,25.00000000000001,0,0,0,0,0,0,0,0,0,4.159980619727893,1247.130815220588,-1,-1
1102,5323,24.99999999999973,0,0,0,0,1,0,0,0,0,2.297626045958728,688.8109598827881,-1,-1
1103,5603,25.00000000096317,0,0,0,0,0,0,0,0,0,3.814560349285603,1143.57642330167,-1,-1
1104,5381,25.00000000067345,0,0,0,0,0,0,0,0,0,2.49760581104526,748.7633852083422,-1,-1
1105,5252,24.99999999999999,0,0,0,0,0,0,0,0,0,11.93800864447135,3578.924955151315,-1,-1
1106,5406,25,0,0,0,0,0,0,0,0,0,3.957181233678789,1186.333088796036,-1,-1
1107,5504,24.99999999999999,0,0,0,0,0,0,0,0,0,7.666251239741369,2298.284302807612,-1,-1
1108,5069,25.00000000057086,0,0,0,0,0,0,0,0,0,0.04600828565240393,13.79293704410031,-1,-1
1109,4935,25.0000000003975,0,0,0,0,0,0,0,0,0,0.5529146786048981,165.7596505632424,-1,-1
1110,5370,25.00000000108983,0,0,0,0,0,0,0,0,0,2.99525877014421,897.9559890475898,-1,-1
1111,4531,25.00000000000002,0,0,0,0,0,0,0,0,0,7.235909462834563,2169.271083728634,-1,-1
1112,5184,24.99999999991587,0,0,0,0,0,0,0,0,0,7.025131021351719,2106.081296663082,-1,-1
1113,5594,25.00000000001685,0,0,0,0,0,0,0,0,0,2.462248751573686,738.1636054417067,-1,-1
1114,5332,24.99999999999998,0,0,0,0,0,0,0,0,0,7.949765875188411,2383.279852247256,-1,-1
1115,5564,24.99999999999997,0,0,0,0,0,0,0,0,0,0.9898851218181597,296.7600938074955,-1,-1
1116,5133,25.00000000000002,0,0,0,0,0,0,0,0,0,10.14459679472985,3041.273608510985,-1,-1
1117,6057,25.00000000000001,0,0,0,0,0,0,0,0,0,5.047665128791595,1513.251936121319,-1,-1
1118,5498,25.00000000008081,0,0,0,0,0,0,0,0,0,0.4109264538158764,123.1926516466851,-1,-1
1119,5716,24.99999999998905,0,0,0,0,1,0,0,0,0,1.429126256622752,428.4412732652736,-1,-1
1120,5371,24.99999999999998,0,0,0,0,0,0,0,0,0,4.633355121055818,1389.044920528211,-1,-1
1121,5163,25,0,0,0,0,0,0,0,0,0,5.218124499371951,1564.354369816737,-1,-1
1122,5015,24.99999999999991,0,0,0,0,0,0,0,0,0,0.3305723738583355,99.10310450588536,-1,-1
1123,5497,25.00000000121228,0,0,0,0,0,0,0,0,0,0.3680373448819239,110.3348202579457,-1,-1
1124,4386,24.99999999995891,0,0,0,0,0,0,0,0,0,5.237649149542076,1570.207712682829,-1,-1
1125,4792,25.00000000000904,0,0,0,0,0,0,0,0,0,1.401125148081758,420.0467521090444,-1,-1
1126,5575,25.0000000001606,0,0,0,0,0,0,0,0,0,1.486522319935958,445.6481801654634,-1,-1
1127,5583,25.00000000065826,0,0,0,0,0,0,0,0,0,2.421741184323879,726.0197422882867,-1,-1
1128,4856,24.99999999999998,0,0,0,0,0,0,0,0,0,0.7369028563339248,220.9179186075682,-1,-1
1129,5194,25.00000000104022,0,0,0,0,0,0,0,0,0,2.162922065155763,648.4277223754824,-1,-1
1130,5301,25,0,0,0,0,0,0,0,0,0,5.220133753535412,1564.956729061147,-1,-1
1131,4861,25.00000000150288,0,0,0,0,0,0,0,0,0,1.31668516400058,394.732281727867,-1,-1
1132,5365,24.99999999999999,0,0,0,0,0,0,0,0,0,2.155675296354322,646.2551957439405,-1,-1
1133,5533,25.00000000075559,0,0,0,0,0,0,0,0,0,1.912671897793853,573.404609587144,-1,-1
1134,5009,25.00000000000003,0,0,0,0,0,0,0,0,0,6.770931651778997,2029.874242836826,-1,-1
1135,4978,25.00000000000002,0,0,0,0,0,0,0,0,0,3.208939229106559,962.0157790664806,-1,-1
1136,5407,25.00000000096602,0,0,0,0,0,0,0,0,0,0.4910696684359602,147.2189829496615,-1,-1
1137,5343,25.00000000000003,0,0,0,0,0,0,0,0,0,12.5802466892678,3771.463077221955,-1,-1
1138,5090,25.00000000062413,0,0,0,0,0,0,0,0,0,1.115071758664055,334.2901033762798,-1,-1
1139,5051,25.00000000075803,0,0,0,0,0,0,0,0,0,0.9501262539799699,284.8406850909874,-1,-1
1140,5092,24.9999999999948,0,0,0,0,0,0,0,0,0,2.416733200759922,724.5183865860245,-1,-1
1141,4847,25.00000000000003,0,0,0,0,0,0,0,0,0,6.373621395643928,1910.763624561484,-1,-1
1142,4958,25.00000000166127,0,0,0,0,0,0,0,0,0,3.833144066415038,1149.14768153868,-1,-1
1143,5297,25.00000000000002,0,0,0,0,0,0,0,0,0,13.6147758526818,4081.607117994524,-1,-1
1144,5335,25.00000000074309,0,0,0,0,0,0,0,0,0,0.6340242990246796,190.0757030363357,-1,-1
1145,5031,24.99999999999993,0,0,0,0,0,0,0,0,0,0.1745757107290455,52.33648142655753,-1,-1
1146,5396,24.99999999980393,0,0,0,0,0,0,0,0,0,4.872289019159437,1460.675501140217,-1,-1
1147,5640,24.99999999998216,0,0,0,0,0,0,0,0,0,6.539274092284203,1960.4250536616,-1,-1
1148,4842,25.00000000002299,0,0,0,0,0,0,0,0,0,0.9702942418005424,290.8868957326309,-1,-1
1149,5604,25.0000000000761,0,0,0,0,0,0,0,0,0,4.868010669684563,1459.392884234961,-1,-1
1150,5370,25.00000000000001,0,0,0,0,0,0,0,0,0,16.56625205818986,4966.437424372298,-1,-1
1151,5238,25.00000000096669,0,0,0,0,0,0,0,0,0,0.006968468621740983,2.089094336607602,-1,-1
1152,4535,25.00000000152084,0,0,0,0,0,0,0,0,0,1.688641143550851,506.2418791050405,-1,-1
1153,5733,25.00000000177382,0,0,0,0,0,0,0,0,0,4.122273756444985,1235.826581993535,-1,-1
1154,5356,25,0,0,0,0,0,0,0,0,0,4.796903155814219,1438.075387869502,-1,-1
1155,5570,25.00000000000002,0,0,0,0,0,0,0,0,0,3.523167127543572,1056.218933111087,-1,-1
1156,5282,25.00000000050914,0,0,0,0,0,0,0,0,0,0.113586163053654,34.05227501664373,-1,-1
1157,5254,24.99999999999999,0,0,0,0,0,0,0,0,0,9.039516174462245,2709.978773072793,-1,-1
1158,4956,25.00000000049787,0,0,0,0,0,0,0,0,0,2.142536604061054,642.3163148864363,-1,-1
1159,5162,25.00000000000001,0,0,0,0,0,0,0,0,0,8.849466847497668,2653.003418200837,-1,-1
1160,5152,25.00000000044202,0,0,0,0,0,0,0,0,0,2.636811011337862,790.4960543704434,-1,-1
1161,5292,25.00000000000002,0,0,0,0,0,0,0,0,0,6.596070005821089,1977.452040185178,-1,-1
1162,5370,24.99999999999996,0,0,0,0,0,0,0,0,0,1.022752805683302,306.6135775421936,-1,-1
1163,4818,25.00000000056988,0,0,0,0,0,0,0,0,0,1.762610175694089,528.4172370671428,-1,-1
1164,5880,25,0,0,0,0,0,0,0,0,0,2.214454437630062,663.8767389861243,-1,-1
1165,5301,25,0,0,0,0,0,0,0,0,0,5.33991299131036,1600.865641171066,-1,-1
1166,5637,25.00000000082553,0,0,0,0,0,0,0,0,0,0.368204005639568,110.384783896132,-1,-1
1167,5834,25.00000000000002,0,0,0,0,0,0,0,0,0,4.894995494305064,1467.482731136641,-1,-1
1168,5355,25.00000000012025,0,0,0,0,0,0,0,0,0,1.067259272367058,319.9562805862118,-1,-1
1169,4945,25.00000000159178,0,0,0,0,0,0,0,0,0,1.774097393524418,531.8610183360786,-1,-1
1170,4962,25,0,0,0,0,0,0,0,0,0,2.38893288307444,716.1840610139129,-1,-1
1171,5209,24.99999999999758,0,0,0,0,0,0,0,0,0,7.520896039615421,2254.707910078772,-1,-1
1172,4826,25.00000000000004,0,0,0,0,0,0,0,0,0,7.248590690208554,2173.072820053539,-1,-1
1173,5545,24.99999999999995,0,0,0,0,0,0,0,0,0,4.380513579763124,1313.244933379566,-1,-1
1174,4434,25,0,0,0,0,0,0,0,0,0,7.906208476963417,2370.221672769299,-1,-1
1175,5538,25,0,0,0,0,0,0,0,0,0,6.50851720661083,1951.204371305155,-1,-1
1176,5702,25.00000000101957,0,0,0,0,0,0,0,0,0,0.02057656108609209,6.168697825186698,-1,-1
1177,4873,25.00000000203892,0,0,0,0,0,0,0,0,0,0.9865935634036054,295.7733094197457,-1,-1
1178,5280,25.00000000137238,0,0,0,0,0,0,0,0,0,0.2624246698102377,78.67293680224957,-1,-1
1179,5571,25.00000000000004,0,0,0,0,0,0,0,0,0,8.390893529319809,2515.52659597108,-1,-1
1180,5072,24.99999999999998,0,0,0,0,0,0,0,0,0,2.349094853155699,704.2409201026959,-1,-1
1181,5461,25,0,0,0,0,0,0,0,0,0,2.433254718256869,729.4714129263241,-1,-1
1182,5989,24.99999999999998,0,0,0,0,0,0,0,0,0,4.597309870959566,1378.238826402631,-1,-1
1183,5275,25.00000000081409,0,0,0,0,0,0,0,0,0,1.99389380804111,597.7543257036245,-1,-1
1184,5315,25.0000000002262,0,0,0,0,0,0,0,0,0,5.623018802937795,1685.738628312939,-1,-1
1185,5501,25.00000000000001,0,0,0,0,0,0,0,0,0,5.571712538027137,1670.357397044574,-1,-1
1186,5671,25.000000000446,0,0,0,0,0,0,0,0,0,1.117027410735201,334.8763931176815,-1,-1
1187,5532,25.00000000000004,0,0,0,0,0,0,0,0,0,10.1908770945075,3055.148093338302,-1,-1
1188,5419,24.99999999999993,0,0,0,0,0,0,0,0,0,1.210751138477206,362.9740598303799,-1,-1
1189,5090,25.00000000000005,0,0,0,0,0,0,0,0,0,3.93835159462051,1180.688105019502,-1,-1
1190,5705,25.00000000010874,0,0,0,0,0,0,0,0,0,2.802030790456662,840.0276980626855,-1,-1
1191,5316,24.99999999996324,0,0,0,0,0,0,0,0,0,6.106057890940323,1830.550103815296,-1,-1
1192,5212,25.0000000007821,0,0,0,0,0,0,0,0,0,2.349439205872147,704.3441544499791,-1,-1
1193,5587,25.00000000000002,0,0,0,0,0,0,0,0,0,3.78842182022895,1135.740289427271,-1,-1
1194,5818,25,0,0,0,0,0,0,0,0,0,4.453169394454917,1335.026598654011,-1,-1
1195,5646,25.00000000048957,0,0,0,0,0,0,0,0,0,0.1389559118622219,41.65793437080685,-1,-1
1196,5296,25.00000000006912,0,0,0,0,0,0,0,0,0,1.596056518974226,478.485706930207,-1,-1
1197,5610,25.00000000114962,0,0,0,0,0,0,0,0,0,0.9245480299324804,277.1725264325159,-1,-1
1198,5317,25.00000000051463,0,0,0,0,0,0,0,0,0,2.023782847687457,606.7148343664624,-1,-1
1199,5550,25.00000000027722,0,0,0,0,0,0,0,0,0,1.033693152186155,309.8934109116554,-1,-1
1200,5238,25.00000000098928,0,0,0,0,0,0,0,0,0,9.296056676596701,2786.887680784236,-1,-1
1201,5317,25.00000000107293,0,0,0,0,0,0,0,0,0,0.8087525139034436,242.4579040567926,-1,-1
1202,5577,25.00000000165701,0,0,0,0,0,0,0,0,0,0.05263667430504659,15.78007797085536,-1,-1
1203,5420,25,0,0,0,0,0,0,0,0,0,1.49418731014791,447.9460864216504,-1,-1
1204,5595,24.99999999999999,0,0,0,0,0,0,0,0,0,6.901744520751773,2069.090954364206,-1,-1
1205,5685,24.99999999999997,0,0,0,0,0,0,0,0,0,4.810655035885653,1442.198097798238,-1,-1
1206,4713,24.99999999998702,0,0,0,0,0,0,0,0,0,5.436875920494263,1629.934396045988,-1,-1
1207,5474,25.00000000017443,0,0,0,0,0,0,0,0,0,3.542261236623783,1061.943203005564,-1,-1
1208,5032,25,0,0,0,0,0,0,0,0,0,7.366454608399518,2208.40753379752,-1,-1
1209,5854,25.00000000029377,0,0,0,0,0,0,0,0,0,0.1665155929858333,49.92011891655054,-1,-1
1210,5407,25.00000000000002,0,0,0,0,0,0,0,0,0,11.24319050450844,3370.623717108844,-1,-1
1211,4995,25.00000000000001,0,0,0,0,0,0,0,0,0,9.880952459440264,2962.235025196742,-1,-1
1212,5007,25,0,0,0,0,0,0,0,0,0,6.470931819897672,1939.936555837537,-1,-1
1213,5861,24.99999999999999,0,0,0,0,0,0,0,0,0,4.256424073546222,1276.043835298794,-1,-1
1214,4878,24.99999999999998,0,0,0,0,0,0,0,0,0,4.231627554399447,1268.610025873939,-1,-1
1215,4582,24.99999999999999,0,0,0,0,0,0,0,0,0,4.161011461866897,1247.43985391925,-1,-1
1216,5694,25.0000000017249,0,0,0,0,0,0,0,0,0,1.306996973856515,391.8278353910063,-1,-1
1217,5284,24.99999999999998,0,0,0,0,0,0,0,0,0,5.576764578690243,1671.871960732882,-1,-1
1218,5101,25.00000000011076,0,0,0,0,0,0,0,0,0,3.952583030931526,1184.954582292052,-1,-1
1219,5293,25.00000000021765,0,0,0,0,0,0,0,0,0,3.39754154778513,1018.557331767629,-1,-1
1220,5060,25.00000000025451,0,0,0,0,0,0,0,0,0,0.5934529608706983,177.9127218468045,-1,-1
1221,5671,25.00000000000003,0,0,0,0,0,0,0,0,0,8.532219329826001,2557.89500508365,-1,-1
1222,5326,25.00000000072249,0,0,0,0,0,0,0,0,0,2.940137829052546,881.4311466304466,-1,-1
1223,5268,25.00000000000002,0,0,0,0,0,0,0,0,0,4.949232108494057,1483.742459017956,-1,-1
1224,6056,24.99999999999999,0,0,0,0,0,0,0,0,0,10.68273381594148,3202.603028840818,-1,-1
1225,4889,24.99999999993835,0,0,0,0,0,0,0,0,0,6.49770067887233,1947.961657867405,-1,-1
1226,5403,25.00000000157241,0,0,0,0,0,0,0,0,0,0.200232567745101,60.02821365595533,-1,-1
1227,5422,25.00000000040031,0,0,0,0,0,0,0,0,0,0.0174928911439982,5.244236833585652,-1,-1
1228,5564,25.00000000064905,0,0,0,0,0,0,0,0,0,5.391379260302935,1616.294840456439,-1,-1
1229,5686,25.00000000117039,0,0,0,0,0,0,0,0,0,1.330262004829093,398.8025162117216,-1,-1
1230,4829,25.00000000141844,0,0,0,0,0,0,0,0,0,1.064043884712689,318.9923316178856,-1,-1
1231,5354,24.99999999990099,0,0,0,0,0,0,0,0,0,3.173823806964303,951.4884403487462,-1,-1
1232,5671,25.00000000000001,0,0,0,0,0,0,0,0,0,4.998587893089496,1498.538950998342,-1,-1
1233,4869,25.00000000165117,0,0,0,0,0,0,0,0,0,0.7418516164289737,222.4015195605152,-1,-1
1234,4838,25.00000000042012,0,0,0,0,0,0,0,0,0,1.137455419273161,341.0005560093216,-1,-1
1235,5054,24.99999999999999,0,0,0,0,0,0,0,0,0,6.820152231146546,2044.630201309608,-1,-1
1236,5805,25,0,0,0,0,0,0,0,0,0,5.121419447624896,1535.362924652469,-1,-1
1237,5700,25.00000000000002,0,0,0,0,0,0,0,0,0,5.875612642828034,1761.464356449293,-1,-1
1238,4705,25.00000000000001,0,0,0,0,0,0,0,0,0,11.87445401750784,3559.871757316648,-1,-1
1239,5282,25.00000000030989,0,0,0,0,0,0,0,0,0,0.1163905703681993,34.89301517870443,-1,-1
1240,4605,25.00000000087179,0,0,0,0,0,0,0,0,0,2.321203377764934,695.8792661380522,-1,-1
1241,5947,25.00000000000002,0,0,0,0,0,0,0,0,0,2.235711979996623,670.2495898632344,-1,-1
1242,5587,25.00000000000003,0,0,0,0,0,0,0,0,0,2.749687243495331,824.3354974587098,-1,-1
1243,5028,24.99999999999997,0,0,0,0,0,0,0,0,0,6.225487102415634,1866.35408068048,-1,-1
1244,5126,24.99999999999995,0,0,0,0,0,0,0,0,0,2.523978495420156,756.6697170811502,-1,-1
1245,4314,25.00000000000001,0,0,0,0,0,0,0,0,0,3.134012741715869,939.5533832423193,-1,-1
1246,5363,24.99999999999491,0,0,0,0,1,0,0,0,0,5.530023539550345,1657.859349719658,-1,-1
1247,5630,25.00000000000001,0,0,0,0,0,0,0,0,0,9.795764832329876,2936.696417074132,-1,-1
1248,5300,25.00000000138278,0,0,0,0,0,0,0,0,0,1.596256465614479,478.5456494249572,-1,-1
1249,4904,25.00000000109878,0,0,0,0,0,0,0,0,0,1.723181622163873,516.5968540889348,-1,-1
1250,5448,24.99999999999998,0,0,0,0,0,0,0,0,0,20.36488762534959,6105.239718097337,-1,-1
1251,5471,24.99999999985274,0,0,0,0,0,0,0,0,0,5.248391107204808,1573.428070574271,-1,-1
1252,5427,25.00000000057157,0,0,0,0,0,0,0,0,0,1.911889371010796,573.1700139594006,-1,-1
1253,5405,24.99999999999397,0,0,0,0,0,0,0,0,0,1.555488902276359,466.3238414051514,-1,-1
1254,5277,24.99999999999999,0,0,0,0,0,0,0,0,0,2.793328076687786,837.4186901106438,-1,-1
1255,5070,25.00000000002057,0,0,0,0,0,0,0,0,0,4.264999420511034,1278.614659643578,-1,-1
1256,5342,24.99999999999998,0,0,0,0,0,0,0,0,0,0.1797068979744356,53.87477266331127,-1,-1
1257,5233,24.99999999999998,0,0,0,0,0,0,0,0,0,8.234978121869228,2468.784332731399,-1,-1
1258,5398,25.00000000025109,0,0,0,0,0,0,0,0,0,1.855304015750652,556.2061512191585,-1,-1
1259,5315,25.00000000000002,0,0,0,0,0,0,0,0,0,3.302815539392141,990.1591888749657,-1,-1
1260,5718,25.00000000000001,0,0,0,0,0,0,0,0,0,4.288438189759433,1285.641425889051,-1,-1
1261,5316,25.00000000000001,0,0,0,0,0,0,0,0,0,4.000036758623472,1199.180851958084,-1,-1
1262,5359,25.00000000000001,0,0,0,0,0,0,0,0,0,8.278719305872924,2481.897609799697,-1,-1
1263,4835,25.00000000087553,0,0,0,0,0,0,0,0,0,0.9379459063009074,281.1891087209867,-1,-1
1264,5301,25.00000000117445,0,0,0,0,0,0,0,0,0,4.219779993485671,1265.058216466293,-1,-1
1265,5348,25.00000000073673,0,0,0,0,0,0,0,0,0,1.03875884901627,311.4120686158386,-1,-1
1266,5342,25.00000000030419,0,0,0,0,0,0,0,0,0,1.537496851073512,460.929960150588,-1,-1
1267,6024,25.00000000000002,0,0,0,0,0,0,0,0,0,5.393370534426236,1616.891809420415,-1,-1
1268,5407,25.00000000000002,0,0,0,0,0,0,0,0,0,5.209933655302767,1561.898816540142,-1,-1
1269,5489,25,0,0,0,0,0,0,0,0,0,2.64456545284131,792.8207774491794,-1,-1
1270,5017,25,0,0,0,0,0,0,0,0,0,2.947693137728191,883.6961711892667,-1,-1
1271,5282,24.99999999999999,0,0,0,0,0,0,0,0,0,0.8721662717825344,261.468870402382,-1,-1
1272,5493,24.99999999999997,0,0,0,0,0,0,0,0,0,0.06176343715142572,18.51621263815444,-1,-1
1273,4610,25.00000000058897,0,0,0,0,0,0,0,0,0,1.759877039220981,527.5978633658203,-1,-1
1274,4750,25.00000000144447,0,0,0,0,0,0,0,0,0,1.90312042307595,570.541149503939,-1,-1
1275,4972,25.00000000019421,0,0,0,0,0,0,0,0,0,3.967630742328748,1189.4657726791,-1,-1
1276,5042,25.00000000000017,0,0,0,0,0,0,0,0,0,4.459805210986809,1337.015966402944,-1,-1
1277,5010,25.00000000153033,0,0,0,0,0,0,0,0,0,5.891689644389491,1766.284120264672,-1,-1
1278,4833,25.0000000001742,0,0,0,0,0,0,0,0,0,0.4772513538115097,143.0763564429802,-1,-1
1279,5791,25.00000000000002,0,0,0,0,0,0,0,0,0,2.98487374475313,894.8426367592056,-1,-1
1280,5493,25.00000000103082,0,0,0,0,0,0,0,0,0,2.180575882612721,653.7202037039871,-1,-1
1281,5052,25.00000000009977,0,0,0,0,0,0,0,0,0,3.980485248990738,1193.319456827675,-1,-1
1282,5297,25.00000000019643,0,0,0,0,0,0,0,0,0,1.766344578746531,529.5367829373972,-1,-1
1283,5380,24.99999999992051,0,0,0,0,0,0,0,0,0,5.230396018635974,1568.033278740293,-1,-1
1284,5260,24.99999999999997,0,0,0,0,0,0,0,0,0,3.357850087084008,1006.658131202429,-1,-1
1285,4886,25,0,0,0,0,0,0,0,0,0,8.681002545636465,2602.499091060613,-1,-1
1286,5571,25.00000000092933,0,0,0,0,0,0,0,0,0,0.887383976395585,266.0310234734464,-1,-1
1287,6016,25.00000000049791,0,0,0,0,0,0,0,0,0,4.538358227944024,1360.565568439863,-1,-1
1288,4581,25.00000000060544,0,0,0,0,0,0,0,0,0,2.314748938406906,693.944273897897,-1,-1
1289,5528,25.00000000070393,0,0,0,0,0,0,0,0,0,1.781329816127919,534.0292440856767,-1,-1
1290,4727,25.00000000053536,0,0,0,0,0,0,0,0,0,4.869807300185109,1459.931500508838,-1,-1
1291,5545,25.00000000000005,0,0,0,0,0,0,0,0,0,4.644525264503725,1392.393645288672,-1,-1
1292,5818,25,0,0,0,0,0,0,0,0,0,6.979378117887829,2092.364921273006,-1,-1
1293,5611,24.99999999996948,0,0,0,0,0,0,0,0,0,4.457448787755308,1336.309528490284,-1,-1
1294,4435,25,0,0,0,0,0,0,0,0,0,4.715507821987973,1413.673680672001,-1,-1
1295,5101,25.00000000133619,0,0,0,0,0,0,0,0,0,0.9321972199877779,279.4656959209027,-1,-1
1296,4925,25.0000000000182,0,0,0,0,0,0,0,0,0,1.850801756388345,554.856407818379,-1,-1
1297,5233,25.00000000017656,0,0,0,0,0,0,0,0,0,1.89545752355433,568.2438700209456,-1,-1
1298,5584,25.00000000000001,0,0,0,0,0,0,0,0,0,2.322000747706454,696.1183116327556,-1,-1
1299,5423,25.00000000066694,0,0,0,0,0,0,0,0,0,0.1026366267762903,30.76968662209269,-1,-1
1300,5357,25.00000000031616,0,0,0,0,0,0,0,0,0,0.5047376586842937,151.3165433421294,-1,-1
1301,5581,25.000000000917,0,0,0,0,0,0,0,0,0,0.1865687176902333,55.93189446226314,-1,-1
1302,5446,25,0,0,0,0,0,0,0,0,0,3.849695095622097,1154.109555267094,-1,-1
1303,5391,25.0000000014702,0,0,0,0,0,0,0,0,0,0.05170983255604324,15.50221780474463,-1,-1
1304,4154,25.00000000006602,0,0,0,0,0,0,0,0,0,0.1020371286816904,30.58996161474627,-1,-1
1305,5239,25.00000000000005,0,0,0,0,0,0,0,0,0,6.443142682668924,1931.605582082031,-1,-1
1306,5828,25.00000000179061,0,0,0,0,0,0,0,0,0,5.655800918593169,1695.566459343704,-1,-1
1307,5334,24.99999999999995,0,0,0,0,0,0,0,0,0,1.257684913039784,377.044451469713,-1,-1
1308,4838,25.00000000108516,0,0,0,0,0,0,0,0,0,2.00189306650395,600.1524430603766,-1,-1
1309,5622,25,0,0,0,0,0,0,0,0,0,4.075208487530301,1221.716769339171,-1,-1
1310,4952,25.00000000068989,0,0,0,0,0,0,0,0,0,1.501978626647002,450.2818643459692,-1,-1
1311,5211,25.00000000001067,0,0,0,0,0,0,0,0,0,3.700500660792925,1109.382188929735,-1,-1
1312,5554,24.99999999999993,0,0,0,0,0,0,0,0,0,0.9836685303635829,294.8964065749462,-1,-1
1313,5259,25.00000000000004,0,0,0,0,0,0,0,0,0,7.90101680840085,2368.665249689805,-1,-1
1314,6072,24.99999999999998,0,0,0,0,0,0,0,0,0,6.768363671346974,2029.104381671014,-1,-1
1315,5082,25.00000000034631,0,0,0,0,0,0,0,0,0,0.8305903807964486,249.0047318501233,-1,-1
1316,5497,25,0,0,0,0,0,0,0,0,0,3.325423633659963,996.936925026212,-1,-1
1317,4343,25.00000000000001,0,0,0,0,0,0,0,0,0,5.349354719882162,1603.696200187375,-1,-1
1318,5109,25.0000000013574,0,0,0,0,0,0,0,0,0,2.347195487750373,703.6715046791933,-1,-1
1319,5563,25.00000000095195,0,0,0,0,0,0,0,0,0,0.9394574420690234,281.6422557442651,-1,-1
1320,4849,25,0,0,0,0,0,0,0,0,0,5.184496190077273,1554.272856314901,-1,-1
1321,5430,25,0,0,0,0,0,0,0,0,0,3.385494367853933,1014.945678084087,-1,-1
1322,5319,25.00000000047726,0,0,0,0,0,0,0,0,0,5.489268960348847,1645.641434246085,-1,-1
1323,5000,25.00000000000003,0,0,0,0,0,0,0,0,0,3.884211416138434,1164.457287835802,-1,-1
1324,5535,25.00000000082507,0,0,0,0,0,0,0,0,0,4.368049227204491,1309.508214488635,-1,-1
1325,5596,24.99999999999994,0,0,0,0,0,0,0,0,0,4.413250678656336,1323.059268724551,-1,-1
1326,5725,25.00000000003858,0,0,0,0,0,0,0,0,0,1.764439068789154,528.9655254235316,-1,-1
1327,5866,25.00000000108892,0,0,0,0,0,0,0,0,0,4.508486917304647,1351.610374799603,-1,-1
1328,4830,25.00000000000001,0,0,0,0,0,0,0,0,0,5.745965521047402,1722.597127138052,-1,-1
1329,5233,25.00000000000001,0,0,0,0,0,0,0,0,0,2.404235821775884,720.7717666218423,-1,-1
1330,4999,24.99999999999995,0,0,0,0,0,0,0,0,0,0.2369073200621164,71.0230277996146,-1,-1
1331,5394,24.99999999999999,0,0,0,0,0,0,0,0,0,6.656035258019767,1995.42917053641,-1,-1
1332,4466,25.00000000000004,0,0,0,0,0,0,0,0,0,5.471128958927033,1640.203198631716,-1,-1
1333,5069,25.00000000190235,0,0,0,0,0,0,0,0,0,0.5629480161685484,168.7675694933929,-1,-1
1334,5164,24.99999999999998,0,0,0,0,0,0,0,0,0,2.433779648770206,729.6287831351967,-1,-1
1335,5435,25.00000000000004,0,0,0,0,0,0,0,0,0,10.03015258054804,3006.964096237541,-1,-1
1336,5108,24.99999999999997,0,0,0,0,0,0,0,0,0,2.629978275619828,788.4476517346698,-1,-1
1337,5251,24.99999999999999,0,0,0,0,0,0,0,0,0,8.195682885243739,2457.003917155753,-1,-1
1338,5514,25.00000000122522,0,0,0,0,0,0,0,0,0,0.2349903182206192,70.44832510556164,-1,-1
1339,5068,25,0,0,0,0,0,0,0,0,0,4.08879453707783,1225.789764527535,-1,-1
1340,5640,25.00000000141853,0,0,0,0,0,0,0,0,0,1.781741235896003,534.1525846292205,-1,-1
1341,5421,25,0,0,0,0,0,0,0,0,0,4.091709751127193,1226.663723712989,-1,-1
1342,4708,25.00000000000001,0,0,0,0,0,0,0,0,0,5.412615212396,1622.661218732389,-1,-1
1343,5120,25.00000000002959,0,0,0,0,0,0,0,0,0,0.9941274520990079,298.0319124300389,-1,-1
1344,5206,24.99999999996825,0,0,0,0,1,0,0,0,0,0.7332585676186038,219.8253883359404,-1,-1
1345,5423,25.00000000000001,0,0,0,0,0,0,0,0,0,4.610507374626083,1382.19533846628,-1,-1
1346,5203,25.00000000117966,0,0,0,0,0,0,0,0,0,0.6014574388927407,180.3124039880396,-1,-1
1347,5210,25.00000000089172,0,0,0,0,0,0,0,0,0,2.850028468929818,854.4170400704469,-1,-1
1348,5667,25.0000000012814,0,0,0,0,0,0,0,0,0,0.4020255352982735,120.5242234058352,-1,-1
1349,5528,25.0000000005302,0,0,0,0,0,0,0,0,0,3.702482751896951,1109.976404893791,-1,-1
1350,5033,25.00000000205008,0,0,0,0,0,0,0,0,0,0.4147887835132449,124.3505489602656,-1,-1
1351,5436,25.00000000000002,0,0,0,0,0,0,0,0,0,3.837588562038742,1150.480107806279,-1,-1
1352,5658,24.99999999999998,0,0,0,0,0,0,0,0,0,4.224173016276372,1266.375211566768,-1,-1
1353,5418,24.99999999999996,0,0,0,0,0,0,0,0,0,0.1804439140106652,54.09572451239796,-1,-1
1354,5303,25.00000000015881,0,0,0,0,0,0,0,0,0,0.5074335499270879,152.1247512043074,-1,-1
1355,6236,24.99999999999999,0,0,0,0,0,0,0,0,0,4.756244428109875,1425.886207951864,-1,-1
1356,5883,25,0,0,0,0,0,0,0,0,0,4.657346267711732,1396.237285354426,-1,-1
1357,5496,25.00000000000001,0,0,0,0,0,0,0,0,0,2.149015020179252,644.2584951784578,-1,-1
1358,5552,25.000000000572,0,0,0,0,0,0,0,0,0,6.691056231982614,2005.928194402286,-1,-1
1359,5040,25.00000000012063,0,0,0,0,0,0,0,0,0,2.303947166821452,690.7059842435392,-1,-1
1360,5504,25.00000000122517,0,0,0,0,0,0,0,0,0,1.303124658900168,390.666944572093,-1,-1
1361,5845,25.0000000004977,0,0,0,0,0,0,0,0,0,0.2913586617472747,87.34712936480607,-1,-1
1362,5697,25,0,0,0,0,0,0,0,0,0,2.899208119665362,869.160728448037,-1,-1
1363,5559,25.00000000014392,0,0,0,0,0,0,0,0,0,1.048208360501368,314.2449608908553,-1,-1
1364,5345,25.00000000019012,0,0,0,0,0,0,0,0,0,3.716506949815575,1114.180753659294,-1,-1
1365,5377,25.00000000165192,0,0,0,0,0,0,0,0,0,3.222169036889658,965.9819756606433,-1,-1
1366,5509,25.00000000000002,0,0,0,0,0,0,0,0,0,3.190525705272163,956.4955434957253,-1,-1
1367,4961,24.99999999999999,0,0,0,0,0,0,0,0,0,7.238383574674804,2170.012803798586,-1,-1
1368,5349,24.99999999999296,0,0,0,0,0,0,0,0,0,3.572654858659213,1071.054981663088,-1,-1
1369,4802,25.00000000014238,0,0,0,0,0,0,0,0,0,7.945262290646129,2381.929711567514,-1,-1
1370,5385,24.99999999999999,0,0,0,0,0,0,0,0,0,3.89844035215761,1168.723015539715,-1,-1
1371,4605,25.00000000005338,0,0,0,0,0,0,0,0,0,2.375842214620985,712.2595773413889,-1,-1
1372,5407,24.99999999999998,0,0,0,0,0,0,0,0,0,6.021057382993738,1805.06759260674,-1,-1
1373,5312,25.00000000024559,0,0,0,0,0,0,0,0,0,0.6409249417757089,192.1444636884467,-1,-1
1374,5041,24.99999999999997,0,0,0,0,0,0,0,0,0,9.434769946498667,2828.472872925363,-1,-1
1375,4897,25.00000000136882,0,0,0,0,0,0,0,0,0,2.672074261989862,801.0677109604768,-1,-1
1376,5413,25,0,0,0,0,0,0,0,0,0,3.323157959860945,996.2576931089782,-1,-1
1377,5286,24.99999999999996,0,0,0,0,0,0,0,0,0,0.5904892253652171,177.0242162947544,-1,-1
1378,5438,24.99999999999999,0,0,0,0,0,0,0,0,0,3.779109105598247,1132.94840781748,-1,-1
1379,5414,25.00000000022107,0,0,0,0,0,0,0,0,0,1.210816183894135,362.9935599558028,-1,-1
1380,4898,25.00000000000001,0,0,0,0,0,0,0,0,0,8.082851381647075,2423.177883352673,-1,-1
1381,5175,25.00000000131955,0,0,0,0,0,0,0,0,0,2.189787203693412,656.4816882921948,-1,-1
1382,5526,25.00000000068021,0,0,0,0,0,0,0,0,0,0.1807957684184749,54.20120781017336,-1,-1
1383,5274,25.00000000004298,0,0,0,0,0,0,0,0,0,0.4494177535017582,134.7320529911302,-1,-1
1384,5100,25.00000000094317,0,0,0,0,0,0,0,0,0,0.5751525395243865,172.426393548958,-1,-1
1385,5526,25.00000000095525,0,0,0,0,0,0,0,0,0,0.1851778369436135,55.51491890444909,-1,-1
1386,5214,25.00000000058654,0,0,0,0,0,0,0,0,0,0.04193637830410039,12.57220993140413,-1,-1
1387,5183,25.00000000053783,0,0,0,0,0,0,0,0,0,3.813473648862976,1143.250638710861,-1,-1
1388,5196,24.99999999999997,0,0,0,0,0,0,0,0,0,0.5087170462108442,152.5095337100486,-1,-1
1389,5695,25.00000000222041,0,0,0,0,0,0,0,0,0,6.835729931720625,2049.300278454698,-1,-1
1390,5025,24.99999999999996,0,0,0,0,0,0,0,0,0,1.269486680708908,380.5825324079848,-1,-1
1391,5214,24.99999999999992,0,0,0,0,0,0,0,0,0,3.796676996596883,1138.215129041837,-1,-1
1392,5631,25,0,0,0,0,0,0,0,0,0,4.930701680180647,1478.187176366086,-1,-1
1393,5439,24.99999999999998,0,0,0,0,0,0,0,0,0,0.916064560579713,274.6292463028821,-1,-1
1394,5126,25.00000000000002,0,0,0,0,0,0,0,0,0,12.61290589386056,3781.254060443145,-1,-1
1395,5190,25.00000000064482,0,0,0,0,0,0,0,0,0,4.946139619744056,1482.815354214256,-1,-1
1396,5359,24.99999999999998,0,0,0,0,0,0,0,0,0,6.126564308821738,1836.69777323674,-1,-1
1397,5142,25.00000000000001,0,0,0,0,0,0,0,0,0,2.641967625334911,792.0419683555757,-1,-1
1398,5933,25.00000000000002,0,0,0,0,0,0,0,0,0,3.37458844930048,1011.676165954199,-1,-1
1399,5233,25.00000000008524,0,0,0,0,0,0,0,0,0,0.3965329342889755,118.8775830484444,-1,-1
1400,5059,24.99999999970769,0,0,0,0,0,0,0,0,0,3.355145563717486,1005.847335494661,-1,-1
1401,6145,25,0,0,0,0,0,0,0,0,0,3.914462040024016,1173.526196726494,-1,-1
1402,4804,24.99999999999865,0,0,0,0,0,0,0,0,0,3.932364204796388,1178.893130707124,-1,-1
1403,5649,24.99999999999995,0,0,0,0,0,0,0,0,0,1.202451215510613,360.4858055230143,-1,-1
1404,5094,25,0,0,0,0,0,0,0,0,0,2.309826492435237,692.4685617206782,-1,-1
1405,4651,25.00000000065712,0,0,0,0,0,0,0,0,0,1.138309209889964,341.2565159969502,-1,-1
1406,5163,24.99999999999996,0,0,0,0,0,0,0,0,0,5.679671746718179,1702.722753581797,-1,-1
1407,5147,25.0000000009565,0,0,0,0,0,0,0,0,0,1.817556824034281,544.8898278319105,-1,-1
1408,5548,25.00000000034951,0,0,0,0,0,0,0,0,0,7.93922823267996,2380.120746498121,-1,-1
1409,4843,24.99999999999997,0,0,0,0,0,0,0,0,0,5.138803274713031,1540.574464904669,-1,-1
1410,6067,24.99999999999999,0,0,0,0,0,0,0,0,0,3.015812925611446,904.1179698372266,-1,-1
1411,5607,25.00000000000003,0,0,0,0,0,0,0,0,0,4.850488703408496,1454.139930896066,-1,-1
1412,5096,25.00000000096639,0,0,0,0,0,0,0,0,0,2.564367862012666,768.778144568982,-1,-1
1413,5239,25.00000000124792,0,0,0,0,0,0,0,0,0,1.282551659012862,384.4993143674438,-1,-1
1414,5320,25.00000000173978,0,0,0,0,0,0,0,0,0,4.545819468484607,1362.802392081254,-1,-1
1415,5478,25.00000000040312,0,0,0,0,0,0,0,0,0,0.4007116337024446,120.1303256168515,-1,-1
1416,5535,25.00000000006252,0,0,0,0,0,0,0,0,0,1.689261771011453,506.4279385369566,-1,-1
1417,5599,25.00000000000002,0,0,0,0,0,0,0,0,0,4.243528409107027,1272.177812359025,-1,-1
1418,4942,24.99999999999998,0,0,0,0,0,0,0,0,0,6.939336660910477,2080.360794463865,-1,-1
1419,5289,25,0,0,0,0,0,0,0,0,0,4.570801000152035,1370.291666864437,-1,-1
1420,5716,24.99999999999999,0,0,0,0,0,0,0,0,0,4.173661081899907,1251.232114601713,-1,-1
1421,5770,24.99999999999991,0,0,0,0,0,0,0,0,0,1.427026485075571,427.8117775919058,-1,-1
1422,5531,25.00000000000001,0,0,0,0,0,0,0,0,0,6.630959624565523,1987.911684747255,-1,-1
1423,4465,24.99999999999995,0,0,0,0,0,0,0,0,0,7.879558842675618,2362.232313401359,-1,-1
1424,5300,25.00000000000004,0,0,0,0,0,0,0,0,0,6.041212523011127,1811.109951573887,-1,-1
1425,5990,24.99999999999999,0,0,0,0,0,0,0,0,0,4.059568608893025,1217.028051679681,-1,-1
1426,5164,25.00000000006664,0,0,0,0,0,0,0,0,0,3.850426413830336,1154.328798950322,-1,-1
1427,5364,25.00000000000002,0,0,0,0,0,0,0,0,0,10.96915313110678,3288.469379352896,-1,-1
1428,5733,25.00000000000002,0,0,0,0,0,0,0,0,0,5.801424202577973,1739.223221591541,-1,-1
1429,5907,24.99999999999998,0,0,0,0,0,0,0,0,0,1.121534189365933,336.2274913610505,-1,-1
1430,5554,25.00000000068824,0,0,0,0,0,0,0,0,0,2.783422695427455,834.4491315151822,-1,-1
1431,4847,24.99999999998007,0,0,0,0,0,0,0,0,0,4.305295396227318,1290.695089251072,-1,-1
1432,5124,24.99999999999998,0,0,0,0,0,0,0,0,0,4.851619902369578,1454.479055813095,-1,-1
1433,5352,24.99999999995758,0,0,0,0,0,0,0,0,0,2.93690441859368,880.4617945612604,-1,-1
1434,5417,25.00000000000002,0,0,0,0,0,0,0,0,0,9.514614464048041,2852.409657099314,-1,-1
1435,4964,25.00000000046407,0,0,0,0,0,0,0,0,0,2.540465813700088,761.6124907541196,-1,-1
1436,5242,25.00000000018336,0,0,0,0,0,0,0,0,0,0.003769253028748202,1.129993630312368,-1,-1
1437,5010,25.00000000000002,0,0,0,0,0,0,0,0,0,8.603616113421596,2579.299222331067,-1,-1
1438,5292,24.99999999999999,0,0,0,0,0,0,0,0,0,8.20678722991895,2460.332915940413,-1,-1
1439,5134,25,0,0,0,0,0,0,0,0,0,3.124546986239684,936.715621141287,-1,-1
1440,4759,25.00000000128581,0,0,0,0,0,0,0,0,0,3.286914528940492,985.3921858669823,-1,-1
1441,5172,25.00000000000001,0,0,0,0,0,0,0,0,0,5.975214230231637,1791.32416115772,-1,-1
1442,5320,24.99999999967751,0,0,0,0,0,0,0,0,0,5.009271020933801,1501.741672153914,-1,-1
1443,5165,25.00000000000001,0,0,0,0,0,0,0,0,0,2.243895693075336,672.7030053226687,-1,-1
1444,5223,25.00000000000002,0,0,0,0,0,0,0,0,0,5.91689419772071,1773.84025526063,-1,-1
1445,5098,25.00000000157446,0,0,0,0,0,0,0,0,0,3.537916026837681,1060.640541883263,-1,-1
1446,5542,24.99999999997553,0,0,0,0,1,0,0,0,0,0.396685590916899,118.9233483541596,-1,-1
1447,5403,25.00000000000002,0,0,0,0,0,0,0,0,0,2.317032053455238,694.6287345701334,-1,-1
1448,4472,24.99999999976276,0,0,0,0,0,0,0,0,0,4.326647097294803,1297.096168196574,-1,-1
1449,5551,24.9999999999999,0,0,0,0,0,0,0,0,0,0.2268136655180859,67.99702629365682,-1,-1
1450,5282,25.00000000071776,0,0,0,0,0,0,0,0,0,2.180710818016906,653.760656320479,-1,-1
1451,5281,25.0000000001521,0,0,0,0,0,0,0,0,0,2.754272744824438,825.710196173325,-1,-1
1452,5555,25.00000000095074,0,0,0,0,0,0,0,0,0,0.1543766378523121,46.28095171952049,-1,-1
1453,5147,24.99999999999998,0,0,0,0,0,0,0,0,0,4.052436662617643,1214.88994797546,-1,-1
1454,5161,25.00000000091416,0,0,0,0,0,0,0,0,0,0.5059570043898532,151.6820939883509,-1,-1
1455,5615,25.00000000000001,0,0,0,0,0,0,0,0,0,12.64573308837383,3791.095405775521,-1,-1
1456,5609,24.99999999999997,0,0,0,0,0,0,0,0,0,3.362094382196651,1007.930538866726,-1,-1
1457,5040,24.99999999999996,0,0,0,0,0,0,0,0,0,4.879390260021895,1462.804399593223,-1,-1
1458,5316,25.00000000000001,0,0,0,0,0,0,0,0,0,7.718523448399887,2313.955116726439,-1,-1
1459,5819,25.00000000006688,0,0,0,0,0,0,0,0,0,0.07860517702351583,23.56523923140493,-1,-1
1460,5175,25.00000000042726,0,0,0,0,0,0,0,0,0,0.6291629635396186,188.6183113221066,-1,-1
1461,4786,25.00000000000002,0,0,0,0,0,0,0,0,0,4.312783097805908,1292.939845712087,-1,-1
1462,5022,25.00000000019231,0,0,0,0,0,0,0,0,0,3.101163249032703,929.7053530867803,-1,-1
1463,5872,25.00000000000004,0,0,0,0,0,0,0,0,0,4.748848088014822,1423.668840974563,-1,-1
1464,5227,25.00000000163739,0,0,0,0,0,0,0,0,0,1.008598231544261,302.3701429691072,-1,-1
1465,4670,24.99999999998469,0,0,0,0,0,0,0,0,0,1.974348753469896,591.8948657519763,-1,-1
1466,5052,25.00000000000002,0,0,0,0,0,0,0,0,0,2.473908478380362,741.6591036006886,-1,-1
1467,5587,25.00000000000001,0,0,0,0,0,0,0,0,0,7.691262465996259,2305.782479804161,-1,-1
1468,5192,24.99999999999992,0,0,0,0,0,0,0,0,0,0.1083601225096828,32.48554747635892,-1,-1
1469,5513,24.99999999999998,0,0,0,0,0,0,0,0,0,2.868821438656062,860.0510306577969,-1,-1
1470,5493,24.99999999999996,0,0,0,0,0,0,0,0,0,4.754282264844465,1425.29796620353,-1,-1
1471,4816,25.00000000021611,0,0,0,0,0,0,0,0,0,0.9845844340961779,295.1709876062322,-1,-1
1472,5801,24.99999999999999,0,0,0,0,0,0,0,0,0,7.079351062398127,2122.336056041245,-1,-1
1473,5603,25,0,0,0,0,0,0,0,0,0,5.578695408660125,1672.450808995533,-1,-1
1474,5412,25.00000000010134,0,0,0,0,0,0,0,0,0,0.9115797737325838,273.2847410303751,-1,-1
1475,5256,25.00000000022808,0,0,0,0,0,0,0,0,0,0.1822988197895865,54.65181127521919,-1,-1
1476,5319,25.00000000125101,0,0,0,0,0,0,0,0,0,0.04404827001706309,13.20533913906305,-1,-1
1477,5191,25.00000000157254,0,0,0,0,0,0,0,0,0,1.426769729973513,427.7348043487557,-1,-1
1478,4907,24.99999999997838,0,0,0,0,0,0,0,0,0,3.242526596163462,972.0850183942176,-1,-1
1479,5114,25.00000000000002,0,0,0,0,0,0,0,0,0,13.03958932880653,3909.170536193479,-1,-1
1480,5729,24.99999999997929,0,0,0,0,0,0,0,0,0,8.406486100675771,2520.201131264425,-1,-1
1481,5673,24.99999999999996,0,0,0,0,0,0,0,0,0,5.507038602745634,1650.968639017999,-1,-1
1482,5377,25.00000000006724,0,0,0,0,0,0,0,0,0,1.503034679474951,450.5984610190378,-1,-1
1483,5066,25.00000000077661,0,0,0,0,0,0,0,0,0,0.8813128703212532,264.2109516606437,-1,-1
1484,5619,24.99999999999754,0,0,0,0,0,0,0,0,0,0.9269615587572744,277.8960841713547,-1,-1
1485,5090,25.00000000026072,0,0,0,0,0,0,0,0,0,4.894646095719565,1467.377984075872,-1,-1
1486,5246,24.99999999999996,0,0,0,0,0,0,0,0,0,1.162759042356116,348.5863913696662,-1,-1
1487,5630,25.00000000014441,0,0,0,0,0,0,0,0,0,1.453569406314443,435.7691451926075,-1,-1
1488,5294,25.00000000133081,0,0,0,0,0,0,0,0,0,4.417007025591295,1324.185393205283,-1,-1
1489,5130,25.00000000035282,0,0,0,0,0,0,0,0,0,1.356368606297831,406.629078436061,-1,-1
1490,5309,25.00000000001057,0,0,0,0,0,0,0,0,0,6.27002950386157,1879.707556695181,-1,-1
1491,5417,25,0,0,0,0,0,0,0,0,0,5.603351081385933,1679.842393725647,-1,-1
1492,4836,25.00000000000004,0,0,0,0,0,0,0,0,0,2.866612503166257,859.3888084577449,-1,-1
1493,4934,25.0000000000517,0,0,0,0,0,0,0,0,0,3.455137667408442,1035.824214040763,-1,-1
1494,4510,25.0000000005501,0,0,0,0,0,0,0,0,0,0.7624994936913071,228.5915974374724,-1,-1
1495,5513,24.99999999999998,0,0,0,0,0,0,0,0,0,5.384857526317403,1614.339673794494,-1,-1
1496,5325,24.99999999999999,0,0,0,0,0,0,0,0,0,0.5729721474701084,171.7727284556023,-1,-1
1497,5299,24.99999999999998,0,0,0,0,0,0,0,0,0,12.95404249661851,3883.524241097719,-1,-1
1498,5542,25.00000000142485,0,0,0,0,0,0,0,0,0,0.119426868359304,35.80327441667816,-1,-1
1499,5194,25.00000000028478,0,0,0,0,0,0,0,0,0,0.3288431025651273,98.58468201434563,-1,-1
1500,5441,25.00000000000003,0,0,0,0,0,0,0,0,0,4.321513878971021,1295.557268057837,-1,-1
1501,4788,25.00000000018001,0,0,0,0,0,0,0,0,0,3.19698649718888,958.4324401850645,-1,-1
1502,5377,25.00000000123445,0,0,0,0,0,0,0,0,0,0.01226893435499763,3.678133987325383,-1,-1
1503,5164,25.0000000012554,0,0,0,0,0,0,0,0,0,1.069058390933488,320.4956427634752,-1,-1
1504,5251,25.00000000137603,0,0,0,0,0,0,0,0,0,1.909249502248493,572.3786012143523,-1,-1
1505,5853,25.0000000012794,0,0,0,0,0,0,0,0,0,3.80419206225486,1140.468089047474,-1,-1
1506,5188,25.00000000000004,0,0,0,0,0,0,0,0,0,7.1602331740323,2146.583903096284,-1,-1
1507,4690,24.99999999999999,0,0,0,0,0,0,0,0,0,6.208999019331939,1861.411077725112,-1,-1
1508,5896,25.00000000040821,0,0,0,0,0,0,0,0,0,1.43552152564094,430.3585266838073,-1,-1
1509,5640,25.0000000000882,0,0,0,0,0,0,0,0,0,5.774071902015573,1731.023208173984,-1,-1
1510,5451,24.99999999999998,0,0,0,0,0,0,0,0,0,4.239346363548451,1270.924066641552,-1,-1
1511,5132,25.00000000016257,0,0,0,0,0,0,0,0,0,3.758934838197626,1126.900314605099,-1,-1
1512,5481,25.00000000039715,0,0,0,0,0,0,0,0,0,0.8726912658803189,261.6262596733923,-1,-1
1513,5246,25.00000000049091,0,0,0,0,0,0,0,0,0,2.221444610984272,665.9723402378289,-1,-1
1514,5119,25.00000000000001,0,0,0,0,0,0,0,0,0,2.399067452583937,719.2223285179371,-1,-1
1515,5246,25.00000000018871,0,0,0,0,0,0,0,0,0,0.869283537677833,260.6046484593732,-1,-1
1516,4899,25.00000000000001,0,0,0,0,0,0,0,0,0,6.44858654777812,1933.237611784137,-1,-1
1517,4684,25.00000000000046,0,0,0,0,0,0,0,0,0,4.124834257031027,1236.594200757936,-1,-1
1518,5135,24.99999999999999,0,0,0,0,0,0,0,0,0,3.057390977937689,916.5827563429638,-1,-1
1519,5411,25,0,0,0,0,0,0,0,0,0,6.328164771331045,1897.136071426342,-1,-1
1520,5103,25.00000000000006,0,0,0,0,0,0,0,0,0,1.830453488700424,548.7561506321755,-1,-1
1521,4627,25.00000000068759,0,0,0,0,0,0,0,0,0,2.888396549824641,865.9195013506485,-1,-1
1522,5296,25.00000000047659,0,0,0,0,0,0,0,0,0,0.5062850482979544,151.7804390778925,-1,-1
1523,5034,25.00000000007431,0,0,0,0,0,0,0,0,0,6.486731196114361,1944.673089668404,-1,-1
1524,4682,25.00000000007031,0,0,0,0,0,0,0,0,0,3.8222482529161,1145.881198827923,-1,-1
1525,5107,24.99999999999999,0,0,0,0,0,0,0,0,0,5.114676014352638,1533.34129421642,-1,-1
1526,4959,24.99999999999999,0,0,0,0,0,0,0,0,0,1.53709660856527,460.8099704652461,-1,-1
1527,5314,25.00000000035768,0,0,0,0,0,0,0,0,0,0.4774738539440047,143.1430603046062,-1,-1
1528,5358,25.00000000000001,0,0,0,0,0,0,0,0,0,7.486420761116288,2244.372481597283,-1,-1
1529,5447,25.00000000000335,0,0,0,0,0,0,0,0,0,0.114055435466501,34.19295934676272,-1,-1
1530,5120,24.99999999999997,0,0,0,0,0,0,0,0,0,3.946979419134936,1183.274661737875,-1,-1
1531,5239,25.00000000000003,0,0,0,0,0,0,0,0,0,4.687084684284501,1405.152638355804,-1,-1
1532,4705,25.00000000009233,0,0,0,0,0,0,0,0,0,3.942334144679769,1181.882043490876,-1,-1
1533,5541,25.00000000023762,0,0,0,0,0,0,0,0,0,2.113066163498142,633.4812990717379,-1,-1
1534,5438,25.00000000001033,0,0,0,0,0,0,0,0,0,0.09595737346221411,28.76729685346114,-1,-1
1535,5305,24.99999999999998,0,0,0,0,0,0,0,0,0,6.528891652423156,1957.31247649562,-1,-1
1536,5686,25.00000000116968,0,0,0,0,0,0,0,0,0,2.779774894943158,833.3555484417011,-1,-1
1537,5445,25.00000000003002,0,0,0,0,0,0,0,0,0,4.946144929531911,1482.816946048609,-1,-1
1538,4923,25.00000000162385,0,0,0,0,0,0,0,0,0,2.662016666685024,798.0525197424703,-1,-1
1539,5329,24.99999999998495,0,0,0,0,0,0,0,0,0,3.665491419306956,1098.886682371941,-1,-1
1540,4905,25.00000000078725,0,0,0,0,0,0,0,0,0,1.685173241522807,505.20222823195,-1,-1
1541,5027,24.99999999999997,0,0,0,0,0,0,0,0,0,1.024031864300439,306.9970296689512,-1,-1
1542,4782,25.00000000168649,0,0,0,0,0,0,0,0,0,2.701004811724027,809.7408715765732,-1,-1
1543,5375,25.00000000212686,0,0,0,0,0,0,0,0,0,3.444516835283308,1032.640168671964,-1,-1
1544,5370,24.99999999999994,0,0,0,0,0,0,0,0,0,0.5757640491549282,172.6097195241887,-1,-1
1545,5199,25,0,0,0,0,0,0,0,0,0,4.717646912548314,1414.31496388897,-1,-1
1546,5132,25,0,0,0,0,0,0,0,0,0,1.732618622051684,519.4259954814473,-1,-1
1547,5348,25.00000000030962,0,0,0,0,0,0,0,0,0,1.222354480487574,366.4526542526828,-1,-1
1548,5728,25.00000000048068,0,0,0,0,0,0,0,0,0,1.844803694716976,553.0582341666837,-1,-1
1549,5204,24.99999999999998,0,0,0,0,0,0,0,0,0,0.4397545121829728,131.8350861239244,-1,-1
1550,5092,25.00000000000001,0,0,0,0,0,0,0,0,0,10.028223565681,3006.385792129032,-1,-1
1551,4593,25.00000000099696,0,0,0,0,0,0,0,0,0,0.5662861142405794,169.7683061194521,-1,-1
1552,5129,25.000000000053,0,0,0,0,0,0,0,0,0,0.0504386246695745,15.12111926783118,-1,-1
1553,5426,24.99999999999993,0,0,0,0,0,0,0,0,0,2.602835047543827,780.3103166717109,-1,-1
1554,5398,25,0,0,0,0,0,0,0,0,0,4.10547484476315,1230.790394968713,-1,-1
1555,5497,25.00000000004445,0,0,0,0,0,0,0,0,0,1.18316508077373,354.7039677849249,-1,-1
1556,5320,24.99999999981628,0,0,0,0,0,0,0,0,0,7.141506359765447,2140.969745416716,-1,-1
1557,5353,25.00000000000001,0,0,0,0,0,0,0,0,0,2.793296685663026,837.4092793181719,-1,-1
1558,5464,25.00000000000002,0,0,0,0,0,0,0,0,0,4.216900841444723,1264.195068398982,-1,-1
1559,5198,25.00000000201278,0,0,0,0,0,0,0,0,0,4.453774923971545,1335.208131836192,-1,-1
1560,5309,25.00000000000002,0,0,0,0,0,0,0,0,0,3.168821135269206,949.9886771047059,-1,-1
1561,5111,24.99999999999998,0,0,0,0,0,0,0,0,0,5.993797582371893,1796.895309973727,-1,-1
1562,5473,25.00000000169348,0,0,0,0,0,0,0,0,0,0.6485435522492737,194.4284656488612,-1,-1
1563,5113,25.00000000102982,0,0,0,0,0,0,0,0,0,2.542998489960649,762.3717679955914,-1,-1
1564,5381,24.99999999999998,0,0,0,0,0,0,0,0,0,4.339476378014143,1300.942289797797,-1,-1
1565,5497,24.99999999999991,0,0,0,0,0,0,0,0,0,0.2853875865440728,85.5570460527353,-1,-1
1566,4928,25.00000000104513,0,0,0,0,0,0,0,0,0,0.7574790778081605,227.0865146196817,-1,-1
1567,5650,24.99999999999998,0,0,0,0,0,0,0,0,0,1.242769222664248,372.5728399892643,-1,-1
1568,5139,24.99999999999998,0,0,0,0,0,0,0,0,0,9.606956349435693,2880.093057896033,-1,-1
1569,5141,24.99999999999998,0,0,0,0,0,0,0,0,0,5.948253712672422,1783.241601329691,-1,-1
1570,5527,25.00000000084274,0,0,0,0,0,0,0,0,0,0.5866133728302055,175.8622649364378,-1,-1
1571,5439,25.00000000014203,0,0,0,0,0,0,0,0,0,0.3133894117209627,93.95178205100143,-1,-1
1572,5558,24.99999999999999,0,0,0,0,0,0,0,0,0,12.6112961287706,3780.771465010023,-1,-1
1573,4904,25.00000000043039,0,0,0,0,0,0,0,0,0,0.2706076271825416,81.12612570660177,-1,-1
1574,5664,25.00000000101319,0,0,0,0,0,0,0,0,0,1.013343658598006,303.792786209809,-1,-1
1575,5152,25.00000000000008,0,0,0,0,0,0,0,0,0,8.040443641051972,2410.46436256144,-1,-1
1576,4986,25.00000000043465,0,0,0,0,0,0,0,0,0,1.465444417941163,439.3291841169605,-1,-1
1577,5026,25.00000000145128,0,0,0,0,0,0,0,0,0,14.28016268473357,4281.085071896156,-1,-1
1578,5241,25.00000000000001,0,0,0,0,0,0,0,0,0,4.988214647027124,1495.429130063864,-1,-1
1579,4688,24.99999999999999,0,0,0,0,0,0,0,0,0,9.628180678471901,2886.4559516672,-1,-1
1580,4970,25.00000000070543,0,0,0,0,0,0,0,0,0,1.181463496503456,354.1938456540456,-1,-1
1581,5048,25.00000000000002,0,0,0,0,0,0,0,0,0,7.487423254802051,2244.673021643468,-1,-1
1582,5321,25.00000000117877,0,0,0,0,0,0,0,0,0,4.892619512170322,1466.770429612302,-1,-1
1583,5306,25.00000000000001,0,0,0,0,0,0,0,0,0,6.565997312524436,1968.436473543095,-1,-1
1584,4951,25.00000000038601,0,0,0,0,0,0,0,0,0,4.867441921292566,1459.222377756541,-1,-1
1585,4957,25.00000000000001,0,0,0,0,0,0,0,0,0,3.052340519031128,915.0686668533376,-1,-1
1586,4931,25.0000000010341,0,0,0,0,0,0,0,0,0,2.300560800002461,689.6907770111841,-1,-1
1587,5011,25.00000000099972,0,0,0,0,0,0,0,0,0,0.8195243896227615,245.6872311559574,-1,-1
1588,5058,25.0000000007499,0,0,0,0,0,0,0,0,0,1.271748077118936,381.2604819962593,-1,-1
1589,5320,24.99999999999999,0,0,0,0,0,0,0,0,0,4.501662681190961,1349.564520281109,-1,-1
1590,5750,25.00000000000003,0,0,0,0,0,0,0,0,0,7.413822429565484,2222.608049334969,-1,-1
1591,4868,25.00000000005972,0,0,0,0,0,0,0,0,0,4.856602127730156,1455.972689400254,-1,-1
1592,5110,24.99999999994492,0,0,0,0,0,0,0,0,0,4.236799136435382,1270.16042716424,-1,-1
1593,4878,25.00000000040588,0,0,0,0,0,0,0,0,0,3.327276111656631,997.4922839582238,-1,-1
1594,5503,25.00000000147982,0,0,0,0,0,0,0,0,0,0.9580777677566752,287.2244889509268,-1,-1
1595,4988,25.00000000109859,0,0,0,0,0,0,0,0,0,0.5069721892332314,151.9864387478716,-1,-1
1596,5338,25.00000000000001,0,0,0,0,0,0,0,0,0,5.541605571731786,1661.331555615967,-1,-1
1597,5326,24.99999999992315,0,0,0,0,0,0,0,0,0,3.898693013239504,1168.798761426498,-1,-1
1598,4614,25.0000000000045,0,0,0,0,0,0,0,0,0,5.951548351634854,1784.229309242461,-1,-1
1599,4901,24.99999999994937,0,0,0,0,0,0,0,0,0,1.833965452930189,549.8090110210246,-1,-1
1600,5166,25.00000000000002,0,0,0,0,0,0,0,0,0,13.71479382318065,4111.591751214542,-1,-1
1601,5772,24.99999999999995,0,0,0,0,0,0,0,0,0,1.193630255625886,357.8413482772527,-1,-1
1602,4739,25.00000000037122,0,0,0,0,0,0,0,0,0,2.537984687596099,760.8686678607967,-1,-1
1603,5131,24.99999999999998,0,0,0,0,0,0,0,0,0,2.446496995842834,733.4413478733391,-1,-1
1604,5271,25.00000000040133,0,0,0,0,0,0,0,0,0,5.137649553229159,1540.228587905171,-1,-1
1605,5224,25.00000000000001,0,0,0,0,0,0,0,0,0,4.08208182275242,1223.777343400069,-1,-1
1606,5312,25.00000000071029,0,0,0,0,0,0,0,0,0,7.660317825294668,2296.505509906303,-1,-1
1607,5413,25.00000000122355,0,0,0,0,0,0,0,0,0,0.1790246076149003,53.67022715935649,-1,-1
1608,5017,25.00000000000001,0,0,0,0,0,0,0,0,0,7.269185948541714,2179.247123172382,-1,-1
1609,5235,24.99999999999999,0,0,0,0,0,0,0,0,0,5.283122845310155,1583.840383711485,-1,-1
1610,5187,25.00000000093353,0,0,0,0,0,0,0,0,0,1.306069778056436,391.5498690830534,-1,-1
1611,5440,25,0,0,0,0,0,0,0,0,0,6.047929151579413,1813.123546161847,-1,-1
1612,4473,24.9999999999551,0,0,0,0,0,0,0,0,0,0.4061622179298036,121.7643696599075,-1,-1
1613,5505,25.0000000013856,0,0,0,0,0,0,0,0,0,0.09541985071268712,28.60615158714952,-1,-1
1614,4574,25.00000000000001,0,0,0,0,0,0,0,0,0,12.51022597423337,3750.471394950866,-1,-1
1615,4313,24.99999999999999,0,0,0,0,0,0,0,0,0,5.030019043492414,1507.9617728354,-1,-1
1616,5269,25.00000000137241,0,0,0,0,0,0,0,0,0,6.146518774206142,1842.679971462406,-1,-1
1617,4687,24.99999999999999,0,0,0,0,0,0,0,0,0,4.301116356236235,1289.442244580064,-1,-1
1618,4872,25.00000000049151,0,0,0,0,0,0,0,0,0,0.7205231507146691,216.0074063986551,-1,-1
1619,5646,25.00000000000003,0,0,0,0,0,0,0,0,0,3.527574845493822,1057.540333709563,-1,-1
1620,5510,25.00000000000001,0,0,0,0,0,0,0,0,0,2.839691418681058,851.3180703679017,-1,-1
1621,6084,24.99999999999999,0,0,0,0,0,0,0,0,0,3.123313305195819,936.3457728687586,-1,-1
1622,5523,25.00000000076765,0,0,0,0,0,0,0,0,0,0.3499897494462669,104.9242872613005,-1,-1
1623,5373,24.99999999999998,0,0,0,0,0,0,0,0,0,2.981464980449569,893.8207149298987,-1,-1
1624,5524,25.0000000004845,0,0,0,0,0,0,0,0,0,0.2753449181340477,82.54632980521494,-1,-1
1625,4699,25.00000000049565,0,0,0,0,0,0,0,0,0,1.653837186404837,495.8079152441103,-1,-1
1626,4905,24.99999999999992,0,0,0,0,0,0,0,0,0,3.079203181597795,923.1218904926233,-1,-1
1627,5280,25.0000000005807,0,0,0,0,0,0,0,0,0,4.169801276289217,1250.074973990281,-1,-1
1628,5700,25.00000000000001,0,0,0,0,0,0,0,0,0,10.32859957982179,3096.436255732542,-1,-1
1629,6041,25.00000000010602,0,0,0,0,0,0,0,0,0,5.035665748948681,1509.654612543736,-1,-1
1630,5209,25.00000000000002,0,0,0,0,0,0,0,0,0,3.692844460028726,1107.086917683694,-1,-1
1631,5333,25.00000000080117,0,0,0,0,0,0,0,0,0,1.36895314346537,410.40182776631,-1,-1
1632,5454,24.99999999999999,0,0,0,0,0,0,0,0,0,1.554291443717275,465.9648523603707,-1,-1
1633,5462,25.00000000040298,0,0,0,0,0,0,0,0,0,2.297768275614997,688.8535992610415,-1,-1
1634,5694,25,0,0,0,0,0,0,0,0,0,5.813766654649227,1742.923395635729,-1,-1
1635,5613,24.99999999997431,0,0,0,0,1,0,0,0,0,3.912954192154723,1173.074155307469,-1,-1
1636,5802,25.00000000000002,0,0,0,0,0,0,0,0,0,4.506435621677203,1350.995411841367,-1,-1
1637,5460,25.00000000114137,0,0,0,0,0,0,0,0,0,8.268597923679001,2478.863295753424,-1,-1
1638,5750,25.00000000000001,0,0,0,0,0,0,0,0,0,5.229769231654777,1567.845372730557,-1,-1
1639,4430,25.00000000000883,0,0,0,0,0,0,0,0,0,4.920629504544414,1475.167614074692,-1,-1
1640,5027,25.00000000000004,0,0,0,0,0,0,0,0,0,4.360702056777877,1307.305588207096,-1,-1
1641,4318,25.0000000007068,0,0,0,0,0,0,0,0,0,0.5151627451559102,154.4419056403179,-1,-1
1642,5308,24.99999999999999,0,0,0,0,0,0,0,0,0,5.929073042535579,1777.491381083279,-1,-1
1643,5190,24.99999999999999,0,0,0,0,0,0,0,0,0,0.9176835095781612,275.1145950025035,-1,-1
1644,4793,25,0,0,0,0,0,0,0,0,0,11.02493640328547,3305.19278363463,-1,-1
1645,4880,25.00000000117408,0,0,0,0,0,0,0,0,0,1.079817253667103,323.7210686676704,-1,-1
1646,5627,24.99999999999999,0,0,0,0,0,0,0,0,0,3.314537873880262,993.6734563446578,-1,-1
1647,5090,25.0000000013908,0,0,0,0,0,0,0,0,0,1.564961155981593,469.1635516262433,-1,-1
1648,6126,24.99999999999999,0,0,0,0,0,0,0,0,0,3.702490628278325,1109.978766173524,-1,-1
1649,5714,25.00000000156941,0,0,0,0,0,0,0,0,0,1.526124595074025,457.5206435714968,-1,-1
1650,5571,25.00000000009564,0,0,0,0,0,0,0,0,0,0.4038788230629347,121.0798251001843,-1,-1
1651,5583,25.00000000000001,0,0,0,0,0,0,0,0,0,5.160144357383847,1546.972360534934,-1,-1
1652,5481,25.00000000000001,0,0,0,0,0,0,0,0,0,2.1459471610527,643.3387741501108,-1,-1
1653,5634,25.000000001362,0,0,0,0,0,0,0,0,0,0.9889843816140133,296.4900586876751,-1,-1
1654,5085,24.99999999999995,0,0,0,0,0,0,0,0,0,2.483393101806735,744.5025221708854,-1,-1
1655,5549,24.99999999991407,0,0,0,0,0,0,0,0,0,2.722280581955769,816.1191870301906,-1,-1
1656,5301,25.00000000022656,0,0,0,0,0,0,0,0,0,3.304470117438414,990.6552188944108,-1,-1
1657,5153,25.00000000167575,0,0,0,0,0,0,0,0,0,3.590321018494667,1076.35116314358,-1,-1
1658,5261,24.99999999999997,0,0,0,0,0,0,0,0,0,5.377716469781459,1612.198838902866,-1,-1
1659,5242,25.00000000000002,0,0,0,0,0,0,0,0,0,4.182712795925323,1253.945750198505,-1,-1
1660,4876,24.99999999999992,0,0,0,0,0,0,0,0,0,0.9814293480456328,294.2251166039377,-1,-1
1661,4844,25.00000000119659,0,0,0,0,0,0,0,0,0,0.01797532797150561,5.388867755933822,-1,-1
1662,5891,25.00000000026821,0,0,0,0,0,0,0,0,0,0.957343510701424,287.0043642235292,-1,-1
1663,5740,25.00000000000001,0,0,0,0,0,0,0,0,0,8.08316492852587,2423.271882342165,-1,-1
1664,5900,25.00000000000003,0,0,0,0,0,0,0,0,0,0.1336932830132714,40.08023793263828,-1,-1
1665,5028,25.00000000063079,0,0,0,0,0,0,0,0,0,0.4530194548411632,135.8118158886523,-1,-1
1666,5212,24.99999999999999,0,0,0,0,0,0,0,0,0,7.187160303732595,2154.656453496023,-1,-1
1667,5125,25.00000000162405,0,0,0,0,0,0,0,0,0,1.734641359895482,520.0323970315292,-1,-1
1668,5011,25.00000000033122,0,0,0,0,0,0,0,0,0,5.597191968508533,1677.995938137032,-1,-1
1669,5231,25.00000000071893,0,0,0,0,0,0,0,0,0,2.640645733053002,791.6456750191714,-1,-1
1670,5659,25.00000000000005,0,0,0,0,0,0,0,0,0,4.978502331093668,1492.5174509973,-1,-1
1671,5516,25.00000000025444,0,0,0,0,0,0,0,0,0,3.55396932455961,1065.453199466325,-1,-1
1672,4631,24.99999999965902,0,0,0,0,0,0,0,0,0,2.227828833455063,667.8862819847659,-1,-1
1673,5234,24.99999999966876,0,0,0,0,0,0,0,0,0,6.492296130064267,1946.341414895854,-1,-1
1674,4907,24.9999999999957,0,0,0,0,0,0,0,0,0,2.676927293940211,802.5226133376245,-1,-1
1675,4473,24.99999999999998,0,0,0,0,0,0,0,0,0,3.25007229619191,974.3471623530767,-1,-1
1676,5032,24.99999999999999,0,0,0,0,0,0,0,0,0,5.44062478573594,1631.058277571501,-1,-1
1677,5299,25,0,0,0,0,0,0,0,0,0,4.625976866702369,1386.832975519841,-1,-1
1678,5727,25.000000000989,0,0,0,0,0,0,0,0,0,0.7154693773313909,214.4923232539072,-1,-1
1679,5996,25.00000000049083,0,0,0,0,0,0,0,0,0,0.6392269255709001,191.6354112366832,-1,-1
1680,5473,25,0,0,0,0,0,0,0,0,0,6.017963433261933,1804.140049811714,-1,-1
1681,5228,25.00000000177539,0,0,0,0,0,0,0,0,0,3.51680754355483,1054.312377795245,-1,-1
1682,4738,25.00000000087106,0,0,0,0,0,0,0,0,0,2.068009176975518,619.9735543320477,-1,-1
1683,5106,25.00000000029952,0,0,0,0,0,0,0,0,0,1.573767233289003,471.8035471875696,-1,-1
1684,4491,25.00000000022301,0,0,0,0,0,0,0,0,0,2.573786716360571,771.6018460654844,-1,-1
1685,5359,25.00000000000001,0,0,0,0,0,0,0,0,0,7.367683911923381,2208.776069722566,-1,-1
1686,4731,25.00000000059955,0,0,0,0,0,0,0,0,0,0.3908580126729728,117.1762843482257,-1,-1
1687,5539,25.00000000099277,0,0,0,0,0,0,0,0,0,1.395086721315245,418.2364773062583,-1,-1
1688,5052,25.00000000008312,0,0,0,0,0,0,0,0,0,0.282585753136274,84.7170775285048,-1,-1
1689,4484,24.99999999999468,0,0,0,0,1,0,0,0,0,1.433363805712982,429.7116585229295,-1,-1
1690,5574,25.00000000134287,0,0,0,0,0,0,0,0,0,0.7323545211308083,219.554362017218,-1,-1
1691,4959,25.0000000007006,0,0,0,0,0,0,0,0,0,0.5786347826831668,173.4703437848824,-1,-1
1692,5507,25,0,0,0,0,0,0,0,0,0,3.518236977404523,1054.740911282592,-1,-1
1693,5453,25.00000000099011,0,0,0,0,0,0,0,0,0,4.48025298150524,1343.146053787284,-1,-1
1694,5837,24.99999999999999,0,0,0,0,0,0,0,0,0,4.524481929345268,1356.405558775,-1,-1
1695,4714,25.00000000211978,0,0,0,0,0,0,0,0,0,2.483616179465762,744.5693991706099,-1,-1
1696,5099,25.00000000000002,0,0,0,0,0,0,0,0,0,11.48725776971538,3443.793242462571,-1,-1
1697,5485,24.99999999999996,0,0,0,0,0,0,0,0,0,0.3733682145619999,111.9329747826134,-1,-1
1698,5561,25.00000000085078,0,0,0,0,0,0,0,0,0,1.944927615445921,583.0746304666114,-1,-1
1699,4976,25.00000000033326,0,0,0,0,0,0,0,0,0,0.8233179788288204,246.824520588684,-1,-1
1700,4741,25,0,0,0,0,0,0,0,0,0,17.81482476436188,5340.75010494732,-1,-1
1701,5458,24.99999999999999,0,0,0,0,0,0,0,0,0,0.9845564796101857,295.1626070621645,-1,-1
1702,5722,25.00000000000002,0,0,0,0,0,0,0,0,0,1.397806726721245,419.0519144126962,-1,-1
1703,5759,25.00000000084784,0,0,0,0,0,0,0,0,0,0.626945409218722,187.9535052614965,-1,-1
1704,5702,25.00000000000003,0,0,0,0,0,0,0,0,0,10.99607802238731,3296.54125869127,-1,-1
1705,5041,25.0000000005629,0,0,0,0,0,0,0,0,0,2.708125619125979,811.8756359305492,-1,-1
1706,5146,25.00000000115054,0,0,0,0,0,0,0,0,0,0.3839514090562477,115.105736673536,-1,-1
1707,4479,24.99999999999999,0,0,0,0,0,0,0,0,0,8.951956548135586,2683.729057474762,-1,-1
1708,5406,25.00000000000002,0,0,0,0,0,0,0,0,0,9.981878776061098,2992.491973733388,-1,-1
1709,5357,25,0,0,0,0,0,0,0,0,0,4.285771175941952,1284.841875261188,-1,-1
1710,5507,25.00000000000006,0,0,0,0,0,0,0,0,0,3.894724287664876,1167.608967431353,-1,-1
1711,5507,24.99999999999996,0,0,0,0,0,0,0,0,0,8.771484260825678,2629.624826861244,-1,-1
1712,5311,25.00000000096304,0,0,0,0,0,0,0,0,0,1.393199296093436,417.670641459721,-1,-1
1713,5711,25.00000000020777,0,0,0,0,0,0,0,0,0,2.91826162395208,874.8728253316656,-1,-1
1714,5271,25.00000000091394,0,0,0,0,0,0,0,0,0,1.195092338834116,358.2796697960486,-1,-1
1715,5291,25.00000000009467,0,0,0,0,0,0,0,0,0,0.5687238431956503,170.4991188748306,-1,-1
1716,5107,25,0,0,0,0,0,0,0,0,0,3.903415258416281,1170.214454915322,-1,-1
1717,5388,24.99999999902195,0,0,0,0,0,0,0,0,0,1.013893187070345,303.9575307012726,-1,-1
1718,5320,25.00000000009328,0,0,0,0,0,0,0,0,0,3.745825164345629,1122.97013325743,-1,-1
1719,5331,25.00000000032288,0,0,0,0,0,0,0,0,0,4.786563877427066,1434.975750187871,-1,-1
1720,5121,25.00000000000002,0,0,0,0,0,0,0,0,0,2.596345264600671,778.3647286912958,-1,-1
1721,5396,25.00000000007473,0,0,0,0,0,0,0,0,0,0.7826040490732228,234.6187915124141,-1,-1
1722,5353,25.00000000053664,0,0,0,0,0,0,0,0,0,0.2349706035727685,70.44241480282385,-1,-1
1723,5021,25.00000000000006,0,0,0,0,0,0,0,0,0,3.869491758333298,1160.044445441481,-1,-1
1724,4859,24.99999999999993,0,0,0,0,0,0,0,0,0,0.1688242190739374,50.61222760610617,-1,-1
1725,5438,25.00000000007048,0,0,0,0,0,0,0,0,0,0.01619996982002582,4.856628771871357,-1,-1
1726,5154,24.99999999999997,0,0,0,0,0,0,0,0,0,4.146606961972239,1243.12149348957,-1,-1
1727,5512,25.00000000019668,0,0,0,0,0,0,0,0,0,0.2241565433786027,67.20044111625494,-1,-1
1728,4866,25.00000000000486,0,0,0,0,0,0,0,0,0,7.289970937538327,2185.47830611318,-1,-1
1729,5707,25.00000000144231,0,0,0,0,0,0,0,0,0,1.704852122194459,511.1018082391931,-1,-1
1730,5515,25.00000000169172,0,0,0,0,0,0,0,0,0,0.3603600850097315,108.0332356501564,-1,-1
1731,4768,24.99999999999998,0,0,0,0,0,0,0,0,0,6.742849578645782,2021.455449106483,-1,-1
1732,5650,25.00000000005974,0,0,0,0,0,0,0,0,0,4.835614092075937,1449.680634602883,-1,-1
1733,5549,25.00000000055892,0,0,0,0,0,0,0,0,0,0.8134354123351772,243.8618016882063,-1,-1
1734,5305,25.00000000061713,0,0,0,0,0,0,0,0,0,0.05840121940366919,17.50824511522328,-1,-1
1735,5312,25.00000000000002,0,0,0,0,0,0,0,0,0,4.920931961870518,1475.258288499925,-1,-1
1736,5167,25.00000000000004,0,0,0,0,0,0,0,0,0,8.832972462646607,2648.058526023139,-1,-1
1737,5148,25.00000000048509,0,0,0,0,0,0,0,0,0,2.684295528605809,804.7315545191448,-1,-1
1738,5390,25.00000000113484,0,0,0,0,0,0,0,0,0,0.7881628096500995,236.2852660091895,-1,-1
1739,5641,25.00000000018232,0,0,0,0,0,0,0,0,0,1.048257725245028,314.2597600686956,-1,-1
1740,4523,25.00000000055307,0,0,0,0,0,0,0,0,0,0.3785958758938817,113.5001882228897,-1,-1
1741,5455,25.00000000042777,0,0,0,0,0,0,0,0,0,0.5137939741409604,154.031558413307,-1,-1
1742,4609,25.00000000001912,0,0,0,0,0,0,0,0,0,8.363668955245339,2507.364873991292,-1,-1
1743,4949,25.00000000180311,0,0,0,0,0,0,0,0,0,1.473549521473929,441.7590330273929,-1,-1
1744,5526,24.99999999999999,0,0,0,0,0,0,0,0,0,6.364078173821859,1907.902638634207,-1,-1
1745,5740,24.99999999999996,0,0,0,0,0,0,0,0,0,3.621351401598729,1085.653837967028,-1,-1
1746,5616,25.00000000179417,0,0,0,0,0,0,0,0,0,0.3213397511192265,96.33523384114116,-1,-1
1747,5685,25.00000000006091,0,0,0,0,0,0,0,0,0,0.05731047510611099,17.18124820120882,-1,-1
1748,6110,25.00000000023437,0,0,0,0,0,0,0,0,0,1.360350342389674,407.822772886142,-1,-1
1749,5242,25,0,0,0,0,0,0,0,0,0,5.545769843249284,1662.579972809977,-1,-1
1750,5293,25,0,0,0,0,0,0,0,0,0,13.96378937396302,4186.238739414657,-1,-1
1751,5979,25.00000000097747,0,0,0,0,0,0,0,0,0,1.672962865018056,501.5416494464853,-1,-1
1752,5429,25.00000000166564,0,0,0,0,0,0,0,0,0,1.536661614788818,460.6795626117889,-1,-1
1753,5471,25.00000000064625,0,0,0,0,0,0,0,0,0,0.1643150914121964,49.26042514095705,-1,-1
1754,5391,24.99999999999999,0,0,0,0,0,0,0,0,0,5.537330618302884,1660.049956819682,-1,-1
1755,5613,24.99999999999994,0,0,0,0,0,0,0,0,0,3.047013115701179,913.4715515142949,-1,-1
1756,4908,25,0,0,0,0,0,0,0,0,0,5.573449080290054,1670.877999317995,-1,-1
1757,5342,25.00000000170521,0,0,0,0,0,0,0,0,0,0.4545040474787692,136.2568855646089,-1,-1
1758,5022,25,0,0,0,0,0,0,0,0,0,4.7508739030286,1424.276165036998,-1,-1
1759,5087,25.00000000173496,0,0,0,0,0,0,0,0,0,0.6051916414090892,181.4318897390854,-1,-1
1760,5194,25.00000000136713,0,0,0,0,0,0,0,0,0,0.9557916971206379,286.5391422157876,-1,-1
1761,4868,25,0,0,0,0,0,0,0,0,0,6.276610630334901,1881.680528777029,-1,-1
1762,5615,25.00000000143092,0,0,0,0,0,0,0,0,0,1.586793775302953,475.708806237172,-1,-1
1763,5320,24.99999999999999,0,0,0,0,0,0,0,0,0,3.174444612040105,951.67455302836,-1,-1
1764,4772,24.99999999999997,0,0,0,0,0,0,0,0,0,5.293494843748558,1586.949830617706,-1,-1
1765,5676,24.99999999999999,0,0,0,0,0,0,0,0,0,2.966589390288391,889.3611251912781,-1,-1
1766,5330,24.99999999999998,0,0,0,0,0,0,0,0,0,1.849833719607845,554.5661976925186,-1,-1
1767,5457,25,0,0,0,0,0,0,0,0,0,11.27640680695117,3380.581714063822,-1,-1
1768,4522,25.00000000007853,0,0,0,0,0,0,0,0,0,1.205008687471251,361.2525163283601,-1,-1
1769,5615,24.99999999999998,0,0,0,0,0,0,0,0,0,4.918195827870541,1474.438016162654,-1,-1
1770,5639,25.00000000010571,0,0,0,0,0,0,0,0,0,2.63092817457078,788.7324242760271,-1,-1
1771,5596,25.00000000118204,0,0,0,0,0,0,0,0,0,2.194962030317231,658.0330622854733,-1,-1
1772,5727,25.00000000158881,0,0,0,0,0,0,0,0,0,0.6512043754387566,195.2261603731397,-1,-1
1773,4552,25.00000000112389,0,0,0,0,0,0,0,0,0,4.56874564448009,1369.67548673548,-1,-1
1774,5424,24.99999999999999,0,0,0,0,0,0,0,0,0,5.287649496569166,1585.197439618933,-1,-1
1775,5147,25.00000000116538,0,0,0,0,0,0,0,0,0,4.323605040713404,1296.184182576661,-1,-1
1776,5574,24.99999999999998,0,0,0,0,0,0,0,0,0,5.407466249825851,1621.117598587335,-1,-1
1777,5236,24.99999999999995,0,0,0,0,0,0,0,0,0,1.810214917062033,542.6887794942932,-1,-1
1778,5182,25,0,0,0,0,0,0,0,0,0,11.70760864470307,3509.852772897581,-1,-1
1779,5005,25.00000000125103,0,0,0,0,0,0,0,0,0,1.194891574953132,358.2194822986908,-1,-1
1780,6358,25.00000000000001,0,0,0,0,0,0,0,0,0,2.741941385970098,822.0133477919026,-1,-1
1781,5732,25.00000000113156,0,0,0,0,0,0,0,0,0,0.1041850244685822,31.23388457222639,-1,-1
1782,5287,24.99999999999996,0,0,0,0,0,0,0,0,0,6.977563976329775,2091.821055316157,-1,-1
1783,5256,24.99999999999998,0,0,0,0,0,0,0,0,0,7.32896117223563,2197.167284411081,-1,-1
1784,4705,24.99999999997143,0,0,0,0,1,0,0,0,0,4.675975338731219,1401.822140345615,-1,-1
1785,5254,25.00000000146261,0,0,0,0,0,0,0,0,0,0.1574484541809752,47.20185908721493,-1,-1
1786,5418,25.00000000171607,0,0,0,0,0,0,0,0,0,3.879624195319013,1163.082073630959,-1,-1
1787,5444,24.99999999999999,0,0,0,0,0,0,0,0,0,3.285063940029838,984.8373932687099,-1,-1
1788,5134,25.00000000000006,0,0,0,0,0,0,0,0,0,6.758375289606317,2026.10994015754,-1,-1
1789,5040,25.00000000055227,0,0,0,0,0,0,0,0,0,0.2488924700374621,74.61608537022211,-1,-1
1790,5417,25.00000000000001,0,0,0,0,0,0,0,0,0,7.715758846477724,2313.126309920801,-1,-1
1791,5070,25.00000000000002,0,0,0,0,0,0,0,0,0,1.296397964148088,388.6503322181512,-1,-1
1792,5003,24.99999999999999,0,0,0,0,0,0,0,0,0,6.476286338995459,1941.54180027927,-1,-1
1793,5142,25.00000000001308,0,0,0,0,0,0,0,0,0,4.276959135655251,1282.200092043643,-1,-1
1794,5010,25.00000000006292,0,0,0,0,0,0,0,0,0,2.700885669090074,809.7051535134879,-1,-1
1795,4857,25.00000000016886,0,0,0,0,0,0,0,0,0,1.470125809128931,440.732629888001,-1,-1
1796,5542,24.99999999999992,0,0,0,0,0,0,0,0,0,0.04912984892099185,14.72875816919279,-1,-1
1797,5497,25.00000000000001,0,0,0,0,0,0,0,0,0,5.117747679075863,1534.262156133949,-1,-1
1798,5325,25.00000000092833,0,0,0,0,0,0,0,0,0,0.4808339297107505,144.1503856777851,-1,-1
1799,5496,25.00000000000001,0,0,0,0,0,0,0,0,0,4.066318730458736,1219.051687215664,-1,-1
1800,5117,25.00000000089769,0,0,0,0,0,0,0,0,0,1.122685510672246,336.5726488054179,-1,-1
1801,5627,25.00000000154579,0,0,0,0,0,0,0,0,0,1.100684055353923,329.9767784359607,-1,-1
1802,5433,24.99999999999999,0,0,0,0,0,0,0,0,0,5.227565781629565,1567.184795031418,-1,-1
1803,5351,25.00000000056384,0,0,0,0,0,0,0,0,0,7.073375781445418,2120.544711877193,-1,-1
1804,4253,25.00000000038259,0,0,0,0,0,0,0,0,0,0.919972322433006,275.8007638341594,-1,-1
1805,5090,24.99999999999997,0,0,0,0,0,0,0,0,0,9.416306914836065,2822.937795281101,-1,-1
1806,5507,25.00000000053626,0,0,0,0,0,0,0,0,0,4.943384662023233,1481.989438667444,-1,-1
1807,5551,24.99999999999995,0,0,0,0,0,0,0,0,0,0.6628621177389898,198.7210635920572,-1,-1
1808,5527,25.00000000100261,0,0,0,0,0,0,0,0,0,3.267280852752585,979.5061578230336,-1,-1
1809,5099,25.00000000000003,0,0,0,0,0,0,0,0,0,2.979977106780257,893.3746616253815,-1,-1
1810,5457,25.00000000000001,0,0,0,0,0,0,0,0,0,5.47673265618545,1641.883144806705,-1,-1
1811,5305,25.00000000000003,0,0,0,0,0,0,0,0,0,18.59032661605315,5573.239711249396,-1,-1
1812,4794,24.99999999998369,0,0,0,0,0,0,0,0,0,0.4479255371068111,134.2846977702211,-1,-1
1813,5755,25.00000000000001,0,0,0,0,0,0,0,0,0,4.738069344509316,1420.437454964897,-1,-1
1814,5759,24.99999999999995,0,0,0,0,0,0,0,0,0,0.504191995303737,151.1529575760318,-1,-1
1815,5503,24.99999999999998,0,0,0,0,0,0,0,0,0,1.924737846228061,577.0218899263363,-1,-1
1816,5564,24.99999999999998,0,0,0,0,0,0,0,0,0,8.513262962845827,2552.212029231913,-1,-1
1817,4929,25.00000000000001,0,0,0,0,0,0,0,0,0,2.493798123543455,747.6218692128803,-1,-1
1818,5054,25.00000000065905,0,0,0,0,0,0,0,0,0,0.4098212264500232,122.8613128180271,-1,-1
1819,5080,25.00000000003286,0,0,0,0,0,0,0,0,0,3.433760242121513,1029.415423168283,-1,-1
1820,5637,25,0,0,0,0,0,0,0,0,0,7.065842778690857,2118.286374465282,-1,-1
1821,5539,25.00000000061975,0,0,0,0,0,0,0,0,0,0.94090721640445,282.076887155828,-1,-1
1822,5363,24.99999999999999,0,0,0,0,0,0,0,0,0,9.139299589605571,2739.893088366245,-1,-1
1823,5155,25.00000000000001,0,0,0,0,0,0,0,0,0,6.595615132936865,1977.31567272514,-1,-1
1824,5559,25,0,0,0,0,0,0,0,0,0,5.396525979675463,1617.837788107765,-1,-1
1825,5267,25.00000000000003,0,0,0,0,0,0,0,0,0,9.678919177168776,2901.666970906766,-1,-1
1826,5002,25.00000000095153,0,0,0,0,0,0,0,0,0,5.360200776065296,1606.947766030123,-1,-1
1827,4783,25.00000000209421,0,0,0,0,0,0,0,0,0,0.2829220034442737,84.81788283484327,-1,-1
1828,5518,25,0,0,0,0,0,0,0,0,0,3.642751338162196,1092.069377550434,-1,-1
1829,5645,25.00000000079191,0,0,0,0,0,0,0,0,0,2.252119854943831,675.1685470242146,-1,-1
1830,5289,25.00000000116352,0,0,0,0,0,0,0,0,0,0.8082891983203884,242.3190055393187,-1,-1
1831,5136,25.00000000092164,0,0,0,0,0,0,0,0,0,2.978059082290117,892.7996523489784,-1,-1
1832,6000,25.00000000003204,0,0,0,0,0,0,0,0,0,0.9662238099897428,289.6666109749499,-1,-1
1833,5555,25.00000000006412,0,0,0,0,0,0,0,0,0,3.326917183973816,997.3846801459484,-1,-1
1834,5472,24.99999999999996,0,0,0,0,0,0,0,0,0,3.165760695522481,949.0711803504743,-1,-1
1835,5494,25.000000000177,0,0,0,0,0,0,0,0,0,1.607859554672912,482.0241680141776,-1,-1
1836,5855,25.00000000000005,0,0,0,0,0,0,0,0,0,3.505863927160597,1051.031564137009,-1,-1
1837,5099,25.00000000077377,0,0,0,0,0,0,0,0,0,1.899574254301849,569.4780348506683,-1,-1
1838,4393,24.99999999999997,0,0,0,0,0,0,0,0,0,8.953876404498628,2684.304615932846,-1,-1
1839,4455,25.00000000023426,0,0,0,0,0,0,0,0,0,1.734716929552507,520.0550522447589,-1,-1
1840,5657,24.99999999999998,0,0,0,0,0,0,0,0,0,6.102742072885623,1829.556046570396,-1,-1
1841,5584,25.00000000000004,0,0,0,0,0,0,0,0,0,4.092981701554662,1227.045044858095,-1,-1
1842,5554,25.00000000109563,0,0,0,0,0,0,0,0,0,1.777102337916692,532.7618780015916,-1,-1
1843,5230,25.00000000074573,0,0,0,0,0,0,0,0,0,2.695302866721011,808.0314714687382,-1,-1
1844,5322,25.0000000011998,0,0,0,0,0,0,0,0,0,2.954745915156805,885.810540670318,-1,-1
1845,5315,25.000000001263,0,0,0,0,0,0,0,0,0,3.781049989522285,1133.53027017976,-1,-1
1846,5538,24.99999999998995,0,0,0,0,1,0,0,0,0,3.634185695936353,1089.5014626132,-1,-1
1847,5933,25.00000000087447,0,0,0,0,0,0,0,0,0,3.561853352780365,1067.816771665567,-1,-1
1848,5376,25.00000000094249,0,0,0,0,0,0,0,0,0,3.635779596411008,1089.979301954304,-1,-1
1849,5283,24.99999999997973,0,0,0,0,0,0,0,0,0,0.5951616999760555,178.4249889432802,-1,-1
1850,5392,24.99999999994921,0,0,0,0,0,0,0,0,0,6.770793995370692,2029.83297448382,-1,-1
1851,4756,25.00000000048171,0,0,0,0,0,0,0,0,0,0.8094198573783338,242.6579685974601,-1,-1
1852,5537,24.99999999987368,0,0,0,0,0,0,0,0,0,2.93436434299351,879.7002990535793,-1,-1
1853,4875,24.99999999999999,0,0,0,0,0,0,0,0,0,5.960029100006977,1786.77177364262,-1,-1
1854,5741,24.99999999999996,0,0,0,0,0,0,0,0,0,6.048011021456689,1813.148090133591,-1,-1
1855,5484,25.00000000000001,0,0,0,0,0,0,0,0,0,2.293974778902825,687.7163375572846,-1,-1
1856,5509,25.00000000006248,0,0,0,0,0,0,0,0,0,1.844827868982527,553.0654814291739,-1,-1
1857,5629,25.00000000045301,0,0,0,0,0,0,0,0,0,6.527936810898326,1957.02622220789,-1,-1
1858,5125,25.00000000083699,0,0,0,0,0,0,0,0,0,8.910124912261317,2671.188248533855,-1,-1
1859,4900,25.00000000143108,0,0,0,0,0,0,0,0,0,0.7341246646311549,220.0850376881996,-1,-1
1860,5319,25.00000000051202,0,0,0,0,0,0,0,0,0,3.584538767461111,1074.617687893457,-1,-1
1861,5448,25.00000000008392,0,0,0,0,0,0,0,0,0,6.262595830690231,1877.478997543176,-1,-1
1862,4767,25.00000000065367,0,0,0,0,0,0,0,0,0,2.669044837127751,800.1595122347381,-1,-1
1863,5620,25.00000000101002,0,0,0,0,0,0,0,0,0,0.6930500570655275,207.7711801247148,-1,-1
1864,5427,25.00000000071448,0,0,0,0,0,0,0,0,0,0.5938249739412599,178.0242485596362,-1,-1
1865,5615,24.99999999999999,0,0,0,0,0,0,0,0,0,2.377582448223312,712.7812862505243,-1,-1
1866,5130,25,0,0,0,0,0,0,0,0,0,7.733977513716336,2318.588128953748,-1,-1
1867,5163,24.99999999999999,0,0,0,0,0,0,0,0,0,4.020217532527805,1205.230895771206,-1,-1
1868,5543,24.99999999999998,0,0,0,0,0,0,0,0,0,4.388766967888441,1315.719236892483,-1,-1
1869,5588,25.00000000037955,0,0,0,0,0,0,0,0,0,2.716681519720606,814.440630400216,-1,-1
1870,5406,24.99999999999995,0,0,0,0,0,0,0,0,0,0.2161584845888873,64.80268341245765,-1,-1
1871,5282,25.00000000008311,0,0,0,0,0,0,0,0,0,0.830269278263677,248.9084677325537,-1,-1
1872,5406,24.99999999999998,0,0,0,0,0,0,0,0,0,1.240111887803564,371.7761910396505,-1,-1
1873,4751,24.99999999999997,0,0,0,0,0,0,0,0,0,3.643908899911724,1092.416405832612,-1,-1
1874,5710,24.99999999999994,0,0,0,0,0,0,0,0,0,0.1709732206944411,51.25648208416297,-1,-1
1875,5438,24.99999999999997,0,0,0,0,0,0,0,0,0,0.3202789992805687,96.01722844010193,-1,-1
1876,4921,25.00000000000005,0,0,0,0,0,0,0,0,0,2.331740760033962,699.0382938693697,-1,-1
1877,4905,25.00000000000003,0,0,0,0,0,0,0,0,0,4.756660981150978,1426.011087411943,-1,-1
1878,5399,25,0,0,0,0,0,0,0,0,0,3.619280582622747,1085.033022056145,-1,-1
1879,5057,25.00000000002587,0,0,0,0,0,0,0,0,0,5.559099133172881,1666.575993399568,-1,-1
1880,5122,25.00000000062092,0,0,0,0,0,0,0,0,0,6.017694769697012,1804.059506501211,-1,-1
1881,4837,25,0,0,0,0,0,0,0,0,0,14.08239893643707,4221.796991691054,-1,-1
1882,4964,25.00000000000001,0,0,0,0,0,0,0,0,0,5.313860248394734,1593.055225334748,-1,-1
1883,5056,24.99999999999993,0,0,0,0,0,0,0,0,0,0.7488621719370516,224.5032312282273,-1,-1
1884,4952,25.00000000012876,0,0,0,0,0,0,0,0,0,0.9854316364809641,295.4249724915907,-1,-1
1885,5055,24.99999999975714,0,0,0,0,0,0,0,0,0,4.835203248230066,1449.557466716476,-1,-1
1886,5401,24.99999999999999,0,0,0,0,0,0,0,0,0,6.576075784549839,1971.457923444475,-1,-1
1887,5053,25.00000000046131,0,0,0,0,0,0,0,0,0,0.6635151892551937,198.9168495071497,-1,-1
1888,5607,25.00000000000001,0,0,0,0,0,0,0,0,0,6.977203354723976,2091.712943678546,-1,-1
1889,5549,25.00000000000001,0,0,0,0,0,0,0,0,0,7.984604346801127,2393.724163284994,-1,-1
1890,5033,24.99999999996497,0,0,0,0,0,0,0,0,0,4.661253073305795,1397.408516206398,-1,-1
1891,5048,25.00000000111649,0,0,0,0,0,0,0,0,0,1.209058759844471,362.4666974802055,-1,-1
1892,5356,25.00000000128363,0,0,0,0,0,0,0,0,0,2.238276598406076,671.0184431200363,-1,-1
1893,5094,25.0000000011012,0,0,0,0,0,0,0,0,0,1.179796676826087,353.6941456859244,-1,-1
1894,5272,25.00000000068489,0,0,0,0,0,0,0,0,0,3.140169252553249,941.3990587589614,-1,-1
1895,5019,25.00000000000001,0,0,0,0,0,0,0,0,0,4.335288320387357,1299.686741707617,-1,-1
1896,4549,24.99999999999998,0,0,0,0,0,0,0,0,0,13.49345559219543,4045.236218898115,-1,-1
1897,5288,25.00000000000001,0,0,0,0,0,0,0,0,0,3.48009474603147,1043.30615798566,-1,-1
1898,5212,25.00000000022453,0,0,0,0,0,0,0,0,0,0.5356349607039422,160.5793214601682,-1,-1
1899,5291,24.99999999999991,0,0,0,0,0,0,0,0,0,0.06345539056469623,19.02344751074029,-1,-1
1900,5267,24.9999999999948,0,0,0,0,0,0,0,0,0,0.6289211796204335,188.5458263266693,-1,-1
1901,5169,25.00000000038105,0,0,0,0,0,0,0,0,0,0.1833063476190231,54.95386051970939,-1,-1
1902,5172,25.00000000000001,0,0,0,0,0,0,0,0,0,7.05155902510179,2114.004212867349,-1,-1
1903,5221,24.99999999999448,0,0,0,0,0,0,0,0,0,5.852044065265528,1754.398674650265,-1,-1
1904,4985,25.00000000038321,0,0,0,0,0,0,0,0,0,0.2220903560723258,66.58101374501777,-1,-1
1905,5152,25.00000000000002,0,0,0,0,0,0,0,0,0,1.894910098386779,568.0797560843941,-1,-1
1906,4941,24.99999999999993,0,0,0,0,0,0,0,0,0,3.667481030260208,1099.48315273008,-1,-1
1907,5359,25.000000001244,0,0,0,0,0,0,0,0,0,0.8916330943956112,267.3048770030063,-1,-1
1908,5571,24.99999999999999,0,0,0,0,0,0,0,0,0,4.356654719864987,1306.092227125626,-1,-1
1909,5212,25.00000000125172,0,0,0,0,0,0,0,0,0,0.6734616241768698,201.898715680656,-1,-1
1910,5468,24.99999999999997,0,0,0,0,0,0,0,0,0,4.907817489407408,1471.326668564836,-1,-1
1911,5104,25,0,0,0,0,0,0,0,0,0,3.376917174492403,1012.374300203493,-1,-1
1912,5709,24.99999999999999,0,0,0,0,0,0,0,0,0,9.556577724941896,2864.989926228378,-1,-1
1913,5135,25.00000000000001,0,0,0,0,0,0,0,0,0,3.195579283742692,958.0105682071011,-1,-1
1914,5060,24.99999999987846,0,0,0,0,0,0,0,0,0,4.341164835507432,1301.448476619939,-1,-1
1915,4919,25.00000000000004,0,0,0,0,0,0,0,0,0,4.151623337670402,1244.625365090374,-1,-1
1916,5226,24.99999999999993,0,0,0,0,0,0,0,0,0,0.1579819579740033,47.36179950067915,-1,-1
1917,5494,25.00000000060761,0,0,0,0,0,0,0,0,0,2.555986562699519,766.2654942466598,-1,-1
1918,5153,25.00000000156822,0,0,0,0,0,0,0,0,0,5.610650680957153,1682.030758623519,-1,-1
1919,4998,25.00000000018017,0,0,0,0,0,0,0,0,0,3.375550828151574,1011.964679875496,-1,-1
1920,5425,25.00000000002649,0,0,0,0,0,0,0,0,0,0.9983075874931917,299.285085494634,-1,-1
1921,5444,25.00000000046738,0,0,0,0,0,0,0,0,0,4.405756898557676,1320.812689969062,-1,-1
1922,5403,25.00000000000003,0,0,0,0,0,0,0,0,0,3.724022907171921,1116.433980989376,-1,-1
1923,5419,25.00000000145291,0,0,0,0,0,0,0,0,0,0.3750655169309275,112.4418132317634,-1,-1
1924,5362,25.00000000000004,0,0,0,0,0,0,0,0,0,4.928622576692624,1477.563876820975,-1,-1
1925,4884,25.00000000108676,0,0,0,0,0,0,0,0,0,1.429250212131517,428.4784341919288,-1,-1
1926,5456,25.00000000077502,0,0,0,0,0,0,0,0,0,0.3660569479909144,109.7411122061744,-1,-1
1927,6106,25,0,0,0,0,0,0,0,0,0,9.034817575621028,2708.570168577029,-1,-1
1928,5080,25.00000000183744,0,0,0,0,0,0,0,0,0,1.223128679538816,366.6847532892361,-1,-1
1929,5523,25.00000000040419,0,0,0,0,0,0,0,0,0,1.129385943906427,338.5813881543578,-1,-1
1930,5612,25.00000000047627,0,0,0,0,0,0,0,0,0,2.336851225993117,700.5703730207902,-1,-1
1931,5672,24.99999999999994,0,0,0,0,0,0,0,0,0,4.019819650449683,1205.111613725011,-1,-1
1932,5699,25.00000000000001,0,0,0,0,0,0,0,0,0,3.198477759052912,958.8795092448044,-1,-1
1933,5487,25.00000000000001,0,0,0,0,0,0,0,0,0,3.649207024673105,1094.004743677616,-1,-1
1934,5232,25.00000000000002,0,0,0,0,0,0,0,0,0,9.242635699543481,2770.872474764689,-1,-1
1935,5142,25.00000000000001,0,0,0,0,0,0,0,0,0,5.841514083644568,1751.241865577423,-1,-1
1936,5007,24.99999999917418,0,0,0,0,0,0,0,0,0,7.378033070857616,2211.878669517693,-1,-1
1937,4842,25,0,0,0,0,0,0,0,0,0,4.775935612586878,1431.789476547156,-1,-1
1938,5333,24.99999999999999,0,0,0,0,0,0,0,0,0,6.90101937240003,2068.873560357422,-1,-1
1939,4927,25.00000000035817,0,0,0,0,0,0,0,0,0,2.409384448766521,722.3152861626904,-1,-1
1940,5535,25,0,0,0,0,0,0,0,0,0,4.56296984227711,1367.943944796127,-1,-1
1941,5305,25.00000000022609,0,0,0,0,0,0,0,0,0,3.709788978794525,1112.16675661412,-1,-1
1942,5876,24.99999999999995,0,0,0,0,0,0,0,0,0,3.813324620145551,1143.205961025351,-1,-1
1943,5012,24.99999999999999,0,0,0,0,0,0,0,0,0,7.217142853737077,2163.644995858972,-1,-1
1944,4872,24.99999999999995,0,0,0,0,0,0,0,0,0,4.110712519360009,1232.36061031031,-1,-1
1945,5329,24.99999999999991,0,0,0,0,0,0,0,0,0,2.392274179864747,717.1857565915866,-1,-1
1946,5298,25.00000000000002,0,0,0,0,0,0,0,0,0,10.00891513061549,3000.597268920609,-1,-1
1947,5321,25.00000000112489,0,0,0,0,0,0,0,0,0,1.658702339726709,497.2664515170212,-1,-1
1948,5103,25.0000000014806,0,0,0,0,0,0,0,0,0,3.637412677331747,1090.468887297645,-1,-1
1949,5645,25.00000000077666,0,0,0,0,0,0,0,0,0,1.649554237101461,494.5239193449618,-1,-1
1950,5171,24.99999999999994,0,0,0,0,0,0,0,0,0,1.202643787101989,360.5435370337339,-1,-1
1951,5352,25.00000000030984,0,0,0,0,0,0,0,0,0,0.002625500208692687,0.7871051610434937,-1,-1
1952,5901,24.99999999999997,0,0,0,0,0,0,0,0,0,3.998882493899993,1198.834812099449,-1,-1
1953,4936,25,0,0,0,0,0,0,0,0,0,7.059957927082367,2116.522140336608,-1,-1
1954,5546,24.99999999999998,0,0,0,0,0,0,0,0,0,0.8741035867607561,262.0496628216233,-1,-1
1955,5165,25.00000000232519,0,0,0,0,0,0,0,0,0,5.528661451406113,1657.451005966886,-1,-1
1956,5256,25.00000000000001,0,0,0,0,0,0,0,0,0,9.815541438068649,2942.625294319454,-1,-1
1957,5064,24.99999999999999,0,0,0,0,0,0,0,0,0,10.29400325336695,3086.064537986874,-1,-1
1958,4976,25.00000000017035,0,0,0,0,0,0,0,0,0,4.720413874652928,1415.144478259505,-1,-1
1959,4788,25,0,0,0,0,0,0,0,0,0,7.842197978671488,2351.031808148557,-1,-1
1960,5786,25.00000000000003,0,0,0,0,0,0,0,0,0,6.145289300785713,1842.31138460365,-1,-1
1961,5277,24.99999999999995,0,0,0,0,0,0,0,0,0,4.096604606309364,1228.131164379606,-1,-1
1962,5295,24.99999999999998,0,0,0,0,0,0,0,0,0,4.042031294691094,1211.770497148365,-1,-1
1963,4879,25.00000000001465,0,0,0,0,0,0,0,0,0,0.8010463478403458,240.1476535909803,-1,-1
1964,5393,24.99999999999997,0,0,0,0,0,0,0,0,0,2.963294425217186,888.3733195135576,-1,-1
1965,5624,24.99999999999998,0,0,0,0,0,0,0,0,0,8.884978940344462,2663.649675804102,-1,-1
1966,5351,25.00000000000842,0,0,0,0,0,0,0,0,0,0.8535317049034079,255.8823677939233,-1,-1
1967,5578,25.00000000000001,0,0,0,0,0,0,0,0,0,3.973225632704973,1191.143078617229,-1,-1
1968,4732,24.99999999999666,0,0,0,0,1,0,0,0,0,0.2666055137117803,79.92632227200733,-1,-1
1969,5363,25.00000000000001,0,0,0,0,0,0,0,0,0,4.977001248766365,1492.067437836738,-1,-1
1970,5324,24.99999999999999,0,0,0,0,0,0,0,0,0,4.123607139474281,1236.226320169343,-1,-1
1971,3962,25.00000000039787,0,0,0,0,0,0,0,0,0,2.674111586341839,801.6784854356991,-1,-1
1972,5206,25.00000000059674,0,0,0,0,0,0,0,0,0,3.430009369613396,1028.29093987943,-1,-1
1973,5414,25,0,0,0,0,0,0,0,0,0,5.30556170439501,1590.56738443125,-1,-1
1974,5320,25.00000000102953,0,0,0,0,0,0,0,0,0,2.341717876238773,702.0293580601615,-1,-1
1975,5142,24.99999999999999,0,0,0,0,0,0,0,0,0,6.128502695434564,1837.278886923954,-1,-1
1976,4945,25.00000000000003,0,0,0,0,0,0,0,0,0,3.168239012935059,949.8141612192953,-1,-1
1977,4968,24.99999999999994,0,0,0,0,0,0,0,0,0,2.637777127047721,790.7856885738145,-1,-1
1978,5666,24.99999999999995,0,0,0,0,0,0,0,0,0,3.073505247814618,921.4136929182436,-1,-1
1979,5626,25,0,0,0,0,0,0,0,0,0,2.074509743360675,621.9223751070459,-1,-1
1980,5342,24.99999999999337,0,0,0,0,0,0,0,0,0,1.166183207397085,349.6129302238958,-1,-1
1981,5676,25.00000000000002,0,0,0,0,0,0,0,0,0,16.15215376534799,4842.293879307631,-1,-1
1982,5114,25.0000000009946,0,0,0,0,0,0,0,0,0,3.15283847279287,945.1971954355406,-1,-1
1983,5117,25.00000000000001,0,0,0,0,0,0,0,0,0,5.550288489932793,1663.934629006061,-1,-1
1984,5194,25.00000000062437,0,0,0,0,0,0,0,0,0,0.7376846019751993,221.1522800548966,-1,-1
1985,5725,24.99999999999999,0,0,0,0,0,0,0,0,0,5.089954415244057,1525.929945253969,-1,-1
1986,4948,25.00000000000002,0,0,0,0,0,0,0,0,0,6.185943240307393,1854.499129060238,-1,-1
1987,5049,24.99999999999999,0,0,0,0,0,0,0,0,0,10.31882303342883,3093.505320858645,-1,-1
1988,4871,25.00000000096739,0,0,0,0,0,0,0,0,0,3.625773541893887,1086.979562275734,-1,-1
1989,5021,25.00000000056074,0,0,0,0,0,0,0,0,0,0.7865934209438598,235.8147751113884,-1,-1
1990,5414,25.00000000000004,0,0,0,0,0,0,0,0,0,5.024216968629841,1506.22235455085,-1,-1
1991,5603,25.00000000000002,0,0,0,0,0,0,0,0,0,7.832594846189817,2348.152861457376,-1,-1
1992,5213,25,0,0,0,0,0,0,0,0,0,6.851650507219579,2054.073146916305,-1,-1
1993,5507,24.99999999999999,0,0,0,0,0,0,0,0,0,5.485859489926118,1644.619300727577,-1,-1
1994,4810,25.0000000000642,0,0,0,0,0,0,0,0,0,0.353081797019913,105.8512598036568,-1,-1
1995,5162,25,0,0,0,0,0,0,0,0,0,6.720059570637641,2014.623176587883,-1,-1
1996,5169,25.00000000100559,0,0,0,0,0,0,0,0,0,4.048869819562222,1213.820635328575,-1,-1
1997,5383,25.00000000000003,0,0,0,0,0,0,0,0,0,5.501096051432535,1649.187106953054,-1,-1
1998,5414,25,0,0,0,0,0,0,0,0,0,4.662169859773167,1397.683361874913,-1,-1
1999,5570,25.00000000143282,0,0,0,0,0,0,0,0,0,0.5206172781667489,156.0771334988794,-1,-1
