event,photons,edep_MeV,gamma_nuclear,electron_nuclear,muon_nuclear,neutrons,protons,charged_pions,secondary_muons,primary_decay_e,primary_nuclear,primary_death_ns,primary_range_mm,primary_stop_ns,primary_decay_e_ke_MeV
0,4717,25.00000000194815,0,0,0,0,0,0,0,0,0,1.285554819459461,385.3996392194982,-1,-1
1,5420,25.00000000133399,0,0,0,0,0,0,0,0,0,0.9223325716500157,276.5083487484193,-1,-1
2,5197,25,0,0,0,0,0,0,0,0,0,1.524174731156099,456.9360890747761,-1,-1
3,5584,25.00000000000001,0,0,0,0,0,0,0,0,0,2.944146227587262,882.6328342798128,-1,-1
4,5337,24.99999999999998,0,0,0,0,0,0,0,0,0,7.028154537386223,2106.987723966869,-1,-1
5,4865,24.99999999999996,0,0,0,0,0,0,0,0,0,5.640050522501985,1690.844609385055,-1,-1
6,5134,25.00000000019286,0,0,0,0,0,0,0,0,0,3.491335717004193,1046.67611630388,-1,-1
7,5743,25.00000000218322,0,0,0,0,0,0,0,0,0,3.348234087375472,1003.77532701368,-1,-1
8,4815,24.99999999999997,0,0,0,0,0,0,0,0,0,3.462895084942791,1038.149829311118,-1,-1
9,1770,12.89855031235449,1,0,0,0,1,0,0,0,1,3.586354530387354,1075.162039924261,-1,-1
10,4459,25.00000000000002,0,0,0,0,0,0,0,0,0,6.485044273696342,1944.167363050251,-1,-1
11,4934,24.99999999999999,0,0,0,0,0,0,0,0,0,5.33673679650444,1599.913441923112,-1,-1
12,5128,25.00000000036261,0,0,0,0,0,0,0,0,0,1.684936453821674,505.131241065003,-1,-1
13,5003,24.99999999999242,0,0,0,0,0,0,0,0,0,13.25062440074112,3972.437259132957,-1,-1
14,5639,24.99999999999998,0,0,0,0,0,0,0,0,0,7.281490926763644,2182.936062839171,-1,-1
15,5789,25.00000000014975,0,0,0,0,0,0,0,0,0,0.5106535313568986,153.0900773518647,-1,-1
16,5562,25.00000000143275,0,0,0,0,0,0,0,0,0,2.778005879180661,832.8252108580213,-1,-1
17,5429,24.99999999999996,0,0,0,0,0,0,0,0,0,1.819375555770729,545.435069889623,-1,-1
18,5120,24.99999999999993,0,0,0,0,0,0,0,0,0,1.498477942400508,449.2323856110308,-1,-1
19,5350,25.00000000113222,0,0,0,0,0,0,0,0,0,1.793795558523289,537.7663796391796,-1,-1
20,5070,25,0,0,0,0,0,0,0,0,0,4.045484498485772,1212.805741601947,-1,-1
21,5386,25.00000000000001,0,0,0,0,0,0,0,0,0,9.386521577353273,2814.008375744775,-1,-1
22,5615,25.00000000000002,0,0,0,0,0,0,0,0,0,4.492550628206125,1346.832795519358,-1,-1
23,4958,25.00000000143094,0,0,0,0,0,0,0,0,0,5.420178217787651,1624.928550708619,-1,-1
24,5806,25.00000000126849,0,0,0,0,0,0,0,0,0,0.6423567697608341,192.5737149195405,-1,-1
25,4637,25.00000000000001,0,0,0,0,0,0,0,0,0,13.05314243291663,3913.233654588177,-1,-1
26,5439,25.00000000121889,0,0,0,0,0,0,0,0,0,0.7617587340085455,228.3695232713901,-1,-1
27,5287,25.00000000102516,0,0,0,0,0,0,0,0,0,0.1948228398649998,58.40641803766868,-1,-1
28,5430,25.0000000014832,0,0,0,0,0,0,0,0,0,0.001210057323761352,0.3627660594113176,-1,-1
29,5040,25.00000000035253,0,0,0,0,0,0,0,0,0,3.750812736206342,1124.465369685005,-1,-1
30,4935,25.00000000009353,0,0,0,0,0,0,0,0,0,0.01575474811282847,4.723154661915708,-1,-1
31,5139,25.00000000015008,0,0,0,0,0,0,0,0,0,0.7221439717045459,216.4933163071883,-1,-1
32,5030,25.00000000089817,0,0,0,0,0,0,0,0,0,0.9531200541398726,285.7382037996855,-1,-1
33,5478,25.00000000000004,0,0,0,0,0,0,0,0,0,10.9325999005993,3277.510996531219,-1,-1
34,4720,25.00000000040412,0,0,0,0,0,0,0,0,0,0.6719727839922466,201.4523726221387,-1,-1
35,5770,24.99999999999997,0,0,0,0,0,0,0,0,0,5.854164975968309,1755.034507683051,-1,-1
36,5613,25.00000000000002,0,0,0,0,0,0,0,0,0,4.118527976222643,1234.703625333552,-1,-1
37,5713,25.00000000013574,0,0,0,0,0,0,0,0,0,0.426242641277409,127.7843291329667,-1,-1
38,4967,25.00000000041649,0,0,0,0,0,0,0,0,0,2.020745170855875,605.8041617625128,-1,-1
39,4961,25.00000000056665,0,0,0,0,0,0,0,0,0,2.667490270556311,799.6934649011615,-1,-1
40,5149,25.00000000120868,0,0,0,0,0,0,0,0,0,0.6742921799922247,202.1477100500475,-1,-1
41,4649,25.00000000045774,0,0,0,0,0,0,0,0,0,1.743475610077878,522.6808386082967,-1,-1
42,5542,24.99999999999999,0,0,0,0,0,0,0,0,0,1.626469367649359,487.6032495893071,-1,-1
43,5176,24.99999999999897,0,0,0,0,1,0,0,0,0,2.157471628102765,646.7937224541897,-1,-1
44,5463,24.99999999999998,0,0,0,0,0,0,0,0,0,6.401463881968528,1919.110591973567,-1,-1
45,5286,25,0,0,0,0,0,0,0,0,0,4.76745482164826,1429.246999385884,-1,-1
46,5449,25.00000000000001,0,0,0,0,0,0,0,0,0,4.719566487392217,1414.890437949738,-1,-1
47,5073,25.00000000014654,0,0,0,0,0,0,0,0,0,1.305182166113539,391.2837697169421,-1,-1
48,5302,25.00000000040174,0,0,0,0,0,0,0,0,0,0.4203402502684736,126.0148368243209,-1,-1
49,5421,25.00000000024904,0,0,0,0,0,0,0,0,0,1.783892655733445,534.7975640704773,-1,-1
50,5456,25.00000000097433,0,0,0,0,0,0,0,0,0,0.02971581808402279,8.908578144890043,-1,-1
51,5073,25.00000000000005,0,0,0,0,0,0,0,0,0,5.344585981240628,1602.266568308469,-1,-1
52,0,10.56553464996387,1,0,0,0,0,0,0,0,1,1.143030931647291,342.6720525685713,-1,-1
53,5924,24.99999999998144,0,0,0,0,0,0,0,0,0,5.22385659835018,1566.072809858919,-1,-1
54,5377,24.99999999999952,0,0,0,0,0,0,0,0,0,2.999897725004707,899.346712727769,-1,-1
55,4887,25.00000000010476,0,0,0,0,0,0,0,0,0,1.948879424893225,584.2593531343663,-1,-1
56,5307,25,0,0,0,0,0,0,0,0,0,9.916179042438195,2972.795689100633,-1,-1
57,5803,25.00000000000003,0,0,0,0,0,0,0,0,0,3.265225591192819,978.8900059081984,-1,-1
58,5874,25.00000000000001,0,0,0,0,0,0,0,0,0,3.112796463390774,933.1929030136273,-1,-1
59,5272,25.00000000206531,0,0,0,0,0,0,0,0,0,2.975615286902841,892.0670209229779,-1,-1
60,5590,25.00000000169202,0,0,0,0,0,0,0,0,0,0.4679417058645239,140.2853942018386,-1,-1
61,5422,24.99999999999998,0,0,0,0,0,0,0,0,0,7.207770575182731,2160.835257434105,-1,-1
62,5301,25.00000000068562,0,0,0,0,0,0,0,0,0,0.8531680158125057,255.7733365474139,-1,-1
63,5212,25.00000000000001,0,0,0,0,0,0,0,0,0,2.640226952563645,791.5201277869046,-1,-1
64,1457,12.87314420431697,1,0,0,0,1,0,0,0,1,1.461521924501835,438.1532501672955,-1,-1
65,4666,25.00000000012975,0,0,0,0,0,0,0,0,0,4.288687313296765,1285.716111246653,-1,-1
66,5357,25.00000000080346,0,0,0,0,0,0,0,0,0,0.8279196293458793,248.2040607080501,-1,-1
67,5417,24.99999999999999,0,0,0,0,0,0,0,0,0,5.260960654981764,1577.196326198273,-1,-1
68,4869,25.0000000000029,0,0,0,0,0,0,0,0,0,2.734359939767673,819.7404873996827,-1,-1
69,5430,25.0000000010807,0,0,0,0,0,0,0,0,0,0.022815394510882,6.839883200657024,-1,-1
70,5687,25.00000000100642,0,0,0,0,0,0,0,0,0,10.69823104088334,3207.248979998314,-1,-1
71,5293,25.00000000000001,0,0,0,0,0,0,0,0,0,3.458462748589556,1036.821048301099,-1,-1
72,5496,25.00000000000001,0,0,0,0,0,0,0,0,0,6.408515077370318,1921.224487174909,-1,-1
73,5635,25.00000000105328,0,0,0,0,0,0,0,0,0,0.4423244412453614,132.6055314744235,-1,-1
74,5298,24.9999999999903,0,0,0,0,0,0,0,0,0,7.014606663597904,2102.926173583195,-1,-1
75,4875,24.99999999999997,0,0,0,0,0,0,0,0,0,7.381959114776722,2213.055667874418,-1,-1
76,5214,24.99999999999998,0,0,0,0,0,0,0,0,0,7.622326717366163,2285.116062278272,-1,-1
77,5298,25.00000000004059,0,0,0,0,0,0,0,0,0,1.608586276780153,482.2420338209905,-1,-1
78,5803,25.00000000093586,0,0,0,0,0,0,0,0,0,0.3861044370455384,115.7511982265882,-1,-1
79,5174,24.99999999999998,0,0,0,0,0,0,0,0,0,6.069800080030261,1819.680285560868,-1,-1
80,5941,25.00000000167899,0,0,0,0,0,0,0,0,0,0.7621444187623349,228.4851486517417,-1,-1
81,5481,25.00000000039305,0,0,0,0,0,0,0,0,0,3.448795562353371,1033.922898777409,-1,-1
82,5398,25.00000000046176,0,0,0,0,0,0,0,0,0,0.5976368269354587,179.1670133383018,-1,-1
83,4924,25,0,0,0,0,0,0,0,0,0,12.24622921717651,3671.327158248762,-1,-1
84,5645,25.00000000121654,0,0,0,0,0,0,0,0,0,0.2973805953759614,89.15245964926291,-1,-1
85,5271,25.00000000000001,0,0,0,0,0,0,0,0,0,10.05252499891506,3013.671178531194,-1,-1
86,5891,25.00000000000001,0,0,0,0,0,0,0,0,0,9.223144561742735,2765.029178654187,-1,-1
87,5571,25.00000000112323,0,0,0,0,0,0,0,0,0,2.613943961684039,783.640685347516,-1,-1
88,5702,25.00000000061585,0,0,0,0,0,0,0,0,0,0.592177924291298,177.5304754966261,-1,-1
89,5252,24.99999999999995,0,0,0,0,0,0,0,0,0,4.342873691336174,1301.960778709205,-1,-1
90,5304,24.99999999999996,0,0,0,0,0,0,0,0,0,6.90468812261219,2069.973424001314,-1,-1
91,1232,17.83914666557201,1,0,0,0,0,0,0,0,1,0.3029191644975525,90.81288090002761,-1,-1
92,5173,25.00000000000002,0,0,0,0,0,0,0,0,0,4.485460549309992,1344.707243339673,-1,-1
93,5203,24.99999999999996,0,0,0,0,0,0,0,0,0,0.5516722734430698,165.387186865946,-1,-1
94,5740,25,0,0,0,0,0,0,0,0,0,2.628124729019284,787.891972443275,-1,-1
95,5158,25.0000000010025,0,0,0,0,0,0,0,0,0,0.671237706780491,201.2320020180067,-1,-1
96,5848,24.99999999999999,0,0,0,0,0,0,0,0,0,2.656315643015647,796.3433958435115,-1,-1
97,5676,24.99999999999998,0,0,0,0,0,0,0,0,0,3.526679299359809,1057.271855732795,-1,-1
98,5610,24.99999999999998,0,0,0,0,0,0,0,0,0,2.058118257564333,617.0083312898884,-1,-1
99,5154,25.00000000111119,0,0,0,0,0,0,0,0,0,3.827943895021567,1147.588709374609,-1,-1
100,5580,25.00000000026625,0,0,0,0,0,0,0,0,0,1.770978192025032,530.9259052515804,-1,-1
101,4602,25.00000000009871,0,0,0,0,0,0,0,0,0,0.7917244375948589,237.3530152052303,-1,-1
102,5671,25.0000000005982,0,0,0,0,0,0,0,0,0,0.8316595225147509,249.3252524738035,-1,-1
103,5314,25.00000000047621,0,0,0,0,0,0,0,0,0,0.5320559388797461,159.5063577102569,-1,-1
104,5055,25,0,0,0,0,0,0,0,0,0,4.145982989325409,1242.934431196052,-1,-1
105,5414,25.00000000055756,0,0,0,0,0,0,0,0,0,0.03456382193631517,10.36197313616224,-1,-1
106,5544,25.00000000000001,0,0,0,0,0,0,0,0,0,4.176736224227159,1252.1540190787,-1,-1
107,5292,25,0,0,0,0,0,0,0,0,0,4.887817383536786,1465.330787665622,-1,-1
108,5515,25,0,0,0,0,0,0,0,0,0,1.489656443263405,446.5877667014736,-1,-1
109,5466,24.99999999999343,0,0,0,0,0,0,0,0,0,1.293260384941535,387.709709635649,-1,-1
110,5552,24.99999999999998,0,0,0,0,0,0,0,0,0,7.019922403791458,2104.519792401909,-1,-1
111,5307,25.00000000027564,0,0,0,0,0,0,0,0,0,1.834951019539814,550.1044764574468,-1,-1
112,5694,25.00000000000002,0,0,0,0,0,0,0,0,0,3.810203921796824,1142.27039919671,-1,-1
113,5116,24.9999999997543,0,0,0,0,0,0,0,0,0,2.449719995668839,734.4075789133108,-1,-1
114,4615,25.00000000000002,0,0,0,0,0,0,0,0,0,11.50661536645904,3449.596503971326,-1,-1
115,1905,12.8731442043119,1,0,0,0,1,0,0,0,1,1.066207530810181,319.6409763996948,-1,-1
116,4829,25.00000000058954,0,0,0,0,0,0,0,0,0,2.246160372186918,673.381939040111,-1,-1
117,5078,25.00000000023924,0,0,0,0,0,0,0,0,0,0.568270786390364,170.3632958615602,-1,-1
118,4847,24.99999999999999,0,0,0,0,0,0,0,0,0,6.345085402849763,1902.20874914025,-1,-1
119,5344,25.00000000001389,0,0,0,0,0,0,0,0,0,2.46025803827109,737.5668046075482,-1,-1
120,5390,24.99999999999999,0,0,0,0,0,0,0,0,0,3.406961083239914,1021.381237454837,-1,-1
121,5034,25.00000000000002,0,0,0,0,0,0,0,0,0,6.187984232670969,1855.111003177674,-1,-1
122,5137,25.0000000000931,0,0,0,0,0,0,0,0,0,2.023284533850641,606.5654436364679,-1,-1
123,5573,25.00000000003303,0,0,0,0,0,0,0,0,0,0.2265459886311188,67.91677878176317,-1,-1
124,5930,24.99999999999999,0,0,0,0,0,0,0,0,0,6.593241951649593,1976.604210873749,-1,-1
125,5648,24.99999999999999,0,0,0,0,0,0,0,0,0,6.210194038681299,1861.769335513214,-1,-1
126,5450,25.00000000021568,0,0,0,0,0,0,0,0,0,0.05239019278660057,15.70618467058886,-1,-1
127,5366,25.00000000000001,0,0,0,0,0,0,0,0,0,6.849059115334676,2053.296267173488,-1,-1
128,5720,24.99999999999999,0,0,0,0,0,0,0,0,0,4.435383184726144,1329.694427120919,-1,-1
129,5191,25.00000000000001,0,0,0,0,0,0,0,0,0,4.325694469031158,1296.810577427855,-1,-1
130,5393,24.99999999999994,0,0,0,0,0,0,0,0,0,6.510922686196112,1951.925515942695,-1,-1
131,5178,25.00000000000469,0,0,0,0,0,0,0,0,0,5.190063327349844,1555.941842081868,-1,-1
132,5346,25.0000000000797,0,0,0,0,0,0,0,0,0,8.211368798059816,2461.706435514858,-1,-1
133,5040,25.0000000004897,0,0,0,0,0,0,0,0,0,0.02090176953707582,6.266192866069482,-1,-1
134,1261,12.8731442043102,1,0,0,0,1,0,0,0,1,0.01488417633698588,4.462163809370433,-1,-1
135,5576,25.0000000006339,0,0,0,0,0,0,0,0,0,0.1711787419588155,51.31809580918105,-1,-1
136,5065,24.99999999999994,0,0,0,0,0,0,0,0,0,2.479643081040393,743.3782942277926,-1,-1
137,5474,25,0,0,0,0,0,0,0,0,0,6.590803824474995,1975.873278735159,-1,-1
138,4974,25,0,0,0,0,0,0,0,0,0,6.636397563423964,1989.54193780408,-1,-1
139,5758,25.00000000000001,0,0,0,0,0,0,0,0,0,4.533914474971338,1359.233364813437,-1,-1
140,5282,25.00000000012052,0,0,0,0,0,0,0,0,0,5.006623701168904,1500.948025654483,-1,-1
141,5674,24.99999999999466,0,0,0,0,1,0,0,0,0,2.836786715777396,850.4472623446528,-1,-1
142,5385,25.00000000105321,0,0,0,0,0,0,0,0,0,0.0373177476428908,11.18757929288594,-1,-1
143,5579,24.99999999999997,0,0,0,0,0,0,0,0,0,3.828740436881925,1147.827506616826,-1,-1
144,5770,25.00000000153243,0,0,0,0,0,0,0,0,0,0.5898102550611289,176.8206661183828,-1,-1
145,5666,25,0,0,0,0,0,0,0,0,0,5.221091266689986,1565.243784283325,-1,-1
146,862,9.3994389995801,1,0,0,1,5,0,0,0,1,2.640747650101106,791.6762289815347,-1,-1
147,4963,25,0,0,0,0,0,0,0,0,0,4.682980822413718,1403.92233151827,-1,-1
148,5150,25.00000000000001,0,0,0,0,0,0,0,0,0,3.300323015471316,989.4119490021177,-1,-1
149,5714,25.00000000195112,0,0,0,0,0,0,0,0,0,1.649613685012625,494.5417413803726,-1,-1
150,5689,25.00000000000001,0,0,0,0,0,0,0,0,0,4.280060755554459,1283.129934297009,-1,-1
151,5750,25.00000000073948,0,0,0,0,0,0,0,0,0,0.4826953567998825,144.7084274802238,-1,-1
152,5187,25.0000000015717,0,0,0,0,0,0,0,0,0,0.3274683940684077,98.17255477508056,-1,-1
153,5227,25.000000000353,0,0,0,0,0,0,0,0,0,0.6439146032564683,193.0407416523514,-1,-1
154,5292,25.00000000090956,0,0,0,0,0,0,0,0,0,5.05846437254313,1516.489467950133,-1,-1
155,5339,24.99999999999995,0,0,0,0,0,0,0,0,0,1.006385068849811,301.7066534849841,-1,-1
156,5214,25.00000000088243,0,0,0,0,0,0,0,0,0,0.5851713290873358,175.4299510982193,-1,-1
157,0,10.56553464996477,1,0,0,0,0,0,0,0,1,1.577706133337273,472.9843997148569,-1,-1
158,4808,25.00000000021648,0,0,0,0,0,0,0,0,0,3.505378331645884,1050.885986264059,-1,-1
159,4773,24.99999999999998,0,0,0,0,0,0,0,0,0,3.902202224200491,1169.850796406132,-1,-1
160,5439,25.00000000089166,0,0,0,0,0,0,0,0,0,0.396998883283286,119.0172710427514,-1,-1
161,4995,25.00000000034075,0,0,0,0,0,0,0,0,0,0.5802935616552944,173.9676332102153,-1,-1
162,5607,24.99999999995768,0,0,0,0,0,0,0,0,0,4.693019403300832,1406.93182235725,-1,-1
163,5345,24.99999999999998,0,0,0,0,0,0,0,0,0,4.791680622594921,1436.509711798702,-1,-1
164,5630,24.99999999999998,0,0,0,0,0,0,0,0,0,2.795392417081251,838.0375637913498,-1,-1
165,5621,25,0,0,0,0,0,0,0,0,0,10.87877338162434,3261.374212102135,-1,-1
166,4733,25.0000000004662,0,0,0,0,0,0,0,0,0,0.3161588842439636,94.78204902603532,-1,-1
167,5751,24.99999999999996,0,0,0,0,0,0,0,0,0,0.6686694891549386,200.4620697433634,-1,-1
168,5377,25.00000000000001,0,0,0,0,0,0,0,0,0,7.87226612406569,2360.046011363786,-1,-1
169,5678,25.00000000000002,0,0,0,0,0,0,0,0,0,7.065325790714649,2118.131385369138,-1,-1
170,5407,24.99999999999996,0,0,0,0,0,0,0,0,0,9.102472286681293,2728.852540701065,-1,-1
171,5475,25.00000000164935,0,0,0,0,0,0,0,0,0,1.013956195284961,303.9764200888064,-1,-1
172,4896,24.99999999999998,0,0,0,0,0,0,0,0,0,6.335422517075605,1899.311888862642,-1,-1
173,5788,25.00000000000001,0,0,0,0,0,0,0,0,0,4.458046845876143,1336.488821804356,-1,-1
174,5027,25.00000000000001,0,0,0,0,0,0,0,0,0,4.949054462243017,1483.689202011702,-1,-1
175,5280,25,0,0,0,0,0,0,0,0,0,6.068683423990081,1819.345520501843,-1,-1
176,5064,25.00000000010629,0,0,0,0,0,0,0,0,0,0.1198786313503566,35.93870955419926,-1,-1
177,5483,25.00000000061464,0,0,0,0,0,0,0,0,0,5.633413887326959,1688.854996213084,-1,-1
178,4864,25.00000000037569,0,0,0,0,0,0,0,0,0,2.450987988986278,734.7877137466731,-1,-1
179,5414,24.99999999999991,0,0,0,0,0,0,0,0,0,0.4447511484757622,133.3330399998717,-1,-1
180,4826,25.00000000035137,0,0,0,0,0,0,0,0,0,0.7043401171736279,211.1558549954899,-1,-1
181,4825,24.99999999996718,0,0,0,0,1,0,0,0,0,5.131638180387182,1538.426423664921,-1,-1
182,5602,25.00000000000002,0,0,0,0,0,0,0,0,0,6.11030161833318,1831.822341281481,-1,-1
183,5206,24.99999999999998,0,0,0,0,0,0,0,0,0,8.361699735153906,2506.774516659739,-1,-1
184,5547,25.00000000000001,0,0,0,0,0,0,0,0,0,10.63587696511346,3188.555698356947,-1,-1
185,4637,25.00000000115129,0,0,0,0,0,0,0,0,0,1.058837992917329,317.4316445204726,-1,-1
186,5630,25.00000000000001,0,0,0,0,0,0,0,0,0,5.033747143644526,1509.079429143672,-1,-1
187,5086,25.00000000054007,0,0,0,0,0,0,0,0,0,0.7326733053800263,219.6499311308627,-1,-1
188,4647,25.00000000069948,0,0,0,0,0,0,0,0,0,0.1860058276746244,55.76314428090008,-1,-1
189,4971,25.00000000205037,0,0,0,0,0,0,0,0,0,0.9167275536439006,274.8280066232318,-1,-1
190,5505,24.99999999999998,0,0,0,0,0,0,0,0,0,14.57012898059917,4368.014780470861,-1,-1
191,5061,25.00000000184137,0,0,0,0,0,0,0,0,0,2.771241232763987,830.7972208812658,-1,-1
192,5359,25.00000000045884,0,0,0,0,0,0,0,0,0,1.308361007460485,392.2367623779351,-1,-1
193,5187,25.00000000089804,0,0,0,0,0,0,0,0,0,8.666196674847072,2598.060402663831,-1,-1
194,4857,25.0000000008424,0,0,0,0,0,0,0,0,0,2.910878854590133,872.6595267578004,-1,-1
195,5438,25.00000000000001,0,0,0,0,0,0,0,0,0,3.779151246785042,1132.961041427452,-1,-1
196,5128,25.00000000070037,0,0,0,0,0,0,0,0,0,1.699659729461959,509.5451680590156,-1,-1
197,5033,25.00000000111601,0,0,0,0,0,0,0,0,0,1.517386887045587,454.9011446043648,-1,-1
198,0,10.56553464996387,1,0,0,0,0,0,0,0,1,0.5819811131711019,174.4735484271408,-1,-1
199,5105,25.00000000011054,0,0,0,0,0,0,0,0,0,4.338137672368641,1300.540955941794,-1,-1
200,4705,25,0,0,0,0,0,0,0,0,0,3.838347164458352,1150.707531090299,-1,-1
201,5152,25.00000000000002,0,0,0,0,0,0,0,0,0,5.091587111544222,1526.419415290963,-1,-1
202,5322,25.00000000046333,0,0,0,0,0,0,0,0,0,2.72874903591268,818.0583807413925,-1,-1
203,5435,25.00000000000002,0,0,0,0,0,0,0,0,0,6.1406075489198,1840.907830704022,-1,-1
204,5036,25.00000000090283,0,0,0,0,0,0,0,0,0,1.390113249982927,416.74546811075,-1,-1
205,4855,24.99999999999996,0,0,0,0,0,0,0,0,0,3.340749931578974,1001.531633551393,-1,-1
206,5235,25.00000000000002,0,0,0,0,0,0,0,0,0,3.877754406898442,1162.521525164416,-1,-1
207,5528,25.00000000022712,0,0,0,0,0,0,0,0,0,1.530328201876111,458.7808531871594,-1,-1
208,4830,25.00000000000005,0,0,0,0,0,0,0,0,0,3.394145759140737,1017.539299943077,-1,-1
209,5808,25.00000000000003,0,0,0,0,0,0,0,0,0,3.58002799735317,1073.265393035324,-1,-1
210,4912,24.99999999999996,0,0,0,0,0,0,0,0,0,1.248457267794918,374.2780730202027,-1,-1
211,5508,25.00000000155955,0,0,0,0,0,0,0,0,0,0.7128166284064049,213.6970491332287,-1,-1
212,5715,24.99999999999999,0,0,0,0,0,0,0,0,0,2.498302796709296,748.9723362537544,-1,-1
213,5627,25.00000000010461,0,0,0,0,0,0,0,0,0,0.1556959092931255,46.67645934753114,-1,-1
214,4984,24.9999999999735,0,0,0,0,0,0,0,0,0,0.9673345225975911,289.9995942377884,-1,-1
215,4794,25.00000000106668,0,0,0,0,0,0,0,0,0,1.32957932971891,398.5978553624245,-1,-1
216,5322,25.00000000029565,0,0,0,0,0,0,0,0,0,3.732830103464588,1119.074312014043,-1,-1
217,5392,25.00000000064485,0,0,0,0,0,0,0,0,0,0.5088598119549472,152.5523338033914,-1,-1
218,4760,24.99999999999998,0,0,0,0,0,0,0,0,0,1.108100765919215,332.2002523266042,-1,-1
219,5645,24.9999999999869,0,0,0,0,1,0,0,0,0,0.5656429149311392,169.5754798174911,-1,-1
220,5331,25.00000000006488,0,0,0,0,0,0,0,0,0,3.415916711635069,1024.066067304355,-1,-1
221,5591,25.00000000099218,0,0,0,0,0,0,0,0,0,1.61384804205775,483.8194713669802,-1,-1
222,5216,25.00000000149008,0,0,0,0,0,0,0,0,0,3.091846668614704,926.9123125431137,-1,-1
223,5584,25.00000000020583,0,0,0,0,0,0,0,0,0,1.399783950995658,419.64467133794,-1,-1
224,5247,25.00000000039112,0,0,0,0,0,0,0,0,0,3.262609211915901,978.1056351337107,-1,-1
225,5561,25.00000000063144,0,0,0,0,0,0,0,0,0,3.622299555731865,1085.938087425164,-1,-1
226,5774,25.00000000000004,0,0,0,0,0,0,0,0,0,4.951157854233187,1484.319783066573,-1,-1
227,5367,25.00000000107439,0,0,0,0,0,0,0,0,0,0.1331948903584151,39.93082357358977,-1,-1
228,4937,25.00000000000001,0,0,0,0,0,0,0,0,0,9.693545870658777,2906.051943300546,-1,-1
229,5243,25.00000000000004,0,0,0,0,0,0,0,0,0,4.113126545435307,1233.0843171211,-1,-1
230,5444,25.00000000064027,0,0,0,0,0,0,0,0,0,0.849890189272909,254.7906688722107,-1,-1
231,5661,25.00000000147243,0,0,0,0,0,0,0,0,0,1.295963191057632,388.5199905246911,-1,-1
232,5610,25.00000000000001,0,0,0,0,0,0,0,0,0,5.019488883788919,1504.804910374756,-1,-1
233,5107,25.00000000088991,0,0,0,0,0,0,0,0,0,1.514291660733803,453.9732191002888,-1,-1
234,5078,25.00000000065469,0,0,0,0,0,0,0,0,0,0.2473036182791471,74.13975959619924,-1,-1
235,4919,25.00000000102665,0,0,0,0,0,0,0,0,0,0.1337220808172612,40.08887129708138,-1,-1
236,5899,25.00000000115888,0,0,0,0,0,0,0,0,0,1.866466491892732,559.5525773791593,-1,-1
237,5018,25.00000000064411,0,0,0,0,0,0,0,0,0,6.144754330275433,1842.151004479416,-1,-1
238,5808,24.99999999999999,0,0,0,0,0,0,0,0,0,10.48780281946294,3144.164186266126,-1,-1
239,5361,24.99999999999996,0,0,0,0,0,0,0,0,0,8.448671862060181,2532.848104362458,-1,-1
240,5421,25.00000000072444,0,0,0,0,0,0,0,0,0,0.6847384419116511,205.2794205877841,-1,-1
241,5493,25.00000000145883,0,0,0,0,0,0,0,0,0,2.444945139861624,732.97611315427,-1,-1
242,5255,25.00000000000005,0,0,0,0,0,0,0,0,0,2.916059622720226,874.2126819698493,-1,-1
243,5379,25,0,0,0,0,0,0,0,0,0,5.343756329596689,1602.01784500285,-1,-1
244,5203,25.00000000106147,0,0,0,0,0,0,0,0,0,4.234979510803052,1269.614917123285,-1,-1
245,5498,24.99999999999999,0,0,0,0,0,0,0,0,0,2.822735886697095,846.2349297577314,-1,-1
246,5233,25,0,0,0,0,0,0,0,0,0,5.347315435259274,1603.084838037718,-1,-1
247,5543,24.99999999999999,0,0,0,0,0,0,0,0,0,11.34788919628113,3402.011595264764,-1,-1
248,4854,24.9999999999732,0,0,0,0,0,0,0,0,0,3.624050512511024,1086.46301106184,-1,-1
249,5931,25.00000000000001,0,0,0,0,0,0,0,0,0,2.628580812279636,788.0287027649489,-1,-1
250,5602,24.99999999999999,0,0,0,0,0,0,0,0,0,6.411259341952363,1922.047196999361,-1,-1
251,1336,12.88592124404821,1,0,0,0,1,0,0,0,1,0.1840305719055113,55.17097749869897,-1,-1
252,5192,25.000000000289,0,0,0,0,0,0,0,0,0,4.104721380608664,1230.564512097825,-1,-1
253,4781,25.00000000076904,0,0,0,0,0,0,0,0,0,0.5498449843004665,164.8393793624083,-1,-1
254,5274,25.00000000062245,0,0,0,0,0,0,0,0,0,6.811288709026925,2041.972984226829,-1,-1
255,5476,25.0000000002524,0,0,0,0,0,0,0,0,0,0.985016764454972,295.3005969871631,-1,-1
256,5172,24.99999999999999,0,0,0,0,0,0,0,0,0,6.150011028329978,1843.726922910151,-1,-1
257,5411,25.00000000017466,0,0,0,0,0,0,0,0,0,1.305182801977635,391.2839603442025,-1,-1
258,5139,25.00000000053085,0,0,0,0,0,0,0,0,0,0.05844862106153109,17.52245577474698,-1,-1
259,5478,25,0,0,0,0,0,0,0,0,0,4.000275154079219,1199.252321117738,-1,-1
260,5817,25.00000000049391,0,0,0,0,0,0,0,0,0,1.331422744726557,399.150497278681,-1,-1
261,5779,24.99999999999999,0,0,0,0,0,0,0,0,0,4.988166512624168,1495.414699732887,-1,-1
262,5253,25.0000000008995,0,0,0,0,0,0,0,0,0,3.69892746649907,1108.910557145469,-1,-1
263,4834,25.00000000121008,0,0,0,0,0,0,0,0,0,1.504051938884361,450.9034277178084,-1,-1
264,5572,24.99999999999995,0,0,0,0,0,0,0,0,0,0.8661907008464778,259.6774393035083,-1,-1
265,5156,25.00000000107307,0,0,0,0,0,0,0,0,0,4.357941877352997,1306.478107232789,-1,-1
266,5176,25.00000000000004,0,0,0,0,0,0,0,0,0,5.542106601614522,1661.481760596045,-1,-1
267,5174,25.00000000052597,0,0,0,0,0,0,0,0,0,0.03611871248201675,10.82811759477908,-1,-1
268,5295,25.00000000158424,0,0,0,0,0,0,0,0,0,0.7014823648748109,210.2991224094724,-1,-1
269,5460,25.00000000069807,0,0,0,0,0,0,0,0,0,4.076743706400474,1222.177016377828,-1,-1
270,4968,25.00000000211492,0,0,0,0,0,0,0,0,0,0.2334885154930994,69.99809597444737,-1,-1
271,5973,25.00000000047818,0,0,0,0,0,0,0,0,0,0.8023115196642936,240.5269425618739,-1,-1
272,5590,25,0,0,0,0,0,0,0,0,0,1.8658982888781,559.3822344007596,-1,-1
273,5350,25.00000000000001,0,0,0,0,0,0,0,0,0,5.769562061457123,1729.671191987778,-1,-1
274,5405,25,0,0,0,0,0,0,0,0,0,4.086038507735108,1224.963527716561,-1,-1
275,4960,25.00000000000002,0,0,0,0,0,0,0,0,0,4.327863091684159,1297.460714143473,-1,-1
276,5687,25.00000000101153,0,0,0,0,0,0,0,0,0,1.259889030599788,377.7052292907477,-1,-1
277,4842,25.00000000092765,0,0,0,0,0,0,0,0,0,4.567658267646759,1369.349499361844,-1,-1
278,5250,24.99999999999997,0,0,0,0,0,0,0,0,0,3.025266050038909,906.9519452451156,-1,-1
279,5319,25.00000000065467,0,0,0,0,0,0,0,0,0,0.001763868360130409,0.5287944312719245,-1,-1
280,5309,25.00000000136453,0,0,0,0,0,0,0,0,0,7.225954902508175,2166.286781620076,-1,-1
281,5045,25.00000000135536,0,0,0,0,0,0,0,0,0,0.3011823135521832,90.29218608593573,-1,-1
282,5840,25.00000000000001,0,0,0,0,0,0,0,0,0,2.88256618551752,864.1716021039814,-1,-1
283,5308,25.00000000090789,0,0,0,0,0,0,0,0,0,3.165312587081081,948.9368408193764,-1,-1
284,5004,24.99999999999998,0,0,0,0,0,0,0,0,0,2.422685016264924,726.3026959858315,-1,-1
285,5060,25.00000000014041,0,0,0,0,0,0,0,0,0,6.776537148847815,2031.554728581398,-1,-1
286,4900,25.00000000013485,0,0,0,0,0,0,0,0,0,4.652542093029725,1394.797030017846,-1,-1
287,5401,25.0000000012799,0,0,0,0,0,0,0,0,0,6.762997875011651,2027.49575639852,-1,-1
288,6028,25.00000000219254,0,0,0,0,0,0,0,0,0,5.135744540467391,1539.6574794468,-1,-1
289,5897,24.99999999999993,0,0,0,0,0,0,0,0,0,1.158681604500404,347.3640062525601,-1,-1
290,5497,25.00000000000003,0,0,0,0,0,0,0,0,0,8.050147463218513,2413.373495260742,-1,-1
291,5445,25.00000000053534,0,0,0,0,0,0,0,0,0,1.231061393910601,369.0629212293653,-1,-1
292,4942,25.00000000133864,0,0,0,0,0,0,0,0,0,2.523343805816699,756.479441924863,-1,-1
293,5312,25.00000000166309,0,0,0,0,0,0,0,0,0,0.64405309586509,193.082260691905,-1,-1
294,5342,24.99999999999996,0,0,0,0,0,0,0,0,0,5.084382201921054,1524.259437725365,-1,-1
295,4967,25.00000000093036,0,0,0,0,0,0,0,0,0,0.3804105333836166,114.0442088521655,-1,-1
296,5343,25.00000000057072,0,0,0,0,0,0,0,0,0,1.559254616067445,467.4527739987057,-1,-1
297,0,10.56553464996477,1,0,0,0,0,0,0,0,1,0.718244238012096,215.3242055579833,-1,-1
298,5244,24.99999999999999,0,0,0,0,0,0,0,0,0,8.461948723244669,2536.82840721148,-1,-1
299,5544,25.00000000000002,0,0,0,0,0,0,0,0,0,8.644397264359331,2591.525103810759,-1,-1
300,5252,24.99999999999997,0,0,0,0,0,0,0,0,0,5.872502233493083,1760.531879189382,-1,-1
301,5677,25.00000000000068,0,0,0,0,0,0,0,0,0,3.915408207559454,1173.809850617623,-1,-1
302,5302,25.00000000000002,0,0,0,0,0,0,0,0,0,4.88133502534364,1463.387425569263,-1,-1
303,5574,25.00000000000001,0,0,0,0,0,0,0,0,0,7.575975469992649,2271.220307896801,-1,-1
304,5180,25.00000000000002,0,0,0,0,0,0,0,0,0,3.496432576148936,1048.204116234961,-1,-1
305,5827,25,0,0,0,0,0,0,0,0,0,2.750494196897652,824.5774160026829,-1,-1
306,5082,25.00000000000001,0,0,0,0,0,0,0,0,0,11.9669485722727,3587.600927241224,-1,-1
307,5317,25.00000000000004,0,0,0,0,0,0,0,0,0,8.951719347818496,2683.657946608664,-1,-1
308,5298,25.00000000039549,0,0,0,0,0,0,0,0,0,1.580786278822745,473.9078041009442,-1,-1
309,4722,25,0,0,0,0,0,0,0,0,0,11.12827716721325,3336.173565264137,-1,-1
310,4469,25.00000000000589,0,0,0,0,0,0,0,0,0,1.700395659576528,509.7657943569785,-1,-1
311,5591,24.99999999999996,0,0,0,0,0,0,0,0,0,0.8218566740050904,246.3864324236908,-1,-1
312,1501,12.901683280765,1,0,0,0,1,0,0,0,1,0.1555759417939204,46.64049399606432,-1,-1
313,4739,24.99999999999999,0,0,0,0,0,0,0,0,0,5.712456050776544,1712.551240679272,-1,-1
314,5454,25.00000000000001,0,0,0,0,0,0,0,0,0,8.232324328060074,2467.988745362327,-1,-1
315,5301,24.99999999999997,0,0,0,0,0,0,0,0,0,4.979825326853915,1492.914075148188,-1,-1
316,5502,25.00000000011498,0,0,0,0,0,0,0,0,0,3.023466329442001,906.4124025836552,-1,-1
317,5288,25.000000000252,0,0,0,0,0,0,0,0,0,3.981602883607841,1193.654515256683,-1,-1
318,4991,25.00000000000002,0,0,0,0,0,0,0,0,0,4.987049233349109,1495.079747832745,-1,-1
319,5272,24.99999999999994,0,0,0,0,0,0,0,0,0,0.516591413175379,154.8702095375405,-1,-1
320,5430,25.00000000099675,0,0,0,0,0,0,0,0,0,4.134051840413153,1239.357562736883,-1,-1
321,5449,24.99999999999997,0,0,0,0,0,0,0,0,0,6.684437787806251,2003.944034754518,-1,-1
322,1897,12.93099702601205,1,0,0,0,1,0,0,0,1,5.520454773323297,1654.990705772424,-1,-1
323,5111,25.00000000007376,0,0,0,0,0,0,0,0,0,1.726817429413483,517.6868416811096,-1,-1
324,5273,25.00000000075406,0,0,0,0,0,0,0,0,0,2.348479768886482,704.0565224777504,-1,-1
325,5137,24.99999999999051,0,0,0,0,0,0,0,0,0,2.866408296065015,859.3275887089228,-1,-1
326,5130,25.00000000092658,0,0,0,0,0,0,0,0,0,3.082792382125324,924.1979057410263,-1,-1
327,5195,25.00000000119998,0,0,0,0,0,0,0,0,0,0.9643051855340022,289.0914218333846,-1,-1
328,5546,25.00000000078473,0,0,0,0,0,0,0,0,0,1.556555396833437,466.6435684298615,-1,-1
329,5613,24.99999999999998,0,0,0,0,0,0,0,0,0,7.76443478118879,2327.71898803328,-1,-1
330,5166,24.99999999999999,0,0,0,0,0,0,0,0,0,2.47763160589624,742.7752691501209,-1,-1
331,5505,25,0,0,0,0,0,0,0,0,0,2.882265313211093,864.0814028556936,-1,-1
332,5259,25.00000000000002,0,0,0,0,0,0,0,0,0,11.46899215074477,3438.31734765448,-1,-1
333,5061,24.99999999999997,0,0,0,0,0,0,0,0,0,4.095403611235268,1227.771115114297,-1,-1
334,5253,25.00000000000003,0,0,0,0,0,0,0,0,0,4.635863919387306,1389.797039346634,-1,-1
335,5483,25.00000000063942,0,0,0,0,0,0,0,0,0,3.665984226399176,1099.034422221438,-1,-1
336,5284,25.00000000148836,0,0,0,0,0,0,0,0,0,2.148417048658857,644.0792278265444,-1,-1
337,5339,25.00000000000004,0,0,0,0,0,0,0,0,0,8.478783908054151,2541.8754686464,-1,-1
338,5438,25,0,0,0,0,0,0,0,0,0,12.76034133763311,3825.454094528036,-1,-1
339,5396,25.00000000065909,0,0,0,0,0,0,0,0,0,0.3617166363829274,108.4399195207301,-1,-1
340,4445,25.00000000157668,0,0,0,0,0,0,0,0,0,1.218184700839712,365.202585762732,-1,-1
341,5246,24.99999999999999,0,0,0,0,0,0,0,0,0,8.01260755786844,2402.119314762757,-1,-1
342,5198,25.00000000029271,0,0,0,0,0,0,0,0,0,3.611526271944107,1082.7083381977,-1,-1
343,5321,25.00000000144541,0,0,0,0,0,0,0,0,0,1.824045526337794,546.835091844711,-1,-1
344,5131,25,0,0,0,0,0,0,0,0,0,0.06514950131124969,19.53132913557377,-1,-1
345,5762,25.00000000029671,0,0,0,0,0,0,0,0,0,2.095226960629595,628.1332405950156,-1,-1
346,4896,24.99999999999994,0,0,0,0,0,0,0,0,0,0.1624611465961134,48.70462646754716,-1,-1
347,5007,25.00000000063626,0,0,0,0,0,0,0,0,0,3.056658024815149,916.3630225247585,-1,-1
348,4719,24.9999999999337,0,0,0,0,0,0,0,0,0,5.178630939760307,1552.514498505592,-1,-1
349,5198,25.00000000000001,0,0,0,0,0,0,0,0,0,3.938105897672984,1180.61444692768,-1,-1
350,4913,24.99999999999997,0,0,0,0,0,0,0,0,0,6.631173347333469,1987.975757221188,-1,-1
351,5550,25.00000000027536,0,0,0,0,0,0,0,0,0,0.4864132180398843,145.8230142398669,-1,-1
352,5370,25,0,0,0,0,0,0,0,0,0,3.742007496415152,1121.825625204724,-1,-1
353,4934,25.00000000000004,0,0,0,0,0,0,0,0,0,5.362515927943261,1607.641831102261,-1,-1
354,4768,25.00000000006502,0,0,0,0,0,0,0,0,0,1.873589701737876,561.6880619674846,-1,-1
355,5574,24.99999999999998,0,0,0,0,0,0,0,0,0,2.438371240539313,731.0053077177897,-1,-1
356,5084,24.99999999998321,0,0,0,0,0,0,0,0,0,6.55144558744713,1964.073976114029,-1,-1
357,5794,24.99999999999998,0,0,0,0,0,0,0,0,0,2.400439758773614,719.6337355636688,-1,-1
358,4921,25.00000000017604,0,0,0,0,0,0,0,0,0,2.643808682963943,792.5939035475033,-1,-1
359,5134,24.99999999999996,0,0,0,0,0,0,0,0,0,0.9088067147431689,272.4533988597594,-1,-1
360,4894,25.00000000087648,0,0,0,0,0,0,0,0,0,7.436448511908186,2229.391178175397,-1,-1
361,5636,25.00000000000003,0,0,0,0,0,0,0,0,0,6.671598941894282,2000.095045580686,-1,-1
362,5460,25.0000000003389,0,0,0,0,0,0,0,0,0,4.585692721145867,1374.756092505028,-1,-1
363,5207,25,0,0,0,0,0,0,0,0,0,9.701833109041315,2908.536394865279,-1,-1
364,5489,25.00000000037505,0,0,0,0,0,0,0,0,0,0.7674992112863062,230.0904750645831,-1,-1
365,5661,25.00000000114268,0,0,0,0,0,0,0,0,0,0.1304482245070602,39.10739386670743,-1,-1
366,5561,25.00000000075221,0,0,0,0,0,0,0,0,0,0.02258632881084029,6.771211031398028,-1,-1
367,4988,24.99999999999999,0,0,0,0,0,0,0,0,0,3.774182144103848,1131.471341920603,-1,-1
368,5480,25.00000000000001,0,0,0,0,0,0,0,0,0,5.673760750336241,1700.950681447226,-1,-1
369,5213,25.00000000026448,0,0,0,0,0,0,0,0,0,1.995044323822594,598.0992416577235,-1,-1
370,4858,25.00000000102554,0,0,0,0,0,0,0,0,0,2.411744782279965,723.0228963483856,-1,-1
371,5320,25.00000000082651,0,0,0,0,0,0,0,0,0,0.3982066211232678,119.3793417384192,-1,-1
372,5432,25.0000000003819,0,0,0,0,0,0,0,0,0,1.821890382724358,546.1889960434959,-1,-1
373,5251,25.00000000086103,0,0,0,0,0,0,0,0,0,1.456807133186829,436.7397912900129,-1,-1
374,5609,25.00000000052537,0,0,0,0,0,0,0,0,0,7.638918258136571,2290.090081067841,-1,-1
375,4709,24.99999999999999,0,0,0,0,0,0,0,0,0,4.692916235021936,1406.900893285332,-1,-1
376,4831,24.99999999999999,0,0,0,0,0,0,0,0,0,5.921262430887008,1775.149818618671,-1,-1
377,5746,25.00000000024848,0,0,0,0,0,0,0,0,0,1.79474268182067,538.0503200605307,-1,-1
378,5124,25.00000000160446,0,0,0,0,0,0,0,0,0,3.449390939144654,1034.101388249104,-1,-1
379,5318,25.00000000150081,0,0,0,0,0,0,0,0,0,1.272396379286919,381.4548380967257,-1,-1
380,4998,25.00000000000002,0,0,0,0,0,0,0,0,0,2.338180664716227,700.9689287233517,-1,-1
381,4945,25.00000000000001,0,0,0,0,0,0,0,0,0,1.882097304659203,564.2385771589574,-1,-1
382,5614,24.99999999999999,0,0,0,0,0,0,0,0,0,7.970137598545685,2389.387141266228,-1,-1
383,5684,25.00000000021,0,0,0,0,0,0,0,0,0,0.643555967529616,192.9332253662718,-1,-1
384,4952,25.00000000054701,0,0,0,0,0,0,0,0,0,1.950203560614243,584.656319036896,-1,-1
385,5652,24.99999999999999,0,0,0,0,0,0,0,0,0,3.70193338418381,1109.811708596723,-1,-1
386,5258,25.00000000133437,0,0,0,0,0,0,0,0,0,0.4987754173302331,149.5291083514064,-1,-1
387,4971,24.99999999999998,0,0,0,0,0,0,0,0,0,4.35793671402104,1306.47655930481,-1,-1
388,5328,25.00000000020613,0,0,0,0,0,0,0,0,0,0.9458651816426125,283.5632477412553,-1,-1
389,474,17.83914666557496,1,0,0,0,0,0,0,0,1,2.947220015229084,883.5543326323245,-1,-1
390,5336,25.00000000000003,0,0,0,0,0,0,0,0,0,4.292543122273663,1286.872053697416,-1,-1
391,4878,24.99999999999999,0,0,0,0,0,0,0,0,0,10.5114314633443,3151.247875494524,-1,-1
392,4488,24.99999999999999,0,0,0,0,0,0,0,0,0,5.277582579533398,1582.179453816299,-1,-1
393,5390,25,0,0,0,0,0,0,0,0,0,10.40371524770609,3118.955366441886,-1,-1
394,5525,25,0,0,0,0,0,0,0,0,0,5.067884243665602,1519.313474267982,-1,-1
395,4851,25.00000000041183,0,0,0,0,0,0,0,0,0,1.059085528690254,317.5058538782807,-1,-1
396,5601,25,0,0,0,0,0,0,0,0,0,7.624400876907909,2285.737879665578,-1,-1
397,4998,25.00000000002502,0,0,0,0,0,0,0,0,0,0.3945043641470398,118.2694330193682,-1,-1
398,5638,24.99999999999995,0,0,0,0,0,0,0,0,0,1.103821130711307,330.917249968282,-1,-1
399,5161,25.00000000000002,0,0,0,0,0,0,0,0,0,6.698114560118451,2008.044227943499,-1,-1
400,5462,25.00000000012659,0,0,0,0,0,0,0,0,0,3.615109201967128,1083.782473596144,-1,-1
401,5103,25.00000000000431,0,0,0,0,0,0,0,0,0,4.352829027436988,1304.945313389084,-1,-1
402,5276,25.00000000000001,0,0,0,0,0,0,0,0,0,6.385852431913506,1914.430396988628,-1,-1
403,5319,25.00000000000001,0,0,0,0,0,0,0,0,0,4.094060154987131,1227.368357063453,-1,-1
404,5612,24.99999999999999,0,0,0,0,0,0,0,0,0,5.374342530311997,1611.187357296174,-1,-1
405,4821,25.00000000044075,0,0,0,0,0,0,0,0,0,0.5047827935497533,151.3300744343871,-1,-1
406,5434,24.99999999999998,0,0,0,0,0,0,0,0,0,6.488346996451019,1945.157494422969,-1,-1
407,4949,25.00000000024057,0,0,0,0,0,0,0,0,0,0.9540628006632295,286.0208320971936,-1,-1
408,5008,25.00000000121447,0,0,0,0,0,0,0,0,0,2.295752459310968,688.2492727363801,-1,-1
409,5044,24.99999999999998,0,0,0,0,0,0,0,0,0,2.528052695393153,757.8911315054388,-1,-1
410,4689,25.00000000055592,0,0,0,0,0,0,0,0,0,1.26046946676384,377.8792396750808,-1,-1
411,5177,25.00000000101049,0,0,0,0,0,0,0,0,0,2.878887903072126,863.0688807684584,-1,-1
412,4887,25.00000000049257,0,0,0,0,0,0,0,0,0,2.901127778684446,869.7362277438901,-1,-1
413,5497,25,0,0,0,0,0,0,0,0,0,7.901154788439916,2368.706615064872,-1,-1
414,5126,25.00000000001554,0,0,0,0,0,0,0,0,0,10.1030503038789,3028.818283897503,-1,-1
415,5303,25.00000000000004,0,0,0,0,0,0,0,0,0,3.30327097323265,990.2957245054686,-1,-1
416,5690,25.00000000000001,0,0,0,0,0,0,0,0,0,2.260810379634184,677.7739007824454,-1,-1
417,5229,25.00000000000002,0,0,0,0,0,0,0,0,0,6.392165020539702,1916.322863449217,-1,-1
418,5790,25.00000000000001,0,0,0,0,0,0,0,0,0,2.363530301200337,708.5685585543295,-1,-1
419,5293,25.00000000008603,0,0,0,0,0,0,0,0,0,0.07486454734726491,22.44382666629393,-1,-1
420,4547,25,0,0,0,0,0,0,0,0,0,9.413010243114988,2821.94947796262,-1,-1
421,4860,25.00000000174757,0,0,0,0,0,0,0,0,0,4.119289157344999,1234.931821693206,-1,-1
422,5421,24.99999999999929,0,0,0,0,0,0,0,0,0,2.082737159745254,624.3888924879684,-1,-1
423,5482,25,0,0,0,0,0,0,0,0,0,4.933326287451213,1478.974013831014,-1,-1
424,5262,25.00000000153543,0,0,0,0,0,0,0,0,0,0.2293049673750122,68.74389980096473,-1,-1
425,5409,25.00000000104026,0,0,0,0,0,0,0,0,0,10.4193657085123,3123.647256555813,-1,-1
426,5581,25.00000000126089,0,0,0,0,0,0,0,0,0,0.8646145110754021,259.204909497763,-1,-1
427,5210,25.00000000000002,0,0,0,0,0,0,0,0,0,4.926015935185966,1476.782425356569,-1,-1
428,5136,25.00000000113843,0,0,0,0,0,0,0,0,0,3.516712234834256,1054.283804959635,-1,-1
429,0,10.56553464996477,1,0,0,0,0,0,0,0,1,0.6538571313143907,196.02143657757,-1,-1
430,0,10.56553464996341,1,0,0,0,0,0,0,0,1,0.2039920220103093,61.15526969086074,-1,-1
431,5495,25.00000000142394,0,0,0,0,0,0,0,0,0,1.506382491042446,451.6021096777778,-1,-1
432,5371,25.00000000087567,0,0,0,0,0,0,0,0,0,0.5465872421180501,163.8627328260114,-1,-1
433,5427,25.00000000000002,0,0,0,0,0,0,0,0,0,2.947061655917317,883.5068577050027,-1,-1
434,5100,24.99999999999999,0,0,0,0,0,0,0,0,0,6.371589779647095,1910.154561408081,-1,-1
435,5360,25.00000000006643,0,0,0,0,0,0,0,0,0,1.756298259679595,526.524972250468,-1,-1
436,5137,25.00000000058709,0,0,0,0,0,0,0,0,0,2.381889900144671,714.0726278497456,-1,-1
437,5088,25.00000000010415,0,0,0,0,0,0,0,0,0,2.342394184452252,702.232110161846,-1,-1
438,5619,25.0000000007397,0,0,0,0,0,0,0,0,0,1.320236552670865,395.796961266645,-1,-1
439,5706,24.99999999998199,0,0,0,0,0,0,0,0,0,3.097059647826756,928.4751243945977,-1,-1
440,5601,25.00000000000001,0,0,0,0,0,0,0,0,0,7.866409020625528,2358.290095926699,-1,-1
441,5594,24.99999999986549,0,0,0,0,0,0,0,0,0,3.74255865581625,1121.990858636329,-1,-1
442,5303,24.99999999999993,0,0,0,0,0,0,0,0,0,0.5210846848809597,156.2172585066184,-1,-1
443,5232,25.00000000000002,0,0,0,0,0,0,0,0,0,3.383924524845047,1014.475050989779,-1,-1
444,5596,24.99999999999996,0,0,0,0,0,0,0,0,0,2.582547589123187,774.2282896452142,-1,-1
445,5490,25.00000000013702,0,0,0,0,0,0,0,0,0,0.4078484636196099,122.2698934000464,-1,-1
446,5418,25.00000000031907,0,0,0,0,0,0,0,0,0,1.090065277600204,326.7933489522176,-1,-1
447,5509,25.00000000073917,0,0,0,0,0,0,0,0,0,1.989016906128951,596.2922672919535,-1,-1
448,5554,25.00000000091786,0,0,0,0,0,0,0,0,0,0.499146278976788,149.640289876005,-1,-1
449,5719,25.00000000054979,0,0,0,0,0,0,0,0,0,1.744795848182896,523.0766360349454,-1,-1
450,5147,25.00000000095644,0,0,0,0,0,0,0,0,0,1.70630623448761,511.5377401377651,-1,-1
451,4667,25,0,0,0,0,0,0,0,0,0,5.143439603106884,1541.964401189957,-1,-1
452,5152,25.00000000000001,0,0,0,0,0,0,0,0,0,4.487558828317225,1345.336291560821,-1,-1
453,5510,25.00000000068158,0,0,0,0,0,0,0,0,0,3.150340331174565,944.4482714193568,-1,-1
454,4825,24.99999999952368,0,0,0,0,0,0,0,0,0,0.6189771373364354,185.5646774478936,-1,-1
455,5273,24.99999999999995,0,0,0,0,0,0,0,0,0,2.113631853314597,633.6508886122785,-1,-1
456,5325,25.00000000104315,0,0,0,0,0,0,0,0,0,0.01495783318882285,4.48424557803118,-1,-1
457,5205,25.00000000005093,0,0,0,0,0,0,0,0,0,3.249372662571047,974.1374174701787,-1,-1
458,5393,25.00000000031017,0,0,0,0,0,0,0,0,0,2.563154153815678,768.4142840053122,-1,-1
459,5410,24.99999999999999,0,0,0,0,0,0,0,0,0,2.268446293759424,680.0630902471278,-1,-1
460,5484,25.00000000046809,0,0,0,0,0,0,0,0,0,0.4994546458012997,149.732735924291,-1,-1
461,5331,25.00000000000001,0,0,0,0,0,0,0,0,0,13.46237895482313,4035.919677393897,-1,-1
462,6082,25,0,0,0,0,0,0,0,0,0,2.678637831132367,803.0354194869614,-1,-1
463,5355,25.00000000000003,0,0,0,0,0,0,0,0,0,7.672927316428894,2300.285740247562,-1,-1
464,5576,25.00000000000002,0,0,0,0,0,0,0,0,0,4.693901416760463,1407.196243340302,-1,-1
465,5229,25.0000000006306,0,0,0,0,0,0,0,0,0,3.655037489390436,1095.752673026508,-1,-1
466,4321,25.00000000013423,0,0,0,0,0,0,0,0,0,2.714187283048335,813.6928770574019,-1,-1
467,5771,25.00000000081273,0,0,0,0,0,0,0,0,0,3.727623704914655,1117.513472995431,-1,-1
468,5313,25.00000000150061,0,0,0,0,0,0,0,0,0,2.427612971754702,727.7800598750268,-1,-1
469,1496,12.87314420431192,1,0,0,0,1,0,0,0,1,1.8121826027836,543.2786768333331,-1,-1
470,4570,24.99999999999998,0,0,0,0,0,0,0,0,0,4.662398262174062,1397.75183519209,-1,-1
471,5384,25.00000000097096,0,0,0,0,0,0,0,0,0,2.228927061371271,668.2155224312102,-1,-1
472,5564,25.00000000146285,0,0,0,0,0,0,0,0,0,1.213772534178036,363.8798514741225,-1,-1
473,5864,25.00000000009571,0,0,0,0,0,0,0,0,0,3.2727531334471,981.1467063033081,-1,-1
474,5501,25.0000000007499,0,0,0,0,0,0,0,0,0,2.357182553435066,706.6655516490148,-1,-1
475,4971,24.99999999999926,0,0,0,0,0,0,0,0,0,6.887944867117428,2064.953922281617,-1,-1
476,5162,24.99999999999995,0,0,0,0,0,0,0,0,0,6.809042708292985,2041.299650146131,-1,-1
477,5563,25.00000000176237,0,0,0,0,0,0,0,0,0,2.147799395603188,643.8940600987941,-1,-1
478,5459,24.99999999999998,0,0,0,0,0,0,0,0,0,2.854045186392436,855.6212216716566,-1,-1
479,5658,25.00000000094941,0,0,0,0,0,0,0,0,0,3.256416470623276,976.2490979998366,-1,-1
480,5615,24.99999999999996,0,0,0,0,0,0,0,0,0,0.3505325913037035,105.0870271560467,-1,-1
481,5709,25.00000000000001,0,0,0,0,0,0,0,0,0,3.016816412592369,904.4188076658082,-1,-1
482,5437,25.00000000000001,0,0,0,0,0,0,0,0,0,7.769718116769514,2329.302892193464,-1,-1
483,5302,25.00000000151763,0,0,0,0,0,0,0,0,0,2.205841417160708,661.294620408812,-1,-1
484,5574,25.00000000000001,0,0,0,0,0,0,0,0,0,5.322475693259998,1595.638070727669,-1,-1
485,4707,25.00000000002948,0,0,0,0,0,0,0,0,0,1.649769758699796,494.5885310946787,-1,-1
486,5306,25.0000000002218,0,0,0,0,0,0,0,0,0,1.671739016457824,501.1747488783936,-1,-1
487,5389,24.99999999999995,0,0,0,0,0,0,0,0,0,5.46357070533623,1637.937291209542,-1,-1
488,5339,24.99999999999995,0,0,0,0,0,0,0,0,0,0.4076928739112808,122.223248778947,-1,-1
489,4891,24.99999999999997,0,0,0,0,0,0,0,0,0,8.172000728670561,2449.904185225939,-1,-1
490,4830,25.00000000000001,0,0,0,0,0,0,0,0,0,3.473558438401589,1041.346622255054,-1,-1
491,5539,24.99999999999997,0,0,0,0,0,0,0,0,0,7.023033695981825,2105.452534335217,-1,-1
492,5635,25.00000000021154,0,0,0,0,0,0,0,0,0,0.2861124691704419,85.774360397056,-1,-1
493,4956,25.00000000006492,0,0,0,0,0,0,0,0,0,1.638879170627713,491.3236149274836,-1,-1
494,5292,24.99999999999997,0,0,0,0,0,0,0,0,0,5.186078927110896,1554.747348940579,-1,-1
495,0,10.56553464996432,1,0,0,0,0,0,0,0,1,0.8236109171439904,246.9123412862312,-1,-1
496,5272,25.00000000066885,0,0,0,0,0,0,0,0,0,2.752647344868369,825.2229135252619,-1,-1
497,4964,25.00000000021308,0,0,0,0,0,0,0,0,0,2.932556477793871,879.1583147016471,-1,-1
498,5284,25,0,0,0,0,0,0,0,0,0,6.342688474021261,1901.490167955104,-1,-1
499,5774,25.00000000046568,0,0,0,0,0,0,0,0,0,1.903970069449807,570.7958670787882,-1,-1
500,5525,25.00000000000001,0,0,0,0,0,0,0,0,0,6.990216039503323,2095.614048433727,-1,-1
501,4980,25.00000000000004,0,0,0,0,0,0,0,0,0,8.019967975353337,2404.32591241246,-1,-1
502,0,10.56553464996432,1,0,0,0,0,0,0,0,1,0.5969608273544396,178.9643537623011,-1,-1
503,5033,25.00000000095312,0,0,0,0,0,0,0,0,0,0.735472799702552,220.4891984149697,-1,-1
504,5347,25.0000000000039,0,0,0,0,1,0,0,0,0,6.656483874865565,1995.563662483312,-1,-1
505,5333,25.00000000000003,0,0,0,0,0,0,0,0,0,3.082916057728087,924.2349827539733,-1,-1
506,5020,25.00000000005132,0,0,0,0,0,0,0,0,0,1.054844830735464,316.2345246147787,-1,-1
507,5418,24.99999999999999,0,0,0,0,0,0,0,0,0,5.391860516392879,1616.439117402571,-1,-1
508,4621,25.00000000000096,0,0,0,0,0,0,0,0,0,5.657622549612696,1696.112570584618,-1,-1
509,4913,25,0,0,0,0,0,0,0,0,0,6.314107271850285,1892.921739103671,-1,-1
510,5793,25.00000000055197,0,0,0,0,0,0,0,0,0,0.7295332538477076,218.7085673637422,-1,-1
511,5387,24.99999999999999,0,0,0,0,0,0,0,0,0,4.161686130013536,1247.642114341266,-1,-1
512,5100,25.00000000022655,0,0,0,0,0,0,0,0,0,1.898113811295283,569.0402050519612,-1,-1
513,5524,24.99999999997226,0,0,0,0,1,0,0,0,0,2.248517072383131,674.0884599847028,-1,-1
514,5154,24.99999999983774,0,0,0,0,0,0,0,0,0,4.346230866474858,1302.967234495967,-1,-1
515,5630,25,0,0,0,0,0,0,0,0,0,3.444612213286446,1032.668762277964,-1,-1
516,5699,25.00000000010966,0,0,0,0,0,0,0,0,0,0.03142146879167805,9.419919363027454,-1,-1
517,5514,24.99999999999998,0,0,0,0,0,0,0,0,0,10.28927488377826,3084.647008445548,-1,-1
518,5402,25.00000000027552,0,0,0,0,0,0,0,0,0,0.1135561855217316,34.04328797866393,-1,-1
519,4971,25.00000000019601,0,0,0,0,0,0,0,0,0,0.7119631669779876,213.4411878337953,-1,-1
520,5532,25.00000000148315,0,0,0,0,0,0,0,0,0,3.807605178897211,1141.491315675125,-1,-1
521,4327,25.00000000114123,0,0,0,0,0,0,0,0,0,4.800028812681197,1439.012436224518,-1,-1
522,5360,24.99999999999995,0,0,0,0,0,0,0,0,0,3.275345761354144,981.9239565962405,-1,-1
523,5489,25.00000000038802,0,0,0,0,0,0,0,0,0,2.941949901248558,881.9743922081624,-1,-1
524,5050,25.00000000105824,0,0,0,0,0,0,0,0,0,3.723896810887239,1116.396178274247,-1,-1
525,5181,25.00000000192579,0,0,0,0,0,0,0,0,0,0.4685064787798943,140.4547088623493,-1,-1
526,4921,25.00000000045708,0,0,0,0,0,0,0,0,0,0.1642117429976487,49.2294420657294,-1,-1
527,4505,24.99999999999999,0,0,0,0,0,0,0,0,0,3.682267370296858,1103.915985954491,-1,-1
528,5286,24.99999999999998,0,0,0,0,0,0,0,0,0,7.118063295637617,2133.941691598783,-1,-1
529,5295,24.99999999999999,0,0,0,0,0,0,0,0,0,13.40958301828641,4020.091853807141,-1,-1
530,5550,24.99999999999998,0,0,0,0,0,0,0,0,0,7.825042012113362,2345.888578764731,-1,-1
531,4711,25.00000000000001,0,0,0,0,0,0,0,0,0,8.115990059701307,2433.112609101422,-1,-1
532,5322,24.99999999999997,0,0,0,0,0,0,0,0,0,7.457750884155647,2235.777468712694,-1,-1
533,5294,25.00000000000003,0,0,0,0,0,0,0,0,0,9.66224677262983,2896.668709769264,-1,-1
534,4833,25.00000000036635,0,0,0,0,0,0,0,0,0,0.2245072969973378,67.30559440576791,-1,-1
535,5562,25.00000000000003,0,0,0,0,0,0,0,0,0,6.336307394195684,1899.5771683495,-1,-1
536,5308,25.00000000133003,0,0,0,0,0,0,0,0,0,0.6045451902560303,181.238088558933,-1,-1
537,5267,25.0000000005741,0,0,0,0,0,0,0,0,0,0.1527048596377145,45.77976521933544,-1,-1
538,5700,25.00000000086678,0,0,0,0,0,0,0,0,0,2.542330866968568,762.1716196577781,-1,-1
539,5806,24.99999999999999,0,0,0,0,0,0,0,0,0,0.6009927177602757,180.1730840974533,-1,-1
540,5582,25.00000000045875,0,0,0,0,0,0,0,0,0,0.2923214170308983,87.63575613773605,-1,-1
541,5240,25.00000000004339,0,0,0,0,0,0,0,0,0,0.2003481682138104,60.06286980461569,-1,-1
542,5053,24.99999999999998,0,0,0,0,0,0,0,0,0,3.469263968846653,1040.059172671374,-1,-1
543,5185,25.00000000209331,0,0,0,0,0,0,0,0,0,1.016013615520545,304.5932191583711,-1,-1
544,5294,24.99999999999999,0,0,0,0,0,0,0,0,0,5.103429045311703,1529.969537722588,-1,-1
545,5729,24.99999999999995,0,0,0,0,0,0,0,0,0,0.2932596828617647,87.91704115742893,-1,-1
546,5479,25.00000000000004,0,0,0,0,0,0,0,0,0,8.279687381570566,2482.187831592625,-1,-1
547,4532,25.00000000134245,0,0,0,0,0,0,0,0,0,2.732077804683584,819.0563205133354,-1,-1
548,5364,24.99999999999997,0,0,0,0,0,0,0,0,0,3.238961077850607,971.0161028951635,-1,-1
549,4970,24.99999999999999,0,0,0,0,0,0,0,0,0,4.358895262308742,1306.763924852093,-1,-1
550,5494,25.00000000115991,0,0,0,0,0,0,0,0,0,3.552147451437266,1064.907015644814,-1,-1
551,4752,25.00000000022849,0,0,0,0,0,0,0,0,0,0.949741491296251,284.7253361402887,-1,-1
552,5324,25.00000000000003,0,0,0,0,0,0,0,0,0,4.62367810108602,1386.14382292535,-1,-1
553,5286,25.00000000065079,0,0,0,0,0,0,0,0,0,0.6555087834948788,196.5165894445196,-1,-1
554,4680,24.99999999999601,0,0,0,0,0,0,0,0,0,1.136405958984578,340.6859357298338,-1,-1
555,4640,25.00000000088314,0,0,0,0,0,0,0,0,0,0.500501546083279,150.0465887331065,-1,-1
556,5523,25.00000000076607,0,0,0,0,0,0,0,0,0,1.502659983169468,450.4861298926136,-1,-1
557,0,10.56553464996341,1,0,0,0,0,0,0,0,1,4.123853018941805,1236.300032979284,-1,-1
558,5253,25.00000000000001,0,0,0,0,0,0,0,0,0,2.258940009997653,677.2131780717408,-1,-1
559,5003,24.99999999999999,0,0,0,0,0,0,0,0,0,16.82406884563835,5043.728952795144,-1,-1
560,1571,12.93694054308462,1,0,0,0,1,0,0,0,1,3.371121523081698,1010.636807621366,-1,-1
561,5243,24.99999999999998,0,0,0,0,0,0,0,0,0,3.182134625502259,953.9799610662319,-1,-1
562,5566,25.00000000014934,0,0,0,0,0,0,0,0,0,2.859265701717737,857.1862927930554,-1,-1
563,5368,25.00000000051865,0,0,0,0,0,0,0,0,0,0.4792941840815589,143.688781550915,-1,-1
564,4810,25.00000000051592,0,0,0,0,0,0,0,0,0,0.1080853880134714,32.40318414644234,-1,-1
565,0,10.56553464996341,1,0,0,0,0,0,0,0,1,3.217667379470926,964.6324127180076,-1,-1
566,5076,24.99999999998728,0,0,0,0,1,0,0,0,0,4.3102643636382,1292.184748204902,-1,-1
567,5050,24.99999999999999,0,0,0,0,0,0,0,0,0,2.938483928824046,880.9353198156576,-1,-1
568,5374,25.0000000009408,0,0,0,0,0,0,0,0,0,3.386945090551267,1015.380593807397,-1,-1
569,804,9.507070862016597,1,0,0,1,14,0,0,0,1,0.200118701734783,59.99407748483948,-1,-1
570,4928,25,0,0,0,0,0,0,0,0,0,9.837596929802677,2949.237364398798,-1,-1
571,5361,25.00000000000002,0,0,0,0,0,0,0,0,0,7.045060479816718,2112.055998002913,-1,-1
572,5598,25.00000000016663,0,0,0,0,0,0,0,0,0,0.5186419978183586,155.4849593479964,-1,-1
573,5335,25.00000000072766,0,0,0,0,0,0,0,0,0,1.58757427356167,475.9427937286176,-1,-1
574,5336,25,0,0,0,0,0,0,0,0,0,7.600178981308233,2278.476338046331,-1,-1
575,5594,25.00000000119096,0,0,0,0,0,0,0,0,0,2.36336045483557,708.5176398951535,-1,-1
576,0,10.56553464996432,1,0,0,0,0,0,0,0,1,0.08735790193087664,26.18924014558046,-1,-1
577,4592,24.99999999999998,0,0,0,0,0,0,0,0,0,12.69817570209394,3806.817305846619,-1,-1
578,5143,25.00000000034625,0,0,0,0,0,0,0,0,0,3.118525564425646,934.9104442950019,-1,-1
579,5724,24.99999999999998,0,0,0,0,0,0,0,0,0,2.900845609182505,869.6516354553306,-1,-1
580,4777,25.00000000175341,0,0,0,0,0,0,0,0,0,1.77429422137268,531.9200258405118,-1,-1
581,5321,25.00000000005132,0,0,0,0,0,0,0,0,0,3.562181457988362,1067.915135132355,-1,-1
582,5303,25.00000000074249,0,0,0,0,0,0,0,0,0,1.523433345606426,456.7138272785141,-1,-1
583,5621,24.99999999999993,0,0,0,0,0,0,0,0,0,0.4895659088480394,146.7681671665577,-1,-1
584,5503,25.00000000210548,0,0,0,0,0,0,0,0,0,0.2070758274328297,62.07977129847186,-1,-1
585,4684,25.00000000029603,0,0,0,0,0,0,0,0,0,3.122031715188755,935.9615618503927,-1,-1
586,5901,25.00000000022123,0,0,0,0,0,0,0,0,0,2.86303221029052,858.3154636561679,-1,-1
587,5479,25.00000000050949,0,0,0,0,0,0,0,0,0,0.771342491590812,231.2426615138539,-1,-1
588,5045,25,0,0,0,0,0,0,0,0,0,6.100658976367903,1828.931549945097,-1,-1
589,5497,25.00000000000001,0,0,0,0,0,0,0,0,0,3.460663296082505,1037.480755842956,-1,-1
590,5448,25.00000000000002,0,0,0,0,0,0,0,0,0,3.239271797906691,971.1092544245263,-1,-1
591,5232,24.99999999999999,0,0,0,0,0,0,0,0,0,1.904024447312339,570.8121691518577,-1,-1
592,5427,25.00000000048705,0,0,0,0,0,0,0,0,0,4.594606073086855,1377.428248192436,-1,-1
593,5787,25.00000000100845,0,0,0,0,0,0,0,0,0,1.590068583417759,476.6905690113882,-1,-1
594,4927,25.00000000033488,0,0,0,0,0,0,0,0,0,4.455707439271664,1335.787485348138,-1,-1
595,5623,25.00000000000005,0,0,0,0,0,0,0,0,0,4.824914143093277,1446.472870596897,-1,-1
596,4655,25.00000000006375,0,0,0,0,0,0,0,0,0,6.989018943282269,2095.255168015154,-1,-1
597,5162,24.99999999999991,0,0,0,0,0,0,0,0,0,1.58815565916494,476.1170887476675,-1,-1
598,5434,25.00000000000001,0,0,0,0,0,0,0,0,0,3.165782722504674,949.0777838736076,-1,-1
599,5758,25.00000000000132,0,0,0,0,0,0,0,0,0,5.702887937818364,1709.682792577119,-1,-1
600,5731,24.99999999999995,0,0,0,0,0,0,0,0,0,4.25295522487679,1275.003900629756,-1,-1
601,4766,25.00000000063816,0,0,0,0,0,0,0,0,0,0.03916725158862763,11.74204662685908,-1,-1
602,5426,25.00000000075823,0,0,0,0,0,0,0,0,0,1.068025412450569,320.1859636050198,-1,-1
603,5327,25.0000000018918,0,0,0,0,0,0,0,0,0,0.9875644868558322,296.0643849480186,-1,-1
604,5493,25.00000000149044,0,0,0,0,0,0,0,0,0,0.6631094307073757,198.7952061547448,-1,-1
605,5123,24.99999999999997,0,0,0,0,0,0,0,0,0,3.389174062301895,1016.04882272733,-1,-1
606,5637,25.00000000144334,0,0,0,0,0,0,0,0,0,1.327564047818926,397.9936890480654,-1,-1
607,5500,24.99999999963135,0,0,0,0,0,0,0,0,0,1.639072974944546,491.3817159999978,-1,-1
608,5037,24.99999999999998,0,0,0,0,0,0,0,0,0,2.803201643407701,840.3787109468342,-1,-1
609,4928,25.0000000004021,0,0,0,0,0,0,0,0,0,0.5736664293742916,171.9808689342023,-1,-1
610,5025,25.00000000034937,0,0,0,0,0,0,0,0,0,0.0106531845342813,3.193744377059778,-1,-1
611,4690,24.99999999999998,0,0,0,0,0,0,0,0,0,1.491452031782922,447.1260705972963,-1,-1
612,5093,24.99999999999989,0,0,0,0,0,0,0,0,0,1.663728104076747,498.7731377648479,-1,-1
613,5292,24.99999999999997,0,0,0,0,0,0,0,0,0,3.453446508278109,1035.317217288212,-1,-1
614,5156,25.00000000057088,0,0,0,0,0,0,0,0,0,5.064743187454651,1518.371809305785,-1,-1
615,5581,25.00000000213687,0,0,0,0,0,0,0,0,0,3.625919088077778,1087.023195923956,-1,-1
616,5832,25.00000000000002,0,0,0,0,0,0,0,0,0,3.541379099693023,1061.678745006799,-1,-1
617,5005,24.99999999999998,0,0,0,0,0,0,0,0,0,3.772223274737162,1130.884087658263,-1,-1
618,5551,24.9999999989384,0,0,0,0,0,0,0,0,0,6.035196871726962,1809.306504688936,-1,-1
619,5501,24.99999999999994,0,0,0,0,0,0,0,0,0,4.706960377617646,1411.111221314602,-1,-1
620,5244,25.00000000044555,0,0,0,0,0,0,0,0,0,0.245162836168118,73.49796926509138,-1,-1
621,5597,24.99999999999999,0,0,0,0,0,0,0,0,0,4.281338757017465,1283.51306949693,-1,-1
622,1395,17.83914666557291,1,0,0,0,0,0,0,0,1,1.289611546982456,386.6158155350528,-1,-1
623,6007,25.00000000000001,0,0,0,0,0,0,0,0,0,10.27167201767478,3079.369801948543,-1,-1
624,5198,25.00000000026993,0,0,0,0,0,0,0,0,0,1.740619012288576,521.8244521355243,-1,-1
625,5374,25,0,0,0,0,0,0,0,0,0,2.624093337351923,786.6833916261563,-1,-1
626,5905,24.99999999999996,0,0,0,0,0,0,0,0,0,0.4174880848400416,125.1597791399086,-1,-1
627,5355,25.00000000000002,0,0,0,0,0,0,0,0,0,4.445117890607405,1332.612818524969,-1,-1
628,4952,24.99999999999998,0,0,0,0,0,0,0,0,0,6.351257881271156,1904.059211618152,-1,-1
629,5626,25.00000000150861,0,0,0,0,0,0,0,0,0,0.8600913768217251,257.8489079619892,-1,-1
630,5696,25.00000000000001,0,0,0,0,0,0,0,0,0,3.241811797572676,971.870727167711,-1,-1
631,5421,25.0000000006352,0,0,0,0,0,0,0,0,0,3.45593605857166,1036.06356569003,-1,-1
632,5381,25.00000000000002,0,0,0,0,0,0,0,0,0,2.33628608849154,700.4009490600843,-1,-1
633,5606,24.99999999999989,0,0,0,0,0,0,0,0,0,3.901600230819878,1169.670323330859,-1,-1
634,5068,24.99999999999997,0,0,0,0,0,0,0,0,0,10.99025756720564,3294.79633012568,-1,-1
635,4529,24.99999999999998,0,0,0,0,0,0,0,0,0,13.87008244733184,4158.146109548267,-1,-1
636,5362,25,0,0,0,0,0,0,0,0,0,5.06190403695232,1517.520653398059,-1,-1
637,4633,25.00000000081839,0,0,0,0,0,0,0,0,0,2.816834150785939,844.4656338424593,-1,-1
638,5476,25.00000000000367,0,0,0,0,0,0,0,0,0,3.837439227732659,1150.435338507596,-1,-1
639,5348,25.00000000073067,0,0,0,0,0,0,0,0,0,1.118756737863704,335.3948323482214,-1,-1
640,4873,24.99999999999997,0,0,0,0,0,0,0,0,0,4.267497419478794,1279.363540894205,-1,-1
641,0,10.56553464996447,1,0,0,0,0,0,0,0,1,0.1612585828587361,48.34410692881716,-1,-1
642,4673,25.00000000000001,0,0,0,0,0,0,0,0,0,5.786610201911405,1734.782095918896,-1,-1
643,5451,25.0000000005043,0,0,0,0,0,0,0,0,0,0.1586918488681922,47.57461943675986,-1,-1
644,4900,25.00000000008195,0,0,0,0,0,0,0,0,0,3.670389983813701,1100.35523506609,-1,-1
645,5263,24.99999999999998,0,0,0,0,0,0,0,0,0,3.856461954358515,1156.138208480623,-1,-1
646,5608,25.00000000045353,0,0,0,0,0,0,0,0,0,0.9612564551453096,288.1774354563791,-1,-1
647,5637,25,0,0,0,0,0,0,0,0,0,4.57374123353157,1371.173126656381,-1,-1
648,5200,25.00000000177689,0,0,0,0,0,0,0,0,0,1.150761384483151,344.9895840256871,-1,-1
649,4605,25.00000000056801,0,0,0,0,0,0,0,0,0,1.336943484753994,400.8055735014854,-1,-1
650,5317,24.99999999999995,0,0,0,0,0,0,0,0,0,0.1308357539912711,39.22357228332648,-1,-1
651,4660,25.00000000128045,0,0,0,0,0,0,0,0,0,1.783762226446675,534.7584623540014,-1,-1
652,5565,25,0,0,0,0,0,0,0,0,0,6.852993632085125,2054.475805621148,-1,-1
653,5557,25.00000000000002,0,0,0,0,0,0,0,0,0,1.761134932671962,527.974970335392,-1,-1
654,5484,25.00000000000001,0,0,0,0,0,0,0,0,0,4.899687850652888,1468.889464179966,-1,-1
655,5112,24.99999999999995,0,0,0,0,0,0,0,0,0,6.132442912259127,1838.460134210843,-1,-1
656,5712,25.00000000007195,0,0,0,0,0,0,0,0,0,0.276069805643254,82.76364561337337,-1,-1
657,5624,25.00000000054938,0,0,0,0,0,0,0,0,0,4.65997555111174,1397.025524687693,-1,-1
658,5355,25.00000000124893,0,0,0,0,0,0,0,0,0,0.08106779198186573,24.30351262287622,-1,-1
659,5218,25.00000000145032,0,0,0,0,0,0,0,0,0,0.4227354844596432,126.7329099699772,-1,-1
660,5186,25.00000000051216,0,0,0,0,0,0,0,0,0,5.789766069301219,1735.728201160811,-1,-1
661,5382,25.00000000000001,0,0,0,0,0,0,0,0,0,3.284805426373817,984.7598928243445,-1,-1
662,5820,25.00000000000001,0,0,0,0,0,0,0,0,0,4.629574079838094,1387.91139288775,-1,-1
663,4274,25.00000000073756,0,0,0,0,0,0,0,0,0,6.183087498563542,1853.642999223436,-1,-1
664,4876,25.00000000136336,0,0,0,0,0,0,0,0,0,0.2997839711148987,89.87297356953648,-1,-1
665,5256,25.00000000030189,0,0,0,0,0,0,0,0,0,0.06751592218073053,20.24076426469793,-1,-1
666,5300,25.00000000000003,0,0,0,0,0,0,0,0,0,3.45390237361609,1035.453882278402,-1,-1
667,4915,24.99999999999994,0,0,0,0,0,0,0,0,0,1.988179867915009,596.0413295483559,-1,-1
668,5415,25.00000000029848,0,0,0,0,0,0,0,0,0,2.056349477518894,616.478064372405,-1,-1
669,5322,25,0,0,0,0,0,0,0,0,0,4.887747841584029,1465.309939512671,-1,-1
670,5260,25,0,0,0,0,0,0,0,0,0,7.257197743502743,2175.653149716741,-1,-1
671,5629,25.00000000099671,0,0,0,0,0,0,0,0,0,0.9732120323522557,291.7616273340583,-1,-1
672,5042,25.00000000071723,0,0,0,0,0,0,0,0,0,0.5743140979455764,172.1750350871571,-1,-1
673,5657,24.99999999999991,0,0,0,0,0,0,0,0,0,0.5714452741138992,171.3149833390896,-1,-1
674,5044,25,0,0,0,0,0,0,0,0,0,9.869162297044383,2958.700423431862,-1,-1
675,5239,25.00000000077053,0,0,0,0,0,0,0,0,0,1.389919575814027,416.6874060556044,-1,-1
676,5608,25.00000000126106,0,0,0,0,0,0,0,0,0,0.5847771274603564,175.3117724235196,-1,-1
677,4909,24.99999999998468,0,0,0,0,1,0,0,0,0,2.439943508074305,731.4766616667389,-1,-1
678,5351,25.00000000067003,0,0,0,0,0,0,0,0,0,1.572215253768172,471.3382754322542,-1,-1
679,5310,25.00000000062761,0,0,0,0,0,0,0,0,0,0.9565301955908607,286.7605384874049,-1,-1
680,5609,25.00000000085772,0,0,0,0,0,0,0,0,0,1.519211533138876,455.448159741652,-1,-1
681,5535,25,0,0,0,0,0,0,0,0,0,3.026836066232246,907.422624258816,-1,-1
682,5629,25.00000000045105,0,0,0,0,0,0,0,0,0,2.406522579997646,721.4573194899961,-1,-1
683,5100,25.00000000060234,0,0,0,0,0,0,0,0,0,0.8221530991365888,246.4752984424757,-1,-1
684,4682,25.0000000007023,0,0,0,0,0,0,0,0,0,1.672179109911767,501.3066855767008,-1,-1
685,4798,25.00000000084666,0,0,0,0,0,0,0,0,0,1.455679076645212,436.4016084466385,-1,-1
686,5375,24.99999999998304,0,0,0,0,0,0,0,0,0,4.888868543385137,1465.64591746031,-1,-1
687,5211,25.00000000101159,0,0,0,0,0,0,0,0,0,1.174039149916976,351.9680825418408,-1,-1
688,1214,17.83914666557529,1,0,0,0,0,0,0,0,1,1.075545045316083,322.44029282503,-1,-1
689,5160,25,0,0,0,0,0,0,0,0,0,5.941702966149648,1781.277736927894,-1,-1
690,4996,24.99999999999996,0,0,0,0,0,0,0,0,0,7.025942458858585,2106.324559507779,-1,-1
691,4995,25,0,0,0,0,0,0,0,0,0,7.386225988965586,2214.334844575474,-1,-1
692,4786,25.0000000016005,0,0,0,0,0,0,0,0,0,0.7333220412333779,219.8444172469317,-1,-1
693,5049,25.0000000008022,0,0,0,0,0,0,0,0,0,0.5031449808615186,150.8390705428376,-1,-1
694,5544,25.00000000114769,0,0,0,0,0,0,0,0,0,5.653356990412419,1694.833788107222,-1,-1
695,5101,24.99999999998529,0,0,0,0,1,0,0,0,0,0.4058337271686992,121.6658906072057,-1,-1
696,4348,25.00000000074339,0,0,0,0,0,0,0,0,0,2.461289253772079,737.8759552373173,-1,-1
697,5894,24.99999999999995,0,0,0,0,0,0,0,0,0,3.144007471569001,942.5497278720361,-1,-1
698,5934,25.00000000148226,0,0,0,0,0,0,0,0,0,1.548224141026231,464.1459207731923,-1,-1
699,4958,25.00000000090977,0,0,0,0,0,0,0,0,0,4.580249282453113,1373.124190639355,-1,-1
700,5573,24.99999999999999,0,0,0,0,0,0,0,0,0,3.491230514304839,1046.644577328052,-1,-1
701,5224,24.99999999999999,0,0,0,0,0,0,0,0,0,5.657426550049761,1696.053811393878,-1,-1
702,5355,25.00000000000001,0,0,0,0,0,0,0,0,0,0.9605534010646862,287.9666651454421,-1,-1
703,5589,25.00000000117496,0,0,0,0,0,0,0,0,0,0.2581024767776571,77.37717592906175,-1,-1
704,5555,25.00000000044336,0,0,0,0,0,0,0,0,0,0.2921070120552428,87.57147914307686,-1,-1
705,5046,25.00000000021678,0,0,0,0,0,0,0,0,0,2.788694581361419,836.0296031576207,-1,-1
706,5483,24.99999999999998,0,0,0,0,0,0,0,0,0,12.147683803772,3641.783986539597,-1,-1
707,5085,25.00000000074544,0,0,0,0,0,0,0,0,0,1.328045788364365,398.1381112303008,-1,-1
708,768,12.87314420431019,1,0,0,0,1,0,0,0,1,5.695730507999123,1707.537049098646,-1,-1
709,5593,25.00000000148881,0,0,0,0,0,0,0,0,0,0.1732484803238083,51.93858776103913,-1,-1
710,4596,24.99999999999998,0,0,0,0,0,0,0,0,0,7.106548581310337,2130.489667087439,-1,-1
711,5603,25.00000000000477,0,0,0,0,1,0,0,0,0,3.666310637579267,1099.132277831436,-1,-1
712,5390,25.00000000071905,0,0,0,0,0,0,0,0,0,6.502810867798029,1949.493653966284,-1,-1
713,5404,24.99999999996137,0,0,0,0,1,0,0,0,0,4.127961903650854,1237.531845625849,-1,-1
714,5399,25.00000000000001,0,0,0,0,0,0,0,0,0,5.548849532922047,1663.503240546852,-1,-1
715,5311,25.00000000000002,0,0,0,0,0,0,0,0,0,10.41287783456768,3121.702240878762,-1,-1
716,5397,24.99999999999998,0,0,0,0,0,0,0,0,0,7.076527459439458,2121.48956116985,-1,-1
717,1203,9.336061629937305,1,0,0,1,6,0,0,0,1,0.2786189993963125,83.52787467452103,-1,-1
718,5579,25.00000000000001,0,0,0,0,0,0,0,0,0,8.296536641533212,2487.239112652306,-1,-1
719,0,10.56553464996432,1,0,0,0,0,0,0,0,1,2.381890877155791,714.0729207503107,-1,-1
720,5058,25.00000000000001,0,0,0,0,0,0,0,0,0,5.279343940653473,1582.707496595911,-1,-1
721,4754,25.00000000040472,0,0,0,0,0,0,0,0,0,0.5243658618374584,157.2009306115401,-1,-1
722,5136,25.00000000032453,0,0,0,0,0,0,0,0,0,0.5171856881552496,155.0483686944838,-1,-1
723,5150,24.99999999999995,0,0,0,0,0,0,0,0,0,2.179135152255668,653.288283608931,-1,-1
724,5579,25,0,0,0,0,0,0,0,0,0,2.204550135847315,660.9075040099003,-1,-1
725,5536,24.99999999999993,0,0,0,0,0,0,0,0,0,2.146184622938019,643.409963432392,-1,-1
726,5386,25.00000000146759,0,0,0,0,0,0,0,0,0,1.875374226743984,562.2230491054282,-1,-1
727,5525,25.00000000046933,0,0,0,0,0,0,0,0,0,0.8986606698740313,269.4116911294624,-1,-1
728,5101,25.00000000165437,0,0,0,0,0,0,0,0,0,2.836293384842887,850.299365451189,-1,-1
729,0,10.56553464996387,1,0,0,0,0,0,0,0,1,0.1926875695532215,57.76628010240623,-1,-1
730,5542,25,0,0,0,0,0,0,0,0,0,4.421556845568888,1325.549394919823,-1,-1
731,5143,25.00000000000002,0,0,0,0,0,0,0,0,0,8.324371590603713,2495.583820452458,-1,-1
732,5442,25,0,0,0,0,0,0,0,0,0,7.25664668780929,2175.487947375905,-1,-1
733,4666,25.00000000084502,0,0,0,0,0,0,0,0,0,0.5036667738802938,150.9955001545035,-1,-1
734,4882,25.00000000012326,0,0,0,0,0,0,0,0,0,7.448067845640809,2232.874566795423,-1,-1
735,5451,25.0000000003025,0,0,0,0,0,0,0,0,0,1.018921843677825,305.465084026067,-1,-1
736,5436,24.99999999999999,0,0,0,0,0,0,0,0,0,4.650922725906755,1394.311555967646,-1,-1
737,5512,24.99999999999999,0,0,0,0,0,0,0,0,0,6.234923874457594,1869.183153766525,-1,-1
738,5729,25.00000000084038,0,0,0,0,0,0,0,0,0,0.8223066667852331,246.521336865332,-1,-1
739,4696,25.00000000000002,0,0,0,0,0,0,0,0,0,8.391222635670822,2515.625259572995,-1,-1
740,5135,25.00000000000001,0,0,0,0,0,0,0,0,0,3.030363139354225,908.4800141795996,-1,-1
741,5345,24.99999999998658,0,0,0,0,1,0,0,0,0,0.603270267685222,180.8558763876707,-1,-1
742,5029,25.00000000021217,0,0,0,0,0,0,0,0,0,2.628120476772767,787.8906976518397,-1,-1
743,5791,25.00000000068042,0,0,0,0,0,0,0,0,0,1.376305623534229,412.6060458385493,-1,-1
744,5449,25.00000000240684,0,0,0,0,0,0,0,0,0,8.321865855622072,2494.832620003214,-1,-1
745,5114,24.99999999999995,0,0,0,0,0,0,0,0,0,1.945849703265231,583.3510654404542,-1,-1
746,5566,25.00000000012477,0,0,0,0,0,0,0,0,0,1.121698888208196,336.2768668318023,-1,-1
747,5409,25.00000000084649,0,0,0,0,0,0,0,0,0,1.364220875326758,408.9831294691203,-1,-1
748,4426,24.99999999999999,0,0,0,0,0,0,0,0,0,7.918318208536307,2373.852078963256,-1,-1
749,4865,24.99999999996881,0,0,0,0,0,0,0,0,0,5.982045408870685,1793.372096992957,-1,-1
750,5411,25.00000000066361,0,0,0,0,0,0,0,0,0,0.2157108761210974,64.6684937696773,-1,-1
751,4784,25.00000000000002,0,0,0,0,0,0,0,0,0,11.42528944630989,3425.215606470703,-1,-1
752,4795,25.00000000020621,0,0,0,0,0,0,0,0,0,6.190643304951319,1855.908172992599,-1,-1
753,5264,25.00000000082005,0,0,0,0,0,0,0,0,0,0.4494730915240277,134.7486429128472,-1,-1
754,5452,25.00000000000002,0,0,0,0,0,0,0,0,0,6.225685142349487,1866.413451559033,-1,-1
755,5358,25.00000000008197,0,0,0,0,0,0,0,0,0,2.807815199587407,841.7618202940693,-1,-1
756,957,9.360980494167817,1,0,0,1,5,0,0,0,1,0.7519690152779421,225.4346394300138,-1,-1
757,5708,25.00000000000001,0,0,0,0,0,0,0,0,0,5.258032956234019,1576.318624194402,-1,-1
758,4879,25.00000000011098,0,0,0,0,0,0,0,0,0,1.893603557152586,567.6880648763174,-1,-1
759,5175,24.99999999984429,0,0,0,0,0,0,0,0,0,6.260917518578539,1876.975852229921,-1,-1
760,5514,25,0,0,0,0,0,0,0,0,0,4.838993854293144,1450.693861825436,-1,-1
761,4158,25.0000000000365,0,0,0,0,0,0,0,0,0,4.225211869651009,1266.686651973452,-1,-1
762,5387,25,0,0,0,0,0,0,0,0,0,7.427270059796799,2226.639547456289,-1,-1
763,5181,25,0,0,0,0,0,0,0,0,0,4.036981215324634,1210.256521441999,-1,-1
764,5589,25.00000000042362,0,0,0,0,0,0,0,0,0,1.510949299013089,452.9712042645109,-1,-1
765,5725,24.99999999999999,0,0,0,0,0,0,0,0,0,4.069155150782484,1219.902024636442,-1,-1
766,5742,25.00000000000005,0,0,0,0,0,0,0,0,0,8.847422925565471,2652.390665820823,-1,-1
767,5767,25.00000000064303,0,0,0,0,0,0,0,0,0,1.454146144538213,435.9420469623341,-1,-1
768,5380,25,0,0,0,0,0,0,0,0,0,5.115623933509331,1533.625473230391,-1,-1
769,5020,25.00000000074073,0,0,0,0,0,0,0,0,0,1.461181196407882,438.0511024544996,-1,-1
770,5210,25,0,0,0,0,0,0,0,0,0,6.885423044216886,2064.197898795623,-1,-1
771,4619,25.00000000007152,0,0,0,0,0,0,0,0,0,0.8605108425484294,257.9746606232446,-1,-1
772,5722,25.00000000033566,0,0,0,0,0,0,0,0,0,0.03625639806554522,10.86939469429625,-1,-1
773,5026,25,0,0,0,0,0,0,0,0,0,3.769301986119378,1130.00830736301,-1,-1
774,5565,25.00000000063972,0,0,0,0,0,0,0,0,0,0.01509869149988531,4.526473837334324,-1,-1
775,4949,25.00000000077729,0,0,0,0,0,0,0,0,0,0.05808912511785514,17.41468160215133,-1,-1
776,4947,25,0,0,0,0,0,0,0,0,0,2.743787594701446,822.5668272454542,-1,-1
777,4909,25,0,0,0,0,0,0,0,0,0,9.599578472865764,2877.881226144314,-1,-1
778,5195,24.99999999989098,0,0,0,0,0,0,0,0,0,4.739432282930043,1420.846053624149,-1,-1
779,5429,25,0,0,0,0,0,0,0,0,0,4.640332254366883,1391.136612473329,-1,-1
780,5394,24.99999999999998,0,0,0,0,0,0,0,0,0,5.329156767874299,1597.641006508371,-1,-1
781,5527,25.00000000056367,0,0,0,0,0,0,0,0,0,3.263765226217966,978.4521995028102,-1,-1
782,5784,25.00000000119462,0,0,0,0,0,0,0,0,0,0.9453623997239374,283.4125175140177,-1,-1
783,5492,25.00000000000002,0,0,0,0,0,0,0,0,0,6.349094695462178,1903.410704827368,-1,-1
784,5497,25.00000000000001,0,0,0,0,0,0,0,0,0,3.748847491382887,1123.876204108809,-1,-1
785,5202,25.00000000043418,0,0,0,0,0,0,0,0,0,2.524292514773641,756.763857714991,-1,-1
786,5437,25.00000000100224,0,0,0,0,0,0,0,0,0,4.413613173286285,1323.167941880675,-1,-1
787,5814,25.00000000081407,0,0,0,0,0,0,0,0,0,1.645707731851862,493.3707660814746,-1,-1
788,4949,25.00000000000002,0,0,0,0,0,0,0,0,0,5.049635973164118,1513.842780400093,-1,-1
789,5305,25.00000000185175,0,0,0,0,0,0,0,0,0,0.1520324255784848,45.57817455987603,-1,-1
790,4899,24.9999999999999,0,0,0,0,0,0,0,0,0,0.7226192278723494,216.6357945219138,-1,-1
791,0,10.56553464996387,1,0,0,0,0,0,0,0,1,0.8868021228041267,265.856588155067,-1,-1
792,5734,25.00000000000002,0,0,0,0,0,0,0,0,0,7.305600362498724,2190.163889839183,-1,-1
793,5384,24.99999999999998,0,0,0,0,0,0,0,0,0,7.519544635982919,2254.302769462035,-1,-1
794,5209,25.00000000046326,0,0,0,0,0,0,0,0,0,0.5851174270953556,175.4137916875525,-1,-1
795,5452,25.00000000201486,0,0,0,0,0,0,0,0,0,0.4616270917244915,138.3923205074768,-1,-1
796,4989,25.00000000011813,0,0,0,0,0,0,0,0,0,1.861913852250985,558.1877303505717,-1,-1
797,4826,25.00000000116293,0,0,0,0,0,0,0,0,0,0.6572280272824067,197.0320057654838,-1,-1
798,5480,25.00000000045063,0,0,0,0,0,0,0,0,0,1.984179341040845,594.8420017634553,-1,-1
799,5753,25.00000000097207,0,0,0,0,0,0,0,0,0,2.544078854247983,762.6956530608267,-1,-1
800,5322,25.00000000000005,0,0,0,0,0,0,0,0,0,2.151010855932731,644.8568316847575,-1,-1
801,4874,25.00000000005248,0,0,0,0,0,0,0,0,0,0.68591044132144,205.6307771716193,-1,-1
802,5452,24.99999999999998,0,0,0,0,0,0,0,0,0,3.520649958879857,1055.464304930191,-1,-1
803,5525,25.00000000056191,0,0,0,0,0,0,0,0,0,2.00106352556452,599.9037529431332,-1,-1
804,5720,25,0,0,0,0,0,0,0,0,0,4.631214123338846,1388.403065560068,-1,-1
805,5823,25.0000000005315,0,0,0,0,0,0,0,0,0,4.834176314580874,1449.249599753581,-1,-1
806,5336,25.00000000000001,0,0,0,0,0,0,0,0,0,5.470117978464593,1639.900114313891,-1,-1
807,4403,25.000000000722,0,0,0,0,0,0,0,0,0,5.072351221061976,1520.652640401471,-1,-1
808,5263,25.00000000000002,0,0,0,0,0,0,0,0,0,4.543478758763845,1362.100664960602,-1,-1
809,5417,25.00000000093997,0,0,0,0,0,0,0,0,0,2.046140403757062,613.4174610554421,-1,-1
810,5140,24.99999999999992,0,0,0,0,0,0,0,0,0,3.022370086334059,906.0837571677599,-1,-1
811,4645,24.99999999999997,0,0,0,0,0,0,0,0,0,1.852886863794684,555.4815072929196,-1,-1
812,5543,25.00000000003438,0,0,0,0,0,0,0,0,0,0.8024616333413161,240.5719455100879,-1,-1
813,4696,25.00000000000002,0,0,0,0,0,0,0,0,0,3.696375872153097,1108.145608404671,-1,-1
814,5135,24.99999999999999,0,0,0,0,0,0,0,0,0,4.473201680117314,1341.032126812099,-1,-1
815,5530,25.00000000035982,0,0,0,0,0,0,0,0,0,1.802894793223382,540.4942615758395,-1,-1
816,5904,24.99999999999998,0,0,0,0,0,0,0,0,0,5.312268838231637,1592.578132570266,-1,-1
817,5085,24.99999999999999,0,0,0,0,0,0,0,0,0,2.892345104089844,867.1032481393603,-1,-1
818,5586,25.00000000016657,0,0,0,0,0,0,0,0,0,0.1733514779431387,51.96946567050635,-1,-1
819,5356,25.00000000000003,0,0,0,0,0,0,0,0,0,4.230688168138797,1268.328404957848,-1,-1
820,542,17.83914666557637,1,0,0,0,0,0,0,0,1,4.25562390439938,1275.803950623447,-1,-1
821,5296,25.00000000000002,0,0,0,0,0,0,0,0,0,4.880876928581078,1463.250091614812,-1,-1
822,5508,25.00000000029315,0,0,0,0,0,0,0,0,0,0.2090700533644587,62.67762519232225,-1,-1
823,4903,25.00000000000002,0,0,0,0,0,0,0,0,0,2.458698617380194,737.0993019856098,-1,-1
824,5033,25.00000000034572,0,0,0,0,0,0,0,0,0,2.047894549585594,613.9433407450682,-1,-1
825,5450,25.00000000205919,0,0,0,0,0,0,0,0,0,1.689958077884121,506.6366860858362,-1,-1
826,5406,24.99999999999998,0,0,0,0,0,0,0,0,0,8.225430542825396,2465.922040541901,-1,-1
827,5525,24.99999999999999,0,0,0,0,0,0,0,0,0,11.09620496734333,3326.558561631666,-1,-1
828,5183,25.00000000000002,0,0,0,0,0,0,0,0,0,6.497211734239809,1947.815075954195,-1,-1
829,4810,24.99999999992912,0,0,0,0,0,0,0,0,0,3.301118338533644,989.6503808578773,-1,-1
830,5609,25.00000000000001,0,0,0,0,0,0,0,0,0,3.775486443822464,1131.862361139215,-1,-1
831,4752,25,0,0,0,0,0,0,0,0,0,4.792556379194804,1436.77225702239,-1,-1
832,5087,25.00000000000002,0,0,0,0,0,0,0,0,0,5.335839225094436,1599.644356783876,-1,-1
833,5214,24.99999999999999,0,0,0,0,0,0,0,0,0,3.848315510303867,1153.695965993521,-1,-1
834,5639,25.00000000078438,0,0,0,0,0,0,0,0,0,0.6485870771641189,194.4415140900669,-1,-1
835,5181,25.00000000196766,0,0,0,0,0,0,0,0,0,0.6899466347027751,206.840797506373,-1,-1
836,5023,24.99999999999868,0,0,0,0,0,0,0,0,0,3.951411405774283,1184.603337906308,-1,-1
837,5511,25.00000000000002,0,0,0,0,0,0,0,0,0,2.431548189085967,728.9598083515307,-1,-1
838,5270,25.00000000106374,0,0,0,0,0,0,0,0,0,0.3859808706497555,115.7141539530703,-1,-1
839,5317,24.99999999999999,0,0,0,0,0,0,0,0,0,10.56267677449255,3166.610833284632,-1,-1
840,5496,25.00000000040543,0,0,0,0,0,0,0,0,0,6.310124584931915,1891.727759602969,-1,-1
841,4973,25.00000000000004,0,0,0,0,0,0,0,0,0,5.286751999608486,1584.928376799043,-1,-1
842,4889,25,0,0,0,0,0,0,0,0,0,5.510762106445896,1652.084917344673,-1,-1
843,4888,24.99999999999999,0,0,0,0,0,0,0,0,0,7.500398667375856,2248.562952472532,-1,-1
844,5170,25.00000000053563,0,0,0,0,0,0,0,0,0,0.0001212653174750165,0.03635442759598556,-1,-1
845,5248,24.99999999999998,0,0,0,0,0,0,0,0,0,5.832946885726032,1748.673484255253,-1,-1
846,5499,25.00000000000001,0,0,0,0,0,0,0,0,0,4.831251628989441,1448.372801071249,-1,-1
847,5493,25.00000000000002,0,0,0,0,0,0,0,0,0,7.791643879562388,2335.876070514664,-1,-1
848,4879,25.0000000008002,0,0,0,0,0,0,0,0,0,3.720496636998297,1115.376831786453,-1,-1
849,5360,25.0000000000809,0,0,0,0,0,0,0,0,0,0.04506058644807781,13.50882397019074,-1,-1
850,4643,25.00000000047442,0,0,0,0,0,0,0,0,0,2.200847297869891,659.7974211110728,-1,-1
851,5002,25.00000000000001,0,0,0,0,0,0,0,0,0,8.456383622536618,2535.160031991198,-1,-1
852,5446,25,0,0,0,0,0,0,0,0,0,6.600812809172942,1978.873896859841,-1,-1
853,5731,25.00000000050131,0,0,0,0,0,0,0,0,0,1.31847315508015,395.2683079684934,-1,-1
854,5802,25.00000000029375,0,0,0,0,0,0,0,0,0,1.103963188966071,330.9598379616568,-1,-1
855,5635,25.00000000062737,0,0,0,0,0,0,0,0,0,0.5555550523025767,166.5512146841081,-1,-1
856,4819,25.0000000018101,0,0,0,0,0,0,0,0,0,2.05535065613137,616.1786252535362,-1,-1
857,0,10.56553464996432,1,0,0,0,0,0,0,0,1,4.509780808807583,1351.998273713653,-1,-1
858,5603,25.00000000168403,0,0,0,0,0,0,0,0,0,2.821449525479896,845.8492883665516,-1,-1
859,5214,24.99999999999998,0,0,0,0,0,0,0,0,0,2.14247182492432,642.2968945898075,-1,-1
860,5040,25.00000000066425,0,0,0,0,0,0,0,0,0,0.3681837896641016,110.378723299156,-1,-1
861,4902,25.00000000001676,0,0,0,0,0,0,0,0,0,5.491591808185767,1646.337806508676,-1,-1
862,5410,25.00000000034633,0,0,0,0,0,0,0,0,0,0.1424776167860443,42.71371494627029,-1,-1
863,5673,25,0,0,0,0,0,0,0,0,0,11.15510484344888,3344.216300265246,-1,-1
864,4916,25.00000000160234,0,0,0,0,0,0,0,0,0,2.09608514291078,628.390517170504,-1,-1
865,5002,24.99999999999998,0,0,0,0,0,0,0,0,0,4.587028497606182,1375.156548213405,-1,-1
866,5108,25.00000000062488,0,0,0,0,0,0,0,0,0,0.4073304644702395,122.1146011618148,-1,-1
867,5887,25.00000000061319,0,0,0,0,0,0,0,0,0,1.189343321456389,356.5561577452951,-1,-1
868,5598,25.00000000168278,0,0,0,0,0,0,0,0,0,1.079189571746803,323.5328943619414,-1,-1
869,5545,25.00000000000004,0,0,0,0,0,0,0,0,0,7.601251415669404,2278.79784577951,-1,-1
870,5648,24.99999999999996,0,0,0,0,0,0,0,0,0,1.269705187656052,380.6480391427592,-1,-1
871,5697,25.0000000011889,0,0,0,0,0,0,0,0,0,6.47221911816081,1940.322478148022,-1,-1
872,4965,25.0000000000218,0,0,0,0,0,0,0,0,0,4.207471775501908,1261.368305543341,-1,-1
873,5375,25.0000000006984,0,0,0,0,0,0,0,0,0,1.900626564733586,569.793509581578,-1,-1
874,5489,25.00000000183048,0,0,0,0,0,0,0,0,0,0.6339133576314046,190.0424436433518,-1,-1
875,5064,24.99999999996214,0,0,0,0,1,0,0,0,0,2.236519902061423,670.4917988049132,-1,-1
876,5450,25.0000000004017,0,0,0,0,0,0,0,0,0,1.1630289399794,348.6673046415589,-1,-1
877,4769,25.00000000083363,0,0,0,0,0,0,0,0,0,4.806521780929431,1440.958979135372,-1,-1
878,4772,25.00000000000001,0,0,0,0,0,0,0,0,0,2.100831687379662,629.8134954038367,-1,-1
879,5723,24.99999999999996,0,0,0,0,0,0,0,0,0,2.677040865989379,802.5566613814044,-1,-1
880,4984,24.99999999999994,0,0,0,0,0,0,0,0,0,2.987370227109151,895.5910633410707,-1,-1
881,5392,25.00000000003402,0,0,0,0,0,0,0,0,0,4.772466071337822,1430.749334247969,-1,-1
882,5221,25,0,0,0,0,0,0,0,0,0,5.51223849474058,1652.527527420498,-1,-1
883,4547,25.00000000000002,0,0,0,0,0,0,0,0,0,3.781107819436774,1133.547607151971,-1,-1
884,1744,17.83914666557581,1,0,0,0,0,0,0,0,1,9.015472375192473,2702.77062339005,-1,-1
885,5520,25.00000000038214,0,0,0,0,0,0,0,0,0,1.707169422948024,511.7965175280298,-1,-1
886,5210,25.00000000009189,0,0,0,0,0,0,0,0,0,0.5550956039209772,166.4134755244642,-1,-1
887,5587,25.000000000094,0,0,0,0,0,0,0,0,0,4.90450512538452,1470.333646812623,-1,-1
888,5220,25.00000000027362,0,0,0,0,0,0,0,0,0,1.551692314759299,465.1856531013999,-1,-1
889,5314,24.99999999999996,0,0,0,0,0,0,0,0,0,3.416995433022703,1024.389459840651,-1,-1
890,5348,25.00000000059055,0,0,0,0,0,0,0,0,0,5.704998852051322,1710.315628743644,-1,-1
891,5633,25.00000000144237,0,0,0,0,0,0,0,0,0,2.26468668980805,678.935989337439,-1,-1
892,5499,25.00000000061878,0,0,0,0,0,0,0,0,0,2.15972991331788,647.4707393296943,-1,-1
893,5850,25.00000000000001,0,0,0,0,0,0,0,0,0,2.347999311932387,703.9124851065188,-1,-1
894,5637,24.99999999999998,0,0,0,0,0,0,0,0,0,4.793193393103993,1436.963228988006,-1,-1
895,5377,24.99999999959699,0,0,0,0,0,0,0,0,0,0.9279895674458174,278.2042734229384,-1,-1
896,5281,25.00000000000002,0,0,0,0,0,0,0,0,0,4.47204317302158,1340.684815122259,-1,-1
897,5286,24.99999999999994,0,0,0,0,0,0,0,0,0,10.93693726429859,3278.811305455868,-1,-1
898,5517,24.99999999999089,0,0,0,0,1,0,0,0,0,0.5245110163299153,157.2444468336234,-1,-1
899,5590,24.99999999999999,0,0,0,0,0,0,0,0,0,5.025294623379644,1506.545427317168,-1,-1
900,5023,24.99999999999791,0,0,0,0,0,0,0,0,0,1.457192980083522,436.8554652795842,-1,-1
901,5387,24.99999999998169,0,0,0,0,0,0,0,0,0,2.73610593097815,820.2639223963181,-1,-1
902,5305,25.00000000076155,0,0,0,0,0,0,0,0,0,0.6223819826087251,186.585424381183,-1,-1
903,4723,25.00000000000004,0,0,0,0,0,0,0,0,0,11.75357286989679,3523.632500948472,-1,-1
904,5679,25.00000000000003,0,0,0,0,0,0,0,0,0,3.497860228147703,1048.632115536841,-1,-1
905,5785,25.0000000009436,0,0,0,0,0,0,0,0,0,1.31112590379864,393.0656574472657,-1,-1
906,5072,25.00000000013869,0,0,0,0,0,0,0,0,0,1.420667839830121,425.9055037042222,-1,-1
907,5473,25.00000000159111,0,0,0,0,0,0,0,0,0,0.5467400148055365,163.9085329255082,-1,-1
908,4420,25.00000000006579,0,0,0,0,0,0,0,0,0,1.344834042006727,403.1711030552721,-1,-1
909,5005,25.00000000044346,0,0,0,0,0,0,0,0,0,3.356541252985269,1006.265752610854,-1,-1
910,5342,25.00000000031183,0,0,0,0,0,0,0,0,0,6.617408588166385,1983.84918623671,-1,-1
911,5465,24.99999999999996,0,0,0,0,0,0,0,0,0,9.344130447752775,2801.299834804445,-1,-1
912,5688,25.0000000004248,0,0,0,0,0,0,0,0,0,0.09559444643547564,28.65849406804058,-1,-1
913,4947,25,0,0,0,0,0,0,0,0,0,3.766135712886825,1129.059082527924,-1,-1
914,5350,25.00000000029949,0,0,0,0,0,0,0,0,0,0.5697166745551394,170.7967622284713,-1,-1
915,5249,24.99999999999999,0,0,0,0,0,0,0,0,0,15.01198916949618,4500.481132592638,-1,-1
916,5289,25.00000000093101,0,0,0,0,0,0,0,0,0,3.495735921347975,1047.995264379804,-1,-1
917,5257,25.00000000000001,0,0,0,0,0,0,0,0,0,8.274398429692036,2480.602243708716,-1,-1
918,5551,24.99999999999998,0,0,0,0,0,0,0,0,0,5.211468930249138,1562.359080390019,-1,-1
919,5983,24.99999999999998,0,0,0,0,0,0,0,0,0,7.509324952809101,2251.238985523375,-1,-1
920,5212,24.99999999999999,0,0,0,0,0,0,0,0,0,3.208412188298029,961.857776207025,-1,-1
921,4937,25.00000000027564,0,0,0,0,0,0,0,0,0,0.3652589567491817,109.5018804503529,-1,-1
922,5371,24.99999999999999,0,0,0,0,0,0,0,0,0,3.920539363384951,1175.34813243493,-1,-1
923,5590,25.00000000021167,0,0,0,0,0,0,0,0,0,0.7305093487336348,219.0011932488356,-1,-1
924,5337,25.00000000019968,0,0,0,0,0,0,0,0,0,2.570776772619216,770.6994876328217,-1,-1
925,5764,25.00000000054768,0,0,0,0,0,0,0,0,0,0.716859061007517,214.9089399390155,-1,-1
926,4950,24.99999999999993,0,0,0,0,0,0,0,0,0,1.519831788387844,455.6341075873277,-1,-1
927,4648,24.99999999999996,0,0,0,0,0,0,0,0,0,0.1921780155398591,57.61351965225654,-1,-1
928,4984,24.99999999999998,0,0,0,0,0,0,0,0,0,3.91095646294747,1172.475251158008,-1,-1
929,4890,25.00000000029836,0,0,0,0,0,0,0,0,0,6.529352500643464,1957.450635316351,-1,-1
930,5888,25.00000000013399,0,0,0,0,0,0,0,0,0,0.7284294394813706,218.3776521416823,-1,-1
931,5286,25,0,0,0,0,0,0,0,0,0,1.810919352435924,542.8999639065339,-1,-1
932,5556,25.00000000000001,0,0,0,0,0,0,0,0,0,8.284662744521331,2483.679407881076,-1,-1
933,4823,25.00000000035177,0,0,0,0,0,0,0,0,0,3.767313985417688,1129.412319746145,-1,-1
934,5216,25.00000000124981,0,0,0,0,0,0,0,0,0,0.1136384881624108,34.06796168961304,-1,-1
935,5749,25.00000000000004,0,0,0,0,0,0,0,0,0,2.937519816650224,880.6462862572802,-1,-1
936,5342,25.00000000001939,0,0,0,0,0,0,0,0,0,0.4782986517380796,143.3903284626449,-1,-1
937,5238,24.99999999999998,0,0,0,0,0,0,0,0,0,0.06399477567426753,19.18515109854727,-1,-1
938,5613,24.99999999999996,0,0,0,0,0,0,0,0,0,4.076166103791263,1222.003855471866,-1,-1
939,5267,25.00000000144119,0,0,0,0,0,0,0,0,0,2.425820694279161,727.2427486052163,-1,-1
940,4509,24.99999999999993,0,0,0,0,0,0,0,0,0,1.249871238403529,374.701970744498,-1,-1
941,5470,25.00000000019563,0,0,0,0,0,0,0,0,0,0.5948830991261254,178.3414665096788,-1,-1
942,5382,25.00000000000002,0,0,0,0,0,0,0,0,0,4.901345950496355,1469.386550007649,-1,-1
943,5589,25.00000000000834,0,0,0,0,0,0,0,0,0,5.361673576389004,1607.38930045931,-1,-1
944,5582,25.00000000124504,0,0,0,0,0,0,0,0,0,0.5078777139032166,152.2579082144661,-1,-1
945,4580,25.00000000000141,0,0,0,0,0,0,0,0,0,2.10522070352288,631.1292893416135,-1,-1
946,4679,25.00000000000287,0,0,0,0,0,0,0,0,0,1.555157439681698,466.2244714191629,-1,-1
947,6109,24.99999999999999,0,0,0,0,0,0,0,0,0,3.661459661383597,1097.677991754036,-1,-1
948,5353,25.00000000030258,0,0,0,0,0,0,0,0,0,1.101707598853713,330.2836290576326,-1,-1
949,0,10.56553464996387,1,0,0,0,0,0,0,0,1,0.5551342087818164,166.4250489705859,-1,-1
950,5554,25.00000000192313,0,0,0,0,0,0,0,0,0,2.040192637297892,611.6343655290375,-1,-1
951,4918,25,0,0,0,0,0,0,0,0,0,6.894531441533802,2066.928527615702,-1,-1
952,0,10.56553464996432,1,0,0,0,0,0,0,0,1,2.499048408211479,749.1958649587067,-1,-1
953,5039,25.00000000000004,0,0,0,0,0,0,0,0,0,4.86880598922781,1459.631315035727,-1,-1
954,4768,25.00000000013969,0,0,0,0,0,0,0,0,0,0.8527343254984771,255.6433194621605,-1,-1
955,5124,25.00000000024233,0,0,0,0,0,0,0,0,0,1.742785203302983,522.4738598642311,-1,-1
956,5737,24.99999999999999,0,0,0,0,0,0,0,0,0,8.15303560968812,2444.218585589929,-1,-1
957,5675,25.00000000003847,0,0,0,0,0,0,0,0,0,3.422331087174173,1025.989048713757,-1,-1
958,5873,24.99999999999996,0,0,0,0,0,0,0,0,0,0.6895322684585026,206.7165736314903,-1,-1
959,4823,25.00000000000002,0,0,0,0,0,0,0,0,0,2.198369521291945,659.0546023803956,-1,-1
960,995,12.87314420430946,1,0,0,0,1,0,0,0,1,1.938667876054629,581.1980078080564,-1,-1
961,5599,25.00000000057127,0,0,0,0,0,0,0,0,0,1.923281991057881,576.5854355263763,-1,-1
962,5403,25,0,0,0,0,0,0,0,0,0,8.095989630617007,2427.116631305185,-1,-1
963,4874,25.00000000057435,0,0,0,0,0,0,0,0,0,7.722825154840744,2315.244735873937,-1,-1
964,4660,24.99999999998083,0,0,0,0,0,0,0,0,0,5.018644779582766,1504.551854299987,-1,-1
965,5011,25.0000000005423,0,0,0,0,0,0,0,0,0,1.905181413934129,571.1590190192279,-1,-1
966,5667,25.00000000000001,0,0,0,0,0,0,0,0,0,4.414980393529126,1323.577824197904,-1,-1
967,5304,25.00000000000001,0,0,0,0,0,0,0,0,0,5.853181992997807,1754.739816802152,-1,-1
968,4686,25.00000000129708,0,0,0,0,0,0,0,0,0,0.02537649598737396,7.607682107481978,-1,-1
969,5038,24.99999999999995,0,0,0,0,0,0,0,0,0,1.268608140406143,380.3191526511667,-1,-1
970,5770,25.00000000131695,0,0,0,0,0,0,0,0,0,5.462111558158042,1637.499849890409,-1,-1
971,5469,25.0000000006237,0,0,0,0,0,0,0,0,0,0.1194807820349197,35.81943733001083,-1,-1
972,5112,25.00000000065251,0,0,0,0,0,0,0,0,0,0.09108351138326191,27.30614976085907,-1,-1
973,4622,25,0,0,0,0,0,0,0,0,0,4.852077660954124,1454.616288384327,-1,-1
974,4681,25.00000000042128,0,0,0,0,0,0,0,0,0,1.175671635110221,352.4574892905722,-1,-1
975,5255,25.00000000096225,0,0,0,0,0,0,0,0,0,9.128116606422974,2736.540514350162,-1,-1
976,5453,25.0000000008072,0,0,0,0,0,0,0,0,0,2.552410210635714,765.1933308707785,-1,-1
977,5599,25.00000000000003,0,0,0,0,0,0,0,0,0,5.780713562810006,1733.014327988749,-1,-1
978,5112,25.00000000031305,0,0,0,0,0,0,0,0,0,1.153392098107193,345.7782521293326,-1,-1
979,5244,25.00000000000158,0,0,0,0,0,0,0,0,0,3.194465654953745,957.676710695163,-1,-1
980,5068,25.00000000111253,0,0,0,0,0,0,0,0,0,3.8539234458884,1155.377182786713,-1,-1
981,5224,24.99999999999998,0,0,0,0,0,0,0,0,0,2.789745756675659,836.3447375888659,-1,-1
982,4882,25.0000000004075,0,0,0,0,0,0,0,0,0,6.299781953634375,1888.627116744092,-1,-1
983,5254,25,0,0,0,0,0,0,0,0,0,7.384727622885791,2213.885645725429,-1,-1
984,4888,25.00000000069425,0,0,0,0,0,0,0,0,0,3.133097512783691,939.2790045111092,-1,-1
985,5579,25.00000000043872,0,0,0,0,0,0,0,0,0,1.56171844422852,468.1914110992039,-1,-1
986,5070,24.99999999981305,0,0,0,0,0,0,0,0,0,9.032556680807108,2707.892369363485,-1,-1
987,5423,25.00000000163044,0,0,0,0,0,0,0,0,0,7.847391739119418,2352.588858359505,-1,-1
988,5515,25.00000000000002,0,0,0,0,0,0,0,0,0,5.454399208802625,1635.187745720194,-1,-1
989,5574,25.00000000090025,0,0,0,0,0,0,0,0,0,1.732350820807341,519.3457106881505,-1,-1
990,5085,24.99999999961302,0,0,0,0,0,0,0,0,0,2.990312321805206,896.4730811416698,-1,-1
991,5160,25.00000000027691,0,0,0,0,0,0,0,0,0,1.858986668282068,557.3101826735118,-1,-1
992,5107,25.0000000006429,0,0,0,0,0,0,0,0,0,1.862291835413695,558.3010468520031,-1,-1
993,5087,25.00000000044552,0,0,0,0,0,0,0,0,0,3.153535650056748,945.4062039211404,-1,-1
994,4893,24.99999999999384,0,0,0,0,0,0,0,0,0,6.034217755087864,1809.012972905033,-1,-1
995,4958,25.00000000162256,0,0,0,0,0,0,0,0,0,0.5425058507868463,162.6391624867699,-1,-1
996,5833,24.99999999999999,0,0,0,0,0,0,0,0,0,5.584852950213,1674.296793512908,-1,-1
997,5006,24.99999999999999,0,0,0,0,0,0,0,0,0,5.841689577925805,1751.29447743936,-1,-1
998,4700,25,0,0,0,0,0,0,0,0,0,4.500860569458576,1349.324053233266,-1,-1
999,4860,25.00000000024624,0,0,0,0,0,0,0,0,0,1.199238928728318,359.5227861727494,-1,-1
1000,5051,25.00000000124069,0,0,0,0,0,0,0,0,0,0.7764207478935956,232.7650844532193,-1,-1
1001,5494,24.99999999999994,0,0,0,0,0,0,0,0,0,4.117167497779612,1234.29576415706,-1,-1
1002,0,10.56553464996432,1,0,0,0,0,0,0,0,1,1.198871176592592,359.4125368560453,-1,-1
1003,0,10.56553464996432,1,0,0,0,0,0,0,0,1,0.7311354209422992,219.1888849751566,-1,-1
1004,5879,25.000000000326,0,0,0,0,0,0,0,0,0,1.489905809852979,446.6625249243052,-1,-1
1005,5027,25.00000000085747,0,0,0,0,0,0,0,0,0,0.3751881590897313,112.4785804260056,-1,-1
1006,5504,25.00000000017767,0,0,0,0,0,0,0,0,0,1.735667247636384,520.3399504390063,-1,-1
1007,5612,24.99999999999999,0,0,0,0,0,0,0,0,0,3.850498756428519,1154.350486715649,-1,-1
1008,5695,25.00000000138402,0,0,0,0,0,0,0,0,0,0.3446981297058696,103.3378995725255,-1,-1
1009,5796,25.00000000080275,0,0,0,0,0,0,0,0,0,1.214252670045723,364.0237925860702,-1,-1
1010,4835,25.00000000000001,0,0,0,0,0,0,0,0,0,7.608202140569468,2280.881620682183,-1,-1
1011,5989,24.99999999999998,0,0,0,0,0,0,0,0,0,7.453463124737103,2234.492030777297,-1,-1
1012,5683,25.00000000030726,0,0,0,0,0,0,0,0,0,0.5782157605562425,173.3447241114954,-1,-1
1013,5228,25.00000000000005,0,0,0,0,0,0,0,0,0,4.19758557960435,1258.404498574942,-1,-1
1014,5388,24.99999999999999,0,0,0,0,0,0,0,0,0,7.304598449967246,2189.863524018671,-1,-1
1015,5097,25.00000000027371,0,0,0,0,0,0,0,0,0,1.637091822670985,490.7877814902349,-1,-1
1016,5221,25.00000000000001,0,0,0,0,0,0,0,0,0,14.00563847222556,4198.784783447863,-1,-1
1017,5305,25.00000000059212,0,0,0,0,0,0,0,0,0,0.3240666330950627,97.15273249135299,-1,-1
1018,6319,25.00000000000001,0,0,0,0,0,0,0,0,0,6.919735977958327,2074.484657543162,-1,-1
1019,5325,25.00000000000002,0,0,0,0,0,0,0,0,0,6.065009668214447,1818.244156227773,-1,-1
1020,5548,24.99999999999999,0,0,0,0,0,0,0,0,0,2.130057011870172,638.5750272686939,-1,-1
1021,5546,25.00000000000002,0,0,0,0,0,0,0,0,0,2.973341782504889,891.3854414512422,-1,-1
1022,5561,25.00000000028751,0,0,0,0,0,0,0,0,0,2.321101771391942,695.8488053137444,-1,-1
1023,4611,25.00000000046236,0,0,0,0,0,0,0,0,0,1.288006496389844,386.1346334726794,-1,-1
1024,5588,25.00000000007193,0,0,0,0,0,0,0,0,0,1.504687237256853,451.0938853784611,-1,-1
1025,5107,25,0,0,0,0,0,0,0,0,0,5.699098361706167,1708.546706239665,-1,-1
1026,5037,24.9999999999007,0,0,0,0,0,0,0,0,0,5.606803562823975,1680.877421622157,-1,-1
1027,4837,25.000000000617,0,0,0,0,0,0,0,0,0,0.1055762889802735,31.6509751799145,-1,-1
1028,5236,25.00000000082278,0,0,0,0,0,0,0,0,0,1.580490007506173,473.8189841947141,-1,-1
1029,5370,25.00000000026294,0,0,0,0,0,0,0,0,0,5.557342487273761,1666.049364207635,-1,-1
1030,5325,24.99999999999996,0,0,0,0,0,0,0,0,0,4.71241022012469,1412.745042995502,-1,-1
1031,5293,25.00000000142251,0,0,0,0,0,0,0,0,0,5.779711314039941,1732.713861366444,-1,-1
1032,5298,25.00000000122778,0,0,0,0,0,0,0,0,0,0.09553267652026524,28.63997591332921,-1,-1
1033,5316,25.00000000054218,0,0,0,0,0,0,0,0,0,3.714940594494027,1113.711172147346,-1,-1
1034,5097,25.00000000060295,0,0,0,0,0,0,0,0,0,0.3867437999427396,115.9428744010942,-1,-1
1035,5274,25.00000000000002,0,0,0,0,0,0,0,0,0,4.158502801508991,1246.687776464267,-1,-1
1036,5500,25.00000000000002,0,0,0,0,0,0,0,0,0,4.655635633293385,1395.72445005741,-1,-1
1037,5286,25.00000000005726,0,0,0,0,0,0,0,0,0,1.869503137773215,560.4629409117448,-1,-1
1038,4978,24.99999999949743,0,0,0,0,0,0,0,0,0,2.607419607312593,781.6847331136372,-1,-1
1039,4928,24.99999999999999,0,0,0,0,0,0,0,0,0,7.158944373315387,2146.197530361489,-1,-1
1040,4672,25.00000000000002,0,0,0,0,0,0,0,0,0,11.89555667350406,3566.198174428084,-1,-1
1041,5468,25.00000000107354,0,0,0,0,0,0,0,0,0,4.841103677842104,1451.326371013124,-1,-1
1042,5250,25.00000000095476,0,0,0,0,0,0,0,0,0,2.932482243593158,879.1360598481476,-1,-1
1043,4771,24.99999999999998,0,0,0,0,0,0,0,0,0,3.871271409974083,1160.577971581256,-1,-1
1044,5399,25.00000000000002,0,0,0,0,0,0,0,0,0,5.497653090598049,1648.154933261686,-1,-1
1045,5587,25.00000000059264,0,0,0,0,0,0,0,0,0,4.731910354095282,1418.591036089875,-1,-1
1046,0,10.56553464996568,1,0,0,0,0,0,0,0,1,0.4505109195247645,135.0597759201693,-1,-1
1047,5794,25.00000000063964,0,0,0,0,0,0,0,0,0,0.8542973117204009,256.1118909434512,-1,-1
1048,5045,24.99999999999998,0,0,0,0,0,0,0,0,0,2.16215846297333,648.1988002002767,-1,-1
1049,4756,25.00000000000003,0,0,0,0,0,0,0,0,0,5.074448760751676,1521.281466980799,-1,-1
1050,4405,25.00000000000002,0,0,0,0,0,0,0,0,0,10.88868001072984,3264.344144792167,-1,-1
1051,5515,25.00000000173045,0,0,0,0,0,0,0,0,0,0.1175352191869647,35.23617226162891,-1,-1
1052,5192,25,0,0,0,0,0,0,0,0,0,3.22723464586311,967.5006070260611,-1,-1
1053,5522,25.00000000055363,0,0,0,0,0,0,0,0,0,0.01331710836427755,3.992368649979127,-1,-1
1054,5293,25.00000000041145,0,0,0,0,0,0,0,0,0,1.225402011329571,367.366281014636,-1,-1
1055,5141,25.0000000004943,0,0,0,0,0,0,0,0,0,1.175856334401152,352.5128607449913,-1,-1
1056,5206,25.00000000101908,0,0,0,0,0,0,0,0,0,8.71978822173047,2614.126744232027,-1,-1
1057,4761,24.99999999997527,0,0,0,0,0,0,0,0,0,1.842845472333912,552.4711738651546,-1,-1
1058,5459,25,0,0,0,0,0,0,0,0,0,3.471635788734527,1040.770226385493,-1,-1
1059,5525,25.00000000006161,0,0,0,0,0,0,0,0,0,2.414658985765448,723.8965525744105,-1,-1
1060,5208,25.00000000084757,0,0,0,0,0,0,0,0,0,0.7682611178264882,230.3188888990305,-1,-1
1061,4419,25.00000000085131,0,0,0,0,0,0,0,0,0,5.913316977772374,1772.767831699512,-1,-1
1062,5299,25.00000000000003,0,0,0,0,0,0,0,0,0,4.344811110747556,1302.54160243672,-1,-1
1063,5411,24.99999999999999,0,0,0,0,0,0,0,0,0,2.054931785308605,616.053050939995,-1,-1
1064,0,10.56553464996477,1,0,0,0,0,0,0,0,1,0.2744624781258861,82.28178094613062,-1,-1
1065,5341,25.00000000050084,0,0,0,0,0,0,0,0,0,0.8171204603291234,244.9665512841594,-1,-1
1066,5219,24.99999999975974,0,0,0,0,0,0,0,0,0,2.525445305397863,757.109455649786,-1,-1
1067,5039,25.00000000076657,0,0,0,0,0,0,0,0,0,3.170074255121755,950.3643529854701,-1,-1
1068,4962,25.00000000000003,0,0,0,0,0,0,0,0,0,4.456780914223144,1336.109305042444,-1,-1
1069,5311,24.99999999999998,0,0,0,0,0,0,0,0,0,6.128670852089637,1837.329299020907,-1,-1
1070,5359,25.00000000082098,0,0,0,0,0,0,0,0,0,0.9487848378921901,284.4385386648312,-1,-1
1071,5304,24.99999999999996,0,0,0,0,0,0,0,0,0,5.273494817851867,1580.953973694074,-1,-1
1072,5170,24.99999999999999,0,0,0,0,0,0,0,0,0,7.73135817020845,2317.802869525174,-1,-1
1073,5171,25.0000000009246,0,0,0,0,0,0,0,0,0,0.04603724511043614,13.80161887120613,-1,-1
1074,5369,24.99999999961926,0,0,0,0,0,0,0,0,0,5.003272993201175,1499.943508676798,-1,-1
1075,5863,25.00000000067435,0,0,0,0,0,0,0,0,0,1.998942662238847,599.2679341136478,-1,-1
1076,5015,25.00000000087975,0,0,0,0,0,0,0,0,0,5.072005482336534,1520.548990539145,-1,-1
1077,5197,25,0,0,0,0,0,0,0,0,0,8.606371432053004,2580.12524607615,-1,-1
1078,5339,24.99999999999272,0,0,0,0,1,0,0,0,0,0.426013997883362,127.7157835678599,-1,-1
1079,5471,24.99999999999997,0,0,0,0,0,0,0,0,0,5.958050499266006,1786.178604063083,-1,-1
1080,5318,24.99999999999996,0,0,0,0,0,0,0,0,0,11.29199236367203,3385.254146422468,-1,-1
1081,4840,25.00000000071517,0,0,0,0,0,0,0,0,0,2.447909189689464,733.8647129377927,-1,-1
1082,5586,24.99999999999999,0,0,0,0,0,0,0,0,0,4.296779182149883,1288.141992499943,-1,-1
1083,5284,25.00000000015251,0,0,0,0,0,0,0,0,0,2.421441932924562,725.9300289757256,-1,-1
1084,5124,25.00000000000001,0,0,0,0,0,0,0,0,0,4.428293289855355,1327.568930110643,-1,-1
1085,0,10.56553464996387,1,0,0,0,0,0,0,0,1,2.078322196866836,623.0653199146686,-1,-1
1086,5280,25,0,0,0,0,0,0,0,0,0,2.527536045337248,757.7362437152528,-1,-1
1087,4967,24.99999999999998,0,0,0,0,0,0,0,0,0,2.423284393627387,726.482384798594,-1,-1
1088,5676,24.99999999999998,0,0,0,0,0,0,0,0,0,9.312369086825059,2791.778018342501,-1,-1
1089,5176,25.00000000021428,0,0,0,0,0,0,0,0,0,2.09307936143406,627.4894065533872,-1,-1
1090,0,10.56553464996523,1,0,0,0,0,0,0,0,1,1.50438330147494,451.0027677233272,-1,-1
1091,5443,25.00000000012163,0,0,0,0,0,0,0,0,0,3.017230343240933,904.5429009523831,-1,-1
1092,5667,24.99999999999995,0,0,0,0,0,0,0,0,0,4.349620657470122,1303.983468270545,-1,-1
1093,5162,24.99999999999613,0,0,0,0,0,0,0,0,0,4.896901465817582,1468.054127021256,-1,-1
1094,5222,25.00000000000001,0,0,0,0,0,0,0,0,0,7.555399526865537,2265.051795331057,-1,-1
1095,5364,25.00000000000001,0,0,0,0,0,0,0,0,0,3.123046327386372,936.2657349350333,-1,-1
1096,5501,25,0,0,0,0,0,0,0,0,0,5.719830963674821,1714.762183944583,-1,-1
1097,4866,25.00000000102434,0,0,0,0,0,0,0,0,0,6.45066803757345,1933.861626726181,-1,-1
1098,5856,25.00000000000001,0,0,0,0,0,0,0,0,0,5.486692489682867,1644.869027772166,-1,-1
1099,5458,25.00000000061172,0,0,0,0,0,0,0,0,0,1.982321572299354,594.2850567060481,-1,-1
1100,5362,24.99999999999995,0,0,0,0,0,0,0,0,0,1.225093247105288,367.2737158288957,-1,-1
1101,5609,24.99999999999995,0,0,0,0,0,0,0,0,0,1.760290217513598,527.7217311017562,-1,-1
1102,5463,25.00000000000001,0,0,0,0,0,0,0,0,0,9.101309461237856,2728.503934403152,-1,-1
1103,5026,24.99999999999996,0,0,0,0,0,0,0,0,0,0.7516267050029893,225.3320173912871,-1,-1
1104,5247,25.00000000000002,0,0,0,0,0,0,0,0,0,7.817007481741697,2343.479887155734,-1,-1
1105,5001,25.00000000137589,0,0,0,0,0,0,0,0,0,0.5268377877597983,157.9419953597922,-1,-1
1106,5214,24.99999999999995,0,0,0,0,0,0,0,0,0,3.948724086239392,1183.797699777511,-1,-1
1107,5643,25.00000000000004,0,0,0,0,0,0,0,0,0,3.951911350798868,1184.753217654093,-1,-1
1108,5753,24.99999999979631,0,0,0,0,0,0,0,0,0,3.139985662638348,941.3440198871091,-1,-1
1109,5140,25.00000000019707,0,0,0,0,0,0,0,0,0,0.4064216541907224,121.8421466942627,-1,-1
1110,5881,25,0,0,0,0,0,0,0,0,0,7.933337719665716,2378.354815122701,-1,-1
1111,5117,25,0,0,0,0,0,0,0,0,0,10.95319038650079,3283.683868911042,-1,-1
1112,5527,25.00000000000003,0,0,0,0,0,0,0,0,0,3.109047639617365,932.0690339199879,-1,-1
1113,5589,24.99999999999997,0,0,0,0,0,0,0,0,0,8.335434654109264,2498.900443453796,-1,-1
1114,4812,25,0,0,0,0,0,0,0,0,0,3.93480046129652,1179.623502031618,-1,-1
1115,5824,25.00000000028683,0,0,0,0,0,0,0,0,0,0.6682151919341928,200.3258748628934,-1,-1
1116,4964,25.00000000096115,0,0,0,0,0,0,0,0,0,5.648225962408066,1693.29554460973,-1,-1
1117,5455,25,0,0,0,0,0,0,0,0,0,3.35213328522309,1004.944277120645,-1,-1
1118,5437,25.00000000000205,0,0,0,0,0,0,0,0,0,3.59372953334516,1077.373010188738,-1,-1
1119,5346,25.00000000014972,0,0,0,0,0,0,0,0,0,0.4880647297378687,146.3181249912214,-1,-1
1120,5342,25.00000000170742,0,0,0,0,0,0,0,0,0,0.5549186382756024,166.3604225586557,-1,-1
1121,5841,25.00000000000002,0,0,0,0,0,0,0,0,0,3.288320300931,985.8136257074043,-1,-1
1122,5389,25.00000000000004,0,0,0,0,0,0,0,0,0,6.356125092997191,1905.518364985107,-1,-1
1123,5369,25.00000000112788,0,0,0,0,0,0,0,0,0,0.3151834140297702,94.4896104128165,-1,-1
1124,5485,25.00000000064699,0,0,0,0,0,0,0,0,0,1.678285009440024,503.1371882045781,-1,-1
1125,5478,25.00000000000001,0,0,0,0,0,0,0,0,0,3.821699728147318,1145.716755239216,-1,-1
1126,5802,25.00000000078742,0,0,0,0,0,0,0,0,0,0.1722279834555736,51.63265049652973,-1,-1
1127,5297,24.99999999999999,0,0,0,0,0,0,0,0,0,7.779624715680104,2332.272815831289,-1,-1
1128,5286,24.999999999975,0,0,0,0,0,0,0,0,0,2.63435118956308,789.7586183543397,-1,-1
1129,5421,25.00000000043403,0,0,0,0,0,0,0,0,0,1.695471598667011,508.2895980335729,-1,-1
1130,5217,25.00000000086276,0,0,0,0,0,0,0,0,0,0.2229732776754148,66.84570698262912,-1,-1
1131,4684,25.00000000016556,0,0,0,0,0,0,0,0,0,3.578673320852947,1072.859271237528,-1,-1
1132,5584,25.00000000000002,0,0,0,0,0,0,0,0,0,5.705452481266042,1710.451623360946,-1,-1
1133,5026,25.00000000087015,0,0,0,0,0,0,0,0,0,0.4888152117504593,146.5431138384607,-1,-1
1134,4722,25.00000000253365,0,0,0,0,0,0,0,0,0,2.108828012628074,632.2107334050254,-1,-1
1135,5232,25.00000000131698,0,0,0,0,0,0,0,0,0,0.4487597938954543,134.5348016634917,-1,-1
1136,4895,24.99999999997714,0,0,0,0,1,0,0,0,0,2.5546309603441,765.8590948844584,-1,-1
1137,5252,25.00000000088638,0,0,0,0,0,0,0,0,0,0.7918571110677611,237.3927897117831,-1,-1
1138,5515,25.00000000023955,0,0,0,0,0,0,0,0,0,2.388992509424083,716.201936543834,-1,-1
1139,1538,12.87314420431118,1,0,0,0,1,0,0,0,1,3.551546241004313,1064.726777291343,-1,-1
1140,5046,25.00000000000002,0,0,0,0,0,0,0,0,0,5.112889489781819,1532.805707624058,-1,-1
1141,5252,25.00000000090246,0,0,0,0,0,0,0,0,0,0.09796841798482656,29.37019283404256,-1,-1
1142,5108,24.99999999999999,0,0,0,0,0,0,0,0,0,3.264336733016328,978.623532930655,-1,-1
1143,5171,25,0,0,0,0,0,0,0,0,0,7.843463874780823,2351.411314254747,-1,-1
1144,5112,25.00000000000002,0,0,0,0,0,0,0,0,0,7.463426871821121,2237.479087006506,-1,-1
1145,5062,25.00000000000646,0,0,0,0,0,0,0,0,0,2.730106430237824,818.4653173226027,-1,-1
1146,5977,25.00000000000001,0,0,0,0,0,0,0,0,0,5.113465189979355,1532.978298201347,-1,-1
1147,4637,25,0,0,0,0,0,0,0,0,0,9.95278067463833,2983.768582384722,-1,-1
1148,4786,25.00000000031315,0,0,0,0,0,0,0,0,0,2.099706829907495,629.4762716173558,-1,-1
1149,5202,25.00000000084023,0,0,0,0,0,0,0,0,0,0.6252822835112412,187.4549127176878,-1,-1
1150,5502,24.99999999999998,0,0,0,0,0,0,0,0,0,2.368034638240532,709.9189248272698,-1,-1
1151,5200,25.00000000021823,0,0,0,0,0,0,0,0,0,0.9577699270428222,287.1322006266483,-1,-1
1152,0,10.56553464996523,1,0,0,0,0,0,0,0,1,1.526253746491499,457.5593621923953,-1,-1
1153,4901,24.99999999989277,0,0,0,0,0,0,0,0,0,5.821742531481414,1745.314503355956,-1,-1
1154,5683,25.00000000036216,0,0,0,0,0,0,0,0,0,1.553297859892842,465.6669834234148,-1,-1
1155,5195,24.99999999999993,0,0,0,0,0,0,0,0,0,0.7101983522821158,212.9121096982054,-1,-1
1156,5193,24.99999999999999,0,0,0,0,0,0,0,0,0,4.708504071072658,1411.574008969878,-1,-1
1157,5357,25.00000000115406,0,0,0,0,0,0,0,0,0,4.184383711433337,1254.446678065763,-1,-1
1158,4791,25.00000000017311,0,0,0,0,0,0,0,0,0,4.671103235100841,1400.361520422633,-1,-1
1159,5037,25,0,0,0,0,0,0,0,0,0,3.764238321892552,1128.490259017963,-1,-1
1160,5767,25.00000000143763,0,0,0,0,0,0,0,0,0,3.91410687828556,1173.419721915935,-1,-1
1161,5376,25.00000000068101,0,0,0,0,0,0,0,0,0,2.186043695594341,655.3594127976314,-1,-1
1162,5204,25.00000000000001,0,0,0,0,0,0,0,0,0,7.296934455609133,2187.565916311954,-1,-1
1163,5659,25.00000000070482,0,0,0,0,0,0,0,0,0,0.07532497313047927,22.58185884357034,-1,-1
1164,5151,24.99999999999996,0,0,0,0,0,0,0,0,0,1.434312838237736,429.9961713162473,-1,-1
1165,4966,25.00000000000778,0,0,0,0,0,0,0,0,0,3.300215854730968,989.3798230203679,-1,-1
1166,5222,24.99999999978073,0,0,0,0,0,0,0,0,0,11.08560790628361,3323.381642648998,-1,-1
1167,5684,25.00000000000001,0,0,0,0,0,0,0,0,0,4.714427923376018,1413.349935212733,-1,-1
1168,1727,12.8731442043117,1,0,0,0,1,0,0,0,1,3.334325186800539,999.6055435222428,-1,-1
1169,4964,24.9999999999118,0,0,0,0,1,0,0,0,0,0.3477086587118995,104.2404334631235,-1,-1
1170,5283,24.99999999999998,0,0,0,0,0,0,0,0,0,2.167666090112572,649.8499452780975,-1,-1
1171,5156,25,0,0,0,0,0,0,0,0,0,5.012784923214857,1502.795113555923,-1,-1
1172,5258,24.99999999999996,0,0,0,0,0,0,0,0,0,5.185493145557462,1554.571736048823,-1,-1
1173,5206,25.00000000000003,0,0,0,0,0,0,0,0,0,4.181991234703276,1253.72943158615,-1,-1
1174,5416,25.00000000183966,0,0,0,0,0,0,0,0,0,3.018893974889939,905.0416451736451,-1,-1
1175,5768,25.0000000005659,0,0,0,0,0,0,0,0,0,0.2677819352779157,80.27900458496326,-1,-1
1176,5438,24.99999999999997,0,0,0,0,0,0,0,0,0,5.954230915319912,1785.033521603346,-1,-1
1177,4883,25.00000000003734,0,0,0,0,0,0,0,0,0,0.1353889546992378,40.58858751533515,-1,-1
1178,5780,25.00000000000001,0,0,0,0,0,0,0,0,0,6.811884129135948,2042.151486684856,-1,-1
1179,5845,24.9999999999999,0,0,0,0,0,0,0,0,0,1.535474094329115,460.3235529342492,-1,-1
1180,4705,25.0000000001608,0,0,0,0,0,0,0,0,0,2.900982975793603,869.692816929319,-1,-1
1181,4950,25.00000000084985,0,0,0,0,0,0,0,0,0,1.277661146773769,383.033175682407,-1,-1
1182,5518,25.00000000000004,0,0,0,0,0,0,0,0,0,5.084529576220912,1524.303619428966,-1,-1
1183,5359,25.00000000073382,0,0,0,0,0,0,0,0,0,0.5429015255660961,162.7577828014098,-1,-1
1184,5958,25.00000000000001,0,0,0,0,0,0,0,0,0,2.616841063514437,784.5092146263273,-1,-1
1185,5195,25.00000000064165,0,0,0,0,0,0,0,0,0,0.6224284919820064,186.599367540519,-1,-1
1186,5562,24.99999999999996,0,0,0,0,0,0,0,0,0,1.921207231644205,575.9634383019917,-1,-1
1187,5130,25.00000000020185,0,0,0,0,0,0,0,0,0,1.642003976909496,492.2604082834731,-1,-1
1188,5330,25,0,0,0,0,0,0,0,0,0,2.483976739110469,744.6774922327522,-1,-1
1189,973,17.83914666557598,1,0,0,0,0,0,0,0,1,1.174263322560918,352.0352878097846,-1,-1
1190,5587,25.00000000210131,0,0,0,0,0,0,0,0,0,0.8577937983154181,257.1601112541355,-1,-1
1191,5762,25.00000000132433,0,0,0,0,0,0,0,0,0,0.7354666911081911,220.4873671044514,-1,-1
1192,5562,25.00000000138332,0,0,0,0,0,0,0,0,0,0.1663065270691781,49.85744253151243,-1,-1
1193,5325,25.00000000069299,0,0,0,0,0,0,0,0,0,0.6238375896120568,187.0218043825938,-1,-1
1194,5226,25.00000000000002,0,0,0,0,0,0,0,0,0,6.204318917726608,1860.00801856116,-1,-1
1195,5051,25.0000000006277,0,0,0,0,0,0,0,0,0,2.365010678313982,709.0123644479959,-1,-1
1196,5863,25.00000000000002,0,0,0,0,0,0,0,0,0,11.01989538083129,3303.681523122259,-1,-1
1197,5190,25.00000000084361,0,0,0,0,0,0,0,0,0,0.8846559385238956,265.2131782943756,-1,-1
1198,4828,25.00000000025175,0,0,0,0,0,0,0,0,0,0.5592744137363425,167.6662511905271,-1,-1
1199,4959,25.00000000106214,0,0,0,0,0,0,0,0,0,1.063165051803211,318.7288641397819,-1,-1
1200,5539,25.00000000033224,0,0,0,0,0,0,0,0,0,0.7683766726918297,230.3535313761451,-1,-1
1201,4879,24.99999999999797,0,0,0,0,1,0,0,0,0,0.6467886360546431,193.9023550092889,-1,-1
1202,4908,24.99999999999995,0,0,0,0,0,0,0,0,0,0.2540674491222321,76.1675050701439,-1,-1
1203,5286,25.00000000157031,0,0,0,0,0,0,0,0,0,0.01801376534335142,5.400390990118535,-1,-1
1204,5851,25.00000000037738,0,0,0,0,0,0,0,0,0,0.04889602952595774,14.65866087802745,-1,-1
1205,4552,25.00000000016836,0,0,0,0,0,0,0,0,0,0.5405508374732744,162.0530642400714,-1,-1
1206,5492,25.00000000000001,0,0,0,0,0,0,0,0,0,8.537070872467421,2559.349460977213,-1,-1
1207,5860,24.99999999999993,0,0,0,0,0,0,0,0,0,1.770514021581579,530.7867504534065,-1,-1
1208,5208,25.0000000000622,0,0,0,0,0,0,0,0,0,1.493817628001159,447.8352585021973,-1,-1
1209,5173,25.00000000000001,0,0,0,0,0,0,0,0,0,5.062083704464008,1517.57451636301,-1,-1
1210,5278,25,0,0,0,0,0,0,0,0,0,3.451272564997824,1034.665485488662,-1,-1
1211,5409,24.99999999999999,0,0,0,0,0,0,0,0,0,3.570349352214873,1070.363808219205,-1,-1
1212,5718,25.00000000082288,0,0,0,0,0,0,0,0,0,3.569206036694314,1070.021050849027,-1,-1
1213,5466,25.00000000052523,0,0,0,0,0,0,0,0,0,0.9236231411729073,276.8952517579069,-1,-1
1214,5221,25.00000000000001,0,0,0,0,0,0,0,0,0,4.181446273860495,1253.566056435579,-1,-1
1215,5610,25,0,0,0,0,0,0,0,0,0,5.597146067330228,1677.982177309962,-1,-1
1216,4538,25.00000000001114,0,0,0,0,0,0,0,0,0,10.32083631357726,3094.108887062986,-1,-1
1217,5763,25,0,0,0,0,0,0,0,0,0,8.15687147164183,2445.368548073581,-1,-1
1218,6065,25.00000000113355,0,0,0,0,0,0,0,0,0,3.165974505868872,949.1352790797647,-1,-1
1219,5463,25.00000000039479,0,0,0,0,0,0,0,0,0,8.490871842242212,2545.499340148781,-1,-1
1220,5454,24.99999999999998,0,0,0,0,0,0,0,0,0,2.602295078522756,780.1484380316402,-1,-1
1221,5666,25,0,0,0,0,0,0,0,0,0,13.04991436923164,3912.265905441472,-1,-1
1222,5422,25.00000000149671,0,0,0,0,0,0,0,0,0,0.1553978047566224,46.58708985579193,-1,-1
1223,5474,24.99999999999993,0,0,0,0,0,0,0,0,0,3.713875417665336,1113.391840167668,-1,-1
1224,5436,25,0,0,0,0,0,0,0,0,0,1.891167442848122,566.9577361810129,-1,-1
1225,5142,25,0,0,0,0,0,0,0,0,0,5.250637182296205,1574.101426946773,-1,-1
1226,5683,25.00000000000001,0,0,0,0,0,0,0,0,0,5.841731093063055,1751.306923364401,-1,-1
1227,5600,25,0,0,0,0,0,0,0,0,0,6.362017013379637,1907.284718278901,-1,-1
1228,5062,25.00000000047176,0,0,0,0,0,0,0,0,0,0.3235349751316144,96.99334544367555,-1,-1
1229,5410,25.00000000000004,0,0,0,0,0,0,0,0,0,23.72912550470558,7113.81286124618,-1,-1
1230,5746,25.00000000000002,0,0,0,0,0,0,0,0,0,11.94374165709471,3580.643669097417,-1,-1
1231,5245,25.00000000183963,0,0,0,0,0,0,0,0,0,0.5208405942210783,156.1440819677177,-1,-1
1232,5173,25.00000000000002,0,0,0,0,0,0,0,0,0,6.164977349859142,1848.213713228598,-1,-1
1233,5146,25.0000000007176,0,0,0,0,0,0,0,0,0,1.467203710657308,439.8566068046752,-1,-1
1234,5843,24.99999999999999,0,0,0,0,0,0,0,0,0,5.429754990975494,1627.799595082311,-1,-1
1235,5118,25,0,0,0,0,0,0,0,0,0,4.973230503238476,1490.93699676644,-1,-1
1236,5377,25.00000000087734,0,0,0,0,0,0,0,0,0,0.0572272011887088,17.15628330882353,-1,-1
1237,5294,25.00000000000001,0,0,0,0,0,0,0,0,0,3.5640516628761,1068.475808452613,-1,-1
1238,5133,24.99999999969414,0,0,0,0,0,0,0,0,0,3.786840585694728,1135.266247239582,-1,-1
1239,5761,25.00000000000001,0,0,0,0,0,0,0,0,0,1.863199204038336,558.5730691222965,-1,-1
1240,5491,25.00000000000002,0,0,0,0,0,0,0,0,0,6.377502564721734,1911.927169779232,-1,-1
1241,5370,25.00000000042096,0,0,0,0,0,0,0,0,0,0.6177461355071918,185.1956323837021,-1,-1
1242,4443,25,0,0,0,0,0,0,0,0,0,7.312251583758075,2192.157875809226,-1,-1
1243,4876,24.99999999999996,0,0,0,0,0,0,0,0,0,1.557756105356958,467.0035317894695,-1,-1
1244,5137,25.00000000116239,0,0,0,0,0,0,0,0,0,0.6124115179969595,183.5963542878197,-1,-1
1245,5740,24.99999999999997,0,0,0,0,0,0,0,0,0,5.000003020194291,1498.96319543147,-1,-1
1246,5474,24.99999999999999,0,0,0,0,0,0,0,0,0,2.001887894835536,600.150892633191,-1,-1
1247,5418,25.00000000090975,0,0,0,0,0,0,0,0,0,3.719930958213758,1115.207245553198,-1,-1
1248,5276,25.00000000101741,0,0,0,0,0,0,0,0,0,3.354248634578493,1005.57844290343,-1,-1
1249,4849,25.00000000000002,0,0,0,0,0,0,0,0,0,6.230027747281538,1867.715331765735,-1,-1
1250,5025,24.9999999999829,0,0,0,0,1,0,0,0,0,2.931773778933438,878.923667486404,-1,-1
1251,5422,25.00000000128595,0,0,0,0,0,0,0,0,0,2.729586683664818,818.3095012199443,-1,-1
1252,5578,24.99999999999999,0,0,0,0,0,0,0,0,0,8.186830172411538,2454.349940615819,-1,-1
1253,5393,25.00000000000002,0,0,0,0,0,0,0,0,0,3.442560754993052,1032.053750553703,-1,-1
1254,5646,25,0,0,0,0,0,0,0,0,0,3.524093827531634,1056.496750778336,-1,-1
1255,5140,25.00000000000002,0,0,0,0,0,0,0,0,0,4.683667014065581,1404.128046600241,-1,-1
1256,5446,25.00000000000005,0,0,0,0,0,0,0,0,0,3.295487636011055,987.9623387083636,-1,-1
1257,4754,24.99999999999998,0,0,0,0,0,0,0,0,0,1.292677883579846,387.53508012064,-1,-1
1258,5203,25.00000000006557,0,0,0,0,0,0,0,0,0,3.801470188224603,1139.652091741576,-1,-1
1259,5677,25.00000000155772,0,0,0,0,0,0,0,0,0,1.233846363211747,369.8978340216104,-1,-1
1260,4453,25.00000000000001,0,0,0,0,0,0,0,0,0,5.996230963751437,1797.624819358752,-1,-1
1261,5067,25,0,0,0,0,0,0,0,0,0,6.412972170986896,1922.560690225758,-1,-1
1262,4832,25.00000000045273,0,0,0,0,0,0,0,0,0,0.5086123328506444,152.4781414344089,-1,-1
1263,5499,25.00000000093561,0,0,0,0,0,0,0,0,0,0.7120477600761993,213.4665482066381,-1,-1
1264,5343,25.00000000000002,0,0,0,0,0,0,0,0,0,4.824997763355421,1446.497939320825,-1,-1
1265,4486,25.00000000134078,0,0,0,0,0,0,0,0,0,1.642742456731352,492.4817989644507,-1,-1
1266,5587,25.00000000034857,0,0,0,0,0,0,0,0,0,0.2358824301539913,70.71577353487837,-1,-1
1267,4742,25.00000000078674,0,0,0,0,0,0,0,0,0,1.131049405224239,339.0800813116126,-1,-1
1268,5657,24.99999999999999,0,0,0,0,0,0,0,0,0,3.034101828249037,909.6008449130728,-1,-1
1269,5487,24.99999999999996,0,0,0,0,0,0,0,0,0,3.779717403472716,1133.130770932464,-1,-1
1270,5037,25.00000000056487,0,0,0,0,0,0,0,0,0,6.840873366980045,2050.842241553684,-1,-1
1271,5480,25.00000000004011,0,0,0,0,0,0,0,0,0,1.611177602708478,483.018893790522,-1,-1
1272,1771,12.92269583463497,1,0,0,0,1,0,0,0,1,2.904098976190654,870.6269703474798,-1,-1
1273,5237,25.00000000049132,0,0,0,0,0,0,0,0,0,0.4117969352978794,123.4536154298182,-1,-1
1274,5459,24.99999999999997,0,0,0,0,0,0,0,0,0,5.048681005347637,1513.556488251079,-1,-1
1275,872,9.336061629941003,1,0,0,1,7,0,0,0,1,2.799137068812507,839.1601821382166,-1,-1
1276,5178,24.99999999999999,0,0,0,0,0,0,0,0,0,14.59402410134962,4375.178357454844,-1,-1
1277,5637,25.00000000032243,0,0,0,0,0,0,0,0,0,3.255829951017169,976.0732638454568,-1,-1
1278,5635,25.00000000000001,0,0,0,0,0,0,0,0,0,3.081893760852638,923.9285058608766,-1,-1
1279,0,10.56553464996432,1,0,0,0,0,0,0,0,1,0.5692701669612019,170.6629026193691,-1,-1
1280,5303,25.00000000082211,0,0,0,0,0,0,0,0,0,2.159809653678108,647.4946448882887,-1,-1
1281,5504,25.00000000000002,0,0,0,0,0,0,0,0,0,16.51130225779281,4949.963888644657,-1,-1
1282,4783,25.00000000029883,0,0,0,0,0,0,0,0,0,2.194154997485696,657.7911199292207,-1,-1
1283,4924,25.00000000068711,0,0,0,0,0,0,0,0,0,1.365238347622565,409.2881599896273,-1,-1
1284,5703,24.99999999999998,0,0,0,0,0,0,0,0,0,3.890249479195383,1166.267453601204,-1,-1
1285,1373,9.33606162940022,1,0,0,1,11,0,0,0,1,0.2006084572870593,60.14090250567553,-1,-1
1286,5574,25.00000000200418,0,0,0,0,0,0,0,0,0,1.838143221430666,551.0614745087377,-1,-1
1287,4966,25.00000000071568,0,0,0,0,0,0,0,0,0,1.042121956833685,312.4203029749404,-1,-1
1288,5632,24.99999999999993,0,0,0,0,0,0,0,0,0,2.139190973454238,641.3133200632589,-1,-1
1289,5240,25.00000000060687,0,0,0,0,0,0,0,0,0,0.286052077099702,85.75625530972519,-1,-1
1290,5747,25.00000000000005,0,0,0,0,0,0,0,0,0,4.283362446997184,1284.119756490181,-1,-1
1291,5200,25.00000000085033,0,0,0,0,0,0,0,0,0,3.668620544289839,1099.824770441949,-1,-1
1292,5481,24.99999999998683,0,0,0,0,0,0,0,0,0,5.189448669051238,1555.7575721597,-1,-1
1293,5048,25,0,0,0,0,0,0,0,0,0,5.848843561402264,1753.439187730259,-1,-1
1294,4758,24.99999999998855,0,0,0,0,0,0,0,0,0,3.048098269662149,913.7968724875624,-1,-1
1295,5697,25.00000000006121,0,0,0,0,0,0,0,0,0,3.068388952505575,919.8798661716916,-1,-1
1296,5266,24.99999999994927,0,0,0,0,0,0,0,0,0,10.09581726111949,3026.649872229838,-1,-1
1297,5385,25.00000000095367,0,0,0,0,0,0,0,0,0,2.235266175655002,670.1159410838729,-1,-1
1298,4810,25.00000000066989,0,0,0,0,0,0,0,0,0,2.133612691608302,639.6409932372489,-1,-1
1299,5179,25.00000000006708,0,0,0,0,0,0,0,0,0,0.7966990257974036,238.844359230009,-1,-1
1300,5255,25.00000000148786,0,0,0,0,0,0,0,0,0,1.344503022448146,403.0718658881588,-1,-1
1301,4724,25.00000000080309,0,0,0,0,0,0,0,0,0,0.2110786115040116,63.27977577401473,-1,-1
1302,4554,25.00000000000001,0,0,0,0,0,0,0,0,0,6.779513589358348,2032.447042998142,-1,-1
1303,5579,25.00000000000002,0,0,0,0,0,0,0,0,0,16.18932916907041,4853.438784966716,-1,-1
1304,5492,25.00000000176041,0,0,0,0,0,0,0,0,0,1.429133190267693,428.4433519197335,-1,-1
1305,5139,25.0000000010572,0,0,0,0,0,0,0,0,0,2.23238321321052,669.2516506863199,-1,-1
1306,5841,25.0000000006606,0,0,0,0,0,0,0,0,0,3.850724801358706,1154.418253280888,-1,-1
1307,4620,25,0,0,0,0,0,0,0,0,0,1.924408709181012,576.9232171219828,-1,-1
1308,4735,25,0,0,0,0,0,0,0,0,0,6.624990489153083,1986.122182969825,-1,-1
1309,5628,24.99999999999999,0,0,0,0,0,0,0,0,0,2.794773670272775,837.8520681647566,-1,-1
1310,4839,25,0,0,0,0,0,0,0,0,0,8.683858870746318,2603.355395786145,-1,-1
1311,5085,24.99999999996805,0,0,0,0,0,0,0,0,0,9.675837856261682,2900.743214138141,-1,-1
1312,5189,25.000000001811,0,0,0,0,0,0,0,0,0,2.656224947140129,796.3162059040593,-1,-1
1313,5487,25.00000000063103,0,0,0,0,0,0,0,0,0,0.3586103657146207,107.5086830018651,-1,-1
1314,5197,25.0000000000705,0,0,0,0,0,0,0,0,0,0.8755635636636393,262.4873528859619,-1,-1
1315,5413,25.00000000003786,0,0,0,0,0,0,0,0,0,7.895690743821557,2367.068535698113,-1,-1
1316,0,10.56553464996477,1,0,0,0,0,0,0,0,1,0.4317915907727793,129.4478623415016,-1,-1
1317,5444,24.99999999999992,0,0,0,0,0,0,0,0,0,1.676399447301381,502.5719108963226,-1,-1
1318,5402,25.00000000093441,0,0,0,0,0,0,0,0,0,1.964248655540136,588.8669325675727,-1,-1
1319,4789,24.99999999999999,0,0,0,0,0,0,0,0,0,4.766590545844235,1428.987896018205,-1,-1
1320,5073,25.00000000000001,0,0,0,0,0,0,0,0,0,13.46850691600258,4037.756793938414,-1,-1
1321,4670,24.99999999999995,0,0,0,0,0,0,0,0,0,4.173692671950347,1251.241585060582,-1,-1
1322,4992,24.99999999989298,0,0,0,0,0,0,0,0,0,7.238783573192684,2170.132720337458,-1,-1
1323,4698,25.00000000087114,0,0,0,0,0,0,0,0,0,2.467267446084517,739.66817220506,-1,-1
1324,5205,24.99999999999997,0,0,0,0,0,0,0,0,0,3.677886675720754,1102.602686759774,-1,-1
1325,5375,25.00000000041596,0,0,0,0,0,0,0,0,0,0.7464217579783765,223.7716135290186,-1,-1
1326,5928,25,0,0,0,0,0,0,0,0,0,3.605896473670586,1081.020567135237,-1,-1
1327,5098,25.00000000000002,0,0,0,0,0,0,0,0,0,7.92566947960048,2376.055934585009,-1,-1
1328,5475,25.00000000015945,0,0,0,0,0,0,0,0,0,0.04313457196947652,12.93141935550727,-1,-1
1329,5343,25.00000000021218,0,0,0,0,0,0,0,0,0,1.928173824937832,578.0519704293743,-1,-1
1330,5059,24.99999999999996,0,0,0,0,0,0,0,0,0,0.8495523335757774,254.6893822823182,-1,-1
1331,5435,25.00000000000001,0,0,0,0,0,0,0,0,0,4.566080511567256,1368.876499988645,-1,-1
1332,5078,25,0,0,0,0,0,0,0,0,0,5.218557093155149,1564.484058170317,-1,-1
1333,5343,25.00000000057997,0,0,0,0,0,0,0,0,0,2.722767503630688,816.2651624759677,-1,-1
1334,4772,25.00000000092576,0,0,0,0,0,0,0,0,0,3.35595389683477,1006.089667666774,-1,-1
1335,4908,25.00000000137916,0,0,0,0,0,0,0,0,0,1.155515835183298,346.4149324875239,-1,-1
1336,4548,25.00000000145135,0,0,0,0,0,0,0,0,0,3.916652508660144,1174.182882703091,-1,-1
1337,4571,25.00000000064207,0,0,0,0,0,0,0,0,0,1.461514801744743,438.1511148184391,-1,-1
1338,5547,24.99999999999997,0,0,0,0,0,0,0,0,0,10.44765547504822,3132.128315201863,-1,-1
1339,956,9.336061629999122,1,0,0,1,7,0,0,0,1,0.61397797739321,184.0659670005789,-1,-1
1340,5087,25.00000000066901,0,0,0,0,0,0,0,0,0,0.4206141723433491,126.0969565964483,-1,-1
1341,5330,25.00000000021182,0,0,0,0,0,0,0,0,0,4.509574025444407,1351.936281620933,-1,-1
1342,5501,25.00000000169986,0,0,0,0,0,0,0,0,0,0.9733690298576485,291.8086940020999,-1,-1
1343,5355,24.99999999999998,0,0,0,0,0,0,0,0,0,4.009439141872724,1201.999615543435,-1,-1
1344,5392,25.00000000165085,0,0,0,0,0,0,0,0,0,0.4834447866778039,144.9331009054245,-1,-1
1345,4730,25.00000000160943,0,0,0,0,0,0,0,0,0,2.42086657604687,725.7575413231352,-1,-1
1346,5809,25.00000000000002,0,0,0,0,0,0,0,0,0,4.813011526269722,1442.904555842731,-1,-1
1347,6016,25.00000000052017,0,0,0,0,0,0,0,0,0,0.822181196399695,246.4837217900453,-1,-1
1348,5650,24.99999999999997,0,0,0,0,0,0,0,0,0,2.026108489075757,607.4120441146874,-1,-1
1349,5494,24.99999999999999,0,0,0,0,0,0,0,0,0,8.012789149295182,2402.173754502931,-1,-1
1350,5460,25.00000000070137,0,0,0,0,0,0,0,0,0,6.690190790218174,2005.668741488469,-1,-1
1351,5521,25,0,0,0,0,0,0,0,0,0,5.537883877378229,1660.215819717789,-1,-1
1352,5163,25.00000000038017,0,0,0,0,0,0,0,0,0,0.5306647139100853,159.0892789569713,-1,-1
1353,4989,25.00000000059987,0,0,0,0,0,0,0,0,0,0.04078670160207417,12.22754552699835,-1,-1
1354,5474,25.00000000032063,0,0,0,0,0,0,0,0,0,2.998116099272453,898.8125947702608,-1,-1
1355,5333,24.99999999999998,0,0,0,0,0,0,0,0,0,3.369783094920112,1010.235556952948,-1,-1
1356,5960,24.99999999999999,0,0,0,0,0,0,0,0,0,3.015984253751046,904.1693327213217,-1,-1
1357,5746,25.00000000045556,0,0,0,0,0,0,0,0,0,2.56614500393034,769.3109183126963,-1,-1
1358,5064,24.99999999999995,0,0,0,0,0,0,0,0,0,14.87309782315829,4458.842554479073,-1,-1
1359,0,10.56553464996387,1,0,0,0,0,0,0,0,1,3.101840764026611,929.9084669721357,-1,-1
1360,5397,25.00000000019119,0,0,0,0,0,0,0,0,0,1.802500182625165,540.3759602946471,-1,-1
1361,5258,25.00000000100999,0,0,0,0,0,0,0,0,0,0.2882637555330089,86.41929982355185,-1,-1
1362,5285,25.00000000118477,0,0,0,0,0,0,0,0,0,1.475102820457336,442.2247003476376,-1,-1
1363,5038,24.99999999994863,0,0,0,0,0,0,0,0,0,2.013523551125539,603.639174632814,-1,-1
1364,5204,24.99999999999996,0,0,0,0,0,0,0,0,0,0.8122636959862478,243.510529963882,-1,-1
1365,5381,25.00000000136301,0,0,0,0,0,0,0,0,0,3.174694885737618,951.7495831953097,-1,-1
1366,5589,25.00000000000003,0,0,0,0,0,0,0,0,0,11.85626475361432,3554.418753184801,-1,-1
1367,5677,24.99999999999998,0,0,0,0,0,0,0,0,0,7.448265164934736,2232.933721631561,-1,-1
1368,5394,24.99999999999993,0,0,0,0,0,0,0,0,0,3.956547674029685,1186.143152391542,-1,-1
1369,5336,24.99999999999997,0,0,0,0,0,0,0,0,0,6.651277345081691,1994.002784121754,-1,-1
1370,5363,24.99999999999999,0,0,0,0,0,0,0,0,0,4.783881302963745,1434.171534595743,-1,-1
1371,5095,25.0000000002174,0,0,0,0,0,0,0,0,0,1.696632883425419,508.6377424457337,-1,-1
1372,5230,25.00000000170303,0,0,0,0,0,0,0,0,0,0.9407936278738503,282.0428341710389,-1,-1
1373,5134,25.00000000000001,0,0,0,0,0,0,0,0,0,3.753200582478253,1125.181227988188,-1,-1
1374,5303,25.00000000000002,0,0,0,0,0,0,0,0,0,6.378249608771407,1912.151127951118,-1,-1
1375,5424,25.0000000002144,0,0,0,0,0,0,0,0,0,1.923908365645306,576.7732179035692,-1,-1
1376,4858,24.99999999999991,0,0,0,0,0,0,0,0,0,0.4112393184806597,123.2864461135618,-1,-1
1377,5266,24.99999999998211,0,0,0,0,1,0,0,0,0,2.127655780946025,637.8551563477183,-1,-1
1378,5468,24.99999999997471,0,0,0,0,0,0,0,0,0,2.672905556117076,801.3169266701954,-1,-1
1379,0,10.56553464996387,1,0,0,0,0,0,0,0,1,0.3787651827265295,113.5509451344054,-1,-1
1380,5885,25.00000000102906,0,0,0,0,0,0,0,0,0,1.176650024781847,352.7508031351109,-1,-1
1381,4595,25.00000000016708,0,0,0,0,0,0,0,0,0,6.80830373450914,2041.078111379075,-1,-1
1382,5719,25.00000000041606,0,0,0,0,0,0,0,0,0,1.415940697411821,424.4883420593241,-1,-1
1383,5296,25.00000000048438,0,0,0,0,0,0,0,0,0,1.598009899401802,479.071315649999,-1,-1
1384,5226,24.99999999999991,0,0,0,0,0,0,0,0,0,1.983490659383045,594.6355401964837,-1,-1
1385,5483,25.00000000000002,0,0,0,0,0,0,0,0,0,4.448859526652175,1333.734532791772,-1,-1
1386,5625,25.00000000108558,0,0,0,0,0,0,0,0,0,0.9842087421025795,295.0583579800204,-1,-1
1387,5746,24.99999999999995,0,0,0,0,0,0,0,0,0,0.6936928125611631,207.9638733746444,-1,-1
1388,4967,25.00000000054116,0,0,0,0,0,0,0,0,0,4.990261397499784,1496.042730418975,-1,-1
1389,5670,25,0,0,0,0,0,0,0,0,0,5.570979247473792,1670.137562067159,-1,-1
1390,5260,24.99999999996919,0,0,0,0,1,0,0,0,0,2.595122824809744,777.9982504616165,-1,-1
1391,5369,25.00000000096228,0,0,0,0,0,0,0,0,0,2.861003929462654,857.7074003612677,-1,-1
1392,5753,25.00000000000001,0,0,0,0,0,0,0,0,0,3.349020393908805,1004.011055782049,-1,-1
1393,5138,25.00000000145305,0,0,0,0,0,0,0,0,0,0.2097769635375066,62.88955153068547,-1,-1
1394,0,10.56553464996341,1,0,0,0,0,0,0,0,1,2.928841003939923,878.0444436623371,-1,-1
1395,5761,25.00000000246929,0,0,0,0,0,0,0,0,0,0.05431025386754824,16.28180450155629,-1,-1
1396,5342,25.00000000007987,0,0,0,0,0,0,0,0,0,1.125340254141324,337.3685208753722,-1,-1
1397,5772,25.00000000047219,0,0,0,0,0,0,0,0,0,3.236865267930148,970.3877948876076,-1,-1
1398,5648,24.99999999999999,0,0,0,0,0,0,0,0,0,6.411476213522409,1922.112213460416,-1,-1
1399,5144,25.00000000089648,0,0,0,0,0,0,0,0,0,1.891216771968177,566.9725246791654,-1,-1
1400,5773,25.00000000081267,0,0,0,0,0,0,0,0,0,1.372274864816119,411.3976547748422,-1,-1
1401,5071,25.00000000006726,0,0,0,0,0,0,0,0,0,4.617993674907767,1384.439674829053,-1,-1
1402,5222,25.00000000000004,0,0,0,0,0,0,0,0,0,6.510787225178323,1951.884905751209,-1,-1
1403,5474,25.000000001294,0,0,0,0,0,0,0,0,0,0.02121492647767619,6.360074955031826,-1,-1
1404,4371,25.00000000013059,0,0,0,0,0,0,0,0,0,9.525751850752988,2855.748561635287,-1,-1
1405,5350,25.00000000000002,0,0,0,0,0,0,0,0,0,6.80374253071599,2039.710696882488,-1,-1
1406,5233,25.00000000030971,0,0,0,0,0,0,0,0,0,1.537009624960915,460.7838934366908,-1,-1
1407,5074,25.00000000017718,0,0,0,0,0,0,0,0,0,2.03225543777059,609.2548529731112,-1,-1
1408,5411,25.00000000000001,0,0,0,0,0,0,0,0,0,2.351741445260573,705.0343484551398,-1,-1
1409,4999,25.0000000005415,0,0,0,0,0,0,0,0,0,0.439667652587926,131.8090462724244,-1,-1
1410,4493,25.00000000015971,0,0,0,0,0,0,0,0,0,1.883126089513795,564.5469990992685,-1,-1
1411,5724,25.000000000077,0,0,0,0,0,0,0,0,0,0.7977901642604619,239.1714743118676,-1,-1
1412,5239,25.00000000041459,0,0,0,0,0,0,0,0,0,1.588996824773708,476.3692638531052,-1,-1
1413,5563,28.08054394328493,0,0,0,0,0,0,0,0,0,1.427929839277107,428.0825963684288,-1,-1
1414,5025,25.00000000061246,0,0,0,0,0,0,0,0,0,2.364495750734142,708.8579930431437,-1,-1
1415,5100,25.00000000082364,0,0,0,0,0,0,0,0,0,3.764667327409024,1128.618871636242,-1,-1
1416,5421,24.99999999999996,0,0,0,0,0,0,0,0,0,3.975314844478882,1191.769408550212,-1,-1
1417,5326,25.00000000025887,0,0,0,0,0,0,0,0,0,0.877402552988982,263.0386680160422,-1,-1
1418,5168,24.99999999999999,0,0,0,0,0,0,0,0,0,4.453656363668765,1335.172588351601,-1,-1
1419,5323,25.00000000215724,0,0,0,0,0,0,0,0,0,1.673195700617651,501.6114518031977,-1,-1
1420,4625,25,0,0,0,0,0,0,0,0,0,4.977101301694145,1492.097432949887,-1,-1
1421,5616,25.00000000175403,0,0,0,0,0,0,0,0,0,1.199352780537422,359.5569180864483,-1,-1
1422,4999,24.99999999999996,0,0,0,0,0,0,0,0,0,2.67510449929051,801.9761532491613,-1,-1
1423,5480,24.99999999999999,0,0,0,0,0,0,0,0,0,10.44279875993064,3130.67230863896,-1,-1
1424,0,10.56553464996387,1,0,0,0,0,0,0,0,1,0.3249950309479413,97.4310591656694,-1,-1
1425,5454,25.00000000229348,0,0,0,0,0,0,0,0,0,2.091460750455959,627.0041591897167,-1,-1
1426,4983,25.00000000015988,0,0,0,0,0,0,0,0,0,0.9706883753417749,291.0050539957373,-1,-1
1427,4958,25.00000000015385,0,0,0,0,0,0,0,0,0,0.7753422078886585,232.4417462940879,-1,-1
1428,5678,25.00000000026148,0,0,0,0,0,0,0,0,0,1.452835285141486,435.5490612016969,-1,-1
1429,5264,25.00000000000003,0,0,0,0,0,0,0,0,0,3.363615259553246,1008.386486427776,-1,-1
1430,5739,24.99999999999998,0,0,0,0,0,0,0,0,0,5.850119853969655,1753.821810616164,-1,-1
1431,5421,25.00000000007726,0,0,0,0,0,0,0,0,0,2.943572172482432,882.4607368889082,-1,-1
1432,5001,25.00000000027322,0,0,0,0,0,0,0,0,0,0.1640410989881082,49.17828427866628,-1,-1
1433,5070,25.00000000070517,0,0,0,0,0,0,0,0,0,2.259051618525085,677.2466374665136,-1,-1
1434,5365,25.00000000000001,0,0,0,0,0,0,0,0,0,3.868099471721016,1159.627048415745,-1,-1
1435,5757,24.99999999999998,0,0,0,0,0,0,0,0,0,11.05420030194609,3313.965879744761,-1,-1
1436,5225,25.00000000129612,0,0,0,0,0,0,0,0,0,8.054990370224948,2414.825362256067,-1,-1
1437,5409,25.00000000065813,0,0,0,0,0,0,0,0,0,0.5685324976492557,170.4417549231496,-1,-1
1438,5600,25,0,0,0,0,0,0,0,0,0,1.84161222298323,552.1014550109866,-1,-1
1439,4989,24.9999999999994,0,0,0,0,0,0,0,0,0,3.701074924293879,1109.554348796226,-1,-1
1440,5604,25.00000000000004,0,0,0,0,0,0,0,0,0,3.723260200833192,1116.205327381356,-1,-1
1441,5390,25.00000000000001,0,0,0,0,0,0,0,0,0,3.404157312723616,1020.540688200088,-1,-1
1442,6079,25,0,0,0,0,0,0,0,0,0,6.182446662714013,1853.450881468931,-1,-1
1443,4794,25.00000000001478,0,0,0,0,0,0,0,0,0,1.34394639959768,402.9049945556386,-1,-1
1444,5124,25.00000000014278,0,0,0,0,0,0,0,0,0,0.05276259842849441,15.81782907334528,-1,-1
1445,5343,25.00000000024984,0,0,0,0,0,0,0,0,0,1.863965178256483,558.8027024159193,-1,-1
1446,5821,25.00000000158066,0,0,0,0,0,0,0,0,0,0.2072912748207384,62.14436080046268,-1,-1
1447,5035,25.00000000057889,0,0,0,0,0,0,0,0,0,2.197292335213857,658.7316701183222,-1,-1
1448,5415,24.99999999999996,0,0,0,0,0,0,0,0,0,9.910922064500001,2971.21968676289,-1,-1
1449,5384,24.99999999999995,0,0,0,0,0,0,0,0,0,0.1926400822504152,57.75204376717416,-1,-1
1450,5341,24.99999999999999,0,0,0,0,0,0,0,0,0,11.20337601453995,3358.687633297177,-1,-1
1451,5405,25.00000000000002,0,0,0,0,0,0,0,0,0,3.893997280488254,1167.391016162889,-1,-1
1452,5740,25.00000000000002,0,0,0,0,0,0,0,0,0,4.12453605861795,1236.504803122707,-1,-1
1453,5162,25,0,0,0,0,0,0,0,0,0,3.814468286831786,1143.54882367235,-1,-1
1454,5154,25.00000000050933,0,0,0,0,0,0,0,0,0,0.7476431422808921,224.1377753312324,-1,-1
1455,5590,24.99999999999998,0,0,0,0,0,0,0,0,0,2.668437827405415,799.9775352980491,-1,-1
1456,5608,25.00000000144858,0,0,0,0,0,0,0,0,0,0.8393150335504509,251.6203169444422,-1,-1
1457,5399,25.0000000012949,0,0,0,0,0,0,0,0,0,0.495025980052577,148.405055333821,-1,-1
1458,5477,25.00000000130526,0,0,0,0,0,0,0,0,0,2.665457439406776,799.0840374541434,-1,-1
1459,4874,25.00000000000002,0,0,0,0,0,0,0,0,0,5.497675614891681,1648.161685875039,-1,-1
1460,5404,25.00000000111946,0,0,0,0,0,0,0,0,0,1.369725074732325,410.6332469382375,-1,-1
1461,5468,25.00000000000001,0,0,0,0,0,0,0,0,0,7.20545923187868,2160.142334143702,-1,-1
1462,5248,25.00000000000001,0,0,0,0,0,0,0,0,0,5.197929155919261,1558.2999581629,-1,-1
1463,5357,25.00000000079059,0,0,0,0,0,0,0,0,0,2.10501866990524,631.0687211867826,-1,-1
1464,5450,25.00000000061587,0,0,0,0,0,0,0,0,0,0.4971987169447964,149.0564254673268,-1,-1
1465,5721,25.00000000085685,0,0,0,0,0,0,0,0,0,2.137690964997349,640.8636288409472,-1,-1
1466,5097,25.00000000119067,0,0,0,0,0,0,0,0,0,0.6933510045327675,207.8614019056475,-1,-1
1467,4606,24.99999999999995,0,0,0,0,0,0,0,0,0,0.2858977261047836,85.70998204556386,-1,-1
1468,0,10.56553464996568,1,0,0,0,0,0,0,0,1,0.1602564805418006,48.04368421205557,-1,-1
1469,5106,25.00000000000004,0,0,0,0,0,0,0,0,0,2.255627360863091,676.2200708451991,-1,-1
1470,5073,24.99999999999999,0,0,0,0,0,0,0,0,0,7.997002720647715,2397.441102255666,-1,-1
1471,5553,24.99999999996924,0,0,0,0,0,0,0,0,0,6.971158558283902,2089.900759295667,-1,-1
1472,5059,25.00000000110051,0,0,0,0,0,0,0,0,0,0.04421890816642765,13.25649516928962,-1,-1
1473,5636,25,0,0,0,0,0,0,0,0,0,14.3641292068036,4306.257601937242,-1,-1
1474,5914,25.00000000059125,0,0,0,0,0,0,0,0,0,4.271821117101431,1280.659752832144,-1,-1
1475,5427,25.00000000108133,0,0,0,0,0,0,0,0,0,0.128327801140175,38.47170693354828,-1,-1
1476,1355,12.91842303714992,1,0,0,0,1,0,0,0,1,0.1599757862905005,47.95953419251187,-1,-1
1477,6017,24.99999999999997,0,0,0,0,0,0,0,0,0,11.52617024689104,3455.45890964193,-1,-1
1478,5440,24.99999999999999,0,0,0,0,0,0,0,0,0,5.030059172364227,1507.973803168518,-1,-1
1479,0,10.56553464996523,1,0,0,0,0,0,0,0,1,1.992678539636851,597.389997401582,-1,-1
1480,5073,25,0,0,0,0,0,0,0,0,0,6.1157254258054,1833.448357855298,-1,-1
1481,5538,25.0000000005153,0,0,0,0,0,0,0,0,0,3.315142989833805,993.8548655437456,-1,-1
1482,4996,24.99999999999999,0,0,0,0,0,0,0,0,0,6.328542206733808,1897.249223713474,-1,-1
1483,5348,24.99999999991175,0,0,0,0,0,0,0,0,0,5.153689738460784,1545.037314462536,-1,-1
1484,5774,25.00000000053388,0,0,0,0,0,0,0,0,0,1.906712376240519,571.617989972166,-1,-1
1485,5739,25.00000000000755,0,0,0,0,1,0,0,0,0,7.891230072252309,2365.731260004038,-1,-1
1486,4710,25.00000000163096,0,0,0,0,0,0,0,0,0,0.3234244526280659,96.96021163067242,-1,-1
1487,5781,25.00000000000002,0,0,0,0,0,0,0,0,0,4.089385742470919,1225.967003445512,-1,-1
1488,4608,25.00000000000466,0,0,0,0,0,0,0,0,0,5.611343013785067,1682.238314783753,-1,-1
1489,4965,25.00000000001271,0,0,0,0,0,0,0,0,0,7.906286996344615,2370.245212287589,-1,-1
1490,4680,25,0,0,0,0,0,0,0,0,0,6.43454642031215,1929.02848746048,-1,-1
1491,5331,25,0,0,0,0,0,0,0,0,0,5.730551894802509,1717.976238239402,-1,-1
1492,5596,25.00000000000001,0,0,0,0,0,0,0,0,0,7.621427587029767,2284.846509784664,-1,-1
1493,5421,25,0,0,0,0,0,0,0,0,0,2.084194063682014,624.8256613002397,-1,-1
1494,5282,25.00000000023392,0,0,0,0,0,0,0,0,0,4.733275708252698,1419.000358968767,-1,-1
1495,5437,25.00000000177378,0,0,0,0,0,0,0,0,0,2.012696633112413,603.3912708490944,-1,-1
1496,5166,25,0,0,0,0,0,0,0,0,0,7.819877286543463,2344.340232991235,-1,-1
1497,4849,24.99999999999993,0,0,0,0,0,0,0,0,0,0.2005646947424648,60.1277828248632,-1,-1
1498,5592,25.00000000000001,0,0,0,0,0,0,0,0,0,6.683560089891711,2003.680907539338,-1,-1
1499,4502,25,0,0,0,0,0,0,0,0,0,3.969847442368743,1190.130322632739,-1,-1
1500,5804,24.99999999999999,0,0,0,0,0,0,0,0,0,2.732354712688741,819.1393354448414,-1,-1
1501,5671,25.00000000002394,0,0,0,0,0,0,0,0,0,4.798127894630992,1438.44255532979,-1,-1
1502,5411,25.00000000000001,0,0,0,0,0,0,0,0,0,7.910659078005819,2371.555929395378,-1,-1
1503,5177,24.99999999999994,0,0,0,0,0,0,0,0,0,0.500530300642224,150.0552091330113,-1,-1
1504,5133,25.00000000082704,0,0,0,0,0,0,0,0,0,1.214515683606608,364.1026420679755,-1,-1
1505,5770,24.99999999999996,0,0,0,0,0,0,0,0,0,2.601205047091466,779.8216548295565,-1,-1
1506,4945,24.99999999999995,0,0,0,0,0,0,0,0,0,4.82407114483636,1446.220146077367,-1,-1
1507,5402,25.00000000036221,0,0,0,0,0,0,0,0,0,0.4449297788274001,133.3865920320627,-1,-1
1508,5311,24.99999999999999,0,0,0,0,0,0,0,0,0,2.299628829366307,689.4113792433876,-1,-1
1509,5571,25.00000000109047,0,0,0,0,0,0,0,0,0,0.9069763128732553,271.9046581840503,-1,-1
1510,5530,25.00000000000001,0,0,0,0,0,0,0,0,0,6.292904516697246,1886.56531301997,-1,-1
1511,5416,25.00000000000001,0,0,0,0,0,0,0,0,0,4.158008387633881,1246.539554913378,-1,-1
1512,5081,25.00000000106619,0,0,0,0,0,0,0,0,0,0.253670204880818,76.04841424258403,-1,-1
1513,5003,24.99999999999995,0,0,0,0,0,0,0,0,0,0.1069170666143326,32.05293020246052,-1,-1
1514,5529,25.00000000013342,0,0,0,0,0,0,0,0,0,1.702032865430312,510.2566163241366,-1,-1
1515,4865,25.00000000008277,0,0,0,0,0,0,0,0,0,1.552099035572084,465.3075849335846,-1,-1
1516,5044,25.00000000035334,0,0,0,0,0,0,0,0,0,0.9348727278775434,280.2677930075739,-1,-1
1517,5535,24.99999999999999,0,0,0,0,0,0,0,0,0,5.460011090846623,1636.87014563217,-1,-1
1518,5622,25,0,0,0,0,0,0,0,0,0,9.301431096692005,2788.498891394932,-1,-1
1519,4838,25.00000000110195,0,0,0,0,0,0,0,0,0,0.1589105560752564,47.64018620794796,-1,-1
1520,4959,25.00000000020221,0,0,0,0,0,0,0,0,0,1.206668071775386,361.7499872276635,-1,-1
1521,5213,25.00000000000002,0,0,0,0,0,0,0,0,0,11.76923072111439,3528.326606651995,-1,-1
1522,5498,25.00000000000001,0,0,0,0,0,0,0,0,0,4.20976775209567,1262.056622009896,-1,-1
1523,5282,25.00000000000001,0,0,0,0,0,0,0,0,0,5.039455961216169,1510.790889595748,-1,-1
1524,5437,25.0000000003483,0,0,0,0,0,0,0,0,0,2.235973601964498,670.3280221560506,-1,-1
1525,5149,25,0,0,0,0,0,0,0,0,0,4.34195878056292,1301.686495359641,-1,-1
1526,5012,25.00000000030481,0,0,0,0,0,0,0,0,0,2.007827216542182,601.9314564864791,-1,-1
1527,5336,24.99999999976804,0,0,0,0,0,0,0,0,0,2.401392694600789,719.9194185376138,-1,-1
1528,5350,24.99999999999999,0,0,0,0,0,0,0,0,0,4.4035616751839,1320.154578557979,-1,-1
1529,5561,25.0000000008287,0,0,0,0,0,0,0,0,0,1.517110558693978,454.8183034486208,-1,-1
1530,5337,25.00000000000001,0,0,0,0,0,0,0,0,0,3.736599140783473,1120.204240976166,-1,-1
1531,5787,25.00000000000001,0,0,0,0,0,0,0,0,0,1.928598021230598,578.1791412786574,-1,-1
1532,4831,25.00000000085677,0,0,0,0,0,0,0,0,0,1.577379320329423,472.886423639927,-1,-1
1533,5268,25.00000000065838,0,0,0,0,0,0,0,0,0,1.022454873029516,306.5242595795964,-1,-1
1534,5587,24.99999999999998,0,0,0,0,0,0,0,0,0,2.991265905267977,896.758958271882,-1,-1
1535,5194,25.00000000119848,0,0,0,0,0,0,0,0,0,1.159170872768867,347.5106851893838,-1,-1
1536,5471,25,0,0,0,0,0,0,0,0,0,1.640046672955445,491.6736233200352,-1,-1
1537,5471,25.00000000081665,0,0,0,0,0,0,0,0,0,1.523491340440217,456.7312136922876,-1,-1
1538,5211,25.00000000004286,0,0,0,0,0,0,0,0,0,4.14623397882362,1243.009675954653,-1,-1
1539,5651,25.00000000029397,0,0,0,0,0,0,0,0,0,3.03510550513496,909.9017396737412,-1,-1
1540,5179,25.00000000000001,0,0,0,0,0,0,0,0,0,5.445011466525712,1632.373371387929,-1,-1
1541,5378,25.00000000032913,0,0,0,0,0,0,0,0,0,3.316486896319647,994.2577585724581,-1,-1
1542,4481,25.00000000000003,0,0,0,0,0,0,0,0,0,3.920026307714295,1175.194322214333,-1,-1
1543,5531,25.0000000001225,0,0,0,0,0,0,0,0,0,1.231575372762339,369.2170082126879,-1,-1
1544,5944,24.99999999999998,0,0,0,0,0,0,0,0,0,5.59310620883047,1676.771058200348,-1,-1
1545,4874,25.00000000086479,0,0,0,0,0,0,0,0,0,0.9884131972542883,296.3188219245019,-1,-1
1546,5216,25.00000000008962,0,0,0,0,0,0,0,0,0,0.6837077237640428,204.9704190608074,-1,-1
1547,5376,25.0000000010868,0,0,0,0,0,0,0,0,0,0.2142363905135466,64.22645410510401,-1,-1
1548,5501,24.99999999999997,0,0,0,0,0,0,0,0,0,7.422627314330455,2225.247687381066,-1,-1
1549,5270,25.00000000169628,0,0,0,0,0,0,0,0,0,0.2365033996697475,70.90193551235001,-1,-1
1550,5209,25.00000000000003,0,0,0,0,0,0,0,0,0,7.807749614738437,2340.704448450989,-1,-1
1551,5016,25.0000000012392,0,0,0,0,0,0,0,0,0,0.3991202259080747,119.653233562497,-1,-1
1552,5507,25.00000000002373,0,0,0,0,0,0,0,0,0,2.805098755386734,840.9474508101298,-1,-1
1553,5429,25.00000000097254,0,0,0,0,0,0,0,0,0,0.7526824312758738,225.6485161656103,-1,-1
1554,5186,24.99999999999992,0,0,0,0,0,0,0,0,0,0.06068333772140628,18.19240697514451,-1,-1
1555,5489,25.00000000000003,0,0,0,0,0,0,0,0,0,4.53241300212803,1358.783234579122,-1,-1
1556,5391,24.99999999999999,0,0,0,0,0,0,0,0,0,1.619016134559065,485.3688265211211,-1,-1
1557,5139,25.00000000046611,0,0,0,0,0,0,0,0,0,0.4957986888745588,148.6367076108812,-1,-1
1558,5310,25.00000000034518,0,0,0,0,0,0,0,0,0,4.440829995083375,1331.327339786173,-1,-1
1559,4909,25.000000000413,0,0,0,0,0,0,0,0,0,4.134270593358226,1239.423143219981,-1,-1
1560,5629,25.00000000000001,0,0,0,0,0,0,0,0,0,3.652863302901217,1095.100868314755,-1,-1
1561,5207,24.99999999928202,0,0,0,0,0,0,0,0,0,3.532055258213876,1058.883527651763,-1,-1
1562,5403,25.00000000070563,0,0,0,0,0,0,0,0,0,0.2491853058291409,74.70387533199988,-1,-1
1563,4953,25.00000000000001,0,0,0,0,0,0,0,0,0,8.816365919190529,2643.080009541557,-1,-1
1564,0,10.56553464996432,1,0,0,0,0,0,0,0,1,2.536301339394068,760.3640127656398,-1,-1
1565,5686,24.99999999999999,0,0,0,0,0,0,0,0,0,6.485689859155297,1944.360904701841,-1,-1
1566,5187,24.99999999999994,0,0,0,0,0,0,0,0,0,1.665108479756862,499.186963982953,-1,-1
1567,5875,24.99999999999997,0,0,0,0,0,0,0,0,0,5.25103667268005,1574.221191150893,-1,-1
1568,1493,17.83914666557725,1,0,0,0,0,0,0,0,1,7.626264636912125,2286.296620858363,-1,-1
1569,5198,25.00000000031831,0,0,0,0,0,0,0,0,0,0.8801071509396358,263.8494860835704,-1,-1
1570,5501,25,0,0,0,0,0,0,0,0,0,4.143602165686512,1242.220678225283,-1,-1
1571,5299,25.00000000156082,0,0,0,0,0,0,0,0,0,4.365688596306721,1308.800515149362,-1,-1
1572,5204,25.00000000000002,0,0,0,0,0,0,0,0,0,5.104045148915272,1530.154240936285,-1,-1
1573,5881,24.99999999999996,0,0,0,0,0,0,0,0,0,0.5134926659434762,153.9412284881676,-1,-1
1574,4957,25.00000000171801,0,0,0,0,0,0,0,0,0,3.212924328550411,963.2104818241274,-1,-1
1575,4792,24.99999999999995,0,0,0,0,0,0,0,0,0,6.854062879640888,2054.7963579741,-1,-1
1576,5234,25.00000000057046,0,0,0,0,0,0,0,0,0,0.02219854831321726,6.654957362851157,-1,-1
1577,5210,25.00000000000003,0,0,0,0,0,0,0,0,0,14.19613322578189,4255.893673852624,-1,-1
1578,5501,25.0000000011834,0,0,0,0,0,0,0,0,0,0.558830910724415,167.5332923324509,-1,-1
1579,4851,24.99999999997115,0,0,0,0,0,0,0,0,0,4.485877196636846,1344.832151065909,-1,-1
1580,5402,25,0,0,0,0,0,0,0,0,0,6.714171947886975,2012.858111691684,-1,-1
1581,5491,24.99999999999997,0,0,0,0,0,0,0,0,0,1.236632748498901,370.7331713157812,-1,-1
1582,5509,25.00000000109035,0,0,0,0,0,0,0,0,0,4.456488033197566,1336.021501519884,-1,-1
1583,5082,25.00000000007673,0,0,0,0,0,0,0,0,0,4.156218757438136,1246.003037278085,-1,-1
1584,4893,25.00000000069712,0,0,0,0,0,0,0,0,0,1.65422413678192,495.92392004878,-1,-1
1585,5775,25.00000000084373,0,0,0,0,0,0,0,0,0,0.4852854169427942,145.4849079768351,-1,-1
1586,4716,25.00000000026111,0,0,0,0,0,0,0,0,0,1.375575783149826,412.3872451957614,-1,-1
1587,5533,25.00000000000001,0,0,0,0,0,0,0,0,0,8.886895750469346,2664.224321022959,-1,-1
1588,5385,25.00000000025609,0,0,0,0,0,0,0,0,0,0.8281398393840079,248.270078016657,-1,-1
1589,5190,25,0,0,0,0,0,0,0,0,0,2.895759345766743,868.1268120438839,-1,-1
1590,4893,25.00000000002752,0,0,0,0,0,0,0,0,0,7.698027578991777,2307.810609657734,-1,-1
1591,5681,25.00000000019999,0,0,0,0,0,0,0,0,0,0.255521622821175,76.60345537770894,-1,-1
1592,5479,24.99999999999997,0,0,0,0,0,0,0,0,0,4.469000017967844,1339.772500188624,-1,-1
1593,5619,25.00000000070342,0,0,0,0,0,0,0,0,0,0.2510812775241221,75.27227334673672,-1,-1
1594,5324,25.00000000000002,0,0,0,0,0,0,0,0,0,5.53641014235616,1659.774005073083,-1,-1
1595,5155,25.00000000131267,0,0,0,0,0,0,0,0,0,0.05349160214003814,16.03637888792009,-1,-1
1596,4639,25.00000000037638,0,0,0,0,0,0,0,0,0,5.38905829342702,1615.599032091772,-1,-1
1597,5623,25,0,0,0,0,0,0,0,0,0,12.25307598606793,3673.379767924078,-1,-1
1598,5069,25.0000000015603,0,0,0,0,0,0,0,0,0,0.1197011797580724,35.88551090517237,-1,-1
1599,4646,24.99999999999993,0,0,0,0,0,0,0,0,0,4.472367234709309,1340.781966372167,-1,-1
1600,4935,25,0,0,0,0,0,0,0,0,0,4.417989962350985,1324.480070232529,-1,-1
1601,5385,25.00000000000004,0,0,0,0,0,0,0,0,0,5.060152772822212,1516.995637619886,-1,-1
1602,5579,24.99999999999997,0,0,0,0,0,0,0,0,0,3.911538773336114,1172.649823420739,-1,-1
1603,5266,25.00000000033648,0,0,0,0,0,0,0,0,0,0.3472146955257401,104.0923470253832,-1,-1
1604,4995,25.00000000000002,0,0,0,0,0,0,0,0,0,4.580230812190304,1373.118653393868,-1,-1
1605,4960,25.00000000000002,0,0,0,0,0,0,0,0,0,6.433484972284007,1928.710273347084,-1,-1
1606,4686,25.00000000006386,0,0,0,0,0,0,0,0,0,1.88404904535955,564.8236943008931,-1,-1
1607,5284,25.00000000000004,0,0,0,0,0,0,0,0,0,1.452244411625103,435.3719217778535,-1,-1
1608,967,17.83914666557557,1,0,0,0,0,0,0,0,1,1.18001940770167,353.7609187225877,-1,-1
1609,4775,25.00000000000017,0,0,0,0,0,0,0,0,0,6.27218710441159,1880.354389067453,-1,-1
1610,5098,25,0,0,0,0,0,0,0,0,0,5.52930367290495,1657.643539128603,-1,-1
1611,5287,25.0000000002106,0,0,0,0,0,0,0,0,0,3.236999842446018,970.4281393125044,-1,-1
1612,5267,25.00000000173877,0,0,0,0,0,0,0,0,0,0.7031178236671601,210.7894206207885,-1,-1
1613,5297,24.99999999999996,0,0,0,0,0,0,0,0,0,7.168812810783704,2149.156013486736,-1,-1
1614,4858,25.00000000085832,0,0,0,0,0,0,0,0,0,1.172374945888499,351.4691667255302,-1,-1
1615,5075,25.00000000055384,0,0,0,0,0,0,0,0,0,0.1378118190631487,41.31494397839259,-1,-1
1616,5300,24.99999999993102,0,0,0,0,0,0,0,0,0,6.022808230431933,1805.592483463819,-1,-1
1617,4853,24.99999999999998,0,0,0,0,0,0,0,0,0,2.123003138475587,636.4603292253107,-1,-1
1618,5145,25.0000000006157,0,0,0,0,0,0,0,0,0,2.615300954293435,784.0475014973745,-1,-1
1619,5501,25.00000000143553,0,0,0,0,0,0,0,0,0,0.4634742205404825,138.9460757954653,-1,-1
1620,5363,25.00000000030873,0,0,0,0,0,0,0,0,0,2.323937324259003,696.6988826775496,-1,-1
1621,4767,25.00000000000001,0,0,0,0,0,0,0,0,0,4.901029530975769,1469.291689821813,-1,-1
1622,5459,25,0,0,0,0,0,0,0,0,0,5.379834258157322,1612.833735885589,-1,-1
1623,5203,25.00000000000003,0,0,0,0,0,0,0,0,0,11.59427187887682,3475.875265288761,-1,-1
1624,5013,24.99999999999997,0,0,0,0,0,0,0,0,0,8.606587458316289,2580.190009120613,-1,-1
1625,5073,25.00000000059527,0,0,0,0,0,0,0,0,0,3.571839823067457,1070.810640139678,-1,-1
1626,4839,24.99999999999996,0,0,0,0,0,0,0,0,0,4.093921125279999,1227.326677005817,-1,-1
1627,5470,24.99999999999998,0,0,0,0,0,0,0,0,0,0.9544284938170715,286.1304641466577,-1,-1
1628,5784,24.99999999999996,0,0,0,0,0,0,0,0,0,0.8532527839960765,255.7987494095268,-1,-1
1629,5357,25.00000000005346,0,0,0,0,0,0,0,0,0,5.890436413563288,1765.908411114842,-1,-1
1630,4945,25.00000000000001,0,0,0,0,0,0,0,0,0,5.433804799947767,1629.013697268539,-1,-1
1631,5559,25.00000000056287,0,0,0,0,0,0,0,0,0,3.809454362125266,1142.045686860356,-1,-1
1632,5119,25.00000000009295,0,0,0,0,0,0,0,0,0,0.09567041372569271,28.68126848870236,-1,-1
1633,5622,25.00000000171818,0,0,0,0,0,0,0,0,0,3.36720626314633,1009.463042221633,-1,-1
1634,872,12.87314420432108,1,0,0,0,1,0,0,0,1,5.501181595828336,1649.212752517739,-1,-1
1635,4787,25.00000000056244,0,0,0,0,0,0,0,0,0,2.686039790171546,805.2544709813322,-1,-1
1636,5088,25.00000000000002,0,0,0,0,0,0,0,0,0,9.16515548362937,2747.644490389428,-1,-1
1637,5146,25.00000000028012,0,0,0,0,0,0,0,0,0,2.865492443673684,859.0530230693604,-1,-1
1638,4820,24.99999999999999,0,0,0,0,0,0,0,0,0,6.798519158391098,2038.144769254158,-1,-1
1639,5347,25.00000000000002,0,0,0,0,0,0,0,0,0,2.991631578858541,896.8685844564227,-1,-1
1640,5053,24.99999999999998,0,0,0,0,0,0,0,0,0,13.08371073683251,3922.397801556011,-1,-1
1641,5434,25,0,0,0,0,0,0,0,0,0,3.547586037580655,1063.539538172785,-1,-1
1642,5052,25.00000000000001,0,0,0,0,0,0,0,0,0,8.667742202911437,2598.523740321154,-1,-1
1643,5837,24.99999999999998,0,0,0,0,0,0,0,0,0,3.722144613516079,1115.870882717445,-1,-1
1644,5440,25.00000000110761,0,0,0,0,0,0,0,0,0,5.923302878293309,1775.761529362026,-1,-1
1645,4959,25.00000000000002,0,0,0,0,0,0,0,0,0,10.70426929792442,3209.059203918695,-1,-1
1646,5534,25.00000000057785,0,0,0,0,0,0,0,0,0,0.2129530692064383,63.84172405604224,-1,-1
1647,5474,25.00000000101513,0,0,0,0,0,0,0,0,0,6.405291344726663,1920.258036441732,-1,-1
1648,5289,25,0,0,0,0,0,0,0,0,0,1.29150824552341,387.1844314527307,-1,-1
1649,5803,25,0,0,0,0,0,0,0,0,0,2.868747539309498,860.0288761910462,-1,-1
1650,5335,25.00000000000001,0,0,0,0,0,0,0,0,0,3.686895711667498,1105.303527790458,-1,-1
1651,4529,25.00000000097662,0,0,0,0,0,0,0,0,0,1.649633588057519,494.547708163123,-1,-1
1652,5501,24.99999999999991,0,0,0,0,0,0,0,0,0,0.5565111078439758,166.8378329248486,-1,-1
1653,5189,24.99999999999999,0,0,0,0,0,0,0,0,0,2.496200494159849,748.3420818049958,-1,-1
1654,4897,25.0000000008877,0,0,0,0,0,0,0,0,0,3.900422265431247,1169.317178191562,-1,-1
1655,5626,25.00000000146571,0,0,0,0,0,0,0,0,0,1.879636954235375,563.5009826578566,-1,-1
1656,5192,25.00000000020307,0,0,0,0,0,0,0,0,0,0.7232922182033613,216.8375519474581,-1,-1
1657,0,10.56553464996387,1,0,0,0,0,0,0,0,1,4.962458447865876,1487.707615808576,-1,-1
1658,5181,24.99999999999998,0,0,0,0,0,0,0,0,0,4.068155322237724,1219.602283579429,-1,-1
1659,5119,24.99999999999999,0,0,0,0,0,0,0,0,0,6.633209403554179,1988.586151520221,-1,-1
1660,5300,25.00000000075647,0,0,0,0,0,0,0,0,0,1.084517998293966,325.1303164537878,-1,-1
1661,5309,24.99999999999998,0,0,0,0,0,0,0,0,0,3.242931358745234,972.2063631635132,-1,-1
1662,5460,24.99999999999994,0,0,0,0,0,0,0,0,0,0.4014801105429556,120.3607091777844,-1,-1
1663,5513,24.99999999999997,0,0,0,0,0,0,0,0,0,0.01603542388274668,4.807299140880532,-1,-1
1664,4987,25.00000000000002,0,0,0,0,0,0,0,0,0,4.520183209405006,1355.116834957856,-1,-1
1665,5643,25.00000000017347,0,0,0,0,0,0,0,0,0,0.3130513937963971,93.85044682654785,-1,-1
1666,5205,24.99999999999999,0,0,0,0,0,0,0,0,0,3.545702896035662,1062.974986540249,-1,-1
1667,5488,25.00000000084666,0,0,0,0,0,0,0,0,0,0.5674711079950663,170.1235583098244,-1,-1
1668,5571,25.00000000001121,0,0,0,0,0,0,0,0,0,2.137685900165896,640.8621104426767,-1,-1
1669,5170,25,0,0,0,0,0,0,0,0,0,3.863456994470758,1158.235268749681,-1,-1
1670,5721,25.00000000043254,0,0,0,0,0,0,0,0,0,0.2209814883935285,66.2485835779944,-1,-1
1671,4958,24.99999999999998,0,0,0,0,0,0,0,0,0,3.935458686362308,1179.820832942007,-1,-1
1672,5264,25.00000000000002,0,0,0,0,0,0,0,0,0,6.958025935350446,2085.963697986459,-1,-1
1673,5079,25.00000000065935,0,0,0,0,0,0,0,0,0,2.880301137473682,863.492557783431,-1,-1
1674,5316,25.00000000106855,0,0,0,0,0,0,0,0,0,1.317598600369888,395.0061230622484,-1,-1
1675,5341,24.99999999998761,0,0,0,0,0,0,0,0,0,1.795409507289958,538.2502293070254,-1,-1
1676,5279,25.00000000135686,0,0,0,0,0,0,0,0,0,1.967453036021442,589.8275816684306,-1,-1
1677,4957,24.99999999999993,0,0,0,0,0,0,0,0,0,1.088166685835117,326.2241654602234,-1,-1
1678,5019,25.00000000135591,0,0,0,0,0,0,0,0,0,3.510448158565506,1052.405882137927,-1,-1
1679,5206,24.99999999999999,0,0,0,0,0,0,0,0,0,7.325043609143706,2195.992828542383,-1,-1
1680,5267,25.00000000060226,0,0,0,0,0,0,0,0,0,2.642047560999249,792.0659324648697,-1,-1
1681,4626,25.00000000031225,0,0,0,0,0,0,0,0,0,0.4502138493347594,134.9707165177092,-1,-1
1682,5772,25.00000000023744,0,0,0,0,0,0,0,0,0,3.493507303137716,1047.327141448607,-1,-1
1683,5163,25.00000000115791,0,0,0,0,0,0,0,0,0,2.028411589518801,608.1024962575283,-1,-1
1684,0,10.56553464996387,1,0,0,0,0,0,0,0,1,0.1863203084413101,55.8574232429385,-1,-1
1685,4894,25.00000000065781,0,0,0,0,0,0,0,0,0,1.481840987632746,444.2447520475685,-1,-1
1686,5389,25.00000000000001,0,0,0,0,0,0,0,0,0,3.828756309254735,1147.832265034485,-1,-1
1687,5150,24.99999999996982,0,0,0,0,1,0,0,0,0,0.5849948336639474,175.377039101416,-1,-1
1688,5067,25.00000000055036,0,0,0,0,0,0,0,0,0,1.55053656232783,464.8391672391302,-1,-1
1689,5671,25.00000000000001,0,0,0,0,0,0,0,0,0,4.254500459521526,1275.467150322087,-1,-1
1690,4947,25.00000000000001,0,0,0,0,0,0,0,0,0,4.822817660968339,1445.844361067509,-1,-1
1691,5393,25.00000000000001,0,0,0,0,0,0,0,0,0,1.981174110090741,593.9410561900659,-1,-1
1692,5643,24.99999999999994,0,0,0,0,0,0,0,0,0,5.663005869164711,1697.726449185315,-1,-1
1693,5012,25,0,0,0,0,0,0,0,0,0,7.440150550577989,2230.501021447828,-1,-1
1694,5049,25.00000000003302,0,0,0,0,0,0,0,0,0,0.2847695218759556,85.37175492667751,-1,-1
1695,4823,24.99999999999995,0,0,0,0,0,0,0,0,0,5.790444877406603,1735.931702711234,-1,-1
1696,5652,25,0,0,0,0,0,0,0,0,0,4.966022068948431,1488.775962532296,-1,-1
1697,4944,25.00000000057299,0,0,0,0,0,0,0,0,0,1.448102731883792,434.1302774279569,-1,-1
1698,4753,25.00000000047513,0,0,0,0,0,0,0,0,0,1.309979691792092,392.7220317324336,-1,-1
1699,5681,24.99999999999995,0,0,0,0,0,0,0,0,0,11.23931353147151,3369.461429832506,-1,-1
1700,5867,25.0000000004053,0,0,0,0,0,0,0,0,0,5.336193935341475,1599.750696240714,-1,-1
1701,4883,24.99999999999995,0,0,0,0,0,0,0,0,0,1.798218821483065,539.0924405142714,-1,-1
1702,5523,24.99999999999998,0,0,0,0,0,0,0,0,0,8.29494422613104,2486.761718524732,-1,-1
1703,5615,25.00000000025974,0,0,0,0,0,0,0,0,0,3.252371763512552,975.0365253132227,-1,-1
1704,4939,25.00000000000001,0,0,0,0,0,0,0,0,0,5.125913333122946,1536.710157631901,-1,-1
1705,4819,25,0,0,0,0,0,0,0,0,0,6.730091978263413,2017.630816729671,-1,-1
1706,5080,25.00000000054981,0,0,0,0,0,0,0,0,0,1.119868778503245,335.7282137449455,-1,-1
1707,5198,25.00000000155306,0,0,0,0,0,0,0,0,0,3.079921536030287,923.3372477336554,-1,-1
1708,5321,25.00000000000001,0,0,0,0,0,0,0,0,0,4.893577514849998,1467.057631590413,-1,-1
1709,5857,25.00000000156351,0,0,0,0,0,0,0,0,0,2.689484182283381,806.2870737588548,-1,-1
1710,4534,25.00000000000004,0,0,0,0,0,0,0,0,0,5.07105305290879,1520.26345937993,-1,-1
1711,5122,24.99999999998165,0,0,0,0,1,0,0,0,0,0.1065884492960167,31.9544132088612,-1,-1
1712,5369,24.99999999999996,0,0,0,0,0,0,0,0,0,10.07010698028051,3018.942123941252,-1,-1
1713,5498,25.00000000000001,0,0,0,0,0,0,0,0,0,2.884732349540469,864.8210017408521,-1,-1
1714,5914,25.00000000032042,0,0,0,0,0,0,0,0,0,2.841083096591645,851.7352849094607,-1,-1
1715,5684,25.00000000000001,0,0,0,0,0,0,0,0,0,7.806001918577029,2340.180502322923,-1,-1
1716,1350,12.94174332331267,1,0,0,0,1,0,0,0,1,0.810191903840552,242.8894223040587,-1,-1
1717,5449,25.00000000000002,0,0,0,0,0,0,0,0,0,3.320817393861558,995.5560090749107,-1,-1
1718,4620,25.0000000000395,0,0,0,0,0,0,0,0,0,2.889305628853765,866.1920363873061,-1,-1
1719,5021,25.00000000063852,0,0,0,0,0,0,0,0,0,1.530586720339672,458.8583550727889,-1,-1
1720,5209,24.99999999999999,0,0,0,0,0,0,0,0,0,6.300224328290169,1888.759737329509,-1,-1
1721,4612,25.00000000013585,0,0,0,0,0,0,0,0,0,0.03255783274287295,9.760592705138764,-1,-1
1722,5285,24.99999999998654,0,0,0,0,0,0,0,0,0,9.032283047641931,2707.810336204306,-1,-1
1723,5553,25,0,0,0,0,0,0,0,0,0,6.155504797515348,1845.373913477918,-1,-1
1724,4942,25.00000000122979,0,0,0,0,0,0,0,0,0,1.977219238418659,592.7554154904177,-1,-1
1725,5618,25.00000000099669,0,0,0,0,0,0,0,0,0,1.380333916448654,413.8136976729086,-1,-1
1726,5040,25.00000000005416,0,0,0,0,0,0,0,0,0,0.04013347449706565,12.03171296755563,-1,-1
1727,5067,24.99999999999997,0,0,0,0,0,0,0,0,0,9.264702419035929,2777.487910841326,-1,-1
1728,5050,24.99999999999081,0,0,0,0,1,0,0,0,0,2.495161360653187,748.0305574168435,-1,-1
1729,4835,25.00000000025377,0,0,0,0,0,0,0,0,0,1.978958038256446,593.276694567758,-1,-1
1730,5307,24.99999999999999,0,0,0,0,0,0,0,0,0,6.66877473028542,1999.248368240553,-1,-1
1731,4911,25.00000000003783,0,0,0,0,0,0,0,0,0,3.569339436707981,1070.061043167021,-1,-1
1732,5168,25.00000000110915,0,0,0,0,0,0,0,0,0,0.3731532034239129,111.8685160650289,-1,-1
1733,5149,25.00000000037363,0,0,0,0,0,0,0,0,0,0.08130719804770831,24.37528475581528,-1,-1
1734,5306,25.0000000008005,0,0,0,0,0,0,0,0,0,1.565100656485834,469.2053728253019,-1,-1
1735,4955,25.000000000209,0,0,0,0,0,0,0,0,0,4.871596049661342,1460.467754111064,-1,-1
1736,5472,24.99999999999999,0,0,0,0,0,0,0,0,0,3.599273429748968,1079.035028518534,-1,-1
1737,5834,25.00000000075141,0,0,0,0,0,0,0,0,0,1.306104360690994,391.5602366960716,-1,-1
1738,5298,25,0,0,0,0,0,0,0,0,0,4.512871265634645,1352.924769362181,-1,-1
1739,5155,25.00000000000001,0,0,0,0,0,0,0,0,0,4.334336651860993,1299.401438660898,-1,-1
1740,5160,25,0,0,0,0,0,0,0,0,0,8.176056081491483,2451.11994941618,-1,-1
1741,5460,25.00000000000001,0,0,0,0,0,0,0,0,0,4.224995284584161,1266.621721403895,-1,-1
1742,5093,25.00000000079678,0,0,0,0,0,0,0,0,0,8.110709652653931,2431.529582893448,-1,-1
1743,5538,25.00000000000001,0,0,0,0,0,0,0,0,0,5.251295955359812,1574.298922142776,-1,-1
1744,4790,25.00000000140047,0,0,0,0,0,0,0,0,0,0.4080086596128631,122.3179189506256,-1,-1
1745,4715,25.00000000011119,0,0,0,0,0,0,0,0,0,0.1010819004846364,30.30359140560054,-1,-1
1746,4830,25.00000000002892,0,0,0,0,0,0,0,0,0,6.48927136028597,1945.434611729135,-1,-1
1747,4953,25,0,0,0,0,0,0,0,0,0,4.504569528150372,1350.4359710761,-1,-1
1748,4533,25.0000000000646,0,0,0,0,0,0,0,0,0,8.724884552116428,2615.654585645214,-1,-1
1749,4772,25.00000000110353,0,0,0,0,0,0,0,0,0,2.465633919093495,739.178453133212,-1,-1
1750,5310,24.99999999999994,0,0,0,0,0,0,0,0,0,1.493976510459567,447.8828902649364,-1,-1
1751,0,10.56553464996387,1,0,0,0,0,0,0,0,1,0.5881510465345778,176.3232479158735,-1,-1
1752,5206,25.00000000000002,0,0,0,0,0,0,0,0,0,6.996877009030621,2097.610956860977,-1,-1
1753,5508,25.0000000008552,0,0,0,0,0,0,0,0,0,3.40899182114679,1021.990037363492,-1,-1
1754,4802,25.00000000062469,0,0,0,0,0,0,0,0,0,6.193773060860921,1856.846450209679,-1,-1
1755,4528,25.00000000000001,0,0,0,0,0,0,0,0,0,7.397176329409588,2217.617674053118,-1,-1
1756,5880,25.00000000012043,0,0,0,0,0,0,0,0,0,0.4961069397778599,148.7291189068626,-1,-1
1757,5542,25,0,0,0,0,0,0,0,0,0,4.53710857838129,1360.190932925812,-1,-1
1758,5342,25.00000000002403,0,0,0,0,0,0,0,0,0,0.1713451544838212,51.36798502909448,-1,-1
1759,5352,24.99999999999993,0,0,0,0,0,0,0,0,0,0.572127119507105,171.5193954454948,-1,-1
1760,5484,25.00000000000001,0,0,0,0,0,0,0,0,0,6.332088974985124,1898.312518085491,-1,-1
1761,5418,25,0,0,0,0,0,0,0,0,0,8.672059509949563,2599.818036410054,-1,-1
1762,5624,24.99999999999998,0,0,0,0,0,0,0,0,0,4.71249755168258,1412.771224337903,-1,-1
1763,5484,25.00000000120444,0,0,0,0,0,0,0,0,0,2.415144961767662,724.0422445146434,-1,-1
1764,5333,25.0000000005687,0,0,0,0,0,0,0,0,0,3.795993790119201,1138.010308892571,-1,-1
1765,5384,25.00000000066087,0,0,0,0,0,0,0,0,0,2.415001712724653,723.9992995319335,-1,-1
1766,5136,25.00000000000004,0,0,0,0,0,0,0,0,0,3.941571016315824,1181.653263362879,-1,-1
1767,5274,25.0000000008085,0,0,0,0,0,0,0,0,0,4.163631051866784,1248.225187244269,-1,-1
1768,5354,25,0,0,0,0,0,0,0,0,0,4.150282857936827,1244.223499376146,-1,-1
1769,4962,25.00000000000001,0,0,0,0,0,0,0,0,0,7.239137512257336,2170.238828599632,-1,-1
1770,5265,24.99999999999999,0,0,0,0,0,0,0,0,0,3.905149669946109,1170.734418411033,-1,-1
1771,5145,25.00000000109454,0,0,0,0,0,0,0,0,0,1.501393688966437,450.1065044409357,-1,-1
1772,5574,25.00000000072053,0,0,0,0,0,0,0,0,0,1.983160441721321,594.5365434320006,-1,-1
1773,4812,25.00000000108681,0,0,0,0,0,0,0,0,0,0.9671792632096912,289.9530486442623,-1,-1
1774,5489,25.00000000082911,0,0,0,0,0,0,0,0,0,1.692313615568019,507.3428585180034,-1,-1
1775,5333,25.00000000000001,0,0,0,0,0,0,0,0,0,5.446050369472927,1632.684826656097,-1,-1
1776,5002,24.99999999998844,0,0,0,0,0,0,0,0,0,3.52475213134823,1056.694105297625,-1,-1
1777,5154,25.00000000000002,0,0,0,0,0,0,0,0,0,3.427678040861653,1027.59202510254,-1,-1
1778,5187,24.99999999999997,0,0,0,0,0,0,0,0,0,0.3381069001270087,101.3618986558365,-1,-1
1779,5666,25.00000000077402,0,0,0,0,0,0,0,0,0,4.785592912715003,1434.68466229021,-1,-1
1780,5711,24.99999999999997,0,0,0,0,0,0,0,0,0,3.17522611125041,951.9088405975419,-1,-1
1781,5195,25.00000000012294,0,0,0,0,0,0,0,0,0,3.687940022983066,1105.61660444667,-1,-1
1782,5749,25.00000000032673,0,0,0,0,0,0,0,0,0,0.4330414284178171,129.8225542412085,-1,-1
1783,5351,25.00000000000002,0,0,0,0,0,0,0,0,0,3.010976502787969,902.6680467510492,-1,-1
1784,5560,25.00000000000003,0,0,0,0,0,0,0,0,0,8.825307529518479,2645.760636880252,-1,-1
1785,4770,24.99999999999993,0,0,0,0,0,0,0,0,0,0.08766075191064697,26.28003228542105,-1,-1
1786,5041,25,0,0,0,0,0,0,0,0,0,10.13881107151609,3039.539092327422,-1,-1
1787,5157,24.99999999999999,0,0,0,0,0,0,0,0,0,5.477352858056048,1642.069076649947,-1,-1
1788,4901,24.99999999999999,0,0,0,0,0,0,0,0,0,5.302482068858972,1589.644132924157,-1,-1
1789,5006,24.99999999999999,0,0,0,0,0,0,0,0,0,4.665050207366029,1398.546868359672,-1,-1
1790,4837,25.0000000002629,0,0,0,0,0,0,0,0,0,0.445774957253489,133.6399701498684,-1,-1
1791,4497,25.00000000022481,0,0,0,0,0,0,0,0,0,0.1696749971514242,50.86728445716845,-1,-1
1792,6136,25.00000000000002,0,0,0,0,0,0,0,0,0,5.565737784965688,1668.566211138339,-1,-1
1793,5594,24.99999999999998,0,0,0,0,0,0,0,0,0,4.22102911707989,1265.43269429895,-1,-1
1794,4895,24.99999999999229,0,0,0,0,1,0,0,0,0,0.9982332596912913,299.2628025802045,-1,-1
1795,4616,25.00000000046159,0,0,0,0,0,0,0,0,0,0.5023037041047993,150.5868621160825,-1,-1
1796,5096,25.00000000046409,0,0,0,0,0,0,0,0,0,0.5165525680427392,154.858564059745,-1,-1
1797,4915,25.00000000044908,0,0,0,0,0,0,0,0,0,0.1175834524178172,35.25063222046346,-1,-1
1798,5253,25.00000000086521,0,0,0,0,0,0,0,0,0,0.0299381125439735,8.97522034743845,-1,-1
1799,5399,25.00000000000003,0,0,0,0,0,0,0,0,0,5.462495688130488,1637.61500915904,-1,-1
1800,6012,25.00000000024487,0,0,0,0,0,0,0,0,0,2.284216125075276,684.7907667395524,-1,-1
1801,5243,25.00000000104571,0,0,0,0,0,0,0,0,0,0.1031725585611,30.93035492918111,-1,-1
1802,5237,24.99999999999998,0,0,0,0,0,0,0,0,0,5.879607320123727,1762.661930574685,-1,-1
1803,5093,24.99999999999999,0,0,0,0,0,0,0,0,0,6.203232039724635,1859.682180733402,-1,-1
1804,5813,25.00000000000002,0,0,0,0,0,0,0,0,0,3.294145485586706,987.5599721336417,-1,-1
1805,5685,24.99999999999999,0,0,0,0,0,0,0,0,0,5.366708533308095,1608.89874257001,-1,-1
1806,5549,24.99999999999999,0,0,0,0,0,0,0,0,0,4.225683035885242,1266.827904056939,-1,-1
1807,4928,25.00000000051746,0,0,0,0,0,0,0,0,0,1.069434484623096,320.6083928151211,-1,-1
1808,0,10.56553464996387,1,0,0,0,0,0,0,0,1,3.791393474167647,1136.631168865878,-1,-1
1809,5164,25.00000000000001,0,0,0,0,0,0,0,0,0,9.658900763810806,2895.665601560919,-1,-1
1810,5121,25.0000000016818,0,0,0,0,0,0,0,0,0,1.009513599022515,302.644563235386,-1,-1
1811,5539,25,0,0,0,0,0,0,0,0,0,9.906325253425553,2969.841597471919,-1,-1
1812,5333,24.99999999999996,0,0,0,0,0,0,0,0,0,2.654090971726287,795.6764561694321,-1,-1
1813,5339,25.00000000062607,0,0,0,0,0,0,0,0,0,4.349051215879521,1303.81275397641,-1,-1
1814,5728,24.99999999999999,0,0,0,0,0,0,0,0,0,3.866567611702347,1159.167808335436,-1,-1
1815,5434,25,0,0,0,0,0,0,0,0,0,4.140112585158022,1241.174528301258,-1,-1
1816,5189,25.00000000089347,0,0,0,0,0,0,0,0,0,3.263941531743328,978.5050545696174,-1,-1
1817,5669,25,0,0,0,0,0,0,0,0,0,3.611869400001559,1082.811205401452,-1,-1
1818,5760,25.00000000036566,0,0,0,0,0,0,0,0,0,4.026847787697584,1207.218596265721,-1,-1
1819,5458,25,0,0,0,0,0,0,0,0,0,3.661607843743381,1097.722415707908,-1,-1
1820,5322,25.00000000134591,0,0,0,0,0,0,0,0,0,1.742084136632293,522.2636853638031,-1,-1
1821,5457,25.00000000038585,0,0,0,0,0,0,0,0,0,0.06293403255827447,18.86714831249713,-1,-1
1822,5451,24.99999999999999,0,0,0,0,0,0,0,0,0,4.445745874095422,1332.801083238425,-1,-1
1823,5451,25.0000000004924,0,0,0,0,0,0,0,0,0,6.453834288686982,1934.810844930152,-1,-1
1824,5843,24.99999999999996,0,0,0,0,0,0,0,0,0,3.737537703567752,1120.485615020252,-1,-1
1825,5618,25.00000000000001,0,0,0,0,0,0,0,0,0,2.282894480953223,684.3945477996009,-1,-1
1826,481,17.83914666557388,1,0,0,0,0,0,0,0,1,3.214753660864478,963.7589018550602,-1,-1
1827,5760,24.99999999999295,0,0,0,0,0,0,0,0,0,3.489612064937351,1046.159378414024,-1,-1
1828,4833,25.00000000086195,0,0,0,0,0,0,0,0,0,0.5784578973850529,173.4173149065768,-1,-1
1829,5690,24.99999999999999,0,0,0,0,0,0,0,0,0,5.211500826251046,1562.368642570832,-1,-1
1830,4845,25.00000000098969,0,0,0,0,0,0,0,0,0,0.3953438377659739,118.5211008790146,-1,-1
1831,4643,25.00000000153381,0,0,0,0,0,0,0,0,0,0.7015870658259519,210.3305109649699,-1,-1
1832,5521,24.99999999999995,0,0,0,0,0,0,0,0,0,5.011970472853251,1502.550947480099,-1,-1
1833,5346,24.99999999999999,0,0,0,0,0,0,0,0,0,2.895834792349346,868.1494303603301,-1,-1
1834,5524,25.00000000000001,0,0,0,0,0,0,0,0,0,7.020074157118825,2104.565286904931,-1,-1
1835,5362,24.99999999999997,0,0,0,0,0,0,0,0,0,5.968407764231021,1789.283633985102,-1,-1
1836,5780,25.00000000044903,0,0,0,0,0,0,0,0,0,0.279531509203105,83.80143823244849,-1,-1
1837,4787,25.0000000000832,0,0,0,0,0,0,0,0,0,2.370700251531394,710.7180555878149,-1,-1
1838,5601,25,0,0,0,0,0,0,0,0,0,9.232511034992534,2767.837176692536,-1,-1
1839,5482,25.00000000011055,0,0,0,0,0,0,0,0,0,0.5679283950656888,170.2606495247379,-1,-1
1840,4715,25.00000000125629,0,0,0,0,0,0,0,0,0,0.2088397168688136,62.60857204812569,-1,-1
1841,5362,25.00000000015815,0,0,0,0,0,0,0,0,0,1.971389799175951,591.0077935710849,-1,-1
1842,5839,24.99999999999997,0,0,0,0,0,0,0,0,0,4.646363088889744,1392.944611178728,-1,-1
1843,5843,25,0,0,0,0,0,0,0,0,0,4.178553574538668,1252.698846995634,-1,-1
1844,5483,25,0,0,0,0,0,0,0,0,0,6.411945026725976,1922.252760123056,-1,-1
1845,5661,25.00000000041938,0,0,0,0,0,0,0,0,0,0.06220334856905549,18.64809476334793,-1,-1
1846,5247,25.00000000048538,0,0,0,0,0,0,0,0,0,3.127575008037149,937.6233992388268,-1,-1
1847,5458,24.99999999999995,0,0,0,0,0,0,0,0,0,1.589323076837467,476.467071761227,-1,-1
1848,5242,25.00000000000002,0,0,0,0,0,0,0,0,0,0.08054257346905956,24.14605607393495,-1,-1
1849,4888,25.00000000002136,0,0,0,0,0,0,0,0,0,2.549324662137009,764.2683067020736,-1,-1
1850,5176,24.99999999998407,0,0,0,0,1,0,0,0,0,0.3296412985488449,98.82397515027006,-1,-1
1851,5879,25,0,0,0,0,0,0,0,0,0,4.602035457995103,1379.655521755508,-1,-1
1852,5225,25.00000000024855,0,0,0,0,0,0,0,0,0,0.3675301204286553,110.1827581923426,-1,-1
1853,4766,24.99999999996185,0,0,0,0,0,0,0,0,0,4.301618696200785,1289.592842312789,-1,-1
1854,5056,25.00000000000001,0,0,0,0,0,0,0,0,0,12.9044676172397,3868.662066153694,-1,-1
1855,5307,25.0000000014339,0,0,0,0,0,0,0,0,0,1.185341780068643,355.356525816874,-1,-1
1856,5577,25.00000000043465,0,0,0,0,0,0,0,0,0,2.320886747176695,695.7843426757258,-1,-1
1857,5535,25.0000000002128,0,0,0,0,0,0,0,0,0,0.8551461513945872,256.3663666758234,-1,-1
1858,5216,24.99999999999998,0,0,0,0,0,0,0,0,0,1.611558172414365,483.1329857180904,-1,-1
1859,5462,25.00000000096427,0,0,0,0,0,0,0,0,0,0.5325652474028981,159.6590445642929,-1,-1
1860,5379,24.99999999999656,0,0,0,0,0,0,0,0,0,5.964027805697591,1787.970555450427,-1,-1
1861,5247,25.00000000078578,0,0,0,0,0,0,0,0,0,4.498629105733888,1348.655077238304,-1,-1
1862,4839,25.0000000008064,0,0,0,0,0,0,0,0,0,2.271288464118294,680.9151514850681,-1,-1
1863,5842,24.99999999999998,0,0,0,0,0,0,0,0,0,7.405798652677715,2220.20258153934,-1,-1
1864,5400,25.00000000000393,0,0,0,0,0,0,0,0,0,2.252759367255637,675.3602679920921,-1,-1
1865,5492,25,0,0,0,0,0,0,0,0,0,7.169991246959981,2149.509299764617,-1,-1
1866,5052,25.00000000147351,0,0,0,0,0,0,0,0,0,2.493641396267639,747.5748835576276,-1,-1
1867,5202,25.00000000093268,0,0,0,0,0,0,0,0,0,0.02455277002817348,7.360735277454858,-1,-1
1868,4945,24.99999999999996,0,0,0,0,0,0,0,0,0,7.867690175435357,2358.674176476217,-1,-1
1869,4997,25.00000000046096,0,0,0,0,0,0,0,0,0,2.651748490004624,794.9741978162748,-1,-1
1870,5279,25.00000000075164,0,0,0,0,0,0,0,0,0,3.23586652980348,970.0883807297156,-1,-1
1871,5422,25,0,0,0,0,0,0,0,0,0,4.027850479622235,1207.519195742429,-1,-1
1872,5364,24.99999999999999,0,0,0,0,0,0,0,0,0,4.293121202289108,1287.045357726167,-1,-1
1873,5213,25.00000000000001,0,0,0,0,0,0,0,0,0,3.553191758144038,1065.220090919343,-1,-1
1874,5513,25,0,0,0,0,0,0,0,0,0,8.234455193449497,2468.627562735091,-1,-1
1875,5784,25.00000000000001,0,0,0,0,0,0,0,0,0,4.536898806940417,1360.128045029935,-1,-1
1876,5162,25.00000000222287,0,0,0,0,0,0,0,0,0,0.7274694595730234,218.0898574053283,-1,-1
1877,5675,25.00000000149064,0,0,0,0,0,0,0,0,0,1.958623919526132,587.1806791323334,-1,-1
1878,5182,25.00000000112314,0,0,0,0,0,0,0,0,0,0.2095979555501339,62.83588628614938,-1,-1
1879,5458,24.99999999999998,0,0,0,0,0,0,0,0,0,8.058644237444819,2415.920764091118,-1,-1
1880,5518,24.99999999999998,0,0,0,0,0,0,0,0,0,6.955547334866671,2085.220632255028,-1,-1
1881,5465,25.00000000123471,0,0,0,0,0,0,0,0,0,0.9214896699633259,276.2556531799142,-1,-1
1882,5377,25.00000000092487,0,0,0,0,0,0,0,0,0,1.733283724793969,519.6253882673795,-1,-1
1883,4958,25.00000000000002,0,0,0,0,0,0,0,0,0,5.381471794103658,1613.324656812006,-1,-1
1884,5395,24.99999999984605,0,0,0,0,0,0,0,0,0,1.941001929779777,581.8977395114227,-1,-1
1885,5224,25.00000000000008,0,0,0,0,0,0,0,0,0,2.905070554837988,870.9182422983042,-1,-1
1886,5379,25.00000000000001,0,0,0,0,0,0,0,0,0,5.73999529982302,1720.807299842391,-1,-1
1887,5555,25,0,0,0,0,0,0,0,0,0,7.994321223967699,2396.637209774845,-1,-1
1888,5151,24.99999999999996,0,0,0,0,0,0,0,0,0,0.08544354043147746,25.61532900617501,-1,-1
1889,5378,25.00000000000002,0,0,0,0,0,0,0,0,0,4.258450627703633,1276.651380950915,-1,-1
1890,5738,25.00000000000001,0,0,0,0,0,0,0,0,0,8.992555899208837,2695.900436726217,-1,-1
1891,5048,25.00000000006129,0,0,0,0,0,0,0,0,0,1.842379742473016,552.3315515653925,-1,-1
1892,5427,25.00000000000002,0,0,0,0,0,0,0,0,0,8.101969766266576,2428.909430870743,-1,-1
1893,4583,24.99999999999995,0,0,0,0,0,0,0,0,0,1.326806498264788,397.7665814051736,-1,-1
1894,5040,24.99999999999995,0,0,0,0,0,0,0,0,0,0.1393696554343302,41.78197157327092,-1,-1
1895,5083,25.00000000012588,0,0,0,0,0,0,0,0,0,0.8550615736066258,256.3410108928783,-1,-1
1896,5436,25.00000000002725,0,0,0,0,0,0,0,0,0,1.599732392266601,479.5877060198244,-1,-1
1897,5308,24.99999999996521,0,0,0,0,1,0,0,0,0,2.50537429676389,751.0923186368681,-1,-1
1898,5548,25.00000000056663,0,0,0,0,0,0,0,0,0,0.3926680979829276,117.7189342724867,-1,-1
1899,5274,25.00000000027203,0,0,0,0,0,0,0,0,0,0.4249256347189651,127.3895004996087,-1,-1
1900,5183,25.00000000114103,0,0,0,0,0,0,0,0,0,1.969259883889388,590.3692610319944,-1,-1
1901,5058,25.00000000079218,0,0,0,0,0,0,0,0,0,2.405982185349715,721.2953132502025,-1,-1
1902,5364,25.00000000067009,0,0,0,0,0,0,0,0,0,2.348344273819755,704.0159020786496,-1,-1
1903,5800,24.99999999999999,0,0,0,0,0,0,0,0,0,8.138054146806654,2439.72725600826,-1,-1
1904,5833,25,0,0,0,0,0,0,0,0,0,1.66694427326634,499.7373210315397,-1,-1
1905,5534,25,0,0,0,0,0,0,0,0,0,3.788080538939641,1135.63797587068,-1,-1
1906,5314,25.00000000035645,0,0,0,0,0,0,0,0,0,0.1011190030889038,30.31471448653207,-1,-1
1907,5641,25.00000000056615,0,0,0,0,0,0,0,0,0,3.041777848879943,911.9020580056708,-1,-1
1908,5300,24.99999999999996,0,0,0,0,0,0,0,0,0,7.801988195942757,2338.977218548665,-1,-1
1909,5813,25.00000000007621,0,0,0,0,0,0,0,0,0,2.098899056000618,629.2341070923051,-1,-1
1910,4579,24.99999999999997,0,0,0,0,0,0,0,0,0,8.117458226576442,2433.552754457673,-1,-1
1911,5668,25.00000000000003,0,0,0,0,0,0,0,0,0,1.338558801162956,401.2898331781757,-1,-1
1912,5615,24.99999999999998,0,0,0,0,0,0,0,0,0,9.610806146580511,2881.247198044881,-1,-1
1913,5234,25.00000000035759,0,0,0,0,0,0,0,0,0,4.821655543573316,1445.49596703717,-1,-1
1914,0,2.039834174311467,1,0,0,1,6,0,0,0,1,0.5862375643854999,175.7496003990623,-1,-1
1915,5012,25.00000000038716,0,0,0,0,0,0,0,0,0,2.440297625180667,731.5828233044749,-1,-1
1916,4717,25.00000000047087,0,0,0,0,0,0,0,0,0,0.7026929134846567,210.6620357527466,-1,-1
1917,5630,25.00000000000001,0,0,0,0,0,0,0,0,0,8.936364870815941,2679.054790206762,-1,-1
1918,5165,24.99999999995651,0,0,0,0,0,0,0,0,0,0.2421240380582748,72.58696051037576,-1,-1
1919,5178,25.00000000047661,0,0,0,0,0,0,0,0,0,1.127901675780982,338.1364157646996,-1,-1
1920,5235,24.99999999984492,0,0,0,0,0,0,0,0,0,12.53676089747241,3758.426364811539,-1,-1
1921,5162,25.00000000014555,0,0,0,0,0,0,0,0,0,0.7224035316728205,216.5711304280757,-1,-1
1922,5295,25.00000000009871,0,0,0,0,0,0,0,0,0,4.63410938223869,1389.271042342199,-1,-1
1923,5181,25,0,0,0,0,0,0,0,0,0,2.527455601681077,757.7121273138387,-1,-1
1924,5434,25.00000000022888,0,0,0,0,0,0,0,0,0,1.37039810732675,410.8350170340343,-1,-1
1925,4997,24.99999999999999,0,0,0,0,0,0,0,0,0,11.04309284248759,3310.635947171562,-1,-1
1926,5682,25.0000000002937,0,0,0,0,0,0,0,0,0,0.4781523784476208,143.3464768333585,-1,-1
1927,5423,25.00000000018478,0,0,0,0,0,0,0,0,0,5.626369535867219,1686.743152773953,-1,-1
1928,5346,24.99999999999998,0,0,0,0,0,0,0,0,0,3.58741013965964,1075.478503622687,-1,-1
1929,5929,25.00000000117899,0,0,0,0,0,0,0,0,0,0.1682910591039489,50.45239026819613,-1,-1
1930,5557,25.00000000208316,0,0,0,0,0,0,0,0,0,1.068097850020323,320.2076798421079,-1,-1
1931,4762,25.00000000074982,0,0,0,0,0,0,0,0,0,0.7506118907664423,225.0277837368992,-1,-1
1932,4960,25.00000000029983,0,0,0,0,0,0,0,0,0,1.476218400600276,442.5591428607854,-1,-1
1933,5124,25.00000000179636,0,0,0,0,0,0,0,0,0,0.4093174620607331,122.7102880535089,-1,-1
1934,5666,25,0,0,0,0,0,0,0,0,0,3.931641420769744,1178.676445507173,-1,-1
1935,5090,25.00000000121659,0,0,0,0,0,0,0,0,0,0.2530666566106025,75.86747502313446,-1,-1
1936,5435,25.00000000120388,0,0,0,0,0,0,0,0,0,1.564815161948044,469.1197837160722,-1,-1
1937,5350,25.00000000000002,0,0,0,0,0,0,0,0,0,3.3790298923328,1013.007677077926,-1,-1
1938,4953,25.00000000005893,0,0,0,0,0,0,0,0,0,0.02682278733327995,8.041269345055261,-1,-1
1939,5168,24.99999999999999,0,0,0,0,0,0,0,0,0,4.772471409792003,1430.75093467627,-1,-1
1940,5389,25.00000000001046,0,0,0,0,0,0,0,0,0,15.00480538078457,4498.327486917034,-1,-1
1941,4955,25,0,0,0,0,0,0,0,0,0,7.605021305546836,2279.928030332255,-1,-1
1942,5272,25.00000000029437,0,0,0,0,0,0,0,0,0,1.459593170158761,437.5750241619071,-1,-1
1943,5279,25,0,0,0,0,0,0,0,0,0,7.526734559779428,2256.458254389823,-1,-1
1944,5150,25.00000000024399,0,0,0,0,0,0,0,0,0,3.224447438575212,966.6650233022669,-1,-1
1945,4977,24.99999999999999,0,0,0,0,0,0,0,0,0,2.757652013140337,826.7232753279899,-1,-1
1946,5590,25,0,0,0,0,0,0,0,0,0,4.33957254593285,1300.971120214527,-1,-1
1947,4818,24.99999999990902,0,0,0,0,0,0,0,0,0,11.82683812256112,3545.596871130704,-1,-1
1948,5219,25.00000000027692,0,0,0,0,0,0,0,0,0,2.761781299382589,827.9612042003401,-1,-1
1949,5751,25.00000000106175,0,0,0,0,0,0,0,0,0,4.254040495684553,1275.32925663281,-1,-1
1950,5296,25.00000000000001,0,0,0,0,0,0,0,0,0,3.082997694818131,924.2594569378616,-1,-1
1951,5213,24.99999999999851,0,0,0,0,1,0,0,0,0,0.4919034135239535,147.4689334389365,-1,-1
1952,5830,25,0,0,0,0,0,0,0,0,0,8.635733387163221,2588.927738770328,-1,-1
1953,5141,24.99999999999996,0,0,0,0,0,0,0,0,0,5.266522292848093,1578.863663284726,-1,-1
1954,5567,24.999999999884,0,0,0,0,0,0,0,0,0,3.690076580574343,1106.257128298617,-1,-1
1955,5183,24.99999999999999,0,0,0,0,0,0,0,0,0,2.610084049453546,782.4835127722722,-1,-1
1956,5661,25.00000000035302,0,0,0,0,0,0,0,0,0,0.2105317771757656,63.11583896663106,-1,-1
1957,5054,25.00000000036093,0,0,0,0,0,0,0,0,0,0.3481035207989752,104.3588101387789,-1,-1
1958,5568,25.00000000000002,0,0,0,0,0,0,0,0,0,5.507476781292357,1651.100001641565,-1,-1
1959,5333,24.99999999992838,0,0,0,0,0,0,0,0,0,7.340333418085777,2200.576597947477,-1,-1
1960,5618,25.00000000000005,0,0,0,0,0,0,0,0,0,7.503965681587442,2249.632316430745,-1,-1
1961,5489,25.00000000112291,0,0,0,0,0,0,0,0,0,0.9819859290967231,294.3919754053204,-1,-1
1962,0,10.56553464996341,1,0,0,0,0,0,0,0,1,0.3619864519130289,108.5208081817057,-1,-1
1963,5010,25.0000000000095,0,0,0,0,0,0,0,0,0,4.40346593874151,1320.125877494595,-1,-1
1964,5408,25.00000000007748,0,0,0,0,0,0,0,0,0,1.023835791841762,306.9382486246182,-1,-1
1965,5708,24.99999999999996,0,0,0,0,0,0,0,0,0,7.111799091729461,2132.063730511743,-1,-1
1966,5686,25,0,0,0,0,0,0,0,0,0,6.215029309481624,1863.218913231539,-1,-1
1967,5049,24.99999999979018,0,0,0,0,0,0,0,0,0,0.5406958521672935,162.0965385516376,-1,-1
1968,5473,25.00000000059484,0,0,0,0,0,0,0,0,0,0.8651467384823904,259.364467260319,-1,-1
1969,4643,24.99999999999999,0,0,0,0,0,0,0,0,0,5.418122302969788,1624.312202951934,-1,-1
1970,5417,25.0000000007121,0,0,0,0,0,0,0,0,0,1.582751806387518,474.4970544408542,-1,-1
1971,5443,25,0,0,0,0,0,0,0,0,0,5.508070896357657,1651.278112857325,-1,-1
1972,5071,25.0000000005119,0,0,0,0,0,0,0,0,0,1.193277317789582,357.735540175786,-1,-1
1973,4860,25.00000000000002,0,0,0,0,0,0,0,0,0,4.872329029372283,1460.687495900271,-1,-1
1974,5309,25.00000000087495,0,0,0,0,0,0,0,0,0,1.270949714963814,381.0211390434013,-1,-1
1975,5828,25.00000000000002,0,0,0,0,0,0,0,0,0,5.330763571511624,1598.122714120329,-1,-1
1976,5204,25,0,0,0,0,0,0,0,0,0,3.159998469433008,947.3437084275597,-1,-1
1977,5184,25.00000000000004,0,0,0,0,0,0,0,0,0,11.93354787317378,3577.587649559439,-1,-1
1978,5367,25,0,0,0,0,0,0,0,0,0,4.834612723254265,1449.38043178247,-1,-1
1979,5606,24.99999999999996,0,0,0,0,0,0,0,0,0,0.3006729318164093,90.13947728330774,-1,-1
1980,5526,24.99999999999999,0,0,0,0,0,0,0,0,0,5.313418492138624,1592.922790140892,-1,-1
1981,4661,25.00000000000002,0,0,0,0,0,0,0,0,0,3.01759317539481,904.6516752956348,-1,-1
1982,4303,24.99999999999464,0,0,0,0,0,0,0,0,0,8.121203763399379,2434.675638148349,-1,-1
1983,5649,25.00000000000001,0,0,0,0,0,0,0,0,0,4.6960423638224,1407.838083122448,-1,-1
1984,5345,24.99999999999999,0,0,0,0,0,0,0,0,0,8.242639015761837,2471.081010941942,-1,-1
1985,5221,25.00000000152163,0,0,0,0,0,0,0,0,0,5.437147108751557,1630.015696240223,-1,-1
1986,5137,25.00000000028442,0,0,0,0,0,0,0,0,0,1.860360604936073,557.7220785201523,-1,-1
1987,5137,24.99999999979769,0,0,0,0,0,0,0,0,0,2.657389410233809,796.6653031571642,-1,-1
1988,5240,25,0,0,0,0,0,0,0,0,0,15.25459782367076,4573.213377359708,-1,-1
1989,5177,25.00000000069537,0,0,0,0,0,0,0,0,0,6.445993165734701,1932.460135406807,-1,-1
1990,5237,25.00000000061342,0,0,0,0,0,0,0,0,0,7.105492129141164,2130.172950694883,-1,-1
1991,5122,25,0,0,0,0,0,0,0,0,0,11.64607450378601,3491.405301541139,-1,-1
1992,1223,12.87853019920627,1,0,0,0,1,0,0,0,1,0.7318823092887156,219.4127964683803,-1,-1
1993,5641,25.00000000000001,0,0,0,0,0,0,0,0,0,7.997283590450293,2397.525304904158,-1,-1
1994,5085,25,0,0,0,0,0,0,0,0,0,2.005723348543699,601.3007327279063,-1,-1
1995,5187,25.00000000038127,0,0,0,0,0,0,0,0,0,4.034367711201169,1209.473012616832,-1,-1
1996,5644,24.99999999988376,0,0,0,0,0,0,0,0,0,1.440701932105393,431.9115734712248,-1,-1
1997,5381,25.00000000036358,0,0,0,0,0,0,0,0,0,0.05708237448893959,17.11286535651569,-1,-1
1998,5238,25.00000000000001,0,0,0,0,0,0,0,0,0,7.261439015658102,2176.924651121243,-1,-1
1999,4998,25.00000000054041,0,0,0,0,0,0,0,0,0,0.3396440726430383,101.822731382787,-1,-1
