event,photons,edep_MeV,gamma_nuclear,electron_nuclear,muon_nuclear,neutrons,protons,charged_pions,secondary_muons,primary_decay_e,primary_nuclear,primary_death_ns,primary_range_mm,primary_stop_ns,primary_decay_e_ke_MeV,target_z,endpoint_decay,endpoint_capture,endpoint_time_ns,pion_captures,pion_hydrogen,pion_pi0,pion_hard_gamma
0,19785,233.1509595427254,0,0,0,2,14,0,0,0,0,3.100885592729857,761.5698328105498,3.100885592729857,-1,8,0,1,1270.32784332811,0,0,0,0
1,22598,213.5708652605119,0,0,0,0,0,0,0,1,0,3.229125451726875,791.6698883637212,3.229125451726875,13.39786526051112,8,1,0,1282.877095119051,0,0,0,0
2,28237,239.630449285549,0,0,0,0,0,0,0,1,0,3.155896891937041,775.885541678514,3.155896891937041,39.45744928554855,8,1,0,1291.557732612745,0,0,0,0
3,31393,249.2560775677726,0,0,0,0,0,0,0,1,0,3.052541264733411,746.2952084916849,3.052541264733411,49.08307756777253,8,1,0,2440.953952027186,0,0,0,0
4,27379,231.7744936146914,0,0,0,0,0,0,0,1,0,3.345350433577746,824.0816552000475,3.345350433577746,31.60149361469121,8,1,0,1281.562611757063,0,0,0,0
5,29606,247.161021590206,0,0,0,0,0,0,0,1,0,3.241088550032538,793.6469106455664,3.241088550032538,46.98802159020581,8,1,0,755.9260346190848,0,0,0,0
6,28237,239.0357511832171,0,0,0,0,0,0,0,1,0,3.149659067779635,771.3245334294089,3.149659067779635,38.86275118321731,8,1,0,3303.010180248932,0,0,0,0
7,23004,215.0026866493993,0,0,0,0,0,0,0,1,0,3.121961019964628,760.4000919771768,3.121961019964628,14.82968664939942,8,1,0,776.6868214507695,0,0,0,0
8,29205,241.7992829319064,0,0,0,0,0,0,0,1,0,3.292819142197605,807.1347806863771,3.292819142197605,41.62628293190569,8,1,0,4659.64802019128,0,0,0,0
9,29787,244.8117038429324,0,0,0,0,0,0,0,1,0,3.248884439626064,796.658796247403,3.248884439626064,44.63870384293286,8,1,0,3196.125829726426,0,0,0,0
10,26452,234.3243114190842,0,0,0,0,0,0,0,1,0,3.189036364323505,780.4363575309637,3.189036364323505,34.15131141908436,8,1,0,1109.068692942919,0,0,0,0
11,23649,218.1084395773093,0,0,0,0,0,0,0,1,0,3.100698167974744,756.6765025521283,3.100698167974744,17.93543957730954,8,1,0,145.0444591536389,0,0,0,0
12,26567,231.459385110583,0,0,0,0,0,0,0,1,0,3.2310616124363,792.3234959876438,3.2310616124363,31.28638511058238,8,1,0,770.3536509657803,0,0,0,0
13,25775,232.815214283121,0,0,0,0,0,0,0,1,0,3.102332958529119,758.3183309823686,3.102332958529119,32.64221428312116,8,1,0,1436.882421489458,0,0,0,0
14,26080,232.2138174895392,0,0,0,0,0,0,0,1,0,3.17384382467331,775.9869039955481,3.17384382467331,32.04081748953944,8,1,0,1192.489454796564,0,0,0,0
15,26320,232.1688493012022,0,0,0,0,0,0,0,1,0,3.19227383984854,781.0763454209208,3.19227383984854,31.99584930120185,8,1,0,3345.196034072683,0,0,0,0
16,20697,212.1969288360638,0,0,0,1,4,0,0,0,0,3.333611852175334,819.7976044241811,3.333611852175334,-1,8,0,1,255.7464389889389,0,0,0,0
17,29611,245.6923751898033,0,0,0,0,0,0,0,1,0,3.205628715067121,785.3056513696188,3.205628715067121,45.51937518981812,8,1,0,379.7909236741804,0,0,0,0
18,31245,250.005577835377,0,0,0,0,0,0,0,1,0,3.2030110234785,784.597754299073,3.2030110234785,49.83257783537609,8,1,0,2231.952990881411,0,0,0,0
19,24164,227.9784496776673,0,0,0,0,0,0,0,1,0,3.287839313227415,805.5537713933188,3.287839313227415,27.80544967766463,8,1,0,1325.987105966836,0,0,0,0
20,27505,236.7702158974107,0,0,0,0,0,0,0,1,0,3.139911069301786,767.125599296205,3.139911069301786,36.59721589741083,8,1,0,1011.138372230591,0,0,0,0
21,27157,233.6599020919028,0,0,0,0,0,0,0,1,0,3.114246660388363,759.412388871293,3.114246660388363,33.4869020919022,8,1,0,908.7645340485576,0,0,0,0
22,25706,226.0728532363514,0,0,0,0,0,0,0,1,0,3.255488082219467,800.4513089630573,3.255488082219467,25.89985323635138,8,1,0,3785.179163659175,0,0,0,0
23,26694,233.1234939488736,0,0,0,0,0,0,0,1,0,3.113694329562881,762.3468327638341,3.113694329562881,32.95049394887224,8,1,0,987.7798511357322,0,0,0,0
24,21773,237.2404070431145,0,0,0,4,30,0,0,0,0,3.288439695564672,808.1414646447502,3.288439695564672,-1,8,0,1,1293.783726560027,0,0,0,0
25,30214,252.7984914524209,0,0,0,0,0,0,0,1,0,3.282284572397758,803.9553294710672,3.282284572397758,52.6254914524042,8,1,0,4577.337690983159,0,0,0,0
26,19873,208.1649625412632,0,0,0,1,8,0,0,0,0,3.141399850797689,769.214525073834,3.141399850797689,-1,8,0,1,2182.217046490871,0,0,0,0
27,30614,249.5215170177201,0,0,0,0,0,0,0,1,0,3.339382605772632,821.7042423197536,3.339382605772632,49.34851701772082,8,1,0,287.5554030108066,0,0,0,0
28,20902,216.5794522608701,0,0,0,2,2,0,0,0,0,3.286981373148617,806.9291627602828,3.286981373148617,-1,8,0,1,330.9329929612016,0,0,0,0
29,19331,242.6497826501986,0,0,0,3,20,0,0,0,0,3.128716420413485,763.610385442402,3.128716420413485,-1,8,0,1,364.6223164745559,0,0,0,0
30,19671,201.6932991592576,0,0,0,1,4,0,0,0,0,3.216586486186492,788.8830567345324,3.216586486186492,-1,8,0,1,342.2254365174693,0,0,0,0
31,19879,202.0383780195391,0,0,0,0,0,0,0,0,0,3.352911811667403,824.4698620066475,3.352911811667403,-1,8,0,1,732.091476610036,0,0,0,0
32,28723,241.4516373068506,0,0,0,0,0,0,0,1,0,3.183147341535472,781.1042585129464,3.183147341535472,41.27863730685086,8,1,0,523.65999642842,0,0,0,0
33,27512,236.0893902352142,0,0,0,0,0,0,0,1,0,3.227044104708479,790.938341992459,3.227044104708479,35.9163902352139,8,1,0,825.2563803806195,0,0,0,0
34,20587,258.0033519783132,0,0,0,3,16,0,0,0,0,3.289914052744713,806.8066414976212,3.289914052744713,-1,8,0,1,9001.232288383399,0,0,0,0
35,31312,249.8439044098108,0,0,0,0,0,0,0,1,0,3.124081161388113,766.6844221900102,3.124081161388113,49.67090440981097,8,1,0,1187.419562394532,0,0,0,0
36,24602,220.7020576204937,0,0,0,0,0,0,0,1,0,3.323190712886745,817.6128715650727,3.323190712886745,20.52905762049351,8,1,0,1478.800513623791,0,0,0,0
37,29208,247.1254974658931,0,0,0,0,0,0,0,1,0,3.112143363868494,759.9911396505835,3.112143363868494,46.95249746589261,8,1,0,267.137430160031,0,0,0,0
38,28629,236.5246885960136,0,0,0,0,0,0,0,1,0,3.144783838672818,771.6077847864101,3.144783838672818,36.35168859601347,8,1,0,5923.738931553438,0,0,0,0
39,27183,231.4407350334142,0,0,0,0,0,0,0,1,0,3.271771342579921,803.1974272471431,3.271771342579921,31.2677350334142,8,1,0,1238.669626563363,0,0,0,0
40,28016,238.3778309505535,0,0,0,0,0,0,0,1,0,3.12333702519627,765.9271644402855,3.12333702519627,38.20483095055294,8,1,0,1612.413366661563,0,0,0,0
41,26190,226.5404422702969,0,0,0,0,0,0,0,1,0,3.286393040231086,807.2852283831056,3.286393040231086,26.36744227029676,8,1,0,161.7245574414534,0,0,0,0
42,19928,200.1729999999999,0,0,0,0,0,0,0,0,0,3.257785727042265,797.6653013607552,3.257785727042265,-1,8,1,0,10073.52404889162,0,0,0,0
43,26452,231.823574720199,0,0,0,0,0,0,0,1,0,3.13313129295345,767.4626442744247,3.13313129295345,31.65057472019863,8,1,0,180.2916926741025,0,0,0,0
44,29887,244.0135763976907,0,0,0,0,0,0,0,1,0,3.292101217735681,806.5675053673236,3.292101217735681,43.84057639769043,8,1,0,222.0813005727165,0,0,0,0
45,28109,234.8363525379332,0,0,0,0,0,0,0,1,0,3.270716430062858,801.8040023580423,3.270716430062858,34.66335253793308,8,1,0,164.0816349247608,0,0,0,0
46,24698,223.6306222864139,0,0,0,0,0,0,0,1,0,3.252997478764278,798.4300316926563,3.252997478764278,23.45762228641406,8,1,0,1962.868277788398,0,0,0,0
47,28345,241.7081956777503,0,0,0,0,0,0,0,1,0,3.180927238468385,780.7275066062513,3.180927238468385,41.53519567775031,8,1,0,157.5490632849064,0,0,0,0
48,25134,224.8323729677574,0,0,0,0,0,0,0,1,0,3.167905293339368,774.9463190515748,3.167905293339368,24.65937296775734,8,1,0,53.07944880805996,0,0,0,0
49,30267,247.027613572951,0,0,0,0,0,0,0,1,0,3.285886522495852,809.6137530715722,3.285886522495852,46.85461357294813,8,1,0,390.8296765649362,0,0,0,0
50,25199,222.7443976329761,0,0,0,0,0,0,0,1,0,3.321547872622198,817.9769638544374,3.321547872622198,22.57139763297627,8,1,0,3839.641850610442,0,0,0,0
51,26508,235.4403478716091,0,0,0,0,0,0,0,1,0,3.235486121888896,792.9297846047392,3.235486121888896,35.26734787160903,8,1,0,1254.335944522334,0,0,0,0
52,28314,237.6069377262212,0,0,0,0,0,0,0,1,0,3.146165760172736,769.5557763495053,3.146165760172736,37.43393772622058,8,1,0,2507.140013298709,0,0,0,0
53,23815,223.0182874359262,0,0,0,0,0,0,0,1,0,3.253228052977247,796.2353583864369,3.253228052977247,22.84528743592576,8,1,0,6879.984675670829,0,0,0,0
54,26745,225.2149354759994,0,0,0,0,0,0,0,1,0,3.159291292049436,772.0566332165222,3.159291292049436,25.04193547599962,8,1,0,5225.352371303364,0,0,0,0
55,26227,230.8168932888119,0,0,0,0,0,0,0,1,0,3.283348601644291,805.1438565721392,3.283348601644291,30.64389328881218,8,1,0,1594.540746426699,0,0,0,0
56,28611,243.9270567561787,0,0,0,0,0,0,0,1,0,3.18374353944858,778.5381029623743,3.18374353944858,43.754056756179,8,1,0,440.9381240337181,0,0,0,0
57,29814,246.2077912038477,0,0,0,0,0,0,0,1,0,3.179614509358433,779.3678076006605,3.179614509358433,46.03479120384736,8,1,0,1819.325926579035,0,0,0,0
58,25753,228.3137255862105,0,0,0,0,0,0,0,1,0,3.184187543952079,782.5175221012327,3.184187543952079,28.1407255862099,8,1,0,49.79522126645511,0,0,0,0
59,30201,251.5484490658542,0,0,0,0,0,0,0,1,0,3.175719568340333,778.1230967203144,3.175719568340333,51.37544906599097,8,1,0,189.9757078197666,0,0,0,0
60,29418,242.7415815646249,0,0,0,0,0,0,0,1,0,3.293054240558274,809.2649594117642,3.293054240558274,42.56858156462427,8,1,0,2758.504646069468,0,0,0,0
61,25279,226.3359408004777,0,0,0,0,0,0,0,1,0,3.221822458233928,787.0340441152158,3.221822458233928,26.16294080047738,8,1,0,1933.434396855036,0,0,0,0
62,27742,238.6393929054165,0,0,0,0,0,0,0,1,0,3.19970790746384,785.9290896387024,3.19970790746384,38.46639290541665,8,1,0,1487.370909422104,0,0,0,0
63,20796,255.7550763482547,0,0,0,2,20,0,0,0,0,3.187719781516175,778.286463802554,3.187719781516175,-1,8,0,1,790.7104911641862,0,0,0,0
64,23949,219.6028757956674,0,0,0,0,0,0,0,1,0,3.216954956933203,789.694390617641,3.216954956933203,19.42987579566696,8,1,0,4442.207066198641,0,0,0,0
65,26215,233.4926031140514,0,0,0,0,0,0,0,1,0,3.245107492170581,798.2812563269044,3.245107492170581,33.31960311418367,8,1,0,4268.954419468804,0,0,0,0
66,25535,223.9325707097537,0,0,0,0,0,0,0,1,0,3.329961095732733,819.50435693175,3.329961095732733,23.75957070975441,8,1,0,55.20002212413578,0,0,0,0
67,26042,227.5870392772349,0,0,0,0,0,0,0,1,0,3.278521170319932,806.0031502561134,3.278521170319932,27.4140392772346,8,1,0,777.217130347233,0,0,0,0
68,27603,238.4876005674018,0,0,0,0,0,0,0,1,0,3.264111792237456,800.4910747975334,3.264111792237456,38.3146005674017,8,1,0,919.2386239605438,0,0,0,0
69,27299,235.9641377365206,0,0,0,0,0,0,0,1,0,3.110274294964764,759.9967814726082,3.110274294964764,35.79113773652025,8,1,0,623.3869064611649,0,0,0,0
70,29009,235.6859809824178,0,0,0,0,0,0,0,1,0,3.238490687256523,795.6790080071711,3.238490687256523,35.51298098241692,8,1,0,4047.806594094296,0,0,0,0
71,25771,228.6357639086164,0,0,0,0,0,0,0,1,0,3.169957757173708,774.3744653083869,3.169957757173708,28.46276390861596,8,1,0,4993.540445550042,0,0,0,0
72,21640,232.2509663421934,0,0,0,2,15,0,0,0,0,3.228601272221039,794.2462996488101,3.228601272221039,-1,8,0,1,1212.856267850326,0,0,0,0
73,28254,239.0022889297297,0,0,0,0,0,0,0,1,0,3.261774894609316,798.1303485150528,3.261774894609316,38.82928892972956,8,1,0,1273.014607380922,0,0,0,0
74,26046,230.7476755043196,0,0,0,0,0,0,0,1,0,3.075459505433679,751.3237884275184,3.075459505433679,30.57467550431946,8,1,0,3515.518646027135,0,0,0,0
75,30793,249.2463155559496,0,0,0,0,0,0,0,1,0,3.327648847561554,817.4782743107836,3.327648847561554,49.07331555594865,8,1,0,1732.269177324288,0,0,0,0
76,30379,242.7378208133284,0,0,0,0,0,0,0,1,0,3.210775765408912,786.891477132525,3.210775765408912,42.56482081332893,8,1,0,3351.162537971185,0,0,0,0
77,24728,219.8456272897992,0,0,0,0,0,0,0,1,0,3.12087239762935,764.1173879515414,3.12087239762935,19.67262728979882,8,1,0,1465.552239449066,0,0,0,0
78,26257,229.6472940150368,0,0,0,0,0,0,0,1,0,3.368332902801408,827.869436479251,3.368332902801408,29.47429401492949,8,1,0,101.4551263854172,0,0,0,0
79,29721,239.8131338927224,0,0,0,0,0,0,0,1,0,3.243383308120863,798.392879385285,3.243383308120863,39.64013389272226,8,1,0,1175.984255415049,0,0,0,0
80,27934,236.8529037501106,0,0,0,0,0,0,0,1,0,3.015617938157463,734.2582399117408,3.015617938157463,36.6799037501105,8,1,0,1731.894382297481,0,0,0,0
81,26933,237.2132414201047,0,0,0,0,0,0,0,1,0,2.995943746432264,729.716315645926,2.995943746432264,37.04024142010041,8,1,0,970.6287993498909,0,0,0,0
82,28800,242.8909306532238,0,0,0,0,0,0,0,1,0,3.221536030339776,791.350114430914,3.221536030339776,42.71793065408222,8,1,0,1740.23342944706,0,0,0,0
83,20083,240.3492780159342,0,0,0,3,26,0,0,0,0,3.200535662305949,785.8347906373265,3.200535662305949,-1,8,0,1,1605.2726098034,0,0,0,0
84,28642,238.3439033591761,0,0,0,0,0,0,0,1,0,3.199114411910352,782.945963351843,3.199114411910352,38.17090335917599,8,1,0,1169.217968910124,0,0,0,0
85,31132,251.5509499329522,0,0,0,0,0,0,0,1,0,3.25930553996744,796.7623351620637,3.25930553996744,51.37794993295198,8,1,0,1047.406500520129,0,0,0,0
86,30669,247.3544485025229,0,0,0,0,0,0,0,1,0,3.22292411224334,792.5831625368062,3.22292411224334,47.18144850252271,8,1,0,124.0361522114082,0,0,0,0
87,26891,232.0067191937229,0,0,0,0,0,0,0,1,0,3.239480218011686,795.7181419950548,3.239480218011686,31.83371919372348,8,1,0,4532.858547830288,0,0,0,0
88,25434,224.2270093065233,0,0,0,0,0,0,0,1,0,3.180711142490856,780.6908226430936,3.180711142490856,24.0540093065234,8,1,0,689.6272614079113,0,0,0,0
89,19318,231.5914260385099,0,0,0,2,20,0,0,0,0,3.19669458408999,785.379410025838,3.19669458408999,-1,8,0,1,5649.579555381431,0,0,0,0
90,24963,223.9193542688961,0,0,0,0,0,0,0,1,0,3.127976581593865,767.3399287533847,3.127976581593865,23.74635426889611,8,1,0,693.7124103823542,0,0,0,0
91,25342,226.5933392682618,0,0,0,0,0,0,0,1,0,3.270501156490477,802.5224100879524,3.270501156490477,26.42033926826143,8,1,0,9618.721808487502,0,0,0,0
92,25272,227.6576669385559,0,0,0,0,0,0,0,1,0,3.18636109956363,777.3691819272855,3.18636109956363,27.4846669385558,8,1,0,1668.971598577329,0,0,0,0
93,30250,247.118671283104,0,0,0,0,0,0,0,1,0,3.262407666697338,801.6696747195582,3.262407666697338,46.94567128310425,8,1,0,3425.770502978872,0,0,0,0
94,26073,229.0239518207578,0,0,0,0,0,0,0,1,0,3.199145074043892,783.5064671524143,3.199145074043892,28.85095182075743,8,1,0,1692.603106746888,0,0,0,0
95,20129,201.7023165397798,0,0,0,0,0,0,0,0,0,3.353416525092261,824.8986608467526,3.353416525092261,-1,8,0,1,7626.231081694093,0,0,0,0
96,25616,228.5156676432446,0,0,0,0,0,0,0,1,0,3.254045819351472,797.4169791660671,3.254045819351472,28.34266764324541,8,1,0,693.3585146358949,0,0,0,0
97,26062,227.4405116516631,0,0,0,0,0,0,0,1,0,3.191995451218713,783.6631678557657,3.191995451218713,27.26751165166245,8,1,0,560.6065094595579,0,0,0,0
98,25353,226.7898750530582,0,0,0,0,0,0,0,1,0,3.266379471086473,802.4218282476305,3.266379471086473,26.61687505305791,8,1,0,2463.511242209971,0,0,0,0
99,27031,233.6630616655751,0,0,0,0,0,0,0,1,0,3.249257104785471,792.7850849716708,3.249257104785471,33.49006166557497,8,1,0,2240.753482647734,0,0,0,0
100,28430,236.7334027109454,0,0,0,0,0,0,0,1,0,3.143568852713007,770.9506194619248,3.143568852713007,36.56040271094525,8,1,0,872.2695252006806,0,0,0,0
101,26559,238.7962706052666,0,0,0,0,0,0,0,1,0,3.117029889757523,760.5889536283745,3.117029889757523,38.62327060632187,8,1,0,719.2625382418287,0,0,0,0
102,30270,249.5903825044893,0,0,0,0,0,0,0,1,0,3.304056118004935,809.3235545620668,3.304056118004935,49.41738250448901,8,1,0,185.5663521706294,0,0,0,0
103,27036,232.7182832716157,0,0,0,0,0,0,0,1,0,3.208112501694147,786.8196079393902,3.208112501694147,32.54528327161642,8,1,0,2141.414704702361,0,0,0,0
104,28736,242.8061426816296,0,0,0,0,0,0,0,1,0,3.242585110703154,794.9754144161668,3.242585110703154,42.63314268162902,8,1,0,3849.792666736239,0,0,0,0
105,23262,214.4856962779161,0,0,0,0,0,0,0,1,0,3.35641858761344,825.1884532581249,3.35641858761344,14.31269627791556,8,1,0,2924.690628157822,0,0,0,0
106,19543,233.3440315581256,0,0,0,3,25,0,0,0,0,3.22098978086089,789.7366034425223,3.22098978086089,-1,8,0,1,506.0238601680629,0,0,0,0
107,26456,230.4279317252603,0,0,0,0,0,0,0,1,0,3.274149952594601,804.5302329181968,3.274149952594601,30.25493172526102,8,1,0,2765.791309187056,0,0,0,0
108,23939,220.1481540128036,0,0,0,0,0,0,0,1,0,3.152673819142855,771.1665774027337,3.152673819142855,19.97515401280316,8,1,0,633.5257699235902,0,0,0,0
109,19009,202.3183066106414,0,0,0,0,0,0,0,0,0,3.135006780178649,766.2111653880399,3.135006780178649,-1,8,0,1,3674.523140714517,0,0,0,0
110,27165,233.8827104833541,0,0,0,0,0,0,0,1,0,3.115045648322854,760.7516532740786,3.115045648322854,33.7097104833547,8,1,0,3935.517289270874,0,0,0,0
111,28067,237.4527446198926,0,0,0,0,0,0,0,1,0,3.15503496218248,772.4309414679208,3.15503496218248,37.27974461989271,8,1,0,86.93828695797968,0,0,0,0
112,18964,207.1511288852988,0,0,0,1,7,0,0,0,0,3.231265030170137,790.738730633695,3.231265030170137,-1,8,0,1,940.2505668448724,0,0,0,0
113,30643,248.7587459037008,0,0,0,0,0,0,0,1,0,3.157902267518037,770.3856397910085,3.157902267518037,48.58574590370075,8,1,0,816.5717072748336,0,0,0,0
114,31055,249.4675259076018,0,0,0,0,0,0,0,1,0,3.273153755208301,803.2522430878436,3.273153755208301,49.29452590760145,8,1,0,4412.17737796697,0,0,0,0
115,25452,227.42433161504,0,0,0,0,0,0,0,1,0,3.298999367131072,809.6484110077874,3.298999367131072,27.25133161504018,8,1,0,1253.424146569471,0,0,0,0
116,28578,237.7359112724007,0,0,0,0,0,0,0,1,0,3.278939995192545,804.2976820230006,3.278939995192545,37.56291127240101,8,1,0,647.3269034452313,0,0,0,0
117,29129,243.7046405720808,0,0,0,0,0,0,0,1,0,3.321974176185245,817.1795418136403,3.321974176185245,43.53164057208049,8,1,0,2835.958846197011,0,0,0,0
118,19671,202.7152102420254,0,0,0,0,0,0,0,0,0,3.206006346834288,787.7306583802571,3.206006346834288,-1,8,0,1,2971.674773509246,0,0,0,0
119,22833,258.4824455946114,0,0,0,4,28,0,0,0,0,3.243282087496323,794.5600894911182,3.243282087496323,-1,8,0,1,2159.472627614206,0,0,0,0
120,31418,249.2278295797222,0,0,0,0,0,0,0,1,0,3.240406736884151,795.2665194813716,3.240406736884151,49.05482957972261,8,1,0,376.9500174937188,0,0,0,0
121,22482,233.1820669203996,0,0,0,4,13,0,0,0,0,3.230328641310253,794.2801409025145,3.230328641310253,-1,8,0,1,258.3854184076216,0,0,0,0
122,29911,243.5005443802542,0,0,0,0,0,0,0,1,0,3.165735212731369,776.2283097889591,3.165735212731369,43.32754438025367,8,1,0,2159.990321316925,0,0,0,0
123,20922,224.2050443646787,0,0,0,2,17,0,0,0,0,3.322125722547806,815.9381799236638,3.322125722547806,-1,8,0,1,371.7115625145849,0,0,0,0
124,20611,209.0721882312644,0,0,0,2,10,0,0,0,0,3.191253410162198,785.0012475197674,3.191253410162198,-1,8,0,1,840.0635238059351,0,0,0,0
125,25969,228.525034163798,0,0,0,0,0,0,0,1,0,3.187005235104575,781.746938595376,3.187005235104575,28.35203416379768,8,1,0,1412.975664731616,0,0,0,0
126,19484,204.8310485507284,0,0,0,1,8,0,0,0,0,3.346024870781907,820.7040724397615,3.346024870781907,-1,8,0,1,1399.597586989795,0,0,0,0
127,19948,211.6498221582593,0,0,0,2,21,0,0,0,0,3.244584214853321,795.2584181581459,3.244584214853321,-1,8,0,1,1542.512945244406,0,0,0,0
128,30235,244.3226333599718,0,0,0,0,0,0,0,1,0,3.315593386772016,816.8625081599253,3.315593386772016,44.14963335997192,8,1,0,1937.778552188767,0,0,0,0
129,20237,233.6606948041832,0,0,0,3,23,0,0,0,0,3.214539286846743,789.9450505674811,3.214539286846743,-1,8,0,1,3629.472243232453,0,0,0,0
130,31203,247.166506637649,0,0,0,0,0,0,0,1,0,3.285185982156719,806.8429854774581,3.285185982156719,46.99350663757836,8,1,0,3133.229352500143,0,0,0,0
131,29481,243.9373588231788,0,0,0,0,0,0,0,1,0,3.171996913388671,779.5436272078686,3.171996913388671,43.76435882317961,8,1,0,2076.033736393388,0,0,0,0
132,28199,237.6332629562081,0,0,0,0,0,0,0,1,0,3.217155726520745,788.4736992166441,3.217155726520745,37.46026295620864,8,1,0,2748.274150801726,0,0,0,0
133,25520,229.8373072899155,0,0,0,0,0,0,0,1,0,3.196910197736004,783.5436964595051,3.196910197736004,29.66430728991591,8,1,0,718.0524434608178,0,0,0,0
134,27986,238.9590664297095,0,0,0,0,0,0,0,1,0,3.023646264181354,740.9571453822936,3.023646264181354,38.78606642970996,8,1,0,945.015467327574,0,0,0,0
135,25834,227.9156355443992,0,0,0,0,0,0,0,1,0,3.177073313014793,775.5816659180523,3.177073313014793,27.74263554439915,8,1,0,1043.768448093537,0,0,0,0
136,31634,249.8421906055375,0,0,0,0,0,0,0,1,0,3.194793361583575,782.1939609799251,3.194793361583575,49.66919060553733,8,1,0,555.6729734340502,0,0,0,0
137,29123,242.5668283805063,0,0,0,0,0,0,0,1,0,3.281571633998463,805.2894587481576,3.281571633998463,42.3938283805069,8,1,0,1170.912282379926,0,0,0,0
138,28718,242.3520448987046,0,0,0,0,0,0,0,1,0,3.336506399571869,821.1483084189449,3.336506399571869,42.17904489870137,8,1,0,1462.570333342139,0,0,0,0
139,29326,242.8618703398544,0,0,0,0,0,0,0,1,0,3.194204454663498,781.5066290610863,3.194204454663498,42.68887033985469,8,1,0,722.5655318395641,0,0,0,0
140,20845,253.1322267970791,0,0,0,1,8,0,0,0,0,3.261552711998851,801.6805751053112,3.261552711998851,-1,8,0,1,2597.403806697677,0,0,0,0
141,27517,235.0962898914614,0,0,0,0,0,0,0,1,0,3.13926947719782,768.8962793785869,3.13926947719782,34.92328989146097,8,1,0,728.8676115628184,0,0,0,0
142,27007,231.1449562560296,0,0,0,0,0,0,0,1,0,3.193812000518536,783.255253181699,3.193812000518536,30.97195625602918,8,1,0,1333.410240047034,0,0,0,0
143,19855,207.6317611282999,0,0,0,1,7,0,0,0,0,3.211717323600025,785.1949656757054,3.211717323600025,-1,8,0,1,893.6927851247178,0,0,0,0
144,26906,232.4913813960982,0,0,0,0,0,0,0,1,0,3.03407059019762,739.8237360317202,3.03407059019762,32.31838139609791,8,1,0,221.9979820725612,0,0,0,0
145,31383,251.5608685531727,0,0,0,0,0,0,0,1,0,3.125118994088966,765.4300125638604,3.125118994088966,51.38786855317235,8,1,0,2955.728936439994,0,0,0,0
146,28606,239.9402962065379,0,0,0,0,0,0,0,1,0,3.235469717768913,792.9185454805061,3.235469717768913,39.7672962065383,8,1,0,612.2685719325113,0,0,0,0
147,19422,221.3396448551428,0,0,0,3,24,0,0,0,0,3.214318137785015,789.2335701361634,3.214318137785015,-1,8,0,1,1076.085205906272,0,0,0,0
148,31417,251.2765601131188,0,0,0,0,0,0,0,1,0,3.12159039159656,763.3774079909299,3.12159039159656,51.10356011311813,8,1,0,903.0040983074758,0,0,0,0
149,30340,249.7631463599451,0,0,0,0,0,0,0,1,0,3.152827239639257,770.2767432101535,3.152827239639257,49.59014635994428,8,1,0,247.8966917723188,0,0,0,0
150,28510,242.2981528453646,0,0,0,0,0,0,0,1,0,3.177363616245894,778.1479278784775,3.177363616245894,42.12515284536444,8,1,0,2222.264257998913,0,0,0,0
151,26948,232.4634744884531,0,0,0,0,0,0,0,1,0,3.166374550721734,774.5536112260784,3.166374550721734,32.29047448845227,8,1,0,308.3004468950529,0,0,0,0
152,28865,237.8085252207685,0,0,0,0,0,0,0,1,0,3.22742788338347,794.5315071386709,3.22742788338347,37.63552522076918,8,1,0,556.6968084599411,0,0,0,0
153,30984,251.9366504464591,0,0,0,0,0,0,0,1,0,3.156837811055395,777.1174476497935,3.156837811055395,51.76365044645822,8,1,0,510.6650733738088,0,0,0,0
154,29546,246.316739191709,0,0,0,0,0,0,0,1,0,3.291762513653348,808.9888541289638,3.291762513653348,46.14373919170841,8,1,0,1127.921509862873,0,0,0,0
155,30431,248.7331597601458,0,0,0,0,0,0,0,1,0,3.323424689717707,817.2704697212185,3.323424689717707,48.56015976014535,8,1,0,1679.711193238023,0,0,0,0
156,19560,214.6218731620634,0,0,0,3,15,0,0,0,0,3.133836434904747,766.5672637771319,3.133836434904747,-1,8,0,1,112.9957801134492,0,0,0,0
157,29721,241.294196806281,0,0,0,0,0,0,0,1,0,3.342163173162358,820.4677367461748,3.342163173162358,41.12119680627094,8,1,0,1516.872844612296,0,0,0,0
158,28937,243.7308060268753,0,0,0,0,0,0,0,1,0,3.261849058529667,802.9352982400221,3.261849058529667,43.55780602687476,8,1,0,370.196481256773,0,0,0,0
159,21165,236.7437122889085,0,0,0,3,18,0,0,0,0,3.220321421079002,793.2232084329934,3.220321421079002,-1,8,0,1,5175.123491790335,0,0,0,0
160,31285,251.7661167579255,0,0,0,0,0,0,0,1,0,3.284127360013949,806.6384289732605,3.284127360013949,51.59311675792446,8,1,0,5393.296540900046,0,0,0,0
161,19585,232.4632835284431,0,0,0,3,20,0,0,0,0,3.174615079893119,776.1625238845222,3.174615079893119,-1,8,0,1,28.92220281650096,0,0,0,0
162,28992,239.3161500114088,0,0,0,0,0,0,0,1,0,3.206828501251262,785.3834660075884,3.206828501251262,39.14315001140897,8,1,0,1600.683960386006,0,0,0,0
163,26535,230.3993175157151,0,0,0,0,0,0,0,1,0,3.220817811687183,787.7192843258069,3.220817811687183,30.22631751571542,8,1,0,647.7038413034697,0,0,0,0
164,24282,217.7854309911197,0,0,0,0,0,0,0,1,0,3.136099885751929,765.6268622547686,3.136099885751929,17.61243099111934,8,1,0,276.9680975913748,0,0,0,0
165,20435,205.5043352384416,0,0,0,1,8,0,0,0,0,3.316050177345951,814.9540680253887,3.316050177345951,-1,8,0,1,5371.472742942859,0,0,0,0
166,28306,239.9952664595234,0,0,0,0,0,0,0,1,0,3.225387052452614,792.3343099260287,3.225387052452614,39.82226645949699,8,1,0,706.4299412299554,0,0,0,0
167,27512,243.9556959124516,0,0,0,0,0,0,0,1,0,3.247777527806949,796.4864176188996,3.247777527806949,43.78269591245124,8,1,0,2428.038942664257,0,0,0,0
168,30101,249.8769769637716,0,0,0,0,0,0,0,1,0,3.215722712962031,786.5582425403394,3.215722712962031,49.7039769637711,8,1,0,3296.679910128904,0,0,0,0
169,19525,216.7167028426487,0,0,0,1,7,0,0,0,0,3.201211913651872,785.0204721980454,3.201211913651872,-1,8,0,1,616.6370981289649,0,0,0,0
170,26841,234.3024663333774,0,0,0,0,0,0,0,1,0,3.298791900514447,810.5688339889037,3.298791900514447,34.12946633337753,8,1,0,229.9683031157031,0,0,0,0
171,30095,247.8938450202716,0,0,0,0,0,0,0,1,0,3.185514940752174,783.2015903911955,3.185514940752174,47.72084502027153,8,1,0,4463.92786465554,0,0,0,0
172,20405,218.7280747575041,0,0,0,2,22,0,0,0,0,3.269964639602178,802.0762968187929,3.269964639602178,-1,8,0,1,2283.87917021205,0,0,0,0
173,23222,217.9633530666752,0,0,0,0,0,0,0,1,0,3.281767051825907,803.8490381744241,3.281767051825907,17.7903530666753,8,1,0,748.8357081283859,0,0,0,0
174,19753,219.7443459715034,0,0,0,1,6,0,0,0,0,3.215182942999459,786.5146698934158,3.215182942999459,-1,8,0,1,110.3721479991673,0,0,0,0
175,25985,227.9451455478338,0,0,0,0,0,0,0,1,0,3.244646243586577,796.2219753531101,3.244646243586577,27.77214554783373,8,1,0,2045.790267052904,0,0,0,0
176,28343,243.4935401099795,0,0,0,0,0,0,0,1,0,3.21764361394967,789.4359606590343,3.21764361394967,43.32054010997952,8,1,0,6349.46385993961,0,0,0,0
177,29858,247.2055279329739,0,0,0,0,0,0,0,1,0,3.068423649151993,750.9008335207307,3.068423649151993,47.03252793297358,8,1,0,509.2364313288793,0,0,0,0
178,20326,211.1644751914246,0,0,0,1,9,0,0,0,0,3.282130340855784,806.1836303490646,3.282130340855784,-1,8,0,1,888.6300387201724,0,0,0,0
179,25815,227.0596698965278,0,0,0,0,0,0,0,1,0,3.229704146560114,794.1735009115591,3.229704146560114,26.88666989652688,8,1,0,99.71830712179047,0,0,0,0
180,24387,219.8078149150619,0,0,0,0,0,0,0,1,0,3.152038689230483,773.8252137445892,3.152038689230483,19.63481491506143,8,1,0,279.3968440504682,0,0,0,0
181,20007,202.8640141691164,0,0,0,1,6,0,0,0,0,3.24018872543998,793.9069034328943,3.24018872543998,-1,8,0,1,795.694710077325,0,0,0,0
182,26679,232.3185520699699,0,0,0,0,0,0,0,1,0,3.36560673368067,826.0861021312338,3.36560673368067,32.14555206996951,8,1,0,3777.289979394025,0,0,0,0
183,29561,241.390594088947,0,0,0,0,0,0,0,1,0,3.045138443811191,742.8830631485332,3.045138443811191,41.21759408894687,8,1,0,792.3752317558062,0,0,0,0
184,26155,231.6220570607724,0,0,0,0,0,0,0,1,0,3.294171139082349,811.1069380475693,3.294171139082349,31.44905706076559,8,1,0,20.86148947639282,0,0,0,0
185,27663,233.9846904688414,0,0,0,0,0,0,0,1,0,3.092422003488784,754.6284002789258,3.092422003488784,33.81169046884116,8,1,0,2138.692498200568,0,0,0,0
186,28393,239.2839382669016,0,0,0,0,0,0,0,1,0,3.272733972568144,801.6691366635142,3.272733972568144,39.11093826690145,8,1,0,5331.162485688291,0,0,0,0
187,30234,252.2151078907167,0,0,0,0,0,0,0,1,0,3.076151772652625,752.3859099189777,3.076151772652625,52.042107890717,8,1,0,1351.248051419133,0,0,0,0
188,28141,235.5151116676628,0,0,0,0,0,0,0,1,0,3.21175011599907,788.1075616648127,3.21175011599907,35.34211166766251,8,1,0,97.05657782386608,0,0,0,0
189,18812,206.5736594204823,0,0,0,2,14,0,0,0,0,3.050303291559772,746.5814281963003,3.050303291559772,-1,8,0,1,43.88590986000093,0,0,0,0
190,26107,225.829536615901,0,0,0,0,0,0,0,1,0,3.169309669132498,774.4002136330296,3.169309669132498,25.65653661590062,8,1,0,714.8483856088041,0,0,0,0
191,21559,208.8352786873224,0,0,0,0,0,0,0,1,0,3.125523422532405,762.7742712179229,3.125523422532405,8.662278687322152,8,1,0,751.5410324335058,0,0,0,0
192,19682,214.1788227331189,0,0,0,2,21,0,0,0,0,3.129849598369624,767.1089644211232,3.129849598369624,-1,8,0,1,2232.736766513819,0,0,0,0
193,31181,253.4021962333804,0,0,0,0,0,0,0,1,0,3.264948398060595,800.8020867167968,3.264948398060595,53.22919623339791,8,1,0,842.7752747537835,0,0,0,0
194,30244,247.2001019394349,0,0,0,0,0,0,0,1,0,3.276842183415996,802.8194373718683,3.276842183415996,47.02710193943513,8,1,0,1603.225937552518,0,0,0,0
195,27007,235.6876082450815,0,0,0,0,0,0,0,1,0,3.260366865463447,799.7228352632312,3.260366865463447,35.51460824508201,8,1,0,801.0818531765934,0,0,0,0
196,24716,220.9280533054343,0,0,0,0,0,0,0,1,0,3.33947708676029,818.3139194445035,3.33947708676029,20.75505330543431,8,1,0,97.32769041595822,0,0,0,0
197,31023,253.3936458704511,0,0,0,0,0,0,0,1,0,3.193304835811164,782.7932769388512,3.193304835811164,53.22064587045081,8,1,0,2227.540288169583,0,0,0,0
198,28098,235.5915597587114,0,0,0,0,0,0,0,1,0,3.152572419223659,774.053762123824,3.152572419223659,35.41855975871136,8,1,0,984.1509720585886,0,0,0,0
199,22944,218.1295370985282,0,0,0,0,0,0,0,1,0,3.016943699163125,737.22803341702,3.016943699163125,17.95653709852751,8,1,0,7318.175541695712,0,0,0,0
200,24707,220.157408708419,0,0,0,0,0,0,0,1,0,3.253470755138371,798.3552586837775,3.253470755138371,19.98440870841852,8,1,0,523.3807947025731,0,0,0,0
201,30763,246.8616544739911,0,0,0,0,0,0,0,1,0,3.230642992689865,792.0905908547116,3.230642992689865,46.68865447399128,8,1,0,1520.21000852753,0,0,0,0
202,27081,234.365935045733,0,0,0,0,0,0,0,1,0,3.21127672167135,786.6022488239831,3.21127672167135,34.19293504573326,8,1,0,5108.833096816007,0,0,0,0
203,22343,213.3974798802514,0,0,0,0,0,0,0,1,0,3.151676752123494,772.386944100197,3.151676752123494,13.22447988025136,8,1,0,120.274076864936,0,0,0,0
204,19857,214.375988419466,0,0,0,1,17,0,0,0,0,3.215034458816782,787.5975340948546,3.215034458816782,-1,8,0,1,2324.930647603432,0,0,0,0
205,28698,239.5142921970579,0,0,0,0,0,0,0,1,0,3.248531164618008,796.9004028963571,3.248531164618008,39.34129219705752,8,1,0,1047.605685164821,0,0,0,0
206,20777,210.4029942452761,0,0,0,2,15,0,0,0,0,3.335245873094111,821.9404027608936,3.335245873094111,-1,8,0,1,4467.587280352779,0,0,0,0
207,25718,226.9838175379258,0,0,0,0,0,0,0,1,0,3.200196333358445,783.8952022776103,3.200196333358445,26.81081753792607,8,1,0,1192.745113598558,0,0,0,0
208,20365,204.2179262269922,0,0,0,1,6,0,0,0,0,3.308824233784256,812.0839269044488,3.308824233784256,-1,8,0,1,1864.754208675758,0,0,0,0
209,29054,241.1039292501904,0,0,0,0,0,0,0,1,0,3.177821779962311,775.7272951574971,3.177821779962311,40.93092925019111,8,1,0,3594.681697964575,0,0,0,0
210,30505,248.5637284628704,0,0,0,0,0,0,0,1,0,3.213934552341128,789.4158783250515,3.213934552341128,48.39072846287023,8,1,0,864.6180588790064,0,0,0,0
211,29539,249.5661005018913,0,0,0,0,0,0,0,1,0,3.08671168435768,755.9887615407188,3.08671168435768,49.39310050177592,8,1,0,504.8818063620255,0,0,0,0
212,27189,234.5851465208967,0,0,0,0,0,0,0,1,0,3.263353751498045,801.1302850063897,3.263353751498045,34.41214652089654,8,1,0,1938.059006895325,0,0,0,0
213,24840,222.5478729430785,0,0,0,0,0,0,0,1,0,3.26265751975821,802.5419413201274,3.26265751975821,22.37487294307807,8,1,0,2862.394867461317,0,0,0,0
214,19224,200.1730000000008,0,0,0,0,0,0,0,0,0,3.213863570097795,785.9603116752927,3.213863570097795,-1,8,1,0,12868.36631453153,0,0,0,0
215,28115,237.314283020568,0,0,0,0,0,0,0,1,0,3.273798770178424,805.3795232087435,3.273798770178424,37.141283020568,8,1,0,105.6542275312746,0,0,0,0
216,30621,247.3717044839014,0,0,0,0,0,0,0,1,0,3.280382811897911,806.2234141412673,3.280382811897911,47.1987044839017,8,1,0,72.64310260859257,0,0,0,0
217,30380,250.9603398108434,0,0,0,0,0,0,0,1,0,3.060692358235365,745.5841411827918,3.060692358235365,50.7873398108425,8,1,0,87.4874922984544,0,0,0,0
218,31648,251.341021380718,0,0,0,0,0,0,0,1,0,3.274756588607714,804.0483158664091,3.274756588607714,51.16802138071763,8,1,0,1035.794035922432,0,0,0,0
219,18957,212.4718191487044,0,0,0,2,12,0,0,0,0,3.120393242403978,761.1505714667267,3.120393242403978,-1,8,0,1,859.3454924314027,0,0,0,0
220,27844,236.8670311013378,0,0,0,0,0,0,0,1,0,3.273058120645747,804.3176958513269,3.273058120645747,36.69403110133765,8,1,0,3583.020942223874,0,0,0,0
221,19670,224.6796005900068,0,0,0,2,16,0,0,0,0,3.184051267283786,781.9721786345301,3.184051267283786,-1,8,0,1,1521.31905225399,0,0,0,0
222,19438,207.2134571540655,0,0,0,1,6,0,0,0,0,3.214463443522769,788.5236264715634,3.214463443522769,-1,8,0,1,3043.835547684682,0,0,0,0
223,30831,248.5596399108176,0,0,0,0,0,0,0,1,0,3.336566932346003,821.4830985249476,3.336566932346003,48.38663991081731,8,1,0,769.7315956837377,0,0,0,0
224,30366,248.1367274254716,0,0,0,0,0,0,0,1,0,3.417720430457742,842.8134458142496,3.417720430457742,47.96372742547018,8,1,0,4592.303223276609,0,0,0,0
225,29769,247.3318515409867,0,0,0,0,0,0,0,1,0,3.213273866103708,788.3007206988232,3.213273866103708,47.15885154098781,8,1,0,2904.445776869133,0,0,0,0
226,19459,204.5426688414257,0,0,0,1,10,0,0,0,0,3.35013946678746,822.1707611419099,3.35013946678746,-1,8,0,1,524.3895500720571,0,0,0,0
227,29126,243.4289698750766,0,0,0,0,0,0,0,1,0,3.269616536819166,802.4360809595555,3.269616536819166,43.25596987507638,8,1,0,2537.500606303625,0,0,0,0
228,21132,222.1188028755568,0,0,0,2,12,0,0,0,0,3.278073506022566,804.4417202490305,3.278073506022566,-1,8,0,1,3402.163588586886,0,0,0,0
229,25652,227.2874562528226,0,0,0,0,0,0,0,1,0,2.987497053190305,724.1885167697232,2.987497053190305,27.11445625282277,8,1,0,1558.142456787752,0,0,0,0
230,20847,211.0332874413774,0,0,0,1,4,0,0,0,0,3.147663740436192,769.7069786127471,3.147663740436192,-1,8,0,1,1752.943518272275,0,0,0,0
231,27608,237.0028864068882,0,0,0,0,0,0,0,1,0,3.214317283175037,788.0313766698795,3.214317283175037,36.82988640688814,8,1,0,1162.036012824376,0,0,0,0
232,26522,232.9095332950506,0,0,0,0,0,0,0,1,0,3.245509554513058,793.7714300934283,3.245509554513058,32.7365332950508,8,1,0,371.170474647484,0,0,0,0
233,25127,222.2949003519981,0,0,0,0,0,0,0,1,0,3.216198311468235,789.6021644395405,3.216198311468235,22.12190035199856,8,1,0,4105.658764382541,0,0,0,0
234,25841,226.6108433543531,0,0,0,0,0,0,0,1,0,3.074872997907923,749.877289172449,3.074872997907923,26.4378433543523,8,1,0,533.2722172320431,0,0,0,0
235,23314,218.6708739812646,0,0,0,0,0,0,0,1,0,3.141979274192141,767.3752626282463,3.141979274192141,18.49787398126442,8,1,0,1148.147567332522,0,0,0,0
236,27829,234.4826408305608,0,0,0,0,0,0,0,1,0,3.239432365327135,795.4970329210817,3.239432365327135,34.30964083056057,8,1,0,1657.209933748786,0,0,0,0
237,30906,247.7503499390015,0,0,0,0,0,0,0,1,0,3.208525830778368,789.5442324251121,3.208525830778368,47.57734993900108,8,1,0,714.7395001543102,0,0,0,0
238,28322,239.0372599629899,0,0,0,0,0,0,0,1,0,3.183854023135093,781.4000910989386,3.183854023135093,38.86425996298984,8,1,0,1113.182999953006,0,0,0,0
239,24509,221.7599639393266,0,0,0,0,0,0,0,1,0,3.390719758220863,835.0219597446855,3.390719758220863,21.58696393932628,8,1,0,1922.580998953995,0,0,0,0
240,29328,241.8177625519801,0,0,0,0,0,0,0,1,0,3.334554913722482,818.3043079446022,3.334554913722482,41.64476255198009,8,1,0,1050.151347782055,0,0,0,0
241,27480,233.2963255636783,0,0,0,0,0,0,0,1,0,3.261918956009249,798.6669511697054,3.261918956009249,33.12332556367789,8,1,0,947.8115121325959,0,0,0,0
242,24283,218.7675461051729,0,0,0,0,0,0,0,1,0,3.249545316304332,795.6945936159078,3.249545316304332,18.59454610517335,8,1,0,9801.108298368512,0,0,0,0
243,29217,241.1493586405208,0,0,0,0,0,0,0,1,0,3.22671364095909,790.7410188977369,3.22671364095909,40.97635864056329,8,1,0,6519.681906792911,0,0,0,0
244,29673,245.7893005397583,0,0,0,0,0,0,0,1,0,3.187185670726062,782.599805082954,3.187185670726062,45.61630053952871,8,1,0,972.1586733583297,0,0,0,0
245,19972,206.3338142935081,0,0,0,1,9,0,0,0,0,3.208880455329396,785.8506490881392,3.208880455329396,-1,8,0,1,1176.127993732677,0,0,0,0
246,21162,218.5094172921334,0,0,0,2,8,0,0,0,0,3.124181691164,763.3864985996985,3.124181691164,-1,8,0,1,2935.98355667401,0,0,0,0
247,19870,232.7247212176091,0,0,0,3,18,0,0,0,0,3.172744932478533,772.468861112099,3.172744932478533,-1,8,0,1,578.6734053751696,0,0,0,0
248,26084,228.6822268672142,0,0,0,0,0,0,0,1,0,3.171423953535057,776.1336797362161,3.171423953535057,28.50922686721371,8,1,0,2061.099714394588,0,0,0,0
249,26346,229.9814348559764,0,0,0,0,0,0,0,1,0,3.152415591845273,773.2170489882645,3.152415591845273,29.80843485597621,8,1,0,5447.379684125524,0,0,0,0
250,27621,238.5032181968887,0,0,0,0,0,0,0,1,0,3.303642297707878,810.2292342967621,3.303642297707878,38.33021819688825,8,1,0,183.7709663321415,0,0,0,0
251,19892,220.3182754024812,0,0,0,3,14,0,0,0,0,3.194494844207147,784.3280754110334,3.194494844207147,-1,8,0,1,629.8913943922997,0,0,0,0
252,26508,230.8337255852343,0,0,0,0,0,0,0,1,0,3.17520302372347,776.7870551202597,3.17520302372347,30.66072558523347,8,1,0,5493.476935962953,0,0,0,0
253,30651,249.6555441015365,0,0,0,0,0,0,0,1,0,3.200962851924193,788.5616608401749,3.200962851924193,49.48254410153604,8,1,0,1443.198851020464,0,0,0,0
254,28506,243.3257530583807,0,0,0,0,0,0,0,1,0,3.112388181511494,759.2135795998505,3.112388181511494,43.15275305834928,8,1,0,2150.193629034078,0,0,0,0
255,28822,241.1556872799999,0,0,0,0,0,0,0,1,0,3.361049923715655,823.8564793928847,3.361049923715655,40.98268728000044,8,1,0,55.95381946344413,0,0,0,0
256,31177,250.8387032793824,0,0,0,0,0,0,0,1,0,3.193444711792474,780.4880427457626,3.193444711792474,50.66570327938244,8,1,0,2556.992614965881,0,0,0,0
257,30496,246.8082443804581,0,0,0,0,0,0,0,1,0,3.266492211057931,801.6154949968611,3.266492211057931,46.63524438045834,8,1,0,1252.326373001901,0,0,0,0
258,29193,242.1303468778129,0,0,0,0,0,0,0,1,0,3.140347558231093,770.2369767091243,3.140347558231093,41.95734687781224,8,1,0,185.3009542198515,0,0,0,0
259,27882,235.65275100371,0,0,0,0,0,0,0,1,0,3.23758998289013,792.1175362995851,3.23758998289013,35.47975100372327,8,1,0,670.404865483764,0,0,0,0
260,27002,234.975664731731,0,0,0,0,0,0,0,1,0,3.119899388676409,762.0763947278,3.119899388676409,34.80266473162948,8,1,0,50.93293256626259,0,0,0,0
261,28424,236.9441353455718,0,0,0,0,0,0,0,1,0,3.159844432191147,772.8480145152663,3.159844432191147,36.77113534557223,8,1,0,2332.629654359978,0,0,0,0
262,28184,237.1264555795599,0,0,0,0,0,0,0,1,0,3.253520381951017,797.5488282434292,3.253520381951017,36.95345557955437,8,1,0,924.1479271885246,0,0,0,0
263,18761,201.7957167083961,0,0,0,1,7,0,0,0,0,3.105767254740898,759.5313903149708,3.105767254740898,-1,8,0,1,1245.846277266739,0,0,0,0
264,31682,247.7305047749932,0,0,0,0,0,0,0,1,0,3.379561205233157,831.4534472260942,3.379561205233157,47.55750477499331,8,1,0,1985.401661928196,0,0,0,0
265,22239,260.1737440253498,0,0,0,4,20,0,0,0,0,3.296960889719401,811.822038793105,3.296960889719401,-1,8,0,1,564.4360265247849,0,0,0,0
266,19615,201.4942914186162,0,0,0,0,0,0,0,0,0,3.264964667526329,800.2257838003667,3.264964667526329,-1,8,0,1,3090.348950549374,0,0,0,0
267,26998,231.6691031391828,0,0,0,0,0,0,0,1,0,3.279268186725852,804.1944540439041,3.279268186725852,31.49610313918249,8,1,0,4255.170216453483,0,0,0,0
268,21683,216.5049688585862,0,0,0,2,7,0,0,0,0,3.209366575112319,785.4704941593498,3.209366575112319,-1,8,0,1,1739.407444362306,0,0,0,0
269,20115,232.152748445033,0,0,0,2,17,0,0,0,0,3.101364793458811,760.8177106669586,3.101364793458811,-1,8,0,1,282.6180061085869,0,0,0,0
270,25301,224.8817597370149,0,0,0,0,0,0,0,1,0,3.278352242415287,806.0769298636724,3.278352242415287,24.70875973701498,8,1,0,341.2928390299991,0,0,0,0
271,28928,236.5357631818928,0,0,0,0,0,0,0,1,0,3.281062733583355,804.7879652485188,3.281062733583355,36.36276318189233,8,1,0,4461.653043835189,0,0,0,0
272,22798,216.9892812083382,0,0,0,0,0,0,0,1,0,3.246593385001218,796.1981989059274,3.246593385001218,16.81628120833826,8,1,0,15.69830961166066,0,0,0,0
273,27240,238.1980565824782,0,0,0,0,0,0,0,1,0,3.231780561432568,793.6845455146116,3.231780561432568,38.02505658247934,8,1,0,2826.674175285791,0,0,0,0
274,26061,229.7534619808176,0,0,0,0,0,0,0,1,0,3.256658114195807,800.5168403784165,3.256658114195807,29.58046198081756,8,1,0,625.5862612398344,0,0,0,0
275,19603,203.2322879163139,0,0,0,1,5,0,0,0,0,3.237355354140017,795.1727565992389,3.237355354140017,-1,8,0,1,2950.948373286837,0,0,0,0
276,27587,234.8823212691478,0,0,0,0,0,0,0,1,0,3.312749213354099,812.1697742545319,3.312749213354099,34.70932126914732,8,1,0,1074.854578478826,0,0,0,0
277,29266,246.199351033596,0,0,0,0,0,0,0,1,0,3.165633543557268,769.8085391376395,3.165633543557268,46.02635103359576,8,1,0,2319.600717699978,0,0,0,0
278,38520,206.0514870790552,0,0,0,0,0,0,0,1,0,1.787821041808163,483.9901046120705,-1,99.1394330112059,0,1,0,1.787821041808163,0,0,0,0
279,24489,221.6946305403307,0,0,0,0,0,0,0,1,0,3.292858664525778,809.162648364371,3.292858664525778,21.52163054033045,8,1,0,1044.840461171192,0,0,0,0
280,26615,232.1792266470989,0,0,0,0,0,0,0,1,0,3.367735619270368,827.1366044852301,3.367735619270368,32.00622664709929,8,1,0,968.9811705723172,0,0,0,0
281,28039,240.5262316478362,0,0,0,0,0,0,0,1,0,3.209851193788652,788.5150514119896,3.209851193788652,40.35323164783562,8,1,0,4400.267061889831,0,0,0,0
282,31136,249.0017838936464,0,0,0,0,0,0,0,1,0,3.22559392166327,791.0831740841891,3.22559392166327,48.82878389364593,8,1,0,233.751264702557,0,0,0,0
283,24895,223.5268873471441,0,0,0,0,0,0,0,1,0,3.220250344824616,789.89923882527,3.220250344824616,23.35388734714479,8,1,0,2397.175689141359,0,0,0,0
284,25138,224.0143943278158,0,0,0,0,0,0,0,1,0,3.178294298323076,775.8193650181194,3.178294298323076,23.8413943278161,8,1,0,1352.788426103877,0,0,0,0
285,29719,250.3851315660208,0,0,0,0,0,0,0,1,0,3.187040906247047,780.2501509355878,3.187040906247047,50.21213156602082,8,1,0,1331.856010031486,0,0,0,0
286,25822,230.9819068633394,0,0,0,0,0,0,0,1,0,3.269340866893387,799.7498433025178,3.269340866893387,30.80890686333912,8,1,0,437.1686705711082,0,0,0,0
287,21889,258.7244679071732,0,0,0,3,15,0,0,0,0,3.261002696101017,800.6365199012187,3.261002696101017,-1,8,0,1,352.2932285293025,0,0,0,0
288,30033,247.9965230250621,0,0,0,0,0,0,0,1,0,3.245511315181788,797.5529322819956,3.245511315181788,47.8235230250619,8,1,0,1007.78482660173,0,0,0,0
289,27980,235.4992963350991,0,0,0,0,0,0,0,1,0,3.145579178516404,769.2374693295064,3.145579178516404,35.32629633509915,8,1,0,3951.246470460999,0,0,0,0
290,19172,209.4685955300053,0,0,0,1,12,0,0,0,0,3.128040516468583,764.0128298811679,3.128040516468583,-1,8,0,1,3098.601030509536,0,0,0,0
291,19912,202.2451283680807,0,0,0,0,0,0,0,0,0,3.247941419887455,797.8026012271365,3.247941419887455,-1,8,0,1,1563.025409780959,0,0,0,0
292,25393,222.3353924361798,0,0,0,0,0,0,0,1,0,3.133681470845383,766.428913550212,3.133681470845383,22.16239243618038,8,1,0,1101.878448071511,0,0,0,0
293,22369,213.3719226313792,0,0,0,0,0,0,0,1,0,3.187227824893884,779.5653628421209,3.187227824893884,13.19892263137889,8,1,0,1768.19824042231,0,0,0,0
294,25668,226.4302717309528,0,0,0,0,0,0,0,1,0,3.186704775700257,778.559722728267,3.186704775700257,26.25727173095248,8,1,0,3275.674496076665,0,0,0,0
295,25274,224.9936173855786,0,0,0,0,0,0,0,1,0,3.25750715932235,797.5448606317875,3.25750715932235,24.82061738557861,8,1,0,1673.273726380703,0,0,0,0
296,27392,233.6436700596041,0,0,0,0,0,0,0,1,0,3.214412054102301,786.3698536731314,3.214412054102301,33.47067005960388,8,1,0,94.76564767631875,0,0,0,0
297,26702,231.0504789422933,0,0,0,0,0,0,0,1,0,3.159113859052815,772.1889243262742,3.159113859052815,30.87747894229301,8,1,0,2099.244422547694,0,0,0,0
298,21540,231.1646970561469,0,0,0,4,16,0,0,0,0,3.120718981516498,761.9904544892768,3.120718981516498,-1,8,0,1,27.95767321497954,0,0,0,0
299,22599,210.6569890060048,0,0,0,0,0,0,0,1,0,3.251403853140169,796.4493228437931,3.251403853140169,10.48398900600496,8,1,0,309.3714798297203,0,0,0,0
300,28539,237.9779289673262,0,0,0,0,0,0,0,1,0,3.215590237130791,788.1558938283515,3.215590237130791,37.80492896732603,8,1,0,262.1439419387244,0,0,0,0
301,19978,201.7856291082752,0,0,0,0,0,0,0,0,0,3.293904807709715,807.1220937831619,3.293904807709715,-1,8,0,1,1647.578845439707,0,0,0,0
302,20126,211.894918548682,0,0,0,2,11,0,0,0,0,3.171760789110843,776.9005334701045,3.171760789110843,-1,8,0,1,310.4099899480102,0,0,0,0
303,29865,248.7747287115029,0,0,0,0,0,0,0,1,0,3.199760901384878,784.890860193034,3.199760901384878,48.60172871150272,8,1,0,6477.218003030401,0,0,0,0
304,26667,230.3288518992062,0,0,0,0,0,0,0,1,0,3.270736423769698,804.0290331485922,3.270736423769698,30.15585189920563,8,1,0,743.0483242720086,0,0,0,0
305,27439,235.4298783077203,0,0,0,0,0,0,0,1,0,3.261408513788155,801.7208827060635,3.261408513788155,35.25687830772062,8,1,0,86.08001191321706,0,0,0,0
306,25065,226.1721722192671,0,0,0,0,0,0,0,1,0,3.230165711331953,791.7151772459623,3.230165711331953,25.99917221926676,8,1,0,1023.814635363662,0,0,0,0
307,24992,223.1816831373437,0,0,0,0,0,0,0,1,0,3.368032393676117,827.2076974132418,3.368032393676117,23.00868313734345,8,1,0,3749.717396205408,0,0,0,0
308,29488,245.0265075288678,0,0,0,0,0,0,0,1,0,3.217323240831534,788.6377920446362,3.217323240831534,44.85350752888063,8,1,0,3494.155232805735,0,0,0,0
309,30081,245.4032378255569,0,0,0,0,0,0,0,1,0,3.285470191777558,805.9795552369986,3.285470191777558,45.23023782555671,8,1,0,519.4831863362721,0,0,0,0
310,22509,214.0777252892728,0,0,0,0,0,0,0,1,0,3.273020182282366,801.0803708203186,3.273020182282366,13.90472528927256,8,1,0,16.11156780530167,0,0,0,0
311,30602,250.1420760069311,0,0,0,0,0,0,0,1,0,3.181526663821403,777.2002692756398,3.181526663821403,49.96907600731715,8,1,0,1316.58335838218,0,0,0,0
312,27350,235.0185005101361,0,0,0,0,0,0,0,1,0,3.269791718857271,801.5562615317347,3.269791718857271,34.84550051013622,8,1,0,6142.023950068898,0,0,0,0
313,31609,251.3805950999142,0,0,0,0,0,0,0,1,0,3.292799869405822,807.2683942694592,3.292799869405822,51.20759509991392,8,1,0,748.3210453242266,0,0,0,0
314,19856,217.2673485865778,0,0,0,2,12,0,0,0,0,3.228065161854296,791.6691105613951,3.228065161854296,-1,8,0,1,1406.701164097726,0,0,0,0
315,19794,202.0373240837715,0,0,0,1,6,0,0,0,0,3.2036213769118,782.7971779316897,3.2036213769118,-1,8,0,1,4682.972211437401,0,0,0,0
316,28341,246.3223195204698,0,0,0,0,0,0,0,1,0,3.255263293620376,796.4159701617449,3.255263293620376,46.14931952046989,8,1,0,191.3343227624709,0,0,0,0
317,20392,256.8572796800253,0,0,0,1,20,0,0,0,0,3.178222057801196,778.0365747658916,3.178222057801196,-1,8,0,1,2321.515344344503,0,0,0,0
318,26778,233.5293560703086,0,0,0,0,0,0,0,1,0,3.268474007571483,801.6223042344145,3.268474007571483,33.35635607030779,8,1,0,3220.535324756724,0,0,0,0
319,28505,243.2274534047752,0,0,0,0,0,0,0,1,0,3.297113143971396,807.3695197507939,3.297113143971396,43.05445340477421,8,1,0,1603.628881164428,0,0,0,0
320,26748,234.7896606248476,0,0,0,0,0,0,0,1,0,3.337955618625929,819.07355400099,3.337955618625929,34.61666062480755,8,1,0,1480.887454715165,0,0,0,0
321,28299,237.2919259440848,0,0,0,0,0,0,0,1,0,3.091265170098349,756.1048268657325,3.091265170098349,37.11892594408523,8,1,0,1483.755302399588,0,0,0,0
322,29542,248.991639098537,0,0,0,0,0,0,0,1,0,3.179156803783939,777.3667336248541,3.179156803783939,48.8186390985368,8,1,0,458.6122092896596,0,0,0,0
323,28972,241.4633160353549,0,0,0,0,0,0,0,1,0,3.255106297205639,800.257496342551,3.255106297205639,41.29031603535488,8,1,0,2032.012706304316,0,0,0,0
324,23792,219.2845794187132,0,0,0,0,0,0,0,1,0,3.331231106752285,817.8088555712818,3.331231106752285,19.11157941871272,8,1,0,127.7394237849284,0,0,0,0
325,26891,236.1983865261901,0,0,0,0,0,0,0,1,0,3.310061557183827,812.5544327195142,3.310061557183827,36.02538652619059,8,1,0,2508.21110579781,0,0,0,0
326,29114,251.2221460157631,0,0,0,0,0,0,0,1,0,3.106174861781729,760.3291606022422,3.106174861781729,51.04914601576249,8,1,0,2788.06237200903,0,0,0,0
327,31361,247.9905315872467,0,0,0,0,0,0,0,1,0,3.212954405819708,787.7452610718825,3.212954405819708,47.81753158705077,8,1,0,1187.334301731248,0,0,0,0
328,26262,228.1279537692313,0,0,0,0,0,0,0,1,0,3.262457559720624,799.8501739348271,3.262457559720624,27.95495376922959,8,1,0,695.8183357437782,0,0,0,0
329,31116,250.3914949605696,0,0,0,0,0,0,0,1,0,3.269285665551358,804.4191932760184,3.269285665551358,50.21849496057172,8,1,0,2233.547072979379,0,0,0,0
330,20852,231.9576339794276,0,0,0,3,22,0,0,0,0,3.064531471328586,751.0111330715519,3.064531471328586,-1,8,0,1,797.2996921058045,0,0,0,0
331,26261,233.4733830430595,0,0,0,0,0,0,0,1,0,3.282085976518784,806.3004453888647,3.282085976518784,33.30038304311477,8,1,0,1451.485386137809,0,0,0,0
332,27836,242.1685706810651,0,0,0,0,0,0,0,1,0,3.255627159493173,798.5861753511859,3.255627159493173,41.99557068091355,8,1,0,3024.325621005031,0,0,0,0
333,23904,219.484844344741,0,0,0,0,0,0,0,1,0,3.2857917238944,806.0242610240177,3.2857917238944,19.31184434474056,8,1,0,2462.756026607044,0,0,0,0
334,29353,244.7602816993912,0,0,0,0,0,0,0,1,0,3.29133030546809,809.8425435005819,3.29133030546809,44.58728169939139,8,1,0,468.7118081911679,0,0,0,0
335,29768,245.2243621931675,0,0,0,0,0,0,0,1,0,3.340033122583781,821.7806141354603,3.340033122583781,45.05136219323157,8,1,0,3678.565560444385,0,0,0,0
336,28023,238.3201206610345,0,0,0,0,0,0,0,1,0,3.094660582208518,757.6896646105556,3.094660582208518,38.14712066103453,8,1,0,126.4601959792357,0,0,0,0
337,31069,251.2140414602294,0,0,0,0,0,0,0,1,0,3.349500466047927,823.5770091438671,3.349500466047927,51.04104146022971,8,1,0,1550.805927270463,0,0,0,0
338,26952,232.3320758836428,0,0,0,0,0,0,0,1,0,3.11805916260666,760.9371025049517,3.11805916260666,32.15907588364312,8,1,0,260.811643763678,0,0,0,0
339,22700,213.8052604357516,0,0,0,0,0,0,0,1,0,3.216127168685116,788.3479933389552,3.216127168685116,13.63226043575182,8,1,0,187.5289832551516,0,0,0,0
340,29851,246.5906341496725,0,0,0,0,0,0,0,1,0,3.273016217114171,804.6130601285562,3.273016217114171,46.41763414968278,8,1,0,1844.226887017347,0,0,0,0
341,26820,228.6622682302762,0,0,0,0,0,0,0,1,0,3.316715569376971,813.9031997148197,3.316715569376971,28.48926823027572,8,1,0,2773.380409251268,0,0,0,0
342,20517,203.2988498859838,0,0,0,1,11,0,0,0,0,3.219956860289386,794.6456793795153,3.219956860289386,-1,8,0,1,775.1098052367443,0,0,0,0
343,27894,233.8119303435802,0,0,0,0,0,0,0,1,0,3.262405526370467,801.9193562043745,3.262405526370467,33.63893034357967,8,1,0,452.1013450582005,0,0,0,0
344,28985,242.0666249372902,0,0,0,0,0,0,0,1,0,3.14260479223542,767.754143894932,3.14260479223542,41.89362493729038,8,1,0,764.7832800256655,0,0,0,0
345,21622,206.7318346890421,0,0,0,0,0,0,0,1,0,3.116374266005519,762.0744397205877,3.116374266005519,6.558834689041984,8,1,0,1445.154515320671,0,0,0,0
346,20518,236.3982168917157,0,0,0,1,11,0,0,0,0,3.279392592610531,804.3155824708351,3.279392592610531,-1,8,0,1,292.0999587345672,0,0,0,0
347,25993,229.7616173689414,0,0,0,0,0,0,0,1,0,3.218690702155394,787.6800932776734,3.218690702155394,29.58861736894157,8,1,0,3038.196744185753,0,0,0,0
348,25901,224.9246360098917,0,0,0,0,0,0,0,1,0,3.357395119645083,823.9555438910332,3.357395119645083,24.75163600989151,8,1,0,1263.74161210134,0,0,0,0
349,27508,232.4861395102567,0,0,0,0,0,0,0,1,0,3.212332711420718,787.8844080494154,3.212332711420718,32.31313951025631,8,1,0,2548.217868502638,0,0,0,0
350,29559,248.276437790426,0,0,0,0,0,0,0,1,0,3.219443126512187,790.1428860660916,3.219443126512187,48.10343779042547,8,1,0,193.9099232022915,0,0,0,0
351,20010,223.797958435853,0,0,0,2,19,0,0,0,0,3.331369158290864,820.2807849825763,3.331369158290864,-1,8,0,1,1805.020263649963,0,0,0,0
352,31282,250.248920407784,0,0,0,0,0,0,0,1,0,3.141127145403911,768.4350212304727,3.141127145403911,50.07592040779047,8,1,0,2881.768483976752,0,0,0,0
353,26878,233.646770117809,0,0,0,0,0,0,0,1,0,3.391215456910817,832.2183624845359,3.391215456910817,33.47377011780929,8,1,0,6975.640211222488,0,0,0,0
354,30169,243.0129563742497,0,0,0,0,0,0,0,1,0,3.287372166721982,809.4569215096953,3.287372166721982,42.83995637424897,8,1,0,7828.69092256405,0,0,0,0
355,24381,220.8513319656573,0,0,0,0,0,0,0,1,0,3.135857120966903,769.0035054709052,3.135857120966903,20.67833196565721,8,1,0,2309.955070409876,0,0,0,0
356,27270,236.2303209128979,0,0,0,0,0,0,0,1,0,3.203872463347762,788.000920207791,3.203872463347762,36.0573209128984,8,1,0,2327.846134016012,0,0,0,0
357,25305,222.8779764083526,0,0,0,0,0,0,0,1,0,3.378316087112194,831.2341430611136,3.378316087112194,22.70497640835251,8,1,0,740.9434031985136,0,0,0,0
358,30922,249.3412579082483,0,0,0,0,0,0,0,1,0,3.201488612931259,784.5570434035054,3.201488612931259,49.16825790824814,8,1,0,294.4554036325771,0,0,0,0
359,23869,218.4937808124787,0,0,0,0,0,0,0,1,0,3.11465319760661,762.8633381039956,3.11465319760661,18.32078081247841,8,1,0,227.3594212793916,0,0,0,0
360,26754,231.0403123163682,0,0,0,0,0,0,0,1,0,3.213712386398491,787.8440564856122,3.213712386398491,30.8673123163679,8,1,0,5444.641494429833,0,0,0,0
361,21125,243.7361964943121,0,0,0,4,36,0,0,0,0,3.219440676616082,787.496625366694,3.219440676616082,-1,8,0,1,2828.061804833881,0,0,0,0
362,31588,253.6690404007889,0,0,0,0,0,0,0,1,0,3.31126309757692,812.8959774516062,3.31126309757692,53.49604040078955,8,1,0,746.7315485096522,0,0,0,0
363,27983,241.568846646311,0,0,0,0,0,0,0,1,0,3.097362236070465,755.3165407027644,3.097362236070465,41.39584664631063,8,1,0,604.1338116644955,0,0,0,0
364,29348,241.7969347027464,0,0,0,0,0,0,0,1,0,3.294891396927451,809.1093525845328,3.294891396927451,41.62393470274632,8,1,0,8983.076531678971,0,0,0,0
365,28251,240.5729518062647,0,0,0,0,0,0,0,1,0,3.170628102274391,776.1070149464907,3.170628102274391,40.39995180626408,8,1,0,2406.880215492986,0,0,0,0
366,27099,235.2482996814019,0,0,0,0,0,0,0,1,0,3.203071948835128,784.8315001689652,3.203071948835128,35.07529968140162,8,1,0,1864.596216040332,0,0,0,0
367,28939,240.8700771843976,0,0,0,0,0,0,0,1,0,3.254166119747272,797.7701557022239,3.254166119747272,40.69707718439732,8,1,0,556.2790476437714,0,0,0,0
368,30125,247.284949123917,0,0,0,0,0,0,0,1,0,3.3079077173597,810.2929936195678,3.3079077173597,47.11194912391586,8,1,0,1477.760859821589,0,0,0,0
369,27322,232.156638009583,0,0,0,0,0,0,0,1,0,3.113076932024971,765.3013241431088,3.113076932024971,31.98363800958417,8,1,0,810.5129845095298,0,0,0,0
370,19850,238.9381963509636,0,0,0,2,16,0,0,0,0,3.245638565381527,797.1587799588984,3.245638565381527,-1,8,0,1,325.5178319230029,0,0,0,0
371,20144,212.2488082613266,0,0,0,2,15,0,0,0,0,3.248002180404863,797.0699978982568,3.248002180404863,-1,8,0,1,3686.580480356204,0,0,0,0
372,20008,201.1982364453048,0,0,0,1,8,0,0,0,0,3.380212399601797,832.913483662746,3.380212399601797,-1,8,0,1,830.4623630090316,0,0,0,0
373,23262,215.172202051536,0,0,0,0,0,0,0,1,0,3.246254418888926,796.4088373010578,3.246254418888926,14.99920205153584,8,1,0,31.76415856640163,0,0,0,0
374,24359,219.038170093674,0,0,0,0,0,0,0,1,0,3.24425762735201,795.4245473349713,3.24425762735201,18.86517009367482,8,1,0,598.388003675822,0,0,0,0
375,19877,202.7308861314262,0,0,0,0,0,0,0,0,0,3.319157006455126,814.6914075554363,3.319157006455126,-1,8,0,1,140.665503338716,0,0,0,0
376,23278,217.0245092312979,0,0,0,0,0,0,0,1,0,3.298449416176684,811.3120466044805,3.298449416176684,16.85150923129795,8,1,0,3037.878744840058,0,0,0,0
377,19578,218.1393582435089,0,0,0,1,7,0,0,0,0,3.182212823223384,780.6916543158425,3.182212823223384,-1,8,0,1,4592.541013452433,0,0,0,0
378,20314,208.3142271440593,0,0,0,1,7,0,0,0,0,3.243521264359367,795.2312076330252,3.243521264359367,-1,8,0,1,703.7232885355828,0,0,0,0
379,25499,226.5619980213944,0,0,0,0,0,0,0,1,0,3.229907187340773,791.6161667824965,3.229907187340773,26.38899802139461,8,1,0,1372.72640517733,0,0,0,0
380,24414,221.8624419750737,0,0,0,0,0,0,0,1,0,3.338232050382523,820.0108394193776,3.338232050382523,21.68944197507369,8,1,0,225.0935713807635,0,0,0,0
381,19999,245.9365361637558,0,0,0,4,26,0,0,0,0,3.243198293089579,794.8210248153111,3.243198293089579,-1,8,0,1,26.58518099067089,0,0,0,0
382,19828,202.5107844068629,0,0,0,0,0,0,0,0,0,3.154951022123607,770.691370793216,3.154951022123607,-1,8,0,1,4982.946964490139,0,0,0,0
383,23770,221.3402766578936,0,0,0,0,0,0,0,1,0,3.116846398136506,758.6412946638128,3.116846398136506,21.16727665789355,8,1,0,2584.800020042596,0,0,0,0
384,19294,231.9104803999391,0,0,0,2,20,0,0,0,0,3.149007872782291,771.8492425797962,3.149007872782291,-1,8,0,1,4456.571570679185,0,0,0,0
385,30348,249.8947670267692,0,0,0,0,0,0,0,1,0,3.205218517873017,784.0851103781674,3.205218517873017,49.72176702670073,8,1,0,1400.466643822879,0,0,0,0
386,25542,229.6106239997023,0,0,0,0,0,0,0,1,0,3.178517278643739,775.2411168191127,3.178517278643739,29.43762399970268,8,1,0,229.2095430021465,0,0,0,0
387,30950,250.4593622994553,0,0,0,0,0,0,0,1,0,3.197793443687189,787.1073909819543,3.197793443687189,50.28636229945507,8,1,0,1656.234721653473,0,0,0,0
388,28053,239.2746258233085,0,0,0,0,0,0,0,1,0,3.175958219517284,776.5585875757558,3.175958219517284,39.10162582327208,8,1,0,1408.576914426118,0,0,0,0
389,19828,205.8649561729191,0,0,0,1,5,0,0,0,0,3.150466000818467,771.0241670331258,3.150466000818467,-1,8,0,1,934.0657047796818,0,0,0,0
390,29191,244.7339508288795,0,0,0,0,0,0,0,1,0,3.191208018232783,782.4280447911467,3.191208018232783,44.56095082887864,8,1,0,742.0468849297657,0,0,0,0
391,22144,210.9413654148476,0,0,0,0,0,0,0,1,0,3.251588118029824,797.666342879535,3.251588118029824,10.76836541484754,8,1,0,7142.78885575566,0,0,0,0
392,22505,211.6655204040121,0,0,0,0,0,0,0,1,0,3.221605422577698,791.4560034398656,3.221605422577698,11.49252040401164,8,1,0,315.5790195225256,0,0,0,0
393,25681,228.0526392423751,0,0,0,0,0,0,0,1,0,3.221538590880893,790.8118820409733,3.221538590880893,27.87963924237481,8,1,0,2173.775491877773,0,0,0,0
394,23364,216.9223940489827,0,0,0,0,0,0,0,1,0,3.199800565135587,783.0110602678343,3.199800565135587,16.74939404898302,8,1,0,3257.764618111692,0,0,0,0
395,26502,230.3151043230412,0,0,0,0,0,0,0,1,0,3.277234730782177,805.8754361538565,3.277234730782177,30.14210432304241,8,1,0,4050.851917810156,0,0,0,0
396,23601,219.3834564341018,0,0,0,0,0,0,0,1,0,3.158403270740984,769.5920123506087,3.158403270740984,19.21045643410234,8,1,0,71.90084990346698,0,0,0,0
397,26793,234.8396475269576,0,0,0,0,0,0,0,1,0,3.222196385148491,791.2955239379778,3.222196385148491,34.66664752695726,8,1,0,893.2909578350739,0,0,0,0
398,30235,247.3148776721182,0,0,0,0,0,0,0,1,0,3.156835240604359,775.1527116330439,3.156835240604359,47.14187767211736,8,1,0,1546.425621615264,0,0,0,0
399,22574,215.2225959555734,0,0,0,0,0,0,0,1,0,3.172364169381285,777.2976943120352,3.172364169381285,15.04959595557284,8,1,0,978.0801547360503,0,0,0,0
400,23058,216.9649484038768,0,0,0,0,0,0,0,1,0,3.216097196279083,788.2199879860251,3.216097196279083,16.7919484038766,8,1,0,2872.128232942441,0,0,0,0
401,27897,236.390456604256,0,0,0,0,0,0,0,1,0,3.154590632692878,773.1893287915162,3.154590632692878,36.21745660425573,8,1,0,960.0728867190709,0,0,0,0
402,19915,238.6131607262252,0,0,0,2,25,0,0,0,0,3.294691899289651,809.1121185988638,3.294691899289651,-1,8,0,1,2422.264572127575,0,0,0,0
403,30206,246.6846280492225,0,0,0,0,0,0,0,1,0,3.332792371821057,819.2049069578526,3.332792371821057,46.51162804922231,8,1,0,620.9907309509898,0,0,0,0
404,26741,236.9912827905472,0,0,0,0,0,0,0,1,0,3.087262158264061,749.8221724109186,3.087262158264061,36.81828279054675,8,1,0,1217.584914684045,0,0,0,0
405,24094,220.6332019938895,0,0,0,0,0,0,0,1,0,3.203212109918454,786.0326098298128,3.203212109918454,20.46020199388954,8,1,0,1626.95206909083,0,0,0,0
406,19735,218.8018178200934,0,0,0,2,22,0,0,0,0,3.219591518173322,788.5590051150216,3.219591518173322,-1,8,0,1,687.1261377847263,0,0,0,0
407,27391,236.5105910522525,0,0,0,0,0,0,0,1,0,3.235350844807134,793.4931519135307,3.235350844807134,36.33759105225166,8,1,0,134.3870996676836,0,0,0,0
408,26952,231.2108056980638,0,0,0,0,0,0,0,1,0,3.276494360935613,805.7300938299963,3.276494360935613,31.03780569806395,8,1,0,2946.80796230822,0,0,0,0
409,25411,227.5907227638796,0,0,0,0,0,0,0,1,0,3.207095316570957,785.3197742535976,3.207095316570957,27.41772276387946,8,1,0,5327.575753577355,0,0,0,0
410,31106,252.2559450404801,0,0,0,0,0,0,0,1,0,3.256034354858041,799.9911572396326,3.256034354858041,52.08294504047991,8,1,0,2498.186712198782,0,0,0,0
411,20216,222.8351629753001,0,0,0,2,12,0,0,0,0,3.16161360178524,773.564299382673,3.16161360178524,-1,8,0,1,1281.144358118501,0,0,0,0
412,23764,219.4133426308757,0,0,0,0,0,0,0,1,0,3.09445830987162,754.3327118173075,3.09445830987162,19.24034263087509,8,1,0,62.51296938168694,0,0,0,0
413,19585,219.2059181965026,0,0,0,5,37,0,0,0,0,3.229464877674784,790.0467572487076,3.229464877674784,-1,8,0,1,2360.197541773664,0,0,0,0
414,29891,248.2989783422906,0,0,0,0,0,0,0,1,0,3.183421331631,778.4493205437068,3.183421331631,48.12597834229115,8,1,0,3928.763010363487,0,0,0,0
415,20235,211.6185969696492,0,0,0,1,5,0,0,0,0,3.242789545467397,795.5999375581702,3.242789545467397,-1,8,0,1,877.5841368969467,0,0,0,0
416,25909,230.4979318814785,0,0,0,0,0,0,0,1,0,3.142067787710532,768.7496305199526,3.142067787710532,30.3249318814783,8,1,0,2037.25898315652,0,0,0,0
417,21723,227.305426588602,0,0,0,3,20,0,0,0,0,3.166831952768695,774.9420731333472,3.166831952768695,-1,8,0,1,4291.918230115869,0,0,0,0
418,27720,236.4513352689229,0,0,0,0,0,0,0,1,0,3.279121559832475,805.0700095429985,3.279121559832475,36.2783352689226,8,1,0,1042.847306421864,0,0,0,0
419,23747,217.4379191102918,0,0,0,0,0,0,0,1,0,3.074435878073438,749.6425690068673,3.074435878073438,17.26491911029165,8,1,0,405.2312280455849,0,0,0,0
420,27360,231.3156249597286,0,0,0,0,0,0,0,1,0,3.293588770830207,809.3564959213378,3.293588770830207,31.14262495972858,8,1,0,1346.522040556088,0,0,0,0
421,20829,252.8203869769367,0,0,0,2,15,0,0,0,0,3.311584298781302,812.351026066697,3.311584298781302,-1,8,0,1,1081.629136653021,0,0,0,0
422,27210,238.5693822200161,0,0,0,0,0,0,0,1,0,3.108985292834438,759.3923393887694,3.108985292834438,38.39638222001602,8,1,0,1456.784076147762,0,0,0,0
423,29271,243.8833537388275,0,0,0,0,0,0,0,1,0,3.315067758940744,812.6578722700696,3.315067758940744,43.71035373882712,8,1,0,1122.394090186829,0,0,0,0
424,26290,231.4299715749629,0,0,0,0,0,0,0,1,0,3.198077021410499,783.4284676824495,3.198077021410499,31.25697157496317,8,1,0,2998.558950739885,0,0,0,0
425,27627,231.8216328610663,0,0,0,0,0,0,0,1,0,3.266409478828463,802.1172304176873,3.266409478828463,31.64863286106583,8,1,0,898.2234800788244,0,0,0,0
426,27899,236.8062633438522,0,0,0,0,0,0,0,1,0,3.263575686591513,800.1312323409767,3.263575686591513,36.63326334385262,8,1,0,5194.928425856015,0,0,0,0
427,30037,247.8604817448579,0,0,0,0,0,0,0,1,0,3.140679734124369,768.8447797958291,3.140679734124369,47.68748174484646,8,1,0,80.20701219845613,0,0,0,0
428,24869,223.1913121485245,0,0,0,0,0,0,0,1,0,3.203931955224209,785.3169211219561,3.203931955224209,23.01831214852425,8,1,0,290.2993827353384,0,0,0,0
429,27059,232.4867295377822,0,0,0,0,0,0,0,1,0,3.160112357561508,775.4325781475762,3.160112357561508,32.31372953778251,8,1,0,1163.478342384104,0,0,0,0
430,20355,235.4781209429752,0,0,0,2,19,0,0,0,0,3.276036828980708,805.615217396843,3.276036828980708,-1,8,0,1,592.6327169058621,0,0,0,0
431,27251,235.9944449252069,0,0,0,0,0,0,0,1,0,3.143898776212242,768.6667179516168,3.143898776212242,35.82144492520749,8,1,0,2462.089127904592,0,0,0,0
432,32026,249.8915349160917,0,0,0,0,0,0,0,1,0,3.260462699045003,799.0583801397984,3.260462699045003,49.71853491609113,8,1,0,907.024124967067,0,0,0,0
433,22220,214.7507619657128,0,0,0,0,0,0,0,1,0,3.196984348890675,784.8128536630478,3.196984348890675,14.57776196571278,8,1,0,290.3785107466786,0,0,0,0
434,20265,216.1057666681899,0,0,0,1,11,0,0,0,0,3.052081335650297,743.026481281339,3.052081335650297,-1,8,0,1,354.2749847801952,0,0,0,0
435,30055,242.6343575596244,0,0,0,0,0,0,0,1,0,3.35778802215662,825.5792763499782,3.35778802215662,42.46135755962485,8,1,0,476.5346231959695,0,0,0,0
436,28470,239.9009744663658,0,0,0,0,0,0,0,1,0,3.130311648018531,765.3701554626937,3.130311648018531,39.72797446636543,8,1,0,1000.395960803471,0,0,0,0
437,26830,232.4279422824092,0,0,0,0,0,0,0,1,0,3.277147462879971,805.3972065254136,3.277147462879971,32.25494228240949,8,1,0,5478.784083045734,0,0,0,0
438,31477,252.2127265906978,0,0,0,0,0,0,0,1,0,3.319552913214154,815.9534859871316,3.319552913214154,52.03972659069763,8,1,0,1750.582131286019,0,0,0,0
439,22802,210.8334989473418,0,0,0,0,0,0,0,1,0,3.252335128269,798.8611791708834,3.252335128269,10.6604989473423,8,1,0,553.9462922248224,0,0,0,0
440,30418,248.0712049037965,0,0,0,0,0,0,0,1,0,3.25999757557033,802.0090008010181,3.25999757557033,47.89820490379522,8,1,0,1934.805052328076,0,0,0,0
441,19707,231.1550342220985,0,0,0,3,28,0,0,0,0,3.311153713837966,813.6498248212272,3.311153713837966,-1,8,0,1,836.5196313585391,0,0,0,0
442,24257,220.8177823634534,0,0,0,0,0,0,0,1,0,3.30198853039603,810.283214498893,3.30198853039603,20.64478236345348,8,1,0,421.7049555371785,0,0,0,0
443,21238,223.1274177051173,0,0,0,2,8,0,0,0,0,3.173592376643573,776.0044835402305,3.173592376643573,-1,8,0,1,847.4809956728116,0,0,0,0
444,22663,211.0198564846113,0,0,0,0,0,0,0,1,0,3.214894390973872,788.0625820291485,3.214894390973872,10.8468564846116,8,1,0,2028.674800346616,0,0,0,0
445,24695,223.9713206524632,0,0,0,0,0,0,0,1,0,3.193584868638877,784.6908348791685,3.193584868638877,23.79832065246434,8,1,0,2089.755137985137,0,0,0,0
446,29875,243.3888883692169,0,0,0,0,0,0,0,1,0,3.092056452675504,754.5416432702268,3.092056452675504,43.21588836921651,8,1,0,2393.034825024008,0,0,0,0
447,29590,244.2185600561699,0,0,0,0,0,0,0,1,0,3.239314284171308,793.375717978383,3.239314284171308,44.04556005616983,8,1,0,2869.361290310693,0,0,0,0
448,25361,223.8842123200046,0,0,0,0,0,0,0,1,0,3.286033409918327,809.3870923239825,3.286033409918327,23.71121232000388,8,1,0,1562.93295088598,0,0,0,0
449,19310,200.1729999999997,0,0,0,0,0,0,0,0,0,3.222470351444194,789.6954955553208,3.222470351444194,-1,8,0,1,10792.86188705615,0,0,0,0
450,24383,220.4155249991313,0,0,0,0,0,0,0,1,0,3.202077641334802,784.6280478672883,3.202077641334802,20.24252499913169,8,1,0,2956.315051841714,0,0,0,0
451,30243,247.5682626871327,0,0,0,0,0,0,0,1,0,3.096489283312946,758.0778430135451,3.096489283312946,47.39526268713239,8,1,0,1991.433432694632,0,0,0,0
452,29014,243.4128115857803,0,0,0,0,0,0,0,1,0,3.323850019698506,816.7606214053196,3.323850019698506,43.23981158578064,8,1,0,4294.775726429385,0,0,0,0
453,29376,250.226342827864,0,0,0,0,0,0,0,1,0,3.303957584399223,813.993138571597,3.303957584399223,50.05334282784138,8,1,0,375.8920128682909,0,0,0,0
454,19536,217.1160240471825,0,0,0,2,17,0,0,0,0,3.218889884445728,790.6432021694825,3.218889884445728,-1,8,0,1,1162.505671746163,0,0,0,0
455,21604,212.6829000270257,0,0,0,1,5,0,0,0,0,3.317446022482168,814.7675573399321,3.317446022482168,-1,8,0,1,1860.4510751599,0,0,0,0
456,20023,200.1729999999998,0,0,0,0,0,0,0,0,0,3.280592607552609,804.1539070265296,3.280592607552609,-1,8,1,0,13121.78075965566,0,0,0,0
457,20528,233.5684816749503,0,0,0,3,19,0,0,0,0,3.20475844856449,784.4474304821873,3.20475844856449,-1,8,0,1,2990.328921452071,0,0,0,0
458,29246,246.2915953902047,0,0,0,0,0,0,0,1,0,3.103249656391556,757.0231959673024,3.103249656391556,46.11859539020499,8,1,0,135.7962994559209,0,0,0,0
459,26774,233.4675117195903,0,0,0,0,0,0,0,1,0,3.103379482399064,757.0298642247348,3.103379482399064,33.29451171959012,8,1,0,1494.437807167758,0,0,0,0
460,30042,243.690125944773,0,0,0,0,0,0,0,1,0,3.224456460254193,791.1541453241472,3.224456460254193,43.51712594477259,8,1,0,619.6266604385785,0,0,0,0
461,27799,233.822032612289,0,0,0,0,0,0,0,1,0,3.224417930656553,793.5758184875488,3.224417930656553,33.64903261228984,8,1,0,773.3413922596264,0,0,0,0
462,28495,240.4352721567578,0,0,0,0,0,0,0,1,0,3.270936516825285,803.3929149566746,3.270936516825285,40.26227215675748,8,1,0,1274.705963620126,0,0,0,0
463,29041,241.6905270144336,0,0,0,0,0,0,0,1,0,3.273983627021588,802.5175519760751,3.273983627021588,41.51752701443369,8,1,0,450.0605014400937,0,0,0,0
464,30690,251.2021840517306,0,0,0,0,0,0,0,1,0,3.162332642235583,773.9101784713133,3.162332642235583,51.02918405173062,8,1,0,327.0756930253865,0,0,0,0
465,31117,252.2028493680698,0,0,0,0,0,0,0,1,0,3.287230345936605,806.8874432374274,3.287230345936605,52.02984936806969,8,1,0,443.634661634194,0,0,0,0
466,30809,252.8422774722195,0,0,0,0,0,0,0,1,0,3.258906640653529,799.1156249917623,3.258906640653529,52.66927747222068,8,1,0,1125.88769392299,0,0,0,0
467,30738,253.9411423630652,0,0,0,0,0,0,0,1,0,3.182343801819949,779.1153577362019,3.182343801819949,53.76814236306539,8,1,0,973.2502246513645,0,0,0,0
468,26444,230.5190025685301,0,0,0,0,0,0,0,1,0,3.208167256840085,784.5354064659903,3.208167256840085,30.34600256853009,8,1,0,1137.786795617759,0,0,0,0
469,30620,251.6556863479939,0,0,0,0,1,0,0,1,0,3.146057214990082,769.8881234922719,3.146057214990082,51.45770988771507,8,1,0,3705.215596460033,0,0,0,0
470,27035,236.6824700820127,0,0,0,0,0,0,0,1,0,3.137546410215309,770.4816414987081,3.137546410215309,36.50947008201204,8,1,0,2890.099845636597,0,0,0,0
471,19515,208.8692969399523,0,0,0,3,26,0,0,0,0,3.124697592972685,764.566094154114,3.124697592972685,-1,8,0,1,3579.387445095177,0,0,0,0
472,19948,205.1001311349282,0,0,0,1,6,0,0,0,0,2.967969136176242,723.2869825252845,2.967969136176242,-1,8,0,1,3276.592352270733,0,0,0,0
473,24068,217.7605091576988,0,0,0,0,0,0,0,1,0,3.146697221500369,768.3927764507634,3.146697221500369,17.58750915769847,8,1,0,1805.604594420013,0,0,0,0
474,29026,241.92876905596,0,0,0,0,0,0,0,1,0,3.396282792977807,835.3791514306959,3.396282792977807,41.75576905595955,8,1,0,1060.849558255917,0,0,0,0
475,29392,243.0544167712602,0,0,0,0,0,0,0,1,0,3.326133059529074,818.4049433292811,3.326133059529074,42.88141677126029,8,1,0,1900.021051039388,0,0,0,0
476,29425,244.1798535351369,0,0,0,0,0,0,0,1,0,3.219272770652411,785.8353793680869,3.219272770652411,44.00685353513689,8,1,0,2806.453816717025,0,0,0,0
477,28201,247.2584727679885,0,0,0,0,0,0,0,1,0,3.221935676443365,789.1994952836041,3.221935676443365,47.0854727679888,8,1,0,972.5782673327539,0,0,0,0
478,24441,220.4524831710711,0,0,0,0,0,0,0,1,0,3.230389925252755,790.4711692477482,3.230389925252755,20.27948317107114,8,1,0,3803.90443141733,0,0,0,0
479,30594,249.9187716908833,0,0,0,0,0,0,0,1,0,3.189173759329338,781.9697270167445,3.189173759329338,49.74577169088369,8,1,0,2348.037135178164,0,0,0,0
480,30348,247.561726730198,0,0,0,0,0,0,0,1,0,3.247407007827032,796.0837150572415,3.247407007827032,47.38872673019787,8,1,0,256.999453628811,0,0,0,0
481,23311,216.2912437102129,0,0,0,0,0,0,0,1,0,3.172197484690574,778.561978807942,3.172197484690574,16.11824371021264,8,1,0,293.0516069518765,0,0,0,0
482,19787,201.75498783756,0,0,0,0,0,0,0,0,0,3.085792172124977,753.3705639762493,3.085792172124977,-1,8,0,1,429.6699959537767,0,0,0,0
483,19245,202.8740374504716,0,0,0,0,0,0,0,0,0,3.238587232632911,792.851936268598,3.238587232632911,-1,8,0,1,4306.102852687176,0,0,0,0
484,30240,249.0708699098556,0,0,0,0,0,0,0,1,0,3.19225530334902,780.7249137520192,3.19225530334902,48.89786990988954,8,1,0,5390.067262361439,0,0,0,0
485,30409,251.427367138139,0,0,0,0,0,0,0,1,0,3.256258524317864,798.1040705446483,3.256258524317864,51.25436713817909,8,1,0,31.81586634913,0,0,0,0
486,20184,221.0257658141766,0,0,0,1,9,0,0,0,0,3.153197874039018,772.3071149591643,3.153197874039018,-1,8,0,1,939.5301467911003,0,0,0,0
487,27062,235.5530761132245,0,0,0,0,0,0,0,1,0,3.216718853859019,786.8910133581519,3.216718853859019,35.380076113224,8,1,0,287.3740527283436,0,0,0,0
488,30181,245.088788071812,0,0,0,0,0,0,0,1,0,3.291496359291168,807.3308762096138,3.291496359291168,44.91578807181214,8,1,0,531.8147360602359,0,0,0,0
489,19746,213.0244626748531,0,0,0,2,16,0,0,0,0,3.175930883806505,778.9802494957788,3.175930883806505,-1,8,0,1,1989.162233448838,0,0,0,0
490,25827,225.5585140198787,0,0,0,0,0,0,0,1,0,3.280206101066324,806.442374672942,3.280206101066324,25.38551401987832,8,1,0,705.2843391313326,0,0,0,0
491,20631,237.5056922808348,0,0,0,2,20,0,0,0,0,3.230931185817882,791.9332191499238,3.230931185817882,-1,8,0,1,129.7102183988655,0,0,0,0
492,29143,245.4943538955332,0,0,0,0,0,0,0,1,0,3.237684942020847,791.8297907738315,3.237684942020847,45.3213538955332,8,1,0,83.27585018388449,0,0,0,0
493,30983,251.4452906340093,0,0,0,0,0,0,0,1,0,3.239281549604494,793.4572634967521,3.239281549604494,51.27229063400909,8,1,0,3638.716397413913,0,0,0,0
494,28756,236.8690345342627,0,0,0,0,0,0,0,1,0,3.368990313198422,827.1571977854938,3.368990313198422,36.69603453426242,8,1,0,324.7726801634071,0,0,0,0
495,29040,241.0842362976228,0,0,0,0,0,0,0,1,0,3.149678623678505,770.278402548608,3.149678623678505,40.91123629762281,8,1,0,3867.617548252858,0,0,0,0
496,27094,231.3348599106,0,0,0,0,0,0,0,1,0,3.196269683210222,783.9686737965136,3.196269683210222,31.16185991060032,8,1,0,2132.64774191163,0,0,0,0
497,25714,225.0863744748403,0,0,0,0,0,0,0,1,0,3.236118364549619,793.274536318359,3.236118364549619,24.91337447483962,8,1,0,3955.428577238127,0,0,0,0
498,30603,250.3599671928771,0,0,0,0,0,0,0,1,0,3.197763176049111,785.9034330511714,3.197763176049111,50.18696719287704,8,1,0,1373.401848328711,0,0,0,0
499,27245,234.9609284119197,0,0,0,0,0,0,0,1,0,3.091521735646336,752.5293922762428,3.091521735646336,34.78792841192011,8,1,0,1269.423210185436,0,0,0,0
500,25636,230.9103470561661,0,0,0,0,0,0,0,1,0,3.215897395888358,786.1172615160174,3.215897395888358,30.73734705616592,8,1,0,563.9319065369557,0,0,0,0
501,27901,235.8515561083274,0,0,0,0,0,0,0,1,0,3.247837609139702,794.5315896599798,3.247837609139702,35.67855610832709,8,1,0,288.9611485757033,0,0,0,0
502,30517,246.6669623466112,0,0,0,0,0,0,0,1,0,3.157573907482431,770.9772406605829,3.157573907482431,46.49396234661045,8,1,0,33.5007993596274,0,0,0,0
503,20879,212.3294651289185,0,0,0,0,0,0,0,0,0,3.27042071992024,802.5190762153106,3.27042071992024,-1,8,0,1,3531.753960162269,0,0,0,0
504,19821,214.3579636839405,0,0,0,3,17,0,0,0,0,3.289460153193524,808.0689632671738,3.289460153193524,-1,8,0,1,752.7471231139048,0,0,0,0
505,28680,238.8108097544095,0,0,0,0,0,0,0,1,0,3.159870568048601,773.2415787107478,3.159870568048601,38.6378097544092,8,1,0,1113.133400825833,0,0,0,0
506,26777,236.3194711532838,0,0,0,0,0,0,0,1,0,3.229300815987618,794.6123301030398,3.229300815987618,36.14647115328293,8,1,0,344.1371652205016,0,0,0,0
507,28217,241.0368846371423,0,0,0,0,0,0,0,1,0,3.223476758646964,791.6658138498171,3.223476758646964,40.86388463714262,8,1,0,1246.84243991889,0,0,0,0
508,25089,224.5410600700905,0,0,0,0,0,0,0,1,0,3.295090342609293,811.6778108416426,3.295090342609293,24.3680600700907,8,1,0,227.7820226561163,0,0,0,0
509,25026,223.6807949071655,0,0,0,0,0,0,0,1,0,3.245310261960772,796.4445078866569,3.245310261960772,23.50779490716533,8,1,0,2915.873249721652,0,0,0,0
510,29092,241.7389354417936,0,0,0,0,0,0,0,1,0,3.079232657681305,753.4832896994061,3.079232657681305,41.56593544179356,8,1,0,1252.543962010497,0,0,0,0
511,20065,239.349863413938,0,0,0,3,20,0,0,0,0,3.111274845865846,759.2314347811622,3.111274845865846,-1,8,0,1,409.3670192529054,0,0,0,0
512,28960,240.4556203219698,0,0,0,0,0,0,0,1,0,3.191251940595849,784.0684003183587,3.191251940595849,40.28262032197061,8,1,0,2595.474413448217,0,0,0,0
513,30721,247.9319421237985,0,0,0,0,0,0,0,1,0,3.297673750695967,811.2070004261686,3.297673750695967,47.75894212379793,8,1,0,4260.02608357484,0,0,0,0
514,26282,230.2692800575554,0,0,0,0,0,0,0,1,0,3.171086909303552,775.9946030767371,3.171086909303552,30.09628005755544,8,1,0,2791.86631590822,0,0,0,0
515,27276,233.2699814091574,0,0,0,0,0,0,0,1,0,3.223971391297053,788.7595234729584,3.223971391297053,33.09698140915693,8,1,0,523.3289045805041,0,0,0,0
516,32172,251.3656864031729,0,0,0,0,0,0,0,1,0,3.296571836120761,811.2031608197944,3.296571836120761,51.19268640317231,8,1,0,528.8125230243278,0,0,0,0
517,26189,227.6644047835399,0,0,0,0,0,0,0,1,0,3.226058993263831,793.4129084308315,3.226058993263831,27.49140478356811,8,1,0,530.5803208074805,0,0,0,0
518,19926,225.6598607707851,0,0,0,3,17,0,0,0,0,3.177822512353157,777.2015350992107,3.177822512353157,-1,8,0,1,1477.6313240411,0,0,0,0
519,27316,234.8947213491253,0,0,0,0,0,0,0,1,0,3.331982573709569,818.2570828348456,3.331982573709569,34.72172134912542,8,1,0,2413.328866609392,0,0,0,0
520,29684,247.9503537106708,0,0,0,0,0,0,0,1,0,3.266086442955238,799.4485090402026,3.266086442955238,47.7773537106705,8,1,0,704.5322790539956,0,0,0,0
521,19851,234.9370920822202,0,0,0,2,12,0,0,0,0,3.264598280154038,800.6851995668496,3.264598280154038,-1,8,0,1,3803.062946553498,0,0,0,0
522,30751,247.3321548160116,0,0,0,0,0,0,0,1,0,3.215876151825678,790.5786800428028,3.215876151825678,47.1591548160113,8,1,0,1671.740149235765,0,0,0,0
523,24810,224.685951904244,0,0,0,0,0,0,0,1,0,3.262379470207631,800.0310544075248,3.262379470207631,24.51295190424318,8,1,0,3606.838668802942,0,0,0,0
524,31607,250.4865444479631,0,0,0,0,0,0,0,1,0,3.247010706309037,796.7771303320334,3.247010706309037,50.313544447963,8,1,0,381.2691520920183,0,0,0,0
525,26993,231.4141874308031,0,0,0,0,0,0,0,1,0,3.130124215004555,767.3446489927824,3.130124215004555,31.24118743080284,8,1,0,2376.345737797048,0,0,0,0
526,27171,232.2379885277106,0,0,0,0,0,0,0,1,0,3.258436889648555,799.6518912814977,3.258436889648555,32.06498852770976,8,1,0,661.3470631134946,0,0,0,0
527,22049,213.7104762348608,0,0,0,0,0,0,0,1,0,3.075887533515334,751.4799311473402,3.075887533515334,13.5374762348609,8,1,0,62.847105992305,0,0,0,0
528,26201,230.1161628302494,0,0,0,0,0,0,0,1,0,3.265893334707197,800.1296781484342,3.265893334707197,29.94316283024958,8,1,0,118.6531201460361,0,0,0,0
529,25568,222.2914690915532,0,0,0,0,0,0,0,1,0,3.204863122075911,785.131838038449,3.204863122075911,22.118469091553,8,1,0,995.5117953714418,0,0,0,0
530,25645,225.2959618795437,0,0,0,0,0,0,0,1,0,3.223716054058749,788.2438551937831,3.223716054058749,25.1229618795438,8,1,0,2766.840768500428,0,0,0,0
531,20167,226.3445977796688,0,0,0,2,16,0,0,0,0,3.367249966772954,827.9075673093545,3.367249966772954,-1,8,0,1,3284.095354159334,0,0,0,0
532,29594,244.2240630849776,0,0,0,0,0,0,0,1,0,3.20473849602699,786.312879849516,3.20473849602699,44.05106308497863,8,1,0,297.4369196563803,0,0,0,0
533,28406,237.2127919394359,0,0,0,0,0,0,0,1,0,3.319558466029016,817.4099201900229,3.319558466029016,37.0397919394365,8,1,0,805.5998650626594,0,0,0,0
534,26838,236.0412220288057,0,0,0,0,0,0,0,1,0,3.278854940123083,804.7422998696818,3.278854940123083,35.86822202880557,8,1,0,1268.227172813362,0,0,0,0
535,20826,239.9121404083341,0,0,0,1,10,0,0,0,0,3.16734188317479,773.9939986160266,3.16734188317479,-1,8,0,1,727.3718735360021,0,0,0,0
536,26689,233.1048347940703,0,0,0,0,0,0,0,1,0,3.217594901744127,787.872819185327,3.217594901744127,32.93183479406986,8,1,0,4633.473170282459,0,0,0,0
537,26734,235.841477407677,0,0,0,0,0,0,0,1,0,3.117217494338243,763.3935428214056,3.117217494338243,35.66847740767691,8,1,0,134.7699015226711,0,0,0,0
538,29256,245.0521214020242,0,0,0,0,0,0,0,1,0,3.247059181385191,796.1455685693029,3.247059181385191,44.8791214020233,8,1,0,2499.869564716596,0,0,0,0
539,27269,236.4116317037439,0,0,0,0,0,0,0,1,0,3.253660859289796,797.6807185302184,3.253660859289796,36.23863170374432,8,1,0,2854.153399384465,0,0,0,0
540,20359,252.5814737237966,0,0,0,3,15,0,0,0,0,3.189396673624586,778.9450734835351,3.189396673624586,-1,8,0,1,6230.254540631769,0,0,0,0
541,19598,202.4165132175453,0,0,0,0,0,0,0,0,0,3.088400125232519,755.9809317796532,3.088400125232519,-1,8,0,1,4687.16637049685,0,0,0,0
542,30084,245.4906652905687,0,0,0,0,0,0,0,1,0,3.145250815547469,766.079316810851,3.145250815547469,45.31766529056885,8,1,0,4586.184857179841,0,0,0,0
543,27410,235.1918276572208,0,0,0,0,0,0,0,1,0,3.167622010015529,772.933478370582,3.167622010015529,35.01882765722013,8,1,0,1227.999631995174,0,0,0,0
544,26363,228.2895947691197,0,0,0,0,0,0,0,1,0,3.119166301645894,763.1934951889443,3.119166301645894,28.11659476912016,8,1,0,5606.580283617589,0,0,0,0
545,31400,254.7486471451198,0,0,0,0,0,0,0,1,0,3.327710413448607,818.9426570415972,3.327710413448607,54.57564714511932,8,1,0,1372.59120615964,0,0,0,0
546,28226,241.1611564406792,0,0,0,0,0,0,0,1,0,3.119506462460158,762.42307947019,3.119506462460158,40.98815644067966,8,1,0,761.587735699041,0,0,0,0
547,26696,230.3309180188246,0,0,0,0,0,0,0,1,0,3.158702185734695,773.3681687492611,3.158702185734695,30.15791801882422,8,1,0,115.3864013926547,0,0,0,0
548,20250,210.4711730036152,0,0,0,1,6,0,0,0,0,3.132102381629886,763.7010096950141,3.132102381629886,-1,8,0,1,1803.484477366739,0,0,0,0
549,20786,214.96346008953,0,0,0,2,7,0,0,0,0,3.217034946153777,790.714973233578,3.217034946153777,-1,8,0,1,6325.566548481625,0,0,0,0
550,21473,217.3623482366536,0,0,0,1,7,0,0,0,0,3.173902626105454,778.730673461381,3.173902626105454,-1,8,0,1,1827.665600754792,0,0,0,0
551,24725,218.5395035768119,0,0,0,0,0,0,0,1,0,3.219747461547226,791.1227258451438,3.219747461547226,18.36650357681112,8,1,0,4359.188536624025,0,0,0,0
552,26242,231.1174413123766,0,0,0,0,0,0,0,1,0,3.207709798437524,785.146008442223,3.207709798437524,30.94444131237648,8,1,0,524.8743230448739,0,0,0,0
553,19868,219.3004816816616,0,0,0,3,34,0,0,0,0,3.242799890875674,794.3602251764582,3.242799890875674,-1,8,0,1,194.289036063018,0,0,0,0
554,22744,214.0931755042479,0,0,0,0,0,0,0,1,0,3.12997446118852,767.7886012793117,3.12997446118852,13.92017550424866,8,1,0,6254.193710222951,0,0,0,0
555,30026,248.4554662394674,0,0,0,0,0,0,0,1,0,3.229557052804776,791.5215961245808,3.229557052804776,48.28246623946785,8,1,0,5623.878529700388,0,0,0,0
556,27686,234.5236246182316,0,0,0,0,0,0,0,1,0,3.352511575056252,823.9561937674871,3.352511575056252,34.350624618232,8,1,0,371.9197258455736,0,0,0,0
557,22838,214.8225650823052,0,0,0,0,0,0,0,1,0,3.203785174289094,786.1394202407573,3.203785174289094,14.64956508230469,8,1,0,2960.871556683042,0,0,0,0
558,27634,233.8586439444631,0,0,0,0,0,0,0,1,0,3.200323303922068,786.245149090635,3.200323303922068,33.68564394446356,8,1,0,260.5802054759721,0,0,0,0
559,26449,231.9092765082542,0,0,0,0,0,0,0,1,0,3.255493542491083,800.8548167964431,3.255493542491083,31.73627650825413,8,1,0,2742.281465894146,0,0,0,0
560,24947,224.1106175111206,0,0,0,0,0,0,0,1,0,3.23554316503885,795.1507678072284,3.23554316503885,23.93761751112013,8,1,0,1010.918842167916,0,0,0,0
561,28618,244.7214254527709,0,0,0,0,0,0,0,1,0,3.084293849473845,754.0230198372909,3.084293849473845,44.54842545277094,8,1,0,58.95792692209922,0,0,0,0
562,27404,237.5773591145619,0,0,0,0,0,0,0,1,0,3.178145548142574,777.3723690786705,3.178145548142574,37.40435911456164,8,1,0,2529.203730371633,0,0,0,0
563,25120,222.5017783405331,0,0,0,0,0,0,0,1,0,3.273515839506254,801.8572460698543,3.273515839506254,22.32877834053334,8,1,0,518.3182053966,0,0,0,0
564,29019,240.3796677992425,0,0,0,0,0,0,0,1,0,3.239539487558781,796.7611232027903,3.239539487558781,40.20666779924314,8,1,0,1102.056337491518,0,0,0,0
565,19266,201.8788383932282,0,0,0,0,0,0,0,0,0,3.209863817103711,785.3744301987116,3.209863817103711,-1,8,0,1,5186.251607912722,0,0,0,0
566,28439,242.2414416289642,0,0,0,0,0,0,0,1,0,3.212751356705379,787.1707352936817,3.212751356705379,42.06844162900651,8,1,0,304.9146944464012,0,0,0,0
567,19927,225.9474773040368,0,0,0,3,15,0,0,0,0,3.190676772785711,780.4453186905544,3.190676772785711,-1,8,0,1,135.1426323459508,0,0,0,0
568,23909,219.8395589299765,0,0,0,0,0,0,0,1,0,3.207157336951384,785.8949441028412,3.207157336951384,19.66655892997595,8,1,0,961.2124417996286,0,0,0,0
569,26549,229.0748460323614,0,0,0,0,0,0,0,1,0,3.28606009280093,809.422469073185,3.28606009280093,28.90184603236098,8,1,0,2196.571528477683,0,0,0,0
570,28726,239.8230682444586,0,0,0,0,0,0,0,1,0,3.01669837373129,736.0314884332696,3.01669837373129,39.65006824445842,8,1,0,41.72298849571079,0,0,0,0
571,22434,214.3147642003279,0,0,0,0,0,0,0,1,0,3.172032164841003,776.4622736764638,3.172032164841003,14.14176420032892,8,1,0,40.10883629485801,0,0,0,0
572,25056,224.7508901120872,0,0,0,0,0,0,0,1,0,3.256108639067013,799.5331688594063,3.256108639067013,24.57789011208706,8,1,0,1408.106705394558,0,0,0,0
573,19920,201.5490171632206,0,0,0,0,0,0,0,0,0,3.261461497570352,798.1108588151067,3.261461497570352,-1,8,0,1,480.0606596158988,0,0,0,0
574,20561,215.1556270341498,0,0,0,2,5,0,0,0,0,3.248283274916307,796.4127870308653,3.248283274916307,-1,8,0,1,967.1846524739573,0,0,0,0
575,22065,214.334171423859,0,0,0,0,0,0,0,1,0,3.186734958582892,779.4887029221891,3.186734958582892,14.16117142385859,8,1,0,419.5731295802193,0,0,0,0
576,19649,201.5804431267642,0,0,0,0,0,0,0,0,0,3.174875443329595,776.6775346052867,3.174875443329595,-1,8,0,1,15.9681948807207,0,0,0,0
577,28371,238.2504647118442,0,0,0,0,0,0,0,1,0,3.337379801696253,823.5280764367852,3.337379801696253,38.07746471184429,8,1,0,4631.145224845041,0,0,0,0
578,30642,253.3467152809504,0,0,0,0,0,0,0,1,0,3.342289154046092,821.8320912534147,3.342289154046092,53.17371528095038,8,1,0,76.09714086854324,0,0,0,0
579,27975,236.3922818984233,0,0,0,0,0,0,0,1,0,3.332688361227444,817.69606105132,3.332688361227444,36.21928189842346,8,1,0,8355.527568699466,0,0,0,0
580,30350,247.4899216723468,0,0,0,0,0,0,0,1,0,3.076786122108834,751.2195324346291,3.076786122108834,47.31692167234711,8,1,0,962.9788019461324,0,0,0,0
581,31069,253.8309991416157,0,0,0,0,0,0,0,1,0,3.270179201992039,801.7303804753267,3.270179201992039,53.65799914160053,8,1,0,1015.587623063743,0,0,0,0
582,27666,235.0190771368564,0,0,0,0,0,0,0,1,0,3.207986686898579,787.2641797134803,3.207986686898579,34.84607713685666,8,1,0,2623.646843960365,0,0,0,0
583,29342,240.4330385637418,0,0,0,0,0,0,0,1,0,3.225033870603179,793.0903034912808,3.225033870603179,40.26003856374128,8,1,0,3116.416564065014,0,0,0,0
584,31521,249.2987922785327,0,0,0,0,0,0,0,1,0,3.2277056189361,793.9794436764614,3.2277056189361,49.1257922785355,8,1,0,1673.798921418229,0,0,0,0
585,28026,238.2939302679247,0,0,0,0,0,0,0,1,0,3.210673514901933,789.3594041657672,3.210673514901933,38.1209302679245,8,1,0,950.8903850650262,0,0,0,0
586,30754,252.1209759666624,0,0,0,0,0,0,0,1,0,3.19462446381236,783.5796285525826,3.19462446381236,51.94797596665064,8,1,0,4421.156357807244,0,0,0,0
587,29301,244.9104624330346,0,0,0,0,0,0,0,1,0,3.261136217319406,800.6840958249649,3.261136217319406,44.73746243303461,8,1,0,1114.073701711623,0,0,0,0
588,22287,249.6785336431799,0,0,0,3,6,0,0,0,0,3.381249273481297,833.0739503612128,3.381249273481297,-1,8,0,1,763.416334525316,0,0,0,0
589,21027,221.3305875977705,0,0,0,2,13,0,0,0,0,3.157393729372533,772.1210704728708,3.157393729372533,-1,8,0,1,377.3650627632379,0,0,0,0
590,24524,221.3172045092333,0,0,0,0,0,0,0,1,0,3.07188066368385,752.101441866757,3.07188066368385,21.14420450923292,8,1,0,2001.830180622944,0,0,0,0
591,26960,232.9553688370477,0,0,0,0,0,0,0,1,0,3.142566450105189,768.8249483129466,3.142566450105189,32.78236883704781,8,1,0,2159.708439520851,0,0,0,0
592,27301,234.0889461590194,0,0,0,0,0,0,0,1,0,3.154187116896697,771.1003713992808,3.154187116896697,33.91594615901888,8,1,0,2131.338607866081,0,0,0,0
593,29641,247.0385089551029,0,0,0,0,0,0,0,1,0,3.224665030504333,790.3752199223745,3.224665030504333,46.86550895510308,8,1,0,2191.710090645641,0,0,0,0
594,24141,224.4656499573678,0,0,0,0,0,0,0,1,0,3.133065027339689,768.2641956365459,3.133065027339689,24.29264995736857,8,1,0,2064.359124042329,0,0,0,0
595,28365,238.7421584015219,0,0,0,0,0,0,0,1,0,3.159162960067261,774.0143431404482,3.159162960067261,38.56915840152265,8,1,0,4912.19228407742,0,0,0,0
596,23464,221.944045846647,0,0,0,0,0,0,0,1,0,3.103438507036394,755.4957639863763,3.103438507036394,21.77104584664682,8,1,0,90.12410273480256,0,0,0,0
597,29953,245.6699357017075,0,0,0,0,0,0,0,1,0,3.169164458839932,776.3666378246361,3.169164458839932,45.49693570170719,8,1,0,1247.243477990254,0,0,0,0
598,20237,227.3437839557877,0,0,0,4,25,0,0,0,0,3.242911972183423,796.1441925557275,3.242911972183423,-1,8,0,1,603.5398961601475,0,0,0,0
599,30497,247.3978649137933,0,0,0,0,0,0,0,1,0,3.161119465755522,771.0953965794627,3.161119465755522,47.22486491379291,8,1,0,546.8156724264389,0,0,0,0
600,28535,241.4819703911107,0,0,0,0,0,0,0,1,0,3.138014223334124,766.3120447571456,3.138014223334124,41.30897039111101,8,1,0,4510.61226255271,0,0,0,0
601,28767,238.261103407875,0,0,0,0,0,0,0,1,0,3.324408031635573,818.6926456715206,3.324408031635573,38.08810340787502,8,1,0,2425.491807263161,0,0,0,0
602,29563,245.4654766149814,0,0,0,0,0,0,0,1,0,3.350444702705063,823.9694596935667,3.350444702705063,45.2924766149811,8,1,0,3893.193683456062,0,0,0,0
603,29075,253.514782398964,0,0,0,0,0,0,0,1,0,3.169245244722864,776.3243790539303,3.169245244722864,53.34178239896582,8,1,0,1097.256614388256,0,0,0,0
604,20644,215.2568545984403,0,0,0,2,13,0,0,0,0,3.278223654617058,805.1978995077922,3.278223654617058,-1,8,0,1,3550.696113300975,0,0,0,0
605,29212,244.3011268667585,0,0,0,0,0,0,0,1,0,3.156722212407772,772.3202439513798,3.156722212407772,44.12812686675802,8,1,0,989.1941343675874,0,0,0,0
606,25916,226.2055058096503,0,0,0,0,0,0,0,1,0,3.259877224700133,799.7111038080081,3.259877224700133,26.03250580965053,8,1,0,2428.907424021481,0,0,0,0
607,28068,237.2543439306732,0,0,0,0,0,0,0,1,0,3.245190075009834,798.2344489227316,3.245190075009834,37.08134393067349,8,1,0,679.4809636369781,0,0,0,0
608,26769,237.229084822298,0,0,0,0,0,0,0,1,0,3.171012856817792,777.6799213271911,3.171012856817792,37.05608482309802,8,1,0,81.34726713316331,0,0,0,0
609,30068,250.7732799875932,0,0,0,0,0,0,0,1,0,3.198806691241911,785.2968049103152,3.198806691241911,50.60027998759237,8,1,0,1417.90277399505,0,0,0,0
610,25305,228.7835436579305,0,0,0,0,0,0,0,1,0,3.238714013441086,795.6418338248553,3.238714013441086,28.61054365793052,8,1,0,1769.979624567648,0,0,0,0
611,28809,238.9580491467932,0,0,0,0,0,0,0,1,0,3.228619621910769,791.5859002567339,3.228619621910769,38.78504914679387,8,1,0,267.7861191686482,0,0,0,0
612,28551,242.5063946106276,0,0,0,0,0,0,0,1,0,3.230577091133333,792.8154079144011,3.230577091133333,42.33339461062767,8,1,0,480.4869765436082,0,0,0,0
613,29424,242.9655084462088,0,0,0,0,0,0,0,1,0,3.320393557103724,815.6198575335535,3.320393557103724,42.79250844620855,8,1,0,312.2637504720909,0,0,0,0
614,27391,231.0280425223993,0,0,0,0,0,0,0,1,0,3.248823374457141,797.1105766906196,3.248823374457141,30.8550425223987,8,1,0,506.5275356480972,0,0,0,0
615,27334,232.7801464704835,0,0,0,0,0,0,0,1,0,3.327981848937155,815.5493188844579,3.327981848937155,32.60714647048353,8,1,0,2189.841808428856,0,0,0,0
616,20818,225.998420621427,0,0,0,4,26,0,0,0,0,3.284472224643587,806.4934550177885,3.284472224643587,-1,8,0,1,698.8508751022675,0,0,0,0
617,26622,236.2801691407173,0,0,0,0,0,0,0,1,0,3.312654291577186,812.106966823985,3.312654291577186,36.10716914071693,8,1,0,959.2360812853999,0,0,0,0
618,29686,246.1719933088588,0,0,0,0,0,0,0,1,0,3.131274586915939,763.117734038953,3.131274586915939,45.99899330885795,8,1,0,426.0522275758879,0,0,0,0
619,30993,248.7919535351523,0,0,0,0,0,0,0,1,0,3.358514218655805,826.9563442284838,3.358514218655805,48.61895353515311,8,1,0,2351.49237909757,0,0,0,0
620,24321,220.1884035111832,0,0,0,0,0,0,0,1,0,3.231572290711532,790.9912461834483,3.231572290711532,20.01540351118324,8,1,0,923.3053171773356,0,0,0,0
621,27745,239.6819008507123,0,0,0,0,0,0,0,1,0,3.15025459981202,772.8606491302774,3.15025459981202,39.50890085071187,8,1,0,653.9324235913061,0,0,0,0
622,28539,238.3459946935867,0,0,0,0,0,0,0,1,0,3.205400309744201,786.3812566168156,3.205400309744201,38.1729946935867,8,1,0,1535.759812055235,0,0,0,0
623,19497,224.4267547673761,0,0,0,2,16,0,0,0,0,3.241825626699081,794.8533027905463,3.241825626699081,-1,8,0,1,575.0463426808182,0,0,0,0
624,24265,222.764735555506,0,0,0,0,0,0,0,1,0,3.234661067564631,794.2491529909081,3.234661067564631,22.59173555550526,8,1,0,2343.038619393252,0,0,0,0
625,25549,229.4930167099064,0,0,0,0,0,0,0,1,0,3.245327369671945,796.390962112593,3.245327369671945,29.32001670990716,8,1,0,7832.886173244781,0,0,0,0
626,20810,236.7003254218604,0,0,0,3,18,0,0,0,0,3.255793724308363,798.2209767324691,3.255793724308363,-1,8,0,1,416.7844989958029,0,0,0,0
627,29324,241.621293517296,0,0,0,0,0,0,0,1,0,3.167960624727226,776.9645063510674,3.167960624727226,41.44829351729585,8,1,0,2043.749332581349,0,0,0,0
628,26960,234.886900738002,0,0,0,0,0,0,0,1,0,3.130280589267299,768.4508953599678,3.130280589267299,34.71390073800233,8,1,0,1013.721104234887,0,0,0,0
629,31756,249.2804533917128,0,0,0,0,0,0,0,1,0,3.318106455515947,814.7534268915571,3.318106455515947,49.10745339171323,8,1,0,66.60396224809601,0,0,0,0
630,25402,226.9674361353046,0,0,0,0,0,0,0,1,0,3.216207069147445,791.0007828945671,3.216207069147445,26.79443613530475,8,1,0,3991.400225169863,0,0,0,0
631,29051,243.3048186075754,0,0,0,0,0,0,0,1,0,3.339870310230816,824.4017443668538,3.339870310230816,43.13181860757484,8,1,0,1650.714265711251,0,0,0,0
632,19881,202.6210627781019,0,0,0,0,0,0,0,0,0,3.229824544594644,792.4141152907047,3.229824544594644,-1,8,0,1,3205.115324657418,0,0,0,0
633,22924,212.4133054649995,0,0,0,0,0,0,0,1,0,3.270169726890385,804.5939913008248,3.270169726890385,12.24030546499946,8,1,0,6987.223253504962,0,0,0,0
634,29670,242.037406997833,0,0,0,0,0,0,0,1,0,3.164906847133835,777.0919486016463,3.164906847133835,41.86440699783189,8,1,0,1522.86387908252,0,0,0,0
635,26213,230.9731814467125,0,0,0,0,0,0,0,1,0,3.168827772332325,774.694875501731,3.168827772332325,30.80018144671209,8,1,0,1065.369227001145,0,0,0,0
636,25354,227.2747279078723,0,0,0,0,0,0,0,1,0,3.192825285571564,783.6760261691849,3.192825285571564,27.10172790787177,8,1,0,26.06380244541475,0,0,0,0
637,27695,238.6915667764365,0,0,0,0,0,0,0,1,0,3.258291384158201,799.9651399608241,3.258291384158201,38.51856677643628,8,1,0,6785.948974264832,0,0,0,0
638,23228,215.9034301284431,0,0,0,0,0,0,0,1,0,3.054998382092786,745.7892566638517,3.054998382092786,15.73043012844316,8,1,0,1154.228333973168,0,0,0,0
639,20443,222.9902568298942,0,0,0,3,13,0,0,0,0,3.198682898872922,782.5095542653537,3.198682898872922,-1,8,0,1,1533.042013050393,0,0,0,0
640,30125,249.7787249046991,0,0,0,0,0,0,0,1,0,3.174275637670732,776.147307035222,3.174275637670732,49.60572490469904,8,1,0,1940.376645047525,0,0,0,0
641,30557,248.2119572555891,0,0,0,0,0,0,0,1,0,3.223841007094229,790.9784657697392,3.223841007094229,48.03895725558862,8,1,0,4102.903579327856,0,0,0,0
642,19238,221.0932582438476,0,0,0,2,22,0,0,0,0,3.23715512527432,793.303184918884,3.23715512527432,-1,8,0,1,206.3824117310959,0,0,0,0
643,24154,223.5383310750481,0,0,0,0,0,0,0,1,0,3.23638162285139,794.8966783365737,3.23638162285139,23.36533107504826,8,1,0,1530.485877523802,0,0,0,0
644,22063,213.3929157197261,0,0,0,0,0,0,0,1,0,3.185440360550699,778.3987958684669,3.185440360550699,13.21991571972643,8,1,0,1710.448073731921,0,0,0,0
645,20253,220.3231624448332,0,0,0,3,27,0,0,0,0,3.304232996179499,809.7270670373264,3.304232996179499,-1,8,0,1,1221.36397958398,0,0,0,0
646,27475,234.1920261385927,0,0,0,0,0,0,0,1,0,3.176074183762272,776.1349776688088,3.176074183762272,34.01902613859345,8,1,0,3168.625741303456,0,0,0,0
647,23544,217.3411711727222,0,0,0,0,0,0,0,1,0,3.153676456431156,771.5120711251316,3.153676456431156,17.1681711727231,8,1,0,2685.14502323602,0,0,0,0
648,20201,224.315087768394,0,0,0,3,22,0,0,0,0,3.238596419933198,794.7747186829448,3.238596419933198,-1,8,0,1,92.52444443331784,0,0,0,0
649,27776,232.3212378050894,0,0,0,0,0,0,0,1,0,3.295448455186561,809.9218365444665,3.295448455186561,32.14823780508903,8,1,0,4580.580857852354,0,0,0,0
650,20255,226.6222562262804,0,0,0,3,27,0,0,0,0,3.22060433770385,790.9666755312974,3.22060433770385,-1,8,0,1,968.8864058922796,0,0,0,0
651,29901,246.0554004228367,0,0,0,0,0,0,0,1,0,3.246741842794017,798.9208116406479,3.246741842794017,45.88240042283627,8,1,0,649.0598324922813,0,0,0,0
652,28265,235.5973837465195,0,0,0,0,0,0,0,1,0,3.282032501862318,805.8430645158311,3.282032501862318,35.42438374651934,8,1,0,989.5501211888048,0,0,0,0
653,26533,229.809569266324,0,0,0,0,0,0,0,1,0,3.097821581947307,758.8782480644171,3.097821581947307,29.63656926632373,8,1,0,506.8220647679512,0,0,0,0
654,25520,227.3242393178315,0,0,0,0,0,0,0,1,0,3.265171497865202,799.643036110923,3.265171497865202,27.15123931783061,8,1,0,348.3991502651435,0,0,0,0
655,30741,253.0152846603709,0,0,0,0,0,0,0,1,0,3.271028259568488,803.1038893513354,3.271028259568488,52.84228466050906,8,1,0,746.8827194688124,0,0,0,0
656,27916,238.0713755464596,0,0,0,0,0,0,0,1,0,3.258458432677974,799.6882133361607,3.258458432677974,37.89837554646031,8,1,0,3622.652684716053,0,0,0,0
657,27584,235.761452896833,0,0,0,0,0,0,0,1,0,3.304680994552622,807.9049864520933,3.304680994552622,35.5884528968328,8,1,0,27.61181281064307,0,0,0,0
658,23800,220.4801931595967,0,0,0,0,0,0,0,1,0,3.200899773854922,783.516778841107,3.200899773854922,20.30719315959688,8,1,0,699.306296886881,0,0,0,0
659,19563,212.825235980759,0,0,0,2,12,0,0,0,0,3.201526089547226,784.0392594317062,3.201526089547226,-1,8,0,1,3241.0108901223,0,0,0,0
660,27258,235.7878230362542,0,0,0,0,0,0,0,1,0,3.217877942255788,787.1537609952002,3.217877942255788,35.61482303625426,8,1,0,1655.367612151922,0,0,0,0
661,22451,248.3801895547113,0,0,0,3,20,0,0,0,0,3.272823263492095,804.9831039540975,3.272823263492095,-1,8,0,1,374.5218242509195,0,0,0,0
662,31006,250.605341470411,0,0,0,0,0,0,0,1,0,3.099754746776556,755.6542714161895,3.099754746776556,50.43234147041074,8,1,0,380.5177763672342,0,0,0,0
663,20933,234.870271054307,0,0,0,4,26,0,0,0,0,3.101610681956213,757.6436097445961,3.101610681956213,-1,8,0,1,64.34855899214416,0,0,0,0
664,29843,245.5415752170884,0,0,0,0,0,0,0,1,0,3.206087202823439,786.5659439763162,3.206087202823439,45.36857521708909,8,1,0,381.9659698981478,0,0,0,0
665,28859,236.6506750073377,0,0,0,0,0,0,0,1,0,3.106817517696983,760.0693669510907,3.106817517696983,36.47767500733723,8,1,0,1371.565531650999,0,0,0,0
666,29419,245.4484191413134,0,0,0,0,0,0,0,1,0,3.203717235321367,782.7292564177898,3.203717235321367,45.27541914131304,8,1,0,2302.732764413053,0,0,0,0
667,31407,252.5940501106406,0,0,0,0,0,0,0,1,0,3.207381245771328,785.598631120212,3.207381245771328,52.42105011064051,8,1,0,1559.838304979537,0,0,0,0
668,31480,249.4766035644033,0,0,0,0,0,0,0,1,0,3.336000525628261,819.4256763649261,3.336000525628261,49.30360356440345,8,1,0,1658.472437723521,0,0,0,0
669,19937,201.9076750184178,0,0,0,0,0,0,0,0,0,3.216510574641275,787.0919865829659,3.216510574641275,-1,8,0,1,5034.715712382859,0,0,0,0
670,31361,249.6109992981692,0,0,0,0,0,0,0,1,0,3.279184875781875,805.8258553587891,3.279184875781875,49.43799929723138,8,1,0,1533.013425173114,0,0,0,0
671,29728,246.050709085926,0,0,0,0,0,0,0,1,0,3.216690936078295,788.5428095596633,3.216690936078295,45.87770908548288,8,1,0,103.8456941866075,0,0,0,0
672,28158,240.4566284011925,0,0,0,0,0,0,0,1,0,3.271333648264344,804.3810011379381,3.271333648264344,40.28362840119367,8,1,0,304.0860471030011,0,0,0,0
673,21092,212.942727314002,0,0,0,1,11,0,0,0,0,3.153559916769572,770.2723213093691,3.153559916769572,-1,8,0,1,123.9228319387434,0,0,0,0
674,30533,248.389109216381,0,0,0,0,0,0,0,1,0,3.308612168120415,812.3846574234368,3.308612168120415,48.21610921638136,8,1,0,2360.629077182559,0,0,0,0
675,19779,223.811882087123,0,0,0,2,5,0,0,0,0,3.12920259369427,763.966786086615,3.12920259369427,-1,8,0,1,466.9736771111393,0,0,0,0
676,20106,206.1755591746185,0,0,0,2,18,0,0,0,0,3.210801850046288,785.8038933905486,3.210801850046288,-1,8,0,1,1165.727978708016,0,0,0,0
677,19417,201.6902379619723,0,0,0,1,3,0,0,0,0,3.339568810773035,821.2179936655837,3.339568810773035,-1,8,0,1,4206.247657092582,0,0,0,0
678,19611,205.4371388250722,0,0,0,1,5,0,0,0,0,3.220509961222385,789.9199219551037,3.220509961222385,-1,8,0,1,592.3334281239323,0,0,0,0
679,29828,243.7257843105523,0,0,0,0,0,0,0,1,0,3.175389553224547,778.2228911640549,3.175389553224547,43.5527843105517,8,1,0,5145.733687577329,0,0,0,0
680,20588,202.6460664314656,0,0,0,0,0,0,0,0,0,3.227708943295739,792.9682785469276,3.227708943295739,-1,8,0,1,868.7794426644132,0,0,0,0
681,30599,246.5153821303973,0,0,0,0,0,0,0,1,0,3.049309464300296,745.1875263572699,3.049309464300296,46.34238213039607,8,1,0,3598.85822692257,0,0,0,0
682,28099,235.0869828690532,0,0,0,0,0,0,0,1,0,3.097901463517158,758.4835613428723,3.097901463517158,34.91398286905326,8,1,0,906.1414391146359,0,0,0,0
683,28679,240.1367205509206,0,0,0,0,0,0,0,1,0,3.178419222255763,777.5689021420454,3.178419222255763,39.96372055091269,8,1,0,592.5335407867045,0,0,0,0
684,26574,233.7195043665403,0,0,0,0,0,0,0,1,0,3.182809426822617,780.9410290696622,3.182809426822617,33.54650436653977,8,1,0,237.0915879273581,0,0,0,0
685,29465,241.073407620646,0,0,0,0,0,0,0,1,0,3.141888740748684,771.3008956597247,3.141888740748684,40.90040762064676,8,1,0,937.5301220795293,0,0,0,0
686,28083,236.545048868135,0,0,0,0,0,0,0,1,0,3.212180677313581,787.6466496988794,3.212180677313581,36.37204886813551,8,1,0,605.8012674840991,0,0,0,0
687,29242,242.4075084950261,0,0,0,0,0,0,0,1,0,3.211429560415228,787.3246037651227,3.211429560415228,42.23450849502596,8,1,0,4087.611548526302,0,0,0,0
688,27130,236.7070874904223,0,0,0,0,0,0,0,1,0,3.164975278766503,773.2097873743107,3.164975278766503,36.53408749042159,8,1,0,2616.760193382257,0,0,0,0
689,30179,249.6689278624628,0,0,0,0,0,0,0,1,0,3.258970709715574,796.3843562471526,3.258970709715574,49.4959278624525,8,1,0,92.53540108547763,0,0,0,0
690,30560,248.2839535722461,0,0,0,0,0,0,0,1,0,3.282557939873679,805.1628730162458,3.282557939873679,48.1109535722464,8,1,0,901.9570600942616,0,0,0,0
691,28043,242.1343149187593,0,0,0,0,0,0,0,1,0,3.270645033187805,802.5966112157428,3.270645033187805,41.9613149187591,8,1,0,42.74154487780834,0,0,0,0
692,21763,208.6918756226036,0,0,0,0,0,0,0,1,0,3.24331959421261,795.5057199973569,3.24331959421261,8.518875622603765,8,1,0,9.275566202880922,0,0,0,0
693,28922,245.2767828492175,0,0,0,0,0,0,0,1,0,3.221139550144213,790.379499974533,3.221139550144213,45.10378284921752,8,1,0,150.0931534830207,0,0,0,0
694,29890,248.1739550709327,0,0,0,0,0,0,0,1,0,3.268149486559541,802.5766008280905,3.268149486559541,48.00095507093123,8,1,0,3306.557241017545,0,0,0,0
695,27760,232.1319430852612,0,0,0,0,0,0,0,1,0,3.246003124369861,795.7298174089826,3.246003124369861,31.95894308526119,8,1,0,6952.842098150443,0,0,0,0
696,25022,223.4165353478052,0,0,0,0,0,0,0,1,0,3.242974044163082,795.5313418337735,3.242974044163082,23.24353534780508,8,1,0,3718.433025945306,0,0,0,0
697,19841,201.1915634747207,0,0,0,1,5,0,0,0,0,3.184903440497183,780.7168237584518,3.184903440497183,-1,8,0,1,7836.544158767829,0,0,0,0
698,30065,245.8998501849136,0,0,0,0,0,0,0,1,0,3.295310836871292,809.2006824447423,3.295310836871292,45.72685018491384,8,1,0,690.4999608607309,0,0,0,0
699,19159,215.0769037738379,0,0,0,1,12,0,0,0,0,3.137916507565987,767.5943649891432,3.137916507565987,-1,8,0,1,1779.746054906605,0,0,0,0
700,25244,226.1167766454118,0,0,0,0,0,0,0,1,0,3.121963374905427,763.9135045919974,3.121963374905427,25.94377664541175,8,1,0,3729.056606792827,0,0,0,0
701,20210,239.8721148948323,0,0,0,2,18,0,0,0,0,3.169968667811748,776.764714657815,3.169968667811748,-1,8,0,1,83.2175763743877,0,0,0,0
702,27773,237.9427501892312,0,0,0,0,0,0,0,1,0,3.188908115820217,782.1107116587852,3.188908115820217,37.76975018923147,8,1,0,6179.270615706983,0,0,0,0
703,19954,207.4973179020039,0,0,0,1,8,0,0,0,0,3.308837615581799,815.0671321771551,3.308837615581799,-1,8,0,1,715.6331504439046,0,0,0,0
704,20555,213.7913836948792,0,0,0,1,10,0,0,0,0,3.221345300122861,790.4821302229495,3.221345300122861,-1,8,0,1,346.9454899602482,0,0,0,0
705,29154,242.7847775830679,0,0,0,0,0,0,0,1,0,3.201568595303023,787.5078578701372,3.201568595303023,42.61177758306788,8,1,0,914.5974430770107,0,0,0,0
706,20210,203.4687073207363,0,0,0,1,8,0,0,0,0,3.271944245414059,803.3855716166003,3.271944245414059,-1,8,0,1,6302.028715506646,0,0,0,0
707,27355,236.2557633587709,0,0,0,0,0,0,0,1,0,3.325603992531179,816.5805152654107,3.325603992531179,36.08276335877066,8,1,0,823.6162232065348,0,0,0,0
708,30464,249.9399641128484,0,0,0,0,0,0,0,1,0,3.219197419580055,788.4372253123275,3.219197419580055,49.76696411289974,8,1,0,654.0294710227215,0,0,0,0
709,27667,233.9404797324831,0,0,0,0,0,0,0,1,0,3.183006117903417,778.2982091100688,3.183006117903417,33.76747973248352,8,1,0,633.8943825490412,0,0,0,0
710,22260,211.5092048782856,0,0,0,0,0,0,0,1,0,3.276748398305759,805.0861304568181,3.276748398305759,11.33620487828532,8,1,0,202.9219334101269,0,0,0,0
711,30101,251.8361119850206,0,0,0,0,0,0,0,1,0,3.232494614962556,790.4867819989175,3.232494614962556,51.6631119850077,8,1,0,1693.73399575652,0,0,0,0
712,27957,240.2658263917005,0,0,0,0,0,0,0,1,0,3.328241423229819,816.736795097473,3.328241423229819,40.09282639143379,8,1,0,728.1548094460123,0,0,0,0
713,30885,250.1916436650646,0,0,0,0,0,0,0,1,0,3.186096762110863,778.3035331095982,3.186096762110863,50.01864366506521,8,1,0,428.8805114358295,0,0,0,0
714,26435,229.4134743245502,0,0,0,0,0,0,0,1,0,3.311337421075191,814.3435629733596,3.311337421075191,29.24047432455057,8,1,0,6219.8340106346,0,0,0,0
715,32218,254.2658016225164,0,0,0,0,0,0,0,1,0,3.232401293717272,795.3648562692133,3.232401293717272,54.09280162251647,8,1,0,111.7461125626463,0,0,0,0
716,30612,249.0977849908219,0,0,0,0,0,0,0,1,0,3.234268331457596,794.0176074426982,3.234268331457596,48.92478499082242,8,1,0,1329.001402454499,0,0,0,0
717,24469,222.281657856092,0,0,0,0,0,0,0,1,0,3.256331614469017,797.0633023231359,3.256331614469017,22.10865785609181,8,1,0,490.8823289413403,0,0,0,0
718,30732,252.1596219015945,0,0,0,0,0,0,0,1,0,3.141975419984237,767.2088183148491,3.141975419984237,51.9866219015947,8,1,0,2322.682842656496,0,0,0,0
719,28969,243.2485892878158,0,0,0,0,0,0,0,1,0,3.182803151011879,781.4161399403865,3.182803151011879,43.07558928781597,8,1,0,252.1685825407098,0,0,0,0
720,23223,216.0178904609421,0,0,0,0,0,0,0,1,0,3.200044246695877,783.8836924848384,3.200044246695877,15.84489046094184,8,1,0,2034.459362457696,0,0,0,0
721,28220,235.3485283339712,0,0,0,0,0,0,0,1,0,3.172798794590667,778.4598980249179,3.172798794590667,35.17552833397138,8,1,0,914.4463190719899,0,0,0,0
722,31490,249.1242711207701,0,0,0,0,0,0,0,1,0,3.074650459200277,751.6601122193426,3.074650459200277,48.95127112077077,8,1,0,1781.787793263207,0,0,0,0
723,23470,218.7621129634232,0,0,0,0,0,0,0,1,0,3.168595914628013,775.9980211760504,3.168595914628013,18.58911296342253,8,1,0,125.5799942459373,0,0,0,0
724,19753,203.3717036733302,0,0,0,1,4,0,0,0,0,3.189611061782532,781.2300737980482,3.189611061782532,-1,8,0,1,846.010851047364,0,0,0,0
725,27425,237.1313203507345,0,0,0,0,0,0,0,1,0,3.172958128366586,776.1061926563835,3.172958128366586,36.95832035073427,8,1,0,15.37880857822849,0,0,0,0
726,29943,243.2604349185104,0,0,0,0,0,0,0,1,0,3.369045356149388,829.3831980557013,3.369045356149388,43.08743491851011,8,1,0,1488.913667213705,0,0,0,0
727,20186,206.5418532285256,0,0,0,1,4,0,0,0,0,3.313025951795566,811.5441937632232,3.313025951795566,-1,8,0,1,3614.850646780998,0,0,0,0
728,20221,241.9525410925663,0,0,0,3,30,0,0,0,0,3.221814442694622,787.7968433458871,3.221814442694622,-1,8,0,1,1391.960566769033,0,0,0,0
729,27001,235.4990144253178,0,0,0,0,0,0,0,1,0,3.096242016711717,757.9874710513544,3.096242016711717,35.32601442531825,8,1,0,1885.044014396782,0,0,0,0
730,29142,243.1276065308179,0,0,0,0,0,0,0,1,0,3.086654729675509,755.7021811066675,3.086654729675509,42.95460653081816,8,1,0,948.4949304956323,0,0,0,0
731,24243,219.5945953553243,0,0,0,0,0,0,0,1,0,3.199561705846692,783.9984761757303,3.199561705846692,19.4215953553249,8,1,0,678.6532874942577,0,0,0,0
732,28291,239.5216261580873,0,0,0,0,0,0,0,1,0,3.230618644424175,793.4783405928735,3.230618644424175,39.34862615808744,8,1,0,632.9134641627372,0,0,0,0
733,29121,242.133589945136,0,0,0,0,0,0,0,1,0,3.12954366925952,765.1831461995677,3.12954366925952,41.96058994513609,8,1,0,411.5111603064259,0,0,0,0
734,24898,225.22126061996,0,0,0,0,0,0,0,1,0,3.158074332997661,771.8483740267643,3.158074332997661,25.04826061995962,8,1,0,2371.482086781066,0,0,0,0
735,25496,224.0043390916798,0,0,0,0,0,0,0,1,0,3.018163579208024,737.7596817536539,3.018163579208024,23.83133909167913,8,1,0,2092.14750107767,0,0,0,0
736,20301,207.5714700525181,0,0,0,0,0,0,0,1,0,3.274572534650928,800.0518991765953,3.274572534650928,7.398470052518194,8,1,0,303.988267183019,0,0,0,0
737,31388,253.192966878321,0,0,0,0,0,0,0,1,0,3.218703084532919,791.3309002359185,3.218703084532919,53.01996687828959,8,1,0,44.4590083024199,0,0,0,0
738,23589,217.5400906280546,0,0,0,0,0,0,0,1,0,3.216103398980971,786.2371644913827,3.216103398980971,17.36709062805464,8,1,0,4422.675324574997,0,0,0,0
739,24756,224.1506010344858,0,0,0,0,0,0,0,1,0,3.167445210085045,776.9837476229964,3.167445210085045,23.97760103448186,8,1,0,129.9971143445804,0,0,0,0
740,20120,206.7246396329354,0,0,0,1,9,0,0,0,0,3.240738060769837,795.3414248981834,3.240738060769837,-1,8,0,1,2198.143717712538,0,0,0,0
741,25949,228.8584821357363,0,0,0,0,0,0,0,1,0,3.201556171518441,785.5899749252191,3.201556171518441,28.68548213573655,8,1,0,3752.844137928474,0,0,0,0
742,25948,227.3677014974195,0,0,0,0,0,0,0,1,0,3.144380113120682,770.3479229254152,3.144380113120682,27.19470149741984,8,1,0,694.29403947266,0,0,0,0
743,30213,246.2376460140298,0,0,0,0,0,0,0,1,0,3.180524867767569,780.621618380947,3.180524867767569,46.06464601402905,8,1,0,1211.48471535857,0,0,0,0
744,19408,247.7178489044361,0,0,0,3,18,0,0,0,0,3.163080400838525,775.9395468659502,3.163080400838525,-1,8,0,1,377.6917906424641,0,0,0,0
745,22830,214.8425125085045,0,0,0,0,0,0,0,1,0,3.313422622495108,812.5417972634883,3.313422622495108,14.6695125085043,8,1,0,860.8107117561071,0,0,0,0
746,20165,230.0870426417205,0,0,0,3,24,0,0,0,0,3.228818103943187,791.1979562185273,3.228818103943187,-1,8,0,1,1047.515631787327,0,0,0,0
747,30381,245.5376497439938,0,0,0,0,0,0,0,1,0,3.294481930561513,809.895693792058,3.294481930561513,45.36464974399364,8,1,0,2217.90757944875,0,0,0,0
748,29159,242.3774541670586,0,0,0,0,0,0,0,1,0,3.275147276961057,805.1237007686427,3.275147276961057,42.20445416705824,8,1,0,3447.232466453378,0,0,0,0
749,19819,215.8351472003247,0,0,0,2,21,0,0,0,0,3.225980362188897,787.2960790555195,3.225980362188897,-1,8,0,1,3034.906011457968,0,0,0,0
750,27730,236.4762586519686,0,0,0,0,0,0,0,1,0,3.198503343372002,784.4561785596752,3.198503343372002,36.30325865196905,8,1,0,1835.91426913743,0,0,0,0
751,19823,244.9506292015398,0,0,0,3,28,0,0,0,0,3.141120143176166,768.562993083125,3.141120143176166,-1,8,0,1,558.1731170193774,0,0,0,0
752,20383,202.6671171795832,0,0,0,1,5,0,0,0,0,3.236703000962817,797.4498618051998,3.236703000962817,-1,8,0,1,428.894197493684,0,0,0,0
753,21060,226.3781317933761,0,0,0,3,19,0,0,0,0,3.278442928320634,805.7010423734238,3.278442928320634,-1,8,0,1,2250.441220555176,0,0,0,0
754,28950,238.1792856829727,0,0,0,0,0,0,0,1,0,3.254367709811172,799.7982373999872,3.254367709811172,38.00628568297271,8,1,0,249.9717014737016,0,0,0,0
755,29029,243.061693403152,0,0,0,0,0,0,0,1,0,3.137654758135543,772.3552105887578,3.137654758135543,42.88869340315214,8,1,0,663.3498293191876,0,0,0,0
756,25201,224.275620332371,0,0,0,0,0,0,0,1,0,3.222463778791073,792.2131349748196,3.222463778791073,24.1026203323712,8,1,0,2817.005611517393,0,0,0,0
757,23547,217.3646201856189,0,0,0,0,0,0,0,1,0,3.187049017982901,780.4931820827525,3.187049017982901,17.19162018561883,8,1,0,1539.303145637088,0,0,0,0
758,26880,231.5734890270576,0,0,0,0,0,0,0,1,0,3.200632121243819,784.5757094902979,3.200632121243819,31.40048902705856,8,1,0,8522.194517677219,0,0,0,0
759,19891,204.646917311964,0,0,0,1,7,0,0,0,0,3.240762585559913,795.1649546206602,3.240762585559913,-1,8,0,1,4632.693036496872,0,0,0,0
760,28219,234.0911573126637,0,0,0,0,0,0,0,1,0,3.186856185944822,782.1191728760512,3.186856185944822,33.91815731266427,8,1,0,2040.407998912322,0,0,0,0
761,28225,237.810868722358,0,0,0,0,0,0,0,1,0,3.241459146519261,796.0871743061377,3.241459146519261,37.63786872235841,8,1,0,1721.398195452625,0,0,0,0
762,29935,246.0529037045862,0,0,0,0,0,0,0,1,0,3.134282622248762,767.9261451910297,3.134282622248762,45.87990370458197,8,1,0,1789.007116601594,0,0,0,0
763,19898,201.7300286515803,0,0,0,0,0,0,0,0,0,3.223017391105287,790.9776919496561,3.223017391105287,-1,8,0,1,1054.280468454717,0,0,0,0
764,29918,248.4511084340319,0,0,0,0,0,0,0,1,0,3.238368920423094,792.6895773099915,3.238368920423094,48.27810843403253,8,1,0,1392.026874121913,0,0,0,0
765,31411,252.0171099521585,0,0,0,0,0,0,0,1,0,3.072189315918347,749.2440001956483,3.072189315918347,51.84410995215845,8,1,0,2948.468928024735,0,0,0,0
766,25447,224.6256318993862,0,0,0,0,0,0,0,1,0,3.351477691150649,825.7794711344148,3.351477691150649,24.4526318993858,8,1,0,840.4358181309191,0,0,0,0
767,19604,200.5181149366714,0,0,0,1,4,0,0,0,0,3.269852018457626,804.1709779607579,3.269852018457626,-1,8,0,1,576.8283212634819,0,0,0,0
768,31098,248.2337379581465,0,0,0,0,0,0,0,1,0,3.297985676391655,808.7948587829053,3.297985676391655,48.06073795814596,8,1,0,1802.722939416883,0,0,0,0
769,19945,216.5156100679374,0,0,0,2,14,0,0,0,0,3.140510647850853,770.0811918375537,3.140510647850853,-1,8,0,1,123.4983561921833,0,0,0,0
770,20474,254.2038151900683,0,0,0,3,17,0,0,0,0,3.258289916996823,803.2886735527001,3.258289916996823,-1,8,0,1,125.7593132438996,0,0,0,0
771,26987,229.0689182448297,0,0,0,0,0,0,0,1,0,3.137678421271678,769.1438710222774,3.137678421271678,28.8959182448299,8,1,0,3084.050357814435,0,0,0,0
772,19949,202.334820534665,0,0,0,0,0,0,0,0,0,3.134588988300957,767.3418482512599,3.134588988300957,-1,8,0,1,2853.226100192993,0,0,0,0
773,22458,210.592645004917,0,0,0,0,0,0,0,1,0,3.288832746146196,809.2974786352676,3.288832746146196,10.41964500491714,8,1,0,2708.967527140428,0,0,0,0
774,28950,246.4248191652091,0,0,0,0,0,0,0,1,0,3.269238567671473,803.2127023792804,3.269238567671473,46.25181916520798,8,1,0,4061.976541820779,0,0,0,0
775,25213,223.1047351692816,0,0,0,0,0,0,0,1,0,3.228841101324786,791.5735103465061,3.228841101324786,22.93173516928045,8,1,0,429.9888346509114,0,0,0,0
776,20050,202.6279626493758,0,0,0,1,7,0,0,0,0,3.269726641856124,803.0242291262718,3.269726641856124,-1,8,0,1,865.5866961609561,0,0,0,0
777,32576,253.8343379497768,0,0,0,0,0,0,0,1,0,3.135143567849316,766.7087449971082,3.135143567849316,53.66133794977664,8,1,0,1050.089786272409,0,0,0,0
778,25268,223.9625446208249,0,0,0,0,0,0,0,1,0,3.317720058887262,816.7546848895059,3.317720058887262,23.78954462082487,8,1,0,2873.151858150784,0,0,0,0
779,28575,244.6051354658096,0,0,0,0,0,0,0,1,0,3.171113267075069,778.293118620001,3.171113267075069,44.43213546581067,8,1,0,79.59436354236281,0,0,0,0
780,19967,233.5910840880304,0,0,0,3,27,0,0,0,0,3.247883727019826,797.5993105710565,3.247883727019826,-1,8,0,1,801.3271862173031,0,0,0,0
781,30475,251.8562306050933,0,0,0,0,0,0,0,1,0,3.241366668477287,794.2861515663141,3.241366668477287,51.68323060509414,8,1,0,221.5222941204587,0,0,0,0
782,29852,248.8048406600476,0,0,0,0,0,0,0,1,0,3.223329446702143,789.619072147862,3.223329446702143,48.6318406600473,8,1,0,2169.819784173186,0,0,0,0
783,22137,212.6759013619319,0,0,0,0,0,0,0,1,0,3.138005776481419,762.9623705281177,3.138005776481419,12.5029013619323,8,1,0,1001.776678151771,0,0,0,0
784,27854,236.3871159710862,0,0,0,0,0,0,0,1,0,3.293855526658726,808.5013560569649,3.293855526658726,36.21411597108579,8,1,0,7745.571630998621,0,0,0,0
785,21215,224.5895869320445,0,0,0,1,9,0,0,0,0,3.32104045761045,817.0715034499106,3.32104045761045,-1,8,0,1,3676.809065761528,0,0,0,0
786,30610,253.3459242533968,0,0,0,0,0,0,0,1,0,3.280261510847999,806.83961258753,3.280261510847999,53.17292425339681,8,1,0,1489.102266741798,0,0,0,0
787,30938,247.5231560796578,0,0,0,0,0,0,0,1,0,3.271738086617578,805.9961648222403,3.271738086617578,47.35015607965797,8,1,0,708.4772428242153,0,0,0,0
788,26159,229.6373532376501,0,0,0,0,0,0,0,1,0,3.178309960815524,777.4061079548489,3.178309960815524,29.46435323764927,8,1,0,2742.851504379981,0,0,0,0
789,22160,210.7411760369313,0,0,0,0,0,0,0,1,0,3.150908070834045,775.5893842433637,3.150908070834045,10.56817603693141,8,1,0,85.17076495630668,0,0,0,0
790,31166,250.5216270522248,0,0,0,0,0,0,0,1,0,3.187026631769727,780.1630346288393,3.187026631769727,50.34862705202924,8,1,0,374.1808312683874,0,0,0,0
791,20780,247.0530491600273,0,0,0,4,17,0,0,0,0,3.188163745215964,782.0034666915674,3.188163745215964,-1,8,0,1,1814.776149937606,0,0,0,0
792,23827,215.8419382453116,0,0,0,0,0,0,0,1,0,3.333598365858589,821.7272793767959,3.333598365858589,15.66893824531165,8,1,0,214.8700279666928,0,0,0,0
793,28299,240.4355806003303,0,0,0,0,0,0,0,1,0,3.224145803325117,789.3941708398015,3.224145803325117,40.26258060032997,8,1,0,427.639424460884,0,0,0,0
794,25854,229.003690627093,0,0,0,0,0,0,0,1,0,3.185817838508278,781.5365567079951,3.185817838508278,28.83069062709329,8,1,0,844.5499769738066,0,0,0,0
795,19998,235.380812147579,0,0,0,2,12,0,0,0,0,3.27697434815892,802.7237876274484,3.27697434815892,-1,8,0,1,625.4892477209061,0,0,0,0
796,21943,244.7800319476141,0,0,0,5,26,0,0,0,0,3.20803834872339,787.5310541021524,3.20803834872339,-1,8,0,1,506.7159197166629,0,0,0,0
797,28788,239.9804990315545,0,0,0,0,0,0,0,1,0,3.15397863738514,774.2190159249693,3.15397863738514,39.80749903155424,8,1,0,110.3154982934873,0,0,0,0
798,20091,226.1715565627327,0,0,0,3,19,0,0,0,0,3.163918064327254,775.9062114538693,3.163918064327254,-1,8,0,1,1429.244050307126,0,0,0,0
799,22955,213.6273730334343,0,0,0,0,0,0,0,1,0,3.192876795015626,783.5759055472619,3.192876795015626,13.45437303343489,8,1,0,5308.305364873254,0,0,0,0
800,23404,217.0823713339757,0,0,0,0,0,0,0,1,0,3.171120724608959,775.0491901545047,3.171120724608959,16.90937133397512,8,1,0,1298.558550778538,0,0,0,0
801,20617,207.7541838805266,0,0,0,1,6,0,0,0,0,3.216417976944916,788.8264365031418,3.216417976944916,-1,8,0,1,5059.340801339123,0,0,0,0
802,28966,241.6443428071282,0,0,0,0,0,0,0,1,0,3.236961414047395,791.7135755338898,3.236961414047395,41.47134280712848,8,1,0,1934.882561698227,0,0,0,0
803,30888,247.5267662467052,0,0,0,0,0,0,0,1,0,3.195827584230694,783.4287523551092,3.195827584230694,47.35376624670534,8,1,0,337.9951299986223,0,0,0,0
804,27569,237.9475024925299,0,0,0,0,0,0,0,1,0,3.13762088641207,768.9214831291055,3.13762088641207,37.77450249252927,8,1,0,1057.565154930517,0,0,0,0
805,29810,244.8412989754953,0,0,0,0,0,0,0,1,0,3.170670295581986,775.1426180779139,3.170670295581986,44.66829897549541,8,1,0,1053.681814058503,0,0,0,0
806,26498,229.0882226082518,0,0,0,0,0,0,0,1,0,3.240707775874305,793.9270842290771,3.240707775874305,28.91522260825223,8,1,0,1404.698743612913,0,0,0,0
807,29734,244.7793518998888,0,0,0,0,0,0,0,1,0,3.289482323246004,809.055371301406,3.289482323246004,44.60635189988919,8,1,0,2957.508649588349,0,0,0,0
808,19985,215.9683378661714,0,0,0,3,15,0,0,0,0,3.208479525882589,784.504431714053,3.208479525882589,-1,8,0,1,1609.846333318524,0,0,0,0
809,27915,238.1795722673422,0,0,0,0,0,0,0,1,0,3.142699644356339,767.3401829920588,3.142699644356339,38.00657226734226,8,1,0,4923.768969146014,0,0,0,0
810,30128,248.5659372527394,0,0,0,0,0,0,0,1,0,3.192602478568669,784.4152537962049,3.192602478568669,48.39293725273868,8,1,0,4406.504943814247,0,0,0,0
811,30539,249.6108694341871,0,0,0,0,0,0,0,1,0,3.146872564171412,768.3112287028364,3.146872564171412,49.43786943428427,8,1,0,352.6286392273508,0,0,0,0
812,30624,246.2715597913832,0,0,0,0,0,0,0,1,0,3.298561064851522,810.8166112138221,3.298561064851522,46.09855979138307,8,1,0,4986.218808629766,0,0,0,0
813,27916,234.9573343773155,0,0,0,0,0,0,0,1,0,3.22837898591965,793.0411862135491,3.22837898591965,34.78433437731504,8,1,0,526.9701199814494,0,0,0,0
814,29490,241.8522475810313,0,0,0,0,0,0,0,1,0,3.196992550750392,783.727594061795,3.196992550750392,41.67924758103153,8,1,0,2525.31256734414,0,0,0,0
815,20237,202.154465414749,0,0,0,1,10,0,0,0,0,3.354010924335622,825.3341376957482,3.354010924335622,-1,8,0,1,83.76406667375078,0,0,0,0
816,30370,244.8572020786192,0,0,0,0,0,0,0,1,0,3.226437301720876,793.2844024749096,3.226437301720876,44.68420207861944,8,1,0,5654.510144822257,0,0,0,0
817,31092,248.5896569294125,0,0,0,0,0,0,0,1,0,3.164443221658252,773.1112119757645,3.164443221658252,48.41665692941287,8,1,0,177.0554358935154,0,0,0,0
818,19381,202.7949900224403,0,0,0,0,0,0,0,0,0,3.177434093229869,776.4494469845432,3.177434093229869,-1,8,0,1,565.5923261668012,0,0,0,0
819,22694,216.6991748993049,0,0,0,0,0,0,0,1,0,3.256365031857912,796.9806732947544,3.256365031857912,16.52617489930455,8,1,0,782.1940599067403,0,0,0,0
820,27790,239.0399939916861,0,0,0,0,0,0,0,1,0,3.196853717697619,782.6608377580469,3.196853717697619,38.86699399167614,8,1,0,1287.046935243188,0,0,0,0
821,28026,244.4786450642436,0,0,0,0,0,0,0,1,0,3.141266191136037,768.5221345416928,3.141266191136037,44.3056450642443,8,1,0,2925.742604119695,0,0,0,0
822,20774,225.9362933015066,0,0,0,2,16,0,0,0,0,3.363319173728038,825.9893319957039,3.363319173728038,-1,8,0,1,4438.032430905453,0,0,0,0
823,23782,218.3894625906484,0,0,0,0,0,0,0,1,0,3.212195347031168,785.8923383652503,3.212195347031168,18.21646259064807,8,1,0,3124.962551907267,0,0,0,0
824,29245,239.1138882200747,0,0,0,0,0,0,0,1,0,3.3258165422031,817.2907599401686,3.3258165422031,38.94088822007489,8,1,0,1882.471121928003,0,0,0,0
825,27095,233.3486861502405,0,0,0,0,0,0,0,1,0,3.105264552950089,761.1162989829954,3.105264552950089,33.17568615023998,8,1,0,11.84473394888548,0,0,0,0
826,31655,251.3720311760747,0,0,0,0,0,0,0,1,0,3.149763471752256,772.999469947914,3.149763471752256,51.19903117607469,8,1,0,27.0337753601839,0,0,0,0
827,30738,249.9925470047322,0,0,0,0,0,0,0,1,0,3.205936198817831,785.1443220362663,3.205936198817831,49.81954700473206,8,1,0,1226.104055682524,0,0,0,0
828,28894,241.3191324788979,0,0,0,0,0,0,0,1,0,3.172994727002818,778.5329716720349,3.172994727002818,41.14613247892387,8,1,0,607.7537234301944,0,0,0,0
829,27685,231.8942729975426,0,0,0,0,0,0,0,1,0,3.439164507851889,846.6475747386804,3.439164507851889,31.72127299754244,8,1,0,2361.540293631826,0,0,0,0
830,30157,245.0715235117502,0,0,0,0,0,0,0,1,0,3.149178535169806,771.9527429392377,3.149178535169806,44.89852351175102,8,1,0,1815.354551456652,0,0,0,0
831,30240,242.9741775510675,0,0,0,0,0,0,0,1,0,3.347717771480701,822.5807488985935,3.347717771480701,42.80117755106741,8,1,0,2568.166714792481,0,0,0,0
832,19811,207.3061164770017,0,0,0,1,11,0,0,0,0,3.111880428946507,761.44142537148,3.111880428946507,-1,8,0,1,1002.833627429451,0,0,0,0
833,27026,230.483065340066,0,0,0,0,0,0,0,1,0,3.242519404903808,794.3788834827554,3.242519404903808,30.31006534006586,8,1,0,965.4082964000443,0,0,0,0
834,26294,231.1056881141785,0,0,0,0,0,0,0,1,0,3.198579003500248,781.8838782381221,3.198579003500248,30.93268811417887,8,1,0,3229.077277248112,0,0,0,0
835,22860,217.053429946342,0,0,0,0,0,0,0,1,0,3.121205927429435,761.8316215807072,3.121205927429435,16.88042994634122,8,1,0,5287.920967668243,0,0,0,0
836,23903,216.9244726590037,0,0,0,0,0,0,0,1,0,3.278509144319234,804.2711130130822,3.278509144319234,16.7514726590034,8,1,0,1914.937850927995,0,0,0,0
837,26627,232.0682491147764,0,0,0,0,0,0,0,1,0,3.139270755979308,769.4109349359686,3.139270755979308,31.89524911477536,8,1,0,1272.787151029575,0,0,0,0
838,28545,240.5508470820069,0,0,0,0,0,0,0,1,0,3.257511029892822,799.7325988676612,3.257511029892822,40.37784708200716,8,1,0,326.9362211883205,0,0,0,0
839,25909,225.5243374020998,0,0,0,0,0,0,0,1,0,3.323530477419688,816.0335172350656,3.323530477419688,25.35133740210012,8,1,0,1786.910424974201,0,0,0,0
840,29530,247.3289906950608,0,0,0,0,0,0,0,1,0,3.200159624068967,782.9107035852853,3.200159624068967,47.15599069506171,8,1,0,1053.524092906652,0,0,0,0
841,27221,233.433009611603,0,0,0,0,0,0,0,1,0,3.216440557686755,787.6971798111251,3.216440557686755,33.26000961160258,8,1,0,429.3462155351471,0,0,0,0
842,30423,249.0281184647855,0,0,0,0,0,0,0,1,0,3.209795999972925,787.7494045390289,3.209795999972925,48.85511846478504,8,1,0,3696.548621744444,0,0,0,0
843,26589,228.9615612388619,0,0,0,0,0,0,0,1,0,3.312212603448572,813.5359132212832,3.312212603448572,28.78856123886215,8,1,0,3729.444645755652,0,0,0,0
844,19583,200.7919866949404,0,0,0,1,5,0,0,0,0,3.222960047717698,790.2102616739213,3.222960047717698,-1,8,0,1,6826.31527866173,0,0,0,0
845,19577,242.8876984020069,0,0,0,2,18,0,0,0,0,3.208568797259714,784.3637991935502,3.208568797259714,-1,8,0,1,364.6572528499541,0,0,0,0
846,21182,217.2304496513225,0,0,0,1,11,0,0,0,0,3.062194340727746,748.3110171571991,3.062194340727746,-1,8,0,1,5184.912610366163,0,0,0,0
847,27189,232.6003489114779,0,0,0,0,0,0,0,1,0,3.254522770919849,797.2739469819011,3.254522770919849,32.42734891147863,8,1,0,3890.560054266555,0,0,0,0
848,30556,247.692276689289,0,0,0,0,0,0,0,1,0,3.346887656658399,823.0748610933067,3.346887656658399,47.5192766892885,8,1,0,5393.78956362657,0,0,0,0
849,29510,245.9435999918098,0,0,0,0,0,0,0,1,0,3.172562435648274,775.0024872609213,3.172562435648274,45.7705999918096,8,1,0,2387.753345620337,0,0,0,0
850,30421,249.4242337260691,0,0,0,0,0,0,0,1,0,3.280029955597354,802.1877255982254,3.280029955597354,49.25123372606922,8,1,0,8215.996251060444,0,0,0,0
851,27703,234.2330889329263,0,0,0,0,0,0,0,1,0,3.320210041550462,817.5728351605926,3.320210041550462,34.06008893292609,8,1,0,912.8300838595053,0,0,0,0
852,20262,218.6842865699453,0,0,0,2,19,0,0,0,0,3.255873050318258,797.9845255366469,3.255873050318258,-1,8,0,1,1135.359930697479,0,0,0,0
853,19381,226.9944816892646,0,0,0,3,19,0,0,0,0,3.09435157310839,757.2101332545953,3.09435157310839,-1,8,0,1,110.6523908758094,0,0,0,0
854,30643,249.6215283403679,0,0,0,0,0,0,0,1,0,3.233168862454992,792.9623497180775,3.233168862454992,49.44852834036774,8,1,0,1451.290350625458,0,0,0,0
855,19974,209.2686093186766,0,0,0,2,14,0,0,0,0,3.267580082796626,804.0251254857554,3.267580082796626,-1,8,0,1,3003.133570038385,0,0,0,0
856,28192,234.1337818719941,0,0,0,0,0,0,0,1,0,3.136618751425296,768.4261710620376,3.136618751425296,33.9607818719938,8,1,0,4859.620937611316,0,0,0,0
857,19504,201.8773411700964,0,0,0,0,0,0,0,0,0,3.108103997029393,759.8917670531233,3.108103997029393,-1,8,0,1,5380.036108448891,0,0,0,0
858,29486,241.9618451332241,0,0,0,0,0,0,0,1,0,3.317077805940063,813.6621773530716,3.317077805940063,41.78884513322367,8,1,0,2545.662106258638,0,0,0,0
859,19589,212.8164240916727,0,0,0,2,14,0,0,0,0,3.292287778948669,810.3576373484134,3.292287778948669,-1,8,0,1,983.7761016912543,0,0,0,0
860,20985,228.0441238810845,0,0,0,1,11,0,0,0,0,3.063203828968069,747.0984409430573,3.063203828968069,-1,8,0,1,2347.5588626148,0,0,0,0
861,29860,249.7367469054324,0,0,0,0,0,0,0,1,0,3.235148145461362,792.5821481666111,3.235148145461362,49.56374690543321,8,1,0,76.55969534720974,0,0,0,0
862,27644,234.9884169752806,0,0,0,0,0,0,0,1,0,3.322521185011278,817.9661703317096,3.322521185011278,34.81541697528068,8,1,0,3413.607388971059,0,0,0,0
863,19734,229.27287535823,0,0,0,3,22,0,0,0,0,3.249728075143493,794.8542837714608,3.249728075143493,-1,8,0,1,1499.1429104076,0,0,0,0
864,19373,207.3089912061863,0,0,0,1,5,0,0,0,0,3.243096817692964,795.1460834559545,3.243096817692964,-1,8,0,1,5745.169251717061,0,0,0,0
865,28559,235.3112992073937,0,0,0,0,0,0,0,1,0,3.13323829438017,765.174969333655,3.13323829438017,35.13829920739282,8,1,0,120.9240296143839,0,0,0,0
866,24164,221.6959877511549,0,0,0,0,0,0,0,1,0,3.179158090311263,779.4651134535105,3.179158090311263,21.52298775115466,8,1,0,3019.109747357451,0,0,0,0
867,27820,237.6071726503146,0,0,0,0,0,0,0,1,0,3.315238875871029,813.2465299623397,3.315238875871029,37.43417265031467,8,1,0,24.56302890833622,0,0,0,0
868,20533,222.1552682754145,0,0,0,2,4,0,0,0,0,3.098080766995005,758.1411904356611,3.098080766995005,-1,8,0,1,1028.132461632583,0,0,0,0
869,30364,249.8090275392744,0,0,0,0,0,0,0,1,0,3.252820377765108,796.5933576191542,3.252820377765108,49.63602753927435,8,1,0,2151.140235833926,0,0,0,0
870,19636,200.645360114371,0,0,0,1,3,0,0,0,0,3.078834667162311,752.6112874875059,3.078834667162311,-1,8,0,1,457.3038839285344,0,0,0,0
871,27879,235.3637825980886,0,0,0,0,0,0,0,1,0,3.17502802930496,778.0239775278272,3.17502802930496,35.19078259808776,8,1,0,484.5296210188884,0,0,0,0
872,20834,212.3826404099609,0,0,0,2,13,0,0,0,0,3.312383993345609,813.0526975164111,3.312383993345609,-1,8,0,1,2949.690079091347,0,0,0,0
873,30075,249.1646887186467,0,0,0,0,0,0,0,1,0,3.162238732607092,773.0794083101199,3.162238732607092,48.99168871864616,8,1,0,341.3710459046516,0,0,0,0
874,19436,201.8451724198725,0,0,0,0,0,0,0,0,0,3.183689825016872,778.0357001157972,3.183689825016872,-1,8,0,1,1076.086658802969,0,0,0,0
875,19615,217.457887964925,0,0,0,3,15,0,0,0,0,3.200133199684845,783.6495854856601,3.200133199684845,-1,8,0,1,207.5243005142406,0,0,0,0
876,27039,232.0298519658512,0,0,0,0,0,0,0,1,0,3.282140359572634,806.7455184640862,3.282140359572634,31.85685196585063,8,1,0,655.4541773872352,0,0,0,0
877,19609,201.0940710853388,0,0,0,1,5,0,0,0,0,3.203582677918438,785.5266393149228,3.203582677918438,-1,8,0,1,2013.948005510521,0,0,0,0
878,29146,242.7053093712536,0,0,0,0,0,0,0,1,0,3.204539051543879,782.6525229982529,3.204539051543879,42.53230937125333,8,1,0,4307.31671384583,0,0,0,0
879,20182,227.998880727628,0,0,0,4,22,0,0,0,0,3.308985793179404,813.2547219987533,3.308985793179404,-1,8,0,1,1799.106646963899,0,0,0,0
880,28905,244.6528461892869,0,0,0,0,0,0,0,1,0,3.152869035779186,773.9259707661084,3.152869035779186,44.47984618928724,8,1,0,662.999186726291,0,0,0,0
881,26357,229.7240854892152,0,0,0,0,0,0,0,1,0,3.263236778092723,800.3205349175859,3.263236778092723,29.5510854892152,8,1,0,322.9055937879494,0,0,0,0
882,29335,243.646979438641,0,0,0,0,0,0,0,1,0,3.155522153845888,773.422481063423,3.155522153845888,43.47397943864092,8,1,0,350.0450371506339,0,0,0,0
883,19261,202.2020045083184,0,0,0,0,0,0,0,0,0,3.206959845402376,785.5197095358263,3.206959845402376,-1,8,0,1,487.6991206230292,0,0,0,0
884,25097,223.9976546475981,0,0,0,0,0,0,0,1,0,3.247573390973201,796.5444551592751,3.247573390973201,23.82465464759873,8,1,0,162.3867336713703,0,0,0,0
885,22760,213.7965334865088,0,0,0,0,0,0,0,1,0,3.13984556832875,768.7375908946331,3.13984556832875,13.62353348650882,8,1,0,678.2150257502675,0,0,0,0
886,26637,232.5521036143816,0,0,0,0,0,0,0,1,0,3.294996491053036,810.2098645710823,3.294996491053036,32.37910361438104,8,1,0,711.9835182516032,0,0,0,0
887,29705,243.447466571221,0,0,0,0,0,0,0,1,0,3.296764472725272,808.5084592531359,3.296764472725272,43.27446657122117,8,1,0,1227.237313492135,0,0,0,0
888,31958,253.1938722158315,0,0,0,0,0,0,0,1,0,3.282388518136091,807.1272143941768,3.282388518136091,53.02087221582655,8,1,0,233.7248904802572,0,0,0,0
889,30713,250.123679199886,0,0,0,0,0,0,0,1,0,3.254947163006192,799.6513364328179,3.254947163006192,49.95067919988657,8,1,0,7024.376099284561,0,0,0,0
890,26967,232.2550413008443,0,0,0,0,0,0,0,1,0,3.273113764679939,804.3417486101688,3.273113764679939,32.08204130084338,8,1,0,6193.231010975645,0,0,0,0
891,19333,206.8758796110739,0,0,0,2,14,0,0,0,0,3.197909167035821,783.185056906417,3.197909167035821,-1,8,0,1,2207.32655077268,0,0,0,0
892,25509,232.1770659730973,0,0,0,0,0,0,0,1,0,3.199585373063736,783.3623550210825,3.199585373063736,32.00406597309711,8,1,0,701.7764354949514,0,0,0,0
893,28267,239.4878222757687,0,0,0,0,0,0,0,1,0,3.266190624314522,802.5557933907835,3.266190624314522,39.31482227576876,8,1,0,5310.716595438334,0,0,0,0
894,20906,210.0403896105155,0,0,0,1,10,0,0,0,0,3.246610633376758,798.1713287348834,3.246610633376758,-1,8,0,1,577.7718291552933,0,0,0,0
895,28503,245.4364316810399,0,0,0,0,0,0,0,1,0,3.129957311827816,765.8189648003802,3.129957311827816,45.26343168103999,8,1,0,28.75343908157275,0,0,0,0
896,26523,230.0942758327647,0,0,0,0,0,0,0,1,0,3.156976241760736,774.2044755285742,3.156976241760736,29.92127583276418,8,1,0,7.289394222299199,0,0,0,0
897,30314,245.6069411363154,0,0,0,0,0,0,0,1,0,3.149050059398312,771.614066309124,3.149050059398312,45.43394113631518,8,1,0,829.6480476145705,0,0,0,0
898,30177,251.0418283062444,0,0,0,0,0,0,0,1,0,3.257705531671402,796.3835290608596,3.257705531671402,50.86882830624502,8,1,0,577.2571031411464,0,0,0,0
899,27152,231.9056982251142,0,0,0,0,0,0,0,1,0,3.105387925954784,758.5710401667517,3.105387925954784,31.73269822511481,8,1,0,823.5011617238424,0,0,0,0
900,28563,240.0227302282714,0,0,0,0,0,0,0,1,0,3.291869052726672,806.2182579310335,3.291869052726672,39.84973022827101,8,1,0,2281.42714546317,0,0,0,0
901,24286,221.1208367477907,0,0,0,0,0,0,0,1,0,3.174472514494977,778.7355322235677,3.174472514494977,20.94783674779053,8,1,0,556.0395182643283,0,0,0,0
902,19733,202.5229996225849,0,0,0,0,0,0,0,0,0,3.08300642652485,752.5915934868119,3.08300642652485,-1,8,0,1,455.6301164281991,0,0,0,0
903,29056,243.1086899359819,0,0,0,0,0,0,0,1,0,3.242485934380478,795.3738814215841,3.242485934380478,42.93568993598251,8,1,0,447.674164788479,0,0,0,0
904,27431,232.3592866898634,0,0,0,0,0,0,0,1,0,3.24318734877469,795.3111369214836,3.24318734877469,32.18628668986251,8,1,0,33.39012872368543,0,0,0,0
905,30165,246.4465905782448,0,0,0,0,0,0,0,1,0,3.256234670606008,800.4714923885089,3.256234670606008,46.27359057824472,8,1,0,986.9941949591728,0,0,0,0
906,28016,240.3294729635557,0,0,0,0,0,0,0,1,0,3.247368585435304,797.146121817332,3.247368585435304,40.15647296358376,8,1,0,336.6085254173216,0,0,0,0
907,27841,244.2386965266416,0,0,0,0,0,0,0,1,0,3.194798241793379,778.917455688769,3.194798241793379,44.06569652664169,8,1,0,1234.300739703717,0,0,0,0
908,26106,227.8952789987227,0,0,0,0,0,0,0,1,0,3.204776918175153,783.4608484100327,3.204776918175153,27.72227899872336,8,1,0,5461.799268144119,0,0,0,0
909,31138,252.9112682019888,0,0,0,0,0,0,0,1,0,3.274462035405204,804.4033372472112,3.274462035405204,52.73826820199024,8,1,0,335.5524200895456,0,0,0,0
910,30073,246.3450552167784,0,0,0,0,0,0,0,1,0,3.182571240116426,780.7044509678909,3.182571240116426,46.17205521677757,8,1,0,1519.725487012078,0,0,0,0
911,20144,201.8545856664438,0,0,0,0,0,0,0,0,0,3.152324914798708,774.2974192809827,3.152324914798708,-1,8,0,1,515.4704901073001,0,0,0,0
912,19835,213.192647643186,0,0,0,1,3,0,0,0,0,3.188648633015795,780.1897959556059,3.188648633015795,-1,8,0,1,2360.908977808542,0,0,0,0
913,25955,226.6707277301284,0,0,0,0,0,0,0,1,0,3.299598119468546,812.0781186260407,3.299598119468546,26.49772773012896,8,1,0,340.5228730877653,0,0,0,0
914,26119,230.6188955019715,0,0,0,0,0,0,0,1,0,3.109895599636929,760.1052737281833,3.109895599636929,30.44589550197148,8,1,0,5217.737721572453,0,0,0,0
915,19518,206.6491193595409,0,0,0,2,13,0,0,0,0,3.132969207318294,767.8064801572756,3.132969207318294,-1,8,0,1,1402.589435742244,0,0,0,0
916,28713,247.3606662187172,0,0,0,0,0,0,0,1,0,3.127279188021236,763.7373278221077,3.127279188021236,47.18766621871683,8,1,0,2244.332885591594,0,0,0,0
917,24017,222.4153155346745,0,0,0,0,0,0,0,1,0,3.201068374580271,785.3494864367337,3.201068374580271,22.24231553467452,8,1,0,946.5444494478935,0,0,0,0
918,27761,237.0686591619228,0,0,0,0,0,0,0,1,0,3.237721852582192,796.7716715244984,3.237721852582192,36.89565916192339,8,1,0,1089.298138041373,0,0,0,0
919,27035,233.6981777071577,0,0,0,0,0,0,0,1,0,3.238611740841467,793.6130011164998,3.238611740841467,33.52517770715769,8,1,0,422.6267225158613,0,0,0,0
920,27225,232.1131193173141,0,0,0,0,0,0,0,1,0,3.279387562487898,806.5280414269176,3.279387562487898,31.94011931731494,8,1,0,138.6580456665328,0,0,0,0
921,30501,248.8496939683017,0,0,0,0,0,0,0,1,0,3.08127323915153,753.4369256825155,3.08127323915153,48.67669396830185,8,1,0,126.2190841068466,0,0,0,0
922,28281,237.2240702303639,0,0,0,0,0,0,0,1,0,3.18801119945358,782.4382050575612,3.18801119945358,37.05107023036462,8,1,0,1386.111243607498,0,0,0,0
923,29215,243.1108643323656,0,0,0,0,0,0,0,1,0,3.223548888067837,790.0520772849347,3.223548888067837,42.93786433236527,8,1,0,471.0453132471221,0,0,0,0
924,28278,241.1975618065041,0,0,0,0,0,0,0,1,0,3.219203024493252,786.4961029387296,3.219203024493252,41.02456180650424,8,1,0,1399.230596729868,0,0,0,0
925,25578,226.4566932205151,0,0,0,0,0,0,0,1,0,3.221233459695471,790.4070859886173,3.221233459695471,26.28369322051505,8,1,0,2853.408196060491,0,0,0,0
926,20072,202.6899272247519,0,0,0,0,0,0,0,0,0,3.343034070189893,820.3472852280159,3.343034070189893,-1,8,0,1,383.7532657067918,0,0,0,0
927,26690,231.6869611977051,0,0,0,0,0,0,0,1,0,3.067514253874213,750.4155226905978,3.067514253874213,31.51396119770468,8,1,0,3399.859686917038,0,0,0,0
928,23965,222.1439678411655,0,0,0,0,0,0,0,1,0,3.211655121696879,787.8207269527514,3.211655121696879,21.97096784116539,8,1,0,2900.445933969361,0,0,0,0
929,32456,252.1498772856146,0,0,0,0,0,0,0,1,0,3.276284755577841,806.1143130831126,3.276284755577841,51.976877285616,8,1,0,149.5897677592114,0,0,0,0
930,26862,231.6826563422736,0,0,0,0,0,0,0,1,0,3.157894808905674,773.1794971420511,3.157894808905674,31.50965634227302,8,1,0,6413.205583795186,0,0,0,0
931,30167,244.485876125641,0,0,0,0,0,0,0,1,0,3.252949144622748,800.7623047331468,3.252949144622748,44.31287612578796,8,1,0,2671.061208383002,0,0,0,0
932,30400,252.4659183755874,0,0,0,0,0,0,0,1,0,3.200858093782188,783.6661761327548,3.200858093782188,52.29291837558774,8,1,0,1266.63574722646,0,0,0,0
933,28050,235.0046452100345,0,0,0,0,0,0,0,1,0,3.25783914731901,800.7205465800761,3.25783914731901,34.83164521003463,8,1,0,200.8752912505265,0,0,0,0
934,29317,249.0136575771124,0,0,0,0,0,0,0,1,0,3.250546868696766,796.4188412473889,3.250546868696766,48.84065757711229,8,1,0,600.2031730797584,0,0,0,0
935,25532,229.8828098593477,0,0,0,0,0,0,0,1,0,3.214475149525688,787.7021149587571,3.214475149525688,29.70980985934759,8,1,0,3727.066368963341,0,0,0,0
936,28891,243.9015743688682,0,0,0,0,0,0,0,1,0,3.182556431128955,778.5310514902992,3.182556431128955,43.72857436886753,8,1,0,863.6348159162513,0,0,0,0
937,19800,202.2029937464688,0,0,0,0,0,0,0,0,0,3.249093167357902,796.4933949282881,3.249093167357902,-1,8,0,1,865.7833022775719,0,0,0,0
938,21462,231.0968157574743,0,0,0,4,28,0,0,0,0,3.301163921828878,811.143973232842,3.301163921828878,-1,8,0,1,722.0471816748699,0,0,0,0
939,20495,216.4621356648416,0,0,0,3,11,0,0,0,0,3.256327258638281,800.4729469753426,3.256327258638281,-1,8,0,1,1233.615231086048,0,0,0,0
940,30306,247.6201824843819,0,0,0,0,0,0,0,1,0,3.221238561466229,791.1651699984039,3.221238561466229,47.44718248438203,8,1,0,663.6253899928776,0,0,0,0
941,20462,215.2780160468937,0,0,0,2,16,0,0,0,0,3.212384229851217,790.520956064306,3.212384229851217,-1,8,0,1,841.7777338612475,0,0,0,0
942,27750,235.1731402997014,0,0,0,0,0,0,0,1,0,3.271211456259316,802.9302168147254,3.271211456259316,35.00014029970155,8,1,0,1504.341985953452,0,0,0,0
943,20524,202.4022064937157,0,0,0,0,0,0,0,0,0,3.294597262215186,810.0321374593135,3.294597262215186,-1,8,0,1,4165.668717202733,0,0,0,0
944,25117,221.4721729991343,0,0,0,0,0,0,0,1,0,3.177882754831346,778.505087743168,3.177882754831346,21.29917299913505,8,1,0,1939.299074172848,0,0,0,0
945,26985,233.1145593475094,0,0,0,0,0,0,0,1,0,3.200622949148066,786.2513187627827,3.200622949148066,32.94155934750984,8,1,0,1122.905924202758,0,0,0,0
946,26178,228.7996993667122,0,0,0,0,0,0,0,1,0,3.145419251466701,771.4219581942889,3.145419251466701,28.62669936671208,8,1,0,2888.465426507535,0,0,0,0
947,30859,249.0786577688973,0,0,0,0,0,0,0,1,0,3.238256411496701,792.1474584606688,3.238256411496701,48.90565776889699,8,1,0,1968.027018015121,0,0,0,0
948,29618,247.5347860631764,0,0,0,0,0,0,0,1,0,3.13471432186428,768.7967548070014,3.13471432186428,47.36178606378773,8,1,0,2280.542697676555,0,0,0,0
949,30885,247.5851069389977,0,0,0,0,0,0,0,1,0,3.188396041968454,779.5278649768976,3.188396041968454,47.41210693899688,8,1,0,2955.377404484205,0,0,0,0
950,20927,209.4361198090106,0,0,0,1,10,0,0,0,0,3.249309944612488,796.1603041391545,3.249309944612488,-1,8,0,1,1631.039745277052,0,0,0,0
951,21108,259.4259433872167,0,0,0,3,24,0,0,0,0,3.286102324896161,807.5479303582754,3.286102324896161,-1,8,0,1,1000.451416624179,0,0,0,0
952,29479,242.8430951553931,0,0,0,0,0,0,0,1,0,3.266919562693983,803.991043516423,3.266919562693983,42.67009515539427,8,1,0,604.1802148495599,0,0,0,0
953,21810,210.7834787942919,0,0,0,0,0,0,0,1,0,3.250264440050298,796.92563968068,3.250264440050298,10.61047879429202,8,1,0,1278.497613638856,0,0,0,0
954,22938,263.7503053729412,0,0,0,2,4,0,0,0,0,3.361295480985933,825.5641048967174,3.361295480985933,-1,8,0,1,2046.445419524018,0,0,0,0
955,30633,249.6593054394076,0,0,0,0,0,0,0,1,0,3.335219682837456,820.5525361736958,3.335219682837456,49.48630543940813,8,1,0,722.440393594416,0,0,0,0
956,27460,233.3482776719104,0,0,0,0,0,0,0,1,0,3.242879428740431,799.6819618872959,3.242879428740431,33.17527767190975,8,1,0,787.8285926642709,0,0,0,0
957,22791,218.3882098514848,0,0,0,0,0,0,0,1,0,3.085894032307619,752.7982826455932,3.085894032307619,18.21520985148457,8,1,0,1658.380163129951,0,0,0,0
958,28486,241.4556627854547,0,0,0,0,0,0,0,1,0,3.199670099326894,785.0283956576226,3.199670099326894,41.282662785454,8,1,0,838.877858295429,0,0,0,0
959,26153,232.0895717954531,0,0,0,0,0,0,0,1,0,3.313196142962305,812.4397875359672,3.313196142962305,31.91657179545311,8,1,0,158.7414516966471,0,0,0,0
960,19800,205.5297070459513,0,0,0,1,5,0,0,0,0,3.257496883967688,799.9018550831049,3.257496883967688,-1,8,0,1,777.6880236348974,0,0,0,0
961,30432,241.5084229601337,0,0,0,0,0,0,0,1,0,3.186877406900152,778.9091125216906,3.186877406900152,41.33542296013324,8,1,0,5723.690485326266,0,0,0,0
962,30959,248.691634476274,0,0,0,0,0,0,0,1,0,3.277849088026378,803.963462142126,3.277849088026378,48.51863447627385,8,1,0,1417.501568740184,0,0,0,0
963,20219,222.7205359682999,0,0,0,2,17,0,0,0,0,3.162629352621926,775.3943247152311,3.162629352621926,-1,8,0,1,1611.442775514718,0,0,0,0
964,29049,241.0753987764045,0,0,0,0,0,0,0,1,0,3.144547509781897,770.0755264503111,3.144547509781897,40.90239877640451,8,1,0,4610.941137001467,0,0,0,0
965,28034,237.8936079581674,0,0,0,0,0,0,0,1,0,3.2863834177797,804.617707368763,3.2863834177797,37.72060795816735,8,1,0,1801.143896965712,0,0,0,0
966,28842,241.8760029268945,0,0,0,0,0,0,0,1,0,3.256408664805195,800.568131050842,3.256408664805195,41.70300292689383,8,1,0,4588.536037141748,0,0,0,0
967,30066,241.2826570623903,0,0,0,0,0,0,0,1,0,3.344208996587143,821.8460974450414,3.344208996587143,41.10965706239006,8,1,0,1423.604575579082,0,0,0,0
968,26530,232.0263965002766,0,0,0,0,0,0,0,1,0,3.200150780799327,785.6101804437951,3.200150780799327,31.85339650027659,8,1,0,78.09215671679314,0,0,0,0
969,29325,246.6789707892686,0,0,0,0,0,0,0,1,0,3.143608539738976,767.6895543563505,3.143608539738976,46.50597078926836,8,1,0,907.5760516308089,0,0,0,0
970,25806,226.0225730813456,0,0,0,0,0,0,0,1,0,3.258044690726884,800.714261860487,3.258044690726884,25.84957308134526,8,1,0,858.3789928231425,0,0,0,0
971,28238,239.4542777376107,0,0,0,0,0,0,0,1,0,3.210519917363595,788.3684739442401,3.210519917363595,39.28127773761047,8,1,0,1890.136878279293,0,0,0,0
972,20630,225.4607888481221,0,0,0,2,11,0,0,0,0,3.296599330941466,809.4013669731187,3.296599330941466,-1,8,0,1,589.5441021721259,0,0,0,0
973,30364,246.8768464943956,0,0,0,0,0,0,0,1,0,3.306599021887388,813.742269813058,3.306599021887388,46.70384649445079,8,1,0,718.359723039932,0,0,0,0
974,25746,222.9134121982214,0,0,0,0,0,0,0,1,0,3.204260885088675,784.5723153328989,3.204260885088675,22.74041219822115,8,1,0,2274.415324751615,0,0,0,0
975,20493,216.3404093583259,0,0,0,1,7,0,0,0,0,3.26519152224003,801.1361213464899,3.26519152224003,-1,8,0,1,379.7915147995996,0,0,0,0
976,28288,234.4689564484098,0,0,0,0,0,0,0,1,0,3.251366206711019,796.8746947034067,3.251366206711019,34.29595644841025,8,1,0,2595.884859909835,0,0,0,0
977,27685,236.7100618916867,0,0,0,0,0,0,0,1,0,3.171297592837502,777.7322316242781,3.171297592837502,36.53706189101516,8,1,0,1618.916090889594,0,0,0,0
978,23080,216.3646508196472,0,0,0,0,0,0,0,1,0,3.319234783730128,817.1966266067508,3.319234783730128,16.19165081964709,8,1,0,2363.318163291562,0,0,0,0
979,30054,245.5396252017873,0,0,0,0,0,0,0,1,0,3.299167341927593,810.4284140687317,3.299167341927593,45.36662520178688,8,1,0,78.98146448243467,0,0,0,0
980,26606,233.4630557360402,0,0,0,0,0,0,0,1,0,3.026187713576718,740.1505612171048,3.026187713576718,33.29005573603965,8,1,0,3686.343979526334,0,0,0,0
981,28503,234.838690129646,0,0,0,0,0,0,0,1,0,3.155068641787171,772.6113411522866,3.155068641787171,34.6656901296467,8,1,0,899.2412704828195,0,0,0,0
982,19865,213.689715838395,0,0,0,1,10,0,0,0,0,3.319931717875193,814.2852738617676,3.319931717875193,-1,8,0,1,296.6013569985299,0,0,0,0
983,30899,248.3261356062514,0,0,0,0,0,0,0,1,0,3.322588235109525,817.0793697489763,3.322588235109525,48.15313560625238,8,1,0,88.74319035346527,0,0,0,0
984,23450,216.2922169986794,0,0,0,0,0,0,0,1,0,3.221119302470669,791.8121549564967,3.221119302470669,16.11921699867922,8,1,0,595.3998509379406,0,0,0,0
985,27090,235.2663334589522,0,0,0,0,0,0,0,1,0,3.197804713549437,781.4791579756015,3.197804713549437,35.09333345895234,8,1,0,3108.39143201499,0,0,0,0
986,30226,251.2809116239863,0,0,0,0,0,0,0,1,0,3.096018069262675,751.6114383500721,3.096018069262675,51.10791162398594,8,1,0,303.9451475710605,0,0,0,0
987,19304,224.1510390392925,0,0,0,2,18,0,0,0,0,3.272948682753541,804.3979581861763,3.272948682753541,-1,8,0,1,1537.20815874283,0,0,0,0
988,26208,228.5308399831113,0,0,0,0,0,0,0,1,0,3.225135109949677,791.6387686333829,3.225135109949677,28.35783998311099,8,1,0,1373.098774113199,0,0,0,0
989,26413,224.9695769604881,0,0,0,0,0,0,0,1,0,3.235417957443816,793.1160963043183,3.235417957443816,24.7965769604883,8,1,0,2553.368545264025,0,0,0,0
990,19430,202.3978264113718,0,0,0,0,0,0,0,0,0,3.234780324201225,796.8443758551792,3.234780324201225,-1,8,0,1,408.3200359880062,0,0,0,0
991,28094,241.0049204168682,0,0,0,0,0,0,0,1,0,3.209974736221319,786.6578199193702,3.209974736221319,40.83192041686883,8,1,0,1164.361274952983,0,0,0,0
992,27028,232.5721794004213,0,0,0,0,0,0,0,1,0,3.238866088058983,796.8270896325829,3.238866088058983,32.39917940042177,8,1,0,557.107109582814,0,0,0,0
993,25146,226.1275671221462,0,0,0,0,0,0,0,1,0,3.164655401752248,774.2599135262813,3.164655401752248,25.95456712214533,8,1,0,162.6167313242761,0,0,0,0
994,29323,241.5039217357089,0,0,0,0,0,0,0,1,0,3.373315288954172,829.6965975996694,3.373315288954172,41.33092173570883,8,1,0,2537.675052888913,0,0,0,0
995,27280,233.3904046299535,0,0,0,0,0,0,0,1,0,3.174247014389827,780.381037931548,3.174247014389827,33.21740462995324,8,1,0,4573.610221611672,0,0,0,0
996,29731,246.7260684221313,0,0,0,0,0,0,0,1,0,3.331108183020457,819.7122303290122,3.331108183020457,46.55306842187624,8,1,0,977.8940759813453,0,0,0,0
997,30677,245.8813651659732,0,0,0,0,0,0,0,1,0,3.160297294753418,773.3981869233135,3.160297294753418,45.70836516597304,8,1,0,1469.87450838447,0,0,0,0
998,23237,215.2559309858508,0,0,0,0,0,0,0,1,0,3.238502246209428,794.7158391824796,3.238502246209428,15.08293098585078,8,1,0,669.5381679324099,0,0,0,0
999,26026,231.3959421084352,0,0,0,0,0,0,0,1,0,3.19268486016175,784.4247199990068,3.19268486016175,31.22294210843526,8,1,0,193.3133040983081,0,0,0,0
1000,30323,249.3038590677002,0,0,0,0,0,0,0,1,0,3.241573884741514,796.3515896474506,3.241573884741514,49.13085906769983,8,1,0,689.4949024563442,0,0,0,0
1001,19902,207.2315533954934,0,0,0,2,16,0,0,0,0,3.254754274330943,798.9253785770026,3.254754274330943,-1,8,0,1,881.3233554039133,0,0,0,0
1002,27004,232.1918547351725,0,0,0,0,0,0,0,1,0,3.167385327806758,777.5344229533176,3.167385327806758,32.01885473517233,8,1,0,1511.611686287227,0,0,0,0
1003,29005,242.1791039378265,0,0,0,0,0,0,0,1,0,3.24149329549912,795.3403891068158,3.24149329549912,42.00610393799573,8,1,0,2292.705206148708,0,0,0,0
1004,29519,241.7483249039549,0,0,0,0,0,0,0,1,0,3.071702362700624,747.7437651094165,3.071702362700624,41.57532490395497,8,1,0,541.0371473850198,0,0,0,0
1005,30361,243.8406905387365,0,0,0,0,0,0,0,1,0,3.349090650423384,822.3847284820814,3.349090650423384,43.66769053873632,8,1,0,2826.361954088167,0,0,0,0
1006,28418,242.3875642254538,0,0,0,0,0,0,0,1,0,3.240391903163956,795.4949353512341,3.240391903163956,42.21456422545369,8,1,0,203.8628209317293,0,0,0,0
1007,24220,216.2349864731389,0,0,0,0,0,0,0,1,0,3.264431160837787,803.6657006877184,3.264431160837787,16.06198647313783,8,1,0,5947.305576330675,0,0,0,0
1008,27793,238.4694888348666,0,0,0,0,0,0,0,1,0,3.284108791404662,802.9297675184782,3.284108791404662,38.29648883486633,8,1,0,2290.554592394823,0,0,0,0
1009,29259,244.8818844495557,0,0,0,0,0,0,0,1,0,3.109730330110861,762.9452810643181,3.109730330110861,44.70888444955522,8,1,0,950.0823641923799,0,0,0,0
1010,26523,233.5485767061756,0,0,0,0,0,0,0,1,0,3.238059236928516,792.9301811113612,3.238059236928516,33.37557670617528,8,1,0,3400.467080154032,0,0,0,0
1011,27149,233.1840143210472,0,0,0,0,0,0,0,1,0,3.324066982977809,817.9920854446848,3.324066982977809,33.01101432104789,8,1,0,1512.511876927806,0,0,0,0
1012,27947,237.7806568865673,0,0,0,0,0,0,0,1,0,3.248882507775443,796.8274884151128,3.248882507775443,37.60765688656724,8,1,0,497.6087993780004,0,0,0,0
1013,20340,206.5004205622716,0,0,0,0,0,0,0,1,0,3.083152496703471,753.8141199008168,3.083152496703471,6.327420562271961,8,1,0,629.8335563088611,0,0,0,0
1014,27645,234.9529975067917,0,0,0,0,0,0,0,1,0,3.223204908327326,791.640115752511,3.223204908327326,34.77999750679185,8,1,0,3762.321637006458,0,0,0,0
1015,27192,233.2626644678067,0,0,0,0,0,0,0,1,0,3.295804194936094,808.7195176891062,3.295804194936094,33.08966446780788,8,1,0,2104.923054715666,0,0,0,0
1016,29503,245.7119010734199,0,0,0,0,0,0,0,1,0,3.265380642860664,803.6614282124929,3.265380642860664,45.53890107341911,8,1,0,661.4233524784664,0,0,0,0
1017,30072,246.6321119979867,0,0,0,0,0,0,0,1,0,3.060674057027363,750.4305191946136,3.060674057027363,46.4591119979851,8,1,0,3565.47048698669,0,0,0,0
1018,20810,208.0385242253725,0,0,0,0,0,0,0,1,0,3.07355651490542,751.733544847608,3.07355651490542,7.865524225372505,8,1,0,340.533264912119,0,0,0,0
1019,22437,210.7334261447442,0,0,0,0,0,0,0,1,0,3.270011355392835,800.1293277693688,3.270011355392835,10.5604261447444,8,1,0,6829.381087422419,0,0,0,0
1020,19897,227.244722096375,0,0,0,3,31,0,0,0,0,3.33209430245109,818.9312860581351,3.33209430245109,-1,8,0,1,201.713216993986,0,0,0,0
1021,28957,238.2640040284788,0,0,0,0,0,0,0,1,0,3.203268082601241,788.4170953309443,3.203268082601241,38.09100402847791,8,1,0,1194.94560689323,0,0,0,0
1022,27073,232.2767161403424,0,0,0,0,0,0,0,1,0,3.263267020385912,801.7969273175083,3.263267020385912,32.10371614034264,8,1,0,1692.782001666956,0,0,0,0
1023,31390,254.066034470187,0,0,0,0,0,0,0,1,0,3.217242055579682,788.1052207128968,3.217242055579682,53.8930344701869,8,1,0,24.78716042179667,0,0,0,0
1024,26789,229.9396294851873,0,0,0,0,0,0,0,1,0,3.292049161790813,807.4562437284126,3.292049161790813,29.76662948518826,8,1,0,2150.814426549577,0,0,0,0
1025,30113,245.2416858457718,0,0,0,0,0,0,0,1,0,3.318505342007442,817.3454359803962,3.318505342007442,45.06868584577154,8,1,0,389.5337462562074,0,0,0,0
1026,26154,224.6545037710865,0,0,0,0,0,0,0,1,0,3.314589711956589,816.3635882986889,3.314589711956589,24.48150377108646,8,1,0,378.9420969886733,0,0,0,0
1027,23493,219.5960924046486,0,0,0,0,0,0,0,1,0,3.316937182527313,813.8209973570482,3.316937182527313,19.42309240464858,8,1,0,1431.237033523969,0,0,0,0
1028,26021,228.2396873412249,0,0,0,0,0,0,0,1,0,3.238111665575134,791.8915205390631,3.238111665575134,28.06668734122466,8,1,0,1795.944224692579,0,0,0,0
1029,28138,242.8244783945634,0,0,0,0,0,0,0,1,0,3.170067642662151,778.7999836281558,3.170067642662151,42.65147839456343,8,1,0,2729.353310914811,0,0,0,0
1030,21086,225.9071367294781,0,0,0,2,11,0,0,0,0,3.293968030282438,809.3028282449753,3.293968030282438,-1,8,0,1,7893.727147918332,0,0,0,0
1031,27596,241.2165797379756,0,0,0,0,0,0,0,1,0,3.211961131855511,786.4950725596942,3.211961131855511,41.04357973797563,8,1,0,2184.921902477598,0,0,0,0
1032,19967,217.304789856368,0,0,0,2,18,0,0,0,0,3.272770642491612,802.2384225059217,3.272770642491612,-1,8,0,1,1342.757059983437,0,0,0,0
1033,27174,233.5932371040135,0,0,0,0,0,0,0,1,0,3.214479874846752,788.3585444873056,3.214479874846752,33.42023710401451,8,1,0,213.060346259776,0,0,0,0
1034,24550,222.245143855338,0,0,0,0,0,0,0,1,0,3.122699585604653,765.710633365846,3.122699585604653,22.07214385533842,8,1,0,1120.010440613569,0,0,0,0
1035,30287,247.0227256918772,0,0,0,0,0,0,0,1,0,3.256677579190106,800.1145183919305,3.256677579190106,46.84972569187605,8,1,0,1051.458738658298,0,0,0,0
1036,30544,251.6674330359824,0,0,0,0,0,0,0,1,0,3.260550230785559,799.3931618728744,3.260550230785559,51.49443303598248,8,1,0,2933.456071714208,0,0,0,0
1037,30668,251.4667366366753,0,0,0,0,0,0,0,1,0,3.19585826163002,783.5039420868542,3.19585826163002,51.29373663668402,8,1,0,279.3744556025665,0,0,0,0
1038,25979,226.5399041059492,0,0,0,0,0,0,0,1,0,3.285197255480008,806.0115343670077,3.285197255480008,26.36690410594958,8,1,0,1114.661990528408,0,0,0,0
1039,27355,235.0586859722116,0,0,0,0,0,0,0,1,0,3.141773849538176,770.4238813807289,3.141773849538176,34.88568597221239,8,1,0,1256.039736951052,0,0,0,0
1040,24551,224.5237451905824,0,0,0,0,0,0,0,1,0,3.16700753264114,777.30083411719,3.16700753264114,24.35074519058175,8,1,0,193.2802382892894,0,0,0,0
1041,30760,251.8542826398475,0,0,0,0,0,0,0,1,0,3.224202951976089,790.0971828678009,3.224202951976089,51.6812826398477,8,1,0,1067.652180037033,0,0,0,0
1042,26351,230.6784795209452,0,0,0,0,0,0,0,1,0,3.197618623512383,784.50627715997,3.197618623512383,30.50547952094477,8,1,0,1828.661618381853,0,0,0,0
1043,20584,248.2889616918994,0,0,0,2,14,0,0,0,0,3.246978614836724,795.112983975054,3.246978614836724,-1,8,0,1,4098.00504799375,0,0,0,0
1044,19797,243.5243373682757,0,0,0,3,30,0,0,0,0,3.226374258283237,788.9546726251514,3.226374258283237,-1,8,0,1,2471.798240148089,0,0,0,0
1045,27751,236.4294776693134,0,0,0,0,0,0,0,1,0,3.157751660718111,773.3633636795633,3.157751660718111,36.2564776693136,8,1,0,3102.987366821903,0,0,0,0
1046,28470,236.9686570864089,0,0,0,0,0,0,0,1,0,3.142929320476792,768.7373812934169,3.142929320476792,36.79565708640861,8,1,0,3338.221422154427,0,0,0,0
1047,25497,226.6942615845813,0,0,0,0,0,0,0,1,0,3.275353597434997,803.3279610352429,3.275353597434997,26.52126158458138,8,1,0,702.6029471822009,0,0,0,0
1048,25128,227.6148026019487,0,0,0,0,0,0,0,1,0,3.131283311779695,766.9140606251058,3.131283311779695,27.44180260194837,8,1,0,1990.290598395663,0,0,0,0
1049,24986,226.7010960425515,0,0,0,0,0,0,0,1,0,3.218293721845554,788.0553246888809,3.218293721845554,26.52809604255176,8,1,0,1305.681766105725,0,0,0,0
1050,19465,200.830483410919,0,0,0,1,5,0,0,0,0,3.210828572874567,786.1898046817123,3.210828572874567,-1,8,0,1,2284.414032050329,0,0,0,0
1051,26635,228.6041455366055,0,0,0,0,0,0,0,1,0,3.097508679179513,753.6141687684855,3.097508679179513,28.43114553660484,8,1,0,2182.683585223076,0,0,0,0
1052,19824,202.8553773087843,0,0,0,1,6,0,0,0,0,3.27566862859187,804.8303289599062,3.27566862859187,-1,8,0,1,2680.622485130349,0,0,0,0
1053,22975,212.8326892178606,0,0,0,0,0,0,0,1,0,3.252950972003864,797.3617874019438,3.252950972003864,12.65968921786101,8,1,0,621.8773719909708,0,0,0,0
1054,27848,231.2027813999966,0,0,0,0,0,0,0,1,0,3.350004675639478,824.6289196382295,3.350004675639478,31.02978139999636,8,1,0,5640.189350549683,0,0,0,0
1055,26897,234.2188707659261,0,0,0,0,0,0,0,1,0,3.31101633779877,814.6466892069284,3.31101633779877,34.04587076592613,8,1,0,232.9654278348758,0,0,0,0
1056,29612,244.9931328279306,0,0,0,0,0,0,0,1,0,3.100076537394188,755.4291530153823,3.100076537394188,44.82013282793047,8,1,0,2312.998668289529,0,0,0,0
1057,29040,238.3110683119896,0,0,0,0,0,0,0,1,0,3.320868853210762,818.2954118816779,3.320868853210762,38.13806831199558,8,1,0,118.4662177437859,0,0,0,0
1058,29876,241.6345857690314,0,0,0,0,0,0,0,1,0,3.169829321486751,775.1705699196236,3.169829321486751,41.46158576903199,8,1,0,9283.653881819517,0,0,0,0
1059,20198,209.7428978675783,0,0,0,1,8,0,0,0,0,3.257880942246191,799.1234835510517,3.257880942246191,-1,8,0,1,426.4655218978041,0,0,0,0
1060,28226,237.9286871594252,0,0,0,0,0,0,0,1,0,3.103660126276029,757.3969265379341,3.103660126276029,37.75568715942551,8,1,0,3583.816932961111,0,0,0,0
1061,22666,213.2228988630995,0,0,0,0,0,0,0,1,0,3.280923593611165,806.3827903989227,3.280923593611165,13.04989886309946,8,1,0,6899.627602816899,0,0,0,0
1062,30141,246.0132798894322,0,0,0,0,0,0,0,1,0,3.084137848234662,752.6680201619396,3.084137848234662,45.8402798894319,8,1,0,351.7436659526875,0,0,0,0
1063,31063,247.7950236784801,0,0,0,0,0,0,0,1,0,3.223672168279397,790.088075852623,3.223672168279397,47.62202367847982,8,1,0,1091.151478858276,0,0,0,0
1064,21209,208.5771526711115,0,0,0,0,0,0,0,1,0,3.219365796015069,789.524059143582,3.219365796015069,8.404152671111262,8,1,0,734.0833418167667,0,0,0,0
1065,19703,235.250153020428,0,0,0,2,19,0,0,0,0,3.225646987785552,789.0398737514297,3.225646987785552,-1,8,0,1,345.4805544872926,0,0,0,0
1066,28538,241.2574481955257,0,0,0,0,0,0,0,1,0,3.144577463987899,770.0584351740896,3.144577463987899,41.08444819554788,8,1,0,354.2113197158405,0,0,0,0
1067,29839,250.0324265372021,0,0,0,0,0,0,0,1,0,3.172665199979688,776.461318890558,3.172665199979688,49.85942653720194,8,1,0,231.6482719853183,0,0,0,0
1068,23863,219.4595674233009,0,0,0,0,0,0,0,1,0,3.200650663465037,781.794440560182,3.200650663465037,19.28656742330027,8,1,0,25.16770099247916,0,0,0,0
1069,19129,211.9027721623763,0,0,0,2,21,0,0,0,0,3.142252852402692,767.7625641196137,3.142252852402692,-1,8,0,1,164.2652395072849,0,0,0,0
1070,19404,208.637188288489,0,0,0,2,13,0,0,0,0,3.117660166866109,763.3022849786837,3.117660166866109,-1,8,0,1,3685.725065141785,0,0,0,0
1071,30572,250.8574683944373,0,0,0,0,0,0,0,1,0,3.047313868015176,741.9978828785632,3.047313868015176,50.68446839443813,8,1,0,797.6310985810568,0,0,0,0
1072,25321,225.6089186200481,0,0,0,0,0,0,0,1,0,3.159972526527748,774.9804182166998,3.159972526527748,25.43591862004888,8,1,0,615.9493925296587,0,0,0,0
1073,28583,239.2418988589385,0,0,0,0,0,0,0,1,0,3.155578884437187,773.2817092801122,3.155578884437187,39.06889885893834,8,1,0,1127.829589258774,0,0,0,0
1074,27824,235.0165106741021,0,0,0,0,0,0,0,1,0,3.362442550457951,827.7947366687699,3.362442550457951,34.84351067410212,8,1,0,2174.465724722953,0,0,0,0
1075,26724,229.622623074796,0,0,0,0,0,0,0,1,0,3.17390469244231,779.2963637730238,3.17390469244231,29.44962307479566,8,1,0,3770.537146555794,0,0,0,0
1076,30906,246.9311752652078,0,0,0,0,0,0,0,1,0,3.257547731327691,798.605835360243,3.257547731327691,46.7581752652078,8,1,0,1524.525378495165,0,0,0,0
1077,27866,235.513643339397,0,0,0,0,0,0,0,1,0,3.196974233116406,783.1413374212307,3.196974233116406,35.3406433393967,8,1,0,1969.6073704063,0,0,0,0
1078,26258,231.1389743846018,0,0,0,0,0,0,0,1,0,3.249007072659696,796.2827155181354,3.249007072659696,30.96597438460143,8,1,0,97.67530548134233,0,0,0,0
1079,30096,244.8845882208805,0,0,0,0,0,0,0,1,0,3.156902329618378,771.2625667467441,3.156902329618378,44.711588220881,8,1,0,1616.852192520401,0,0,0,0
1080,19529,221.6663720998134,0,0,0,1,10,0,0,0,0,3.309338323637528,810.4308318843014,3.309338323637528,-1,8,0,1,877.3950024539871,0,0,0,0
1081,28029,239.4719741173157,0,0,0,0,0,0,0,1,0,3.192737595655372,781.3002980182891,3.192737595655372,39.29897411731553,8,1,0,525.6278006389169,0,0,0,0
1082,19447,202.5783890531333,0,0,0,0,0,0,0,0,0,3.172443117417338,778.2361835166186,3.172443117417338,-1,8,0,1,502.9283543445366,0,0,0,0
1083,30682,247.819251182681,0,0,0,0,0,0,0,1,0,3.261855507602519,801.5306679437315,3.261855507602519,47.64625118268106,8,1,0,6.79388697070139,0,0,0,0
1084,29424,244.8299944502764,0,0,0,0,0,0,0,1,0,3.194925383295478,781.2725907613903,3.194925383295478,44.65699445027641,8,1,0,773.015291459325,0,0,0,0
1085,22825,217.1634385840177,0,0,0,0,0,0,0,1,0,3.189746560966067,780.5457699149088,3.189746560966067,16.99043858401781,8,1,0,977.9379724119083,0,0,0,0
1086,19877,200.1729999999996,0,0,0,0,0,0,0,0,0,3.259252785593908,802.567969394089,3.259252785593908,-1,8,1,0,10891.75626574928,0,0,0,0
1087,27178,232.8225815770084,0,0,0,0,0,0,0,1,0,3.035438813507322,738.4961894814944,3.035438813507322,32.64958157700854,8,1,0,2880.971005756276,0,0,0,0
1088,23454,221.0587060482418,0,0,0,0,0,0,0,1,0,3.191266997085128,779.834468935408,3.191266997085128,20.8857060482411,8,1,0,995.3004592541043,0,0,0,0
1089,27883,238.0068899070606,0,0,0,0,0,0,0,1,0,3.294114070083628,809.181043781939,3.294114070083628,37.83388990706027,8,1,0,7350.784635494476,0,0,0,0
1090,27336,229.6589319473434,0,0,0,0,0,0,0,1,0,3.253004240182543,798.5392957676984,3.253004240182543,29.48593194734349,8,1,0,1748.456888771915,0,0,0,0
1091,25150,225.3017055905437,0,0,0,0,0,0,0,1,0,3.080494346317641,751.9433850818555,3.080494346317641,25.12870559054437,8,1,0,1166.122874095287,0,0,0,0
1092,29832,243.0138025541691,0,0,0,0,0,0,0,1,0,3.282986792488575,805.9498572712806,3.282986792488575,42.84080255416895,8,1,0,700.9138169419971,0,0,0,0
1093,27953,243.8709914163705,0,0,0,0,0,0,0,1,0,3.205606663324844,785.1405977077357,3.205606663324844,43.6979914163701,8,1,0,1431.785562840984,0,0,0,0
1094,19867,238.5026098520524,0,0,0,4,23,0,0,0,0,3.183612407510398,782.676482569795,3.183612407510398,-1,8,0,1,3996.873263528833,0,0,0,0
1095,20402,207.1773096129431,0,0,0,1,5,0,0,0,0,3.261571056728678,800.4224199938313,3.261571056728678,-1,8,0,1,3741.299706175969,0,0,0,0
1096,30465,246.8405860782875,0,0,0,0,0,0,0,1,0,3.165921632721489,773.7392223321015,3.165921632721489,46.66758607813725,8,1,0,502.3461333086049,0,0,0,0
1097,26787,233.9681171568151,0,0,0,0,0,0,0,1,0,3.158706498095057,771.4754487653353,3.158706498095057,33.7951171568148,8,1,0,896.0338026847581,0,0,0,0
1098,19446,205.071572985981,0,0,0,1,4,0,0,0,0,3.097247001437924,756.5286988036048,3.097247001437924,-1,8,0,1,3065.420294509281,0,0,0,0
1099,29753,246.7734599847261,0,0,0,0,0,0,0,1,0,3.180604963085242,779.6536781116722,3.180604963085242,46.6004599846685,8,1,0,974.027176525722,0,0,0,0
1100,30307,248.4190867444266,0,0,0,0,0,0,0,1,0,3.319089164961977,816.6097237090668,3.319089164961977,48.24608674442948,8,1,0,565.7666734207403,0,0,0,0
1101,28397,240.0290954671916,0,0,0,0,0,0,0,1,0,3.14883717490537,772.2273792121232,3.14883717490537,39.85609546719115,8,1,0,2117.157627612699,0,0,0,0
1102,30007,248.9397926671751,0,0,0,0,0,0,0,1,0,3.098948446317774,757.9165579257816,3.098948446317774,48.76679266717529,8,1,0,1668.822811653281,0,0,0,0
1103,20134,201.218540878334,0,0,0,1,4,0,0,0,0,3.187425886911945,780.8461205935768,3.187425886911945,-1,8,0,1,507.0604435697998,0,0,0,0
1104,20189,205.1030910015753,0,0,0,1,4,0,0,0,0,3.115432211950218,761.7319112757981,3.115432211950218,-1,8,0,1,3449.575368586252,0,0,0,0
1105,30605,249.8644665315852,0,0,0,0,0,0,0,1,0,3.229500284086758,790.5377814766651,3.229500284086758,49.69146653158596,8,1,0,808.6244183758906,0,0,0,0
1106,28223,237.6680299882848,0,0,0,0,0,0,0,1,0,3.172876355269626,778.538415400947,3.172876355269626,37.49502998828419,8,1,0,766.8269890476232,0,0,0,0
1107,26204,230.9019288451194,0,0,0,0,0,0,0,1,0,3.133666654434999,767.4075691822957,3.133666654434999,30.72892884512021,8,1,0,686.2808805390243,0,0,0,0
1108,28447,246.1693027254055,0,0,0,0,0,0,0,1,0,3.177400640376436,777.2805426159512,3.177400640376436,45.99630272538869,8,1,0,2563.770346686289,0,0,0,0
1109,30276,250.6262015235536,0,0,0,0,0,0,0,1,0,3.10390373133499,757.7630577826491,3.10390373133499,50.45320152355287,8,1,0,3810.87600520577,0,0,0,0
1110,28291,241.9274580786239,0,0,0,0,0,0,0,1,0,3.237453643313388,793.6010096206707,3.237453643313388,41.75445807862365,8,1,0,1107.938548205815,0,0,0,0
1111,27419,233.8116217748091,0,0,0,0,0,0,0,1,0,3.186216462489514,780.5959265218499,3.186216462489514,33.63862177480903,8,1,0,1153.037215590524,0,0,0,0
1112,27534,236.751508292116,0,0,0,0,0,0,0,1,0,3.154119457202743,772.9743094243115,3.154119457202743,36.57850829211636,8,1,0,375.5121559627318,0,0,0,0
1113,26860,229.8850175859151,0,0,0,0,0,0,0,1,0,3.209842733310217,784.5490908405338,3.209842733310217,29.71201758591534,8,1,0,501.6860265673579,0,0,0,0
1114,28956,245.5763041640198,0,0,0,0,0,0,0,1,0,3.069059250116096,749.2943252246957,3.069059250116096,45.40330416401967,8,1,0,2168.274390232084,0,0,0,0
1115,27619,236.125048515134,0,0,0,0,0,0,0,1,0,3.383036150471398,831.6786586547123,3.383036150471398,35.95204851513431,8,1,0,806.851874672533,0,0,0,0
1116,31005,248.184507362018,0,0,0,0,0,0,0,1,0,3.285935604352572,804.4245670098794,3.285935604352572,48.0115073620175,8,1,0,6536.285108700707,0,0,0,0
1117,19718,202.2659652097238,0,0,0,1,6,0,0,0,0,3.212154123939874,786.4171865979297,3.212154123939874,-1,8,0,1,24.0097326440049,0,0,0,0
1118,19875,202.6082647888108,0,0,0,0,0,0,0,0,0,3.266939186190175,801.4406179488752,3.266939186190175,-1,8,0,1,1693.360605748709,0,0,0,0
1119,28020,233.0649888472784,0,0,0,0,0,0,0,1,0,3.36217758559691,825.7942001419405,3.36217758559691,32.89198884727912,8,1,0,644.8774874600908,0,0,0,0
1120,28813,236.1427196978471,0,0,0,0,0,0,0,1,0,3.263615448100972,800.004182036015,3.263615448100972,35.96971969784692,8,1,0,534.4937732286237,0,0,0,0
1121,31114,248.5780755199819,0,0,0,0,0,0,0,1,0,3.282538820926927,804.9700356964337,3.282538820926927,48.40507551998129,8,1,0,1878.95792041887,0,0,0,0
1122,20921,223.8224552267714,0,0,0,3,12,0,0,0,0,3.31990427541164,814.7820471350996,3.31990427541164,-1,8,0,1,876.1181481007145,0,0,0,0
1123,25532,228.9913036937272,0,0,0,0,0,0,0,1,0,3.210249489022696,787.577441234801,3.210249489022696,28.81830369372649,8,1,0,480.7508830741758,0,0,0,0
1124,26897,232.7793555737483,0,0,0,0,0,0,0,1,0,3.136613712395004,766.304461695546,3.136613712395004,32.60635557374773,8,1,0,1141.286944293608,0,0,0,0
1125,32367,254.0033399571112,0,0,0,0,0,0,0,1,0,3.184967645153134,780.2321378942152,3.184967645153134,53.83033995711153,8,1,0,856.8827891650361,0,0,0,0
1126,29630,241.6861902346689,0,0,0,0,0,0,0,1,0,3.385983590334686,833.3126606537736,3.385983590334686,41.51319023466866,8,1,0,144.768441576873,0,0,0,0
1127,28858,244.4656842074886,0,0,0,0,0,0,0,1,0,3.128482825023471,765.1937247023276,3.128482825023471,44.29268420748868,8,1,0,1788.548590722125,0,0,0,0
1128,31487,250.5037841058605,0,0,0,0,0,0,0,1,0,3.164210191083789,776.1004919125961,3.164210191083789,50.33078410583599,8,1,0,2911.666467908988,0,0,0,0
1129,30370,244.8902751987249,0,0,0,0,0,0,0,1,0,3.29937848982842,809.6945642581268,3.29937848982842,44.71727519872509,8,1,0,457.5880169642734,0,0,0,0
1130,23337,216.0095504105373,0,0,0,0,0,0,0,1,0,3.25916578131532,797.867416403049,3.25916578131532,15.83655041053697,8,1,0,2799.283132270034,0,0,0,0
1131,22479,213.591372381838,0,0,0,0,0,0,0,1,0,3.221408470586998,789.7842281964502,3.221408470586998,13.41837238183811,8,1,0,172.5932104404636,0,0,0,0
1132,28710,237.4471982608764,0,0,0,0,0,0,0,1,0,3.332041093424291,820.790124136515,3.332041093424291,37.27419826087598,8,1,0,788.3505399385933,0,0,0,0
1133,23624,218.7143747695684,0,0,0,0,0,0,0,1,0,3.2034639713935,783.3492476227912,3.2034639713935,18.54137476956822,8,1,0,164.998551289592,0,0,0,0
1134,31341,248.9171984455812,0,0,0,0,0,0,0,1,0,3.08074518271639,750.9559107815204,3.08074518271639,48.74419844558107,8,1,0,481.7595893898257,0,0,0,0
1135,19304,242.2608726823896,0,0,0,3,32,0,0,0,0,3.194150801691676,778.4519674001873,3.194150801691676,-1,8,0,1,890.6412031874014,0,0,0,0
1136,27304,237.4039216305366,0,0,0,0,0,0,0,1,0,3.273399324797103,804.945506862952,3.273399324797103,37.23092163053692,8,1,0,1786.048064322794,0,0,0,0
1137,24856,224.23122539469,0,0,0,0,0,0,0,1,0,3.127197564345719,764.4554435913155,3.127197564345719,24.05822539468951,8,1,0,4730.468529191559,0,0,0,0
1138,25831,230.0514254167064,0,0,0,0,0,0,0,1,0,3.133914907630589,765.8251449092459,3.133914907630589,29.87842541670654,8,1,0,1342.373788258928,0,0,0,0
1139,26549,237.7750636531472,0,0,0,0,0,0,0,1,0,3.226903180713873,790.8310147163048,3.226903180713873,37.60206365314734,8,1,0,1235.634298989597,0,0,0,0
1140,23387,220.4525866758122,0,0,0,0,0,0,0,1,0,3.239276207914318,794.6577798665253,3.239276207914318,20.27958667581236,8,1,0,2378.208645121581,0,0,0,0
1141,28972,247.8851190321535,0,0,0,0,0,0,0,1,0,3.108188777984123,758.9836600180186,3.108188777984123,47.71211903238132,8,1,0,1353.359440578211,0,0,0,0
1142,24446,222.1035814599183,0,0,0,0,0,0,0,1,0,3.265514816599771,803.5233069423265,3.265514816599771,21.93058145991887,8,1,0,3094.166915703885,0,0,0,0
1143,19192,218.5750945073501,0,0,0,3,24,0,0,0,0,3.141848006747923,770.5740249158018,3.141848006747923,-1,8,0,1,735.8957159240458,0,0,0,0
1144,31693,253.2563342399836,0,0,0,0,0,0,0,1,0,3.279627438619563,804.6537919337625,3.279627438619563,53.08333423998376,8,1,0,1163.719588836875,0,0,0,0
1145,25856,230.8381755605078,0,0,0,0,0,0,0,1,0,3.157901834285611,774.0156817980931,3.157901834285611,30.66517556050771,8,1,0,1071.150966737388,0,0,0,0
1146,19647,219.8765556793958,0,0,0,2,23,0,0,0,0,3.262905013606033,799.5980812317364,3.262905013606033,-1,8,0,1,1796.633593939396,0,0,0,0
1147,29933,248.9198907048419,0,0,0,0,0,0,0,1,0,3.182179505173646,780.5207102019443,3.182179505173646,48.74689070484252,8,1,0,65.61545888555892,0,0,0,0
1148,27305,236.5714590778361,0,0,0,0,0,0,0,1,0,3.351187234360401,824.5490319061968,3.351187234360401,36.39845907783597,8,1,0,416.913731309022,0,0,0,0
1149,27034,234.9947934040243,0,0,0,0,0,0,0,1,0,3.045024572593566,743.0377420115092,3.045024572593566,34.82179340402432,8,1,0,5997.715215547013,0,0,0,0
1150,21245,245.0426162820921,0,0,0,2,17,0,0,0,0,3.273192064384945,804.7368303787243,3.273192064384945,-1,8,0,1,363.7103701476393,0,0,0,0
1151,20436,214.5042350359716,0,0,0,2,9,0,0,0,0,3.195594631741804,785.9323814300947,3.195594631741804,-1,8,0,1,1877.846113278607,0,0,0,0
1152,28975,243.1435967313717,0,0,0,0,0,0,0,1,0,3.235628955150023,792.4141214245315,3.235628955150023,42.97059673137237,8,1,0,3086.886337522224,0,0,0,0
1153,25309,223.1342191288509,0,0,0,0,0,0,0,1,0,3.306359462344821,814.2590316924218,3.306359462344821,22.96121912885088,8,1,0,74.18057793038108,0,0,0,0
1154,30514,247.1249925140088,0,0,0,0,0,0,0,1,0,3.399716667187493,839.1647243710104,3.399716667187493,46.95199251400788,8,1,0,917.6246425703067,0,0,0,0
1155,29974,244.7734148945659,0,0,0,0,0,0,0,1,0,3.14720605710431,771.4268812231865,3.14720605710431,44.6004148945818,8,1,0,286.6748298278786,0,0,0,0
1156,21766,209.4766891521151,0,0,0,0,0,0,0,1,0,3.118409807905141,759.7635383606732,3.118409807905141,9.303689152115584,8,1,0,1709.693953592767,0,0,0,0
1157,28928,242.4917589755886,0,0,0,0,0,0,0,1,0,3.244818246106683,797.6021441027098,3.244818246106683,42.31875897558923,8,1,0,1124.022481930513,0,0,0,0
1158,20431,224.2304843253391,0,0,0,3,24,0,0,0,0,3.344608387739296,824.1816352270289,3.344608387739296,-1,8,0,1,1940.173377657985,0,0,0,0
1159,19540,233.5189864888467,0,0,0,2,19,0,0,0,0,3.272861691971849,803.1865169358729,3.272861691971849,-1,8,0,1,14.83118775091648,0,0,0,0
1160,19811,241.5109683499882,0,0,0,3,29,0,0,0,0,3.228534822967287,795.2795604321573,3.228534822967287,-1,8,0,1,3296.51247530559,0,0,0,0
1161,28248,237.4803568428848,0,0,0,0,0,0,0,1,0,3.254507723390179,797.9016488024578,3.254507723390179,37.30735684288463,8,1,0,607.4616356093557,0,0,0,0
1162,26336,227.6102398124596,0,0,0,0,0,0,0,1,0,3.132706403044821,766.2327160939544,3.132706403044821,27.43723981245974,8,1,0,135.6755328828752,0,0,0,0
1163,20096,208.7994138302276,0,0,0,1,7,0,0,0,0,3.20071135245309,787.0510593559572,3.20071135245309,-1,8,0,1,1693.416942251441,0,0,0,0
1164,27792,240.8605099491757,0,0,0,0,0,0,0,1,0,3.284844279118458,805.0882248006428,3.284844279118458,40.68750994915272,8,1,0,1567.566225498655,0,0,0,0
1165,29944,241.6146260745396,0,0,0,0,0,0,0,1,0,3.04824527734841,745.0874850718528,3.04824527734841,41.44162607449869,8,1,0,633.6067430775437,0,0,0,0
1166,29756,243.6888349726028,0,0,0,0,0,0,0,1,0,3.27133827302481,802.2154109506669,3.27133827302481,43.51583497260375,8,1,0,639.9340025929238,0,0,0,0
1167,30715,250.785148301035,0,0,0,0,0,0,0,1,0,3.281894610122458,802.379809351591,3.281894610122458,50.61214830103497,8,1,0,3694.029015991253,0,0,0,0
1168,28858,243.6027519362154,0,0,0,0,0,0,0,1,0,3.297455312461372,810.2383534648631,3.297455312461372,43.42975193621524,8,1,0,188.4114253253177,0,0,0,0
1169,32143,251.1355952854397,0,0,0,0,0,0,0,1,0,3.21794087810087,790.4137554879717,3.21794087810087,50.96259528543285,8,1,0,1606.991551090746,0,0,0,0
1170,27841,236.1116253452102,0,0,0,0,0,0,0,1,0,3.320452861798081,815.9485942265866,3.320452861798081,35.93862534521045,8,1,0,1729.038802705164,0,0,0,0
1171,22875,212.4779098424027,0,0,0,0,0,0,0,1,0,3.095165357575623,755.2732670293066,3.095165357575623,12.30490984240321,8,1,0,465.8401449615915,0,0,0,0
1172,23331,216.4490420158308,0,0,0,0,0,0,0,1,0,3.293186371179579,809.682327382064,3.293186371179579,16.27604201583079,8,1,0,643.6816832253334,0,0,0,0
1173,26754,231.70747406928,0,0,0,0,0,0,0,1,0,3.23408155488021,793.6661689867744,3.23408155488021,31.53447406927951,8,1,0,1197.408656226399,0,0,0,0
1174,25201,225.8843216558165,0,0,0,0,0,0,0,1,0,3.189732527333793,780.6509207793908,3.189732527333793,25.71132165581762,8,1,0,910.2707817891775,0,0,0,0
1175,28664,241.1119584338354,0,0,0,0,0,0,0,1,0,3.076017838516319,750.2174907042347,3.076017838516319,40.93895843383474,8,1,0,1209.946490093007,0,0,0,0
1176,27287,237.3473266316575,0,0,0,0,0,0,0,1,0,3.283896792495864,804.7239319697622,3.283896792495864,37.17432663165725,8,1,0,876.3329767073069,0,0,0,0
1177,30436,249.552060138345,0,0,0,0,0,0,0,1,0,3.150550758433909,768.616263104105,3.150550758433909,49.37906013834502,8,1,0,516.0894982452478,0,0,0,0
1178,25948,230.9026609180462,0,0,0,0,0,0,0,1,0,3.203184183583951,781.9193521334154,3.203184183583951,30.72966091804587,8,1,0,1181.949090202088,0,0,0,0
1179,29726,243.8684687420741,0,0,0,0,0,0,0,1,0,3.28670140974466,810.9483692809375,3.28670140974466,43.69546874211742,8,1,0,1412.466349634306,0,0,0,0
1180,21399,209.9442469236332,0,0,0,1,5,0,0,0,0,3.294965805948452,810.6852625137161,3.294965805948452,-1,8,0,1,3032.001252277156,0,0,0,0
1181,29571,241.3532931677604,0,0,0,0,0,0,0,1,0,3.307148319672209,812.2314888439357,3.307148319672209,41.18029316776011,8,1,0,215.5279289188561,0,0,0,0
1182,30899,244.8214619009467,0,0,0,0,0,0,0,1,0,3.231445741777862,790.6650897549905,3.231445741777862,44.64846190094588,8,1,0,1090.888458662578,0,0,0,0
1183,23903,221.612700065103,0,0,0,0,0,0,0,1,0,3.252148041686962,795.4716080755375,3.252148041686962,21.43970006510303,8,1,0,492.2293025453135,0,0,0,0
1184,27783,238.5848146543341,0,0,0,0,0,0,0,1,0,3.228000180997646,793.851650530985,3.228000180997646,38.41181465433398,8,1,0,1058.446884681411,0,0,0,0
1185,26081,229.92759601709,0,0,0,0,0,0,0,1,0,3.131144748749792,764.6382374573595,3.131144748749792,29.75459601708961,8,1,0,865.8838499282969,0,0,0,0
1186,24861,220.3800945584949,0,0,0,0,0,0,0,1,0,3.253064150428193,799.7608964256615,3.253064150428193,20.20709455849521,8,1,0,993.6952001702155,0,0,0,0
1187,25319,225.7849694100317,0,0,0,0,0,0,0,1,0,3.102652824095645,757.5620817731639,3.102652824095645,25.61196941003033,8,1,0,1694.11203369895,0,0,0,0
1188,23782,217.7005190958349,0,0,0,0,0,0,0,1,0,3.17500913899055,778.2529675520988,3.17500913899055,17.52751909583499,8,1,0,4016.086161768851,0,0,0,0
1189,28167,240.5088177242182,0,0,0,0,0,0,0,1,0,3.290301877268301,808.0930702489871,3.290301877268301,40.3358177242182,8,1,0,1923.720432625672,0,0,0,0
1190,20151,222.7662129787404,0,0,0,3,25,0,0,0,0,3.160126657282415,773.3014364744471,3.160126657282415,-1,8,0,1,232.003597763804,0,0,0,0
1191,29766,245.7643453261388,0,0,0,0,0,0,0,1,0,3.230879845270962,795.2938336561988,3.230879845270962,45.59134532618113,8,1,0,1655.140270384149,0,0,0,0
1192,26440,229.7411725757976,0,0,0,0,0,0,0,1,0,3.272922342877525,803.3455690263693,3.272922342877525,29.5681725757979,8,1,0,1185.37434687724,0,0,0,0
1193,29266,241.1995943079287,0,0,0,0,0,0,0,1,0,3.250005507089798,799.262519923289,3.250005507089798,41.0265943079282,8,1,0,3055.401108447125,0,0,0,0
1194,30194,252.1716952640965,0,0,0,0,0,0,0,1,0,3.24629445352684,799.4928833674307,3.24629445352684,51.99869526404403,8,1,0,4204.946185334429,0,0,0,0
1195,25728,225.5863937828344,0,0,0,0,0,0,0,1,0,3.264983835061732,800.3940143997689,3.264983835061732,25.41339378283445,8,1,0,4132.845944687659,0,0,0,0
1196,21060,216.8031077779131,0,0,0,1,8,0,0,0,0,3.210805806672836,785.3785902559841,3.210805806672836,-1,8,0,1,1683.400486501233,0,0,0,0
1197,28217,238.3971121876934,0,0,0,0,0,0,0,1,0,3.217029158798022,790.030995426489,3.217029158798022,38.22411218769325,8,1,0,1770.854665963334,0,0,0,0
1198,30753,250.8484160837496,0,0,0,0,0,0,0,1,0,3.309607946314528,812.9586144486378,3.309607946314528,50.67541608374943,8,1,0,1418.595240456295,0,0,0,0
1199,21292,233.7137596167098,0,0,0,3,18,0,0,0,0,3.22418332796403,791.6850017317557,3.22418332796403,-1,8,0,1,1131.533108212459,0,0,0,0
1200,30649,250.1887587087348,0,0,0,0,0,0,0,1,0,3.10834483432012,758.0356310438107,3.10834483432012,50.01575870873374,8,1,0,1042.798194252057,0,0,0,0
1201,27847,239.095676728562,0,0,0,0,0,0,0,1,0,3.259712913194364,799.0169549378472,3.259712913194364,38.92267672856204,8,1,0,1562.125281226694,0,0,0,0
1202,29394,243.7875188906486,0,0,0,0,0,0,0,1,0,3.038264490126151,739.1882174349331,3.038264490126151,43.61451889064704,8,1,0,1207.630519714934,0,0,0,0
1203,31678,251.7230005034012,0,0,0,0,0,0,0,1,0,3.142954527867122,767.1083723697711,3.142954527867122,51.55000050340175,8,1,0,1601.648859374682,0,0,0,0
1204,30491,248.6300318700782,0,0,0,0,0,0,0,1,0,3.197205867245914,783.3841731108196,3.197205867245914,48.45703187007861,8,1,0,4112.978912342825,0,0,0,0
1205,30291,253.3720788979157,0,0,0,0,0,0,0,1,0,3.058439596870552,746.316136490109,3.058439596870552,53.19907889791597,8,1,0,297.157446552814,0,0,0,0
1206,30464,245.3785019945573,0,0,0,0,0,0,0,1,0,3.316575122432614,812.3640505889218,3.316575122432614,45.2055019945573,8,1,0,1054.254262743744,0,0,0,0
1207,20716,251.7482207920981,0,0,0,4,14,0,0,0,0,3.186272836216586,781.4355432746153,3.186272836216586,-1,8,0,1,845.2119483126997,0,0,0,0
1208,20004,229.817494011108,0,0,0,2,20,0,0,0,0,3.205002847097146,786.6901346317227,3.205002847097146,-1,8,0,1,3107.936091929209,0,0,0,0
1209,25877,226.9205596838673,0,0,0,0,0,0,0,1,0,3.306193885152161,811.5369572454725,3.306193885152161,26.74755968386779,8,1,0,894.8390828268294,0,0,0,0
1210,30186,241.8324781016602,0,0,0,0,0,0,0,1,0,3.280388089288526,807.0767419972004,3.280388089288526,41.65947810166032,8,1,0,664.7423490750444,0,0,0,0
1211,27743,241.9077361104867,0,0,0,0,0,0,0,1,0,3.260553599568122,798.57177508673,3.260553599568122,41.73473611048716,8,1,0,1464.398330313295,0,0,0,0
1212,31178,253.3726559377518,0,0,0,0,0,0,0,1,0,3.194539408080248,782.5165499192864,3.194539408080248,53.19965593675587,8,1,0,446.8423279402126,0,0,0,0
1213,29977,248.8298467857284,0,0,0,0,0,0,0,1,0,3.264931097491467,801.9388208953301,3.264931097491467,48.65684678572887,8,1,0,1044.242173589597,0,0,0,0
1214,27506,237.803370434947,0,0,0,0,0,0,0,1,0,3.184381549185113,779.150928533094,3.184381549185113,37.63037043494716,8,1,0,2310.13808560811,0,0,0,0
1215,22393,213.459104041811,0,0,0,0,0,0,0,1,0,3.17834610059641,778.6948758977195,3.17834610059641,13.28610404181108,8,1,0,1355.600826642872,0,0,0,0
1216,19791,200.1730000000005,0,0,0,0,0,0,0,0,0,3.169797618467181,773.8435411417043,3.169797618467181,-1,8,1,0,10635.40208848693,0,0,0,0
1217,29162,246.2971148736582,0,0,0,0,0,0,0,1,0,3.181386844927002,778.8219737553142,3.181386844927002,46.12411487365807,8,1,0,1263.893321533948,0,0,0,0
1218,20378,211.6314188508873,0,0,0,2,17,0,0,0,0,3.169831796236758,773.1455906327288,3.169831796236758,-1,8,0,1,277.506538668821,0,0,0,0
1219,27993,239.7278356650752,0,0,0,0,0,0,0,1,0,3.238535158624046,794.2746220065142,3.238535158624046,39.5548356651278,8,1,0,2924.268445950922,0,0,0,0
1220,21021,211.6533922601695,0,0,0,1,6,0,0,0,0,2.972405737356986,726.22921976021,2.972405737356986,-1,8,0,1,1604.10842824779,0,0,0,0
1221,27285,236.4980761465353,0,0,0,0,0,0,0,1,0,3.09650917932152,754.77448704583,3.09650917932152,36.32507614653526,8,1,0,2876.491348620548,0,0,0,0
1222,21295,223.7644041337865,0,0,0,3,14,0,0,0,0,3.187587008731618,780.3992046670353,3.187587008731618,-1,8,0,1,6831.271080508168,0,0,0,0
1223,28951,242.8749592321677,0,0,0,0,0,0,0,1,0,3.202968343275397,784.5899506164718,3.202968343275397,42.7019592323781,8,1,0,156.3971922088388,0,0,0,0
1224,25120,226.161651036387,0,0,0,0,0,0,0,1,0,3.233238676602301,793.3740571061145,3.233238676602301,25.98865103638739,8,1,0,4699.333801121466,0,0,0,0
1225,19415,200.7008277768743,0,0,0,1,8,0,0,0,0,3.25604356680842,801.1383659886452,3.25604356680842,-1,8,0,1,905.7212093045536,0,0,0,0
1226,27735,236.5995424707148,0,0,0,0,0,0,0,1,0,3.141297594055512,767.6429775859391,3.141297594055512,36.42654247071513,8,1,0,469.978274041088,0,0,0,0
1227,30605,252.1154761661283,0,0,0,0,0,0,0,1,0,3.21648507831314,787.6685382805491,3.21648507831314,51.94247616612873,8,1,0,1805.051169063611,0,0,0,0
1228,25850,228.1655784233395,0,0,0,0,0,0,0,1,0,3.176392416331788,778.8199719790518,3.176392416331788,27.99257842333945,8,1,0,495.2892858153282,0,0,0,0
1229,20863,210.5987221358963,0,0,0,1,6,0,0,0,0,3.32365055737813,817.8035764530308,3.32365055737813,-1,8,0,1,1545.913266803693,0,0,0,0
1230,26206,228.7835242326159,0,0,0,0,0,0,0,1,0,3.268915256202431,802.7367519031417,3.268915256202431,28.61052423261624,8,1,0,89.87654316698493,0,0,0,0
1231,27428,233.2250964411159,0,0,0,0,0,0,0,1,0,3.258514798500518,801.4558860658939,3.258514798500518,33.05209644111644,8,1,0,1027.415634000908,0,0,0,0
1232,20370,233.668027145891,0,0,0,3,24,0,0,0,0,3.2960117164799,807.8723554356806,3.2960117164799,-1,8,0,1,281.0725402032056,0,0,0,0
1233,20715,203.7323473473437,0,0,0,0,0,0,0,1,0,3.097099302308027,757.4858210104406,3.097099302308027,3.559347347343468,8,1,0,1830.987147780339,0,0,0,0
1234,28028,236.8297352499789,0,0,0,0,0,0,0,1,0,3.373946581818272,831.3455410463386,3.373946581818272,36.65673524997867,8,1,0,1218.914640777534,0,0,0,0
1235,32134,249.5998455876787,0,0,0,0,0,0,0,1,0,3.233882696065862,791.8938227122723,3.233882696065862,49.42684558767825,8,1,0,1146.994814832621,0,0,0,0
1236,27779,239.908352156519,0,0,0,0,0,0,0,1,0,3.253204888498627,797.3219667639277,3.253204888498627,39.73535215651884,8,1,0,422.6730420172943,0,0,0,0
1237,20742,218.268442968413,0,0,0,2,13,0,0,0,0,3.096681802425015,754.1374075417474,3.096681802425015,-1,8,0,1,1691.675340967998,0,0,0,0
1238,26125,232.1875831383458,0,0,0,0,0,0,0,1,0,3.168120684941329,776.8815595330739,3.168120684941329,32.01458313834468,8,1,0,903.3640253890644,0,0,0,0
1239,20546,214.8116828803666,0,0,0,1,7,0,0,0,0,3.223287821961557,791.9966297796295,3.223287821961557,-1,8,0,1,1275.519460863428,0,0,0,0
1240,29242,248.1437513482118,0,0,0,0,0,0,0,1,0,3.10065338836104,757.0645867766294,3.10065338836104,47.97075134821175,8,1,0,1243.25494666343,0,0,0,0
1241,27731,233.250506129282,0,0,0,0,0,0,0,1,0,3.284158588216268,806.1182652641093,3.284158588216268,33.07750612928177,8,1,0,2864.114453374622,0,0,0,0
1242,30586,248.2561241671997,0,0,0,0,0,0,0,1,0,3.358459851170235,827.0820536514997,3.358459851170235,48.08312416719894,8,1,0,4296.137158577279,0,0,0,0
1243,25955,230.7500671289266,0,0,0,0,0,0,0,1,0,3.207297502265429,784.9513181995865,3.207297502265429,30.57706712892639,8,1,0,1538.39347800036,0,0,0,0
1244,29182,242.4019382827784,0,0,0,0,0,0,0,1,0,3.131383552232184,765.1726040208614,3.131383552232184,42.22893828277871,8,1,0,1007.951672337573,0,0,0,0
1245,27850,235.726808430038,0,0,0,0,0,0,0,1,0,3.169299092256209,778.2904797199224,3.169299092256209,35.55380843003863,8,1,0,3872.463817550059,0,0,0,0
1246,24224,223.2934296612542,0,0,0,0,0,0,0,1,0,3.183313953984331,776.9040881322059,3.183313953984331,23.12042966125363,8,1,0,2946.089022084226,0,0,0,0
1247,28295,242.24686256237,0,0,0,0,0,0,0,1,0,3.089361499942095,752.4581225722395,3.089361499942095,42.07386256237022,8,1,0,694.0143066155839,0,0,0,0
1248,28005,242.7130597325392,0,0,0,0,0,0,0,1,0,3.239638995942108,794.677986238933,3.239638995942108,42.54005973253906,8,1,0,662.4846934506797,0,0,0,0
1249,29095,243.6935940633688,0,0,0,0,0,0,0,1,0,3.30925370554634,812.0259453547785,3.30925370554634,43.5205940633684,8,1,0,4034.773524375777,0,0,0,0
1250,27826,241.6935653987868,0,0,0,0,0,0,0,1,0,3.249916222891928,797.62853612616,3.249916222891928,41.52056539878754,8,1,0,75.21336738994951,0,0,0,0
1251,28984,245.2512528545538,0,0,0,0,0,0,0,1,0,3.176288009199341,777.4132994778782,3.176288009199341,45.07825285455348,8,1,0,2215.117264190632,0,0,0,0
1252,26298,230.1933130252231,0,0,0,0,0,0,0,1,0,3.140291085798165,766.1110401186742,3.140291085798165,30.02031302522281,8,1,0,2845.292704769315,0,0,0,0
1253,30485,247.7407537248764,0,0,0,0,0,0,0,1,0,3.190885623862899,782.5152751081937,3.190885623862899,47.56775372487709,8,1,0,4259.589073725023,0,0,0,0
1254,20507,208.2154922005443,0,0,0,1,6,0,0,0,0,3.253598025135069,797.1971800273633,3.253598025135069,-1,8,0,1,1422.774921797063,0,0,0,0
1255,28463,237.4868717008222,0,0,0,0,0,0,0,1,0,3.196460623180861,785.8442568968529,3.196460623180861,37.31387170082208,8,1,0,673.3198866424834,0,0,0,0
1256,24054,221.2767773299283,0,0,0,0,0,0,0,1,0,3.154681022825069,771.9019297644575,3.154681022825069,21.10377732992744,8,1,0,359.0227731508181,0,0,0,0
1257,19726,206.9927284334177,0,0,0,1,6,0,0,0,0,3.189124339305602,779.1452764153599,3.189124339305602,-1,8,0,1,4317.189529650474,0,0,0,0
1258,25838,226.2373177718944,0,0,0,0,0,0,0,1,0,3.158338266247406,773.5278473926161,3.158338266247406,26.06431777189398,8,1,0,3183.257950080967,0,0,0,0
1259,25742,226.1353325990241,0,0,0,0,0,0,0,1,0,3.151973180936952,769.4211422584847,3.151973180936952,25.96233259902415,8,1,0,3090.682034674398,0,0,0,0
1260,25998,227.7109418286515,0,0,0,0,0,0,0,1,0,3.303233251596093,810.8001160381774,3.303233251596093,27.5379418286512,8,1,0,106.2302289345912,0,0,0,0
1261,29964,245.5748323784645,0,0,0,0,0,0,0,1,0,3.240942858850383,795.9411464928214,3.240942858850383,45.40183237850513,8,1,0,1455.646435336933,0,0,0,0
1262,29855,249.5571971922199,0,0,0,0,0,0,0,1,0,3.176920197275529,777.5868010573768,3.176920197275529,49.3841971922208,8,1,0,5983.3463126977,0,0,0,0
1263,19392,201.6731679441829,0,0,0,0,0,0,0,0,0,3.135270427043912,766.6766321273703,3.135270427043912,-1,8,0,1,440.7886443112824,0,0,0,0
1264,29983,243.3887397961489,0,0,0,0,0,0,0,1,0,3.110252448980742,758.1806578818646,3.110252448980742,43.21573979614922,8,1,0,75.46254880037564,0,0,0,0
1265,29772,246.332544832774,0,0,0,0,0,0,0,1,0,3.213810009094237,790.0538998426011,3.213810009094237,46.15954483277358,8,1,0,1871.251159082281,0,0,0,0
1266,28620,239.82246061845,0,0,0,0,0,0,0,1,0,3.271141964863089,804.0356659245364,3.271141964863089,39.64946061844982,8,1,0,4729.484841989977,0,0,0,0
1267,23907,217.2390982836954,0,0,0,0,0,0,0,1,0,3.229394853070481,790.6394935303307,3.229394853070481,17.0660982836952,8,1,0,372.8129668011534,0,0,0,0
1268,26254,228.6965952519334,0,0,0,0,0,0,0,1,0,3.222626749844238,789.900343430062,3.222626749844238,28.52359525193375,8,1,0,1342.301814406844,0,0,0,0
1269,23474,222.0692708829775,0,0,0,0,0,0,0,1,0,3.15750711222057,770.127738745605,3.15750711222057,21.89627088297685,8,1,0,26.62535851795734,0,0,0,0
1270,31835,251.4318950949453,0,0,0,0,0,0,0,1,0,3.239419050916282,795.332149272144,3.239419050916282,51.25889509494545,8,1,0,2791.173163411145,0,0,0,0
1271,20897,246.70628874683,0,0,0,4,24,0,0,0,0,3.407003980232763,839.3274904864095,3.407003980232763,-1,8,0,1,1169.956757468591,0,0,0,0
1272,20149,202.0697510913099,0,0,0,0,0,0,0,0,0,3.134038797459194,765.5772030796815,3.134038797459194,-1,8,0,1,1600.166974431698,0,0,0,0
1273,26425,230.8056330275269,0,0,0,0,0,0,0,1,0,3.257517926679292,800.6612120100739,3.257517926679292,30.63263302752696,8,1,0,957.1739434223886,0,0,0,0
1274,29356,243.2280661977185,0,0,0,0,0,0,0,1,0,3.179137686860617,779.7059461640475,3.179137686860617,43.05506619771842,8,1,0,5227.490594329476,0,0,0,0
1275,29510,244.446403556235,0,0,0,0,0,0,0,1,0,3.311911366881425,814.1491670358517,3.311911366881425,44.27340355623408,8,1,0,3928.084491637079,0,0,0,0
1276,26729,230.6859544343403,0,0,0,0,0,0,0,1,0,3.300042014542985,809.5098477028322,3.300042014542985,30.51295443434039,8,1,0,141.9293799860409,0,0,0,0
1277,29312,243.0636840959352,0,0,0,0,0,0,0,1,0,3.082247518783932,750.7207216325039,3.082247518783932,42.89068409593531,8,1,0,941.3585460124608,0,0,0,0
1278,31371,248.8494436785452,0,0,0,0,0,0,0,1,0,3.224661485570803,787.3622524925626,3.224661485570803,48.6764436785451,8,1,0,743.9159221695338,0,0,0,0
1279,24775,220.2220171698664,0,0,0,0,0,0,0,1,0,3.230289178848457,791.5340091633585,3.230289178848457,20.0490171698658,8,1,0,1575.016435810717,0,0,0,0
1280,29800,239.6076686824238,0,0,0,0,0,0,0,1,0,3.447118377175175,848.2393462931711,3.447118377175175,39.43466868242341,8,1,0,159.2966901180342,0,0,0,0
1281,21226,215.0908205124263,0,0,0,1,9,0,0,0,0,3.161897268746241,772.8524717578256,3.161897268746241,-1,8,0,1,7299.157029322575,0,0,0,0
1282,30535,248.6799446600245,0,0,0,0,0,0,0,1,0,3.26465093303826,800.5331833579645,3.26465093303826,48.50694466002439,8,1,0,826.3271326806637,0,0,0,0
1283,20189,207.5798233692394,0,0,0,1,10,0,0,0,0,3.235124898950052,793.3057308490497,3.235124898950052,-1,8,0,1,1422.060180465675,0,0,0,0
1284,19476,226.5215098661317,0,0,0,2,17,0,0,0,0,3.117591976392716,762.2121612559189,3.117591976392716,-1,8,0,1,290.6599261302279,0,0,0,0
1285,19245,211.9567964022289,0,0,0,2,10,0,0,0,0,3.261712865081701,797.6682946834969,3.261712865081701,-1,8,0,1,2153.779195275534,0,0,0,0
1286,24937,228.4479962704537,0,0,0,0,0,0,0,1,0,3.127448695525496,764.2958305977137,3.127448695525496,28.2749962704539,8,1,0,7170.592601598669,0,0,0,0
1287,24621,225.6046870842136,0,0,0,0,0,0,0,1,0,3.139388809557134,764.126032419314,3.139388809557134,25.43168708421358,8,1,0,877.4571278400563,0,0,0,0
1288,29747,246.2884159703163,0,0,0,0,0,0,0,1,0,3.265095663832351,801.0754300527448,3.265095663832351,46.11541597031579,8,1,0,3437.416905224805,0,0,0,0
1289,20821,206.5446338383152,0,0,0,0,0,0,0,1,0,3.186614372855685,780.1779454137494,3.186614372855685,6.371633838314864,8,1,0,5012.945043275246,0,0,0,0
1290,20019,212.2467122026156,0,0,0,1,10,0,0,0,0,3.384551598947936,831.1664781488317,3.384551598947936,-1,8,0,1,154.8827491763901,0,0,0,0
1291,27669,236.3981918319916,0,0,0,0,0,0,0,1,0,3.174447224563129,777.7451872250615,3.174447224563129,36.22519183199115,8,1,0,822.3078011768794,0,0,0,0
1292,26417,231.4167912046522,0,0,0,0,0,0,0,1,0,3.24850632023219,797.8763416914455,3.24850632023219,31.24379120465256,8,1,0,1119.368593119252,0,0,0,0
1293,20078,232.6006646483875,0,0,0,2,5,0,0,0,0,3.072890907729915,750.3712850794902,3.072890907729915,-1,8,0,1,3624.076833518665,0,0,0,0
1294,30137,243.5168150301117,0,0,0,0,0,0,0,1,0,3.283900444471552,805.5629802950552,3.283900444471552,43.34381503011172,8,1,0,1572.074904004347,0,0,0,0
1295,27585,236.008633598647,0,0,0,0,0,0,0,1,0,3.244322236834271,797.8859200160888,3.244322236834271,35.83563359864689,8,1,0,1795.774218765584,0,0,0,0
1296,21483,239.5875099355407,0,0,0,3,12,0,0,0,0,3.271864553439317,803.0398629855839,3.271864553439317,-1,8,0,1,2943.901458551337,0,0,0,0
1297,26202,231.5714515119568,0,0,0,0,0,0,0,1,0,3.204868701625668,786.4024755880231,3.204868701625668,31.39845151195668,8,1,0,170.9384922962901,0,0,0,0
1298,25606,229.4029858441254,0,0,0,0,0,0,0,1,0,3.156199206224294,772.8278130521425,3.156199206224294,29.22998584412469,8,1,0,4862.964327524295,0,0,0,0
1299,26260,231.7558173413074,0,0,0,0,0,0,0,1,0,3.190287301384511,781.1776059535655,3.190287301384511,31.58281734130749,8,1,0,2406.05365253005,0,0,0,0
1300,27856,238.8778983605131,0,0,0,0,0,0,0,1,0,2.983203345007042,730.2029911049033,2.983203345007042,38.70489836051269,8,1,0,1531.629350105945,0,0,0,0
1301,29549,244.7696202814613,0,0,0,0,0,0,0,1,0,2.97640923960825,722.5319165653294,2.97640923960825,44.59662028144594,8,1,0,1336.814557738591,0,0,0,0
1302,21520,210.2331229309598,0,0,0,1,7,0,0,0,0,3.265420007024888,801.4105094437017,3.265420007024888,-1,8,0,1,2351.450668452434,0,0,0,0
1303,26889,233.2449061316587,0,0,0,0,0,0,0,1,0,3.217055282260699,787.0313081422795,3.217055282260699,33.07190613165843,8,1,0,312.7861777301613,0,0,0,0
1304,27447,232.4477504760211,0,0,0,0,0,0,0,1,0,3.194158271162625,782.0881693856701,3.194158271162625,32.27475047602071,8,1,0,596.0608976617639,0,0,0,0
1305,28575,239.583080459838,0,0,0,0,0,0,0,1,0,3.209501844904392,785.0566285819181,3.209501844904392,39.41008045983731,8,1,0,1612.881243312213,0,0,0,0
1306,19120,205.5988352534074,0,0,0,2,17,0,0,0,0,3.026917478343069,739.0186577481544,3.026917478343069,-1,8,0,1,651.7162914590543,0,0,0,0
1307,25387,222.1780412483677,0,0,0,0,0,0,0,1,0,3.273721213103689,806.0768754455273,3.273721213103689,22.00504124836691,8,1,0,2039.258804362341,0,0,0,0
1308,19875,203.716590233995,0,0,0,1,11,0,0,0,0,3.196309980710933,784.746259894028,3.196309980710933,-1,8,0,1,1927.535162821243,0,0,0,0
1309,23773,221.4308397766249,0,0,0,0,0,0,0,1,0,3.352501868718183,822.7403768804519,3.352501868718183,21.25783977662544,8,1,0,621.119889906202,0,0,0,0
1310,29377,242.1606314164252,0,0,0,0,0,0,0,1,0,3.239764385766944,794.1644029517441,3.239764385766944,41.98763141642561,8,1,0,116.506260478586,0,0,0,0
1311,24800,223.8427784282601,0,0,0,0,0,0,0,1,0,3.259126354862338,799.9413122422546,3.259126354862338,23.66977842826029,8,1,0,3981.341462853326,0,0,0,0
1312,29284,246.8918437831057,0,0,0,0,0,0,0,1,0,3.117763104134372,764.0302490111042,3.117763104134372,46.71884378310505,8,1,0,508.1422030970983,0,0,0,0
1313,24657,224.3283956120428,0,0,0,0,0,0,0,1,0,3.151343351006981,771.3332945154513,3.151343351006981,24.15539561204224,8,1,0,3038.931156227969,0,0,0,0
1314,24488,226.5336805269959,0,0,0,0,0,0,0,1,0,3.111805185731399,760.0419223607144,3.111805185731399,26.36068052699547,8,1,0,1053.2790929844,0,0,0,0
1315,26475,228.3861017726599,0,0,0,0,0,0,0,1,0,3.098276937439476,758.615716843473,3.098276937439476,28.21310177265959,8,1,0,2761.768375409635,0,0,0,0
1316,19682,233.7329696503844,0,0,0,3,25,0,0,0,0,3.170215663758036,775.6420269103841,3.170215663758036,-1,8,0,1,7601.409511497594,0,0,0,0
1317,26959,238.3577158679305,0,0,0,0,0,0,0,1,0,3.189715302090338,782.1446263552219,3.189715302090338,38.18471586792936,8,1,0,187.7226376596983,0,0,0,0
1318,22052,245.3586182874892,0,0,0,3,21,0,0,0,0,3.303331774391688,812.1885647744189,3.303331774391688,-1,8,0,1,966.3850265537392,0,0,0,0
1319,28284,237.2485904298894,0,0,0,0,0,0,0,1,0,3.282223041910351,803.7596490229097,3.282223041910351,37.07559042989878,8,1,0,1386.546184612196,0,0,0,0
1320,19875,231.4582842314035,0,0,0,2,18,0,0,0,0,3.297420913420102,810.9696561317199,3.297420913420102,-1,8,0,1,2831.302954200461,0,0,0,0
1321,26570,229.5401277071779,0,0,0,0,0,0,0,1,0,3.328597848251206,817.3131530924924,3.328597848251206,29.36712770719988,8,1,0,3230.554663256288,0,0,0,0
1322,27498,237.9042481484666,0,0,0,0,0,0,0,1,0,3.23935422050611,795.1099580318714,3.23935422050611,37.73124814846674,8,1,0,3352.800708922574,0,0,0,0
1323,28643,243.918437225354,0,0,0,0,0,0,0,1,0,3.198065072802807,784.4351782835663,3.198065072802807,43.74543722535347,8,1,0,2439.808670557879,0,0,0,0
1324,28111,240.3255790490031,0,0,0,0,0,0,0,1,0,3.203100502429826,784.951305505654,3.203100502429826,40.15257904900313,8,1,0,2169.850225835115,0,0,0,0
1325,26609,226.8292018733872,0,0,0,0,0,0,0,1,0,3.165962989843694,773.4187022767715,3.165962989843694,26.65620187338729,8,1,0,5100.712451893223,0,0,0,0
1326,20810,251.376891174653,0,0,0,5,22,0,0,0,0,3.031457839225234,739.6465848179112,3.031457839225234,-1,8,0,1,663.452034507848,0,0,0,0
1327,19934,228.8033081799169,0,0,0,2,9,0,0,0,0,3.22573975762194,789.3540147646809,3.22573975762194,-1,8,0,1,323.4562429597522,0,0,0,0
1328,28415,239.7348652071969,0,0,0,0,0,0,0,1,0,3.200683633026293,782.6393788878772,3.200683633026293,39.56186520719741,8,1,0,546.8170022406302,0,0,0,0
1329,23693,257.5211288233624,0,0,0,5,24,0,0,0,0,3.252722018713079,800.9922204736292,3.252722018713079,-1,8,0,1,2642.562859255062,0,0,0,0
1330,31981,250.7513514464976,0,0,0,0,0,0,0,1,0,3.243779624196244,798.2105997943677,3.243779624196244,50.57835144649744,8,1,0,222.9368099319791,0,0,0,0
1331,25604,227.7278097924566,0,0,0,0,0,0,0,1,0,3.058682929030847,747.9753895879713,3.058682929030847,27.5548097924564,8,1,0,786.2704380882166,0,0,0,0
1332,29203,241.668376407611,0,0,0,0,0,0,0,1,0,3.167194053321492,776.1592006976808,3.167194053321492,41.49537640761083,8,1,0,210.9211179484275,0,0,0,0
1333,19918,202.0419583743494,0,0,0,1,8,0,0,0,0,3.190791789908122,784.2799194714131,3.190791789908122,-1,8,0,1,5810.510010670772,0,0,0,0
1334,25084,224.2473996992374,0,0,0,0,0,0,0,1,0,3.067631199827955,751.9202966834335,3.067631199827955,24.07439969923745,8,1,0,2587.459975866273,0,0,0,0
1335,27815,237.1702134388269,0,0,0,0,0,0,0,1,0,3.156464813534448,771.7413566757565,3.156464813534448,36.99721343882744,8,1,0,301.3714876881061,0,0,0,0
1336,30586,245.414857185259,0,0,0,0,0,0,0,1,0,3.277578357782602,803.4867918295789,3.277578357782602,45.24185718525812,8,1,0,1211.010060381646,0,0,0,0
1337,26450,229.7980260897476,0,0,0,0,0,0,0,1,0,3.226954309752704,791.8308563986343,3.226954309752704,29.62502608974788,8,1,0,2764.242880535048,0,0,0,0
1338,30018,244.7649612041767,0,0,0,0,0,0,0,1,0,3.214364134105966,787.6466048703855,3.214364134105966,44.59196120417707,8,1,0,323.7764555949751,0,0,0,0
1339,26263,229.970917143649,0,0,0,0,0,0,0,1,0,3.217290069290654,789.2709067992059,3.217290069290654,29.79791714364935,8,1,0,6070.5417163973,0,0,0,0
1340,24185,218.3480840231017,0,0,0,0,0,0,0,1,0,3.115353289904693,762.5393189854711,3.115353289904693,18.17508402310141,8,1,0,3444.653630641646,0,0,0,0
1341,32290,251.4775270881986,0,0,0,0,0,0,0,1,0,3.240395956710777,793.8357909947803,3.240395956710777,51.30452708819906,8,1,0,2583.201950572691,0,0,0,0
1342,20852,212.8768726411983,0,0,0,1,7,0,0,0,0,3.177954027700379,779.809161893951,3.177954027700379,-1,8,0,1,999.753737994542,0,0,0,0
1343,28567,238.147717313151,0,0,0,0,0,0,0,1,0,3.265836950280426,800.5529505037844,3.265836950280426,37.97471731315071,8,1,0,6431.062684921243,0,0,0,0
1344,31203,250.9010281035858,0,0,0,0,0,0,0,1,0,3.03980741628215,741.3413857504881,3.03980741628215,50.72802810358583,8,1,0,2105.142581406233,0,0,0,0
1345,28472,237.6506421608792,0,0,0,0,0,0,0,1,0,3.205958580961061,786.2450385619113,3.205958580961061,37.47764216088014,8,1,0,1400.269267814967,0,0,0,0
1346,20155,210.8547983721894,0,0,0,1,8,0,0,0,0,3.23482088072825,791.4376689844083,3.23482088072825,-1,8,0,1,254.6707953983043,0,0,0,0
1347,30057,251.0986348047816,0,0,0,0,0,0,0,1,0,3.249945485420241,798.4068050442646,3.249945485420241,50.92563480484966,8,1,0,415.8471234353109,0,0,0,0
1348,27849,235.7178398758486,0,0,0,0,0,0,0,1,0,3.341647182329337,822.4103932820066,3.341647182329337,35.54483987584855,8,1,0,2057.886836007563,0,0,0,0
1349,31003,247.1096392426925,0,0,0,0,0,0,0,1,0,3.240940694354415,793.5957987830126,3.240940694354415,46.93663924269225,8,1,0,2377.255327947087,0,0,0,0
1350,19437,202.4321409435295,0,0,0,0,0,0,0,0,0,3.176321267857292,780.6317265739982,3.176321267857292,-1,8,0,1,967.3539799480518,0,0,0,0
1351,31016,247.2282422528077,0,0,0,0,0,0,0,1,0,3.102494822878393,757.7493219909173,3.102494822878393,47.0552422528081,8,1,0,169.9489934144156,0,0,0,0
1352,24088,217.5547010228057,0,0,0,0,0,0,0,1,0,3.274277195977773,801.4840447822156,3.274277195977773,17.38170102280525,8,1,0,73.70256195681627,0,0,0,0
1353,30628,245.7662694166057,0,0,0,0,0,0,0,1,0,3.349545312423711,821.2248769128722,3.349545312423711,45.59326941660534,8,1,0,87.94875717266456,0,0,0,0
1354,27325,237.5857117426092,0,0,0,0,0,0,0,1,0,3.146911980862021,768.5005709582193,3.146911980862021,37.41271174260861,8,1,0,4942.406251144474,0,0,0,0
1355,20070,201.3392037865662,0,0,0,1,8,0,0,0,0,3.326056223479621,817.786029470009,3.326056223479621,-1,8,0,1,136.2547860262818,0,0,0,0
1356,26793,229.7506514918971,0,0,0,0,0,0,0,1,0,3.402412182713339,835.743110404181,3.402412182713339,29.57765149189758,8,1,0,2485.618355059947,0,0,0,0
1357,30189,244.2104990344074,0,0,0,0,0,0,0,1,0,3.244314632764929,797.8071786139458,3.244314632764929,44.03749903440782,8,1,0,1235.162277017231,0,0,0,0
1358,29342,244.8889290041373,0,0,0,0,0,0,0,1,0,3.155558997372005,773.8917730476818,3.155558997372005,44.71592900413809,8,1,0,2102.699828640346,0,0,0,0
1359,28104,238.0257147206233,0,0,0,0,0,0,0,1,0,3.211097054666155,789.4021625640524,3.211097054666155,37.85271472062458,8,1,0,2301.395552165208,0,0,0,0
1360,25367,226.0964239579241,0,0,0,0,0,0,0,1,0,3.10996634223262,760.0940799427773,3.10996634223262,25.9234239579244,8,1,0,818.6891313119895,0,0,0,0
1361,30561,250.3777721987632,0,0,0,0,0,0,0,1,0,3.214440749657228,788.1767970687241,3.214440749657228,50.2047721987638,8,1,0,185.9035085821455,0,0,0,0
1362,29973,245.8262646125088,0,0,0,0,0,0,0,1,0,3.238452677943316,796.6218986500874,3.238452677943316,45.65326461250837,8,1,0,1097.606820364179,0,0,0,0
1363,19450,206.2511319377659,0,0,0,2,12,0,0,0,0,3.211131543507011,786.7333866285619,3.211131543507011,-1,8,0,1,1435.165177377365,0,0,0,0
1364,22004,208.2672879216375,0,0,0,0,0,0,0,1,0,3.222758542862631,791.9841230893139,3.222758542862631,8.094287921638145,8,1,0,155.4251260401857,0,0,0,0
1365,32000,252.2742680742139,0,0,0,0,0,0,0,1,0,3.296934501340433,808.956449169669,3.296934501340433,52.10126807421376,8,1,0,899.6593769777195,0,0,0,0
1366,29623,248.0835244556255,0,0,0,0,0,0,0,1,0,3.244204115593876,797.1025904257281,3.244204115593876,47.91052445562498,8,1,0,7165.342432103353,0,0,0,0
1367,19637,201.4671410989711,0,0,0,0,0,0,0,0,0,3.182325443299621,781.3149313880455,3.182325443299621,-1,8,0,1,1711.848768197373,0,0,0,0
1368,30672,248.6036361447842,0,0,0,0,0,0,0,1,0,3.248292221395117,796.0671795537708,3.248292221395117,48.43063614478375,8,1,0,715.9754183741983,0,0,0,0
1369,19649,203.8232457800435,0,0,0,2,17,0,0,0,0,3.184702714997501,781.2590869215308,3.184702714997501,-1,8,0,1,1097.857706186076,0,0,0,0
1370,28830,236.4309178128122,0,0,0,0,0,0,0,1,0,3.205499389613556,784.8545201488682,3.205499389613556,36.25791781281246,8,1,0,388.8961700423035,0,0,0,0
1371,19375,201.6633456739534,0,0,0,0,0,0,0,0,0,3.230303585523267,791.5091924616496,3.230303585523267,-1,8,0,1,899.9958760336089,0,0,0,0
1372,30649,248.8750314330387,0,0,0,0,0,0,0,1,0,3.09389247699623,759.0352409357189,3.09389247699623,48.70203143303907,8,1,0,1506.279887624194,0,0,0,0
1373,26095,234.8993072075865,0,0,0,0,0,0,0,1,0,3.190172119590783,782.189218124101,3.190172119590783,34.72630720738987,8,1,0,203.4382485835004,0,0,0,0
1374,27764,234.6905502516015,0,0,0,0,0,0,0,1,0,3.046813127108593,742.7763960934363,3.046813127108593,34.51755025160217,8,1,0,1869.685725354448,0,0,0,0
1375,24401,221.2643530586517,0,0,0,0,0,0,0,1,0,3.268939739383963,801.0620509688599,3.268939739383963,21.09135305865253,8,1,0,2589.015097934327,0,0,0,0
1376,28003,241.4062322787531,0,0,0,0,0,0,0,1,0,3.187415672887356,778.9561175044939,3.187415672887356,41.23323227875309,8,1,0,318.8187793026439,0,0,0,0
1377,20260,200.8065704169506,0,0,0,1,5,0,0,0,0,3.36586427328884,828.5859015719903,3.36586427328884,-1,8,0,1,1268.495489169421,0,0,0,0
1378,28127,237.9811433906976,0,0,0,0,0,0,0,1,0,3.166523613605404,775.2338873262095,3.166523613605404,37.808143390698,8,1,0,2637.103094341005,0,0,0,0
1379,24084,222.2785515417029,0,0,0,0,0,0,0,1,0,3.134538967646796,764.8824701121109,3.134538967646796,22.10555154170289,8,1,0,977.4335247523126,0,0,0,0
1380,22161,211.3559808652453,0,0,0,0,0,0,0,1,0,3.193565924323107,782.0346736209319,3.193565924323107,11.1829808652444,8,1,0,2271.310909723704,0,0,0,0
1381,26900,231.4328758017469,0,0,0,0,0,0,0,1,0,3.143409342860443,770.2503531113449,3.143409342860443,31.25987580174611,8,1,0,3832.108859960887,0,0,0,0
1382,19597,202.1738614430064,0,0,0,0,0,0,0,0,0,3.12473213720909,765.4630228276632,3.12473213720909,-1,8,0,1,7465.893897407225,0,0,0,0
1383,30098,243.0326331930826,0,0,0,0,0,0,0,1,0,3.335183528466088,818.5591640990741,3.335183528466088,42.85963319308323,8,1,0,4731.560039708825,0,0,0,0
1384,27797,237.7532218427381,0,0,0,0,0,0,0,1,0,3.267566971892732,797.9679719410226,3.267566971892732,37.58022184273801,8,1,0,229.1055401707642,0,0,0,0
1385,29231,249.0083958869869,0,0,0,0,0,0,0,1,0,3.230879365692141,790.324827043444,3.230879365692141,48.83539588698665,8,1,0,962.3641220487992,0,0,0,0
1386,31143,245.7831099360984,0,0,0,0,0,0,0,1,0,3.294728978958168,811.9847747581161,3.294728978958168,45.61010993609845,8,1,0,8522.344589232247,0,0,0,0
1387,21851,237.788543397189,0,0,0,4,20,0,0,0,0,3.110466175205825,756.7458118280761,3.110466175205825,-1,8,0,1,2123.113069280119,0,0,0,0
1388,24101,219.2026143698644,0,0,0,0,0,0,0,1,0,3.140006442965769,767.7831542204459,3.140006442965769,19.0296143698647,8,1,0,104.1141072870475,0,0,0,0
1389,23221,214.6207591294088,0,0,0,0,0,0,0,1,0,3.260581837851663,799.268315784382,3.260581837851663,14.4477591294087,8,1,0,13.0984402660188,0,0,0,0
1390,20742,225.7519006014571,0,0,0,1,7,0,0,0,0,3.33609727995352,817.161727946972,3.33609727995352,-1,8,0,1,3917.736087473595,0,0,0,0
1391,29603,243.6224958465165,0,0,0,0,0,0,0,1,0,3.267414059234575,803.4946865794412,3.267414059234575,43.44949584651673,8,1,0,2666.758116566023,0,0,0,0
1392,27763,236.198448355796,0,0,0,0,0,0,0,1,0,3.117572465655948,761.6244914783346,3.117572465655948,36.02544835579562,8,1,0,390.8491344050217,0,0,0,0
1393,29777,249.8043230281015,0,0,0,0,0,0,0,1,0,3.20763186413207,787.4510472632426,3.20763186413207,49.63132302810068,8,1,0,6875.048177930378,0,0,0,0
1394,20003,203.7830554715437,0,0,0,0,1,0,0,0,0,3.292322500723993,808.4800030687437,3.292322500723993,-1,8,0,1,376.4303117404083,0,0,0,0
1395,20831,218.0921988736128,0,0,0,1,8,0,0,0,0,3.079304559181827,751.4933916076451,3.079304559181827,-1,8,0,1,534.4630657495434,0,0,0,0
1396,27786,237.3957816520012,0,0,0,0,0,0,0,1,0,3.266847224429638,802.6499858152507,3.266847224429638,37.22278165200129,8,1,0,1843.15654790226,0,0,0,0
1397,28370,238.9333466599375,0,0,0,0,0,0,0,1,0,3.25645299920397,798.4563625776944,3.25645299920397,38.76034665993728,8,1,0,8529.57729508211,0,0,0,0
1398,31083,250.6966192601114,0,0,0,0,0,0,0,1,0,3.181341900482984,779.6522187975152,3.181341900482984,50.52361926011015,8,1,0,135.1834578948163,0,0,0,0
1399,28732,241.0948300485639,0,0,0,0,0,0,0,1,0,3.268143100390111,800.9931018141097,3.268143100390111,40.92183004856389,8,1,0,3687.59068857963,0,0,0,0
1400,22187,212.2061323937509,0,0,0,0,0,0,0,1,0,3.282529387260886,805.3466118718891,3.282529387260886,12.03313239375081,8,1,0,1649.864006339663,0,0,0,0
1401,30092,248.2929620227028,0,0,0,0,0,0,0,1,0,3.259927226153442,796.3841500196894,3.259927226153442,48.1199620227054,8,1,0,630.4251697856517,0,0,0,0
1402,29737,242.5095443715324,0,0,0,0,0,0,0,1,0,3.265701952100982,799.4167084514621,3.265701952100982,42.33654437153203,8,1,0,440.2813827271417,0,0,0,0
1403,24222,221.0041321998021,0,0,0,0,0,0,0,1,0,3.159426321742372,771.4397985548696,3.159426321742372,20.83113219980224,8,1,0,208.9262905984352,0,0,0,0
1404,24815,225.510588675108,0,0,0,0,0,0,0,1,0,3.176661182101462,777.1031158622792,3.176661182101462,25.33758867510832,8,1,0,416.1706294513987,0,0,0,0
1405,20178,202.7068643091582,0,0,0,0,0,0,0,0,0,3.3321957944168,818.1657376149255,3.3321957944168,-1,8,0,1,461.8512620587376,0,0,0,0
1406,24685,223.7453542897293,0,0,0,0,0,0,0,1,0,3.18501420002209,781.1816748838207,3.18501420002209,23.57235428972911,8,1,0,808.4746602629865,0,0,0,0
1407,32119,252.8568444204062,0,0,0,0,0,0,0,1,0,3.299034843537858,810.5112167566672,3.299034843537858,52.68384442040602,8,1,0,340.3755312414821,0,0,0,0
1408,29664,247.4153455973761,0,0,0,0,0,0,0,1,0,3.345701957359022,821.0560057948508,3.345701957359022,47.24234559737542,8,1,0,601.8186184684661,0,0,0,0
1409,19281,231.5473762464391,0,0,0,2,16,0,0,0,0,3.12211929919244,762.1255002065448,3.12211929919244,-1,8,0,1,1768.593151799316,0,0,0,0
1410,25664,226.2746738721767,0,0,0,0,0,0,0,1,0,3.302842458680051,811.2434046546955,3.302842458680051,26.10167387217662,8,1,0,2711.120501574228,0,0,0,0
1411,27370,241.1300911455163,0,0,0,0,0,0,0,1,0,3.170601142887164,777.6539061996472,3.170601142887164,40.9570911455159,8,1,0,1674.72705466462,0,0,0,0
1412,20006,227.3243031048144,0,0,0,3,22,0,0,0,0,3.207863908297951,788.9755465216634,3.207863908297951,-1,8,0,1,2898.474241399,0,0,0,0
1413,20379,206.6818384891262,0,0,0,0,0,0,0,1,0,3.095885146863326,756.2314710899522,3.095885146863326,6.508838489126506,8,1,0,624.5776461997791,0,0,0,0
1414,25062,225.8171888460096,0,0,0,0,0,0,0,1,0,3.183245722614665,778.3038216618745,3.183245722614665,25.64418884601039,8,1,0,795.9398863691056,0,0,0,0
1415,19399,247.7288757753218,0,0,0,2,16,0,0,0,0,3.253719164686696,798.2294020149797,3.253719164686696,-1,8,0,1,2772.005912028604,0,0,0,0
1416,30648,249.6627602192448,0,0,0,0,0,0,0,1,0,3.206586081626298,786.9607328785313,3.206586081626298,49.48976021924503,8,1,0,3045.033734773435,0,0,0,0
1417,25974,231.4437222770072,0,0,0,0,0,0,0,1,0,3.23217528182672,791.5592758262437,3.23217528182672,31.27072227700679,8,1,0,4019.554697019288,0,0,0,0
1418,27050,236.375521889287,0,0,0,0,0,0,0,1,0,3.031701914602719,739.0583330322411,3.031701914602719,36.20252188928697,8,1,0,1301.013645972332,0,0,0,0
1419,28477,243.3603956889922,0,0,0,0,0,0,0,1,0,3.185034166579216,780.1656286167885,3.185034166579216,43.18739568899191,8,1,0,260.4522238874478,0,0,0,0
1420,29804,249.2515474817965,0,0,0,0,0,0,0,1,0,3.140524209493562,765.1382063880649,3.140524209493562,49.07854748179665,8,1,0,35.93685162642824,0,0,0,0
1421,24274,217.7768086853969,0,0,0,0,0,0,0,1,0,3.195948382046985,784.6003871381865,3.195948382046985,17.60380868539673,8,1,0,81.627241334731,0,0,0,0
1422,28849,241.8172987415274,0,0,0,0,0,0,0,1,0,3.162332636144658,774.3591202459454,3.162332636144658,41.64429874152752,8,1,0,197.0090459320147,0,0,0,0
1423,21144,234.4858191339299,0,0,0,3,22,0,0,0,0,3.217594809758225,790.007270666884,3.217594809758225,-1,8,0,1,1510.204286169888,0,0,0,0
1424,19262,202.7756038112238,0,0,0,0,0,0,0,0,0,3.135861305557916,765.3151127606681,3.135861305557916,-1,8,0,1,932.7137132692466,0,0,0,0
1425,28712,240.244239257786,0,0,0,0,0,0,0,1,0,3.150204037722181,772.7698289036042,3.150204037722181,40.07123925778575,8,1,0,436.6186200883059,0,0,0,0
1426,19237,209.4450979417862,0,0,0,1,9,0,0,0,0,3.142813205242302,768.1380338164282,3.142813205242302,-1,8,0,1,687.0128549764097,0,0,0,0
1427,22436,213.4591598147051,0,0,0,0,0,0,0,1,0,3.236642621746064,795.0895233013149,3.236642621746064,13.28615981470462,8,1,0,1000.435574588244,0,0,0,0
1428,23929,222.8396329304135,0,0,0,0,0,0,0,1,0,3.175798281719396,774.9048061049646,3.175798281719396,22.66663293041377,8,1,0,20.3819420302957,0,0,0,0
1429,25620,228.7679212013816,0,0,0,0,0,0,0,1,0,3.163417926275243,771.1726464693587,3.163417926275243,28.59492120138719,8,1,0,545.7966063459102,0,0,0,0
1430,20759,223.5966491209959,0,0,0,3,15,0,0,0,0,3.195776814502934,783.350137568616,3.195776814502934,-1,8,0,1,293.3825675487876,0,0,0,0
1431,30282,248.3513345438285,0,0,0,0,0,0,0,1,0,3.227698835150269,789.4947378110381,3.227698835150269,48.17833454382853,8,1,0,592.6106899960911,0,0,0,0
1432,19613,243.4321440622337,0,0,0,3,27,0,0,0,0,3.271434402823298,804.4719742519894,3.271434402823298,-1,8,0,1,769.7031009779729,0,0,0,0
1433,26724,232.5713071665269,0,0,0,0,0,0,0,1,0,3.184831329455685,779.1535108763588,3.184831329455685,32.39830716652703,8,1,0,825.5685401815267,0,0,0,0
1434,30761,244.7591532993811,0,0,0,0,0,0,0,1,0,3.354568563182724,826.117728089528,3.354568563182724,44.58615329938093,8,1,0,19.09405808360583,0,0,0,0
1435,25332,227.9605650079393,0,0,0,0,0,0,0,1,0,3.204160466227483,787.061351452338,3.204160466227483,27.78756500793928,8,1,0,659.3200530060838,0,0,0,0
1436,28186,239.0446842777258,0,0,0,0,0,0,0,1,0,3.218432995009137,789.8881018570373,3.218432995009137,38.87168427772527,8,1,0,259.5309123697597,0,0,0,0
1437,20047,244.3235541049244,0,0,0,4,27,0,0,0,0,3.30165814158172,807.9586779767985,3.30165814158172,-1,8,0,1,74.69337579067356,0,0,0,0
1438,30429,250.1662220293715,0,0,0,0,0,0,0,1,0,3.340498836793543,822.0612994724833,3.340498836793543,49.99322202943135,8,1,0,1797.132812693058,0,0,0,0
1439,28059,239.5756289864939,0,0,0,0,0,0,0,1,0,3.337424691760506,820.3601893702236,3.337424691760506,39.4026289864937,8,1,0,438.8644718825448,0,0,0,0
1440,27976,239.0666379538861,0,0,0,0,0,0,0,1,0,3.230977266321328,791.5804214473909,3.230977266321328,38.89363795388637,8,1,0,8199.328977405046,0,0,0,0
1441,24322,221.6660034436583,0,0,0,0,0,0,0,1,0,3.192625393269417,782.659994555866,3.192625393269417,21.49300344365745,8,1,0,1627.374736022489,0,0,0,0
1442,27879,229.8231714200001,0,0,0,0,0,0,0,1,0,3.385272103140524,831.9666777566124,3.385272103140524,29.65017142000075,8,1,0,3222.468572906106,0,0,0,0
1443,28976,239.5963612212368,0,0,0,0,0,0,0,1,0,3.209584292379985,788.220794044743,3.209584292379985,39.42336122123692,8,1,0,1038.140503708027,0,0,0,0
1444,28309,239.5004056897911,0,0,0,0,0,0,0,1,0,3.245241558465898,794.9380342762169,3.245241558465898,39.32740568979144,8,1,0,881.8179761308987,0,0,0,0
1445,29417,245.8775755725688,0,0,0,0,0,0,0,1,0,3.271505313382523,802.7384140740459,3.271505313382523,45.7045755725614,8,1,0,353.7158092122194,0,0,0,0
1446,31307,248.7529937354078,0,0,0,0,0,0,0,1,0,3.262667483353672,801.0040559911528,3.262667483353672,48.579993735407,8,1,0,595.6324362909377,0,0,0,0
1447,30401,247.779068532996,0,0,0,0,0,0,0,1,0,3.210323678922341,788.8781005306738,3.210323678922341,47.60606853299623,8,1,0,396.7730297617307,0,0,0,0
1448,26852,235.6597726994634,0,0,0,0,0,0,0,1,0,3.238761525411673,791.8948997481166,3.238761525411673,35.48677269946351,8,1,0,1546.272108271178,0,0,0,0
1449,28050,238.6743485430272,0,0,0,0,0,0,0,1,0,3.1110522071022,757.9882724711225,3.1110522071022,38.50134854302727,8,1,0,1609.929389319953,0,0,0,0
1450,20106,208.6963280570429,0,0,0,1,9,0,0,0,0,3.278975684832182,807.2093418375028,3.278975684832182,-1,8,0,1,349.8447023968702,0,0,0,0
1451,20221,211.6342429816257,0,0,0,1,6,0,0,0,0,3.311101666490427,813.573577179431,3.311101666490427,-1,8,0,1,465.913162162235,0,0,0,0
1452,30158,245.1242018344034,0,0,0,0,0,0,0,1,0,3.20343221425609,786.4925289433367,3.20343221425609,44.95120183440417,8,1,0,2029.820975609302,0,0,0,0
1453,28900,240.1972984968175,0,0,0,0,0,0,0,1,0,3.234878520655387,795.6115182305341,3.234878520655387,40.02429849681747,8,1,0,3995.76643694176,0,0,0,0
1454,27896,239.038454379949,0,0,0,0,0,0,0,1,0,3.262138077666337,799.4661117548181,3.262138077666337,38.86545437995037,8,1,0,4299.609211791525,0,0,0,0
1455,23475,219.0906684841437,0,0,0,0,0,0,0,1,0,3.218263511244795,787.4220714266175,3.218263511244795,18.91766848414393,8,1,0,772.1099773471265,0,0,0,0
1456,19264,204.9262530190868,0,0,0,1,6,0,0,0,0,3.173690656558088,778.2903013133536,3.173690656558088,-1,8,0,1,736.7111329306715,0,0,0,0
1457,22354,214.1837200021833,0,0,0,0,0,0,0,1,0,3.131140140982723,767.2188127174848,3.131140140982723,14.01072000218362,8,1,0,985.7944686215973,0,0,0,0
1458,26856,231.4294342717846,0,0,0,0,0,0,0,1,0,3.314894917237053,816.9144144293027,3.314894917237053,31.25643427178517,8,1,0,628.8860490751089,0,0,0,0
1459,19851,208.3228162060398,0,0,0,1,7,0,0,0,0,3.256381255720331,800.631109985164,3.256381255720331,-1,8,0,1,5344.489410753898,0,0,0,0
1460,26340,230.461927322919,0,0,0,0,0,0,0,1,0,3.216065768308633,787.1857479288728,3.216065768308633,30.28892732291901,8,1,0,1698.670100554869,0,0,0,0
1461,31891,254.0054429897366,0,0,0,0,0,0,0,1,0,3.204598174313894,781.9958981000564,3.204598174313894,53.83244298973626,8,1,0,1712.055034782526,0,0,0,0
1462,30600,250.6950854096363,0,0,0,0,0,0,0,1,0,3.053825299051799,744.638000681568,3.053825299051799,50.52208540963625,8,1,0,4760.101905748186,0,0,0,0
1463,25810,230.3811676187929,0,0,0,0,0,0,0,1,0,3.282363101268423,807.5969766188383,3.282363101268423,30.20816761879264,8,1,0,2509.054447575686,0,0,0,0
1464,20338,226.9136454710129,0,0,0,4,34,0,0,0,0,3.16654314108627,776.0506816564371,3.16654314108627,-1,8,0,1,2222.999385219872,0,0,0,0
1465,29017,246.764168163142,0,0,0,0,0,0,0,1,0,3.202015200511584,783.1017185260267,3.202015200511584,46.59116816314116,8,1,0,92.09728530348382,0,0,0,0
1466,27884,236.7337439557908,0,0,0,0,0,0,0,1,0,3.230084051792407,790.6942158122138,3.230084051792407,36.56074395579066,8,1,0,1901.342647049535,0,0,0,0
1467,19614,200.1730000000005,0,0,0,0,0,0,0,0,0,3.118677495132221,763.2059225784028,3.118677495132221,-1,8,1,0,10077.21705353236,0,0,0,0
1468,27998,238.2339488595263,0,0,0,0,0,0,0,1,0,3.24578804931916,794.2528970414171,3.24578804931916,38.06094885952616,8,1,0,472.7596601838088,0,0,0,0
1469,26712,232.5582694984391,0,0,0,0,0,0,0,1,0,3.227635028732304,790.4420846704429,3.227635028732304,32.38526949843899,8,1,0,3127.705750191808,0,0,0,0
1470,24262,222.9030482582038,0,0,0,0,0,0,0,1,0,3.187126965351151,782.0343601680471,3.187126965351151,22.73004825820395,8,1,0,1189.27413847197,0,0,0,0
1471,24883,223.2169299855627,0,0,0,0,0,0,0,1,0,3.243524386408487,797.0533915999198,3.243524386408487,23.04392998556301,8,1,0,1675.803687253979,0,0,0,0
1472,26303,230.97092829573,0,0,0,0,0,0,0,1,0,3.179139616191656,779.9189174602186,3.179139616191656,30.79792829572995,8,1,0,46.85616911639758,0,0,0,0
1473,20306,223.9314260043819,0,0,0,2,7,0,0,0,0,3.098995181385879,756.1434130531766,3.098995181385879,-1,8,0,1,127.0516485283636,0,0,0,0
1474,25763,229.5636815370484,0,0,0,0,0,0,0,1,0,3.255721022898979,797.4877649459992,3.255721022898979,29.39068153704832,8,1,0,2742.448576494015,0,0,0,0
1475,30015,245.0212045722652,0,0,0,0,0,0,0,1,0,3.234144904787151,793.1859012636043,3.234144904787151,44.84820457226526,8,1,0,8619.167905341992,0,0,0,0
1476,19662,251.7605345632029,0,0,0,2,17,0,0,0,0,3.309071937076604,811.8676559057222,3.309071937076604,-1,8,0,1,3199.624379943098,0,0,0,0
1477,24198,224.2041840919328,0,0,0,0,0,0,0,1,0,3.196201849196977,782.8238561796288,3.196201849196977,24.031184091933,8,1,0,6203.961860245396,0,0,0,0
1478,27985,235.3910997227264,0,0,0,0,0,0,0,1,0,3.247406384401637,798.3387892542074,3.247406384401637,35.2180997227265,8,1,0,1029.231717537209,0,0,0,0
1479,23028,248.7848818518015,0,0,0,5,23,0,0,0,0,3.164952766816408,775.4796994688055,3.164952766816408,-1,8,0,1,897.3300268575518,0,0,0,0
1480,19795,220.3986460040833,0,0,0,2,5,0,0,0,0,3.243200021665475,796.6221974322597,3.243200021665475,-1,8,0,1,487.757934990207,0,0,0,0
1481,28272,239.4157586640472,0,0,0,0,0,0,0,1,0,3.2402776897266,794.1026567470223,3.2402776897266,39.24275866404754,8,1,0,617.5377161857868,0,0,0,0
1482,28333,241.271175008934,0,0,0,0,0,0,0,1,0,3.216465540520874,786.535607740715,3.216465540520874,41.09817500893435,8,1,0,2116.750122574988,0,0,0,0
1483,19239,235.1444698483512,0,0,0,3,35,0,0,0,0,3.201449746090999,784.0889593156579,3.201449746090999,-1,8,0,1,38.86352065907327,0,0,0,0
1484,28160,238.088933967931,0,0,0,0,0,0,0,1,0,3.02632818097603,736.4978313906856,3.02632818097603,37.91593396793122,8,1,0,4491.01445402389,0,0,0,0
1485,27605,237.1626419731384,0,0,0,0,0,0,0,1,0,3.299356999443081,810.7068280869021,3.299356999443081,36.98964197313816,8,1,0,3292.650283300721,0,0,0,0
1486,28707,240.3387171106432,0,0,0,0,0,0,0,1,0,3.256630820508868,799.862241740634,3.256630820508868,40.16571711064268,8,1,0,6402.563940258707,0,0,0,0
1487,28839,245.8383481757587,0,0,0,0,0,0,0,1,0,3.263270863812942,801.1474908447976,3.263270863812942,45.6653481759791,8,1,0,207.28534912367,0,0,0,0
1488,27900,237.8547702670554,0,0,0,0,0,0,0,1,0,3.150273055382528,769.7387832465483,3.150273055382528,37.68177026705568,8,1,0,828.9405829963273,0,0,0,0
1489,27318,234.3012659657647,0,0,0,0,0,0,0,1,0,3.135195565239791,767.2654477040363,3.135195565239791,34.12826596576466,8,1,0,222.0405014957744,0,0,0,0
1490,23453,216.2683460725333,0,0,0,0,0,0,0,1,0,3.104152846367084,761.1831299750341,3.104152846367084,16.0953460725325,8,1,0,917.6504253890769,0,0,0,0
1491,28427,241.2445669495503,0,0,0,0,0,0,0,1,0,3.181537686366106,779.6675814177681,3.181537686366106,41.07156694954936,8,1,0,672.928337149984,0,0,0,0
1492,24064,221.7276933934754,0,0,0,0,0,0,0,1,0,3.244229096164434,795.9483206522268,3.244229096164434,21.55469339347551,8,1,0,1155.374508003585,0,0,0,0
1493,27552,232.8984595991591,0,0,0,0,0,0,0,1,0,3.255044693413959,798.5276668781478,3.255044693413959,32.72545959915904,8,1,0,7762.664160244452,0,0,0,0
1494,28014,238.6968075159185,0,0,0,0,0,0,0,1,0,3.151518662115036,772.3476011397373,3.151518662115036,38.52380751591789,8,1,0,519.066553000813,0,0,0,0
1495,26741,235.3238931158966,0,0,0,0,0,0,0,1,0,3.20759549882962,786.1645642116132,3.20759549882962,35.15089311589592,8,1,0,1206.707914637405,0,0,0,0
1496,25613,229.3955813173019,0,0,0,0,0,0,0,1,0,3.191440463398829,781.0782659768172,3.191440463398829,29.22258131730217,8,1,0,477.6196624122499,0,0,0,0
1497,27491,231.1569938245566,0,0,0,0,0,0,0,1,0,3.261882932532785,800.6616596035046,3.261882932532785,30.98399382455698,8,1,0,2358.413000305347,0,0,0,0
1498,20226,227.9580246829647,0,0,0,3,24,0,0,0,0,3.05231834972093,745.288480762968,3.05231834972093,-1,8,0,1,606.8884956861211,0,0,0,0
1499,27666,235.7293441317047,0,0,0,0,0,0,0,1,0,3.085317155342646,755.7500508426455,3.085317155342646,35.55634413170422,8,1,0,284.2429072186765,0,0,0,0
1500,20515,202.9597731216435,0,0,0,0,0,0,0,0,0,3.258057264185785,800.663353880632,3.258057264185785,-1,8,0,1,3372.519484996031,0,0,0,0
1501,30437,244.3792156842044,0,0,0,0,0,0,0,1,0,3.1298739503114,769.0302132453094,3.1298739503114,44.20621568420427,8,1,0,2050.743443937716,0,0,0,0
1502,19998,218.8475688802772,0,0,0,3,25,0,0,0,0,3.197854322613975,786.390142939666,3.197854322613975,-1,8,0,1,430.3412383740056,0,0,0,0
1503,28841,242.8680879166418,0,0,0,0,0,0,0,1,0,3.20695132542798,786.8585010911019,3.20695132542798,42.69508791664179,8,1,0,6175.859775208815,0,0,0,0
1504,27420,234.0198985483158,0,0,0,0,0,0,0,1,0,3.358108317961673,825.1541514577859,3.358108317961673,33.84689854831576,8,1,0,5232.275353008476,0,0,0,0
1505,29842,247.1071908209516,0,0,0,0,0,0,0,1,0,3.257855877889172,798.543345814374,3.257855877889172,46.93419082095136,8,1,0,5303.118911868173,0,0,0,0
1506,25717,225.4567327529585,0,0,0,0,0,0,0,1,0,3.186599759883527,779.3480892204824,3.186599759883527,25.28373275295804,8,1,0,2288.186144720813,0,0,0,0
1507,28147,236.8146010193792,0,0,0,0,0,0,0,1,0,3.209176349683517,786.36937385189,3.209176349683517,36.64160101937887,8,1,0,1774.706283656694,0,0,0,0
1508,20249,200.173,0,0,0,0,0,0,0,0,0,3.309961572584839,813.7571290178101,3.309961572584839,-1,8,0,1,14959.2551328217,0,0,0,0
1509,24878,224.1665932767118,0,0,0,0,0,0,0,1,0,3.229424880293717,793.5239860883058,3.229424880293717,23.99359327671164,8,1,0,97.10534344121791,0,0,0,0
1510,28852,240.0784289822105,0,0,0,0,0,0,0,1,0,3.137150557792621,769.2697805243437,3.137150557792621,39.90542898221027,8,1,0,646.2365155493651,0,0,0,0
1511,26380,233.9967586037828,0,0,0,0,0,0,0,1,0,3.193260234794061,781.6470425027072,3.193260234794061,33.82375860378282,8,1,0,1364.040763106701,0,0,0,0
1512,30635,248.6851692653002,0,0,0,0,0,0,0,1,0,3.173690846291661,778.8737116721292,3.173690846291661,48.51216926530074,8,1,0,2677.36005776847,0,0,0,0
1513,29844,247.4888859353622,0,0,0,0,0,0,0,1,0,3.125534767573316,768.7292621983427,3.125534767573316,47.3158859353137,8,1,0,2660.715499848024,0,0,0,0
1514,27351,240.8083997985512,0,0,0,0,0,0,0,1,0,3.081714521957317,754.5466707534046,3.081714521957317,40.63539979855181,8,1,0,173.1446799866411,0,0,0,0
1515,23227,216.8658859271336,0,0,0,0,0,0,0,1,0,3.265592464604502,803.7710727083698,3.265592464604502,16.69288592713357,8,1,0,25.48185131187512,0,0,0,0
1516,19832,216.8770055109864,0,0,0,2,15,0,0,0,0,3.159863875296388,775.9864926442532,3.159863875296388,-1,8,0,1,934.147413592974,0,0,0,0
1517,28306,239.9257697492146,0,0,0,0,0,0,0,1,0,3.214185852500256,790.4103273247857,3.214185852500256,39.75276974921501,8,1,0,393.7502453946239,0,0,0,0
1518,27000,233.3078757324055,0,0,0,0,0,0,0,1,0,3.188445814358354,779.3387692772073,3.188445814358354,33.13487573240548,8,1,0,121.171871771134,0,0,0,0
1519,27761,237.612513227722,0,0,0,0,0,0,0,1,0,3.232946141893627,794.3702464856866,3.232946141893627,37.43951322772222,8,1,0,1562.358904987844,0,0,0,0
1520,31611,251.3405264256805,0,0,0,0,0,0,0,1,0,3.361632502849779,825.333780831743,3.361632502849779,51.16752642567193,8,1,0,503.2211943136194,0,0,0,0
1521,18888,201.8820780888185,0,0,0,0,0,0,0,0,0,3.168215164287967,774.7942762292348,3.168215164287967,-1,8,0,1,1905.393401286983,0,0,0,0
1522,31443,252.1515369352962,0,0,0,0,0,0,0,1,0,3.224208011069662,788.5159817803871,3.224208011069662,51.97853693529623,8,1,0,3073.018804438595,0,0,0,0
1523,27847,240.9489130021358,0,0,0,0,0,0,0,1,0,3.260132267438145,798.5392594671488,3.260132267438145,40.77591300213577,8,1,0,1021.502612470431,0,0,0,0
1524,28145,232.2363488376662,0,0,0,0,0,0,0,1,0,3.320938952734381,813.2775969955292,3.320938952734381,32.06334883766646,8,1,0,370.845696850831,0,0,0,0
1525,20368,235.3988995274513,0,0,0,3,14,0,0,0,0,2.989311066933676,725.4179711132264,2.989311066933676,-1,8,0,1,1732.513298589396,0,0,0,0
1526,20628,207.245637910567,0,0,0,0,0,0,0,1,0,3.213004939925642,788.1844548238973,3.213004939925642,7.072637910566901,8,1,0,2614.697976136749,0,0,0,0
1527,29932,252.4118720094535,0,0,0,0,0,0,0,1,0,3.094142959223268,754.1295046128665,3.094142959223268,52.23887200945409,8,1,0,5311.363900508052,0,0,0,0
1528,27734,232.1343142616431,0,0,0,0,0,0,0,1,0,3.310356022488104,810.8349852777628,3.310356022488104,31.9613142616426,8,1,0,2737.145030370436,0,0,0,0
1529,27222,234.199290124942,0,0,0,0,0,0,0,1,0,3.135393864310144,767.1998405975354,3.135393864310144,34.02629012496281,8,1,0,1559.503751694599,0,0,0,0
1530,24594,219.2555991423324,0,0,0,0,0,0,0,1,0,3.194902936317987,785.5449368111947,3.194902936317987,19.08259914233248,8,1,0,631.4334483911389,0,0,0,0
1531,20393,213.8246211521199,0,0,0,2,13,0,0,0,0,3.29787793741398,809.4021778919393,3.29787793741398,-1,8,0,1,5513.605744771219,0,0,0,0
1532,31088,254.1478684009553,0,0,0,0,0,0,0,1,0,3.231977186156163,791.8686552029327,3.231977186156163,53.97486840095544,8,1,0,544.8823227947573,0,0,0,0
1533,29325,244.9250058733555,0,0,0,0,0,0,0,1,0,3.216133958165481,789.5878866249432,3.216133958165481,44.75200587335581,8,1,0,4284.387865106979,0,0,0,0
1534,26767,232.5781498031911,0,0,0,0,0,0,0,1,0,3.143027761413085,771.9702641294903,3.143027761413085,32.40514980319122,8,1,0,2897.921565085204,0,0,0,0
1535,27455,239.5661957537731,0,0,0,0,0,0,0,1,0,3.29617565606754,810.9212467547076,3.29617565606754,39.39319575377208,8,1,0,543.5789126851921,0,0,0,0
1536,19923,202.7149237554229,0,0,0,0,0,0,0,0,0,3.158524782627112,772.0728231342456,3.158524782627112,-1,8,0,1,484.2947611355617,0,0,0,0
1537,20512,204.5906285320658,0,0,0,0,0,0,0,1,0,3.167798219912742,776.1669196999782,3.167798219912742,4.41762853206538,8,1,0,478.1959075540447,0,0,0,0
1538,29228,243.1391405720917,0,0,0,0,1,0,0,1,0,3.291099536518302,808.2937996508881,3.291099536518302,42.96614057209373,8,1,0,5321.873639964991,0,0,0,0
1539,20689,207.6856137657388,0,0,0,1,3,0,0,0,0,3.266596105429902,801.4885346582296,3.266596105429902,-1,8,0,1,6399.660879572021,0,0,0,0
1540,24011,222.1188359383063,0,0,0,0,0,0,0,1,0,3.129122290640688,763.4929078395091,3.129122290640688,21.94583593830692,8,1,0,536.6680409531317,0,0,0,0
1541,22301,209.5468645411786,0,0,0,0,0,0,0,1,0,3.3161785462463,814.4070935649743,3.3161785462463,9.373864541178301,8,1,0,1042.240355995014,0,0,0,0
1542,30000,243.9809291105473,0,0,0,0,0,0,0,1,0,3.356985978566123,827.1190735052697,3.356985978566123,43.80792911054775,8,1,0,23.03041975680517,0,0,0,0
1543,26446,230.5592197957012,0,0,0,0,0,0,0,1,0,3.279488726077759,804.577373450706,3.279488726077759,30.38621979575294,8,1,0,108.4346583151023,0,0,0,0
1544,27587,232.0914742544249,0,0,0,0,0,0,0,1,0,3.232559105192582,790.0024821798344,3.232559105192582,31.91847425442432,8,1,0,194.7463774117051,0,0,0,0
1545,30062,249.6882529236012,0,0,0,0,0,0,0,1,0,3.267976422940858,802.3266950618437,3.267976422940858,49.51525292370234,8,1,0,5008.025082586916,0,0,0,0
1546,28702,237.8307253029211,0,0,0,0,0,0,0,1,0,3.239780995449553,795.1615589092496,3.239780995449553,37.65772530292063,8,1,0,467.358357859431,0,0,0,0
1547,29756,245.6820614797439,0,0,0,0,0,0,0,1,0,3.190471805568987,781.9886231403333,3.190471805568987,45.50906147974455,8,1,0,183.9547928017103,0,0,0,0
1548,24800,222.2695820796489,0,0,0,0,0,0,0,1,0,3.327804601932931,817.7738437240198,3.327804601932931,22.09658207964831,8,1,0,627.2850771269678,0,0,0,0
1549,31768,254.6468108996036,0,0,0,0,0,0,0,1,0,3.260051947654963,801.9836285719116,3.260051947654963,54.47381089960283,8,1,0,3893.261029705112,0,0,0,0
1550,29214,245.3946382730614,0,0,0,0,0,0,0,1,0,3.194569133468652,783.5808779643462,3.194569133468652,45.22163827307821,8,1,0,1957.481927789691,0,0,0,0
1551,30624,247.6839112621248,0,0,0,0,0,0,0,1,0,3.228488489408968,794.4817579235553,3.228488489408968,47.51091126212452,8,1,0,1708.282591359253,0,0,0,0
1552,22349,214.2248613182741,0,0,0,0,0,0,0,1,0,3.209391335319988,784.0915816849581,3.209391335319988,14.05186131827426,8,1,0,487.1915763168498,0,0,0,0
1553,29201,238.7634327337137,0,0,0,0,0,0,0,1,0,3.292515355199804,809.2791283173303,3.292515355199804,38.59043273371415,8,1,0,1272.155720665613,0,0,0,0
1554,29593,244.9818376104092,0,0,0,0,0,0,0,1,0,3.201038038490991,783.6908845032959,3.201038038490991,44.80883761040872,8,1,0,1131.153487645517,0,0,0,0
1555,26246,229.3489244885594,0,0,0,0,0,0,0,1,0,3.185873628154429,777.4888847851408,3.185873628154429,29.17592448855945,8,1,0,649.3584094735434,0,0,0,0
1556,27157,233.8595176891615,0,0,0,0,0,0,0,1,0,3.222779752870311,790.2553331895554,3.222779752870311,33.68651768916083,8,1,0,352.4547781669179,0,0,0,0
1557,30520,250.026955276621,0,0,0,0,0,0,0,1,0,3.199850484361809,785.686581016995,3.199850484361809,49.85395527662032,8,1,0,2031.876643381812,0,0,0,0
1558,26661,230.9300593943289,0,0,0,0,0,0,0,1,0,3.239978136323586,794.602892466531,3.239978136323586,30.7570593943292,8,1,0,3892.462279684093,0,0,0,0
1559,27186,232.3108458599311,0,0,0,0,0,0,0,1,0,3.005821940741332,733.5504270780713,3.005821940741332,32.13784585993093,8,1,0,2237.793192161157,0,0,0,0
1560,27151,231.6210496441595,0,0,0,0,0,0,0,1,0,3.221615010261289,790.932621542927,3.221615010261289,31.44804964415935,8,1,0,347.8647438704084,0,0,0,0
1561,29243,243.0827230096938,0,0,0,0,0,0,0,1,0,3.348460394901102,823.1321247125099,3.348460394901102,42.90972300969337,8,1,0,315.7335953147647,0,0,0,0
1562,19809,212.8434466778481,0,0,0,1,7,0,0,0,0,3.077569461891757,750.447567026401,3.077569461891757,-1,8,0,1,2181.265251565181,0,0,0,0
1563,24421,223.8528189010561,0,0,0,0,0,0,0,1,0,3.244269037622795,792.8383868538862,3.244269037622795,23.67981890105579,8,1,0,3082.352499075821,0,0,0,0
1564,28210,239.367409391352,0,0,0,0,0,0,0,1,0,3.203349883672785,785.0522790069884,3.203349883672785,39.19440939135183,8,1,0,855.867850804811,0,0,0,0
1565,20247,213.9661588470581,0,0,0,2,14,0,0,0,0,3.306750282129127,811.5239761297969,3.306750282129127,-1,8,0,1,9410.801962453974,0,0,0,0
1566,29443,245.2294609229423,0,0,0,0,0,0,0,1,0,3.27234954307654,802.0409942317832,3.27234954307654,45.05646092294204,8,1,0,1521.393772644772,0,0,0,0
1567,23599,219.1617365411891,0,0,0,0,0,0,0,1,0,3.234604115395346,793.1005601367013,3.234604115395346,18.98873654118902,8,1,0,4107.62540096803,0,0,0,0
1568,23722,218.3209244134243,0,0,0,0,0,0,0,1,0,3.211870128933669,788.726074951103,3.211870128933669,18.14792441342421,8,1,0,1368.51741659944,0,0,0,0
1569,29748,248.5322690119131,0,0,0,0,0,0,0,1,0,3.093651509717751,756.7506408344485,3.093651509717751,48.35926901191257,8,1,0,230.4920924430948,0,0,0,0
1570,30212,245.3294073617277,0,0,0,0,0,0,0,1,0,3.142218631384034,768.069507803669,3.142218631384034,45.15640736172687,8,1,0,567.7548266478278,0,0,0,0
1571,22736,211.0936591319183,0,0,0,0,0,0,0,1,0,3.027948474955303,739.4837947238389,3.027948474955303,10.92065913191822,8,1,0,3393.120669090517,0,0,0,0
1572,30351,251.6924083609206,0,0,0,0,0,0,0,1,0,3.118513077134442,762.9852138198279,3.118513077134442,51.51940836091969,8,1,0,5992.37210529422,0,0,0,0
1573,31122,250.9333265439361,0,0,0,0,0,0,0,1,0,3.257761339885906,801.6341820029999,3.257761339885906,50.76032654393587,8,1,0,2498.814158586746,0,0,0,0
1574,29518,246.8161856329488,0,0,0,0,0,0,0,1,0,3.295666780828761,807.1221533025964,3.295666780828761,46.64318563294923,8,1,0,1251.330127309232,0,0,0,0
1575,31086,246.2212828724059,0,0,0,0,0,0,0,1,0,3.20513342806149,785.5103494537224,3.20513342806149,46.04828287240488,8,1,0,7370.740699902654,0,0,0,0
1576,29482,250.6989336626729,0,0,0,0,0,0,0,1,0,3.237187818660876,792.1743283536272,3.237187818660876,50.52593366267367,8,1,0,1477.276263558641,0,0,0,0
1577,19077,202.9653974252628,0,0,0,0,0,0,0,0,0,3.141109963282437,768.1479288412323,3.141109963282437,-1,8,0,1,2690.165232034705,0,0,0,0
1578,28533,235.6161905318865,0,0,0,0,0,0,0,1,0,3.289824469025217,807.9240150313963,3.289824469025217,35.44319053188705,8,1,0,982.0939269037344,0,0,0,0
1579,29324,242.8285389808623,0,0,0,0,0,0,0,1,0,3.141620162726323,769.9890632352034,3.141620162726323,42.65553898109385,8,1,0,3082.200921737007,0,0,0,0
1580,27553,231.4488592374628,0,0,0,0,0,0,0,1,0,3.227721524604696,791.7159924006827,3.227721524604696,31.27585923746239,8,1,0,618.0166949234766,0,0,0,0
1581,27448,234.1073979696077,0,0,0,0,0,0,0,1,0,3.351327430756124,822.4894958745068,3.351327430756124,33.93439796960754,8,1,0,1143.61425537684,0,0,0,0
1582,20782,205.0878009938864,0,0,0,0,0,0,0,1,0,3.33442063076771,818.6808762101851,3.33442063076771,4.91480099388597,8,1,0,330.5020854363136,0,0,0,0
1583,31003,251.2321075343743,0,0,0,0,0,0,0,1,0,3.088700120542721,758.8202000685866,3.088700120542721,51.05910753437375,8,1,0,1966.094169511681,0,0,0,0
1584,27519,237.1391981152229,0,0,0,0,0,0,0,1,0,3.173519240660755,779.0379474515036,3.173519240660755,36.96619811533269,8,1,0,3151.268378754384,0,0,0,0
1585,24446,218.4255566750255,0,0,0,0,0,0,0,1,0,3.288246052165098,805.8716190154968,3.288246052165098,18.25255667502522,8,1,0,687.8292625754113,0,0,0,0
1586,19717,201.9109972343287,0,0,0,0,0,0,0,0,0,3.327277960020183,818.7724073255554,3.327277960020183,-1,8,0,1,2099.907409803392,0,0,0,0
1587,26031,230.1798587565913,0,0,0,0,0,0,0,1,0,3.193864627262558,786.3542434643878,3.193864627262558,30.00685875659129,8,1,0,1312.32174025514,0,0,0,0
1588,22548,210.7126863569827,0,0,0,0,0,0,0,1,0,3.325016386775602,819.5191749019934,3.325016386775602,10.53968635698231,8,1,0,760.2910969206991,0,0,0,0
1589,23116,214.0728813753991,0,0,0,0,0,0,0,1,0,3.250186477786606,798.6102763227847,3.250186477786606,13.89988137539829,8,1,0,1325.952951498596,0,0,0,0
1590,26801,229.8829051852682,0,0,0,0,0,0,0,1,0,3.068504527773544,750.9911554360876,3.068504527773544,29.70990518526765,8,1,0,1086.503707965948,0,0,0,0
1591,27091,231.0750931948258,0,0,0,0,0,0,0,1,0,3.243559685860031,795.7714541526847,3.243559685860031,30.90209319482627,8,1,0,2212.17277830068,0,0,0,0
1592,27266,237.1413388284206,0,0,0,0,0,0,0,1,0,3.190404390229677,780.5036640152252,3.190404390229677,36.9683388284154,8,1,0,269.1427877183226,0,0,0,0
1593,19668,208.118469655794,0,0,0,1,11,0,0,0,0,3.300555465162046,810.7499172073213,3.300555465162046,-1,8,0,1,4417.984265794278,0,0,0,0
1594,26819,229.4073907937957,0,0,0,0,0,0,0,1,0,3.186117362602429,782.298288506935,3.186117362602429,29.23439079379509,8,1,0,4381.197367602064,0,0,0,0
1595,29607,242.8171026325825,0,0,0,0,0,0,0,1,0,3.186889284189846,781.1703515092485,3.186889284189846,42.64410263258215,8,1,0,2834.430477631146,0,0,0,0
1596,23905,220.6592230287187,0,0,0,0,0,0,0,1,0,3.112100255374957,760.9433765336732,3.112100255374957,20.48622302871835,8,1,0,5.874468537249809,0,0,0,0
1597,28334,236.3765848710876,0,0,0,0,0,0,0,1,0,3.307601585661646,813.5535059623102,3.307601585661646,36.20358487108835,8,1,0,2950.771164652431,0,0,0,0
1598,30005,248.0783025047001,0,0,0,0,0,0,0,1,0,3.117141339455102,762.1314984505489,3.117141339455102,47.90530250469991,8,1,0,1055.967141530889,0,0,0,0
1599,20761,210.3075039276663,0,0,0,1,9,0,0,0,0,3.210117185571232,787.6096834044256,3.210117185571232,-1,8,0,1,9632.967307874591,0,0,0,0
1600,23039,215.5357283668107,0,0,0,0,0,0,0,1,0,3.197707835931443,782.3954231997631,3.197707835931443,15.36272836681035,8,1,0,2851.14892430772,0,0,0,0
1601,28367,243.3737953399572,0,0,0,0,0,0,0,1,0,3.224144344205403,791.117711680916,3.224144344205403,43.20079533995641,8,1,0,614.2575571969572,0,0,0,0
1602,29479,242.8927665911515,0,0,0,0,0,0,0,1,0,3.292690206163956,808.4151615646194,3.292690206163956,42.71976659115241,8,1,0,1729.255288602546,0,0,0,0
1603,29271,239.2835753814125,0,0,0,0,0,0,0,1,0,3.187430093497963,779.4581146801416,3.187430093497963,39.11057538141288,8,1,0,3002.554054649012,0,0,0,0
1604,29603,243.5143985224048,0,0,0,0,0,0,0,1,0,3.140361628061378,768.7401497890016,3.140361628061378,43.34139852240448,8,1,0,815.3624829293178,0,0,0,0
1605,27221,234.8694230077924,0,0,0,0,0,0,0,1,0,3.308342077326579,811.320930978276,3.308342077326579,34.69642300779223,8,1,0,772.2925145962118,0,0,0,0
1606,27255,232.4231056625344,0,0,0,0,0,0,0,1,0,3.169521724438815,777.155328807068,3.169521724438815,32.2501056625351,8,1,0,1341.085937138937,0,0,0,0
1607,29480,250.3735876840599,0,0,0,0,0,0,0,1,0,3.279446489379104,801.8901737810972,3.279446489379104,50.20058768403266,8,1,0,74.64809774434309,0,0,0,0
1608,20512,223.7856372202164,0,0,0,3,17,0,0,0,0,3.209514340579641,785.0608614455959,3.209514340579641,-1,8,0,1,24.60888167041297,0,0,0,0
1609,29693,244.0463615704728,0,0,0,0,0,0,0,1,0,3.316307890809654,813.4443858718097,3.316307890809654,43.87336157047265,8,1,0,2775.390354474021,0,0,0,0
1610,19788,200.7510252384381,0,0,0,1,3,0,0,0,0,3.211007922889636,787.2838001538729,3.211007922889636,-1,8,0,1,459.7295396342337,0,0,0,0
1611,23329,221.2697119966767,0,0,0,0,0,0,0,1,0,3.111987402241662,759.8274681792476,3.111987402241662,21.09671199667737,8,1,0,1436.263475553242,0,0,0,0
1612,24368,221.0963100606986,0,0,0,0,0,0,0,1,0,3.203895327353014,784.0361872200345,3.203895327353014,20.92331006069832,8,1,0,5238.725261269653,0,0,0,0
1613,29746,247.5746953611696,0,0,0,0,0,0,0,1,0,3.220558082992692,789.1353281883013,3.220558082992692,47.40169536117006,8,1,0,1171.692350186598,0,0,0,0
1614,30029,247.8920927218453,0,0,0,0,0,0,0,1,0,3.363865679386328,825.2410779720934,3.363865679386328,47.71909272184518,8,1,0,487.5612193361214,0,0,0,0
1615,19244,202.5147390317709,0,0,0,1,10,0,0,0,0,3.195394806617815,783.2800653477659,3.195394806617815,-1,8,0,1,1804.327025713463,0,0,0,0
1616,29873,245.8883456454296,0,0,0,0,0,0,0,1,0,3.076054638955739,752.7323810145698,3.076054638955739,45.7153456454551,8,1,0,8624.920523018842,0,0,0,0
1617,25211,231.3482140216095,0,0,0,0,0,0,0,1,0,3.137702690042294,769.3233239683148,3.137702690042294,31.17521402150386,8,1,0,60.38797011815443,0,0,0,0
1618,24275,220.3012777109696,0,0,0,0,0,0,0,1,0,3.123660635609454,763.3468458019427,3.123660635609454,20.12827771096999,8,1,0,1630.037442532138,0,0,0,0
1619,29303,243.5146597299943,0,0,0,0,0,0,0,1,0,3.07133205613802,747.9803317302252,3.07133205613802,43.34165972999472,8,1,0,886.3029516225552,0,0,0,0
1620,27384,237.9825766093643,0,0,0,0,0,0,0,1,0,3.0629503741467,746.293574133741,3.0629503741467,37.80957660936745,8,1,0,580.3669271328718,0,0,0,0
1621,30950,252.2552561964647,0,0,0,0,0,0,0,1,0,3.254709504827559,799.7400865694577,3.254709504827559,52.08225619646536,8,1,0,682.6776315448639,0,0,0,0
1622,29896,246.9271355563275,0,0,0,0,0,0,0,1,0,3.301202511135893,810.0281752120617,3.301202511135893,46.75413555632863,8,1,0,4451.53365854145,0,0,0,0
1623,31818,254.4656894391629,0,0,0,0,0,0,0,1,0,3.306405911878995,813.4262714495139,3.306405911878995,54.2926894391612,8,1,0,1600.25306788876,0,0,0,0
1624,25535,229.0951807649356,0,0,0,0,0,0,0,1,0,3.117545798572184,761.6768031767502,3.117545798572184,28.9221807649354,8,1,0,1186.599320182403,0,0,0,0
1625,19262,245.3528080067603,0,0,0,3,18,0,0,0,0,3.168591510284254,773.3881486806147,3.168591510284254,-1,8,0,1,3234.975388154136,0,0,0,0
1626,29669,245.8640604805104,0,0,0,0,0,0,0,1,0,3.235216440054373,793.4878946891434,3.235216440054373,45.69106048050971,8,1,0,162.760066234849,0,0,0,0
1627,27820,235.4816394976258,0,0,0,0,0,0,0,1,0,3.274256015799175,803.720496005486,3.274256015799175,35.30863949762581,8,1,0,1064.248056674021,0,0,0,0
1628,31131,250.8733363236331,0,0,0,0,0,0,0,1,0,3.289542054866424,808.1596757860352,3.289542054866424,50.70033632278093,8,1,0,5308.857799834498,0,0,0,0
1629,26750,234.2283101363981,0,0,0,0,0,0,0,1,0,3.142741637036701,768.4808183498671,3.142741637036701,34.05531013639799,8,1,0,2990.890353297496,0,0,0,0
1630,28034,238.3052034898618,0,0,0,0,0,0,0,1,0,3.297942995982233,808.7570878652641,3.297942995982233,38.13220348986131,8,1,0,218.3326840629101,0,0,0,0
1631,31595,249.9288660794091,0,0,0,0,0,0,0,1,0,3.322381611433891,817.2662448521251,3.322381611433891,49.7558660794091,8,1,0,375.6082502919642,0,0,0,0
1632,26989,235.2875490429337,0,0,0,0,0,0,0,1,0,3.187625742937057,782.5516364215656,3.187625742937057,35.11454904293358,8,1,0,1266.598703760281,0,0,0,0
1633,27644,233.9279419162808,0,0,0,0,0,0,0,1,0,3.121236854869949,761.2505778221537,3.121236854869949,33.75494191628077,8,1,0,478.0607061031122,0,0,0,0
1634,25623,228.0977114280022,0,0,0,0,0,0,0,1,0,3.107484545044907,759.0402282729665,3.107484545044907,27.92471142800089,8,1,0,1591.367937619957,0,0,0,0
1635,30026,246.1727715575996,0,0,0,0,0,0,0,1,0,3.33575738143636,820.1731496651087,3.33575738143636,45.99977155759839,8,1,0,1301.179150771007,0,0,0,0
1636,29208,244.8295175370351,0,0,0,0,0,0,0,1,0,3.171781451034245,775.1368016021978,3.171781451034245,44.65651753703462,8,1,0,4407.455727174374,0,0,0,0
1637,30541,249.8441331501864,0,0,0,0,0,0,0,1,0,3.219695103888037,788.6722949420757,3.219695103888037,49.67113315025421,8,1,0,3338.112152475839,0,0,0,0
1638,23543,216.1913838527669,0,0,0,0,0,0,0,1,0,3.324894820410493,817.6190797896551,3.324894820410493,16.01838385276675,8,1,0,2396.789129755598,0,0,0,0
1639,28602,243.1088565220747,0,0,0,0,0,0,0,1,0,3.245043889739699,793.5412512240886,3.245043889739699,42.93585652207479,8,1,0,820.4949851454367,0,0,0,0
1640,19661,233.6493637123231,0,0,0,4,23,0,0,0,0,3.34118633741001,819.8573822572887,3.34118633741001,-1,8,0,1,74.75129635970653,0,0,0,0
1641,30649,253.5274795211064,0,0,0,0,0,0,0,1,0,3.238570762756181,794.8177100363222,3.238570762756181,53.35447952153408,8,1,0,3053.255296223972,0,0,0,0
1642,25914,228.9159898232598,0,0,0,0,0,0,0,1,0,3.298050799824214,808.5215703574564,3.298050799824214,28.74298982326022,8,1,0,474.0608924309108,0,0,0,0
1643,23592,215.5359165985767,0,0,0,0,0,0,0,1,0,3.320918107465362,814.6040836710276,3.320918107465362,15.36291659857676,8,1,0,160.8524193144239,0,0,0,0
1644,28807,242.3930789810475,0,0,0,0,0,0,0,1,0,3.08823484549923,749.8158771073246,3.08823484549923,42.22007898104754,8,1,0,2270.074657662909,0,0,0,0
1645,28528,236.5383523245847,0,0,0,0,0,0,0,1,0,3.234840410807538,796.0187045828079,3.234840410807538,36.36535232458446,8,1,0,1874.75368123614,0,0,0,0
1646,20067,219.7824718005195,0,0,0,3,17,0,0,0,0,3.370468739014625,827.7048837037852,3.370468739014625,-1,8,0,1,193.4253108124659,0,0,0,0
1647,28678,239.9141061114819,0,0,0,0,0,0,0,1,0,3.280150390675684,806.1565246998622,3.280150390675684,39.74110611148168,8,1,0,1863.518616357758,0,0,0,0
1648,25704,228.3633581215406,0,0,0,0,0,0,0,1,0,3.078816307799565,753.5228487756866,3.078816307799565,28.19035812153999,8,1,0,1151.776615016111,0,0,0,0
1649,19525,244.1011126345741,0,0,0,3,24,0,0,0,0,2.938946966644109,713.0340317136346,2.938946966644109,-1,8,0,1,383.6549629891476,0,0,0,0
1650,27472,233.011167109202,0,0,0,0,0,0,0,1,0,3.27244794588469,803.2048060492637,3.27244794588469,32.83816710920294,8,1,0,1018.146852641258,0,0,0,0
1651,31221,249.7306646390201,0,0,0,0,0,0,0,1,0,3.206823423204873,786.5416125739414,3.206823423204873,49.55766463902017,8,1,0,2231.404687132321,0,0,0,0
1652,29535,245.5097983835275,0,0,0,0,0,0,0,1,0,3.176027388584348,780.5887358140527,3.176027388584348,45.33679838352692,8,1,0,864.4794871071232,0,0,0,0
1653,20102,200.1730000000005,0,0,0,0,0,0,0,0,0,3.249757441769279,798.3661039354691,3.249757441769279,-1,8,1,0,10248.85226208058,0,0,0,0
1654,31836,252.099179012785,0,0,0,0,0,0,0,1,0,3.172810240628613,775.3026827225709,3.172810240628613,51.92617901278459,8,1,0,105.2971194016089,0,0,0,0
1655,21223,228.4382457733978,0,0,0,5,28,0,0,0,0,3.154178876855947,772.3525578756587,3.154178876855947,-1,8,0,1,3012.197788494063,0,0,0,0
1656,25889,227.4861612520351,0,0,0,0,0,0,0,1,0,3.339558973928895,823.0607585827527,3.339558973928895,27.31316125203538,8,1,0,4356.726603538801,0,0,0,0
1657,30584,242.7325838150497,0,0,0,0,0,0,0,1,0,3.271805630471301,806.27514849052,3.271805630471301,42.55958381505009,8,1,0,558.8917830289661,0,0,0,0
1658,25796,232.6381030671181,0,0,0,0,0,0,0,1,0,3.205929010911349,786.1278833991649,3.205929010911349,32.4651030671178,8,1,0,2869.653027386942,0,0,0,0
1659,27487,232.974557336683,0,0,0,0,0,0,0,1,0,3.246179017797749,798.5012841601964,3.246179017797749,32.80155733668325,8,1,0,747.9835078109071,0,0,0,0
1660,28065,240.317812023005,0,0,0,0,0,0,0,1,0,3.222031517743581,791.4761002660005,3.222031517743581,40.14481202301143,8,1,0,2574.119013446551,0,0,0,0
1661,25627,231.465531672471,0,0,0,0,0,0,0,1,0,3.313650390295577,813.3362433661332,3.313650390295577,31.29253167245768,8,1,0,788.3780964793394,0,0,0,0
1662,21825,211.0905482047406,0,0,0,0,0,0,0,1,0,3.225001866215942,789.7223112889631,3.225001866215942,10.91754820474077,8,1,0,2642.144475265604,0,0,0,0
1663,31506,250.980616954571,0,0,0,0,0,0,0,1,0,3.347747999715581,823.3493063475901,3.347747999715581,50.80761695457113,8,1,0,2462.015934931032,0,0,0,0
1664,24139,221.1810328743753,0,0,0,0,0,0,0,1,0,3.073907708015494,751.2667234910225,3.073907708015494,21.00803287437552,8,1,0,306.841160378463,0,0,0,0
1665,29719,245.8867648517205,0,0,0,0,0,0,0,1,0,3.152742506999729,772.6588064514546,3.152742506999729,45.71376485192442,8,1,0,910.8220243536343,0,0,0,0
1666,29630,245.2996473028456,0,0,0,0,0,0,0,1,0,3.158685944766666,774.3037408806771,3.158685944766666,45.12664730284673,8,1,0,704.4253037366599,0,0,0,0
1667,24462,221.3502499912912,0,0,0,0,0,0,0,1,0,3.181055784317726,779.5168281262482,3.181055784317726,21.17724999129055,8,1,0,981.2760275277848,0,0,0,0
1668,19638,221.8584909213905,0,0,0,1,7,0,0,0,0,3.181711015846381,781.5542354023164,3.181711015846381,-1,8,0,1,1294.64394779492,0,0,0,0
1669,27429,240.3670042429006,0,0,0,0,0,0,0,1,0,3.268242071831752,800.6291210570946,3.268242071831752,40.19400424287772,8,1,0,970.0166804082264,0,0,0,0
1670,29206,245.4987118827135,0,0,0,0,0,0,0,1,0,3.287370434236052,807.0103773685191,3.287370434236052,45.32571188271348,8,1,0,440.6266866434905,0,0,0,0
1671,19130,206.4498211450942,0,0,0,2,12,0,0,0,0,3.228488984820633,792.3275617343736,3.228488984820633,-1,8,0,1,1421.073135583738,0,0,0,0
1672,24958,224.2826464843714,0,0,0,0,0,0,0,1,0,3.067218088762105,750.0808040162076,3.067218088762105,24.10964648437102,8,1,0,698.402242257373,0,0,0,0
1673,29218,241.779695991944,0,0,0,0,0,0,0,1,0,3.296576926824884,806.8773063146967,3.296576926824884,41.60669599194434,8,1,0,2447.647440372398,0,0,0,0
1674,29047,243.3109149541182,0,0,0,0,0,0,0,1,0,3.261288234680349,800.5262028244338,3.261288234680349,43.13791495411774,8,1,0,9708.808406697219,0,0,0,0
1675,19928,208.2415428088129,0,0,0,2,16,0,0,0,0,3.359639736611812,826.7342299361575,3.359639736611812,-1,8,0,1,242.625330781881,0,0,0,0
1676,21388,229.9768477645025,0,0,0,3,21,0,0,0,0,3.264608598577972,802.0716925463461,3.264608598577972,-1,8,0,1,2173.953454633226,0,0,0,0
1677,27606,235.8381228696942,0,0,0,0,0,0,0,1,0,3.133151908680125,766.8972646117276,3.133151908680125,35.66512286969451,8,1,0,4673.521505909668,0,0,0,0
1678,23814,216.495044026856,0,0,0,0,0,0,0,1,0,3.140846745259682,770.502238445048,3.140846745259682,16.32204402685581,8,1,0,273.8209865002254,0,0,0,0
1679,26348,232.2558908008131,0,0,0,0,0,0,0,1,0,3.254664224969554,798.8006171246684,3.254664224969554,32.08289080081243,8,1,0,2592.250555764448,0,0,0,0
1680,29002,239.2915172410914,0,0,0,0,0,0,0,1,0,3.200237137705431,784.2265982788882,3.200237137705431,39.11851724109086,8,1,0,1012.610249801785,0,0,0,0
1681,26047,229.2047326355555,0,0,0,0,0,0,0,1,0,3.214174693039336,786.9897946710739,3.214174693039336,29.03173263555501,8,1,0,2631.505296273433,0,0,0,0
1682,29716,243.0069421022322,0,0,0,0,0,0,0,1,0,3.294570173332307,809.9910303085269,3.294570173332307,42.83394210223165,8,1,0,254.2006594627343,0,0,0,0
1683,30688,249.3382543333952,0,0,0,0,0,0,0,1,0,3.185153932981151,779.5021516316822,3.185153932981151,49.16525433339532,8,1,0,153.8549793804347,0,0,0,0
1684,24615,223.1133502425538,0,0,0,0,0,0,0,1,0,3.375083883516421,830.5605600457673,3.375083883516421,22.94035024255324,8,1,0,6979.587660612965,0,0,0,0
1685,30512,248.3192496885326,0,0,0,0,0,0,0,1,0,3.286257908090406,806.2972756832048,3.286257908090406,48.14624968853335,8,1,0,1699.954619128159,0,0,0,0
1686,27075,232.3444182498986,0,0,0,0,0,0,0,1,0,3.189813621344519,781.4619501029262,3.189813621344519,32.17141824989859,8,1,0,4186.120797653132,0,0,0,0
1687,31732,253.0915996126002,0,0,0,0,0,0,0,1,0,3.161001980439343,770.8241102925091,3.161001980439343,52.91859961216404,8,1,0,2753.495782513935,0,0,0,0
1688,19682,222.3535644638751,0,0,0,3,16,0,0,0,0,3.154917379563373,774.6347725258956,3.154917379563373,-1,8,0,1,190.9396131904858,0,0,0,0
1689,25110,223.7450922792949,0,0,0,0,0,0,0,1,0,3.177986598621796,780.0936407898129,3.177986598621796,23.57209227929503,8,1,0,277.6381040096779,0,0,0,0
1690,23368,218.8662754185459,0,0,0,0,0,0,0,1,0,3.145853186239421,771.7632796337269,3.145853186239421,18.69327541854655,8,1,0,3051.014601927752,0,0,0,0
1691,25296,220.9361740233836,0,0,0,0,0,0,0,1,0,3.211978245772038,788.2241088084403,3.211978245772038,20.76317402338316,8,1,0,2867.446152593503,0,0,0,0
1692,31029,251.8589591196771,0,0,0,0,0,0,0,1,0,3.247872201281336,799.6146316738744,3.247872201281336,51.68595911967704,8,1,0,3215.769627932596,0,0,0,0
1693,29368,244.2159315400621,0,0,0,0,0,0,0,1,0,3.169317986307805,774.9423145208855,3.169317986307805,44.04293154006177,8,1,0,609.1578055707314,0,0,0,0
1694,29740,246.8351765241766,0,0,0,0,0,0,0,1,0,3.225349246749004,788.0931747074815,3.225349246749004,46.66217652417635,8,1,0,264.3181576147441,0,0,0,0
1695,31154,251.4064616373851,0,0,0,0,0,0,0,1,0,3.236197540778595,793.4689445649966,3.236197540778595,51.23346163738496,8,1,0,2113.135264235412,0,0,0,0
1696,21308,210.682649509633,0,0,0,1,10,0,0,0,0,3.199595353821785,782.8958120554515,3.199595353821785,-1,8,0,1,2274.095159670354,0,0,0,0
1697,29374,245.1122282406094,0,0,0,0,0,0,0,1,0,3.201492081545904,785.6620102962578,3.201492081545904,44.93922824054037,8,1,0,3763.606892362242,0,0,0,0
1698,26724,233.0569401691994,0,0,0,0,0,0,0,1,0,3.208323684704427,786.676804029864,3.208323684704427,32.88394016919913,8,1,0,1143.266263007159,0,0,0,0
1699,23796,218.4103292966858,0,0,0,0,0,0,0,1,0,3.221614691697736,790.5930214281888,3.221614691697736,18.23732929668627,8,1,0,600.179464754848,0,0,0,0
1700,31093,250.1622119863426,0,0,0,0,0,0,0,1,0,3.02883316115101,741.011096799127,3.02883316115101,49.98921198634233,8,1,0,3102.128909001186,0,0,0,0
1701,26589,231.1811079588951,0,0,0,0,0,0,0,1,0,3.172919740517359,775.3666025568994,3.172919740517359,31.00810795889434,8,1,0,2102.060726015859,0,0,0,0
1702,28773,237.7855204957054,0,0,0,0,0,0,0,1,0,3.274434238539786,804.9608545230446,3.274434238539786,37.61252049570636,8,1,0,2098.787555348405,0,0,0,0
1703,24865,222.6801695817459,0,0,0,0,0,0,0,1,0,3.080538454450683,753.4327525845562,3.080538454450683,22.50716958174632,8,1,0,2002.189495913795,0,0,0,0
1704,19864,201.6163466280181,0,0,0,0,0,0,0,0,0,3.086281068911139,755.930701604303,3.086281068911139,-1,8,0,1,884.5951087363401,0,0,0,0
1705,31153,249.943446655682,0,0,0,0,0,0,0,1,0,3.252191356628135,796.4852844107942,3.252191356628135,49.7704466556662,8,1,0,60.3937281022491,0,0,0,0
1706,31618,253.0713965172011,0,0,0,0,0,0,0,1,0,3.234324550881883,793.8325748297262,3.234324550881883,52.89839651720109,8,1,0,127.6723869652937,0,0,0,0
1707,26754,230.6153209125692,0,0,0,0,0,0,0,1,0,3.320887813648225,820.2893308435929,3.320887813648225,30.4423209125808,8,1,0,429.6520774671159,0,0,0,0
1708,20032,222.2002404828599,0,0,0,1,12,0,0,0,0,3.272009800317279,803.4444380831546,3.272009800317279,-1,8,0,1,561.4432126658382,0,0,0,0
1709,29271,244.4121157202779,0,0,0,0,0,0,0,1,0,3.204148039004253,783.9467739056612,3.204148039004253,44.23911572027849,8,1,0,2161.432360078295,0,0,0,0
1710,30881,250.632327486111,0,0,0,0,0,0,0,1,0,3.228879673423882,789.9703808436019,3.228879673423882,50.45932748611082,8,1,0,4385.172013992917,0,0,0,0
1711,26908,229.6407044178927,0,0,0,0,0,0,0,1,0,3.262174932770966,801.483104685042,3.262174932770966,29.46770441789219,8,1,0,6313.311043860609,0,0,0,0
1712,31300,252.373246138034,0,0,0,0,0,0,0,1,0,3.226455900774169,788.7909024537284,3.226455900774169,52.20024613803506,8,1,0,482.8654904063271,0,0,0,0
1713,25742,227.7091304013664,0,0,0,0,0,0,0,1,0,3.184115552266642,780.6985389971364,3.184115552266642,27.53613040136582,8,1,0,4353.561774159038,0,0,0,0
1714,26558,229.5555707656845,0,0,0,0,0,0,0,1,0,3.116005845888095,762.8454295770222,3.116005845888095,29.38257076568499,8,1,0,2887.270294938473,0,0,0,0
1715,30792,250.7359133124702,0,0,0,0,0,0,0,1,0,3.349228148654654,823.3856049535565,3.349228148654654,50.56291331247101,8,1,0,373.1088863133664,0,0,0,0
1716,25768,225.4397126119224,0,0,0,0,0,0,0,1,0,3.306934540266767,813.8098681223412,3.306934540266767,25.26671261192261,8,1,0,656.1169952357287,0,0,0,0
1717,31458,253.6696019273669,0,0,0,0,0,0,0,1,0,3.319951891213403,815.8680367465628,3.319951891213403,53.49660192736709,8,1,0,6136.789737125846,0,0,0,0
1718,28728,243.3012151925496,0,0,0,0,0,0,0,1,0,3.2686695008281,802.4221038905341,3.2686695008281,43.12821519254993,8,1,0,35.51932973207462,0,0,0,0
1719,22105,210.4587279872217,0,0,0,0,0,0,0,1,0,3.264227339012209,802.9543811125816,3.264227339012209,10.2857279872216,8,1,0,1769.14745944266,0,0,0,0
1720,27419,237.5973752542849,0,0,0,0,0,0,0,1,0,3.244639880143468,796.6674916711388,3.244639880143468,37.4243752541364,8,1,0,1020.999026421905,0,0,0,0
1721,24190,220.5159171384215,0,0,0,0,0,0,0,1,0,3.228794922408784,791.3689959550356,3.228794922408784,20.34291713842215,8,1,0,3247.304309277754,0,0,0,0
1722,30658,249.0925262128414,0,0,0,0,0,0,0,1,0,3.096042357297557,758.0544872651677,3.096042357297557,48.91952621303577,8,1,0,256.6519950954442,0,0,0,0
1723,19616,203.069906643519,0,0,0,1,2,0,0,0,0,3.1709887316963,772.7012981867273,3.1709887316963,-1,8,0,1,1315.053630682607,0,0,0,0
1724,23437,214.6063688643082,0,0,0,0,0,0,0,1,0,3.298398049414138,811.9565247255317,3.298398049414138,14.43336886430858,8,1,0,239.3643849596995,0,0,0,0
1725,27860,234.8578001331794,0,0,0,0,0,0,0,1,0,3.323130638077464,816.4927539279132,3.323130638077464,34.68480013317869,8,1,0,4208.433175137595,0,0,0,0
1726,21030,214.4163654473259,0,0,0,2,15,0,0,0,0,3.23325193025864,793.2265358463716,3.23325193025864,-1,8,0,1,425.9494223381498,0,0,0,0
1727,21518,209.8248437373399,0,0,0,0,0,0,0,1,0,3.219920479968361,790.6281028040041,3.219920479968361,9.65184373733986,8,1,0,1946.492683659889,0,0,0,0
1728,30984,249.7191467125204,0,0,0,0,0,0,0,1,0,3.15172315501744,770.197656795635,3.15172315501744,49.5461467125204,8,1,0,9439.664327588,0,0,0,0
1729,26831,234.7241178429582,0,0,0,0,0,0,0,1,0,3.068907405183639,752.7398526195943,3.068907405183639,34.55111784295764,8,1,0,4082.647981232968,0,0,0,0
1730,30812,250.1731242034063,0,0,0,0,0,0,0,1,0,3.297312913783053,809.5482767244631,3.297312913783053,50.00012420340649,8,1,0,1292.005693178832,0,0,0,0
1731,27313,234.1820408717753,0,0,0,0,0,0,0,1,0,3.333794183470387,819.6908585744224,3.333794183470387,34.00904087177477,8,1,0,1731.839561964511,0,0,0,0
1732,23054,212.9849352137078,0,0,0,0,0,0,0,1,0,3.199144488732403,785.607499214954,3.199144488732403,12.81193521370797,8,1,0,1028.840500338248,0,0,0,0
1733,28345,240.0359787859801,0,0,0,0,0,0,0,1,0,3.127577612371482,764.6011244744966,3.127577612371482,39.86297878598006,8,1,0,162.8471982524763,0,0,0,0
1734,23349,215.3629007154497,0,0,0,0,0,0,0,1,0,3.287962380866177,809.5319083261076,3.287962380866177,15.18990071544986,8,1,0,4172.821702656909,0,0,0,0
1735,24672,220.6264378831836,0,0,0,0,0,0,0,1,0,3.295545942327545,809.0956149769121,3.295545942327545,20.45343788318335,8,1,0,160.2158298740054,0,0,0,0
1736,29363,245.0733121325583,0,0,0,0,0,0,0,1,0,3.212086767328159,788.4580402054544,3.212086767328159,44.90031213255797,8,1,0,1383.261113581939,0,0,0,0
1737,25960,231.3805805814542,0,0,0,0,0,0,0,1,0,3.09641125345463,757.0135503466497,3.09641125345463,31.20758058145417,8,1,0,749.3344932967126,0,0,0,0
1738,30176,249.0831511158236,0,0,0,0,0,0,0,1,0,3.253572859570182,798.485205994773,3.253572859570182,48.9101511158228,8,1,0,2016.785563625403,0,0,0,0
1739,28227,243.4509082872238,0,0,0,0,0,0,0,1,0,3.136562273691926,766.9227230847526,3.136562273691926,43.27790828722318,8,1,0,303.1827811271795,0,0,0,0
1740,19663,202.9651186325237,0,0,0,1,8,0,0,0,0,3.240680075901615,795.6519413474991,3.240680075901615,-1,8,0,1,850.6614356877757,0,0,0,0
1741,27630,240.1209720614394,0,0,0,0,0,0,0,1,0,3.289959234255635,807.8651082014674,3.289959234255635,39.94797206143842,8,1,0,781.8662521666084,0,0,0,0
1742,27044,235.2909352322797,0,0,0,0,0,0,0,1,0,3.195007913283816,782.9710932956991,3.195007913283816,35.11793523233859,8,1,0,1784.561075106114,0,0,0,0
1743,19863,202.356685718643,0,0,0,1,6,0,0,0,0,3.202455709983781,787.2868404991425,3.202455709983781,-1,8,0,1,8998.615523800674,0,0,0,0
1744,28160,234.9301267550141,0,0,0,0,0,0,0,1,0,3.234932098909984,793.5525832616518,3.234932098909984,34.75712675501458,8,1,0,3718.230948326583,0,0,0,0
1745,29286,240.7486940251067,0,0,0,0,0,0,0,1,0,3.34627495089671,823.0646058425378,3.34627495089671,40.57569402510605,8,1,0,6089.4258060749,0,0,0,0
1746,26411,232.6395958081839,0,0,0,0,0,0,0,1,0,3.296021180740595,808.750613678355,3.296021180740595,32.46659580818287,8,1,0,1220.57327789477,0,0,0,0
1747,26943,232.8500153402492,0,0,0,0,0,0,0,1,0,3.205261413482709,784.9339418944572,3.205261413482709,32.67701534024943,8,1,0,276.1380671478094,0,0,0,0
1748,30249,245.9862482079278,0,0,0,0,0,0,0,1,0,3.176577945594944,781.7670824668456,3.176577945594944,45.81324820792776,8,1,0,1194.882229816591,0,0,0,0
1749,28924,242.6115069830187,0,0,0,0,0,0,0,1,0,3.134669645259306,765.2359005684303,3.134669645259306,42.4385069830243,8,1,0,680.048086441397,0,0,0,0
1750,24935,223.8183092072675,0,0,0,0,0,0,0,1,0,3.29343125163326,807.8076525335761,3.29343125163326,23.64530920726729,8,1,0,3657.320062533232,0,0,0,0
1751,29891,250.543323756283,0,0,0,0,0,0,0,1,0,3.000582463765044,732.3336205585222,3.000582463765044,50.37032375628376,8,1,0,1934.747418917297,0,0,0,0
1752,19626,220.4228692176494,0,0,0,1,12,0,0,0,0,3.309485307030408,811.8587858058625,3.309485307030408,-1,8,0,1,659.6622281174781,0,0,0,0
1753,29217,243.7436928572351,0,0,0,0,0,0,0,1,0,3.351716162906931,825.9753085644066,3.351716162906931,43.57069285723421,8,1,0,531.3473460986764,0,0,0,0
1754,19931,202.9817203673586,0,0,0,0,0,0,0,0,0,3.211222151296958,786.4607724741505,3.211222151296958,-1,8,0,1,5640.817005921433,0,0,0,0
1755,19839,202.1389010687284,0,0,0,0,0,0,0,0,0,3.131572444136999,765.4921310901591,3.131572444136999,-1,8,0,1,1184.732363044686,0,0,0,0
1756,23165,215.665421284634,0,0,0,0,0,0,0,1,0,3.263537731630089,800.7365335886809,3.263537731630089,15.49242128463394,8,1,0,650.8337023433447,0,0,0,0
1757,19513,237.997793832922,0,0,0,2,19,0,0,0,0,3.232522536584034,793.5226443742062,3.232522536584034,-1,8,0,1,410.5267508316118,0,0,0,0
1758,19801,201.889917439772,0,0,0,0,0,0,0,0,0,3.188336257509525,783.215671740019,3.188336257509525,-1,8,0,1,2455.167720544302,0,0,0,0
1759,30411,244.4508534274632,0,0,0,0,0,0,0,1,0,3.255929399453899,800.886446218752,3.255929399453899,44.2778534274632,8,1,0,919.3222383686673,0,0,0,0
1760,20588,231.6701129355201,0,0,0,1,9,0,0,0,0,3.334155564951419,820.4550710323878,3.334155564951419,-1,8,0,1,818.5652285838235,0,0,0,0
1761,28477,239.3845243993098,0,0,0,0,0,0,0,1,0,3.305991983649877,811.6505965296786,3.305991983649877,39.21152439930911,8,1,0,1652.751877033624,0,0,0,0
1762,28484,236.3779732717186,0,0,0,0,0,0,0,1,0,3.34307744331836,820.7625485921562,3.34307744331836,36.20497327171859,8,1,0,1138.320448079317,0,0,0,0
1763,29265,240.8959601548073,0,0,0,0,0,0,0,1,0,3.24916770705976,798.4897948188244,3.24916770705976,40.72296015480705,8,1,0,1436.095185065605,0,0,0,0
1764,19602,216.7520046719391,0,0,0,3,34,0,0,0,0,3.238767801383228,794.6679248079666,3.238767801383228,-1,8,0,1,3177.556122779778,0,0,0,0
1765,26718,231.5957002935855,0,0,0,0,0,0,0,1,0,3.316141876356465,815.5318844893892,3.316141876356465,31.42270029358564,8,1,0,1086.418721202635,0,0,0,0
1766,31441,250.1591565529026,0,0,0,0,0,0,0,1,0,3.176454942968374,778.6746667802327,3.176454942968374,49.98615655290226,8,1,0,951.7721631213985,0,0,0,0
1767,23132,215.5478901580011,0,0,0,0,0,0,0,1,0,3.246503900154632,796.9468715409591,3.246503900154632,15.37489015800137,8,1,0,982.9738537633347,0,0,0,0
1768,25579,224.6700132168155,0,0,0,0,0,0,0,1,0,3.254034513891114,799.3805662902047,3.254034513891114,24.49701321681545,8,1,0,1041.704390945004,0,0,0,0
1769,29638,248.5329213642279,0,0,0,0,0,0,0,1,0,3.233434827601727,790.9977108093294,3.233434827601727,48.35992136422495,8,1,0,865.166794401837,0,0,0,0
1770,28014,233.3925110682052,0,0,0,0,0,0,0,1,0,3.157435193325721,772.7580779289591,3.157435193325721,33.21951106822667,8,1,0,1420.707833513553,0,0,0,0
1771,31254,250.4871025940651,0,0,0,0,0,0,0,1,0,3.18982563864992,782.984208698205,3.18982563864992,50.31410259406553,8,1,0,2079.7666805623,0,0,0,0
1772,19989,217.8722913491741,0,0,0,1,8,0,0,0,0,3.259783542037125,797.5928711459367,3.259783542037125,-1,8,0,1,226.8344022478951,0,0,0,0
1773,28265,236.061350024948,0,0,0,0,0,0,0,1,0,3.143815263021197,769.7895904068216,3.143815263021197,35.88835002494763,8,1,0,633.5670817473325,0,0,0,0
1774,23029,217.7136232867445,0,0,0,0,0,0,0,1,0,3.237494448804306,793.1904043764828,3.237494448804306,17.54062328674519,8,1,0,373.9603205928971,0,0,0,0
1775,28086,239.9243773579922,0,0,0,0,0,0,0,1,0,3.164308479820881,775.3280814071467,3.164308479820881,39.75137735799192,8,1,0,48.02395608790411,0,0,0,0
1776,29807,247.7607761548242,0,0,0,0,0,0,0,1,0,3.178790738952117,777.3925033886735,3.178790738952117,47.58777615482433,8,1,0,1638.746134112984,0,0,0,0
1777,28796,237.5676752163101,0,0,0,0,0,0,0,1,0,3.28090786130383,804.1775215621301,3.28090786130383,37.39467521631047,8,1,0,920.0972298085635,0,0,0,0
1778,29387,243.2624748256773,0,0,0,0,0,0,0,1,0,3.267083524266732,801.4968114005828,3.267083524266732,43.08947482567705,8,1,0,1464.829922102494,0,0,0,0
1779,27114,236.5238032301564,0,0,0,0,0,0,0,1,0,3.228253978586906,790.2371099062857,3.228253978586906,36.35080323015603,8,1,0,577.8848230267124,0,0,0,0
1780,25271,225.3904554112231,0,0,0,0,0,0,0,1,0,3.249521102743497,796.2293321926483,3.249521102743497,25.21745541122322,8,1,0,272.2195565253493,0,0,0,0
1781,26634,229.1490705192184,0,0,0,0,0,0,0,1,0,3.203870329669151,785.9418146841515,3.203870329669151,28.97607051921896,8,1,0,1395.480897814714,0,0,0,0
1782,29427,246.6195451900007,0,0,0,0,0,0,0,1,0,3.343050133519421,817.3744249418497,3.343050133519421,46.44654519000082,8,1,0,1502.117371252504,0,0,0,0
1783,30982,246.2588813453152,0,0,0,0,0,0,0,1,0,3.365637304155768,828.4943846100059,3.365637304155768,46.08588134531502,8,1,0,3877.788664801115,0,0,0,0
1784,19699,201.6430187588603,0,0,0,1,7,0,0,0,0,3.136530467363156,766.993200235683,3.136530467363156,-1,8,0,1,226.4197092387397,0,0,0,0
1785,29866,244.1432539680544,0,0,0,0,0,0,0,1,0,3.298344064861324,811.1641279590541,3.298344064861324,43.97025396805527,8,1,0,416.1034557535473,0,0,0,0
1786,26975,233.2631095834249,0,0,0,0,0,0,0,1,0,3.222290552637457,791.6651471107043,3.222290552637457,33.09010958384115,8,1,0,1738.398035308442,0,0,0,0
1787,30130,251.9405664737447,0,0,0,0,0,0,0,1,0,3.123816332045042,764.9767259301386,3.123816332045042,51.76756647374493,8,1,0,4772.95473295937,0,0,0,0
1788,27343,235.8941076299286,0,0,0,0,0,0,0,1,0,3.202062102892173,784.5613959505866,3.202062102892173,35.72110762992877,8,1,0,2538.547343498321,0,0,0,0
1789,25557,227.7357049270718,0,0,0,0,0,0,0,1,0,3.28578748592866,807.0270839462349,3.28578748592866,27.56270492707079,8,1,0,3155.481688716005,0,0,0,0
1790,31419,252.9676428934091,0,0,0,0,0,0,0,1,0,3.272010632018229,803.9448335529756,3.272010632018229,52.79464289340869,8,1,0,4769.987495329599,0,0,0,0
1791,29574,246.1267038879058,0,0,0,0,0,0,0,1,0,3.229886248512784,791.3728306570938,3.229886248512784,45.9537038879054,8,1,0,1602.664354347964,0,0,0,0
1792,28858,242.8974586268844,0,0,0,0,0,0,0,1,0,3.140266650332141,766.8344184935273,3.140266650332141,42.72445862688429,8,1,0,1583.345866312673,0,0,0,0
1793,29444,246.8454378743407,0,0,0,0,0,0,0,1,0,3.30119441398581,811.5407598032998,3.30119441398581,46.67243787498437,8,1,0,899.7214319594425,0,0,0,0
1794,28526,242.698137825678,0,0,0,0,0,0,0,1,0,3.377678221006925,829.9085367990066,3.377678221006925,42.5251378256778,8,1,0,205.3838898101057,0,0,0,0
1795,27494,236.4336018046759,0,0,0,0,0,0,0,1,0,3.147770049958002,768.5374639091499,3.147770049958002,36.26060180467544,8,1,0,3017.35029128778,0,0,0,0
1796,27747,237.136118489013,0,0,0,0,0,0,0,1,0,3.176913522326757,777.5928683946778,3.176913522326757,36.96311848901369,8,1,0,898.2076964796809,0,0,0,0
1797,27965,233.2220064288454,0,0,0,0,0,0,0,1,0,3.243140078533157,795.647823343703,3.243140078533157,33.04900642884579,8,1,0,365.7293334112026,0,0,0,0
1798,24032,216.172222163972,0,0,0,0,0,0,0,1,0,3.077044973893523,751.4847144457362,3.077044973893523,15.99922216397194,8,1,0,491.4163782718942,0,0,0,0
1799,26785,232.8127567783134,0,0,0,0,0,0,0,1,0,3.146500299955848,770.5161150978727,3.146500299955848,32.63975677831338,8,1,0,234.9072773716035,0,0,0,0
1800,24826,221.5611054913741,0,0,0,0,0,0,0,1,0,3.128616010789298,763.950929062176,3.128616010789298,21.38810549137365,8,1,0,3707.478046791115,0,0,0,0
1801,26731,231.0650116342178,0,0,0,0,0,0,0,1,0,3.083127674268023,756.4444349202205,3.083127674268023,30.89201163421764,8,1,0,371.1778995175951,0,0,0,0
1802,29197,242.2581163276164,0,0,0,0,0,0,0,1,0,3.333598452030411,819.5514814002144,3.333598452030411,42.08511632761605,8,1,0,804.8694888397915,0,0,0,0
1803,31526,249.4003049491425,0,0,0,0,0,0,0,1,0,3.328414619725346,818.2292110527122,3.328414619725346,49.22730494914228,8,1,0,150.2604044705276,0,0,0,0
1804,26466,228.9084773466087,0,0,0,0,0,0,0,1,0,3.382312164825474,830.5898324849919,3.382312164825474,28.73547734660821,8,1,0,653.7324620106634,0,0,0,0
1805,30588,249.802616393531,0,0,0,0,0,0,0,1,0,3.180733931678333,780.3604084478272,3.180733931678333,49.62961639353072,8,1,0,2393.174133509729,0,0,0,0
1806,26299,228.8623352661404,0,0,0,0,0,0,0,1,0,3.301010141152118,809.6076275531237,3.301010141152118,28.68933526614055,8,1,0,1659.579347679489,0,0,0,0
1807,26118,229.6142913346753,0,0,0,0,0,0,0,1,0,3.316021963716557,816.1534765435313,3.316021963716557,29.44129133467552,8,1,0,188.0742818796606,0,0,0,0
1808,26808,229.5006289384818,0,0,0,0,0,0,0,1,0,3.230044587060357,791.0327838660567,3.230044587060357,29.32762893848204,8,1,0,3146.836029045033,0,0,0,0
1809,31270,250.728580076348,0,0,0,0,0,0,0,1,0,3.224529125706007,791.455284976961,3.224529125706007,50.55558007698257,8,1,0,331.6713135192369,0,0,0,0
1810,27425,236.8772709916297,0,0,0,0,0,0,0,1,0,3.156133220609646,770.9906872706932,3.156133220609646,36.70427099163008,8,1,0,1699.203479803109,0,0,0,0
1811,30090,243.1965022088296,0,0,0,0,0,0,0,1,0,3.23255136788873,790.4693568879929,3.23255136788873,43.02350220882915,8,1,0,1073.186024148821,0,0,0,0
1812,29957,244.0734886062172,0,0,0,0,0,0,0,1,0,3.316336977237004,813.3849693171046,3.316336977237004,43.90048860621746,8,1,0,3220.950087564165,0,0,0,0
1813,29692,249.2520253214185,0,0,0,0,0,0,0,1,0,3.090910431362706,756.6257294837827,3.090910431362706,49.07902532141849,8,1,0,4449.610043128178,0,0,0,0
1814,29164,243.6337888684845,0,0,0,0,0,0,0,1,0,3.325001970028558,814.7070246580433,3.325001970028558,43.46078886848474,8,1,0,381.0993708880152,0,0,0,0
1815,24741,221.5437414495214,0,0,0,0,0,0,0,1,0,3.305962624537082,812.2224327749401,3.305962624537082,21.37074144952139,8,1,0,13.77332821458966,0,0,0,0
1816,28100,237.2899068990163,0,0,0,0,0,0,0,1,0,3.180924762346787,778.920611849374,3.180924762346787,37.11690689901664,8,1,0,3403.91760216388,0,0,0,0
1817,26246,228.8437835571169,0,0,0,0,0,0,0,1,0,3.156268143997524,771.0602561664825,3.156268143997524,28.67078355711647,8,1,0,5751.153481725497,0,0,0,0
1818,28745,244.0407664764637,0,0,0,0,0,0,0,1,0,3.190122064039126,781.1990478684438,3.190122064039126,43.86776647645363,8,1,0,15.66924669338462,0,0,0,0
1819,20038,232.9687858222676,0,0,0,3,23,0,0,0,0,3.268451219300228,804.5084063218663,3.268451219300228,-1,8,0,1,2724.201235525439,0,0,0,0
1820,26508,230.0001052859982,0,0,0,0,0,0,0,1,0,3.285742402251291,807.1227470555827,3.285742402251291,29.82710528599799,8,1,0,2560.749500643732,0,0,0,0
1821,23341,218.4845005427467,0,0,0,0,0,0,0,1,0,3.019302851952331,735.3461306631949,3.019302851952331,18.31150054274694,8,1,0,840.0553615325493,0,0,0,0
1822,28638,242.5686453197877,0,0,0,0,0,0,0,1,0,3.242829771604592,793.9573881058858,3.242829771604592,42.39564531978784,8,1,0,687.960291008887,0,0,0,0
1823,20408,209.3706373337033,0,0,0,1,7,0,0,0,0,3.197210457929183,782.5585982040224,3.197210457929183,-1,8,0,1,3842.873865599768,0,0,0,0
1824,26040,228.6240204300392,0,0,0,0,0,0,0,1,0,3.229388059934946,793.322545550296,3.229388059934946,28.45102043003966,8,1,0,3951.339552467504,0,0,0,0
1825,24910,224.6008069174697,0,0,0,0,0,0,0,1,0,3.265706266563663,802.6566851369383,3.265706266563663,24.42780691746939,8,1,0,571.8809826420577,0,0,0,0
1826,23530,216.8942840333313,0,0,0,0,0,0,0,1,0,3.254367681120196,796.544316553484,3.254367681120196,16.72128403333132,8,1,0,195.9654129366812,0,0,0,0
1827,20307,213.2562847022974,0,0,0,1,9,0,0,0,0,3.297092757291082,809.2315241847814,3.297092757291082,-1,8,0,1,1062.848623383693,0,0,0,0
1828,30856,251.6356597534484,0,0,0,0,0,0,0,1,0,3.232257121496391,792.947438896514,3.232257121496391,51.4626597534473,8,1,0,89.55253221958625,0,0,0,0
1829,25586,225.906713630388,0,0,0,0,0,0,0,1,0,3.174350584514668,777.2603976313585,3.174350584514668,25.73371363038809,8,1,0,2670.266647670976,0,0,0,0
1830,30380,248.8808712708565,0,0,0,0,0,0,0,1,0,3.243508536222524,796.4921064622312,3.243508536222524,48.70787127085497,8,1,0,3263.829529674173,0,0,0,0
1831,29959,245.3513055264229,0,0,0,0,0,0,0,1,0,3.169582918725912,776.9523304972515,3.169582918725912,45.17830552640461,8,1,0,165.130900823137,0,0,0,0
1832,26573,230.9229028127837,0,0,0,0,0,0,0,1,0,3.19963121187468,785.2693173167062,3.19963121187468,30.74990281278355,8,1,0,9043.184996385304,0,0,0,0
1833,28840,241.8149441342796,0,0,0,0,0,0,0,1,0,3.221733339207773,789.8861081028539,3.221733339207773,41.64194413428028,8,1,0,593.3959501150349,0,0,0,0
1834,24448,220.6248310990095,0,0,0,0,0,0,0,1,0,3.167518018509679,775.9859147994409,3.167518018509679,20.45183109901008,8,1,0,399.2596398682148,0,0,0,0
1835,22742,216.3764097982426,0,0,0,0,0,0,0,1,0,3.179958633825092,779.9668124150792,3.179958633825092,16.20340979824175,8,1,0,3349.096226824416,0,0,0,0
1836,20626,218.1213180699084,0,0,0,2,20,0,0,0,0,3.241351836239482,795.9540463198061,3.241351836239482,-1,8,0,1,1107.091398164196,0,0,0,0
1837,25370,225.6560327499415,0,0,0,0,0,0,0,1,0,3.199406579392002,782.6225843364983,3.199406579392002,25.48303274994165,8,1,0,1041.34744211203,0,0,0,0
1838,30117,250.179859287135,0,0,0,0,0,0,0,1,0,3.215409837970534,790.4498355499745,3.215409837970534,50.00685928713344,8,1,0,1297.39088023193,0,0,0,0
1839,29327,242.938695466337,0,0,0,0,0,0,0,1,0,3.303109193948861,811.8610057085373,3.303109193948861,42.7656954663362,8,1,0,1587.025153617189,0,0,0,0
1840,25421,224.4793946729879,0,0,0,0,0,0,0,1,0,3.06718576891083,751.2252650149985,3.06718576891083,24.30639467298732,8,1,0,2586.346065497457,0,0,0,0
1841,31196,254.2667397585349,0,0,0,0,0,0,0,1,0,3.308291253874526,814.2053246596233,3.308291253874526,54.09373975853422,8,1,0,276.8775515257559,0,0,0,0
1842,19575,212.7425357775871,0,0,0,3,31,0,0,0,0,3.308965918914351,812.9667536412584,3.308965918914351,-1,8,0,1,1044.443731960313,0,0,0,0
1843,27061,234.0518353355397,0,0,0,0,0,0,0,1,0,3.173775787109081,779.1204388938114,3.173775787109081,33.87883533553974,8,1,0,1626.86964096674,0,0,0,0
1844,28389,240.3158173386378,0,0,0,0,0,0,0,1,0,3.074302162705164,750.5378653448277,3.074302162705164,40.14281733863727,8,1,0,704.341192602031,0,0,0,0
1845,29357,247.1788679083387,0,0,0,0,0,0,0,1,0,3.3379512142177,820.4602403248068,3.3379512142177,47.00586790833896,8,1,0,111.3179450173547,0,0,0,0
1846,28559,238.4615139684791,0,0,0,0,0,0,0,1,0,3.304407198827874,810.0741934643036,3.304407198827874,38.28851396847891,8,1,0,1030.194508768916,0,0,0,0
1847,22717,216.5940326197012,0,0,0,0,0,0,0,1,0,3.029189918699083,736.852328507267,3.029189918699083,16.42103261970136,8,1,0,5027.246892959439,0,0,0,0
1848,30992,249.0494968871287,0,0,0,0,0,0,0,1,0,3.223252518298705,793.6308253816516,3.223252518298705,48.87649688712847,8,1,0,2229.429035038197,0,0,0,0
1849,27857,236.6582346862259,0,0,0,0,0,0,0,1,0,3.262466660951322,799.3335599719792,3.262466660951322,36.48523468622506,8,1,0,8211.597815694999,0,0,0,0
1850,19058,202.9132245391876,0,0,0,1,7,0,0,0,0,3.138560078829351,766.8794669388527,3.138560078829351,-1,8,0,1,1421.532724851035,0,0,0,0
1851,19663,217.3059027525289,0,0,0,2,21,0,0,0,0,3.212551660931817,784.8527405067987,3.212551660931817,-1,8,0,1,2537.22370297201,0,0,0,0
1852,20294,251.720739502856,0,0,0,3,26,0,0,0,0,3.256061450103636,800.0289461694438,3.256061450103636,-1,8,0,1,1686.930371000765,0,0,0,0
1853,29608,245.8473998335355,0,0,0,0,0,0,0,1,0,3.192200276301436,780.7271407451723,3.192200276301436,45.67439983353536,8,1,0,2798.95785213072,0,0,0,0
1854,29261,240.3914192846637,0,0,0,0,0,0,0,1,0,3.214365661177081,790.6940291853218,3.214365661177081,40.21841928466331,8,1,0,1578.830346909005,0,0,0,0
1855,26430,229.9039078922542,0,0,0,0,0,0,0,1,0,3.332406704883105,821.9080959185094,3.332406704883105,29.73090789225966,8,1,0,978.4868607572412,0,0,0,0
1856,20784,250.472275351807,0,0,0,2,7,0,0,0,0,3.151805915932905,769.2690240220746,3.151805915932905,-1,8,0,1,6770.031592099834,0,0,0,0
1857,30430,246.4622867431135,0,0,0,0,0,0,0,1,0,3.172570440832509,776.8453136456628,3.172570440832509,46.28928674311324,8,1,0,56.41124039406705,0,0,0,0
1858,19772,203.3956917978892,0,0,0,1,7,0,0,0,0,3.271552319397865,802.7595009003634,3.271552319397865,-1,8,0,1,191.439008740359,0,0,0,0
1859,19087,215.4460019096995,0,0,0,1,8,0,0,0,0,3.155459286302627,771.349806604372,3.155459286302627,-1,8,0,1,4605.36440998257,0,0,0,0
1860,27087,231.5936034813785,0,0,0,0,0,0,0,1,0,3.323301321595306,815.0838582340781,3.323301321595306,31.42060348137849,8,1,0,1934.02268603386,0,0,0,0
1861,30795,251.0674864667203,0,0,0,0,0,0,0,1,0,3.265259407259834,801.6263853787121,3.265259407259834,50.89448646672012,8,1,0,100.7277498668786,0,0,0,0
1862,20142,244.3505816528701,0,0,0,2,14,0,0,0,0,3.310931082078143,812.9981240595725,3.310931082078143,-1,8,0,1,3341.720257615904,0,0,0,0
1863,29554,243.9543989686595,0,0,0,0,0,0,0,1,0,3.169711179056605,778.5813160597911,3.169711179056605,43.78139896865952,8,1,0,9913.698373038305,0,0,0,0
1864,26465,231.0675296581327,0,0,0,0,0,0,0,1,0,3.319872693120276,812.7802606521062,3.319872693120276,30.89452965813272,8,1,0,2414.815716950731,0,0,0,0
1865,30002,249.2180150568948,0,0,0,0,0,0,0,1,0,3.2545569159868,797.8361839076584,3.2545569159868,49.04501505689444,8,1,0,3226.667815889622,0,0,0,0
1866,32364,253.9236126316582,0,0,0,0,0,0,0,1,0,3.290173719666725,807.7665851833133,3.290173719666725,53.75061263165836,8,1,0,1261.504771413113,0,0,0,0
1867,29715,243.9694661327265,0,0,0,0,0,0,0,1,0,3.257006873422049,799.122125502043,3.257006873422049,43.79646613272692,8,1,0,3630.138139629166,0,0,0,0
1868,26497,226.382520727101,0,0,0,0,0,0,0,1,0,3.305255049735326,816.0727581216897,3.305255049735326,26.20952072710103,8,1,0,2038.978040937916,0,0,0,0
1869,30309,249.8731516048536,0,0,0,0,0,0,0,1,0,3.144221876617193,767.5667803404713,3.144221876617193,49.70015160482088,8,1,0,1797.584406031516,0,0,0,0
1870,31276,248.9385821534072,0,0,0,0,0,0,0,1,0,3.268072785274129,803.9931223069422,3.268072785274129,48.76558215340667,8,1,0,965.682136440312,0,0,0,0
1871,30929,249.5010040301568,0,0,0,0,0,0,0,1,0,3.305831603921817,811.4012518359912,3.305831603921817,49.32800403015651,8,1,0,784.5822344372024,0,0,0,0
1872,25144,229.3808124894223,0,0,0,0,0,0,0,1,0,3.180999177113705,777.9529007240138,3.180999177113705,29.20781248942302,8,1,0,1957.349300107766,0,0,0,0
1873,20542,222.1657018858028,0,0,0,3,19,0,0,0,0,3.275897311040942,804.1696314424621,3.275897311040942,-1,8,0,1,1786.87401655604,0,0,0,0
1874,29675,248.5967244281463,0,0,0,0,0,0,0,1,0,3.268005930807422,802.0029332836989,3.268005930807422,48.42372442814749,8,1,0,3666.516093661244,0,0,0,0
1875,27333,235.5836193269288,0,0,0,0,0,0,0,1,0,3.213411933793007,787.6906173967149,3.213411933793007,35.41061932692934,8,1,0,3646.25023459696,0,0,0,0
1876,28283,239.1205882971319,0,0,0,0,0,0,0,1,0,3.090335898934665,754.682579071876,3.090335898934665,38.9475882971326,8,1,0,101.1956267475259,0,0,0,0
1877,19811,200.1729999999996,0,0,0,0,0,0,0,0,0,3.270603274906704,803.6747379625207,3.270603274906704,-1,8,0,1,11277.27143294657,0,0,0,0
1878,30718,246.9709818770232,0,0,0,0,0,0,0,1,0,3.246589048841212,796.5156634589844,3.246589048841212,46.7979818770234,8,1,0,154.1930493857383,0,0,0,0
1879,31471,252.5875684079356,0,0,0,0,0,0,0,1,0,3.356776351215986,823.9020693422153,3.356776351215986,52.41456840793433,8,1,0,1591.06732647612,0,0,0,0
1880,25182,225.02997964576,0,0,0,0,0,0,0,1,0,3.176037993893556,776.5832514068197,3.176037993893556,24.85697964575957,8,1,0,1351.178528915283,0,0,0,0
1881,27008,233.2551893945618,0,0,0,0,0,0,0,1,0,3.218992967349267,788.679204665886,3.218992967349267,33.08218939456162,8,1,0,1508.16183261528,0,0,0,0
1882,19405,213.3931884096982,0,0,0,3,26,0,0,0,0,3.268047907990473,803.4513223345083,3.268047907990473,-1,8,0,1,1547.974723617868,0,0,0,0
1883,19014,201.9521426602348,0,0,0,0,0,0,0,0,0,3.200017035392142,781.5032160566197,3.200017035392142,-1,8,0,1,5786.683646867628,0,0,0,0
1884,31787,253.3484860121924,0,0,0,0,0,0,0,1,0,3.043241664343141,742.7911124807412,3.043241664343141,53.17548601219175,8,1,0,2941.683837878783,0,0,0,0
1885,29039,240.8379503805093,0,0,0,0,0,0,0,1,0,3.08837603147568,755.1801764045524,3.08837603147568,40.66495038051006,8,1,0,3427.27448622155,0,0,0,0
1886,24206,217.0979723265253,0,0,0,0,0,0,0,1,0,3.257863497840119,802.0309107857623,3.257863497840119,16.92497232652509,8,1,0,454.1957061667036,0,0,0,0
1887,31092,252.6691187567246,0,0,0,0,0,0,0,1,0,3.218868490760548,788.6563835880928,3.218868490760548,52.49611875672458,8,1,0,3315.954715112887,0,0,0,0
1888,28783,243.8091369562748,0,0,0,0,0,0,0,1,0,3.259507365544945,800.2733989255087,3.259507365544945,43.63613695627469,8,1,0,2070.161570325601,0,0,0,0
1889,30396,245.8050571795483,0,0,0,0,0,0,0,1,0,3.18486046613585,779.2192128535079,3.18486046613585,45.63205717954826,8,1,0,1529.23558378914,0,0,0,0
1890,27754,231.7095935317373,0,0,0,0,0,0,0,1,0,3.236547259481247,794.1589723674264,3.236547259481247,31.53659353173724,8,1,0,1068.22082421964,0,0,0,0
1891,29962,242.4895982372986,0,0,0,0,0,0,0,1,0,3.307939817974007,812.9226870209712,3.307939817974007,42.31659823729865,8,1,0,7818.49697947442,0,0,0,0
1892,30470,247.716884155697,0,0,0,0,0,0,0,1,0,3.253950396710892,801.0791151185074,3.253950396710892,47.54388415569808,8,1,0,726.1079994856706,0,0,0,0
1893,24839,224.1277383015049,0,0,0,0,0,0,0,1,0,3.125920671145194,763.9305218129879,3.125920671145194,23.95473830150423,8,1,0,2199.248543753512,0,0,0,0
1894,26103,230.0034565278528,0,0,0,0,0,0,0,1,0,3.287532835280848,807.7909949399145,3.287532835280848,29.83045652785258,8,1,0,43.92875561099683,0,0,0,0
1895,30615,246.4644656279838,0,0,0,0,0,0,0,1,0,3.219732996694498,791.5168488589143,3.219732996694498,46.29146562798393,8,1,0,2380.34857388374,0,0,0,0
1896,28830,239.0565591740181,0,0,0,0,0,0,0,1,0,3.213861107795908,786.9667721374227,3.213861107795908,38.8835591740181,8,1,0,840.3228780394076,0,0,0,0
1897,22121,225.1732392925801,0,0,0,1,14,0,0,0,0,3.280819990912604,804.8073806719982,3.280819990912604,-1,8,0,1,336.4871015756037,0,0,0,0
1898,30783,252.7676911268138,0,0,0,0,0,0,0,1,0,3.165128304925307,777.1013648799767,3.165128304925307,52.59469112711145,8,1,0,1293.826108860482,0,0,0,0
1899,26871,231.4101491679903,0,0,0,0,0,0,0,1,0,3.134392481605779,765.9499039373121,3.134392481605779,31.23714916799015,8,1,0,692.369165307006,0,0,0,0
1900,30886,249.9505806842581,0,0,0,0,0,0,0,1,0,3.133311810458948,765.3634708478121,3.133311810458948,49.77758068425894,8,1,0,1274.73237550023,0,0,0,0
1901,27855,236.246064844475,0,0,0,0,0,0,0,1,0,3.292312035918088,808.0509090359914,3.292312035918088,36.07306484447572,8,1,0,300.7584803486432,0,0,0,0
1902,26630,231.5343259069388,0,0,0,0,0,0,0,1,0,3.140179829827978,765.7136610188005,3.140179829827978,31.36132590693824,8,1,0,1509.962648211001,0,0,0,0
1903,29960,247.5315055392547,0,0,0,0,0,0,0,1,0,3.122751092334684,765.1204104829887,3.122751092334684,47.35850553925436,8,1,0,4752.937905957127,0,0,0,0
1904,19891,208.8841522330017,0,0,0,3,20,0,0,0,0,3.206120041938035,784.5981249885128,3.206120041938035,-1,8,0,1,1166.026400046228,0,0,0,0
1905,24556,223.4651078005883,0,0,0,0,0,0,0,1,0,3.176622772236818,777.7066436997452,3.176622772236818,23.29210780058799,8,1,0,3146.936941444214,0,0,0,0
1906,19325,210.222836312621,0,0,0,2,22,0,0,0,0,3.156391397398825,772.4734554306365,3.156391397398825,-1,8,0,1,959.2978988576173,0,0,0,0
1907,20442,204.9322365294511,0,0,0,0,0,0,0,1,0,3.20496707847566,787.7039064897028,3.20496707847566,4.759236529450762,8,1,0,4598.580477740067,0,0,0,0
1908,27839,237.5419535017224,0,0,0,0,0,0,0,1,0,3.146206943879976,768.1482914237517,3.146206943879976,37.36895350172175,8,1,0,226.3031497567254,0,0,0,0
1909,30529,253.4577966914929,0,0,0,0,0,0,0,1,0,3.125045785600906,761.6947806726102,3.125045785600906,53.2847966914934,8,1,0,1698.972930761367,0,0,0,0
1910,24944,226.5553678618813,0,0,0,0,0,0,0,1,0,3.156631053031314,773.0429502833731,3.156631053031314,26.3823678618814,8,1,0,35.64358376857008,0,0,0,0
1911,26966,233.027678979974,0,0,0,0,0,0,0,1,0,3.296786297743648,809.5324781362843,3.296786297743648,32.85467897997418,8,1,0,2359.37178543752,0,0,0,0
1912,27383,234.8157393083128,0,0,0,0,0,0,0,1,0,3.23600014836965,794.6218636790949,3.23600014836965,34.64273930831285,8,1,0,20.52409852616246,0,0,0,0
1913,31050,246.6287104641572,0,0,0,0,0,0,0,1,0,3.310571684842941,815.0653147632109,3.310571684842941,46.45571046415706,8,1,0,6518.646534028099,0,0,0,0
1914,30859,252.5924096896919,0,0,0,0,0,0,0,1,0,3.141680920363879,769.9450086111756,3.141680920363879,52.41940968969201,8,1,0,956.4350752463865,0,0,0,0
1915,24911,223.1374126822787,0,0,0,0,0,0,0,1,0,3.331073785331354,822.6791148036098,3.331073785331354,22.9644126822794,8,1,0,802.0776739380577,0,0,0,0
1916,31048,251.4027713044141,0,0,0,0,0,0,0,1,0,3.29268849044922,810.0519120450879,3.29268849044922,51.22977130441358,8,1,0,3201.630648048664,0,0,0,0
1917,28730,240.6656504279902,0,0,0,0,0,0,0,1,0,3.212991395561065,786.6362036411709,3.212991395561065,40.49265042799003,8,1,0,2308.654070533543,0,0,0,0
1918,27851,239.5460674330932,0,0,0,0,0,0,0,1,0,3.202893092200436,783.4791581581254,3.202893092200436,39.37306743309306,8,1,0,564.2395832808025,0,0,0,0
1919,27374,235.3130573625719,0,0,0,0,0,0,0,1,0,3.234648971127983,794.4187522871022,3.234648971127983,35.14005736257234,8,1,0,1233.602972396984,0,0,0,0
1920,26211,229.4676028261469,0,0,0,0,0,0,0,1,0,3.326872573138524,816.9244653402276,3.326872573138524,29.29460282614719,8,1,0,2261.873485308656,0,0,0,0
1921,20307,206.9780726505566,0,0,0,2,10,0,0,0,0,3.285304148924651,806.3040890240286,3.285304148924651,-1,8,0,1,1756.66460143522,0,0,0,0
1922,21389,208.1526452629504,0,0,0,0,0,0,0,1,0,3.185419637293629,780.3932148475457,3.185419637293629,7.979645262950321,8,1,0,785.903465310262,0,0,0,0
1923,31380,249.7751256931434,0,0,0,0,0,0,0,1,0,3.200686891869478,784.0180769127757,3.200686891869478,49.60212569314367,8,1,0,5780.848907156935,0,0,0,0
1924,30255,244.7567162960929,0,0,0,0,0,0,0,1,0,3.131957447692516,769.1548954148366,3.131957447692516,44.58371629609326,8,1,0,2957.305590994944,0,0,0,0
1925,29437,245.826129938155,0,0,0,0,0,0,0,1,0,3.12629198315301,763.3148280062945,3.12629198315301,45.65312993815355,8,1,0,1234.657400387725,0,0,0,0
1926,19810,207.0383767343616,0,0,0,1,8,0,0,0,0,3.216896583804411,787.9721578814863,3.216896583804411,-1,8,0,1,3600.783951260786,0,0,0,0
1927,20736,247.5405719659962,0,0,0,1,10,0,0,0,0,3.257474452860755,800.9397914985021,3.257474452860755,-1,8,0,1,5055.744082420565,0,0,0,0
1928,29164,240.7317872737565,0,0,0,0,0,0,0,1,0,3.337622885455481,820.6417981877906,3.337622885455481,40.55878727375632,8,1,0,1177.211991700676,0,0,0,0
1929,27633,234.6512917322181,0,0,0,0,0,0,0,1,0,3.289800187706475,808.8824657213963,3.289800187706475,34.4782917322186,8,1,0,705.7105612597292,0,0,0,0
1930,29567,240.7727312148726,0,0,0,0,0,0,0,1,0,3.24456569382612,796.9642294321447,3.24456569382612,40.59973121484163,8,1,0,1636.037684213958,0,0,0,0
1931,29077,242.9910275669536,0,0,0,0,0,0,0,1,0,3.217000519226606,790.8267507777724,3.217000519226606,42.81802756695376,8,1,0,314.1950292537025,0,0,0,0
1932,26978,235.1847106650327,0,0,0,0,0,0,0,1,0,3.161117501052626,775.9965735540762,3.161117501052626,35.01171066503272,8,1,0,1883.275731914822,0,0,0,0
1933,19547,204.3164496298012,0,0,0,1,7,0,0,0,0,3.267167572264212,801.500315953076,3.267167572264212,-1,8,0,1,537.2178762540478,0,0,0,0
1934,28190,234.9530188211243,0,0,0,0,0,0,0,1,0,3.146737471081994,772.1833665311044,3.146737471081994,34.7800188211234,8,1,0,2443.886380066037,0,0,0,0
1935,28692,243.965704766765,0,0,0,0,0,0,0,1,0,3.302702767615918,811.9304937905979,3.302702767615918,43.7927047667622,8,1,0,2992.695810540726,0,0,0,0
1936,26207,227.4600074128856,0,0,0,0,0,0,0,1,0,3.258079325631948,800.0490759096108,3.258079325631948,27.28700741288533,8,1,0,905.4112191138255,0,0,0,0
1937,19780,202.7857878752011,0,0,0,0,0,0,0,0,0,3.322735059728057,815.7531047870236,3.322735059728057,-1,8,0,1,2045.54272715852,0,0,0,0
1938,19257,201.5375509575659,0,0,0,0,0,0,0,0,0,3.105156229563742,757.643878655942,3.105156229563742,-1,8,0,1,342.6926324966279,0,0,0,0
1939,21171,216.9197836339823,0,0,0,1,5,0,0,0,0,3.235380270781916,792.5780539027618,3.235380270781916,-1,8,0,1,3327.722449075348,0,0,0,0
1940,20217,212.9006803326396,0,0,0,2,21,0,0,0,0,3.203228758425717,784.9361629126212,3.203228758425717,-1,8,0,1,984.998007813862,0,0,0,0
1941,28387,237.2410435188254,0,0,0,0,0,0,0,1,0,3.338016173854264,820.6496945107164,3.338016173854264,37.06804351882617,8,1,0,408.1959181306012,0,0,0,0
1942,26230,231.819005080048,0,0,0,0,0,0,0,1,0,3.157380015692429,772.4600333741375,3.157380015692429,31.64600508004811,8,1,0,5255.052652853917,0,0,0,0
1943,30014,247.7327517863484,0,0,0,0,0,0,0,1,0,3.257622346740681,800.3856086877843,3.257622346740681,47.55975178634751,8,1,0,125.3313161786872,0,0,0,0
1944,25935,233.234664357,0,0,0,0,0,0,0,1,0,3.08907546033329,756.0857089699591,3.08907546033329,33.06166435699939,8,1,0,5162.163544324626,0,0,0,0
1945,21938,235.6191685108271,0,0,0,4,28,0,0,0,0,3.16361999248467,777.0693595711504,3.16361999248467,-1,8,0,1,1304.297516037751,0,0,0,0
1946,27830,237.2549899429729,0,0,0,0,0,0,0,1,0,3.118907929086753,760.9863242807728,3.118907929086753,37.08198994297227,8,1,0,8007.264416454348,0,0,0,0
1947,20349,209.8537373692602,0,0,0,2,12,0,0,0,0,3.27340717562532,805.0622091503766,3.27340717562532,-1,8,0,1,2236.992921699272,0,0,0,0
1948,30753,248.4730721106665,0,0,0,0,0,0,0,1,0,3.230917195960334,791.900918426101,3.230917195960334,48.30007211066638,8,1,0,482.7930375210794,0,0,0,0
1949,27726,233.1022185718404,0,0,0,0,0,0,0,1,0,3.264990953898191,802.2329889555543,3.264990953898191,32.92921857184087,8,1,0,3597.51321519057,0,0,0,0
1950,30338,247.7853934767602,0,0,0,0,0,0,0,1,0,3.249138789112162,796.9492011680038,3.249138789112162,47.61239347676018,8,1,0,1308.780499257374,0,0,0,0
1951,23332,218.7226595417856,0,0,0,0,0,0,0,1,0,3.256395681188711,796.2903137401775,3.256395681188711,18.54965954178542,8,1,0,2751.840990553108,0,0,0,0
1952,25902,224.750577794944,0,0,0,0,0,0,0,1,0,3.281065884087119,806.7443513900949,3.281065884087119,24.57757779494338,8,1,0,4.843419064088778,0,0,0,0
1953,30723,245.6730447672381,0,0,0,0,0,0,0,1,0,3.295816189906474,809.274629086363,3.295816189906474,45.50004476723721,8,1,0,3029.672077948114,0,0,0,0
1954,20624,218.8062207246032,0,0,0,1,10,0,0,0,0,3.220913614175466,786.3674676725223,3.220913614175466,-1,8,0,1,435.682726337001,0,0,0,0
1955,27398,240.5841384843076,0,0,0,0,0,0,0,1,0,3.195772675880337,784.3647382977337,3.195772675880337,40.41113848430812,8,1,0,1033.369133497457,0,0,0,0
1956,29395,243.7298839198436,0,0,0,0,0,0,0,1,0,3.169714304683267,775.7655034809712,3.169714304683267,43.55688391984395,8,1,0,2856.538319431183,0,0,0,0
1957,21100,234.1754125018578,0,0,0,3,15,0,0,0,0,3.277318247960557,809.5991233704605,3.277318247960557,-1,8,0,1,3555.013595422902,0,0,0,0
1958,28603,238.1786178331325,0,0,0,0,0,0,0,1,0,3.37706082022914,831.8232937347665,3.37706082022914,38.0056178331319,8,1,0,402.8158928990181,0,0,0,0
1959,27839,233.5491988043028,0,0,0,0,0,0,0,1,0,3.263271810819835,801.5730362835715,3.263271810819835,33.37619880430325,8,1,0,1986.962030305542,0,0,0,0
1960,19186,201.7104002806458,0,0,0,1,5,0,0,0,0,3.2237353747552,792.4545405127558,3.2237353747552,-1,8,0,1,1631.724939794338,0,0,0,0
1961,27485,238.3775759109936,0,0,0,0,0,0,0,1,0,3.267857338855789,800.8683067333372,3.267857338855789,38.20457591099296,8,1,0,1370.30546771302,0,0,0,0
1962,22482,213.2444766483957,0,0,0,0,0,0,0,1,0,3.303998421590742,809.4534131101799,3.303998421590742,13.07147664839606,8,1,0,205.0816018914581,0,0,0,0
1963,25688,228.3962889040367,0,0,0,0,0,0,0,1,0,3.292487662197967,807.374563017586,3.292487662197967,28.2232889040361,8,1,0,816.0381959512345,0,0,0,0
1964,28543,238.8142304559856,0,0,0,0,0,0,0,1,0,3.359154056076842,824.5619961846946,3.359154056076842,38.6412304559857,8,1,0,635.8148926677492,0,0,0,0
1965,26010,228.829837125516,0,0,0,0,0,0,0,1,0,3.284621975050246,809.0809367833688,3.284621975050246,28.65683712551687,8,1,0,1277.241538558328,0,0,0,0
1966,30969,252.6553767627311,0,0,0,0,0,0,0,1,0,3.161513304714151,774.7723405030169,3.161513304714151,52.48237676273139,8,1,0,2698.117425565771,0,0,0,0
1967,25427,227.3430230748349,0,0,0,0,0,0,0,1,0,3.233656305088471,794.6823641222802,3.233656305088471,27.17002307483392,8,1,0,3236.23403501676,0,0,0,0
1968,29734,247.5216092145605,0,0,0,0,0,0,0,1,0,3.208380471441755,786.1890898251085,3.208380471441755,47.34860921456081,8,1,0,160.2828247809888,0,0,0,0
1969,25712,230.0846013808486,0,0,0,0,0,0,0,1,0,3.110856147413837,759.4102211470906,3.110856147413837,29.91160138084827,8,1,0,729.2005362709366,0,0,0,0
1970,29096,243.9462363297504,0,0,0,0,0,0,0,1,0,3.24015674819,794.4568630799171,3.24015674819,43.77323632975081,8,1,0,107.2276018192024,0,0,0,0
1971,31035,250.7621120457136,0,0,0,0,0,0,0,1,0,3.187715062606578,782.5267131051353,3.187715062606578,50.58911204571343,8,1,0,1027.850650918667,0,0,0,0
1972,19589,201.3963497447701,0,0,0,1,8,0,0,0,0,3.10634116651023,759.5142165001945,3.10634116651023,-1,8,0,1,738.9479137192961,0,0,0,0
1973,22356,212.6749759460153,0,0,0,0,0,0,0,1,0,3.277113223802286,803.2354677397361,3.277113223802286,12.5019759460153,8,1,0,4106.308697929629,0,0,0,0
1974,19585,200.9160730551191,0,0,0,1,5,0,0,0,0,3.178298425434911,781.6366204513605,3.178298425434911,-1,8,0,1,17.65427331947784,0,0,0,0
1975,28768,240.2013088306389,0,0,0,0,0,0,0,1,0,3.272646388058964,804.0477288177683,3.272646388058964,40.02830883063803,8,1,0,200.7783142827931,0,0,0,0
1976,22804,215.039014825111,0,0,0,0,0,0,0,1,0,3.174705381803502,781.3510318912931,3.174705381803502,14.86601482511075,8,1,0,2676.212774586824,0,0,0,0
1977,19466,207.7339825145357,0,0,0,1,9,0,0,0,0,3.226924725709893,789.3879649033638,3.226924725709893,-1,8,0,1,432.43852757001,0,0,0,0
1978,20577,226.0919449004077,0,0,0,3,24,0,0,0,0,3.180291076179737,780.8117805186101,3.180291076179737,-1,8,0,1,7555.777198551691,0,0,0,0
1979,26680,232.0694986845572,0,0,0,0,0,0,0,1,0,3.268721686666982,802.6085140039515,3.268721686666982,31.89649868455769,8,1,0,4630.068316722617,0,0,0,0
1980,29234,245.5176933924762,0,0,0,0,0,0,0,1,0,3.221246121483762,790.2672619776102,3.221246121483762,45.34469339247687,8,1,0,84.374707718463,0,0,0,0
1981,25738,226.9038999543561,0,0,0,0,0,0,0,1,0,3.217138596096772,790.2354379061685,3.217138596096772,26.7308999543556,8,1,0,59.61893425947541,0,0,0,0
1982,20416,216.0859937079728,0,0,0,3,13,0,0,0,0,3.138426756424907,770.1141409470587,3.138426756424907,-1,8,0,1,1261.801372002717,0,0,0,0
1983,25402,224.1494409170816,0,0,0,0,0,0,0,1,0,3.175888579685589,778.149460462584,3.175888579685589,23.97644091708112,8,1,0,962.4711668494086,0,0,0,0
1984,19309,242.6488081132841,0,0,0,4,25,0,0,0,0,3.163799413752971,774.9451628664567,3.163799413752971,-1,8,0,1,4460.080412992285,0,0,0,0
1985,19841,209.0847841218586,0,0,0,1,12,0,0,0,0,3.182682892955808,779.6309585143342,3.182682892955808,-1,8,0,1,4688.370887354497,0,0,0,0
1986,29575,245.0901115361411,0,0,0,0,0,0,0,1,0,3.271269697928977,802.023280958332,3.271269697928977,44.91711153614074,8,1,0,490.7185760673808,0,0,0,0
1987,29280,245.4573893676042,0,0,0,0,0,0,0,1,0,3.101469090209417,755.5913395395621,3.101469090209417,45.28438936760421,8,1,0,249.2754169876355,0,0,0,0
1988,30886,247.8828501750011,0,0,0,0,0,0,0,1,0,3.32204497270117,817.3147673753872,3.32204497270117,47.70985017500053,8,1,0,2348.541178369942,0,0,0,0
1989,24695,221.3620230252928,0,0,0,0,0,0,0,1,0,3.183985483757301,779.8801707343106,3.183985483757301,21.18902302529327,8,1,0,5174.236707304918,0,0,0,0
1990,29723,247.5939652157875,0,0,0,0,0,0,0,1,0,3.201134366722488,787.207283906989,3.201134366722488,47.42096521578795,8,1,0,14.23121344894685,0,0,0,0
1991,31101,248.8846485790989,0,0,0,0,0,0,0,1,0,3.268298150393335,801.3510536640264,3.268298150393335,48.71164857909867,8,1,0,878.8614643785253,0,0,0,0
1992,26808,229.1589378826312,0,0,0,0,0,0,0,1,0,3.159298846773823,772.1742402726982,3.159298846773823,28.98593788263147,8,1,0,96.07285073137975,0,0,0,0
1993,25521,232.2654665729129,0,0,0,0,0,0,0,1,0,3.035329807698097,733.9407783448719,3.035329807698097,32.09246657291283,8,1,0,16.11967415664852,0,0,0,0
1994,30472,244.8264874089399,0,0,0,0,0,0,0,1,0,3.089744993550357,754.0894044957065,3.089744993550357,44.65348740894025,8,1,0,168.0651569759629,0,0,0,0
1995,30266,248.2358548504251,0,0,0,0,0,0,0,1,0,3.176737545633503,776.2019196443864,3.176737545633503,48.06285485042876,8,1,0,2195.424654597824,0,0,0,0
1996,26394,230.7008743734614,0,0,0,0,0,0,0,1,0,3.182226090939485,779.0564217712995,3.182226090939485,30.52787437346107,8,1,0,5072.416082980051,0,0,0,0
1997,21157,236.0484240020145,0,0,0,3,25,0,0,0,0,3.179218854437462,779.8957100072258,3.179218854437462,-1,8,0,1,3537.357833006609,0,0,0,0
1998,24317,220.6961796326021,0,0,0,0,0,0,0,1,0,3.136572839634593,767.240818323211,3.136572839634593,20.52317963260189,8,1,0,193.6767071178089,0,0,0,0
1999,20370,211.9251496596551,0,0,0,1,6,0,0,0,0,3.209434311970341,785.9547945460408,3.209434311970341,-1,8,0,1,2737.238365988248,0,0,0,0
