event,photons,edep_MeV,gamma_nuclear,electron_nuclear,muon_nuclear,neutrons,protons,charged_pions,secondary_muons,primary_decay_e,primary_nuclear,primary_death_ns,primary_range_mm,primary_stop_ns,primary_decay_e_ke_MeV,target_z,endpoint_decay,endpoint_capture,endpoint_time_ns,pion_captures,pion_hydrogen,pion_pi0,pion_hard_gamma
0,19785,233.1509595427254,0,0,0,2,14,0,0,0,0,3.100885592729857,761.5698328105498,3.100885592729857,-1,8,0,1,1270.32784332811,0,0,0,0
1,26694,232.9038447088025,0,0,0,0,0,0,0,1,0,3.229125451726875,791.6698883637212,3.229125451726875,32.90109470880191,1,1,0,1089.472979022838,0,0,0,0
2,21011,204.0969402056182,0,0,0,0,0,0,0,1,0,3.23796490618467,795.3759235287603,3.23796490618467,4.094190205618626,1,1,0,158.6285844314687,0,0,0,0
3,24488,226.8934000646489,0,0,0,0,0,0,0,1,0,3.150539909745929,771.119927333082,3.150539909745929,26.72040006464887,8,1,0,715.9762635957179,0,0,0,0
4,26181,232.2692942962088,0,0,0,0,0,0,0,1,0,3.323549521589469,818.0451047109278,3.323549521589469,32.09629429620813,8,1,0,1549.646956921328,0,0,0,0
5,20143,228.2503162281876,0,0,0,2,17,0,0,0,0,3.193500815043423,782.0002971973065,3.193500815043423,-1,8,0,1,695.6784179224402,0,0,0,0
6,28224,237.4878038714282,0,0,0,0,0,0,0,1,0,3.119561525823775,762.6473813201709,3.119561525823775,37.48505387142756,1,1,0,1977.252294903059,0,0,0,0
7,25675,228.1317044924865,0,0,0,0,0,0,0,1,0,3.265929548135646,802.6405322369304,3.265929548135646,27.95870449248588,8,1,0,1623.884233257572,0,0,0,0
8,27379,237.1842058811376,0,0,0,0,0,0,0,1,0,3.071323356353989,751.7457950153746,3.071323356353989,37.18145588113709,1,1,0,1434.961073619565,0,0,0,0
9,22529,213.8779131375379,0,0,0,1,9,0,0,0,0,3.386756193507655,833.860175504611,3.386756193507655,-1,8,0,1,2708.578942112127,0,0,0,0
10,30798,251.3890994803158,0,0,0,0,0,0,0,1,0,3.298405991056445,809.272588402823,3.298405991056445,51.21609948030981,8,1,0,655.4317597124189,0,0,0,0
11,27284,233.093439741499,0,0,0,0,0,0,0,1,0,3.295956165604802,809.2741787420317,3.295956165604802,33.09068974149933,1,1,0,1083.632057282374,0,0,0,0
12,31556,251.4319285123828,0,0,0,0,0,0,0,1,0,3.240342940768536,797.2510870302772,3.240342940768536,51.25892851238171,8,1,0,1928.603304995779,0,0,0,0
13,20806,220.5485063202039,0,0,0,1,8,0,0,0,0,3.427389212223482,846.6538199883836,3.427389212223482,-1,8,0,1,3280.520201122503,0,0,0,0
14,28336,236.8221844688375,0,0,0,0,0,0,0,1,0,3.130905719966298,765.9386756703026,3.130905719966298,36.64918446883773,8,1,0,217.6392873426899,0,0,0,0
15,21924,206.90291188084,0,0,0,0,0,0,0,1,0,3.219644335420399,788.0435021141255,3.219644335420399,6.900161880840911,1,1,0,3351.27172606379,0,0,0,0
16,19875,242.0597122707071,0,0,0,3,24,0,0,0,0,3.203459823171697,785.0837667383437,3.203459823171697,-1,8,0,1,3264.504428686628,0,0,0,0
17,29565,246.4999157032232,0,0,0,0,0,0,0,1,0,3.280216274770781,804.8515896751009,3.280216274770781,46.32691570322309,8,1,0,586.4940257206101,0,0,0,0
18,19626,216.2012796863055,0,0,0,1,7,0,0,0,0,3.278419287518723,803.8709864940018,3.278419287518723,-1,8,0,1,323.0203516244275,0,0,0,0
19,19227,206.8026651159471,0,0,0,1,6,0,0,0,0,3.163569038291566,772.7433637872874,3.163569038291566,-1,8,0,1,100.6844887450745,0,0,0,0
20,29611,245.9847672848933,0,0,0,0,0,0,0,1,0,3.065073518633401,749.5913625743451,3.065073518633401,45.98201728489311,1,1,0,1031.683932774984,0,0,0,0
21,28464,236.9663345255127,0,0,0,0,0,0,0,1,0,3.266647993777251,800.9670660450473,3.266647993777251,36.79333452551332,8,1,0,394.7233897092885,0,0,0,0
22,22845,213.789661647928,0,0,0,0,0,0,0,1,0,3.298329102044623,809.7570275233533,3.298329102044623,13.61666164792783,8,1,0,2044.275873012773,0,0,0,0
23,30215,247.0055998074834,0,0,0,0,0,0,0,1,0,3.294193122223789,807.4497709373462,3.294193122223789,47.00284980748336,1,1,0,5445.499947728652,0,0,0,0
24,31214,252.520821629469,0,0,0,0,0,0,0,1,0,3.157916368052275,773.3419168725342,3.157916368052275,52.34782162947085,8,1,0,4284.345573044538,0,0,0,0
25,28821,238.9009341187076,0,0,0,0,0,0,0,1,0,3.196174577967907,783.6507304010576,3.196174577967907,38.72793411870787,8,1,0,1004.937937193086,0,0,0,0
26,29523,245.9698244641772,0,0,0,0,0,0,0,1,0,3.254026447862718,796.76422184277,3.254026447862718,45.9670744640708,1,1,0,168.5758489435465,0,0,0,0
27,20070,211.4696257570727,0,0,0,1,6,0,0,0,0,3.260411435339815,798.67080495535,3.260411435339815,-1,8,0,1,1605.804693410714,0,0,0,0
28,28009,241.5512729017837,0,0,0,0,0,0,0,1,0,3.25204886812599,797.5042349594493,3.25204886812599,41.5485229017837,1,1,0,2088.997801686321,0,0,0,0
29,19793,200.1729999999999,0,0,0,0,0,0,0,0,0,3.333706781158202,818.3996356994954,3.333706781158202,-1,8,1,0,11552.67739966973,0,0,0,0
30,28570,241.7175706073445,0,0,0,0,0,0,0,1,0,3.164947326073323,771.5426427703459,3.164947326073323,41.54457060735479,8,1,0,2248.512856850557,0,0,0,0
31,26147,230.9598852078837,0,0,0,0,0,0,0,1,0,3.225332062530453,789.7285647428729,3.225332062530453,30.95713520788325,1,1,0,1344.245786588088,0,0,0,0
32,29471,244.6104125471632,0,0,0,0,0,0,0,1,0,3.210385034389535,787.294700475019,3.210385034389535,44.43741254716352,8,1,0,3144.434971195921,0,0,0,0
33,26231,227.9401025537311,0,0,0,0,0,0,0,1,0,3.336538280447289,820.8276781618666,3.336538280447289,27.93735255373101,1,1,0,1014.420701801486,0,0,0,0
34,27789,241.7144009451742,0,0,0,0,0,0,0,1,0,3.213470282786529,788.5058470377627,3.213470282786529,41.71165094517522,1,1,0,3015.067357851836,0,0,0,0
35,29990,249.203084135375,0,0,0,0,0,0,0,1,0,3.335852479345118,820.2653328135632,3.335852479345118,49.20033413537566,1,1,0,1749.708508539943,0,0,0,0
36,27293,232.9706463152534,0,0,0,0,0,0,0,1,0,3.296365803745448,808.7952560947815,3.296365803745448,32.96789631525311,1,1,0,122.027194276982,0,0,0,0
37,24507,220.1341773591163,0,0,0,0,0,0,0,1,0,3.092338266735642,755.519820864066,3.092338266735642,19.96117735911686,8,1,0,338.6013986005331,0,0,0,0
38,26339,231.2035780471467,0,0,0,0,0,0,0,1,0,3.235556621364971,792.733430724221,3.235556621364971,31.03057804714604,8,1,0,2134.31857782868,0,0,0,0
39,29568,245.1222265931751,0,0,0,0,0,0,0,1,0,3.211413647055242,787.9082464839378,3.211413647055242,45.11947659317517,1,1,0,1284.247871653936,0,0,0,0
40,28996,243.1262705919756,0,0,0,0,0,0,0,1,0,3.260303195412776,800.1987314689479,3.260303195412776,42.95327059197592,8,1,0,5608.875307694921,0,0,0,0
41,25877,224.4527861093469,0,0,0,0,0,0,0,1,0,3.217048550973645,788.2094368010715,3.217048550973645,24.27978610934677,8,1,0,986.8077869537576,0,0,0,0
42,29485,241.2360767733481,0,0,0,0,0,0,0,1,0,3.066598639106714,747.8689982512828,3.066598639106714,41.06307677334802,8,1,0,1202.444525184419,0,0,0,0
43,24796,221.0837952078232,0,0,0,0,0,0,0,1,0,3.223184955457986,789.3811327999562,3.223184955457986,20.91079520782278,8,1,0,1152.938718911325,0,0,0,0
44,27331,232.7841001040233,0,0,0,0,0,0,0,1,0,3.314437818436482,812.8490799616511,3.314437818436482,32.7813501040231,1,1,0,9433.577475451624,0,0,0,0
45,28936,240.5590475918838,0,0,0,0,0,0,0,1,0,3.225281475663429,790.8649659917577,3.225281475663429,40.38604759188279,8,1,0,2476.101730148615,0,0,0,0
46,28072,238.7393682081252,0,0,0,0,0,0,0,1,0,3.196803804806263,782.7239526017461,3.196803804806263,38.7366182081248,1,1,0,1185.469574592237,0,0,0,0
47,27147,234.2338400590077,0,0,0,0,0,0,0,1,0,3.121168141883714,766.0780674572743,3.121168141883714,34.06084005900674,8,1,0,640.3109614597948,0,0,0,0
48,28513,240.1166072920414,0,0,0,0,0,0,0,1,0,3.149189923406497,772.8008063626253,3.149189923406497,39.9436072920227,8,1,0,291.2370070759326,0,0,0,0
49,30441,240.7210405526654,0,0,0,0,0,0,0,1,0,3.253070169458785,798.1677764182408,3.253070169458785,40.71829055266464,1,1,0,3987.72072714695,0,0,0,0
50,23075,215.4290954279175,0,0,0,0,0,0,0,1,0,3.10955047021645,760.0417042665366,3.10955047021645,15.25609542791681,8,1,0,986.0852741657386,0,0,0,0
51,20542,227.001811514291,0,0,0,2,23,0,0,0,0,3.208122412793442,785.6491313891206,3.208122412793442,-1,8,0,1,293.6789807819901,0,0,0,0
52,20835,205.7534889688163,0,0,0,0,0,0,0,1,0,3.223041113491544,788.9611332158205,3.223041113491544,5.580488968816637,8,1,0,2370.502060716111,0,0,0,0
53,30660,248.735295799322,0,0,0,0,0,0,0,1,0,3.166789120184074,775.175512247838,3.166789120184074,48.73254579932204,1,1,0,1897.228234137089,0,0,0,0
54,30737,249.9724564763933,0,0,0,0,0,0,0,1,0,3.229337542526424,793.3897260949047,3.229337542526424,49.79945647639314,8,1,0,556.51703135535,0,0,0,0
55,28815,239.1184952911758,0,0,0,0,0,0,0,1,0,3.332482113836276,819.9478265445765,3.332482113836276,38.94549529117552,8,1,0,5614.273843082469,0,0,0,0
56,28727,238.1387481331016,0,0,0,0,0,0,0,1,0,3.070948955178554,747.7096954816923,3.070948955178554,37.96574813310135,8,1,0,3033.223659058898,0,0,0,0
57,27473,233.9748241814737,0,0,0,0,0,0,0,1,0,3.240738591318585,796.752541075617,3.240738591318585,33.97207418147342,1,1,0,4892.605595170601,0,0,0,0
58,31572,250.02772162726,0,0,0,0,0,0,0,1,0,3.219248946026032,788.433880985114,3.219248946026032,49.85472162726036,8,1,0,251.2023957776798,0,0,0,0
59,25455,230.112399071826,0,0,0,0,0,0,0,1,0,3.243289868256328,794.2657652235883,3.243289868256328,29.93939907182541,8,1,0,9.773852730099108,0,0,0,0
60,29864,247.8194372027591,0,0,0,0,0,0,0,1,0,3.29150081847274,808.9064237021939,3.29150081847274,47.81668720275919,1,1,0,3503.541135634428,0,0,0,0
61,29728,245.1956021600155,0,0,0,0,0,0,0,1,0,3.233263530479582,792.5263095448394,3.233263530479582,45.02260215971118,8,1,0,1876.097419248211,0,0,0,0
62,26827,231.905683377976,0,0,0,0,0,0,0,1,0,3.281757130871937,808.8409036315048,3.281757130871937,31.90293337797615,1,1,0,1787.447116776376,0,0,0,0
63,28409,239.6441960547313,0,0,0,0,0,0,0,1,0,3.271754456605863,805.6379444464344,3.271754456605863,39.47119605546768,8,1,0,1999.893116451609,0,0,0,0
64,29740,248.0235362766655,0,0,0,0,0,0,0,1,0,3.215327933007318,788.4092990687808,3.215327933007318,48.02078627666504,1,1,0,6806.787873666121,0,0,0,0
65,19580,201.5976056585551,0,0,0,0,0,0,0,0,0,3.273275392030141,804.912370468286,3.273275392030141,-1,8,0,1,4198.353801796272,0,0,0,0
66,29882,243.4344867843357,0,0,0,0,0,0,0,1,0,3.202865944071673,786.4895717761676,3.202865944071673,43.43173678433557,1,1,0,4187.524737304605,0,0,0,0
67,31136,245.6250481609153,0,0,0,0,0,0,0,1,0,3.229362851965024,790.6201281767196,3.229362851965024,45.62229816091588,1,1,0,186.7937416001224,0,0,0,0
68,28060,240.2510558259359,0,0,0,0,0,0,0,1,0,3.194677382823475,781.4128382997152,3.194677382823475,40.24830582593553,1,1,0,5036.1000335568,0,0,0,0
69,29798,245.7151727960298,0,0,0,0,0,0,0,1,0,3.245800291012151,795.6885136283493,3.245800291012151,45.71242279602939,1,1,0,326.5362092061327,0,0,0,0
70,30569,249.2329127836938,0,0,0,0,0,0,0,1,0,3.163003245849785,773.8470471841118,3.163003245849785,49.05991278369344,8,1,0,107.5313075969171,0,0,0,0
71,27814,236.9228240827379,0,0,0,0,0,0,0,1,0,3.10424589590625,757.3073641272124,3.10424589590625,36.74982408273807,8,1,0,412.0968877840546,0,0,0,0
72,19924,210.8308988139401,0,0,0,1,10,0,0,0,0,3.153808792671732,769.2285695661351,3.153808792671732,-1,8,0,1,2053.840207929379,0,0,0,0
73,28368,242.2579098249574,0,0,0,0,0,0,0,1,0,3.230417417938259,790.7155642508175,3.230417417938259,42.08490982495744,8,1,0,1670.3718025469,0,0,0,0
74,22356,214.3432689428438,0,0,0,0,0,0,0,1,0,3.22965364531247,794.1109987674903,3.22965364531247,14.17026894288329,8,1,0,4052.396006043313,0,0,0,0
75,25123,224.9276611036323,0,0,0,0,0,0,0,1,0,3.253328079416967,799.5667232938799,3.253328079416967,24.75466110363276,8,1,0,1135.931745571828,0,0,0,0
76,28003,238.259864897056,0,0,0,0,0,0,0,1,0,3.319149699633558,814.7282796950548,3.319149699633558,38.08686489705623,8,1,0,193.0573932015957,0,0,0,0
77,27794,234.6606532742215,0,0,0,0,0,0,0,1,0,3.148231840043675,770.1220609118453,3.148231840043675,34.48765327422176,8,1,0,518.2827977924544,0,0,0,0
78,25336,224.5445662400989,0,0,0,0,0,0,0,1,0,3.347057913355831,824.1504638023017,3.347057913355831,24.37156624009954,8,1,0,1163.638706542234,0,0,0,0
79,28378,238.1268418484913,0,0,0,0,0,0,0,1,0,3.293698687020634,808.5810763368091,3.293698687020634,37.95384184849119,8,1,0,930.9701204848774,0,0,0,0
80,20048,238.4912347597474,0,0,0,3,18,0,0,0,0,3.310314853009077,815.5853013837539,3.310314853009077,-1,8,0,1,101.4124118635612,0,0,0,0
81,30784,246.0826633735945,0,0,0,0,0,0,0,1,0,3.283977598145659,807.9651264133314,3.283977598145659,45.90966337359426,8,1,0,623.1561251898322,0,0,0,0
82,30962,247.6532738775988,0,0,0,0,0,0,0,1,0,3.225680065632354,792.4164949448847,3.225680065632354,47.65052387759952,1,1,0,1486.616462781792,0,0,0,0
83,19942,229.0698442081031,0,0,0,2,12,0,0,0,0,3.169236205073896,775.529778042715,3.169236205073896,-1,8,0,1,14.3395884584964,0,0,0,0
84,26436,234.8689939501605,0,0,0,0,0,0,0,1,0,3.184152551859302,779.8074853156799,3.184152551859302,34.86624395016084,1,1,0,1465.887741983474,0,0,0,0
85,28263,238.0808434093958,0,0,0,0,0,0,0,1,0,3.151489923253353,772.7224263206637,3.151489923253353,38.07809340939539,1,1,0,2097.789781744499,0,0,0,0
86,19493,202.6918194997763,0,0,0,0,0,0,0,0,0,3.254823558539824,798.9919922187795,3.254823558539824,-1,8,0,1,2581.291411161465,0,0,0,0
87,30197,248.1918806777412,0,0,0,0,0,0,0,1,0,3.227940159373008,790.6888145336162,3.227940159373008,48.18913067774169,1,1,0,1416.075762685586,0,0,0,0
88,28594,240.049382129141,0,0,0,0,0,0,0,1,0,3.330422432117117,819.238962161488,3.330422432117117,40.04663212914151,1,1,0,4554.172007692257,0,0,0,0
89,29195,245.5840004742866,0,0,0,0,0,0,0,1,0,3.153706173693731,774.4393936002235,3.153706173693731,45.58125047428643,1,1,0,2286.758072846716,0,0,0,0
90,26334,235.7905726635142,0,0,0,0,0,0,0,1,0,3.245042221537597,795.6372668630505,3.245042221537597,35.61757266351345,8,1,0,387.4113250936387,0,0,0,0
91,29289,240.0489010617802,0,0,0,0,0,0,0,1,0,3.208777739675702,786.6190226782958,3.208777739675702,39.8759010617806,8,1,0,3988.35329049783,0,0,0,0
92,19544,209.4556448314569,0,0,0,2,18,0,0,0,0,3.212302493983884,788.0187399557769,3.212302493983884,-1,8,0,1,300.5051924370708,0,0,0,0
93,28237,236.7994229811927,0,0,0,0,0,0,0,1,0,3.180504526390395,778.5965145186185,3.180504526390395,36.62642298119239,8,1,0,2306.658934018983,0,0,0,0
94,29746,246.2803850277746,0,0,0,0,0,0,0,1,0,3.294395441181555,808.7983559448586,3.294395441181555,46.10738502777554,8,1,0,274.4791700823109,0,0,0,0
95,26845,233.2076493039576,0,0,0,0,0,0,0,1,0,3.376687153998356,831.3889369490125,3.376687153998356,33.20489930395792,1,1,0,1287.579658795579,0,0,0,0
96,19729,221.5722251931765,0,0,0,1,8,0,0,0,0,3.110662439224605,759.6819506224548,3.110662439224605,-1,8,0,1,137.3897624934739,0,0,0,0
97,26230,231.2832596096258,0,0,0,0,0,0,0,1,0,3.064976558374303,750.0572698841377,3.064976558374303,31.28050960962624,1,1,0,2951.119497691229,0,0,0,0
98,19869,202.5376907340009,0,0,0,0,0,0,0,0,0,3.203012198968647,784.2642806093214,3.203012198968647,-1,8,0,1,468.9272074179448,0,0,0,0
99,19869,223.9501261890572,0,0,0,3,24,0,0,0,0,3.229604429182099,790.0598524837776,3.229604429182099,-1,8,0,1,29.81104781224094,0,0,0,0
100,26074,231.8627917887557,0,0,0,0,0,0,0,1,0,3.282650129455757,806.2508616294309,3.282650129455757,31.68979178875665,8,1,0,601.3904940514846,0,0,0,0
101,30098,247.6244585181007,0,0,0,0,0,0,0,1,0,3.37844112635448,830.6967014004307,3.37844112635448,47.62170851811806,1,1,0,663.6104025694257,0,0,0,0
102,27332,233.013899549133,0,0,0,0,0,0,0,1,0,3.362982357044206,828.3840376406569,3.362982357044206,32.84089954913302,8,1,0,1813.633358302842,0,0,0,0
103,28976,239.5651070990492,0,0,0,0,0,0,0,1,0,3.170822363690649,773.3375882648126,3.170822363690649,39.39210709904941,8,1,0,875.9791574617068,0,0,0,0
104,29441,248.6714705660303,0,0,0,0,0,0,0,1,0,3.156598555659282,771.8244748395171,3.156598555659282,48.66872056603036,1,1,0,709.2026339832705,0,0,0,0
105,30382,250.7346237196472,0,0,0,0,0,0,0,1,0,3.191078823601136,780.6011013994969,3.191078823601136,50.56162371980177,8,1,0,265.553588380525,0,0,0,0
106,29733,247.326170595446,0,0,0,0,0,0,0,1,0,3.204156129617524,786.9350291466213,3.204156129617524,47.32342059544634,1,1,0,501.9412948446533,0,0,0,0
107,28610,236.565805808263,0,0,0,0,0,0,0,1,0,3.111652038683196,757.4622196601678,3.111652038683196,36.39280580826345,8,1,0,389.7195443879891,0,0,0,0
108,28821,248.2254621543232,0,0,0,0,0,0,0,1,0,3.283507628601233,807.6913896154634,3.283507628601233,48.05246215432392,8,1,0,1967.224475831213,0,0,0,0
109,24442,222.6125165036389,0,0,0,0,0,0,0,1,0,3.283594951670771,803.7790255864867,3.283594951670771,22.43951650363874,8,1,0,303.6021462427341,0,0,0,0
110,23378,221.1127312933435,0,0,0,0,0,0,0,1,0,3.21906615893545,789.0360326432352,3.21906615893545,20.93973129334372,8,1,0,3285.285439231475,0,0,0,0
111,27904,236.0435012363464,0,0,0,0,0,0,0,1,0,3.209771181698983,785.9309864815913,3.209771181698983,35.87050123634623,8,1,0,1472.951994562427,0,0,0,0
112,27537,238.2613076298258,0,0,0,0,0,0,0,1,0,3.256301044768308,799.8376368500777,3.256301044768308,38.08830762982608,8,1,0,2553.122767671191,0,0,0,0
113,23415,216.1342377614184,0,0,0,0,0,0,0,1,0,3.175736295930675,780.6363027297995,3.175736295930675,15.96123776141748,8,1,0,4639.520445142868,0,0,0,0
114,27455,238.314980515948,0,0,0,0,0,0,0,1,0,3.282447899998701,804.8586322926833,3.282447899998701,38.1419805159483,8,1,0,259.9664858716481,0,0,0,0
115,26404,231.2102668359413,0,0,0,0,0,0,0,1,0,3.205353388914545,788.1791780012524,3.205353388914545,31.20751683594144,1,1,0,6078.444597678951,0,0,0,0
116,30978,248.9906814823733,0,0,0,0,0,0,0,1,0,3.190631569509133,780.7419280581904,3.190631569509133,48.81768148237307,8,1,0,4094.214047657991,0,0,0,0
117,29702,248.743109345375,0,0,0,0,0,0,0,1,0,3.172629454331655,776.5928875674784,3.172629454331655,48.57010934537514,8,1,0,2109.190171567487,0,0,0,0
118,29113,242.232246577623,0,0,0,0,0,0,0,1,0,3.1251323310596,763.2075408221824,3.1251323310596,42.22949657762339,1,1,0,4609.702982070823,0,0,0,0
119,20556,205.3019723004998,0,0,0,1,7,0,0,0,0,3.280187124495471,807.4086875154924,3.280187124495471,-1,8,0,1,2690.331162985357,0,0,0,0
120,29805,248.4154258986744,0,0,0,0,0,0,0,1,0,3.207754091976771,786.0024546855949,3.207754091976771,48.41267589867491,1,1,0,464.4857226113873,0,0,0,0
121,31668,253.252860881384,0,0,0,0,0,0,0,1,0,3.279013567632136,804.1661649882897,3.279013567632136,53.07986088138478,8,1,0,1167.4030743071,0,0,0,0
122,29028,239.5903695314438,0,0,0,0,0,0,0,1,0,3.344712386789916,821.9931992744471,3.344712386789916,39.41736953144335,8,1,0,2371.674659434762,0,0,0,0
123,20430,239.4700371476506,0,0,0,3,19,0,0,0,0,3.235667195210672,793.0904364056983,3.235667195210672,-1,8,0,1,22.0924049408963,0,0,0,0
124,29268,242.1417817201414,0,0,0,0,0,0,0,1,0,3.38607618737197,834.211302887782,3.38607618737197,41.96878172014197,8,1,0,2647.808852638539,0,0,0,0
125,29317,243.170955632397,0,0,0,0,0,0,0,1,0,3.274201550920738,804.3615713240005,3.274201550920738,43.16820563239599,1,1,0,3686.489945051133,0,0,0,0
126,27020,230.4068730712845,0,0,0,0,0,0,0,1,0,3.052839634674407,743.779345687261,3.052839634674407,30.23387307128528,8,1,0,3588.351995507806,0,0,0,0
127,28794,240.5885898790385,0,0,0,0,0,0,0,1,0,3.256337923180844,796.9615237828413,3.256337923180844,40.41558987903787,8,1,0,2819.819656235721,0,0,0,0
128,30182,249.4586961146409,0,0,0,0,0,0,0,1,0,3.287104702052032,810.2652402911427,3.287104702052032,49.45594611462753,1,1,0,577.7153570378617,0,0,0,0
129,30799,250.7066464980267,0,0,0,0,0,0,0,1,0,3.184460235135323,778.7101419858401,3.184460235135323,50.7038964980265,1,1,0,7999.65236749722,0,0,0,0
130,29424,242.2155689327132,0,0,0,0,0,0,0,1,0,3.305966745885161,810.8121128929027,3.305966745885161,42.04256893271242,8,1,0,1180.761388432037,0,0,0,0
131,29372,244.9223133555459,0,0,0,0,0,0,0,1,0,3.241598655274717,795.8171717320981,3.241598655274717,44.74931335555306,8,1,0,1924.185470607108,0,0,0,0
132,20955,204.732784874892,0,0,0,0,0,0,0,1,0,3.147590494817814,772.2145554367013,3.147590494817814,4.730034874891889,1,1,0,500.6870261926267,0,0,0,0
133,26658,232.1354347779135,0,0,0,0,0,0,0,1,0,3.349784951872278,822.1694834300318,3.349784951872278,31.9624347779131,8,1,0,1952.672749508974,0,0,0,0
134,25072,224.7556880675152,0,0,0,0,0,0,0,1,0,3.089656498143809,753.5762142054099,3.089656498143809,24.58268806751532,8,1,0,3635.692632125662,0,0,0,0
135,28935,241.8123555749204,0,0,0,0,0,0,0,1,0,3.303277205768564,811.089960825057,3.303277205768564,41.63935557492048,8,1,0,6167.444019806718,0,0,0,0
136,27535,233.4555175476299,0,0,0,0,0,0,0,1,0,3.314283135562253,815.8162919040748,3.314283135562253,33.28251754762915,8,1,0,660.1558314551419,0,0,0,0
137,23486,216.5705411428278,0,0,0,0,0,0,0,1,0,3.080685355986329,754.4624539353657,3.080685355986329,16.39754114282766,8,1,0,2345.002243485898,0,0,0,0
138,28689,238.6742436767418,0,0,0,0,0,0,0,1,0,3.17385298087477,780.6773751016297,3.17385298087477,38.50124367674137,8,1,0,839.8318429162534,0,0,0,0
139,20276,235.3560900782039,0,0,0,2,21,0,0,0,0,3.243628567283459,795.1951841319776,3.243628567283459,-1,8,0,1,1990.999462891687,0,0,0,0
140,26313,234.1942717526316,0,0,0,0,0,0,0,1,0,3.193237474784596,781.3341167311905,3.193237474784596,34.02127175263249,8,1,0,2298.281882257103,0,0,0,0
141,27675,232.7731645743514,0,0,0,0,0,0,0,1,0,3.16219862329116,775.9542066215976,3.16219862329116,32.60016457435184,8,1,0,8158.922139894374,0,0,0,0
142,27850,232.7374513873063,0,0,0,0,0,0,0,1,0,3.308087663687684,812.4095683006981,3.308087663687684,32.56445138730533,8,1,0,1665.599526945021,0,0,0,0
143,28690,236.4171292723863,0,0,0,0,0,0,0,1,0,3.134943774288773,769.215237132137,3.134943774288773,36.41437927238618,1,1,0,906.3645256465637,0,0,0,0
144,30173,249.8167785711771,0,0,0,0,0,0,0,1,0,3.360452486391718,823.2565041646835,3.360452486391718,49.64377857005005,8,1,0,716.1714133653167,0,0,0,0
145,30714,246.5340955223982,0,0,0,0,0,0,0,1,0,3.206448038141341,787.2238850932044,3.206448038141341,46.36109552239815,8,1,0,2328.535862004777,0,0,0,0
146,22033,210.7839335650642,0,0,0,0,0,0,0,1,0,3.22591560570011,790.7937326360353,3.22591560570011,10.61093356506508,8,1,0,1580.89236356783,0,0,0,0
147,29855,247.4326723373904,0,0,0,0,0,0,0,1,0,3.131494597967014,763.200348394898,3.131494597967014,47.42992233739074,1,1,0,931.4844511373312,0,0,0,0
148,29353,249.0751659031911,0,0,0,0,0,0,0,1,0,3.152413996241604,774.7691895593828,3.152413996241604,48.90216590319033,8,1,0,172.2991150663516,0,0,0,0
149,21128,206.9057144773644,0,0,0,0,0,0,0,1,0,3.17741822683528,776.2046566303176,3.17741822683528,6.732714477364778,8,1,0,463.113916776827,0,0,0,0
150,29877,249.2439478641264,0,0,0,0,0,0,0,1,0,3.16580616173682,775.1986744895717,3.16580616173682,49.24119786412707,1,1,0,956.7280154316107,0,0,0,0
151,27045,228.0956283920196,0,0,0,0,0,0,0,1,0,3.218461252139175,791.1010813072643,3.218461252139175,27.92262839202017,8,1,0,332.5261241707697,0,0,0,0
152,26714,230.5158835472681,0,0,0,0,0,0,0,1,0,3.178212976536058,776.9301282229814,3.178212976536058,30.51313354726746,1,1,0,1423.41927671313,0,0,0,0
153,24157,218.0792009304794,0,0,0,0,0,0,0,1,0,3.271702366554898,802.7976553384182,3.271702366554898,17.90620093047946,8,1,0,548.9246795762796,0,0,0,0
154,25935,224.9859177758072,0,0,0,0,0,0,0,1,0,3.167257217771466,776.0919185537231,3.167257217771466,24.81291777580717,8,1,0,2255.792943572404,0,0,0,0
155,27916,241.9280915714371,0,0,0,0,0,0,0,1,0,3.301256182828839,812.9429705536814,3.301256182828839,41.92534157143757,1,1,0,1117.962258736763,0,0,0,0
156,31592,249.1204541065863,0,0,0,0,0,0,0,1,0,3.086644540482075,753.6219109275452,3.086644540482075,49.1177041065863,1,1,0,1014.897147808262,0,0,0,0
157,27908,236.7442427983105,0,0,0,0,0,0,0,1,0,3.231769582525212,793.2245981988206,3.231769582525212,36.57124279831139,8,1,0,1015.30758074626,0,0,0,0
158,31773,253.1714593258445,0,0,0,0,0,0,0,1,0,3.203072279227774,783.3115379387342,3.203072279227774,52.99845932584528,8,1,0,3244.766084250799,0,0,0,0
159,29918,245.518701785691,0,0,0,0,0,0,0,1,0,3.150076031684938,768.5451310233653,3.150076031684938,45.51595178569164,1,1,0,481.8637035278514,0,0,0,0
160,29981,242.2969091802294,0,0,0,0,0,0,0,1,0,3.259103724108366,800.9836888623586,3.259103724108366,42.29415918022939,1,1,0,4093.916565922344,0,0,0,0
161,27314,234.537694761661,0,0,0,0,0,0,0,1,0,3.130529657273471,764.6620707287128,3.130529657273471,34.53494476166163,1,1,0,7437.113311352527,0,0,0,0
162,24958,218.9781362165779,0,0,0,0,0,0,0,1,0,3.274359923181783,802.9567414476739,3.274359923181783,18.80513621657824,8,1,0,2988.586349612403,0,0,0,0
163,29442,246.1586001014797,0,0,0,0,0,0,0,1,0,3.321305620384401,815.5732411440063,3.321305620384401,46.15585010147979,1,1,0,2787.884636322124,0,0,0,0
164,25302,228.7270408557318,0,0,0,0,0,0,0,1,0,3.102185453329412,758.3395769666705,3.102185453329412,28.72429085573198,1,1,0,5451.933660706112,0,0,0,0
165,26186,231.7348245397173,0,0,0,0,0,0,0,1,0,3.132411639122518,767.2237490557972,3.132411639122518,31.56182453971719,8,1,0,1362.8884672114,0,0,0,0
166,19236,200.1730000000001,0,0,0,0,0,0,0,0,0,3.093447067414612,754.2936961597662,3.093447067414612,-1,8,1,0,12378.38627660274,0,0,0,0
167,23428,216.6243014646745,0,0,0,0,0,0,0,1,0,3.167212642054241,771.654579710095,3.167212642054241,16.62155146467415,1,1,0,525.362487694323,0,0,0,0
168,20640,214.2053446897304,0,0,0,2,26,0,0,0,0,3.251667002826734,799.1664966246354,3.251667002826734,-1,8,0,1,1229.731629869344,0,0,0,0
169,21958,213.5183543318666,0,0,0,0,0,0,0,1,0,3.157467393445352,772.4617495516775,3.157467393445352,13.34535433186691,8,1,0,757.1042909411295,0,0,0,0
170,25782,225.077165845416,0,0,0,0,0,0,0,1,0,3.228290942666246,790.9579132049352,3.228290942666246,25.0744158454157,1,1,0,1862.965025362916,0,0,0,0
171,19497,209.5026362412503,0,0,0,1,5,0,0,0,0,3.103450590330511,757.1959398655664,3.103450590330511,-1,8,0,1,720.846962141198,0,0,0,0
172,31099,251.6613452401541,0,0,0,0,0,0,0,1,0,3.23766720474626,792.6056619474211,3.23766720474626,51.48834524015418,8,1,0,139.8917959192224,0,0,0,0
173,20456,211.8595193429129,0,0,0,2,23,0,0,0,0,3.177699436148139,777.7007752714532,3.177699436148139,-1,8,0,1,1868.303673156113,0,0,0,0
174,19764,237.7956531543151,0,0,0,3,31,0,0,0,0,3.219312044137996,790.3778301011602,3.219312044137996,-1,8,0,1,2932.776406571317,0,0,0,0
175,29847,246.2906456800993,0,0,0,0,0,0,0,1,0,3.109803550041542,758.238950529878,3.109803550041542,46.28789568009925,1,1,0,1010.625905213974,0,0,0,0
176,29122,245.8225232465393,0,0,0,0,0,0,0,1,0,3.332406492282122,817.4296373137282,3.332406492282122,45.64952324653873,8,1,0,4598.818809989652,0,0,0,0
177,23486,219.9628090395042,0,0,0,0,0,0,0,1,0,3.251755642185472,796.3677445664194,3.251755642185472,19.78980903950375,8,1,0,780.4811690174267,0,0,0,0
178,29498,247.4282496465328,0,0,0,0,0,0,0,1,0,3.067392162766248,749.0183448162303,3.067392162766248,47.42549964653276,1,1,0,597.2574269498047,0,0,0,0
179,29777,246.2755068916996,0,0,0,0,0,0,0,1,0,3.270726306380126,803.0096126069915,3.270726306380126,46.27275689169964,1,1,0,1135.34352451407,0,0,0,0
180,24729,222.5883761987953,0,0,0,0,0,0,0,1,0,3.274065756732598,805.380992059961,3.274065756732598,22.58562619879508,1,1,0,434.3779187727216,0,0,0,0
181,30639,251.5775712290868,0,0,0,0,0,0,0,1,0,3.242710234366881,795.4136653754482,3.242710234366881,51.57482122916921,1,1,0,3624.109309636421,0,0,0,0
182,19374,207.6594567181301,0,0,0,3,24,0,0,0,0,3.252891329408079,798.656679945326,3.252891329408079,-1,8,0,1,1796.891441880394,0,0,0,0
183,28955,243.5528358945743,0,0,0,0,0,0,0,1,0,3.26399237547258,803.2058688403162,3.26399237547258,43.55008589457395,1,1,0,1354.061820859259,0,0,0,0
184,25882,226.6159033767035,0,0,0,0,0,0,0,1,0,3.151556092190208,770.6368207705177,3.151556092190208,26.44290337670336,8,1,0,722.4288194924466,0,0,0,0
185,31387,252.6032623081209,0,0,0,0,0,0,0,1,0,3.183194185262316,778.930435225501,3.183194185262316,52.43026230784506,8,1,0,549.2384653363085,0,0,0,0
186,25905,225.1995961169899,0,0,0,0,0,0,0,1,0,3.238948548517298,793.5666246570504,3.238948548517298,25.0265961169894,8,1,0,4264.779210688623,0,0,0,0
187,25266,228.3364551591528,0,0,0,0,0,0,0,1,0,3.21548623276091,784.5497248103533,3.21548623276091,28.1634551591528,8,1,0,138.6193922753833,0,0,0,0
188,29864,249.6448739336252,0,0,0,0,0,0,0,1,0,3.12022585878616,762.5831152534045,3.12022585878616,49.64212393362528,1,1,0,656.4596985311134,0,0,0,0
189,26165,231.1974400632156,0,0,0,0,0,0,0,1,0,3.163388937086319,774.0062578297681,3.163388937086319,31.0244400632157,8,1,0,1037.361613519184,0,0,0,0
190,29456,247.9620731376068,0,0,0,0,0,0,0,1,0,3.187130588610711,779.2020916946235,3.187130588610711,47.7890731376074,8,1,0,1258.612215507205,0,0,0,0
191,29818,249.6421457010145,0,0,0,0,0,0,0,1,0,3.255978069239261,797.2355061880271,3.255978069239261,49.63939570082982,1,1,0,1378.403100998943,0,0,0,0
192,30340,246.1802742578218,0,0,0,0,0,0,0,1,0,3.238982154729295,792.3299493046336,3.238982154729295,46.00727425782188,8,1,0,8469.403835508621,0,0,0,0
193,28380,236.6524475945023,0,0,0,0,0,0,0,1,0,3.149374061217122,769.1613814797045,3.149374061217122,36.47944759450318,8,1,0,2879.479282840743,0,0,0,0
194,27960,238.6578829700375,0,0,0,0,0,0,0,1,0,3.229528256341141,790.6444212667777,3.229528256341141,38.48488297003748,8,1,0,498.174475899898,0,0,0,0
195,28038,234.9867418533471,0,0,0,0,0,0,0,1,0,3.225959153929014,793.8799878671158,3.225959153929014,34.81374185334669,8,1,0,978.0081583926947,0,0,0,0
196,24477,224.7145093749578,0,0,0,0,0,0,0,1,0,3.200339811648564,782.8039304972656,3.200339811648564,24.71175937495836,1,1,0,3880.582733195854,0,0,0,0
197,29336,245.2986452217312,0,0,0,0,0,0,0,1,0,3.29801202325808,813.2489421570396,3.29801202325808,45.29589522165446,1,1,0,2700.332252622266,0,0,0,0
198,29035,241.9218089222777,0,0,0,0,0,0,0,1,0,3.26228561046111,801.0313468895347,3.26228561046111,41.74880892227821,8,1,0,68.51233007413683,0,0,0,0
199,30739,252.4628445205179,0,0,0,0,0,0,0,1,0,3.264417805401646,800.1373539244391,3.264417805401646,52.28984452053528,8,1,0,1641.917446794779,0,0,0,0
200,29734,244.6826798173444,0,0,0,0,0,0,0,1,0,3.159592946082655,772.1604874779661,3.159592946082655,44.50967981730971,8,1,0,3638.346501451305,0,0,0,0
201,20163,202.0074957429286,0,0,0,0,0,0,0,0,0,3.158634278866816,772.7071652328626,3.158634278866816,-1,8,0,1,3460.207161033044,0,0,0,0
202,28624,239.0963923659308,0,0,0,0,0,0,0,1,0,3.163900098991633,774.852802319584,3.163900098991633,39.09364236593105,1,1,0,124.1037208462253,0,0,0,0
203,29300,244.7493189547232,0,0,0,0,0,0,0,1,0,3.157495388288196,774.4146320303053,3.157495388288196,44.57631895472294,8,1,0,1974.553202256853,0,0,0,0
204,21144,207.5857793323095,0,0,0,0,0,0,0,1,0,3.115777223830044,763.4172058586255,3.115777223830044,7.412779332310267,8,1,0,495.1346380233998,0,0,0,0
205,29737,248.0889854087894,0,0,0,0,0,0,0,1,0,3.266150808177945,799.5883577714463,3.266150808177945,47.91598540879073,8,1,0,1399.081820834042,0,0,0,0
206,29262,242.5701930883293,0,0,0,0,0,0,0,1,0,3.186499739131326,784.1374584342333,3.186499739131326,42.56744308832944,1,1,0,1935.787955898889,0,0,0,0
207,26617,230.0847648370767,0,0,0,0,0,0,0,1,0,3.240447481755139,793.6343156486938,3.240447481755139,30.08201483707755,1,1,0,322.9915734181074,0,0,0,0
208,23995,221.1615861597998,0,0,0,0,0,0,0,1,0,3.207173577086907,786.8481986661604,3.207173577086907,20.98858615979931,8,1,0,54.44112074324649,0,0,0,0
209,26958,232.9264643764838,0,0,0,0,0,0,0,1,0,3.165045488713706,775.7447653374759,3.165045488713706,32.92371437648347,1,1,0,2725.47530089363,0,0,0,0
210,27896,234.6690823019308,0,0,0,0,0,0,0,1,0,3.32441188407469,817.3263268887487,3.32441188407469,34.49608230193062,8,1,0,1987.469169280036,0,0,0,0
211,30854,250.863221630295,0,0,0,0,0,0,0,1,0,3.359999604946185,827.3853325210702,3.359999604946185,50.86047163028329,1,1,0,365.516497140287,0,0,0,0
212,26457,231.6171735873761,0,0,0,0,0,0,0,1,0,3.308724778051642,813.6428925409871,3.308724778051642,31.6144235873758,1,1,0,2676.410147835496,0,0,0,0
213,27255,232.5690035758043,0,0,0,0,0,0,0,1,0,3.227970864910274,791.9168138215281,3.227970864910274,32.39600357580431,8,1,0,5522.890097340457,0,0,0,0
214,27274,235.4959804597778,0,0,0,0,0,0,0,1,0,3.160033002776619,772.4950989220064,3.160033002776619,35.32298045977711,8,1,0,3729.591791728952,0,0,0,0
215,27708,238.7744238593064,0,0,0,0,0,0,0,1,0,3.211702032646512,785.4853750613357,3.211702032646512,38.60142385930683,8,1,0,2017.512482082811,0,0,0,0
216,25843,227.1936545588858,0,0,0,0,0,0,0,1,0,3.201517740682749,782.4014318102369,3.201517740682749,27.02065455888532,8,1,0,545.4519016536923,0,0,0,0
217,27576,237.5917438827715,0,0,0,0,0,0,0,1,0,3.222860317497573,786.7959387302496,3.222860317497573,37.41874388277022,8,1,0,3157.561596999957,0,0,0,0
218,20493,200.9211598876549,0,0,0,1,5,0,0,0,0,3.222459538664883,789.361835129314,3.222459538664883,-1,8,0,1,210.6793103717012,0,0,0,0
219,30512,244.3829941089089,0,0,0,0,0,0,0,1,0,3.216740775667385,791.4925453280009,3.216740775667385,44.20999410890965,8,1,0,1444.929235744632,0,0,0,0
220,28565,237.8321433966616,0,0,0,0,0,0,0,1,0,3.331754499807157,817.8208751631756,3.331754499807157,37.6591433966623,8,1,0,1493.463635835555,0,0,0,0
221,27936,240.6225968960643,0,0,0,0,0,0,0,1,0,3.23589918063254,795.1069404960109,3.23589918063254,40.44959689606379,8,1,0,1298.08369401301,0,0,0,0
222,26875,235.3139130887912,0,0,0,0,0,0,0,1,0,3.127620303315294,761.8193929282291,3.127620303315294,35.14091308879075,8,1,0,714.3017281312087,0,0,0,0
223,27845,239.514703987457,0,0,0,0,0,0,0,1,0,3.140490473568368,769.2925036508271,3.140490473568368,39.34170398745639,8,1,0,531.0942096714607,0,0,0,0
224,24863,220.5180486640896,0,0,0,0,0,0,0,1,0,3.189648937324213,780.9016241020887,3.189648937324213,20.51529866409012,1,1,0,323.6084166777464,0,0,0,0
225,29428,245.1221772180618,0,0,0,0,0,0,0,1,0,3.272443319892286,800.5720524530451,3.272443319892286,44.94917721806272,8,1,0,7851.618034793603,0,0,0,0
226,30012,244.9693831685506,0,0,0,0,0,0,0,1,0,3.143014906511179,770.697167545316,3.143014906511179,44.79638316855052,8,1,0,8957.459062871301,0,0,0,0
227,19542,230.4519768810012,0,0,0,2,14,0,0,0,0,3.180644874635121,779.6369408338434,3.180644874635121,-1,8,0,1,1918.712188619751,0,0,0,0
228,20703,207.8156024548309,0,0,0,1,8,0,0,0,0,3.180522170947313,779.4930530179577,3.180522170947313,-1,8,0,1,175.9153293349877,0,0,0,0
229,23250,214.8254538294137,0,0,0,0,0,0,0,1,0,3.275923379788499,804.5956580808058,3.275923379788499,14.82270382941406,1,1,0,4570.691058043471,0,0,0,0
230,24486,220.7445635083391,0,0,0,0,0,0,0,1,0,3.365059068549449,827.4801489314058,3.365059068549449,20.74181350833928,1,1,0,3977.398037432111,0,0,0,0
231,24887,224.764932391162,0,0,0,0,0,0,0,1,0,3.261474599208918,797.8663950543437,3.261474599208918,24.76218239116206,1,1,0,1853.139631749415,0,0,0,0
232,24025,217.7649763059162,0,0,0,0,0,0,0,1,0,3.2573858891271,801.8435466790804,3.2573858891271,17.59197630591583,8,1,0,7988.987105700565,0,0,0,0
233,19732,202.2753602173765,0,0,0,0,0,0,0,0,0,3.189086588733375,780.5636215297865,3.189086588733375,-1,8,0,1,1155.128545792341,0,0,0,0
234,27553,233.3979074917713,0,0,0,0,0,0,0,1,0,3.179831187964755,777.7154409700071,3.179831187964755,33.22490749177231,8,1,0,832.1271135821125,0,0,0,0
235,25045,226.9271186910084,0,0,0,0,0,0,0,1,0,3.231551823210095,793.9423359930026,3.231551823210095,26.75411869100891,8,1,0,894.5637555064772,0,0,0,0
236,29933,244.6081176952734,0,0,0,0,0,0,0,1,0,3.316636406434426,815.6599977709436,3.316636406434426,44.60536769527308,1,1,0,278.8702580982662,0,0,0,0
237,20958,257.9212251938923,0,0,0,2,24,0,0,0,0,3.357756558311983,826.7083815229537,3.357756558311983,-1,8,0,1,1375.127938172099,0,0,0,0
238,29586,246.995006275552,0,0,0,0,0,0,0,1,0,3.213530286937629,788.0741291427983,3.213530286937629,46.82200627555211,8,1,0,1766.217199619037,0,0,0,0
239,25596,228.9300305206349,0,0,0,0,0,0,0,1,0,3.257150443069439,800.5069712371547,3.257150443069439,28.92728052055591,1,1,0,2837.759437706555,0,0,0,0
240,25574,230.0247487539846,0,0,0,0,0,0,0,1,0,3.092935417887209,755.2015972871105,3.092935417887209,29.85174875398479,8,1,0,32.99956938101558,0,0,0,0
241,24461,219.9890945736057,0,0,0,0,0,0,0,1,0,3.134221478110273,766.9649498482148,3.134221478110273,19.81609457360605,8,1,0,889.1233160088349,0,0,0,0
242,19145,227.5813669109752,0,0,0,3,25,0,0,0,0,3.201451415396176,780.7856886348778,3.201451415396176,-1,8,0,1,932.536321261999,0,0,0,0
243,30226,245.8395046228501,0,0,0,0,0,0,0,1,0,3.21943771493283,792.9432167149339,3.21943771493283,45.83675462284943,1,1,0,579.7262669977914,0,0,0,0
244,31522,252.40239542186,0,0,0,0,0,0,0,1,0,3.32355111404096,815.9741708434459,3.32355111404096,52.22939542186086,8,1,0,3537.183810922358,0,0,0,0
245,29647,249.3845555531874,0,0,0,0,0,0,0,1,0,3.227794177159238,790.8573332830824,3.227794177159238,49.21155555323185,8,1,0,1901.069029210819,0,0,0,0
246,19378,201.7456669603793,0,0,0,0,0,0,0,0,0,3.158094731276707,769.8683770837189,3.158094731276707,-1,8,0,1,331.5104121694714,0,0,0,0
247,29454,243.3892669632829,0,0,0,0,0,0,0,1,0,3.201483341918148,783.5596590610642,3.201483341918148,43.38651696328294,1,1,0,3419.535536183055,0,0,0,0
248,24717,224.2768126401497,0,0,0,0,0,0,0,1,0,3.185460727685829,780.1908791744146,3.185460727685829,24.10381264014998,8,1,0,1310.042419015572,0,0,0,0
249,24983,222.0729088643059,0,0,0,0,0,0,0,1,0,3.344912877610677,822.5242459743275,3.344912877610677,21.89990886430581,8,1,0,371.8429944781975,0,0,0,0
250,27065,234.808380007374,0,0,0,0,0,0,0,1,0,3.235204522272824,793.3200265212906,3.235204522272824,34.63538000736342,8,1,0,3819.217090900028,0,0,0,0
251,26750,231.071883389023,0,0,0,0,0,0,0,1,0,3.109457045779613,760.8567803183952,3.109457045779613,30.89888338902365,8,1,0,289.2612002117299,0,0,0,0
252,24776,226.2266061679842,0,0,0,0,0,0,0,1,0,3.239044931369219,793.7842713368881,3.239044931369219,26.053606167984,8,1,0,3.64445776469092,0,0,0,0
253,30605,248.93453300592,0,0,0,0,0,0,0,1,0,3.114922972009313,760.3846979236561,3.114922972009313,48.93178300591991,1,1,0,1433.505964255795,0,0,0,0
254,25398,230.1890014876425,0,0,0,0,0,0,0,1,0,3.28127311251117,807.502313973313,3.28127311251117,30.01600148764275,8,1,0,2434.220882574258,0,0,0,0
255,24370,222.7833098090865,0,0,0,0,0,0,0,1,0,3.198361150372194,783.3144153258884,3.198361150372194,22.61030980908584,8,1,0,3409.825164916208,0,0,0,0
256,26984,231.4370718152093,0,0,0,0,0,0,0,1,0,3.15306616483414,773.5238453480955,3.15306616483414,31.26407181520947,8,1,0,823.6738415746694,0,0,0,0
257,26667,234.0212132723841,0,0,0,0,0,0,0,1,0,3.208361829152015,786.0845237336814,3.208361829152015,34.01846327238416,1,1,0,1664.87703051032,0,0,0,0
258,28568,244.522628595239,0,0,0,0,0,0,0,1,0,3.264415330841104,800.7556966936042,3.264415330841104,44.34962859523917,8,1,0,5290.873730957607,0,0,0,0
259,31379,249.1921471981209,0,0,0,0,0,0,0,1,0,3.151660812169473,771.4744447290639,3.151660812169473,49.01914719812057,8,1,0,924.9719352141246,0,0,0,0
260,19799,209.0056693540378,0,0,0,2,13,0,0,0,0,3.176734003922395,779.4706690337241,3.176734003922395,-1,8,0,1,7756.41194370266,0,0,0,0
261,19275,210.5228280396902,0,0,0,2,19,0,0,0,0,3.04298740601809,741.7892556604774,3.04298740601809,-1,8,0,1,4525.213666273924,0,0,0,0
262,26807,229.3571896311768,0,0,0,0,0,0,0,1,0,3.269606551514412,801.8620803004543,3.269606551514412,29.18418963117646,8,1,0,1691.854998057799,0,0,0,0
263,30553,245.2110219037853,0,0,0,0,0,0,0,1,0,3.288217887460677,806.8826056082503,3.288217887460677,45.03802190378459,8,1,0,164.5252586200894,0,0,0,0
264,27590,239.7977655482918,0,0,0,0,1,0,0,1,0,3.13478785716145,767.457315440362,3.13478785716145,39.79501554829629,1,1,0,1633.138550495308,0,0,0,0
265,26126,231.344502475225,0,0,0,0,0,0,0,1,0,3.198779670798965,786.1091149894563,3.198779670798965,31.17150247522537,8,1,0,174.5521920560642,0,0,0,0
266,32128,252.6043262086227,0,0,0,0,0,0,0,1,0,3.252307453526565,798.7190657416082,3.252307453526565,52.43132620862227,8,1,0,461.9677970895804,0,0,0,0
267,29101,244.7299685735563,0,0,0,0,0,0,0,1,0,3.25534676383137,797.9972847681512,3.25534676383137,44.5569685735436,8,1,0,72.81557740208576,0,0,0,0
268,28737,244.4907403534029,0,0,0,0,0,0,0,1,0,3.205265055292494,784.3337807552297,3.205265055292494,44.31774035369639,8,1,0,768.1985708341323,0,0,0,0
269,28041,235.4214746986151,0,0,0,0,0,0,0,1,0,3.338036250837511,818.3536703072078,3.338036250837511,35.24847469861499,8,1,0,310.7559860625094,0,0,0,0
270,26640,231.85144218516,0,0,0,0,0,0,0,1,0,3.305964891530719,812.5844153639617,3.305964891530719,31.84869218516071,1,1,0,696.8296207801388,0,0,0,0
271,24197,223.631273543745,0,0,0,0,0,0,0,1,0,3.210694455283932,785.2435013424948,3.210694455283932,23.45827354374566,8,1,0,3920.52417799765,0,0,0,0
272,29405,244.8296026039359,0,0,0,0,0,0,0,1,0,3.306609241178133,808.2252787682548,3.306609241178133,44.82685260393582,1,1,0,2169.409636400083,0,0,0,0
273,25184,223.8730721063558,0,0,0,0,0,0,0,1,0,3.125815727725799,765.3956089643746,3.125815727725799,23.70007210635541,8,1,0,205.1390966957171,0,0,0,0
274,28280,242.3505553281478,0,0,0,0,0,0,0,1,0,3.227955373817519,792.2773779121376,3.227955373817519,42.17755532814727,8,1,0,2077.739516464112,0,0,0,0
275,27150,231.6833752221497,0,0,0,0,0,0,0,1,0,3.184928106540728,782.5031923705188,3.184928106540728,31.68062522214986,1,1,0,291.5189100467567,0,0,0,0
276,19813,212.1469531959072,0,0,0,3,21,0,0,0,0,3.251140271783723,796.9194319716216,3.251140271783723,-1,8,0,1,2945.911425063024,0,0,0,0
277,21469,233.0489900900257,0,0,0,5,24,0,0,0,0,3.194259772076741,781.7428658181476,3.194259772076741,-1,8,0,1,245.5400076545334,0,0,0,0
278,19715,239.3275890315846,0,0,0,2,17,0,0,0,0,3.181419257164669,776.9295154420772,3.181419257164669,-1,8,0,1,1653.298982018864,0,0,0,0
279,32473,253.1752590687844,0,0,0,0,0,0,0,1,0,3.272289861774512,804.7241614935795,3.272289861774512,53.00225906878433,8,1,0,1278.977870014983,0,0,0,0
280,29682,244.5160557299,0,0,0,0,0,0,0,1,0,3.232360322345406,791.6847876349514,3.232360322345406,44.51330572989981,1,1,0,3404.288056424706,0,0,0,0
281,28345,241.3709298060473,0,0,0,0,0,0,0,1,0,3.202914886032113,786.0612359094519,3.202914886032113,41.36817980604698,1,1,0,801.4486041705861,0,0,0,0
282,20119,210.4392007260433,0,0,0,1,5,0,0,0,0,3.104604234748632,757.8312667381771,3.104604234748632,-1,8,0,1,261.908822790206,0,0,0,0
283,19874,202.3127649817524,0,0,0,0,0,0,0,0,0,3.180964393471578,781.1799334265509,3.180964393471578,-1,8,0,1,1040.515772294259,0,0,0,0
284,31498,254.1923175965089,0,0,0,0,0,0,0,1,0,3.297852137295714,810.0586951066124,3.297852137295714,54.0193175965255,8,1,0,1838.498919851185,0,0,0,0
285,30291,246.0384021403848,0,0,0,0,0,0,0,1,0,3.279447416913441,808.0605180920433,3.279447416913441,45.86540214036555,8,1,0,329.7088984822514,0,0,0,0
286,28777,242.0949776876194,0,0,0,0,0,0,0,1,0,3.184567518223954,779.5807984338267,3.184567518223954,42.09222768761922,1,1,0,4507.641981643877,0,0,0,0
287,22883,211.9875844844711,0,0,0,0,0,0,0,1,0,3.351609397052431,821.551771181901,3.351609397052431,11.81458448447211,8,1,0,1037.350443331742,0,0,0,0
288,24193,255.9526352339909,0,0,0,5,23,0,0,0,0,3.325626546502268,816.6772737231857,3.325626546502268,-1,8,0,1,690.5750052773349,0,0,0,0
289,25148,226.8017172327475,0,0,0,0,0,0,0,1,0,3.237089474935637,791.6443236617463,3.237089474935637,26.62871723274746,8,1,0,1338.654073869627,0,0,0,0
290,27385,238.5540525879444,0,0,0,0,0,0,0,1,0,3.256002644242513,797.7720852157157,3.256002644242513,38.38105258794481,8,1,0,697.3822355138143,0,0,0,0
291,19430,200.1730000000005,0,0,0,0,0,0,0,0,0,3.224954461959733,787.7534931273681,3.224954461959733,-1,8,1,0,13952.37627663934,0,0,0,0
292,29460,238.8949536456339,0,0,0,0,0,0,0,1,0,3.234143250244381,793.5924701955578,3.234143250244381,38.72195364563393,8,1,0,2061.045660484687,0,0,0,0
293,19822,212.0602377550542,0,0,0,3,17,0,0,0,0,3.262265488672253,800.9829775580955,3.262265488672253,-1,8,0,1,702.211960984768,0,0,0,0
294,31132,254.7507627736541,0,0,0,0,0,0,0,1,0,3.120570108336076,763.0984674164512,3.120570108336076,54.57776277365385,8,1,0,5986.34049887841,0,0,0,0
295,26232,230.8060191678225,0,0,0,0,0,0,0,1,0,3.107591619826688,757.8672708876086,3.107591619826688,30.63301916782198,8,1,0,1856.278519077563,0,0,0,0
296,19211,201.4263562828747,0,0,0,0,0,0,0,0,0,3.19988890084637,783.9955544126676,3.19988890084637,-1,8,0,1,807.0620696729226,0,0,0,0
297,25256,227.7966700980697,0,0,0,0,0,0,0,1,0,3.231694879997508,792.4349983787731,3.231694879997508,27.62367009806987,8,1,0,1113.876655446949,0,0,0,0
298,19056,201.9551955228278,0,0,0,0,0,0,0,0,0,3.20653072861761,784.7822355780564,3.20653072861761,-1,8,0,1,1974.394448807507,0,0,0,0
299,20467,240.5569015030688,0,0,0,3,12,0,0,0,0,3.275117167215048,804.7099170015484,3.275117167215048,-1,8,0,1,573.7495243482344,0,0,0,0
300,28032,239.586791627164,0,0,0,0,0,0,0,1,0,3.184124836119409,781.4097557465393,3.184124836119409,39.5840416271641,1,1,0,826.2757788962842,0,0,0,0
301,30260,250.4506465582513,0,0,0,0,0,0,0,1,0,3.210665832918007,787.4137670475104,3.210665832918007,50.27764655825055,8,1,0,303.8585067759496,0,0,0,0
302,28721,245.4158538132718,0,0,0,0,0,0,0,1,0,3.063140671588449,748.8490503968306,3.063140671588449,45.24285381327161,8,1,0,3123.712224752982,0,0,0,0
303,27294,237.8810896575745,0,0,0,0,0,0,0,1,0,3.116487978510995,765.4659076181341,3.116487978510995,37.70808965757418,8,1,0,706.8239652620879,0,0,0,0
304,28239,246.2544483281234,0,0,0,0,0,0,0,1,0,3.226487168390841,791.4971351220732,3.226487168390841,46.25169832813282,1,1,0,420.9774211926823,0,0,0,0
305,26404,231.8094208594929,0,0,0,0,0,0,0,1,0,3.041061087261581,742.4021088423334,3.041061087261581,31.80667085949249,1,1,0,1267.142488450705,0,0,0,0
306,29886,242.0842805344416,0,0,0,0,0,0,0,1,0,3.242659590455905,798.4986481262831,3.242659590455905,41.91128053444064,8,1,0,2086.043462953442,0,0,0,0
307,29451,243.1255283438327,0,0,0,0,0,0,0,1,0,3.282588548471475,803.4291382243506,3.282588548471475,42.95252834383253,8,1,0,2153.349919768789,0,0,0,0
308,28440,237.9398144683678,0,0,0,0,0,0,0,1,0,3.334311619524522,819.7643843588552,3.334311619524522,37.76681446836862,8,1,0,626.3987893372109,0,0,0,0
309,21763,226.2572630329539,0,0,0,3,25,0,0,0,0,3.143667857993447,769.1290316310957,3.143667857993447,-1,8,0,1,446.899498687866,0,0,0,0
310,24942,226.4024766711316,0,0,0,0,0,0,0,1,0,3.204030859520024,786.4250361827274,3.204030859520024,26.2294766711304,8,1,0,1199.294316488959,0,0,0,0
311,29762,240.9281092511105,0,0,0,0,0,0,0,1,0,3.321381155218445,815.6058756410592,3.321381155218445,40.75510925111082,8,1,0,3466.901336446003,0,0,0,0
312,31133,249.1367583013665,0,0,0,0,0,0,0,1,0,3.298090696720548,806.3879861295443,3.298090696720548,49.13400830136705,1,1,0,1849.255238135053,0,0,0,0
313,29603,242.4340675174808,0,0,0,0,0,0,0,1,0,3.246385851227461,796.5347787132091,3.246385851227461,42.43131751748113,1,1,0,3608.763801116906,0,0,0,0
314,28553,240.8212595777683,0,0,0,0,0,0,0,1,0,3.155167110228652,771.5775257345024,3.155167110228652,40.8185095777683,1,1,0,3041.735070346603,0,0,0,0
315,27789,239.382448496726,0,0,0,0,0,0,0,1,0,3.135100733418241,769.2109773369922,3.135100733418241,39.20944849672577,8,1,0,2079.479557624861,0,0,0,0
316,23858,220.155167904688,0,0,0,0,0,0,0,1,0,3.084941105358822,753.4307604477817,3.084941105358822,19.98216790468835,8,1,0,4043.797825738464,0,0,0,0
317,25418,225.0807533001701,0,0,0,0,0,0,0,1,0,3.108411931051017,758.0625687594166,3.108411931051017,24.90775330017077,8,1,0,3171.519599252556,0,0,0,0
318,30720,248.4324801134936,0,0,0,0,0,0,0,1,0,3.16575221999141,775.0884583995883,3.16575221999141,48.25948011349391,8,1,0,1167.498550373513,0,0,0,0
319,28898,240.9359515360793,0,0,0,0,0,0,0,1,0,3.155231569442576,773.9196674685759,3.155231569442576,40.93320153565232,1,1,0,467.7978287681179,0,0,0,0
320,29497,241.0778591130326,0,0,0,0,0,0,0,1,0,3.338016674190131,820.0389573820908,3.338016674190131,40.90485911303253,8,1,0,85.67820882485813,0,0,0,0
321,24726,221.5238808711056,0,0,0,0,0,0,0,1,0,3.057641320108897,747.2248060315511,3.057641320108897,21.35088087110604,8,1,0,383.2220290550005,0,0,0,0
322,26079,234.9046939189102,0,0,0,0,0,0,0,1,0,3.25031731113149,798.7449817333053,3.25031731113149,34.73169391891002,8,1,0,226.7359583053564,0,0,0,0
323,26353,231.1816348527812,0,0,0,0,0,0,0,1,0,3.2265473190876,789.7621487889472,3.2265473190876,31.00863485278056,8,1,0,2623.103945955568,0,0,0,0
324,19096,255.5179907820658,0,0,0,2,14,0,0,0,0,3.257411682637928,798.6536935986987,3.257411682637928,-1,8,0,1,304.5311636406699,0,0,0,0
325,25749,230.2516675924187,0,0,0,0,0,0,0,1,0,3.234156727034297,793.2805523896553,3.234156727034297,30.07866759241771,8,1,0,1752.402050069946,0,0,0,0
326,24487,223.3250152908226,0,0,0,0,0,0,0,1,0,3.133921521585554,766.5345298074972,3.133921521585554,23.15201529082261,8,1,0,3753.390129994425,0,0,0,0
327,27001,233.6186832845491,0,0,0,0,0,0,0,1,0,3.231069002361806,792.9765686006392,3.231069002361806,33.44568328454964,8,1,0,2731.815956800238,0,0,0,0
328,23976,225.0336732447713,0,0,0,0,0,0,0,1,0,3.17604165094747,776.807511298941,3.17604165094747,24.86067324489746,8,1,0,3570.179891660145,0,0,0,0
329,30099,245.5199055441394,0,0,0,0,0,0,0,1,0,3.298955071144204,808.829685928178,3.298955071144204,45.34690554413861,8,1,0,132.5260593822717,0,0,0,0
330,27094,233.55348757504,0,0,0,0,0,0,0,1,0,3.113269893813135,760.9362473054392,3.113269893813135,33.38048757503987,8,1,0,3062.200944551446,0,0,0,0
331,29465,245.4213951632774,0,0,0,0,0,0,0,1,0,3.253135694376561,798.3312994004061,3.253135694376561,45.2483951633621,8,1,0,80.12542552126426,0,0,0,0
332,19702,200.1730000000003,0,0,0,0,0,0,0,0,0,3.235362113604996,794.4230587695005,3.235362113604996,-1,8,1,0,12391.03732387931,0,0,0,0
333,24986,228.7480430978559,0,0,0,0,0,0,0,1,0,3.167633581569393,775.7378194491122,3.167633581569393,28.57504309785613,8,1,0,7375.658017402665,0,0,0,0
334,25496,227.2924749527053,0,0,0,0,0,0,0,1,0,3.028039005406663,735.8733745557482,3.028039005406663,27.1194749527055,8,1,0,186.5123443014665,0,0,0,0
335,23524,214.0079065935939,0,0,0,0,0,0,0,1,0,3.138101704878018,768.0706096545943,3.138101704878018,13.83490659359368,8,1,0,2182.004557606378,0,0,0,0
336,24537,224.2302434354079,0,0,0,0,0,0,0,1,0,3.092786466169336,757.3950260027967,3.092786466169336,24.05724343546959,8,1,0,26.53039191080179,0,0,0,0
337,23616,217.8181624150855,0,0,0,0,0,0,0,1,0,3.220285427385149,788.7209906301764,3.220285427385149,17.81541241508451,1,1,0,984.9077130567572,0,0,0,0
338,30352,251.9755978847512,0,0,0,0,0,0,0,1,0,3.270476341366832,802.0409892602156,3.270476341366832,51.80259788475115,8,1,0,1474.824490370933,0,0,0,0
339,22525,212.7852468278458,0,0,0,0,0,0,0,1,0,3.237010436617548,793.5694770922106,3.237010436617548,12.61224682784622,8,1,0,567.0968707600526,0,0,0,0
340,29967,246.8448056167519,0,0,0,0,0,0,0,1,0,3.237797040740615,795.7397811398206,3.237797040740615,46.67180561675197,8,1,0,3251.206878735619,0,0,0,0
341,31086,251.0437784948624,0,0,0,0,0,0,0,1,0,3.296017836964143,809.1684951500439,3.296017836964143,51.04102849486136,1,1,0,2190.997721673217,0,0,0,0
342,27277,233.6741590140609,0,0,0,0,0,0,0,1,0,3.146743355435021,768.664388726171,3.146743355435021,33.67140901406184,1,1,0,4822.879277369598,0,0,0,0
343,24361,219.3539379553358,0,0,0,0,0,0,0,1,0,3.3129752535855,810.978768193682,3.3129752535855,19.18093795533555,8,1,0,2884.673461134756,0,0,0,0
344,29906,247.6258323567133,0,0,0,0,0,0,0,1,0,3.03733654171328,738.9932736237871,3.03733654171328,47.45283235671309,8,1,0,1619.135635287268,0,0,0,0
345,25914,228.3793807464703,0,0,0,0,0,0,0,1,0,3.18175153182215,777.5447974656446,3.18175153182215,28.37663074647018,1,1,0,112.7989354813016,0,0,0,0
346,29730,244.7317893256012,0,0,0,0,0,0,0,1,0,3.21160726286509,789.9783207703581,3.21160726286509,44.55878932560113,8,1,0,1781.265429852536,0,0,0,0
347,27932,237.3443104102547,0,0,0,0,0,0,0,1,0,3.321794904434184,816.304331977061,3.321794904434184,37.17131041026142,8,1,0,4.479612610915907,0,0,0,0
348,30237,246.0508495065618,0,0,0,0,0,0,0,1,0,3.328540043464811,817.8468582186176,3.328540043464811,46.04809950656228,1,1,0,5210.927385809521,0,0,0,0
349,30447,244.7177899014638,0,0,0,0,0,0,0,1,0,3.364841185435156,825.5222058436166,3.364841185435156,44.54478990146395,8,1,0,180.2165726443825,0,0,0,0
350,23303,213.9949547980546,0,0,0,0,0,0,0,1,0,3.255506447176724,798.3807776915796,3.255506447176724,13.82195479805407,8,1,0,2378.577003667004,0,0,0,0
351,30353,248.7116337005519,0,0,0,0,0,0,0,1,0,3.059916653225532,748.7371219233379,3.059916653225532,48.70888370055103,1,1,0,2727.252586130778,0,0,0,0
352,26334,235.4896844761988,0,0,0,0,0,0,0,1,0,3.2168016284867,788.955700615393,3.2168016284867,35.48693447620182,1,1,0,2054.383681602899,0,0,0,0
353,27713,237.2873312009849,0,0,0,0,0,0,0,1,0,3.208934038177525,788.130092148194,3.208934038177525,37.11433120129759,8,1,0,196.1461531424875,0,0,0,0
354,28678,238.5946220066592,0,0,0,0,0,0,0,1,0,3.331300674930287,817.176644989393,3.331300674930287,38.42162200665933,8,1,0,946.1618287505454,0,0,0,0
355,28058,238.3555678790213,0,0,0,0,0,0,0,1,0,3.275255877287603,804.7579951111189,3.275255877287603,38.18256787902073,8,1,0,967.5832782250469,0,0,0,0
356,27672,236.3043919728779,0,0,0,0,0,0,0,1,0,3.269725122015652,803.1294616703967,3.269725122015652,36.30164197287771,1,1,0,125.4108779322205,0,0,0,0
357,24230,219.7054130953941,0,0,0,0,0,0,0,1,0,3.220885006456689,790.0728942038007,3.220885006456689,19.53241309539425,8,1,0,1698.691043837531,0,0,0,0
358,30887,249.4429207547348,0,0,0,0,0,0,0,1,0,3.286508196659341,806.4644128748488,3.286508196659341,49.26992075473459,8,1,0,861.3839383564264,0,0,0,0
359,29279,246.9351637889828,0,0,0,0,0,0,0,1,0,3.153454732021336,767.4657421291789,3.153454732021336,46.93241378898209,1,1,0,5505.364165218558,0,0,0,0
360,24133,219.2926629390497,0,0,0,0,0,0,0,1,0,3.261401026464455,800.8091196801756,3.261401026464455,19.11966293904967,8,1,0,749.9907372551095,0,0,0,0
361,30590,252.7364338965403,0,0,0,0,0,0,0,1,0,3.254364937014599,799.4518133616126,3.254364937014599,52.56343389653941,8,1,0,65.78572057573517,0,0,0,0
362,30706,251.0941265420002,0,0,0,0,0,0,0,1,0,3.191195818107425,783.0221426512045,3.191195818107425,50.92112654199985,8,1,0,708.0888416363248,0,0,0,0
363,24283,221.5456079962004,0,0,0,0,0,0,0,1,0,3.267078597691286,802.8064273521354,3.267078597691286,21.54285799620013,1,1,0,235.5035094673014,0,0,0,0
364,28064,242.9911444692534,0,0,0,0,0,0,0,1,0,3.071099031547824,750.668144259227,3.071099031547824,42.81814446925316,8,1,0,2274.013225635786,0,0,0,0
365,19685,202.5963321347799,0,0,0,1,6,0,0,0,0,3.247779837904152,795.8105231063023,3.247779837904152,-1,8,0,1,1533.778865202927,0,0,0,0
366,19732,205.6325297738888,0,0,0,2,8,0,0,0,0,3.182837809504739,779.5670387082032,3.182837809504739,-1,8,0,1,1303.024309499336,0,0,0,0
367,25758,230.2971111887306,0,0,0,0,0,0,0,1,0,3.232407800312515,793.6086858527844,3.232407800312515,30.29436118873019,1,1,0,4251.780671925613,0,0,0,0
368,27172,235.4880007580397,0,0,0,0,0,0,0,1,0,3.209597308848439,788.2941109761546,3.209597308848439,35.31500075803954,8,1,0,2010.942123692234,0,0,0,0
369,30442,254.3152563092209,0,0,0,0,0,0,0,1,0,3.222487417514682,789.7106367727959,3.222487417514682,54.14225630922027,8,1,0,183.2064992216263,0,0,0,0
370,30239,246.3857809769532,0,0,0,0,0,0,0,1,0,3.227110698771248,792.1158850343842,3.227110698771248,46.21278097695325,8,1,0,4429.041267307804,0,0,0,0
371,24592,223.1441218408798,0,0,0,0,0,0,0,1,0,3.125025163126973,768.343344107941,3.125025163126973,22.97112184088013,8,1,0,1709.901798238971,0,0,0,0
372,29878,250.3533980291493,0,0,0,0,0,0,0,1,0,3.176969006598183,775.3215210474668,3.176969006598183,50.18039802914925,8,1,0,5201.162284045442,0,0,0,0
373,30763,245.6981931354308,0,0,0,0,0,0,0,1,0,3.303596011214713,814.3101981130631,3.303596011214713,45.69544313543115,1,1,0,1233.415698255173,0,0,0,0
374,28687,242.1595631291684,0,0,0,0,0,0,0,1,0,3.425838041901679,841.9796222114333,3.425838041901679,41.98656312916782,8,1,0,1366.873168466037,0,0,0,0
375,19740,202.5650495668009,0,0,0,0,0,0,0,0,0,3.171582227027707,779.1488255960843,3.171582227027707,-1,8,0,1,281.2357687538297,0,0,0,0
376,29018,245.1774694309008,0,0,0,0,0,0,0,1,0,3.183528730665046,778.7093044142467,3.183528730665046,45.00446943090098,8,1,0,518.4207672134895,0,0,0,0
377,29818,247.2734513802994,0,0,0,0,0,0,0,1,0,3.218519539600172,789.7091442258345,3.218519539600172,47.10045138029846,8,1,0,941.1461760135563,0,0,0,0
378,25850,226.6984299703717,0,0,0,0,0,0,0,1,0,3.204958207883996,786.6538168786597,3.204958207883996,26.52542997037158,8,1,0,670.8705618393075,0,0,0,0
379,29138,248.8505984914879,0,0,0,0,0,0,0,1,0,3.274366433242202,801.8588621995098,3.274366433242202,48.67759849147883,8,1,0,1513.62154371767,0,0,0,0
380,29152,244.5199074957714,0,0,0,0,0,0,0,1,0,3.244419854781461,795.750943455528,3.244419854781461,44.51715749577139,1,1,0,374.7764314967524,0,0,0,0
381,29009,240.3514428198215,0,0,0,0,0,0,0,1,0,3.20216799613552,782.2080181499476,3.20216799613552,40.17844281982117,8,1,0,379.6288178017733,0,0,0,0
382,26484,229.5812458955035,0,0,0,0,0,0,0,1,0,3.256259096163014,797.5895018535988,3.256259096163014,29.40824589550292,8,1,0,497.810226923656,0,0,0,0
383,30206,248.7494285821912,0,0,0,0,0,0,0,1,0,3.202367977330015,782.5802227214367,3.202367977330015,48.57642858219094,8,1,0,984.4573400140345,0,0,0,0
384,22224,211.011937613864,0,0,0,0,0,0,0,1,0,3.330867814482519,819.14335557949,3.330867814482519,11.00918761386423,1,1,0,5697.111479964949,0,0,0,0
385,28002,242.3372963018655,0,0,0,0,0,0,0,1,0,3.258234868002786,801.8269378831091,3.258234868002786,42.16429630187449,8,1,0,985.5431671738389,0,0,0,0
386,28057,242.3812875914833,0,0,0,0,0,0,0,1,0,3.16699015405567,773.9761467042902,3.16699015405567,42.37853759157468,1,1,0,2296.865905909518,0,0,0,0
387,26702,231.1776735626143,0,0,0,0,0,0,0,1,0,3.357039296232625,828.924543360796,3.357039296232625,31.00467356261145,8,1,0,2059.145840338878,0,0,0,0
388,29492,249.2390655106915,0,0,0,0,0,0,0,1,0,3.215792876017369,787.8278061035251,3.215792876017369,49.06606551069176,8,1,0,1208.593874722721,0,0,0,0
389,24304,219.6442761120252,0,0,0,0,0,0,0,1,0,3.206931018195634,786.9146342955256,3.206931018195634,19.47127611202451,8,1,0,3825.834484550716,0,0,0,0
390,19740,223.6001597318563,0,0,0,1,8,0,0,0,0,3.209823806381336,788.5812833122465,3.209823806381336,-1,8,0,1,660.0226721006217,0,0,0,0
391,27703,231.9619027571518,0,0,0,0,0,0,0,1,0,3.264513527692881,801.3673295940602,3.264513527692881,31.78890275715168,8,1,0,485.1447574378036,0,0,0,0
392,25202,224.9792991063546,0,0,0,0,0,0,0,1,0,3.204652316784591,785.7112091869587,3.204652316784591,24.80629910635478,8,1,0,1145.300512624655,0,0,0,0
393,29541,241.6626489472586,0,0,0,0,0,0,0,1,0,3.187433964289168,780.8834256364793,3.187433964289168,41.48964894725825,8,1,0,406.3569252786373,0,0,0,0
394,27276,236.5724500122915,0,0,0,0,0,0,0,1,0,3.059224951465077,747.0089953644515,3.059224951465077,36.56970001229167,1,1,0,1431.98610563881,0,0,0,0
395,30545,245.3526779906221,0,0,0,0,0,0,0,1,0,3.246619911240156,797.4423406128277,3.246619911240156,45.17967799062154,8,1,0,1348.608832155161,0,0,0,0
396,28271,241.40120231428,0,0,0,0,0,0,0,1,0,3.229838949536984,791.5975638567612,3.229838949536984,41.22820231425974,8,1,0,5480.36033761111,0,0,0,0
397,25632,228.6517447940405,0,0,0,0,0,0,0,1,0,3.203290426647057,784.1846123989513,3.203290426647057,28.47874479404034,8,1,0,632.4610052848926,0,0,0,0
398,31421,252.3541141808527,0,0,0,0,0,0,0,1,0,3.117288653399842,764.0805473459211,3.117288653399842,52.35136418085312,1,1,0,4539.850011724522,0,0,0,0
399,24957,223.4307331963572,0,0,0,0,0,0,0,1,0,3.221166481269349,791.2582985338867,3.221166481269349,23.25773319635698,8,1,0,341.4924891386611,0,0,0,0
400,26572,227.9781818984315,0,0,0,0,0,0,0,1,0,3.102844590544327,760.4850220938522,3.102844590544327,27.8051818984314,8,1,0,1165.924093862871,0,0,0,0
401,28106,237.6017211933874,0,0,0,0,0,0,0,1,0,3.277289653441668,804.4302639091393,3.277289653441668,37.59897119338697,1,1,0,148.294009745286,0,0,0,0
402,29208,240.4506362245713,0,0,0,0,0,0,0,1,0,3.09329225737603,755.4325732775137,3.09329225737603,40.44788622456718,1,1,0,1620.754754991153,0,0,0,0
403,31002,245.8602088217796,0,0,0,0,0,0,0,1,0,3.30246335662737,813.9822625308674,3.30246335662737,45.68720882177933,8,1,0,4113.911907083975,0,0,0,0
404,28477,239.530153096276,0,0,0,0,0,0,0,1,0,3.103761779749869,760.2241201615091,3.103761779749869,39.52740309627526,1,1,0,2327.715900262535,0,0,0,0
405,29291,244.0461840098411,0,0,0,0,0,0,0,1,0,3.264241500440938,801.6736224094287,3.264241500440938,44.04343400984098,1,1,0,210.6022261567566,0,0,0,0
406,29279,242.8455216366435,0,0,0,0,0,0,0,1,0,3.397748277745306,834.4878253391796,3.397748277745306,42.84277163664405,1,1,0,5661.101371804027,0,0,0,0
407,22790,216.774358134853,0,0,0,0,0,0,0,1,0,3.21427562571646,786.4104979169711,3.21427562571646,16.60135813485318,8,1,0,5593.65526867194,0,0,0,0
408,28057,239.6564530339883,0,0,0,0,0,0,0,1,0,3.260304947425886,801.2486987712542,3.260304947425886,39.4834530339887,8,1,0,3166.957436346665,0,0,0,0
409,28621,237.3812812561379,0,0,0,0,0,0,0,1,0,3.122115970974395,764.0963964948373,3.122115970974395,37.2082812561381,8,1,0,1760.991011031265,0,0,0,0
410,27061,232.3441140703698,0,0,0,0,0,0,0,1,0,3.161398087098626,774.8543943698188,3.161398087098626,32.34136407036935,1,1,0,82.99985827777009,0,0,0,0
411,26543,235.2879261070802,0,0,0,0,0,0,0,1,0,3.102570868832854,760.7685160017352,3.102570868832854,35.11492610708058,8,1,0,692.1653145811025,0,0,0,0
412,25105,225.4703818796958,0,0,0,0,0,0,0,1,0,3.325432903845229,817.9610677072067,3.325432903845229,25.46763187969549,1,1,0,2412.670174028228,0,0,0,0
413,25576,226.8399355824978,0,0,0,0,0,0,0,1,0,3.206562821961972,785.3261168940788,3.206562821961972,26.83718558245771,1,1,0,298.6071376215162,0,0,0,0
414,28465,237.8813012702093,0,0,0,0,0,0,0,1,0,3.371102398050856,828.173565982374,3.371102398050856,37.70830127020982,8,1,0,435.0111002573787,0,0,0,0
415,24430,220.82181824608,0,0,0,0,0,0,0,1,0,3.283168370725803,806.1584011397773,3.283168370725803,20.81906824608023,1,1,0,5356.879379864522,0,0,0,0
416,21365,247.4984095183538,0,0,0,4,27,0,0,0,0,3.236542611107001,794.5818758221714,3.236542611107001,-1,8,0,1,3259.299232797205,0,0,0,0
417,27407,233.9228958473878,0,0,0,0,0,0,0,1,0,3.165262615002773,773.1304805492363,3.165262615002773,33.92014584738806,1,1,0,4894.287392462295,0,0,0,0
418,27836,241.8578000605934,0,0,0,0,0,0,0,1,0,3.221727833451256,788.1715292576965,3.221727833451256,41.68480006064034,8,1,0,3537.090621361016,0,0,0,0
419,24354,223.6592085551258,0,0,0,0,0,0,0,1,0,3.220653292285857,789.3393375209205,3.220653292285857,23.65645855512594,1,1,0,3249.960939480727,0,0,0,0
420,25810,224.4904471133975,0,0,0,0,0,0,0,1,0,3.175215141702918,778.316799486144,3.175215141702918,24.31744711339675,8,1,0,2025.978360505177,0,0,0,0
421,29386,243.8189457064166,0,0,0,0,0,0,0,1,0,3.30922120714863,812.5308380924275,3.30922120714863,43.81619570641616,1,1,0,4314.524961951667,0,0,0,0
422,28725,239.8941729691001,0,0,0,0,0,0,0,1,0,3.320252832799539,816.4842441164486,3.320252832799539,39.72117296910007,8,1,0,7516.442466354495,0,0,0,0
423,27442,236.7985287568413,0,0,0,0,0,0,0,1,0,3.157804775891494,775.0560411274428,3.157804775891494,36.79577875684126,1,1,0,888.137050130346,0,0,0,0
424,25889,227.1456581034818,0,0,0,0,0,0,0,1,0,3.173531453447716,777.9014003528951,3.173531453447716,26.97265810348161,8,1,0,1161.759908423846,0,0,0,0
425,27120,230.692156466365,0,0,0,0,0,0,0,1,0,3.143402779929242,774.1187273362981,3.143402779929242,30.68940646636532,1,1,0,354.4115299828175,0,0,0,0
426,22986,215.0256741812727,0,0,0,0,0,0,0,1,0,3.310470353145704,813.4701094778458,3.310470353145704,15.02292418127283,1,1,0,348.1361647526847,0,0,0,0
427,25468,227.086246029391,0,0,0,0,0,0,0,1,0,3.13714751869042,767.7819680171309,3.13714751869042,26.91324602939187,8,1,0,558.1328281881315,0,0,0,0
428,27073,232.0452493237548,0,0,0,0,0,0,0,1,0,3.286811700209495,807.2588776233476,3.286811700209495,31.87224932375505,8,1,0,2067.883227092583,0,0,0,0
429,26271,226.925701232337,0,0,0,0,0,0,0,1,0,3.259374976027092,801.1388382412877,3.259374976027092,26.92295123233692,1,1,0,678.5423819059113,0,0,0,0
430,20665,211.4133157754153,0,0,0,1,6,0,0,0,0,3.17617660288606,777.9025717644972,3.17617660288606,-1,8,0,1,2665.966235336142,0,0,0,0
431,28352,238.9845461463229,0,0,0,0,0,0,0,1,0,3.108004069468794,762.5515488124028,3.108004069468794,38.98179614632236,1,1,0,510.0267774910662,0,0,0,0
432,28855,246.6268453413765,0,0,0,0,0,0,0,1,0,3.002724027483689,733.0062998619413,3.002724027483689,46.45384533795523,8,1,0,838.2785958221685,0,0,0,0
433,24034,220.2062656250322,0,0,0,0,0,0,0,1,0,3.141331787053241,765.5765087986434,3.141331787053241,20.20351562503219,1,1,0,1399.697329132161,0,0,0,0
434,20710,214.7238770806703,0,0,0,2,24,0,0,0,0,3.133040685945182,765.5436620495636,3.133040685945182,-1,8,0,1,850.5159816420877,0,0,0,0
435,27439,234.3119574576609,0,0,0,0,0,0,0,1,0,3.240523609477674,795.158874392228,3.240523609477674,34.30920745766092,1,1,0,1973.001163238368,0,0,0,0
436,23885,220.5026743501396,0,0,0,0,0,0,0,1,0,3.233533451709692,793.6786926494823,3.233533451709692,20.32967435014013,8,1,0,2341.5720512509,0,0,0,0
437,30659,250.3810104397451,0,0,0,0,0,0,0,1,0,3.252453889186927,798.0430596653219,3.252453889186927,50.37826043974531,1,1,0,1810.976461307178,0,0,0,0
438,21893,212.9647839966875,0,0,0,0,0,0,0,1,0,3.181866170570621,781.4723651033513,3.181866170570621,12.79178399668732,8,1,0,4701.065696821249,0,0,0,0
439,27209,231.9314525362953,0,0,0,0,0,0,0,1,0,3.277836315212615,805.0375375536162,3.277836315212615,31.75845253629634,8,1,0,5435.024972315524,0,0,0,0
440,26600,232.7293162807019,0,0,0,0,0,0,0,1,0,3.222688139783386,789.096380285933,3.222688139783386,32.55631628070238,8,1,0,533.2063377612451,0,0,0,0
441,25851,232.4418839242446,0,0,0,0,0,0,0,1,0,3.183761168404814,782.0702717738612,3.183761168404814,32.26888392424386,8,1,0,466.834345757009,0,0,0,0
442,20927,229.3121328619356,0,0,0,3,20,0,0,0,0,3.18216710060135,779.3012437882156,3.18216710060135,-1,8,0,1,807.7502020419269,0,0,0,0
443,23856,218.0885685922057,0,0,0,0,0,0,0,1,0,3.288801108740506,806.4122432932377,3.288801108740506,17.91556859220547,8,1,0,70.07422156696769,0,0,0,0
444,20215,254.9935012831004,0,0,0,3,26,0,0,0,0,3.256048369702194,797.3132024266926,3.256048369702194,-1,8,0,1,2954.014247031119,0,0,0,0
445,30244,249.7824476270102,0,0,0,0,0,0,0,1,0,3.225141536095362,791.3421654076033,3.225141536095362,49.6094476270103,8,1,0,2731.54917308467,0,0,0,0
446,28766,239.0444235395051,0,0,0,0,0,0,0,1,0,3.222258872716045,792.175568858946,3.222258872716045,38.87142353950565,8,1,0,1515.224073113524,0,0,0,0
447,30397,247.0748051174439,0,0,0,0,0,0,0,1,0,3.212345304460751,786.5615398360914,3.212345304460751,47.07205511744279,1,1,0,418.5592203796354,0,0,0,0
448,28427,233.3368464969022,0,0,0,0,0,0,0,1,0,3.131762145004987,766.9981579151075,3.131762145004987,33.16384649690231,8,1,0,894.1073285221163,0,0,0,0
449,28154,237.4699074440544,0,0,0,0,0,0,0,1,0,3.069720342984504,747.7754700369469,3.069720342984504,37.29690744405493,8,1,0,1301.890230179026,0,0,0,0
450,31771,250.4233575699988,0,0,0,0,0,0,0,1,0,3.194176097254221,781.9939494869344,3.194176097254221,50.42060756999906,1,1,0,2809.847310278054,0,0,0,0
451,28208,237.8988398605989,0,0,0,0,0,0,0,1,0,3.207746114519749,786.9645923958278,3.207746114519749,37.89608986059931,1,1,0,3047.995827040111,0,0,0,0
452,29536,249.5429293006728,0,0,0,0,0,0,0,1,0,3.169246027535348,776.6238131495825,3.169246027535348,49.54017930071034,1,1,0,1057.26220282946,0,0,0,0
453,19487,215.2993196117644,0,0,0,3,18,0,0,0,0,3.256622278579727,799.0329092894491,3.256622278579727,-1,8,0,1,1082.130498141073,0,0,0,0
454,19569,203.3167000172946,0,0,0,1,8,0,0,0,0,3.047206495927622,743.1356399638586,3.047206495927622,-1,8,0,1,3217.033451721733,0,0,0,0
455,28757,238.6835737406888,0,0,0,0,0,0,0,1,0,3.279911673879596,807.4079826117742,3.279911673879596,38.68082374068851,1,1,0,2227.433537507873,0,0,0,0
456,29290,243.5381309964122,0,0,0,0,0,0,0,1,0,3.167788409981002,775.189378614474,3.167788409981002,43.36513099641191,8,1,0,572.4739365902984,0,0,0,0
457,30908,245.5044997543098,0,0,0,0,0,0,0,1,0,3.113409983218847,762.6908105387492,3.113409983218847,45.33149975431035,8,1,0,1207.935256260097,0,0,0,0
458,24123,219.5332968914556,0,0,0,0,0,0,0,1,0,3.232384498002753,790.1322280015013,3.232384498002753,19.36029689145547,8,1,0,577.4564116974719,0,0,0,0
459,20089,236.9340889567061,0,0,0,3,25,0,0,0,0,3.210909213112845,789.6565759860091,3.210909213112845,-1,8,0,1,231.6252582002923,0,0,0,0
460,20101,271.2289225955403,0,0,0,1,10,0,0,0,0,3.150215503745846,771.4486720641227,3.150215503745846,-1,8,0,1,450.486669528733,0,0,0,0
461,29102,238.1798924528825,0,0,0,0,0,0,0,1,0,3.111155982201768,760.8952379149745,3.111155982201768,38.17714245288291,1,1,0,607.1394968538674,0,0,0,0
462,24101,217.6825196561999,0,0,0,0,0,0,0,1,0,3.300911341494411,810.5140812412074,3.300911341494411,17.50951965619882,8,1,0,1703.650302874495,0,0,0,0
463,28393,238.2679060990727,0,0,0,0,0,0,0,1,0,3.179848326908557,778.6302768171408,3.179848326908557,38.26515609907371,1,1,0,10.06341900709267,0,0,0,0
464,28055,236.2448730844675,0,0,0,0,0,0,0,1,0,3.311029387919723,810.0821882277279,3.311029387919723,36.07187308446732,8,1,0,2513.489582497549,0,0,0,0
465,26737,237.779808149415,0,0,0,0,0,0,0,1,0,3.073053246037786,748.1410776423303,3.073053246037786,37.60680814941547,8,1,0,4622.4448896995,0,0,0,0
466,26996,228.808736072469,0,0,0,0,0,0,0,1,0,3.1793722137648,778.9293103702446,3.1793722137648,28.63573607246962,8,1,0,1389.312731003197,0,0,0,0
467,25740,229.4219037421979,0,0,0,0,0,0,0,1,0,3.045005123290859,745.1798059354876,3.045005123290859,29.24890374219682,8,1,0,224.3333546895531,0,0,0,0
468,27631,237.9542120551959,0,0,0,0,0,0,0,1,0,3.160425301323134,774.57824224952,3.160425301323134,37.78121205519591,8,1,0,1863.301368641715,0,0,0,0
469,19703,217.878947793541,0,0,0,2,16,0,0,0,0,3.142298098511243,768.7138779540776,3.142298098511243,-1,8,0,1,1802.56087446801,0,0,0,0
470,30952,244.2865776618078,0,0,0,0,0,0,0,1,0,3.320532357589726,818.8426090401522,3.320532357589726,44.11357766180907,8,1,0,909.098924707749,0,0,0,0
471,23116,217.3179165455578,0,0,0,0,0,0,0,1,0,3.221769308453654,791.2961015311844,3.221769308453654,17.31516654555768,1,1,0,2199.594104868434,0,0,0,0
472,29900,246.833391229968,0,0,0,0,0,0,0,1,0,3.169236536566979,776.4260624987024,3.169236536566979,46.83064122996831,1,1,0,615.4504373664437,0,0,0,0
473,26899,234.1731784807805,0,0,0,0,0,0,0,1,0,3.242617435063767,797.9731237983077,3.242617435063767,34.00017848078043,8,1,0,1812.026105673237,0,0,0,0
474,30680,248.0366046096102,0,0,0,0,0,0,0,1,0,3.331406596011563,817.8428967074541,3.331406596011563,48.03385460961028,1,1,0,427.0598634854763,0,0,0,0
475,23596,217.9104393190469,0,0,0,0,0,0,0,1,0,3.233040978338609,791.432741701712,3.233040978338609,17.90768931920312,1,1,0,2103.89858582197,0,0,0,0
476,26302,234.772094399752,0,0,0,0,0,0,0,1,0,3.179988743910695,781.8296116185976,3.179988743910695,34.59909439975252,8,1,0,446.4501342590543,0,0,0,0
477,26761,234.677210482476,0,0,0,0,0,0,0,1,0,3.269747579061648,803.0064784264949,3.269747579061648,34.50421048247566,8,1,0,3071.340542443936,0,0,0,0
478,27124,235.01819511467,0,0,0,0,0,0,0,1,0,3.289795219650745,807.4917363892888,3.289795219650745,34.84519511466525,8,1,0,1914.883702530242,0,0,0,0
479,28602,238.7018257906404,0,0,0,0,0,0,0,1,0,3.239781749234021,796.6054419721195,3.239781749234021,38.52882579063984,8,1,0,488.548031337605,0,0,0,0
480,27563,238.2732595762811,0,0,0,0,0,0,0,1,0,3.161456294673389,776.1617770944115,3.161456294673389,38.27050957619815,1,1,0,487.9124590482973,0,0,0,0
481,24523,226.2864051422852,0,0,0,0,0,0,0,1,0,3.223449157145641,789.1248589657721,3.223449157145641,26.11340514228532,8,1,0,859.3743902951567,0,0,0,0
482,28533,239.6568237702045,0,0,0,0,0,0,0,1,0,3.244274440326209,794.7489867308308,3.244274440326209,39.48382377020405,8,1,0,89.25725870105677,0,0,0,0
483,23769,217.9942093976991,0,0,0,0,0,0,0,1,0,3.357267473429414,824.0126846978774,3.357267473429414,17.82120939769938,8,1,0,284.4084711491961,0,0,0,0
484,29871,249.3781973199202,0,0,0,0,0,0,0,1,0,3.297207826630127,808.9239837042686,3.297207826630127,49.20519731991993,8,1,0,248.7696439990403,0,0,0,0
485,30031,243.5645828508025,0,0,0,0,0,0,0,1,0,3.227696612778648,794.552922987419,3.227696612778648,43.39158285080218,8,1,0,1686.135368583276,0,0,0,0
486,29292,246.0839682174644,0,0,0,0,0,0,0,1,0,3.315951465296606,812.8808541896196,3.315951465296606,45.91096821746333,8,1,0,208.0421724202243,0,0,0,0
487,24531,222.8642101136942,0,0,0,0,0,0,0,1,0,3.17780175386312,778.2351603592881,3.17780175386312,22.69121011369383,8,1,0,679.1439024591363,0,0,0,0
488,21612,217.7934793334468,0,0,0,3,19,0,0,0,0,3.231275337131262,792.8970951800476,3.231275337131262,-1,8,0,1,422.6962417787397,0,0,0,0
489,30633,245.1372969933212,0,0,0,0,0,0,0,1,0,3.208197242240875,787.5459083204869,3.208197242240875,44.96429699332181,8,1,0,4190.391251371407,0,0,0,0
490,24132,219.4530423449072,0,0,0,0,0,0,0,1,0,3.107138224174395,758.1088751926492,3.107138224174395,19.28004234490716,8,1,0,970.9662461976985,0,0,0,0
491,27002,233.6287257511472,0,0,0,0,0,0,0,1,0,3.128127070059704,763.8085512417069,3.128127070059704,33.45572575114684,8,1,0,489.4548206403414,0,0,0,0
492,22862,215.8348110180677,0,0,0,0,0,0,0,1,0,3.188834781750199,782.8052688197542,3.188834781750199,15.66181101806719,8,1,0,2346.525224394294,0,0,0,0
493,30575,251.7034724868907,0,0,0,0,0,0,0,1,0,3.08099193553565,751.2129691353488,3.08099193553565,51.70072248689051,1,1,0,2754.537559719859,0,0,0,0
494,25581,225.2352000876433,0,0,0,0,0,0,0,1,0,3.11874451939041,759.9929013199253,3.11874451939041,25.06220008764284,8,1,0,514.1300492826621,0,0,0,0
495,29377,245.4950904288248,0,0,0,0,0,0,0,1,0,3.214199842991153,789.544628428891,3.214199842991153,45.32209042882399,8,1,0,2516.7814313741,0,0,0,0
496,29695,248.9005425502971,0,0,0,0,0,0,0,1,0,3.244394273222395,796.0080776928661,3.244394273222395,48.89779255030102,1,1,0,1933.530095255143,0,0,0,0
497,29062,240.1248417959895,0,0,0,0,0,0,0,1,0,3.224183352634223,791.7654933798141,3.224183352634223,40.12209179598939,1,1,0,3170.429154979045,0,0,0,0
498,25888,229.5465341732675,0,0,0,0,0,0,0,1,0,3.285193964199813,804.8203387652661,3.285193964199813,29.54378417326718,1,1,0,3038.241888756897,0,0,0,0
499,26963,231.063687697609,0,0,0,0,0,0,0,1,0,3.300366155227892,814.7399694355187,3.300366155227892,30.89068769760874,8,1,0,1889.817818289215,0,0,0,0
500,19319,233.2450953282763,0,0,0,3,28,0,0,0,0,3.180100221202526,778.2290487216324,3.180100221202526,-1,8,0,1,2490.352452009389,0,0,0,0
501,27653,236.6249934605153,0,0,0,0,0,0,0,1,0,3.086456287908343,751.8098788556813,3.086456287908343,36.45199346051497,8,1,0,231.9316456858579,0,0,0,0
502,22783,212.6368253375953,0,0,0,0,0,0,0,1,0,3.246694182974353,798.5008297977963,3.246694182974353,12.63407533759527,1,1,0,3086.935610248798,0,0,0,0
503,19629,202.034057526327,0,0,0,0,0,0,0,0,0,3.21548870309495,787.4279714587904,3.21548870309495,-1,8,0,1,178.7055625169595,0,0,0,0
504,30478,252.5352696215423,0,0,0,0,0,0,0,1,0,3.242123399588826,794.8403360227234,3.242123399588826,52.36226962154209,8,1,0,2409.216175339554,0,0,0,0
505,30105,246.1450491923666,0,0,0,0,0,0,0,1,0,3.36064101724553,825.0746297923541,3.36064101724553,46.14229919236619,1,1,0,1721.642565386985,0,0,0,0
506,31226,249.0640809609577,0,0,0,0,0,0,0,1,0,3.298606446897025,809.7188731568248,3.298606446897025,48.89108096095721,8,1,0,1546.747268148509,0,0,0,0
507,27166,235.4498074646914,0,0,0,0,0,0,0,1,0,3.103067308059116,758.1019865867614,3.103067308059116,35.44705746467665,1,1,0,1220.028782150644,0,0,0,0
508,29877,248.8329982001484,0,0,0,0,0,0,0,1,0,3.211811676803252,788.5275965435135,3.211811676803252,48.65999820014887,8,1,0,501.3619451839229,0,0,0,0
509,29401,240.7575340032375,0,0,0,0,0,0,0,1,0,3.237673210969011,793.9862248384261,3.237673210969011,40.58453400323786,8,1,0,903.8636419488155,0,0,0,0
510,25166,223.8853683068861,0,0,0,0,0,0,0,1,0,3.240091062176283,794.2223067431855,3.240091062176283,23.7123683068862,8,1,0,3142.734616774379,0,0,0,0
511,26794,233.8255728816514,0,0,0,0,0,0,0,1,0,3.24203290000918,794.279375164297,3.24203290000918,33.6525728816521,8,1,0,236.5544095579914,0,0,0,0
512,27228,236.2316091111793,0,0,0,0,0,0,0,1,0,3.070531806955281,748.3770244322603,3.070531806955281,36.05860911117867,8,1,0,397.9845735362412,0,0,0,0
513,26352,229.671762826801,0,0,0,0,0,0,0,1,0,3.207711940121896,786.6192777038907,3.207711940121896,29.66901282680041,1,1,0,510.0843573717081,0,0,0,0
514,29714,242.3823465668419,0,0,0,0,0,0,0,1,0,3.264874966154239,803.3470987193206,3.264874966154239,42.37959656683978,1,1,0,3528.353345945698,0,0,0,0
515,23874,219.0273884145653,0,0,0,0,0,0,0,1,0,3.163842681291313,774.838518909227,3.163842681291313,19.02463841456528,1,1,0,38.75467444211493,0,0,0,0
516,29346,241.1155489482653,0,0,0,0,0,0,0,1,0,3.178541400445225,781.1022615713296,3.178541400445225,40.94254894826587,8,1,0,3526.412716499241,0,0,0,0
517,24439,224.8993825798211,0,0,0,0,0,0,0,1,0,3.247237282110222,798.4247482113749,3.247237282110222,24.7263825798214,8,1,0,1133.45393715439,0,0,0,0
518,30475,247.6664062393411,0,0,0,0,0,0,0,1,0,3.14062309147438,768.5176980433478,3.14062309147438,47.49340623934051,8,1,0,658.6303095415772,0,0,0,0
519,29726,252.9007185578905,0,0,0,0,0,0,0,1,0,3.152050305067854,770.2539867194142,3.152050305067854,52.7277185578914,8,1,0,662.676351743805,0,0,0,0
520,19408,213.2690174471125,0,0,0,2,14,0,0,0,0,3.255039290005153,798.0453778033791,3.255039290005153,-1,8,0,1,2112.385362958955,0,0,0,0
521,20514,207.9676842005913,0,0,0,1,11,0,0,0,0,3.400563273343854,839.289323230508,3.400563273343854,-1,8,0,1,917.8888230375029,0,0,0,0
522,28664,240.3519743569561,0,0,0,0,0,0,0,1,0,3.170789048598931,777.5717649333664,3.170789048598931,40.34922435695649,1,1,0,2737.57453233395,0,0,0,0
523,25328,228.6625855015993,0,0,0,0,0,0,0,1,0,3.091521566625268,754.5870648658937,3.091521566625268,28.48958550159879,8,1,0,453.3869156550848,0,0,0,0
524,19245,202.2426805057286,0,0,0,0,0,0,0,0,0,3.217319689566383,789.3733802245841,3.217319689566383,-1,8,0,1,519.6948557537108,0,0,0,0
525,30679,250.8186632986597,0,0,0,0,0,0,0,1,0,3.235986128761042,795.6015954137199,3.235986128761042,50.81591329866018,1,1,0,1245.967335487506,0,0,0,0
526,31005,250.4721504001927,0,0,0,0,0,0,0,1,0,3.165013938135595,773.8385706492647,3.165013938135595,50.29915040032793,8,1,0,9782.61396385614,0,0,0,0
527,29642,241.7186544210507,0,0,0,0,0,0,0,1,0,3.240231261658245,793.0276583577368,3.240231261658245,41.54565442105086,8,1,0,176.5368072111305,0,0,0,0
528,30057,244.143023529434,0,0,0,0,0,0,0,1,0,3.04729563251913,744.6194814319317,3.04729563251913,44.14027352943435,1,1,0,1355.179935960902,0,0,0,0
529,21499,249.9373075376433,0,0,0,2,5,0,0,0,0,3.338524626210498,823.1462028874655,3.338524626210498,-1,8,0,1,783.6233105799804,0,0,0,0
530,25448,229.3297196913799,0,0,0,0,0,0,0,1,0,3.198155716769329,781.7230713342204,3.198155716769329,29.15671969137993,8,1,0,1737.257055171797,0,0,0,0
531,28484,238.9971789047159,0,0,0,0,0,0,0,1,0,3.320884813540696,814.0371058856174,3.320884813540696,38.8241789047162,8,1,0,2811.011643016807,0,0,0,0
532,30895,250.1078765921013,0,0,0,0,0,0,0,1,0,3.168629335639268,777.4893245352829,3.168629335639268,49.93487659210129,8,1,0,1269.56260880018,0,0,0,0
533,29367,243.9381018965092,0,0,0,0,0,0,0,1,0,3.192783429192367,783.2556158032337,3.192783429192367,43.76510189650865,8,1,0,2166.429905305676,0,0,0,0
534,29294,240.1867998926028,0,0,0,0,0,0,0,1,0,3.154255791452787,775.1915390911445,3.154255791452787,40.0137998926028,8,1,0,1312.440114170117,0,0,0,0
535,19854,201.6474287869239,0,0,0,0,0,0,0,0,0,3.122974593409296,763.0890257684193,3.122974593409296,-1,8,0,1,868.2104285102461,0,0,0,0
536,27550,233.9179707425028,0,0,0,0,0,0,0,1,0,3.229113372016982,790.4977094534468,3.229113372016982,33.74497074250236,8,1,0,1360.523759964241,0,0,0,0
537,28882,241.9240543892989,0,0,0,0,0,0,0,1,0,3.064869336417093,746.3446322876908,3.064869336417093,41.7510543892982,8,1,0,1438.141627449563,0,0,0,0
538,26720,233.3479765110628,0,0,0,0,0,0,0,1,0,3.280584894055,805.0937301577077,3.280584894055,33.17497651106299,8,1,0,1625.407484829953,0,0,0,0
539,22360,210.1158147269771,0,0,0,0,0,0,0,1,0,3.37891251252401,831.0352575282343,3.37891251252401,9.94281472697786,8,1,0,347.1648601344687,0,0,0,0
540,30924,250.2457018378292,0,0,0,0,0,0,0,1,0,3.187066216298905,778.2244552930384,3.187066216298905,50.07270183782907,8,1,0,183.3966550015628,0,0,0,0
541,19956,215.8466729375195,0,0,0,2,5,0,0,0,0,3.25330320755489,794.2984815391259,3.25330320755489,-1,8,0,1,1050.823496167825,0,0,0,0
542,26257,233.2378021098187,0,0,0,0,0,0,0,1,0,3.182020827434318,778.7520746274561,3.182020827434318,33.23505210981858,1,1,0,3768.364755798656,0,0,0,0
543,31079,252.9371538072059,0,0,0,0,0,0,0,1,0,3.230051836995773,794.1006554169318,3.230051836995773,52.76415380650479,8,1,0,1542.335547799369,0,0,0,0
544,25483,228.8445453917524,0,0,0,0,0,0,0,1,0,3.13511713994192,766.7202585549481,3.13511713994192,28.84179539175252,1,1,0,1516.48513096502,0,0,0,0
545,26813,232.2937718866226,0,0,0,0,0,0,0,1,0,2.988076547486153,727.7779304492113,2.988076547486153,32.12077188662207,8,1,0,738.9089937077455,0,0,0,0
546,25987,227.3971329692303,0,0,0,0,0,0,0,1,0,3.18727032005065,783.8659775595708,3.18727032005065,27.22413296923028,8,1,0,565.0264903684184,0,0,0,0
547,25215,227.9963552983823,0,0,0,0,0,0,0,1,0,3.223008717009334,787.1478020864533,3.223008717009334,27.99360529838225,1,1,0,6712.084520479499,0,0,0,0
548,28758,237.1006427629033,0,0,0,0,0,0,0,1,0,3.163790146258397,773.4268745436148,3.163790146258397,37.09789276290339,1,1,0,960.5615231467374,0,0,0,0
549,19760,233.7233769620881,0,0,0,3,20,0,0,0,0,3.155288597249892,772.4868193835782,3.155288597249892,-1,8,0,1,1518.980825003896,0,0,0,0
550,30889,249.9414761967451,0,0,0,0,0,0,0,1,0,3.186983887764937,778.9667808896348,3.186983887764937,49.76847619674459,8,1,0,2495.40643391136,0,0,0,0
551,22264,212.1886519133926,0,0,0,0,0,0,0,1,0,3.231263185005727,790.3056556388651,3.231263185005727,12.01565191339321,8,1,0,379.1566691584077,0,0,0,0
552,31609,250.8807902111252,0,0,0,0,0,0,0,1,0,3.11695461648924,763.3800396167866,3.11695461648924,50.87804021112447,1,1,0,191.0773765193854,0,0,0,0
553,24515,224.1235375052396,0,0,0,0,0,0,0,1,0,3.057036115425837,745.8416473293385,3.057036115425837,23.95053750523958,8,1,0,11.84863109511115,0,0,0,0
554,20974,210.9493511426398,0,0,0,1,5,0,0,0,0,3.310219814190281,814.0684403568783,3.310219814190281,-1,8,0,1,5425.539051634115,0,0,0,0
555,30876,248.6846037108498,0,0,0,0,0,0,0,1,0,3.206514669726288,784.250360369496,3.206514669726288,48.51160371084948,8,1,0,2798.007533462893,0,0,0,0
556,21034,206.7554478070801,0,0,0,0,0,0,0,1,0,3.290435715517118,806.3199482364138,3.290435715517118,6.582447807080256,8,1,0,550.6743919291879,0,0,0,0
557,29932,247.6843458675903,0,0,0,0,0,0,0,1,0,3.135598711601874,766.7661533086575,3.135598711601874,47.51134586759049,8,1,0,2420.229810099021,0,0,0,0
558,31411,251.7844577485289,0,0,0,0,0,0,0,1,0,3.252234428443411,797.8670834946563,3.252234428443411,51.61145774852953,8,1,0,2758.306322677355,0,0,0,0
559,19838,202.2408989300219,0,0,0,0,0,0,0,0,0,3.084256888468293,754.4463245213642,3.084256888468293,-1,8,0,1,1824.314583675216,0,0,0,0
560,29397,245.255134624765,0,0,0,0,0,0,0,1,0,3.226152212146765,790.7831846731291,3.226152212146765,45.08213462476493,8,1,0,8666.605594305263,0,0,0,0
561,30480,251.0679856507066,0,0,0,0,0,0,0,1,0,3.102632544821867,757.1561860839583,3.102632544821867,51.06523565070664,1,1,0,8151.68898102941,0,0,0,0
562,20819,235.5123414692766,0,0,0,4,26,0,0,0,0,3.173112884279601,777.0406287101096,3.173112884279601,-1,8,0,1,308.9473900757139,0,0,0,0
563,27426,238.0296288589505,0,0,0,0,0,0,0,1,0,3.213214126068264,788.3273472315428,3.213214126068264,38.02687885894987,1,1,0,3040.607016693457,0,0,0,0
564,20090,205.7618459243746,0,0,0,1,9,0,0,0,0,3.293595638445824,809.1402966005152,3.293595638445824,-1,8,0,1,755.2725378197357,0,0,0,0
565,27962,234.6225742659717,0,0,0,0,0,0,0,1,0,3.210038880106381,787.1506753442145,3.210038880106381,34.61982426625799,1,1,0,1026.354103232929,0,0,0,0
566,24753,226.2961597997377,0,0,0,0,0,0,0,1,0,3.168833554898455,775.1488657966614,3.168833554898455,26.12315979973642,8,1,0,929.2101447476173,0,0,0,0
567,25436,223.8827744785841,0,0,0,0,0,0,0,1,0,3.257803370247781,799.5563280421005,3.257803370247781,23.70977447858485,8,1,0,609.8126942046206,0,0,0,0
568,28742,241.4841988611834,0,0,0,0,0,0,0,1,0,3.242908764923168,795.8965688580265,3.242908764923168,41.31119886118348,8,1,0,1361.015932617783,0,0,0,0
569,20079,202.6783540817165,0,0,0,0,0,0,0,0,0,3.265431534528969,800.7395812412742,3.265431534528969,-1,8,0,1,3143.942531221392,0,0,0,0
570,24967,225.0860812303625,0,0,0,0,0,0,0,1,0,3.135991400339091,767.5389041924357,3.135991400339091,25.08333123036262,1,1,0,144.1907057965992,0,0,0,0
571,25772,227.57510694577,0,0,0,0,0,0,0,1,0,3.101560931557237,754.7491999099701,3.101560931557237,27.40210694576976,8,1,0,699.5687823056184,0,0,0,0
572,31610,249.6323320319631,0,0,0,0,0,0,0,1,0,3.274820863851256,806.4602878851168,3.274820863851256,49.45933203196325,8,1,0,1364.780337803192,0,0,0,0
573,24232,219.8273518212189,0,0,0,0,0,0,0,1,0,3.183406447676465,777.8494065590436,3.183406447676465,19.82460182121885,1,1,0,5318.37224713427,0,0,0,0
574,24704,225.5829022066911,0,0,0,0,0,0,0,1,0,3.084234330823319,753.3103680219798,3.084234330823319,25.58015220669159,1,1,0,2314.788389435159,0,0,0,0
575,29262,243.9328568092624,0,0,0,0,0,0,0,1,0,3.277960603737223,806.4161136245025,3.277960603737223,43.93010680926147,1,1,0,471.9115621529046,0,0,0,0
576,29759,240.89362275823,0,0,0,0,0,0,0,1,0,3.228226173465806,792.8516272841932,3.228226173465806,40.72062275822972,8,1,0,105.3591172402522,0,0,0,0
577,29556,243.2176956475265,0,0,0,0,0,0,0,1,0,3.205086431751882,784.9236088445701,3.205086431751882,43.0446956475272,8,1,0,2107.297819688948,0,0,0,0
578,27330,235.3049975547287,0,0,0,0,0,0,0,1,0,3.189876973044213,777.6289884167967,3.189876973044213,35.30224755472878,1,1,0,4535.05396679855,0,0,0,0
579,23985,219.5771224233679,0,0,0,0,0,0,0,1,0,3.352092513816918,825.153223335325,3.352092513816918,19.40412242336752,8,1,0,1111.58281264885,0,0,0,0
580,19810,234.6058972537069,0,0,0,2,20,0,0,0,0,3.272474990408513,802.8476855945597,3.272474990408513,-1,8,0,1,1102.372507608041,0,0,0,0
581,28348,239.3311528888989,0,0,0,0,0,0,0,1,0,3.209436013892329,785.5978121007109,3.209436013892329,39.15815288889877,8,1,0,3900.936612530919,0,0,0,0
582,27065,231.6976591618303,0,0,0,0,0,0,0,1,0,3.296540693288731,808.0948371095835,3.296540693288731,31.52465916182906,8,1,0,1129.443135941191,0,0,0,0
583,19397,203.9141257742763,0,0,0,1,6,0,0,0,0,3.227454457847085,791.6027462369009,3.227454457847085,-1,8,0,1,316.3579611948873,0,0,0,0
584,24578,224.4164278180783,0,0,0,0,0,0,0,1,0,3.211743744800426,789.2732995861957,3.211743744800426,24.24342781807835,8,1,0,2456.702789667514,0,0,0,0
585,27842,237.813250376995,0,0,0,0,0,0,0,1,0,3.239145658331904,793.9789675943659,3.239145658331904,37.64025037700065,8,1,0,4723.585372214081,0,0,0,0
586,31902,252.1737746318002,0,0,0,0,0,0,0,1,0,3.418333896788671,841.3183780113164,3.418333896788671,52.17102463180048,1,1,0,323.0948338979202,0,0,0,0
587,23182,217.8179503768289,0,0,0,0,0,0,0,1,0,3.243293473861832,794.9749372125906,3.243293473861832,17.81520037682852,1,1,0,1192.720746368574,0,0,0,0
588,27095,235.9704450254659,0,0,0,0,0,0,0,1,0,3.168417978714414,776.1479162441304,3.168417978714414,35.79744502537485,8,1,0,167.8915471653647,0,0,0,0
589,28242,237.8667479285828,0,0,0,0,0,0,0,1,0,3.160359986804335,772.3818862431922,3.160359986804335,37.86399792858293,1,1,0,377.6789324699091,0,0,0,0
590,30678,245.8340401178524,0,0,0,0,0,0,0,1,0,3.331052283744254,821.2062859622484,3.331052283744254,45.83129011785309,1,1,0,1767.827100615878,0,0,0,0
591,28955,242.7953904640717,0,0,0,0,0,0,0,1,0,3.161832541769643,775.8111046479318,3.161832541769643,42.7926404640717,1,1,0,476.6294481851518,0,0,0,0
592,29104,243.3646834336756,0,0,0,0,0,0,0,1,0,3.104743368761196,757.5712441004473,3.104743368761196,43.13618036919254,8,1,0,1036.653940256198,0,0,0,0
593,26607,237.4350696602559,0,0,0,0,0,0,0,1,0,3.024114469173821,740.4138708046864,3.024114469173821,37.26206966025588,8,1,0,978.7361762378772,0,0,0,0
594,29250,247.8721559246079,0,0,0,0,0,0,0,1,0,3.251938396172104,799.7063932414718,3.251938396172104,47.69915592457868,8,1,0,2769.67134028902,0,0,0,0
595,30342,246.814187223764,0,0,0,0,0,0,0,1,0,3.09342525086839,756.5723558743335,3.09342525086839,46.64118722376313,8,1,0,8301.752861264971,0,0,0,0
596,28631,240.3343562678575,0,0,0,0,0,0,0,1,0,3.156011949485195,770.3635137425347,3.156011949485195,40.16135626785743,8,1,0,395.7428229120003,0,0,0,0
597,22292,211.2031903177679,0,0,0,0,0,0,0,1,0,3.414003901852682,839.8870571433331,3.414003901852682,11.20044031776853,1,1,0,916.1788938451133,0,0,0,0
598,22696,214.1162768260061,0,0,0,0,0,0,0,1,0,3.1510930479371,771.0748907489634,3.1510930479371,13.94327682600723,8,1,0,1032.116857737378,0,0,0,0
599,28394,242.2326219916155,0,0,0,0,0,0,0,1,0,3.198596038519101,784.4456007372557,3.198596038519101,42.05962199161606,8,1,0,1713.655563066814,0,0,0,0
600,28495,239.3006060533182,0,0,0,0,0,0,0,1,0,3.09869791681418,758.4805268151745,3.09869791681418,39.12760605331842,8,1,0,2822.884610740287,0,0,0,0
601,30882,249.5071711220753,0,0,0,0,0,0,0,1,0,3.325242081140578,815.7751844603227,3.325242081140578,49.33417112207552,8,1,0,243.6187307279628,0,0,0,0
602,29046,242.5127004984987,0,0,0,0,0,0,0,1,0,3.214747440431672,787.8151248147187,3.214747440431672,42.33970049849896,8,1,0,575.0325619609906,0,0,0,0
603,26330,233.0960218427811,0,0,0,0,0,0,0,1,0,3.16785006350881,776.4138578584123,3.16785006350881,33.09327184278123,1,1,0,2769.886781907016,0,0,0,0
604,29802,244.2279863282765,0,0,0,0,0,0,0,1,0,3.255322346698147,796.1917177923098,3.255322346698147,44.22523632827637,1,1,0,39.05315007067274,0,0,0,0
605,23158,233.904493979198,0,0,0,4,11,0,0,0,0,3.274519395340813,805.1815403661551,3.274519395340813,-1,8,0,1,150.5909790404421,0,0,0,0
606,26079,230.0814580475333,0,0,0,0,0,0,0,1,0,3.198927569717918,783.8502560876846,3.198927569717918,30.07870804753299,1,1,0,1720.92564483399,0,0,0,0
607,26111,228.5305532163976,0,0,0,0,0,0,0,1,0,3.192201140678708,782.9465030538333,3.192201140678708,28.3575532163974,8,1,0,2508.477021207747,0,0,0,0
608,29980,245.3907387478576,0,0,0,0,0,0,0,1,0,3.035831164135998,740.9448928466411,3.035831164135998,45.38798874799318,1,1,0,1919.765081570762,0,0,0,0
609,20120,221.454089709471,0,0,0,2,14,0,0,0,0,3.308783946915124,814.3652916865648,3.308783946915124,-1,8,0,1,2182.368578180573,0,0,0,0
610,23630,220.9381168192757,0,0,0,0,0,0,0,1,0,3.147986608500634,772.1134322520254,3.147986608500634,20.76511681927573,8,1,0,748.1183103615773,0,0,0,0
611,28834,243.7961937880917,0,0,0,0,0,0,0,1,0,3.204087258179615,788.6734260304339,3.204087258179615,43.62319378809141,8,1,0,589.1806659027225,0,0,0,0
612,30727,250.42899863031,0,0,0,0,0,0,0,1,0,3.211857482647256,786.906923629538,3.211857482647256,50.42624863031038,1,1,0,1206.583058120672,0,0,0,0
613,30084,244.1798094714048,0,0,0,0,0,0,0,1,0,3.195348684547393,783.9938451603997,3.195348684547393,44.00680947095227,8,1,0,304.8980190988826,0,0,0,0
614,24546,227.1606023542454,0,0,0,0,0,0,0,1,0,3.120530483575915,765.5673038457877,3.120530483575915,26.98760235424597,8,1,0,1045.291777539338,0,0,0,0
615,29434,242.4089719426139,0,0,0,0,0,0,0,1,0,3.125723682909369,763.2119142412853,3.125723682909369,42.23597194261466,8,1,0,2257.290613529167,0,0,0,0
616,25020,226.4113973754501,0,0,0,0,0,0,0,1,0,3.234956627797151,793.166728338402,3.234956627797151,26.23839737544292,8,1,0,1739.258015747391,0,0,0,0
617,26661,234.8685635688173,0,0,0,0,0,0,0,1,0,3.167910151195597,775.0275070338637,3.167910151195597,34.69556356881793,8,1,0,601.0469874318526,0,0,0,0
618,20308,243.8995309165022,0,0,0,3,31,0,0,0,0,3.246633429438217,797.6694027245546,3.246633429438217,-1,8,0,1,433.141194076893,0,0,0,0
619,31638,247.3270178396472,0,0,0,0,0,0,0,1,0,3.316487914123158,816.6867777221121,3.316487914123158,47.15401783964711,8,1,0,1791.832712843978,0,0,0,0
620,29332,243.7141479246218,0,0,0,0,0,0,0,1,0,3.242491808567495,795.6080192650405,3.242491808567495,43.54114792462166,8,1,0,5127.803583531882,0,0,0,0
621,19547,231.8180852899471,0,0,0,2,22,0,0,0,0,3.201651027564361,785.0218978773248,3.201651027564361,-1,8,0,1,3828.80922067317,0,0,0,0
622,26994,233.8311675939494,0,0,0,0,0,0,0,1,0,3.120225056399535,761.2881788799814,3.120225056399535,33.65816759394962,8,1,0,3058.086547742918,0,0,0,0
623,26392,229.2973285827616,0,0,0,0,0,0,0,1,0,3.20139835176205,785.4512112567355,3.20139835176205,29.12432858276159,8,1,0,174.2280917731469,0,0,0,0
624,27838,240.5822342350369,0,0,0,0,0,0,0,1,0,3.190286423706119,779.5593434050986,3.190286423706119,40.40923423503628,8,1,0,3147.8095818079,0,0,0,0
625,29216,245.2419350182351,0,0,0,0,0,0,0,1,0,3.154444862629878,770.0244548231029,3.154444862629878,45.06893501814578,8,1,0,2904.677704518811,0,0,0,0
626,25798,228.6871271319824,0,0,0,0,0,0,0,1,0,3.179030416451776,776.7805556355703,3.179030416451776,28.51412713198275,8,1,0,1777.102377753768,0,0,0,0
627,30479,245.6376839051052,0,0,0,0,0,0,0,1,0,3.105358151110608,757.2176178083544,3.105358151110608,45.46468390510579,8,1,0,298.4038840645466,0,0,0,0
628,27130,237.8468344318429,0,0,0,0,0,0,0,1,0,3.211824011836451,786.3578714918228,3.211824011836451,37.67383443184067,8,1,0,150.3857525954079,0,0,0,0
629,19665,206.054635817303,0,0,0,1,4,0,0,0,0,3.150155250245347,775.1451337634592,3.150155250245347,-1,8,0,1,3727.456107965815,0,0,0,0
630,26323,228.9680538713108,0,0,0,0,0,0,0,1,0,3.213581315090651,786.5367079662601,3.213581315090651,28.96530387131032,1,1,0,5012.981998047615,0,0,0,0
631,29776,246.5348162113426,0,0,0,0,0,0,0,1,0,3.272509619664993,801.7781214967931,3.272509619664993,46.53206621134231,1,1,0,428.3306972090199,0,0,0,0
632,21727,207.2413892532529,0,0,0,0,0,0,0,1,0,3.330115620950256,818.0073476283474,3.330115620950256,7.068389253252477,8,1,0,952.8786668539938,0,0,0,0
633,29499,248.8789395317568,0,0,0,0,0,0,0,1,0,3.132747540023674,767.2849177000498,3.132747540023674,48.70593953175675,8,1,0,93.2062976020139,0,0,0,0
634,25568,231.9476012052651,0,0,0,0,0,0,0,1,0,3.288764044853437,807.6548657981774,3.288764044853437,31.77460120535255,8,1,0,381.8758971277168,0,0,0,0
635,27800,233.6226952660956,0,0,0,0,0,0,0,1,0,3.134356359552797,771.0860132984363,3.134356359552797,33.44969526609566,8,1,0,1164.081782289468,0,0,0,0
636,28080,242.2763566608739,0,0,0,0,0,0,0,1,0,3.134709129542994,765.6684779536396,3.134709129542994,42.10335666087369,8,1,0,18.29071990524183,0,0,0,0
637,28212,237.2633096347476,0,0,0,0,0,0,0,1,0,3.237306263834587,797.6157790166428,3.237306263834587,37.09030963474811,8,1,0,1613.447954271008,0,0,0,0
638,26951,235.3711098867429,0,0,0,0,0,0,0,1,0,3.17227141194852,779.0128398222763,3.17227141194852,35.19810988674218,8,1,0,2051.355672980084,0,0,0,0
639,29739,242.1341089744431,0,0,0,0,0,0,0,1,0,3.302712668709764,811.5814322529933,3.302712668709764,42.13135897444292,1,1,0,1211.084031313851,0,0,0,0
640,28793,244.8227307929954,0,0,0,0,0,0,0,1,0,3.230189143253563,790.7929101214418,3.230189143253563,44.64973079299907,8,1,0,823.6549903427843,0,0,0,0
641,28355,239.3782293297753,0,0,0,0,0,0,0,1,0,3.291446924595281,808.1427388331969,3.291446924595281,39.20522932953385,8,1,0,3.507213577952864,0,0,0,0
642,20195,223.2826364927639,0,0,0,3,19,0,0,0,0,3.096316670190795,756.9538022425986,3.096316670190795,-1,8,0,1,457.1225379458911,0,0,0,0
643,21652,217.570656646838,0,0,0,1,8,0,0,0,0,3.251608811265251,794.8907115928102,3.251608811265251,-1,8,0,1,1251.241618755226,0,0,0,0
644,25861,225.3681862872637,0,0,0,0,0,0,0,1,0,3.249665974912866,799.2551261835026,3.249665974912866,25.19518628726388,8,1,0,2075.737131428398,0,0,0,0
645,22095,210.0489115275524,0,0,0,0,0,0,0,1,0,3.270612730584236,802.2685944931197,3.270612730584236,9.875911527552304,8,1,0,241.4452012598915,0,0,0,0
646,28885,238.4968530413069,0,0,0,0,0,0,0,1,0,3.2736685683176,802.5598743946039,3.2736685683176,38.49410304130761,1,1,0,641.541141993208,0,0,0,0
647,29253,243.2303189383192,0,0,0,0,0,0,0,1,0,3.246246916493756,796.1866452620433,3.246246916493756,43.05731893831883,8,1,0,54.04589804724983,0,0,0,0
648,28266,238.6254269757059,0,0,0,0,0,0,0,1,0,3.286482889957312,809.5779904918259,3.286482889957312,38.45242697570539,8,1,0,2097.872709050127,0,0,0,0
649,30929,246.7253064749365,0,0,0,0,0,0,0,1,0,3.227723338864111,791.7660956933249,3.227723338864111,46.55230647493595,8,1,0,2716.335371538674,0,0,0,0
650,27440,232.6042156398159,0,0,0,0,0,0,0,1,0,3.277616289830751,803.9201848578446,3.277616289830751,32.60146563981675,1,1,0,1828.069205497654,0,0,0,0
651,27139,230.8072089860123,0,0,0,0,0,0,0,1,0,3.296264922978269,811.6076454061455,3.296264922978269,30.63420898601228,8,1,0,649.8715963458691,0,0,0,0
652,20791,210.8251098536522,0,0,0,2,18,0,0,0,0,3.187874735986065,780.4253086391332,3.187874735986065,-1,8,0,1,3286.473056434559,0,0,0,0
653,28636,236.3460156995993,0,0,0,0,0,0,0,1,0,3.307704703355423,812.4880440602926,3.307704703355423,36.17301569959986,8,1,0,76.93779645377086,0,0,0,0
654,28191,242.3199178284741,0,0,0,0,0,0,0,1,0,3.161338662817988,772.1474826165201,3.161338662817988,42.1469178284741,8,1,0,4.041156467201525,0,0,0,0
655,30422,247.5781815878067,0,0,0,0,0,0,0,1,0,3.231573612809811,793.15211696989,3.231573612809811,47.57543158780662,1,1,0,2229.497789223445,0,0,0,0
656,21478,212.4787672398222,0,0,0,1,13,0,0,0,0,3.235702162670944,794.6306505215456,3.235702162670944,-1,8,0,1,1450.033894601141,0,0,0,0
657,23430,220.95153745016,0,0,0,0,0,0,0,1,0,3.201114751425184,784.8473757499953,3.201114751425184,20.77853745015982,8,1,0,2624.479148458992,0,0,0,0
658,30618,246.7478451870631,0,0,0,0,0,0,0,1,0,3.161308855640141,772.6386520595307,3.161308855640141,46.5748451870632,8,1,0,2028.184664434382,0,0,0,0
659,20204,202.2748398598603,0,0,0,0,0,0,0,0,0,3.248031558360732,799.7146617918395,3.248031558360732,-1,8,0,1,3147.322661039227,0,0,0,0
660,26026,232.1851822878548,0,0,0,0,0,0,0,1,0,3.070278400716646,747.076407434402,3.070278400716646,32.18243228792548,1,1,0,98.33668132510724,0,0,0,0
661,29608,245.0367483687655,0,0,0,0,0,0,0,1,0,3.277731859780373,802.8316282585037,3.277731859780373,44.86374836876519,8,1,0,1441.989015391476,0,0,0,0
662,24606,223.1302591670467,0,0,0,0,0,0,0,1,0,3.25260945202826,798.4662881383847,3.25260945202826,23.1275091670459,1,1,0,2466.158373452884,0,0,0,0
663,28343,237.9201761236804,0,0,0,0,0,0,0,1,0,3.198801014711289,783.919003109785,3.198801014711289,37.74717612368041,8,1,0,1197.669948795931,0,0,0,0
664,30630,248.6475927490162,0,0,0,0,0,0,0,1,0,3.279641758626964,805.8493638941139,3.279641758626964,48.47459274901668,8,1,0,1641.980555688526,0,0,0,0
665,28183,242.7123414316695,0,0,0,0,0,0,0,1,0,3.161599384237173,773.0715999331087,3.161599384237173,42.53934143166983,8,1,0,1095.783675237658,0,0,0,0
666,21592,210.9436089942736,0,0,0,0,0,0,0,1,0,3.228205487481796,793.0927228135293,3.228205487481796,10.94085899427382,1,1,0,7321.733148387059,0,0,0,0
667,27549,237.8542100994737,0,0,0,0,0,0,0,1,0,3.12252069164472,761.079734822875,3.12252069164472,37.68121009947377,8,1,0,1693.509889222988,0,0,0,0
668,24263,221.1978320798434,0,0,0,0,0,0,0,1,0,3.327396326350502,816.0873017724451,3.327396326350502,21.02483207984314,8,1,0,68.09609107797709,0,0,0,0
669,26116,229.9450208058766,0,0,0,0,0,0,0,1,0,3.160513379041916,773.708448323746,3.160513379041916,29.77202080587755,8,1,0,1106.475519115474,0,0,0,0
670,24142,221.7503296514785,0,0,0,0,0,0,0,1,0,3.184375507400929,779.6482943167931,3.184375507400929,21.57732965147838,8,1,0,1310.796064329053,0,0,0,0
671,24068,219.0707402790786,0,0,0,0,0,0,0,1,0,3.231078184292985,789.3934945160601,3.231078184292985,19.06799027907862,1,1,0,991.3717562960132,0,0,0,0
672,22915,214.4094879223402,0,0,0,0,0,0,0,1,0,3.278240893503751,804.7227413884881,3.278240893503751,14.40673792233946,1,1,0,1627.67738985481,0,0,0,0
673,30366,249.6802326440975,0,0,0,0,0,0,0,1,0,3.26484186665559,804.0465505436879,3.26484186665559,49.67748264409718,1,1,0,9347.987462458896,0,0,0,0
674,28058,238.5808361012659,0,0,0,0,0,0,0,1,0,3.111360986744029,762.5248657405837,3.111360986744029,38.40783610126574,8,1,0,2076.504313025702,0,0,0,0
675,19568,209.2774388267423,0,0,0,1,10,0,0,0,0,3.306432476208625,813.4884726371141,3.306432476208625,-1,8,0,1,667.8610444676868,0,0,0,0
676,31482,252.3572591210207,0,0,0,0,0,0,0,1,0,3.305886855995225,812.7243224611467,3.305886855995225,52.18425912102013,8,1,0,3136.191616202772,0,0,0,0
677,30551,247.4408080359192,0,0,0,0,0,0,0,1,0,3.054487212474718,747.0869197412942,3.054487212474718,47.26780803591952,8,1,0,436.8747224127133,0,0,0,0
678,27205,234.0816496724821,0,0,0,0,0,0,0,1,0,3.202923711501849,787.549074801669,3.202923711501849,34.07889967246794,1,1,0,1716.49285704827,0,0,0,0
679,22570,214.6010582819689,0,0,0,0,0,0,0,1,0,3.303035607788486,809.9305842464822,3.303035607788486,14.428058281969,8,1,0,7293.546746286734,0,0,0,0
680,20165,249.9335131912728,0,0,0,6,23,0,0,0,0,3.129426448679329,766.7510753967283,3.129426448679329,-1,8,0,1,6077.360197690685,0,0,0,0
681,25734,226.9696272125604,0,0,0,0,0,0,0,1,0,3.196941128207169,785.0538094553256,3.196941128207169,26.96687721256042,1,1,0,5489.297149778126,0,0,0,0
682,28141,237.1573912578108,0,0,0,0,0,0,0,1,0,3.188617139283999,783.9347435827605,3.188617139283999,36.98439125778633,8,1,0,797.1595999451341,0,0,0,0
683,28177,241.4470116806651,0,0,0,0,0,0,0,1,0,3.290674396228055,808.1134939681544,3.290674396228055,41.44426168066483,1,1,0,2437.358957007156,0,0,0,0
684,28917,246.0069902759806,0,0,0,0,0,0,0,1,0,3.180926720815219,779.6225129802186,3.180926720815219,45.83399027598063,8,1,0,1595.189576051516,0,0,0,0
685,20273,96.12444539915371,0,0,0,0,0,0,0,1,0,0.4288523984746111,119.9582476342,-1,71.97803479076202,0,1,0,0.4288523984746111,0,0,0,0
686,29127,240.1164850344032,0,0,0,0,0,0,0,1,0,3.358041302784865,825.0749278415619,3.358041302784865,39.94348503440263,8,1,0,328.2729432894872,0,0,0,0
687,29048,239.2935885418881,0,0,0,0,0,0,0,1,0,3.153721512952461,771.6130335693807,3.153721512952461,39.12058854188762,8,1,0,1208.00040796629,0,0,0,0
688,26147,228.3422283960063,0,0,0,0,0,0,0,1,0,3.191583916374091,781.401753296641,3.191583916374091,28.16922839600637,8,1,0,2273.308148022767,0,0,0,0
689,26335,227.3580057223726,0,0,0,0,0,0,0,1,0,3.249842233750198,800.1648504259535,3.249842233750198,27.35525572237263,1,1,0,3174.146736250819,0,0,0,0
690,28289,237.1581496402084,0,0,0,0,0,0,0,1,0,3.250045797694282,796.9104056420265,3.250045797694282,37.15539964020839,1,1,0,148.3837160828389,0,0,0,0
691,24540,223.7966042301397,0,0,0,0,0,0,0,1,0,3.069097997042498,750.4600221475492,3.069097997042498,23.79385423013972,1,1,0,5995.332572356438,0,0,0,0
692,20495,202.4259417156387,0,0,0,0,0,0,0,0,0,3.135884244315247,767.9628222010775,3.135884244315247,-1,8,0,1,767.5552240445908,0,0,0,0
693,25744,229.2840741747499,0,0,0,0,0,0,0,1,0,3.27954928119775,803.5160127287164,3.27954928119775,29.11107417474995,8,1,0,386.2471447884756,0,0,0,0
694,26475,230.3849768453446,0,0,0,0,0,0,0,1,0,3.267414688783469,802.3021492128422,3.267414688783469,30.2119768453437,8,1,0,4950.813842491317,0,0,0,0
695,29015,239.6853684876398,0,0,0,0,0,0,0,1,0,3.188192987460804,782.5531889655401,3.188192987460804,39.68261848763979,1,1,0,653.8366954738517,0,0,0,0
696,20519,209.6342781057842,0,0,0,1,7,0,0,0,0,3.092872278391233,752.2354042435453,3.092872278391233,-1,8,0,1,310.4844950795854,0,0,0,0
697,25896,226.7359620195166,0,0,0,0,0,0,0,1,0,3.231274182192575,790.575798581816,3.231274182192575,26.7332120195167,1,1,0,521.0729401781786,0,0,0,0
698,20204,236.6318458754572,0,0,0,3,23,0,0,0,0,3.260143076973365,799.6212027922932,3.260143076973365,-1,8,0,1,82.47209407019143,0,0,0,0
699,27165,230.8600925259277,0,0,0,0,0,0,0,1,0,3.31754641045448,816.2768866678068,3.31754641045448,30.85734252592773,1,1,0,752.1413969236518,0,0,0,0
700,30886,250.6613652080107,0,0,0,0,0,0,0,1,0,3.202152406389838,786.0026398047578,3.202152406389838,50.48836520784258,8,1,0,2933.070516163367,0,0,0,0
701,31182,248.385057395188,0,0,0,0,0,0,0,1,0,3.262361349703075,799.966434974551,3.262361349703075,48.38230739537165,1,1,0,2307.273968831088,0,0,0,0
702,25156,223.150150591528,0,0,0,0,0,0,0,1,0,3.375407399507729,830.330260409939,3.375407399507729,23.14740059159928,1,1,0,522.7725179534343,0,0,0,0
703,21452,207.6651403139291,0,0,0,0,0,0,0,1,0,3.120048975163428,761.6848388073983,3.120048975163428,7.49214031392926,8,1,0,6611.867995008419,0,0,0,0
704,26924,231.3926785688137,0,0,0,0,0,0,0,1,0,3.306568072633288,812.9207690651638,3.306568072633288,31.38992856881399,1,1,0,1220.934172700798,0,0,0,0
705,27696,238.5815620823617,0,0,0,0,0,0,0,1,0,3.229212244240231,792.489414304807,3.229212244240231,38.40856208236131,8,1,0,3435.079297855189,0,0,0,0
706,30336,248.7622301352272,0,0,0,0,0,0,0,1,0,3.223888945010733,789.8170857326684,3.223888945010733,48.58923013523037,8,1,0,98.05388373593401,0,0,0,0
707,27993,234.5123118791591,0,0,0,0,0,0,0,1,0,3.150435160848878,770.7555138121636,3.150435160848878,34.50956187915962,1,1,0,340.3456887506356,0,0,0,0
708,29683,242.757451708231,0,0,0,0,0,0,0,1,0,3.308406272210586,812.6330397575643,3.308406272210586,42.75470170823107,1,1,0,5892.038062854098,0,0,0,0
709,19594,223.2842347952971,0,0,0,2,14,0,0,0,0,3.279013190005148,803.8586804317633,3.279013190005148,-1,8,0,1,3756.24200827135,0,0,0,0
710,29200,248.612652414222,0,0,0,0,0,0,0,1,0,3.152933636658427,771.1589996625698,3.152933636658427,48.60990241391094,1,1,0,59.1937414278454,0,0,0,0
711,23123,214.3003653912075,0,0,0,0,0,0,0,1,0,3.117368042348839,763.1090736268919,3.117368042348839,14.12736539120764,8,1,0,141.3174840936085,0,0,0,0
712,29588,241.5281695250159,0,0,0,0,0,0,0,1,0,3.21444590385905,788.8733830641805,3.21444590385905,41.35516952501541,8,1,0,279.4691687934178,0,0,0,0
713,29904,244.8450370086709,0,0,0,0,0,0,0,1,0,3.070766588805925,750.4166591985039,3.070766588805925,44.67203700867057,8,1,0,2155.495468375242,0,0,0,0
714,27660,236.8453463771041,0,0,0,0,0,0,0,1,0,3.272934406267499,800.8107613916596,3.272934406267499,36.84259637710409,1,1,0,2164.123327300401,0,0,0,0
715,26919,234.689168869061,0,0,0,0,0,0,0,1,0,3.125234661739781,763.5927313943962,3.125234661739781,34.6864188690614,1,1,0,3268.84285100024,0,0,0,0
716,20580,243.1646843383795,0,0,0,3,23,0,0,0,0,3.127679152921647,764.3170106155404,3.127679152921647,-1,8,0,1,359.6141338251331,0,0,0,0
717,29137,246.7460012382598,0,0,0,0,0,0,0,1,0,3.271746560720868,801.7170414287812,3.271746560720868,46.57300123825993,8,1,0,30.2375927805344,0,0,0,0
718,26750,230.0057470456296,0,0,0,0,0,0,0,1,0,3.24853283922485,797.5998998027902,3.24853283922485,30.00299704562954,1,1,0,2509.651712844709,0,0,0,0
719,29881,243.3988597585115,0,0,0,0,0,0,0,1,0,3.307965290819074,812.3079206560933,3.307965290819074,43.39610975851059,1,1,0,2442.265348598757,0,0,0,0
720,25281,222.9742987760046,0,0,0,0,0,0,0,1,0,3.382372705631613,833.652816347315,3.382372705631613,22.80129877600426,8,1,0,986.9043033774554,0,0,0,0
721,25915,226.7664929662005,0,0,0,0,0,0,0,1,0,3.282252412533193,806.6352206208512,3.282252412533193,26.59349296620057,8,1,0,3213.391259179138,0,0,0,0
722,28406,237.2851194439051,0,0,0,0,0,0,0,1,0,3.316360971951942,815.8045591466361,3.316360971951942,37.28236944390574,1,1,0,4583.176746128431,0,0,0,0
723,29931,246.3304498152171,0,0,0,0,0,0,0,1,0,3.278720781352474,804.7597051807619,3.278720781352474,46.32769981521682,1,1,0,5082.634931989443,0,0,0,0
724,26915,234.1801810471248,0,0,0,0,0,0,0,1,0,3.15388881611816,770.679065725502,3.15388881611816,34.00718104712469,8,1,0,6805.598246431899,0,0,0,0
725,31063,245.5496050984977,0,0,0,0,0,0,0,1,0,3.281579204641086,804.1237461996957,3.281579204641086,45.5468550984978,1,1,0,1777.076001646958,0,0,0,0
726,27745,233.6073498440576,0,0,0,0,0,0,0,1,0,3.225390591058018,790.7865903871206,3.225390591058018,33.43434984405805,8,1,0,3154.236678515109,0,0,0,0
727,24321,225.8742282941049,0,0,0,0,0,0,0,1,0,3.063139628479936,748.3627993626203,3.063139628479936,25.87147829410427,1,1,0,912.3277329666352,0,0,0,0
728,29811,241.2322928247633,0,0,0,0,0,0,0,1,0,3.195027327804762,784.525733890268,3.195027327804762,41.22954282476294,1,1,0,3900.949126998056,0,0,0,0
729,23681,216.3393449269467,0,0,0,0,0,0,0,1,0,3.237641449962068,796.1787955811334,3.237641449962068,16.1663449269466,8,1,0,1209.284644041425,0,0,0,0
730,30173,247.5433347722011,0,0,0,0,0,0,0,1,0,3.189290567026476,781.0042992091227,3.189290567026476,47.37033477220113,8,1,0,983.8070566572549,0,0,0,0
731,23219,216.6326618918076,0,0,0,0,0,0,0,1,0,3.172693016496094,775.6610245434559,3.172693016496094,16.45966189180825,8,1,0,3357.382052975683,0,0,0,0
732,28162,241.459850381612,0,0,0,0,0,0,0,1,0,3.213599264255006,786.7948977266151,3.213599264255006,41.28685038161206,8,1,0,1131.794051233914,0,0,0,0
733,26080,229.8446925090295,0,0,0,0,0,0,0,1,0,3.2649313061225,802.1944091916711,3.2649313061225,29.67169250903006,8,1,0,2475.376842173989,0,0,0,0
734,19366,205.6684823551069,0,0,0,2,14,0,0,0,0,3.2594851390721,798.1524768577344,3.2594851390721,-1,8,0,1,928.0096073359539,0,0,0,0
735,28826,238.5790531013361,0,0,0,0,0,0,0,1,0,3.327540659904171,817.0855985860501,3.327540659904171,38.40605310133584,8,1,0,1907.605086379206,0,0,0,0
736,30238,247.0568038578229,0,0,0,0,0,0,0,1,0,3.248363317419805,797.6858718146167,3.248363317419805,46.88380385782304,8,1,0,371.2320553044051,0,0,0,0
737,28524,241.2190840528669,0,0,0,0,0,0,0,1,0,3.236330176645109,793.7577976268897,3.236330176645109,41.04608405286709,8,1,0,1068.139339446901,0,0,0,0
738,28141,242.5236364106127,0,0,0,0,0,0,0,1,0,3.175170683003083,776.3764858705674,3.175170683003083,42.35063641061252,8,1,0,1431.340394659551,0,0,0,0
739,30388,251.310293179251,0,0,0,0,0,0,0,1,0,3.137956408912336,763.2097720601598,3.137956408912336,51.13729317925101,8,1,0,515.8882607623073,0,0,0,0
740,28335,240.4766747900433,0,0,0,0,0,0,0,1,0,3.242327600256588,795.4270077546303,3.242327600256588,40.30367479004379,8,1,0,2054.362606486151,0,0,0,0
741,19279,201.7463190960524,0,0,0,0,0,0,0,0,0,3.138127305546738,767.6641507358576,3.138127305546738,-1,8,0,1,2257.363161365401,0,0,0,0
742,28375,238.3363467948932,0,0,0,0,0,0,0,1,0,3.121811699510398,762.7610420263452,3.121811699510398,38.33359679489357,1,1,0,579.7490633373117,0,0,0,0
743,23764,217.6848016803681,0,0,0,0,0,0,0,1,0,3.348223529678889,824.0045110988069,3.348223529678889,17.51180168036866,8,1,0,3545.238714857857,0,0,0,0
744,27291,235.3180080213452,0,0,0,0,0,0,0,1,0,3.14169237155473,770.3963145669538,3.14169237155473,35.31525802134416,1,1,0,5020.70719268339,0,0,0,0
745,28262,241.1132271974977,0,0,0,0,0,0,0,1,0,3.292773915577916,808.5891110272031,3.292773915577916,40.94022719749871,8,1,0,763.865167567624,0,0,0,0
746,28167,242.3837129986329,0,0,0,0,0,0,0,1,0,3.193428400034411,782.7241726180378,3.193428400034411,42.38096299863318,1,1,0,2085.967927631165,0,0,0,0
747,27357,232.3734991992142,0,0,0,0,0,0,0,1,0,3.101924709996956,757.63206610041,3.101924709996956,32.20049919921375,8,1,0,1216.497504961963,0,0,0,0
748,29672,244.3564339420772,0,0,0,0,0,0,0,1,0,3.131445756282117,764.8005885675243,3.131445756282117,44.35368394207598,1,1,0,6175.847898766747,0,0,0,0
749,30484,249.5708749917815,0,0,0,0,0,0,0,1,0,3.182621558327017,777.1305604024096,3.182621558327017,49.39787499177972,8,1,0,7591.129033076879,0,0,0,0
750,28057,237.1023648483417,0,0,0,0,0,0,0,1,0,3.19940697441613,783.213340332191,3.19940697441613,36.92936484834166,8,1,0,4986.035750046159,0,0,0,0
751,25330,227.3823519893572,0,0,0,0,0,0,0,1,0,3.142061689321116,770.1397304709692,3.142061689321116,27.20935198935815,8,1,0,237.9591786305016,0,0,0,0
752,29746,246.1387175657113,0,0,0,0,0,0,0,1,0,3.245251792019626,796.7902001481501,3.245251792019626,45.96571756571208,8,1,0,1879.226310606065,0,0,0,0
753,31050,251.1563531139224,0,0,0,0,0,0,0,1,0,3.184860106067496,782.3919374711422,3.184860106067496,50.98335311392221,8,1,0,359.2178114048862,0,0,0,0
754,22422,212.6473948927667,0,0,0,0,0,0,0,1,0,3.173843908623384,778.0193662638284,3.173843908623384,12.47439489276685,8,1,0,3890.356501802482,0,0,0,0
755,27612,234.2348829286752,0,0,0,0,0,0,0,1,0,3.316619288647716,815.7450853454856,3.316619288647716,34.23213292867496,1,1,0,4642.701986857655,0,0,0,0
756,29469,243.0119863847783,0,0,0,0,0,0,0,1,0,3.22726471348646,790.7112084284794,3.22726471348646,42.83898638477807,8,1,0,2040.814888637433,0,0,0,0
757,24209,224.6993653424165,0,0,0,0,0,0,0,1,0,3.188996191941497,781.5078512804376,3.188996191941497,24.52636534235603,8,1,0,6959.470932042147,0,0,0,0
758,28015,234.9948193605669,0,0,0,0,0,0,0,1,0,3.23320324634501,792.3506264754124,3.23320324634501,34.99206936056681,1,1,0,1181.788138677548,0,0,0,0
759,24423,218.8378249153894,0,0,0,0,0,0,0,1,0,3.236353488045035,795.0190688992076,3.236353488045035,18.66482491538857,8,1,0,5317.06495494299,0,0,0,0
760,20951,207.0930329498471,0,0,0,0,0,0,0,1,0,3.243574968622135,796.1910966481994,3.243574968622135,6.920032949847091,8,1,0,2645.465477068945,0,0,0,0
761,24492,221.4003038043757,0,0,0,0,0,0,0,1,0,3.212801648887589,789.5598936549526,3.212801648887589,21.22730380437575,8,1,0,932.1092177187901,0,0,0,0
762,19550,212.723865573195,0,0,0,1,9,0,0,0,0,3.185934935742012,780.9418933105731,3.185934935742012,-1,8,0,1,70.25820086518237,0,0,0,0
763,26208,230.1311662257569,0,0,0,0,0,0,0,1,0,3.276690617036706,803.8090162731128,3.276690617036706,29.9581662257565,8,1,0,681.9607865993039,0,0,0,0
764,26814,229.8762054886409,0,0,0,0,0,0,0,1,0,3.27962907071668,805.6444106297912,3.27962907071668,29.70320548864097,8,1,0,1834.880148383088,0,0,0,0
765,23228,217.2942137813039,0,0,0,0,0,0,0,1,0,3.299361043136646,809.8893074917121,3.299361043136646,17.29146378131238,1,1,0,23.45164928733785,0,0,0,0
766,27995,239.1439198872078,0,0,0,0,0,0,0,1,0,3.167070029045319,774.7890382270838,3.167070029045319,38.97091988720717,8,1,0,753.2408479859851,0,0,0,0
767,25592,224.5036233358691,0,0,0,0,0,0,0,1,0,3.225045280240147,790.4255748879485,3.225045280240147,24.33062333586918,8,1,0,244.8228217437047,0,0,0,0
768,24750,218.9108755243286,0,0,0,0,0,0,0,1,0,3.055556794858245,741.470459463425,3.055556794858245,18.90812552432808,1,1,0,201.328050510376,0,0,0,0
769,25254,233.3419453757601,0,0,0,0,0,0,0,1,0,3.101913488023203,758.9862994107132,3.101913488023203,33.1689453757601,8,1,0,1605.457396178006,0,0,0,0
770,25739,224.9327397297599,0,0,0,0,0,0,0,1,0,3.259655807461983,803.1170351157799,3.259655807461983,24.75973972975933,8,1,0,3530.015454829587,0,0,0,0
771,30042,250.3516325081544,0,0,0,0,0,0,0,1,0,3.057737879942298,744.2600496442401,3.057737879942298,50.17863250815486,8,1,0,2935.415257786794,0,0,0,0
772,20946,205.5410700815063,0,0,0,0,0,0,0,1,0,3.189731754745176,782.4421541873756,3.189731754745176,5.538320081505829,1,1,0,411.2780754921739,0,0,0,0
773,23468,219.7176903490364,0,0,0,0,0,0,0,1,0,3.159479209396493,768.8986472832339,3.159479209396493,19.54469034903622,8,1,0,532.4442160926811,0,0,0,0
774,28585,242.7490218533652,0,0,0,0,0,0,0,1,0,3.261124580068711,800.5500275542928,3.261124580068711,42.57602185336487,8,1,0,3578.321011299695,0,0,0,0
775,27058,234.9624235767043,0,0,0,0,0,0,0,1,0,3.289831375019146,809.0280095107637,3.289831375019146,34.78942357670472,8,1,0,1821.217016252048,0,0,0,0
776,30647,249.4913604722512,0,0,0,0,0,0,0,1,0,3.309158070565603,810.6091237882688,3.309158070565603,49.31836047216847,8,1,0,541.8332724281157,0,0,0,0
777,29295,245.185840452218,0,0,0,0,0,0,0,1,0,3.225292368448573,791.7614360547092,3.225292368448573,45.01284045225462,8,1,0,1402.222156969923,0,0,0,0
778,28440,238.5194773685987,0,0,0,0,0,0,0,1,0,3.203929159062534,783.7982442840649,3.203929159062534,38.3464773685984,8,1,0,620.4108263181022,0,0,0,0
779,25115,224.8425183113745,0,0,0,0,0,0,0,1,0,3.207025797821846,787.7072356092707,3.207025797821846,24.66951831137468,8,1,0,3330.28885435837,0,0,0,0
780,21673,209.9836345743221,0,0,0,0,0,0,0,1,0,3.287141448964849,806.5231387453539,3.287141448964849,9.810634574321535,8,1,0,2236.927933291932,0,0,0,0
781,26621,231.1976986568726,0,0,0,0,0,0,0,1,0,3.160394916747761,775.2057523016099,3.160394916747761,31.02469865687213,8,1,0,3039.15667654753,0,0,0,0
782,24206,218.6821126701494,0,0,0,0,0,0,0,1,0,3.253385680951345,797.5380297510518,3.253385680951345,18.50911267014936,8,1,0,596.3970110766024,0,0,0,0
783,30770,246.0060536001808,0,0,0,0,0,0,0,1,0,2.977942044250629,722.5476093085234,2.977942044250629,45.83305360018105,8,1,0,913.1075697350642,0,0,0,0
784,27692,233.4726226622761,0,0,0,0,0,0,0,1,0,3.226371047299657,792.2017340946481,3.226371047299657,33.29962266227506,8,1,0,3791.974282386009,0,0,0,0
785,29321,243.6060103889033,0,0,0,0,0,0,0,1,0,3.241515254335496,792.9953763525326,3.241515254335496,43.43301038890304,8,1,0,1923.14620620803,0,0,0,0
786,19583,232.3594349596124,0,0,0,3,19,0,0,0,0,3.228591899951637,788.980740647671,3.228591899951637,-1,8,0,1,2928.21889974127,0,0,0,0
787,30694,250.1392828850064,0,0,0,0,0,0,0,1,0,3.216503909671637,791.4301374686714,3.216503909671637,49.96628288379437,8,1,0,6724.42586583422,0,0,0,0
788,28414,237.9705769983218,0,0,0,0,0,0,0,1,0,3.177088152099153,778.5963438803128,3.177088152099153,37.79757699832233,8,1,0,90.45983972480668,0,0,0,0
789,19590,202.9536934668123,0,0,0,0,0,0,0,0,0,3.131727703787595,767.7499759389208,3.131727703787595,-1,8,0,1,557.3367072291726,0,0,0,0
790,25085,224.0659814704056,0,0,0,0,0,0,0,1,0,3.272002127447387,801.8307144260365,3.272002127447387,24.06323147040533,1,1,0,1524.841608806762,0,0,0,0
791,24098,219.8671541200071,0,0,0,0,0,0,0,1,0,3.334676210167272,821.1207771360284,3.334676210167272,19.69415412000731,8,1,0,3618.859827108797,0,0,0,0
792,30852,245.8256140825825,0,0,0,0,0,0,0,1,0,3.275282701878357,803.5724278097966,3.275282701878357,45.65261408258198,8,1,0,4676.464874039239,0,0,0,0
793,19897,205.1766120112075,0,0,0,1,7,0,0,0,0,3.289486883395757,808.3923015041189,3.289486883395757,-1,8,0,1,6755.60773235327,0,0,0,0
794,19542,262.8929128603684,0,0,0,3,30,0,0,0,0,3.230460637175952,790.5435906446606,3.230460637175952,-1,8,0,1,1534.529903781958,0,0,0,0
795,30532,248.7254165394581,0,0,0,0,0,0,0,1,0,3.264613817393432,800.9078715524561,3.264613817393432,48.55241653945826,8,1,0,4339.424833881475,0,0,0,0
796,29116,244.9991678203061,0,0,0,0,0,0,0,1,0,3.332464109236034,819.0851329904509,3.332464109236034,44.82616782042438,8,1,0,247.6468672546178,0,0,0,0
797,30972,250.1559691598701,0,0,0,0,0,0,0,1,0,3.20185467212747,785.2336584186656,3.20185467212747,50.15321915986965,1,1,0,3070.349089825054,0,0,0,0
798,26358,234.6403746772573,0,0,0,0,0,0,0,1,0,3.155569772748045,770.5818606568237,3.155569772748045,34.4673746772566,8,1,0,1243.116056571104,0,0,0,0
799,29817,244.8003125795223,0,0,0,0,0,0,0,1,0,3.231457279002032,792.8295869342725,3.231457279002032,44.62731257952306,8,1,0,866.9756710279034,0,0,0,0
800,29946,245.3119846514672,0,0,0,0,0,0,0,1,0,3.23648957115291,795.7480309257234,3.23648957115291,45.30923465146688,1,1,0,3063.483254209975,0,0,0,0
801,29214,247.1838786720169,0,0,0,0,0,0,0,1,0,3.22620208534011,790.2095055162338,3.22620208534011,47.01087867201734,8,1,0,615.356713152056,0,0,0,0
802,28461,239.5387041657113,0,0,0,0,0,0,0,1,0,3.361479143911827,824.9638536728282,3.361479143911827,39.53595416571121,1,1,0,1543.848652220108,0,0,0,0
803,24754,222.5095294417221,0,0,0,0,0,0,0,1,0,3.164003587443805,776.3749884008969,3.164003587443805,22.506779441722,1,1,0,2492.362205220197,0,0,0,0
804,30432,251.0708634908226,0,0,0,0,0,0,0,1,0,3.24523030559188,797.5188244904076,3.24523030559188,51.06811349080786,1,1,0,733.092089249044,0,0,0,0
805,30001,249.5115313659066,0,0,0,0,0,0,0,1,0,3.23540704493726,793.0584019698808,3.23540704493726,49.50878136588062,1,1,0,784.9467981143888,0,0,0,0
806,24715,218.9871638257209,0,0,0,0,0,0,0,1,0,3.316833673772926,816.1849348719459,3.316833673772926,18.81416382572078,8,1,0,76.20544196218768,0,0,0,0
807,19870,222.2360147263176,0,0,0,2,23,0,0,0,0,3.316890531514163,813.8242858842334,3.316890531514163,-1,8,0,1,870.4152476349971,0,0,0,0
808,30751,251.5110506787033,0,0,0,0,0,0,0,1,0,3.141742545734048,772.3732554734986,3.141742545734048,51.50830067983898,1,1,0,2423.416178819463,0,0,0,0
809,28002,244.2101564920323,0,0,0,0,0,0,0,1,0,3.151459431691864,770.0092852279934,3.151459431691864,44.20740649203256,1,1,0,8228.240219388856,0,0,0,0
810,19943,238.2160048676892,0,0,0,2,12,0,0,0,0,3.200075495866566,786.3704856672618,3.200075495866566,-1,8,0,1,1171.908927111682,0,0,0,0
811,25479,224.0529261083555,0,0,0,0,0,0,0,1,0,3.132990515982913,764.8525440480726,3.132990515982913,24.05017610835567,1,1,0,24.4795788524722,0,0,0,0
812,26938,231.5354126666117,0,0,0,0,0,0,0,1,0,3.157668150365016,773.9730953085293,3.157668150365016,31.36241266661305,8,1,0,409.8784664883953,0,0,0,0
813,30098,253.4032104353763,0,0,0,0,0,0,0,1,0,3.248184197212334,796.8690695853327,3.248184197212334,53.23021043537564,8,1,0,1932.496860685367,0,0,0,0
814,30298,246.7907476860811,0,0,0,0,0,0,0,1,0,3.087369396547207,756.050214031296,3.087369396547207,46.61774768608168,8,1,0,300.70731270873,0,0,0,0
815,27880,238.4997537851562,0,0,0,0,0,0,0,1,0,3.079767933727792,751.2428332680745,3.079767933727792,38.49700378515625,1,1,0,1127.448973905022,0,0,0,0
816,30592,249.1732034371576,0,0,0,0,0,0,0,1,0,3.161275900138971,773.1371237885465,3.161275900138971,49.17045343715708,1,1,0,4985.405184474765,0,0,0,0
817,26284,230.610249546893,0,0,0,0,0,0,0,1,0,3.315793404303455,812.8379382185531,3.315793404303455,30.60749954689262,1,1,0,1319.916648310638,0,0,0,0
818,28583,239.6398300982929,0,0,0,0,0,0,0,1,0,3.242757087018781,795.2858729430483,3.242757087018781,39.63708009829269,1,1,0,202.742133813267,0,0,0,0
819,19557,205.1750509202789,0,0,0,1,9,0,0,0,0,3.115877173664342,761.5638403801446,3.115877173664342,-1,8,0,1,527.5585227972367,0,0,0,0
820,20330,212.3015656115844,0,0,0,3,23,0,0,0,0,3.26850002112059,804.4537566636239,3.26850002112059,-1,8,0,1,1066.109392746143,0,0,0,0
821,31000,251.3532788088502,0,0,0,0,0,0,0,1,0,3.15632880739757,773.8952700283897,3.15632880739757,51.35052880885075,1,1,0,2470.988221939013,0,0,0,0
822,22478,213.6567100277714,0,0,0,0,0,0,0,1,0,3.247998449595423,796.5694587512328,3.247998449595423,13.65396002777172,1,1,0,98.34429543924335,0,0,0,0
823,22079,211.4955136534143,0,0,0,0,0,0,0,1,0,3.206303688048027,787.2922524570702,3.206303688048027,11.49276365341405,1,1,0,976.9873581190864,0,0,0,0
824,26517,229.0771006105091,0,0,0,0,0,0,0,1,0,3.266161035029302,801.9348182275537,3.266161035029302,28.90410061050858,8,1,0,3612.462495206322,0,0,0,0
825,27684,231.9072621326378,0,0,0,0,0,0,0,1,0,3.247154192175647,800.0901282614083,3.247154192175647,31.90451213263719,1,1,0,357.8568625991606,0,0,0,0
826,25907,230.9113435409335,0,0,0,0,0,0,0,1,0,3.26833667043139,804.2304442230396,3.26833667043139,30.73834354093414,8,1,0,3108.601235506078,0,0,0,0
827,27503,234.454349798779,0,0,0,0,0,0,0,1,0,3.152311721642981,769.0938279700123,3.152311721642981,34.45159979877945,1,1,0,654.8143658408682,0,0,0,0
828,26227,229.5873186424364,0,0,0,0,0,0,0,1,0,3.258272530006743,799.5485755510151,3.258272530006743,29.41431864243656,8,1,0,1129.526796395402,0,0,0,0
829,28148,242.4632061362039,0,0,0,0,0,0,0,1,0,3.16527575322895,773.884454692169,3.16527575322895,42.29020613620389,8,1,0,297.0484277874933,0,0,0,0
830,22262,221.8325662962162,0,0,0,2,10,0,0,0,0,3.169489802513646,775.4341993416105,3.169489802513646,-1,8,0,1,2384.809836836645,0,0,0,0
831,23770,219.4068632405962,0,0,0,0,0,0,0,1,0,3.219141675036846,788.3912237965444,3.219141675036846,19.40411324059631,1,1,0,1393.142461333453,0,0,0,0
832,26244,231.0108199138409,0,0,0,0,0,0,0,1,0,3.133347420449155,764.1129399159067,3.133347420449155,30.83781991384004,8,1,0,9.399982582209244,0,0,0,0
833,19490,234.8062241442815,0,0,0,3,22,0,0,0,0,3.143005952810781,770.0829102849207,3.143005952810781,-1,8,0,1,218.674162381723,0,0,0,0
834,30320,248.9158219863496,0,0,0,0,0,0,0,1,0,3.193799655599141,786.9103780227862,3.193799655599141,48.74282198634958,8,1,0,3769.740234533117,0,0,0,0
835,28985,245.2302819507742,0,0,0,0,0,0,0,1,0,3.235260912857869,793.7332203397884,3.235260912857869,45.22753195077322,1,1,0,964.3348547346941,0,0,0,0
836,19474,216.0335102668151,0,0,0,2,17,0,0,0,0,3.240637230361058,791.7417068907815,3.240637230361058,-1,8,0,1,2374.48802857074,0,0,0,0
837,23122,220.8463180759755,0,0,0,0,0,0,0,1,0,3.099098676166548,756.2265328658216,3.099098676166548,20.67331807597452,8,1,0,702.2388524606695,0,0,0,0
838,31261,251.7445339891211,0,0,0,0,0,0,0,1,0,3.334590168490523,817.3606583179004,3.334590168490523,51.57153398912082,8,1,0,4517.628784392628,0,0,0,0
839,24544,222.3599471949942,0,0,0,0,0,0,0,1,0,3.209214716376848,788.1317821636513,3.209214716376848,22.18694719499385,8,1,0,1074.913757436393,0,0,0,0
840,23959,216.78579983806,0,0,0,0,0,0,0,1,0,3.216275237501133,790.289235728973,3.216275237501133,16.61279983806041,8,1,0,108.6489835456349,0,0,0,0
841,20826,239.645130432943,0,0,0,2,18,0,0,0,0,3.197446733601804,785.5314620068909,3.197446733601804,-1,8,0,1,2076.237247088115,0,0,0,0
842,25350,225.4353400111798,0,0,0,0,0,0,0,1,0,3.046778353060547,742.8738742095466,3.046778353060547,25.26234001117902,8,1,0,242.4195826207606,0,0,0,0
843,31802,254.671411085522,0,0,0,0,1,0,0,1,0,3.101587679167271,757.1744918103323,3.101587679167271,54.49841108550235,8,1,0,248.3516878898836,0,0,0,0
844,28250,236.9206826362608,0,0,0,0,0,0,0,1,0,3.242333693270277,796.8278207835675,3.242333693270277,36.7476826362611,8,1,0,4713.812670878847,0,0,0,0
845,29819,246.282731603361,0,0,0,0,0,0,0,1,0,3.1332436081968,766.4594961892142,3.1332436081968,46.27998160336023,1,1,0,1603.097885087873,0,0,0,0
846,28030,239.802211768909,0,0,0,0,0,0,0,1,0,3.161280091681318,773.0059653645596,3.161280091681318,39.79946176890966,1,1,0,2807.331741569737,0,0,0,0
847,23609,221.2835804656947,0,0,0,0,0,0,0,1,0,3.015969545167335,734.8571263556782,3.015969545167335,21.1105804656948,8,1,0,175.7284904911533,0,0,0,0
848,24544,224.1959929351626,0,0,0,0,0,0,0,1,0,3.205412290448074,784.4105392697164,3.205412290448074,24.02299293516194,8,1,0,84.39674567529454,0,0,0,0
849,19954,208.0921486741157,0,0,0,2,14,0,0,0,0,3.214999170440104,790.2441573159356,3.214999170440104,-1,8,0,1,2219.718580999929,0,0,0,0
850,28176,237.1256982524182,0,0,0,0,0,0,0,1,0,3.269664054926792,803.7271247704316,3.269664054926792,36.9526982524186,8,1,0,2887.155545107305,0,0,0,0
851,26900,233.9571809130264,0,0,0,0,0,0,0,1,0,3.335795591879636,816.6576119845971,3.335795591879636,33.95443091302635,1,1,0,9340.263231381221,0,0,0,0
852,30591,247.5838306497095,0,0,0,0,0,0,0,1,0,3.220729882016053,789.6579706849063,3.220729882016053,47.41083064970957,8,1,0,51.66372269724997,0,0,0,0
853,23771,217.2911344253948,0,0,0,0,0,0,0,1,0,3.205135732159543,785.415877537808,3.205135732159543,17.11813442539441,8,1,0,1039.789772790796,0,0,0,0
854,30847,244.5720229833773,0,0,0,0,0,0,0,1,0,3.158693742184647,771.1098782836663,3.158693742184647,44.3990229833775,8,1,0,2237.995677960232,0,0,0,0
855,23525,214.9541926464012,0,0,0,0,0,0,0,1,0,3.121917212963839,762.9525478965203,3.121917212963839,14.78119264640189,8,1,0,1729.419206662815,0,0,0,0
856,29265,240.2090424157791,0,0,0,0,0,0,0,1,0,3.22912481351526,790.9279688105061,3.22912481351526,40.03604241577879,8,1,0,2267.743293883277,0,0,0,0
857,31072,250.7225442084892,0,0,0,0,0,0,0,1,0,3.285636396534097,806.0426214914901,3.285636396534097,50.54954420848971,8,1,0,252.965200717222,0,0,0,0
858,28920,240.0639485987976,0,0,0,0,0,0,0,1,0,3.123957093082874,760.6185894404769,3.123957093082874,39.89094859879788,8,1,0,4089.578144661106,0,0,0,0
859,28086,244.9564129522535,0,0,0,0,0,0,0,1,0,3.297497170660114,809.4566949701515,3.297497170660114,44.95366295225332,1,1,0,2716.621693683914,0,0,0,0
860,27841,236.7493482964484,0,0,0,0,0,0,0,1,0,3.280468351380332,804.855861193438,3.280468351380332,36.74659829644846,1,1,0,3107.824274243843,0,0,0,0
861,30358,250.4227693532544,0,0,0,0,0,0,0,1,0,3.292296250370345,806.3967121840689,3.292296250370345,50.42001935325403,1,1,0,1182.516290254302,0,0,0,0
862,25728,231.3059344420252,0,0,0,0,0,0,0,1,0,3.170554380376416,774.1557037777806,3.170554380376416,31.30318444203921,1,1,0,2084.640592910425,0,0,0,0
863,31761,253.1686642430455,0,0,0,0,0,0,0,1,0,3.19160343815076,782.4614594864744,3.19160343815076,52.99566424304483,8,1,0,1157.529533134343,0,0,0,0
864,22449,212.7498571090211,0,0,0,0,0,0,0,1,0,3.082454047802471,755.7705503556356,3.082454047802471,12.57685710902125,8,1,0,236.6081940818503,0,0,0,0
865,24017,219.9876727879243,0,0,0,0,0,0,0,1,0,3.275183480499093,804.6968048878368,3.275183480499093,19.81467278792366,8,1,0,1224.586794170013,0,0,0,0
866,27009,233.8612445690803,0,0,0,0,0,0,0,1,0,3.238836551562361,796.2033709818808,3.238836551562361,33.68824456907988,8,1,0,1953.471427131518,0,0,0,0
867,28408,242.603120435284,0,0,0,0,0,0,0,1,0,3.202572347309451,786.1974163946376,3.202572347309451,42.60037043528427,1,1,0,519.2889080242002,0,0,0,0
868,31304,250.1098000498982,0,0,0,0,0,0,0,1,0,3.349028005789806,824.4749925755259,3.349028005789806,50.10705004989854,1,1,0,3399.375824822765,0,0,0,0
869,27236,231.5952180066767,0,0,0,0,0,0,0,1,0,3.164076806875767,772.2152472373059,3.164076806875767,31.59246800667678,1,1,0,763.7718899825105,0,0,0,0
870,27824,237.7552994367286,0,0,0,0,0,0,0,1,0,3.189835960120496,781.097954944605,3.189835960120496,37.75254943672913,1,1,0,5071.049149923286,0,0,0,0
871,29736,246.1613914990794,0,0,0,0,0,0,0,1,0,3.256933058987315,799.5259783812762,3.256933058987315,45.98839149907933,8,1,0,2038.263368322274,0,0,0,0
872,28543,239.3311115883924,0,0,0,0,0,0,0,1,0,3.211215934144104,787.8229235391495,3.211215934144104,39.32836158839289,1,1,0,54.03048459801202,0,0,0,0
873,19751,203.6183731892653,0,0,0,0,0,0,0,1,0,3.253229268112683,796.1911496903208,3.253229268112683,3.445373189265178,8,1,0,294.419200992829,0,0,0,0
874,24696,224.7637735210972,0,0,0,0,0,0,0,1,0,2.98464188897548,730.4807300038066,2.98464188897548,24.76102352109723,1,1,0,319.7964271480498,0,0,0,0
875,27598,236.1411197840356,0,0,0,0,0,0,0,1,0,3.268401664782897,801.9673736975762,3.268401664782897,35.96811978403612,8,1,0,1809.215332935218,0,0,0,0
876,26157,226.4752007836961,0,0,0,0,0,0,0,1,0,3.313615480101885,814.6283000890381,3.313615480101885,26.30220078369634,8,1,0,998.8343827028569,0,0,0,0
877,30404,249.5042372622841,0,0,0,0,0,0,0,1,0,3.188501947549856,783.5708343541252,3.188501947549856,49.33123726228452,8,1,0,1776.0770593263,0,0,0,0
878,22414,213.6314485073301,0,0,0,0,0,0,0,1,0,3.208242129166238,787.8988237451504,3.208242129166238,13.45844850732968,8,1,0,275.2839432424107,0,0,0,0
879,31012,250.3412640002417,0,0,0,0,0,0,0,1,0,3.197873330575594,783.1617820841088,3.197873330575594,50.33851400024122,1,1,0,990.6252213115408,0,0,0,0
880,30914,248.923838161656,0,0,0,0,0,0,0,1,0,3.312608547421793,812.6760670427758,3.312608547421793,48.92108816165598,1,1,0,3651.172038919864,0,0,0,0
881,30629,250.4035347717295,0,0,0,0,0,0,0,1,0,3.260160295124763,802.4522803347196,3.260160295124763,50.23053477255617,8,1,0,257.8253565562065,0,0,0,0
882,29561,246.4504090904608,0,0,0,0,0,0,0,1,0,3.024433427072216,735.3922079316009,3.024433427072216,46.27740909046094,8,1,0,1796.967282927749,0,0,0,0
883,28356,244.0825582586789,0,0,0,0,0,0,0,1,0,3.131111927199703,768.1599845267149,3.131111927199703,43.90955825867804,8,1,0,1673.276122856447,0,0,0,0
884,25323,223.5210650823892,0,0,0,0,0,0,0,1,0,3.334648569373504,819.0994257095407,3.334648569373504,23.34806508238874,8,1,0,5324.695550126567,0,0,0,0
885,25073,226.8399351090244,0,0,0,0,0,0,0,1,0,3.255125502127856,798.8827044335479,3.255125502127856,26.66693510911226,8,1,0,466.8681008778196,0,0,0,0
886,27401,232.8375249645125,0,0,0,0,0,0,0,1,0,3.148570372578292,771.2829099039446,3.148570372578292,32.83477496451299,1,1,0,4174.602115292856,0,0,0,0
887,21113,205.0852789683686,0,0,0,0,0,0,0,1,0,3.244253133532467,797.8611770606377,3.244253133532467,4.912278968368767,8,1,0,2683.319192245608,0,0,0,0
888,19765,201.7410094892576,0,0,0,0,0,0,0,0,0,3.196121253294434,784.8383513993294,3.196121253294434,-1,8,0,1,1803.871480468045,0,0,0,0
889,28540,239.7016989833204,0,0,0,0,0,0,0,1,0,3.246288838389241,798.6187557836978,3.246288838389241,39.52869898332047,8,1,0,822.628172184254,0,0,0,0
890,24367,219.8481583856641,0,0,0,0,0,0,0,1,0,3.295333504929067,810.502700456194,3.295333504929067,19.67515838566472,8,1,0,1119.012353687631,0,0,0,0
891,27302,233.5417917461364,0,0,0,0,0,0,0,1,0,3.197896132737405,782.5156762007252,3.197896132737405,33.36879174613636,8,1,0,13.17875753412218,0,0,0,0
892,25190,225.027238021994,0,0,0,0,0,0,0,1,0,3.264356112718569,800.7075509308208,3.264356112718569,24.85423802199303,8,1,0,2606.126610564362,0,0,0,0
893,31399,249.5455005256109,0,0,0,0,0,0,0,1,0,3.204545753738793,785.1960915993537,3.204545753738793,49.37250052561012,8,1,0,6319.106284027565,0,0,0,0
894,19166,200.6355330753532,0,0,0,1,5,0,0,0,0,3.170899893341311,774.8342450670607,3.170899893341311,-1,8,0,1,424.3563851977987,0,0,0,0
895,19864,202.6514972536045,0,0,0,0,0,0,0,0,0,3.202820462117671,785.8248621356332,3.202820462117671,-1,8,0,1,3166.115015676145,0,0,0,0
896,24288,222.9424385971843,0,0,0,0,0,0,0,1,0,3.16736829246239,776.8489400518861,3.16736829246239,22.76943859730396,8,1,0,1367.394559194839,0,0,0,0
897,24865,223.00508276362,0,0,0,0,0,0,0,1,0,3.153884215175588,773.7262324091082,3.153884215175588,23.00233276362041,1,1,0,5543.910930068269,0,0,0,0
898,28060,241.3120406512292,0,0,0,0,0,0,0,1,0,3.198678126317545,785.6025222354016,3.198678126317545,41.13904065122838,8,1,0,137.6889302212799,0,0,0,0
899,24007,223.2715444216327,0,0,0,0,0,0,0,1,0,3.221871062452927,790.4115287084461,3.221871062452927,23.09854442163193,8,1,0,131.3530846458794,0,0,0,0
900,24566,224.3799492138839,0,0,0,0,0,0,0,1,0,3.30622507891011,813.4979127528077,3.30622507891011,24.20694921388409,8,1,0,2086.528411280068,0,0,0,0
901,27315,230.2621280390108,0,0,0,0,0,0,0,1,0,3.328630517998888,817.4486734489565,3.328630517998888,30.08912803901017,8,1,0,2518.449062110993,0,0,0,0
902,29643,243.307392216894,0,0,0,0,0,0,0,1,0,3.17744070621732,775.486010972908,3.17744070621732,43.30464221689429,1,1,0,4002.877631698541,0,0,0,0
903,24566,217.8653855511039,0,0,0,0,0,0,0,1,0,3.229116777132354,792.0629714046853,3.229116777132354,17.69238555110359,8,1,0,644.2241000084902,0,0,0,0
904,27915,238.5144406151714,0,0,0,0,0,0,0,1,0,3.174004072974077,775.8468974199369,3.174004072974077,38.34144061516808,8,1,0,1313.379596647569,0,0,0,0
905,30561,247.9673441407499,0,0,0,0,0,0,0,1,0,3.212230672042642,786.9104229586421,3.212230672042642,47.79434414075011,8,1,0,5434.169258451036,0,0,0,0
906,20142,239.4915343197283,0,0,0,1,12,0,0,0,0,3.152101664642923,771.2313502348103,3.152101664642923,-1,8,0,1,1775.591923797327,0,0,0,0
907,28202,233.5999875796331,0,0,0,0,0,0,0,1,0,3.22335451549344,793.1969482666749,3.22335451549344,33.59723757963319,1,1,0,4584.005568463928,0,0,0,0
908,28446,238.1469138852361,0,0,0,0,0,0,0,1,0,3.257588398399796,800.0046247457313,3.257588398399796,37.9739138852365,8,1,0,1304.826765492574,0,0,0,0
909,25814,235.3159323175933,0,0,0,0,0,0,0,1,0,3.278629987176396,802.314407767725,3.278629987176396,35.14293231759303,8,1,0,2496.620057866406,0,0,0,0
910,27632,236.4139127438062,0,0,0,0,0,0,0,1,0,3.378480816816097,832.0579091021193,3.378480816816097,36.24091274353369,8,1,0,269.9294331683042,0,0,0,0
911,25577,225.9599437881278,0,0,0,0,0,0,0,1,0,3.126859933331111,764.9154480568553,3.126859933331111,25.78694378812807,8,1,0,7140.367259206659,0,0,0,0
912,26317,235.0263470349463,0,0,0,0,0,0,0,1,0,3.241250588706867,794.5374806595145,3.241250588706867,34.85334703494631,8,1,0,1589.592630886699,0,0,0,0
913,29079,242.5432037331959,0,0,0,0,0,0,0,1,0,3.282653026591642,805.4669428507813,3.282653026591642,42.37020373319578,8,1,0,4921.996413828596,0,0,0,0
914,19965,222.8997177463949,0,0,0,2,15,0,0,0,0,3.306569227091169,809.5627291616184,3.306569227091169,-1,8,0,1,5311.50143598529,0,0,0,0
915,30800,247.1361464594543,0,0,0,0,0,0,0,1,0,3.044616647981131,745.4947750152927,3.044616647981131,46.96314645945401,8,1,0,4593.929054726867,0,0,0,0
916,25868,226.5406703360684,0,0,0,0,0,0,0,1,0,3.162179533691436,773.4991265837363,3.162179533691436,26.5379203360385,1,1,0,181.2689527531855,0,0,0,0
917,20069,214.5756817639286,0,0,0,1,4,0,0,0,0,3.212352104226325,787.8431346495246,3.212352104226325,-1,8,0,1,728.648962658001,0,0,0,0
918,27325,233.7068508394174,0,0,0,0,0,0,0,1,0,3.154782700306644,770.8689235192924,3.154782700306644,33.70410083941821,1,1,0,2561.148122039171,0,0,0,0
919,31913,251.1399850345882,0,0,0,0,0,0,0,1,0,3.178003958749142,777.0322189884816,3.178003958749142,51.13723503458854,1,1,0,6046.323390123822,0,0,0,0
920,27926,236.2429166738087,0,0,0,0,0,0,0,1,0,3.220804900020513,789.3546820436479,3.220804900020513,36.24016667379468,1,1,0,210.4870519649496,0,0,0,0
921,30895,251.668195246522,0,0,0,0,0,0,0,1,0,3.152203242496474,771.4377524282816,3.152203242496474,51.66544524652293,1,1,0,396.1518848455396,0,0,0,0
922,28372,239.8913753832856,0,0,0,0,0,0,0,1,0,3.122518389950164,763.0978677113544,3.122518389950164,39.71837538353328,8,1,0,1183.744710321002,0,0,0,0
923,26854,235.3702286549661,0,0,0,0,0,0,0,1,0,3.112308461606198,760.7771459435322,3.112308461606198,35.19722865496234,8,1,0,179.9238017710647,0,0,0,0
924,28003,236.8322757079239,0,0,0,0,0,0,0,1,0,3.254605700498905,799.0949671800712,3.254605700498905,36.65927570792348,8,1,0,218.0010501336498,0,0,0,0
925,29762,247.1335136018006,0,0,0,0,0,0,0,1,0,3.036223185576822,741.5902489429699,3.036223185576822,46.96051360180013,8,1,0,473.8455622003671,0,0,0,0
926,27712,235.6987960079558,0,0,0,0,0,0,0,1,0,3.241469139456924,795.5093052829833,3.241469139456924,35.69604600795532,1,1,0,25.09782993261373,0,0,0,0
927,25529,222.9192210296297,0,0,0,0,0,0,0,1,0,3.322219033738504,818.787465437263,3.322219033738504,22.7462210296293,8,1,0,127.0830152518238,0,0,0,0
928,25577,225.940709270951,0,0,0,0,0,0,0,1,0,3.327418099863183,817.2980084149243,3.327418099863183,25.93795927095091,1,1,0,4198.85688920721,0,0,0,0
929,26679,235.9949324751052,0,0,0,0,0,0,0,1,0,3.28538493952323,808.3494474675188,3.28538493952323,35.82193247510527,8,1,0,3240.927494039681,0,0,0,0
930,26104,230.9730256627068,0,0,0,0,0,0,0,1,0,3.264037610634128,800.7550048114073,3.264037610634128,30.80002566270667,8,1,0,4131.608707826623,0,0,0,0
931,20298,200.0027499999998,0,0,0,0,0,0,0,0,0,3.309410735913939,816.187313891562,3.309410735913939,-1,1,1,0,10360.01163288867,0,0,0,0
932,27079,235.3613644018118,0,0,0,0,0,0,0,1,0,3.213017770839939,785.8684584924953,3.213017770839939,35.18836440181119,8,1,0,392.3861802272096,0,0,0,0
933,31382,252.1139590258204,0,0,0,0,0,0,0,1,0,3.221472947299143,789.3407717830542,3.221472947299143,52.11120902582039,1,1,0,2430.789309040139,0,0,0,0
934,29213,246.550604258061,0,0,0,0,0,0,0,1,0,3.125565806206821,761.7735009279979,3.125565806206821,46.54785425806072,1,1,0,3304.215044005201,0,0,0,0
935,31255,254.0833206720346,0,0,0,0,0,0,0,1,0,3.129702844265921,764.4322182946149,3.129702844265921,53.91032067203466,8,1,0,4993.786970499946,0,0,0,0
936,31674,252.4848746489181,0,0,0,0,0,0,0,1,0,3.172314678698742,780.3008133016674,3.172314678698742,52.48212464891856,1,1,0,1293.293543824412,0,0,0,0
937,29373,243.8952076747917,0,0,0,0,0,0,0,1,0,3.151188795193365,772.6250244652222,3.151188795193365,43.89245767479132,1,1,0,6102.846785522755,0,0,0,0
938,30360,243.6798256195702,0,0,0,0,0,0,0,1,0,3.173279569665843,778.0068935702883,3.173279569665843,43.50682561957093,8,1,0,92.95529016272337,0,0,0,0
939,30305,247.3190660403268,0,0,0,0,0,0,0,1,0,3.144013778701664,769.4559839730066,3.144013778701664,47.31631604032664,1,1,0,1951.917201088527,0,0,0,0
940,29653,244.9936209805897,0,0,0,0,0,0,0,1,0,3.092976863484415,757.9540592391552,3.092976863484415,44.82062098058925,8,1,0,762.9219069171844,0,0,0,0
941,30240,247.0818561981579,0,0,0,0,0,0,0,1,0,3.238028530992427,792.0520762253327,3.238028530992427,47.07910619815763,1,1,0,2421.130870745583,0,0,0,0
942,30953,248.6273393783159,0,0,0,0,0,0,0,1,0,3.281672530700956,807.1859263355739,3.281672530700956,48.45433937831544,8,1,0,1326.140093380214,0,0,0,0
943,23378,217.6984611364423,0,0,0,0,0,0,0,1,0,3.305666653767661,813.7002981152945,3.305666653767661,17.52546113644227,8,1,0,2667.663118538683,0,0,0,0
944,23536,216.0241652961423,0,0,0,0,0,0,0,1,0,3.185074826252749,777.6367486905334,3.185074826252749,16.02141529614265,1,1,0,3366.942025006644,0,0,0,0
945,23468,215.9465736529948,0,0,0,0,0,0,0,1,0,3.096963591004421,757.3994954874759,3.096963591004421,15.77357365299481,8,1,0,1282.530106618618,0,0,0,0
946,27640,236.8604643671093,0,0,0,0,0,0,0,1,0,3.253184652717994,799.3095999463043,3.253184652717994,36.85771436710873,1,1,0,2358.631049476578,0,0,0,0
947,30367,250.8262497418137,0,0,0,0,0,0,0,1,0,3.130552392638055,768.0127065495535,3.130552392638055,50.6532497415869,8,1,0,3449.773362633585,0,0,0,0
948,29418,240.8807911953796,0,0,0,0,0,0,0,1,0,3.310729374928771,812.991790414196,3.310729374928771,40.87804119537991,1,1,0,6515.813607715695,0,0,0,0
949,30413,245.999997840747,0,0,0,0,0,0,0,1,0,3.304913473016725,812.1961807413511,3.304913473016725,45.82699784056967,8,1,0,2402.000091163803,0,0,0,0
950,28891,246.9365231410098,0,0,0,0,0,0,0,1,0,3.268740492460984,804.7887697747018,3.268740492460984,46.9337731410865,1,1,0,136.2293770499577,0,0,0,0
951,19235,224.2199119691678,0,0,0,2,21,0,0,0,0,3.339729519058095,820.1974640845254,3.339729519058095,-1,8,0,1,141.4988055795486,0,0,0,0
952,28172,244.9818173694344,0,0,0,0,0,0,0,1,0,3.173381393265613,777.7397231518981,3.173381393265613,44.9790673694351,1,1,0,312.6564070948426,0,0,0,0
953,28434,238.46169644118,0,0,0,0,0,0,0,1,0,3.254843799431505,798.8187764786533,3.254843799431505,38.4589464411805,1,1,0,1381.642987382734,0,0,0,0
954,29985,242.3013131497733,0,0,0,0,0,0,0,1,0,3.238732260273261,796.202228948241,3.238732260273261,42.12831314977299,8,1,0,243.6513972831226,0,0,0,0
955,26738,230.8068418734461,0,0,0,0,0,0,0,1,0,3.308000045341918,813.2300396704758,3.308000045341918,30.63384187344621,8,1,0,942.8541158074042,0,0,0,0
956,20446,211.4330673916373,0,0,0,1,7,0,0,0,0,3.181270574391769,780.8704473836236,3.181270574391769,-1,8,0,1,350.1345916640544,0,0,0,0
957,21229,234.0527208662806,0,0,0,2,19,0,0,0,0,3.236593532278932,792.912630188021,3.236593532278932,-1,8,0,1,2112.292859364808,0,0,0,0
958,20240,207.5606613067619,0,0,0,2,17,0,0,0,0,3.228891464657927,792.0200960718157,3.228891464657927,-1,8,0,1,574.2695317112253,0,0,0,0
959,20744,230.6926435709825,0,0,0,4,18,0,0,0,0,3.168528917076257,774.3315728963835,3.168528917076257,-1,8,0,1,341.7582521284865,0,0,0,0
960,24424,221.2659383488811,0,0,0,0,0,0,0,1,0,3.286312174778908,806.6876190203369,3.286312174778908,21.09293834888159,8,1,0,1744.835060654376,0,0,0,0
961,28721,240.7279495893511,0,0,0,0,0,0,0,1,0,3.240458821080515,799.1841632903282,3.240458821080515,40.72519958935128,1,1,0,4050.89862321186,0,0,0,0
962,25452,224.7773595282141,0,0,0,0,0,0,0,1,0,3.173548732918314,776.275967445326,3.173548732918314,24.77460952821405,1,1,0,1390.165745226206,0,0,0,0
963,31183,248.9316021398854,0,0,0,0,0,0,0,1,0,3.169335829911123,778.0434302207501,3.169335829911123,48.75860213988467,8,1,0,1633.013114737473,0,0,0,0
964,28295,242.2278262880203,0,0,0,0,0,0,0,1,0,3.220950114939073,790.4297798901855,3.220950114939073,42.05482628802071,8,1,0,1108.018247535978,0,0,0,0
965,27829,238.9815799865123,0,0,0,0,0,0,0,1,0,3.25257286693019,801.1078591384892,3.25257286693019,38.80857998651258,8,1,0,3613.615443894711,0,0,0,0
966,29431,241.7280463130337,0,0,0,0,0,0,0,1,0,3.180899175594373,778.0334173966828,3.180899175594373,41.55504631303359,8,1,0,1303.349970147502,0,0,0,0
967,28217,240.7323223714263,0,0,0,0,0,0,0,1,0,3.190271407889917,780.7139513928028,3.190271407889917,40.72957237142594,1,1,0,1205.970622806067,0,0,0,0
968,23280,215.1455855880269,0,0,0,0,0,0,0,1,0,3.284128999904135,806.1130446889209,3.284128999904135,14.97258558802728,8,1,0,932.7864353460271,0,0,0,0
969,28653,242.4503852196987,0,0,0,0,0,0,0,1,0,3.183195771527852,778.8073818487967,3.183195771527852,42.27738521969825,8,1,0,594.1463854183323,0,0,0,0
970,30927,250.936621117982,0,0,0,0,0,0,0,1,0,3.226416213651814,792.7250972612774,3.226416213651814,50.93387111798201,1,1,0,143.8726639561386,0,0,0,0
971,21146,214.1077081735703,0,0,0,1,7,0,0,0,0,3.209218076551526,786.5368666190261,3.209218076551526,-1,8,0,1,1877.540394660422,0,0,0,0
972,29629,239.8133153901797,0,0,0,0,0,0,0,1,0,3.237609369682185,797.0967065464137,3.237609369682185,39.64031539017838,8,1,0,327.6007604072158,0,0,0,0
973,19205,202.187584356821,0,0,0,0,0,0,0,0,0,3.134735698438857,765.830150758788,3.134735698438857,-1,8,0,1,505.1606079690179,0,0,0,0
974,29921,244.8046013107141,0,0,0,0,0,0,0,1,0,3.258522202463339,799.2139372019889,3.258522202463339,44.63160131071484,8,1,0,469.013766211307,0,0,0,0
975,25569,222.6475352890089,0,0,0,0,0,0,0,1,0,3.199262611227744,789.3419726305229,3.199262611227744,22.47453528900921,8,1,0,242.9582776575628,0,0,0,0
976,31258,247.1496721065905,0,0,0,0,0,0,0,1,0,3.232156356166082,791.2895901251186,3.232156356166082,46.97667210659058,8,1,0,1991.347520852881,0,0,0,0
977,32047,251.6188392547014,0,0,0,0,0,0,0,1,0,3.293463220429568,808.8366912833199,3.293463220429568,51.44583925470118,8,1,0,1552.068671422501,0,0,0,0
978,27743,234.4156853806352,0,0,0,0,0,0,0,1,0,3.173347924904562,778.7787309138472,3.173347924904562,34.2426853806364,8,1,0,2018.416521130157,0,0,0,0
979,25976,232.0932712915788,0,0,0,0,0,0,0,1,0,3.228083770547484,789.3038897948485,3.228083770547484,31.92027129157816,8,1,0,865.1925749345129,0,0,0,0
980,32103,251.8616546651114,0,0,0,0,0,0,0,1,0,3.234561003289015,793.0700601031448,3.234561003289015,51.85890466511097,1,1,0,323.7817971269623,0,0,0,0
981,30421,248.474224940072,0,0,0,0,0,0,0,1,0,3.277051896113676,806.9478756866181,3.277051896113676,48.30122494007244,8,1,0,3875.870031165281,0,0,0,0
982,26459,235.6585053221761,0,0,0,0,0,0,0,1,0,3.061457985708849,748.9146522480703,3.061457985708849,35.48550532217606,8,1,0,380.2152625715868,0,0,0,0
983,29744,246.8964451185884,0,0,0,0,0,0,0,1,0,3.120556957480574,762.6879478567799,3.120556957480574,46.72344511858782,8,1,0,838.5332621195928,0,0,0,0
984,30395,248.4491177075444,0,0,0,0,0,0,0,1,0,3.173108422733101,777.4549901404876,3.173108422733101,48.27611770754398,8,1,0,80.54627531223608,0,0,0,0
985,26837,230.7537009109148,0,0,0,0,0,0,0,1,0,3.103845413648668,757.2620200445421,3.103845413648668,30.58070091091419,8,1,0,1553.507438198232,0,0,0,0
986,26079,231.4926902153258,0,0,0,0,0,0,0,1,0,3.207820256720243,784.5909960586946,3.207820256720243,31.31969021532557,8,1,0,855.3118484467942,0,0,0,0
987,23169,215.6530719225211,0,0,0,0,0,0,0,1,0,3.243685498087205,795.0385241085031,3.243685498087205,15.4800719225212,8,1,0,323.6942212834165,0,0,0,0
988,23630,220.5180396355293,0,0,0,0,0,0,0,1,0,3.285734177743737,807.7279668654342,3.285734177743737,20.34503963552905,8,1,0,603.5800353077565,0,0,0,0
989,30059,244.1908979140675,0,0,0,0,0,0,0,1,0,3.157099820600132,773.5961353920189,3.157099820600132,44.01789791406707,8,1,0,6282.563036074353,0,0,0,0
990,23930,218.6877652367101,0,0,0,0,0,0,0,1,0,3.237027797752991,797.942571032024,3.237027797752991,18.51476523670997,8,1,0,483.5441993270487,0,0,0,0
991,27176,231.003549463704,0,0,0,0,0,0,0,1,0,3.211223075903762,787.3488003882604,3.211223075903762,30.83054946370339,8,1,0,940.0630389193442,0,0,0,0
992,20115,219.0108403235462,0,0,0,3,12,0,0,0,0,3.263338537061079,800.4606958259984,3.263338537061079,-1,8,0,1,2986.535611168156,0,0,0,0
993,31163,252.4638773449726,0,0,0,0,0,0,0,1,0,3.296093741736856,810.0847310354377,3.296093741736856,52.29087734497293,8,1,0,34.82315072404409,0,0,0,0
994,28158,238.9204815634809,0,0,0,0,0,0,0,1,0,3.118112792654518,760.9245751651579,3.118112792654518,38.91773156348044,1,1,0,5949.719869406548,0,0,0,0
995,21214,235.861974651727,0,0,0,4,16,0,0,0,0,3.250649355272424,798.4478386811026,3.250649355272424,-1,8,0,1,4576.232915044499,0,0,0,0
996,23844,220.5631723423579,0,0,0,0,0,0,0,1,0,3.249951985701252,797.9488662381591,3.249951985701252,20.39017234235725,8,1,0,829.19346664104,0,0,0,0
997,24033,223.9789823556782,0,0,0,0,0,0,0,1,0,3.103526322135269,755.2568355456368,3.103526322135269,23.80598235561777,8,1,0,2433.073502208931,0,0,0,0
998,30189,249.2693276348583,0,0,0,0,0,0,0,1,0,3.138315008400462,769.9196863923648,3.138315008400462,49.26657763489039,1,1,0,4997.01517209286,0,0,0,0
999,27025,232.3446964294814,0,0,0,0,0,0,0,1,0,3.288590511884182,807.975118644325,3.288590511884182,32.17169642948178,8,1,0,1048.483875912777,0,0,0,0
1000,23125,220.78840958675,0,0,0,0,0,0,0,1,0,3.294173447469224,808.7146487935145,3.294173447469224,20.78565958688942,1,1,0,7998.538221682484,0,0,0,0
1001,25698,226.0511406626233,0,0,0,0,0,0,0,1,0,3.177689901694821,778.1427710740778,3.177689901694821,25.87814066262288,8,1,0,591.7035618677512,0,0,0,0
1002,27371,235.3182267171526,0,0,0,0,0,0,0,1,0,3.085257300355516,749.9102469316593,3.085257300355516,35.14522671713392,8,1,0,2849.463875638054,0,0,0,0
1003,22227,209.0609607324437,0,0,0,0,0,0,0,1,0,3.330920838034262,820.7140357858016,3.330920838034262,9.058210732443396,1,1,0,1503.578214227319,0,0,0,0
1004,29774,246.3890682529559,0,0,0,0,0,0,0,1,0,3.12767669110917,762.8390524354011,3.12767669110917,46.21606825295586,8,1,0,701.1747878273411,0,0,0,0
1005,26091,232.119294488533,0,0,0,0,0,0,0,1,0,3.199424392505556,780.1486217707098,3.199424392505556,32.11654448853114,1,1,0,66.70402673394015,0,0,0,0
1006,29986,248.3439739440441,0,0,0,0,0,0,0,1,0,3.239223906039533,795.2715610314602,3.239223906039533,48.17097394385062,8,1,0,3758.295523329187,0,0,0,0
1007,28316,240.7004370341176,0,0,0,0,0,0,0,1,0,3.209915073386073,788.641643188883,3.209915073386073,40.52743703411765,8,1,0,4927.133934075478,0,0,0,0
1008,29478,246.8089376571334,0,0,0,0,0,0,0,1,0,3.250291393918305,796.0207465532868,3.250291393918305,46.63593765713337,8,1,0,536.9814718222982,0,0,0,0
1009,20212,230.1804481806547,0,0,0,3,24,0,0,0,0,3.323460174360487,817.5943908352766,3.323460174360487,-1,8,0,1,151.9952400023124,0,0,0,0
1010,29220,245.465044315235,0,0,0,0,0,0,0,1,0,3.165824743561654,775.5349340119975,3.165824743561654,45.46229431523534,1,1,0,6379.215986571713,0,0,0,0
1011,29400,241.3871377653311,0,0,0,0,0,0,0,1,0,3.36968479678677,828.0092066866708,3.36968479678677,41.21413776533091,8,1,0,8733.324405801752,0,0,0,0
1012,26688,230.5872062562535,0,0,0,0,0,0,0,1,0,3.240284475284584,795.1818732529412,3.240284475284584,30.41420625625397,8,1,0,1176.810367266359,0,0,0,0
1013,28426,237.8238804313586,0,0,0,0,0,0,0,1,0,3.279705259183672,804.9321063088976,3.279705259183672,37.65088043135805,8,1,0,2778.439029273447,0,0,0,0
1014,30442,248.1299247837422,0,0,0,0,0,0,0,1,0,3.152444269499952,771.3631461299914,3.152444269499952,47.95692478374254,8,1,0,3378.880352651141,0,0,0,0
1015,26123,225.0843689680568,0,0,0,0,0,0,0,1,0,3.19603120723601,781.6775126642141,3.19603120723601,25.08161896805676,1,1,0,4657.248875627907,0,0,0,0
1016,30285,246.691852995637,0,0,0,0,0,0,0,1,0,3.219042726432523,790.4813982951589,3.219042726432523,46.51885299563622,8,1,0,630.203246929608,0,0,0,0
1017,30042,250.2623880032486,0,0,0,0,0,0,0,1,0,3.039690950124057,740.6270813713993,3.039690950124057,50.25963800324893,1,1,0,1504.491443970599,0,0,0,0
1018,30187,245.0661981020991,0,0,0,0,0,0,0,1,0,3.288820512276571,807.4800492572525,3.288820512276571,44.89319810209919,8,1,0,5080.452246006535,0,0,0,0
1019,19522,201.0217274083937,0,0,0,1,3,0,0,0,0,3.243681536562934,794.2390185165287,3.243681536562934,-1,8,0,1,405.8264786585945,0,0,0,0
1020,21081,237.2996113275501,0,0,0,2,11,0,0,0,0,3.235118225317309,793.2171184476451,3.235118225317309,-1,8,0,1,475.1179153592402,0,0,0,0
1021,30713,252.0852663893502,0,0,0,0,0,0,0,1,0,3.217489186566502,787.7098282671961,3.217489186566502,51.9122663893496,8,1,0,2187.997325922465,0,0,0,0
1022,29693,246.8422794415968,0,0,0,0,0,0,0,1,0,3.224566666984543,790.1990262806506,3.224566666984543,46.66927944159758,8,1,0,337.7055304647927,0,0,0,0
1023,26717,230.2561820500368,0,0,0,0,0,0,0,1,0,3.195257306392313,784.0661550222262,3.195257306392313,30.25343205003758,1,1,0,160.0055682147529,0,0,0,0
1024,26729,231.7384292582133,0,0,0,0,0,0,0,1,0,3.119478470565257,763.8999492025781,3.119478470565257,31.56542925821258,8,1,0,2145.060809157949,0,0,0,0
1025,28880,246.4006325385664,0,0,0,0,0,0,0,1,0,3.13533202959523,768.4312720867974,3.13533202959523,46.22763253880754,8,1,0,182.5482227998446,0,0,0,0
1026,26682,229.1907435752376,0,0,0,0,0,0,0,1,0,3.204330541421694,785.2286777257226,3.204330541421694,29.01774357523693,8,1,0,875.4764329314436,0,0,0,0
1027,25004,225.168338425041,0,0,0,0,0,0,0,1,0,3.182254043014023,778.136835440056,3.182254043014023,25.16558842504045,1,1,0,2254.461674808167,0,0,0,0
1028,31480,249.1768851267293,0,0,0,0,0,0,0,1,0,3.186303673579435,782.2207467745848,3.186303673579435,49.17413512672931,1,1,0,4104.481793194422,0,0,0,0
1029,23900,217.9784789917022,0,0,0,0,0,0,0,1,0,3.303585975155023,812.1089649455805,3.303585975155023,17.80547899170159,8,1,0,46.53042717935407,0,0,0,0
1030,28533,237.8185514600151,0,0,0,0,0,0,0,1,0,3.300690314900707,809.8922665340219,3.300690314900707,37.64555146001594,8,1,0,3281.860249029918,0,0,0,0
1031,28419,240.694885117767,0,0,0,0,0,0,0,1,0,3.267285128596052,800.8075207434148,3.267285128596052,40.69213511776717,1,1,0,3874.924883908536,0,0,0,0
1032,29762,246.6535399230925,0,0,0,0,0,0,0,1,0,3.228136369899688,788.1617248493158,3.228136369899688,46.6507899230915,1,1,0,3864.130977845048,0,0,0,0
1033,24759,222.7022648004514,0,0,0,0,0,0,0,1,0,3.245831565351809,798.6866902091683,3.245831565351809,22.52926480045113,8,1,0,1810.065713609324,0,0,0,0
1034,30103,244.9778056773699,0,0,0,0,0,0,0,1,0,3.25699592313183,800.6572049653741,3.25699592313183,44.80480567647664,8,1,0,97.8666896699455,0,0,0,0
1035,28503,242.0954158863271,0,0,0,0,0,0,0,1,0,3.175171199950979,775.6746849913222,3.175171199950979,41.92241588632675,8,1,0,662.4566981185088,0,0,0,0
1036,25034,223.3706450147617,0,0,0,0,0,0,0,1,0,3.191663863375687,784.3368027660036,3.191663863375687,23.36789501476141,1,1,0,5925.847285430339,0,0,0,0
1037,26681,236.4551577000019,0,0,0,0,0,0,0,1,0,3.137852375960327,768.6629679482546,3.137852375960327,36.28215770000192,8,1,0,1253.002531994681,0,0,0,0
1038,20480,248.5887187934745,0,0,0,2,13,0,0,0,0,3.313219695355633,811.7268837089802,3.313219695355633,-1,8,0,1,127.5400339580709,0,0,0,0
1039,28873,244.8954517332732,0,0,0,0,0,0,0,1,0,3.193918868996327,784.2596122105533,3.193918868996327,44.8927017332729,1,1,0,533.6910728002682,0,0,0,0
1040,29133,245.6752898567721,0,0,0,0,0,0,0,1,0,3.102876323515716,757.5580090753456,3.102876323515716,45.67253985677255,1,1,0,148.4562576098529,0,0,0,0
1041,20103,202.6523439824735,0,0,0,0,0,0,0,0,0,3.298423368743246,812.4508123313296,3.298423368743246,-1,8,0,1,4968.892695996106,0,0,0,0
1042,27268,233.4369071395774,0,0,0,0,0,0,0,1,0,3.231411160892615,793.3090590437162,3.231411160892615,33.26390713957665,8,1,0,8.747993418097785,0,0,0,0
1043,30925,250.9021453824506,0,0,0,0,0,0,0,1,0,3.20634307016406,789.1326578806486,3.20634307016406,50.72914538245008,8,1,0,714.8950623293458,0,0,0,0
1044,26972,233.0550992847236,0,0,0,0,0,0,0,1,0,3.197671066366951,784.3452088950321,3.197671066366951,32.88209928472245,8,1,0,484.8956609821718,0,0,0,0
1045,24652,222.9510400447866,0,0,0,0,0,0,0,1,0,3.242087310373218,795.3736669983792,3.242087310373218,22.77804004478644,8,1,0,768.4767971745295,0,0,0,0
1046,31452,253.3523743432179,0,0,0,0,0,0,0,1,0,3.17193591408115,775.8592760560665,3.17193591408115,53.17937434321867,8,1,0,147.8672926773418,0,0,0,0
1047,30544,246.5506227252987,0,0,0,0,0,0,0,1,0,3.336059927263276,820.9780642913233,3.336059927263276,46.54787272529885,1,1,0,62.11511768556177,0,0,0,0
1048,26107,230.2561183725219,0,0,0,0,0,0,0,1,0,3.117754289686961,760.9489626693332,3.117754289686961,30.2533683725214,1,1,0,534.5542088530428,0,0,0,0
1049,25688,225.4880951920069,0,0,0,0,0,0,0,1,0,3.185851207574927,781.0370340284162,3.185851207574927,25.485345192007,1,1,0,796.7633879922065,0,0,0,0
1050,30117,243.2711103226804,0,0,0,0,0,0,0,1,0,3.150314545654548,772.2009082881651,3.150314545654548,43.09811032267964,8,1,0,2660.830465620884,0,0,0,0
1051,19432,201.6948872737324,0,0,0,0,0,0,0,0,0,3.158859582685313,775.2103305386188,3.158859582685313,-1,8,0,1,5848.730463560272,0,0,0,0
1052,27915,241.0157034489038,0,0,0,0,0,0,0,1,0,3.170056960675412,775.6361655058757,3.170056960675412,40.84270344891718,8,1,0,93.42282883477804,0,0,0,0
1053,27752,239.4657912882994,0,0,0,0,0,0,0,1,0,3.112555114554152,762.7177402024527,3.112555114554152,39.29279128829992,8,1,0,7397.43804027564,0,0,0,0
1054,24948,223.2822303668244,0,0,0,0,0,0,0,1,0,3.275335551289624,805.502016430528,3.275335551289624,23.10923036682428,8,1,0,712.2763730504881,0,0,0,0
1055,30603,244.1651171068071,0,0,0,0,0,0,0,1,0,3.209721991350455,788.9938670096931,3.209721991350455,43.99211710680723,8,1,0,3572.372918028546,0,0,0,0
1056,30258,251.0048000339452,0,0,0,0,0,0,0,1,0,3.210818998483326,787.9708387683974,3.210818998483326,50.83180003394558,8,1,0,904.1572230678574,0,0,0,0
1057,27362,234.9626617344192,0,0,0,0,0,0,0,1,0,3.262985625596265,800.8409877099207,3.262985625596265,34.78966173441973,8,1,0,518.0554007706106,0,0,0,0
1058,27685,238.5868339355526,0,0,0,0,0,0,0,1,0,3.340883350818914,819.0261467049006,3.340883350818914,38.5840839355524,1,1,0,2684.666732585204,0,0,0,0
1059,30899,250.444346554498,0,0,0,0,0,0,0,1,0,3.202806542161135,783.2448064106848,3.202806542161135,50.27134655449832,8,1,0,3815.391330474205,0,0,0,0
1060,31418,251.8555920645744,0,0,0,0,0,0,0,1,0,3.319945189968621,814.7944928048049,3.319945189968621,51.68259206457824,8,1,0,3562.506877781866,0,0,0,0
1061,19599,235.2812204300968,0,0,0,2,12,0,0,0,0,3.201750365356947,783.6963897415798,3.201750365356947,-1,8,0,1,521.7242616461534,0,0,0,0
1062,31077,249.8666668509157,0,0,0,0,0,0,0,1,0,3.307289184272566,812.1749224518228,3.307289184272566,49.69366685091546,8,1,0,194.902252642833,0,0,0,0
1063,23303,218.5614951737984,0,0,0,0,0,0,0,1,0,3.196201522761447,780.6853539884362,3.196201522761447,18.38849517379906,8,1,0,534.3863803399844,0,0,0,0
1064,20100,227.3909478891013,0,0,0,1,9,0,0,0,0,3.255724427871237,797.230366708131,3.255724427871237,-1,8,0,1,1463.332800833906,0,0,0,0
1065,28834,243.9730245577412,0,0,0,0,0,0,0,1,0,3.132654640193071,765.4153222371054,3.132654640193071,43.80002455774045,8,1,0,4185.961080951477,0,0,0,0
1066,20768,217.2284762278158,0,0,0,1,8,0,0,0,0,3.169410118296292,775.896350671606,3.169410118296292,-1,8,0,1,2514.498215750521,0,0,0,0
1067,29628,243.6804196232086,0,0,0,0,0,0,0,1,0,3.155737468575228,772.5323140281675,3.155737468575228,43.67766962320894,1,1,0,4248.786630838519,0,0,0,0
1068,31316,252.3887745639341,0,0,0,0,0,0,0,1,0,3.297675214773372,809.495584275713,3.297675214773372,52.2157745639235,8,1,0,1522.063458701582,0,0,0,0
1069,28883,236.324906922244,0,0,0,0,0,0,0,1,0,3.286570633705811,809.1835026296669,3.286570633705811,36.15190692224384,8,1,0,2006.506332337693,0,0,0,0
1070,30010,248.3773590714138,0,0,0,0,0,0,0,1,0,3.226402421726811,792.4093437535569,3.226402421726811,48.20435907141355,8,1,0,348.4109148399482,0,0,0,0
1071,29718,240.837567293611,0,0,0,0,0,0,0,1,0,3.025961698600946,738.1773161126375,3.025961698600946,40.6645672936119,8,1,0,1168.240828002086,0,0,0,0
1072,24243,221.6720790384846,0,0,0,0,0,0,0,1,0,3.215464062204046,787.7724406825578,3.215464062204046,21.49907903848474,8,1,0,2305.239364606053,0,0,0,0
1073,23135,216.0881332413436,0,0,0,0,0,0,0,1,0,3.198804308554586,784.0367366710193,3.198804308554586,16.08538324134282,1,1,0,5112.436275071816,0,0,0,0
1074,27089,235.1793808383378,0,0,0,0,0,0,0,1,0,3.250444178476413,795.3964718863605,3.250444178476413,35.00638083833752,8,1,0,1945.439686180288,0,0,0,0
1075,27992,238.4979431071981,0,0,0,0,0,0,0,1,0,3.177786769262914,778.1757615014047,3.177786769262914,38.3249431071976,8,1,0,2493.850563455007,0,0,0,0
1076,29601,242.2455878084787,0,0,0,0,0,0,0,1,0,3.236406322491245,794.1152631889903,3.236406322491245,42.07258780847882,8,1,0,798.2426055986881,0,0,0,0
1077,30649,248.5544003378342,0,0,0,0,0,0,0,1,0,3.304756528395464,811.7939899668213,3.304756528395464,48.38140033787518,8,1,0,2818.845848493382,0,0,0,0
1078,26568,232.2211337511771,0,0,0,0,0,0,0,1,0,3.193614603093633,784.1138935836065,3.193614603093633,32.04813375117687,8,1,0,2868.221739693074,0,0,0,0
1079,29712,249.1038878634344,0,0,0,0,0,0,0,1,0,3.207775694805434,787.1974748879694,3.207775694805434,49.1011378634341,1,1,0,805.2687539306453,0,0,0,0
1080,30043,242.0641913693286,0,0,0,0,0,0,0,1,0,3.326779443010635,817.1273937532441,3.326779443010635,42.06144136932961,1,1,0,5552.099345982174,0,0,0,0
1081,25793,228.5259542489882,0,0,0,0,0,0,0,1,0,3.263740430519338,799.4768542767175,3.263740430519338,28.52320424898814,1,1,0,2363.230304022406,0,0,0,0
1082,26169,228.3080049264871,0,0,0,0,0,0,0,1,0,3.164195980316616,775.9574175050789,3.164195980316616,28.30525492648643,1,1,0,3355.614069955792,0,0,0,0
1083,27163,233.168141438043,0,0,0,0,0,0,0,1,0,3.269560687488572,802.4052537493607,3.269560687488572,32.9951414380423,8,1,0,2192.296799653283,0,0,0,0
1084,31830,250.1162494706832,0,0,0,0,0,0,0,1,0,3.278124411172438,803.964082021532,3.278124411172438,50.11349947068334,1,1,0,2891.673334248585,0,0,0,0
1085,28804,239.7432605206328,0,0,0,0,0,0,0,1,0,3.06872426489253,749.1534038585895,3.06872426489253,39.57026052063303,8,1,0,1128.670900015752,0,0,0,0
1086,30111,248.6694792893597,0,0,0,0,1,0,0,1,0,3.166436689832498,774.6113481291782,3.166436689832498,48.4964792893557,8,1,0,5873.868846746417,0,0,0,0
1087,27511,231.3952199171909,0,0,0,0,0,0,0,1,0,3.151254402675797,775.2309243115827,3.151254402675797,31.22221991719045,8,1,0,3269.034394671461,0,0,0,0
1088,29906,244.1747934691776,0,0,0,0,0,0,0,1,0,3.258123874478364,800.3032978645514,3.258123874478364,44.17204346917669,1,1,0,1744.561446305901,0,0,0,0
1089,31052,250.9126118690001,0,0,0,0,0,0,0,1,0,3.298702181138928,809.3201182569927,3.298702181138928,50.73961186899966,8,1,0,199.8073125276281,0,0,0,0
1090,23788,217.5752987689589,0,0,0,0,0,0,0,1,0,3.299772557774892,812.4853697453847,3.299772557774892,17.57254876895881,1,1,0,3123.154081551048,0,0,0,0
1091,28430,239.4098106203201,0,0,0,0,0,0,0,1,0,3.078447408332983,754.7633334612131,3.078447408332983,39.23681062031967,8,1,0,2711.111933210286,0,0,0,0
1092,28123,240.426045316401,0,0,0,0,0,0,0,1,0,3.139395128580189,767.0802028348767,3.139395128580189,40.25304531640084,8,1,0,767.9246519070992,0,0,0,0
1093,31267,249.1669159252554,0,0,0,0,0,0,0,1,0,3.272358342484568,804.771352368308,3.272358342484568,48.9939159252552,8,1,0,4924.721258829109,0,0,0,0
1094,28376,240.8288350539423,0,0,0,0,0,0,0,1,0,3.172032572028303,777.2483071843278,3.172032572028303,40.65583505394167,8,1,0,4349.258252117994,0,0,0,0
1095,27811,233.1567758076431,0,0,0,0,0,0,0,1,0,3.166460747363837,775.5535690151987,3.166460747363837,33.15402580764349,1,1,0,1220.509835742544,0,0,0,0
1096,29843,248.4866568980115,0,0,0,0,0,0,0,1,0,3.219658530785742,789.4154658768098,3.219658530785742,48.48390689801104,1,1,0,599.4365964268733,0,0,0,0
1097,29845,244.6336757756322,0,0,0,0,0,0,0,1,0,3.139082009819148,768.5241511818867,3.139082009819148,44.63092577563121,1,1,0,62.63039960136639,0,0,0,0
1098,27936,240.3898781986093,0,0,0,0,0,0,0,1,0,3.175277791762028,777.1336403854202,3.175277791762028,40.21687819860886,8,1,0,669.7685280266995,0,0,0,0
1099,21624,211.9749169076524,0,0,0,1,7,0,0,0,0,3.331112419188607,819.7808041468867,3.331112419188607,-1,8,0,1,3638.831294163073,0,0,0,0
1100,26599,229.7764595234298,0,0,0,0,0,0,0,1,0,3.143144885947758,767.7482403090648,3.143144885947758,29.77370952342966,1,1,0,1567.444791885561,0,0,0,0
1101,29419,239.5300164203487,0,0,0,0,0,0,0,1,0,3.254623329741007,800.8249324784873,3.254623329741007,39.35701642034827,8,1,0,779.4107538462135,0,0,0,0
1102,29142,242.8206524877679,0,0,0,0,0,0,0,1,0,3.122074205896185,764.4177253720716,3.122074205896185,42.81790248776841,1,1,0,2032.848457967345,0,0,0,0
1103,25840,232.1272714403869,0,0,0,0,0,0,0,1,0,3.057692215220529,745.7758510903989,3.057692215220529,31.9542714403875,8,1,0,242.4947205046312,0,0,0,0
1104,29451,245.6998590420226,0,0,0,0,0,0,0,1,0,3.171443147629532,778.2887986094261,3.171443147629532,45.52685904202195,8,1,0,1814.809897013924,0,0,0,0
1105,21327,208.5421944005659,0,0,0,0,0,0,0,1,0,3.228041681693232,793.492247620746,3.228041681693232,8.369194400566061,8,1,0,2164.657856764616,0,0,0,0
1106,30868,250.019736496458,0,0,0,0,0,0,0,1,0,3.290619419257622,806.4741216100886,3.290619419257622,50.01698649645733,1,1,0,3151.814102949359,0,0,0,0
1107,27903,235.4185247432916,0,0,0,0,0,0,0,1,0,3.257207440927701,799.2171948418211,3.257207440927701,35.41577474329188,1,1,0,120.1067152988158,0,0,0,0
1108,28796,239.0270299345849,0,0,0,0,0,0,0,1,0,3.285716651654537,805.7127446655246,3.285716651654537,39.02427993458537,1,1,0,5344.800269531095,0,0,0,0
1109,29491,240.0863449341333,0,0,0,0,0,0,0,1,0,3.289991318840755,810.166105112059,3.289991318840755,39.91334493413358,8,1,0,5955.472579805541,0,0,0,0
1110,27344,235.5258063910722,0,0,0,0,0,0,0,1,0,3.295161403578668,808.9245580820123,3.295161403578668,35.35280639107226,8,1,0,4852.264566038756,0,0,0,0
1111,20601,231.0273349818735,0,0,0,1,6,0,0,0,0,3.241673547848999,794.7750363499813,3.241673547848999,-1,8,0,1,1885.36294618358,0,0,0,0
1112,19838,204.7965260278291,0,0,0,1,11,0,0,0,0,3.173487625418774,776.8581353399281,3.173487625418774,-1,8,0,1,354.5362274546012,0,0,0,0
1113,30753,248.8880548657962,0,0,0,0,0,0,0,1,0,3.25916980795738,799.2473459866952,3.25916980795738,48.71505486573489,8,1,0,3122.940490799672,0,0,0,0
1114,25906,229.3985134772055,0,0,0,0,0,0,0,1,0,3.187573056088707,779.3894589970633,3.187573056088707,29.22551347720552,8,1,0,628.9074783442727,0,0,0,0
1115,23097,212.0584657612268,0,0,0,0,0,0,0,1,0,3.24274991472651,794.8024391362644,3.24274991472651,11.88546576122686,8,1,0,416.4175878442199,0,0,0,0
1116,30304,250.350128716503,0,0,0,0,0,0,0,1,0,3.287202882803606,807.7758102245837,3.287202882803606,50.17712871650323,8,1,0,2623.268211013888,0,0,0,0
1117,28168,236.1912592420795,0,0,0,0,0,0,0,1,0,3.33487144761588,818.7015962928199,3.33487144761588,36.01825924207856,8,1,0,535.6608833995693,0,0,0,0
1118,28358,233.9571173441091,0,0,0,0,0,0,0,1,0,3.179740418556669,781.4720724273556,3.179740418556669,33.95436734410893,1,1,0,1194.132850296935,0,0,0,0
1119,26311,233.3873577829262,0,0,0,0,0,0,0,1,0,3.025326029005128,734.347714094971,3.025326029005128,33.21435778292622,8,1,0,5855.808414200827,0,0,0,0
1120,24902,227.2415567173339,0,0,0,0,0,0,0,1,0,3.200432428740223,784.3328370237216,3.200432428740223,27.23880671733406,1,1,0,119.8062557478524,0,0,0,0
1121,19625,201.8612630318198,0,0,0,0,0,0,0,0,0,3.091889542055342,752.0292449868606,3.091889542055342,-1,8,0,1,838.0279991178788,0,0,0,0
1122,30084,247.6377811945659,0,0,0,0,0,0,0,1,0,3.309939176964043,812.0741115804302,3.309939176964043,47.63503119456549,1,1,0,1194.744246599814,0,0,0,0
1123,29915,247.1792980315912,0,0,0,0,0,0,0,1,0,3.190168244580071,781.8090167002599,3.190168244580071,47.00629803159096,8,1,0,6564.309727211264,0,0,0,0
1124,27940,237.3878330089381,0,0,0,0,0,0,0,1,0,3.249602353811715,797.6475934935532,3.249602353811715,37.21483300893828,8,1,0,462.8977938449236,0,0,0,0
1125,27512,234.4782884680573,0,0,0,0,0,0,0,1,0,3.188737146244166,782.1733656576157,3.188737146244166,34.30528846805682,8,1,0,1752.289200346968,0,0,0,0
1126,25592,227.3278784702505,0,0,0,0,0,0,0,1,0,3.159081784480342,772.4025290216107,3.159081784480342,27.32512847024992,1,1,0,4226.661813102574,0,0,0,0
1127,23209,216.1452354771407,0,0,0,0,0,0,0,1,0,3.225244391632647,792.7738894812012,3.225244391632647,16.14248547714047,1,1,0,2123.429516721149,0,0,0,0
1128,25946,224.2472529311626,0,0,0,0,0,0,0,1,0,3.195841076922552,785.1914357315212,3.195841076922552,24.07425293116284,8,1,0,577.8944061663075,0,0,0,0
1129,28609,236.7028750732815,0,0,0,0,0,0,0,1,0,3.181740625850429,779.2941788823011,3.181740625850429,36.52987507328124,8,1,0,3294.756401616228,0,0,0,0
1130,30104,246.5110373327758,0,0,0,0,0,0,0,1,0,3.250780848750593,795.779659258348,3.250780848750593,46.33803733277489,8,1,0,2065.544852291915,0,0,0,0
1131,24314,219.1484397209107,0,0,0,0,0,0,0,1,0,3.278300840604413,803.498483791509,3.278300840604413,19.14568972091033,1,1,0,814.8773047791204,0,0,0,0
1132,19142,252.317676300606,0,0,0,2,14,0,0,0,0,3.142493873480982,767.7869724268731,3.142493873480982,-1,8,0,1,2118.399051197246,0,0,0,0
1133,31113,250.3607691378967,0,0,0,0,0,0,0,1,0,3.201948266120606,784.7088588862347,3.201948266120606,50.35801913789621,1,1,0,607.5793263019398,0,0,0,0
1134,30610,248.462430085884,0,0,0,0,0,0,0,1,0,3.190154853300116,782.6999193537296,3.190154853300116,48.28943008588346,8,1,0,1894.874866802082,0,0,0,0
1135,29968,249.5725895389824,0,0,0,0,0,0,0,1,0,3.145191489942852,768.0390239211629,3.145191489942852,49.39958953900813,8,1,0,1226.951340974847,0,0,0,0
1136,20406,221.6476191720743,0,0,0,2,17,0,0,0,0,3.317528736959799,814.0936772864522,3.317528736959799,-1,8,0,1,332.2670846288244,0,0,0,0
1137,26832,233.7029604139643,0,0,0,0,0,0,0,1,0,3.223827295646475,792.7844513413442,3.223827295646475,33.52996041395848,8,1,0,953.6464026914506,0,0,0,0
1138,25228,229.0229318062079,0,0,0,0,0,0,0,1,0,3.078762230164099,751.6633953448372,3.078762230164099,29.02018180620831,1,1,0,781.4533414313242,0,0,0,0
1139,27782,233.2118004776887,0,0,0,0,0,0,0,1,0,3.266893809814678,801.8240755589318,3.266893809814678,33.03880047768889,8,1,0,328.9981550700237,0,0,0,0
1140,29316,247.0344820124809,0,0,0,0,0,0,0,1,0,3.220806298001495,788.6439606789214,3.220806298001495,47.03173201248114,1,1,0,3396.027445608602,0,0,0,0
1141,29257,249.5848205074442,0,0,0,0,0,0,0,1,0,3.213791476498146,787.71348210548,3.213791476498146,49.41182050744388,8,1,0,1087.339240253259,0,0,0,0
1142,27300,241.9253242953105,0,0,0,0,0,0,0,1,0,3.095820370048993,757.748096473234,3.095820370048993,41.75232429530336,8,1,0,412.3709689644977,0,0,0,0
1143,29609,249.1331443344988,0,0,0,0,0,0,0,1,0,3.124178053084937,764.3882228439923,3.124178053084937,49.13039433449978,1,1,0,57.7331426637676,0,0,0,0
1144,32202,249.1150999476323,0,0,0,0,0,0,0,1,0,3.085148606200937,752.4609347536774,3.085148606200937,48.9420999476318,8,1,0,4219.962631044789,0,0,0,0
1145,25732,228.9652624379816,0,0,0,0,0,0,0,1,0,3.30844700103228,812.2965353595667,3.30844700103228,28.96251243798159,1,1,0,1670.816007472991,0,0,0,0
1146,19988,232.1849200499206,0,0,0,3,25,0,0,0,0,3.340145746299672,821.1247949908012,3.340145746299672,-1,8,0,1,166.1166544035451,0,0,0,0
1147,26782,232.8898017638363,0,0,0,0,0,0,0,1,0,3.342049604134548,821.2983438379437,3.342049604134548,32.7168017638363,8,1,0,1351.254094121185,0,0,0,0
1148,28653,240.0574596484964,0,0,0,0,0,0,0,1,0,3.231016712139053,797.1375052470116,3.231016712139053,39.88445964849571,8,1,0,1500.159465090836,0,0,0,0
1149,30099,247.1656002168395,0,0,0,0,0,0,0,1,0,3.074405996915202,749.7730704227431,3.074405996915202,47.16285021681041,1,1,0,1051.916853659637,0,0,0,0
1150,20284,218.4927012670209,0,0,0,1,8,0,0,0,0,3.347212804327703,823.8418941248109,3.347212804327703,-1,8,0,1,1275.99141789503,0,0,0,0
1151,30771,249.6517389148764,0,0,0,0,0,0,0,1,0,3.113032278060688,757.6003705900762,3.113032278060688,49.47873891487599,8,1,0,1498.453106933515,0,0,0,0
1152,23191,214.8822944823799,0,0,0,0,0,0,0,1,0,3.095489608217073,753.1939685380873,3.095489608217073,14.70929448238005,8,1,0,1296.048843411877,0,0,0,0
1153,29830,244.9556070474461,0,0,0,0,0,0,0,1,0,3.261613409384672,799.8321451830218,3.261613409384672,44.78260704744581,8,1,0,1329.233156378831,0,0,0,0
1154,20357,258.9717821119286,0,0,0,1,10,0,0,0,0,3.30059746100765,813.432130247458,3.30059746100765,-1,8,0,1,4135.876683636916,0,0,0,0
1155,29473,245.5963845548898,0,0,0,0,0,0,0,1,0,3.112496433138139,761.7686318010436,3.112496433138139,45.59363455489024,1,1,0,2124.865945975508,0,0,0,0
1156,29702,244.6728934659862,0,0,0,0,0,0,0,1,0,3.167772111761114,779.1209214169586,3.167772111761114,44.6701434659871,1,1,0,1371.079578422164,0,0,0,0
1157,31061,251.1651210581913,0,0,0,0,0,0,0,1,0,3.081570295495462,753.1943635898753,3.081570295495462,50.99212105819185,8,1,0,1042.429035450315,0,0,0,0
1158,28515,236.8198587789977,0,0,0,0,0,0,0,1,0,3.268311982927928,803.0846486765892,3.268311982927928,36.81710877899832,1,1,0,6491.619086176167,0,0,0,0
1159,30307,247.8460918792787,0,0,0,0,0,0,0,1,0,3.283402502910045,808.4378772225615,3.283402502910045,47.67309187923283,8,1,0,2088.86151984661,0,0,0,0
1160,28835,238.6115344902857,0,0,0,0,0,0,0,1,0,3.216144488094914,793.1875389635111,3.216144488094914,38.60878449028603,1,1,0,71.8043828775378,0,0,0,0
1161,29990,242.0501847404086,0,0,0,0,0,0,0,1,0,3.238691573890815,797.4780552386837,3.238691573890815,42.04743474040837,1,1,0,1557.891718557335,0,0,0,0
1162,29210,245.6686341330219,0,0,0,0,0,0,0,1,0,3.086148960991165,754.8368571498655,3.086148960991165,45.66588413302206,1,1,0,1974.670146993123,0,0,0,0
1163,31344,249.5693168635655,0,0,0,0,0,0,0,1,0,3.092609196857913,758.8385737288629,3.092609196857913,49.56656686356629,1,1,0,5996.705551957404,0,0,0,0
1164,31513,253.5250571137288,0,0,0,0,0,0,0,1,0,3.265875774171441,801.0830673775843,3.265875774171441,53.35205711421835,8,1,0,3330.277260827564,0,0,0,0
1165,31015,248.9423641460728,0,0,0,0,0,0,0,1,0,3.264094783074976,802.9156237702824,3.264094783074976,48.76936414607287,8,1,0,245.2202964541157,0,0,0,0
1166,24215,215.7804219373601,0,0,0,0,0,0,0,1,0,3.266265774049706,803.2823982866171,3.266265774049706,15.60742193736016,8,1,0,475.8279884325934,0,0,0,0
1167,26490,234.1502018948012,0,0,0,0,0,0,0,1,0,3.235103706431059,793.233717682018,3.235103706431059,33.97720189480149,8,1,0,1345.697014940533,0,0,0,0
1168,26980,233.4187545177592,0,0,0,0,0,0,0,1,0,3.311923202956534,815.2401291493939,3.311923202956534,33.24575451775903,8,1,0,623.6518112039967,0,0,0,0
1169,30514,247.6425412831219,0,0,0,0,0,0,0,1,0,3.0853872313001,753.8672035984245,3.0853872313001,47.46954128312115,8,1,0,2713.646500201185,0,0,0,0
1170,26768,228.2848733210422,0,0,0,0,0,0,0,1,0,3.09465165948826,754.6552745536004,3.09465165948826,28.11187332104215,8,1,0,5176.309360407413,0,0,0,0
1171,26651,232.6113807525894,0,0,0,0,0,0,0,1,0,3.190942801779849,782.514390055999,3.190942801779849,32.4383807525893,8,1,0,5712.804212521619,0,0,0,0
1172,29685,243.8710500706495,0,0,0,0,0,0,0,1,0,3.278702665310008,804.0770701526061,3.278702665310008,43.69805007064912,8,1,0,1528.377365534913,0,0,0,0
1173,29181,243.528922882718,0,0,0,0,0,0,0,1,0,3.138361852594404,767.0099591186286,3.138361852594404,43.5261728827173,1,1,0,1275.384568369723,0,0,0,0
1174,28941,242.4777683283281,0,0,0,0,0,0,0,1,0,3.259060873576791,800.7179291585137,3.259060873576791,42.3047683283277,8,1,0,1728.178017363152,0,0,0,0
1175,28008,235.4605125552115,0,0,0,0,0,0,0,1,0,3.344304382868313,822.3231882940428,3.344304382868313,35.28751255521196,8,1,0,5240.556986582451,0,0,0,0
1176,22399,214.9076747507825,0,0,0,0,0,0,0,1,0,3.175272722100912,777.6080700894246,3.175272722100912,14.7346747507824,8,1,0,3374.394563427051,0,0,0,0
1177,30328,251.0134097265484,0,0,0,0,0,0,0,1,0,3.226465537604634,789.8344216251475,3.226465537604634,50.84040972678817,8,1,0,1171.968724417064,0,0,0,0
1178,30298,252.924055822033,0,0,0,0,0,0,0,1,0,3.146878386209432,769.6396616108774,3.146878386209432,52.75105582203352,8,1,0,178.864485684495,0,0,0,0
1179,32228,252.433561814069,0,0,0,0,0,0,0,1,0,3.144008657292019,770.7568014444072,3.144008657292019,52.26056181404428,8,1,0,906.7867756330421,0,0,0,0
1180,28856,238.0276255058065,0,0,0,0,0,0,0,1,0,3.271015314307952,804.9242293094711,3.271015314307952,37.85462550580603,8,1,0,3019.974061340277,0,0,0,0
1181,20399,240.090041271113,0,0,0,5,22,0,0,0,0,3.313974380901487,815.7709433385878,3.313974380901487,-1,8,0,1,227.8031686800344,0,0,0,0
1182,26449,227.9695090289898,0,0,0,0,0,0,0,1,0,3.202781239073113,784.2648392286046,3.202781239073113,27.96675902898981,1,1,0,5108.247277949039,0,0,0,0
1183,28121,233.8724732154516,0,0,0,0,0,0,0,1,0,3.315104322756651,812.8878901534644,3.315104322756651,33.69947321545103,8,1,0,5945.355101829497,0,0,0,0
1184,25842,224.8864751895737,0,0,0,0,0,0,0,1,0,3.185678856962532,779.8252172437439,3.185678856962532,24.71347518957401,8,1,0,179.4588154701353,0,0,0,0
1185,30922,250.0458305776596,0,0,0,0,0,0,0,1,0,3.095163565824215,760.1443078146063,3.095163565824215,49.87283057765949,8,1,0,1076.941553836631,0,0,0,0
1186,26213,227.4287766650378,0,0,0,0,0,0,0,1,0,3.214437178713911,787.6083921520716,3.214437178713911,27.25577666503798,8,1,0,663.339095329101,0,0,0,0
1187,29205,239.0379759491961,0,0,0,0,0,0,0,1,0,3.284748170673127,807.4582577890326,3.284748170673127,38.86497594919568,8,1,0,190.7651642788222,0,0,0,0
1188,30914,248.6028653063581,0,0,0,0,0,0,0,1,0,3.045634359503975,742.5159086519616,3.045634359503975,48.42986530635785,8,1,0,289.4138900983309,0,0,0,0
1189,27333,231.5070001012732,0,0,0,0,0,0,0,1,0,3.294913764088283,809.9794471233491,3.294913764088283,31.5042501012724,1,1,0,2827.52965778956,0,0,0,0
1190,27232,229.9775735912552,0,0,0,0,0,0,0,1,0,3.226406740516822,790.464794624609,3.226406740516822,29.80457359125501,8,1,0,1013.063845220535,0,0,0,0
1191,29915,250.1700555230234,0,0,0,0,0,0,0,1,0,3.155038364567778,768.5079957610977,3.155038364567778,50.16730552302409,1,1,0,331.7060837879102,0,0,0,0
1192,29898,243.491399621277,0,0,0,0,0,0,0,1,0,3.274484271534764,806.6012874528294,3.274484271534764,43.31839962127706,8,1,0,1141.928408348109,0,0,0,0
1193,31196,253.1365953920176,0,0,0,0,0,0,0,1,0,3.187427159749759,779.3317904970578,3.187427159749759,52.96359539201737,8,1,0,99.78185226517347,0,0,0,0
1194,30843,247.5654621495633,0,0,0,0,0,0,0,1,0,3.202515745432937,785.1698075612481,3.202515745432937,47.39246214956323,8,1,0,3457.130126493524,0,0,0,0
1195,25786,230.391624025789,0,0,0,0,0,0,0,1,0,3.172109152599004,778.2013146207055,3.172109152599004,30.38887402578829,1,1,0,3662.558095600176,0,0,0,0
1196,28481,240.600169506475,0,0,0,0,0,0,0,1,0,3.333116883349525,816.5434033215416,3.333116883349525,40.42716950647523,8,1,0,295.4574643591862,0,0,0,0
1197,29579,245.1158019552892,0,0,0,0,0,0,0,1,0,3.250183406230513,799.2161082240772,3.250183406230513,44.94280195530917,8,1,0,608.0175539100821,0,0,0,0
1198,20705,238.4245330799805,0,0,0,4,22,0,0,0,0,3.137080381475393,771.1251447215033,3.137080381475393,-1,8,0,1,1062.774669697407,0,0,0,0
1199,29524,244.6960452833875,0,0,0,0,0,0,0,1,0,3.230698365515781,794.1793590752052,3.230698365515781,44.52304528338833,8,1,0,324.2640108243784,0,0,0,0
1200,26597,228.1446510899639,0,0,0,0,0,0,0,1,0,3.173234176816432,778.9843345795007,3.173234176816432,27.9716510899641,8,1,0,3200.572157231434,0,0,0,0
1201,26476,225.8124549189711,0,0,0,0,0,0,0,1,0,3.140535149683591,764.952755003745,3.140535149683591,25.80970491897105,1,1,0,627.7447274760144,0,0,0,0
1202,27868,236.9562598340009,0,0,0,0,0,0,0,1,0,3.239718771380672,794.4834066109543,3.239718771380672,36.78325983400062,8,1,0,565.5493070252944,0,0,0,0
1203,31031,249.6990608644215,0,0,0,0,0,0,0,1,0,3.031083884287633,734.4935396844929,3.031083884287633,49.69631086442156,1,1,0,135.2099871603263,0,0,0,0
1204,26250,229.5227097244758,0,0,0,0,0,0,0,1,0,3.312892271039512,813.0910150196066,3.312892271039512,29.34970972447595,8,1,0,1119.745920581582,0,0,0,0
1205,26503,227.729088751119,0,0,0,0,0,0,0,1,0,3.366009998327286,827.0509450237713,3.366009998327286,27.55608875111887,8,1,0,874.5522721960339,0,0,0,0
1206,30099,250.6057293860758,0,0,0,0,0,0,0,1,0,3.155352669867104,770.9780781072265,3.155352669867104,50.60297938607678,1,1,0,1014.923423628321,0,0,0,0
1207,19471,214.8708690840118,0,0,0,2,12,0,0,0,0,3.155931814350455,774.0753870183688,3.155931814350455,-1,8,0,1,1204.536383411141,0,0,0,0
1208,30288,249.6810033399557,0,0,0,0,0,0,0,1,0,3.084142658945848,754.253685974355,3.084142658945848,49.50800333995522,8,1,0,513.9693256659914,0,0,0,0
1209,26061,229.6159892518964,0,0,0,0,0,0,0,1,0,3.235144631925964,793.6240090824438,3.235144631925964,29.61323925189675,1,1,0,1653.500912287272,0,0,0,0
1210,26481,232.9181596228244,0,0,0,0,0,0,0,1,0,3.169338201745322,776.4874853146097,3.169338201745322,32.7451596228238,8,1,0,1053.022902751774,0,0,0,0
1211,23798,218.1741163765303,0,0,0,0,0,0,0,1,0,3.188937547379406,780.6722980958655,3.188937547379406,18.17136637652967,1,1,0,2860.656899511341,0,0,0,0
1212,27862,236.4819279831352,0,0,0,0,0,0,0,1,0,3.286696646039246,807.8742783599682,3.286696646039246,36.47917798313487,1,1,0,2072.963933000106,0,0,0,0
1213,29628,247.2670386596983,0,0,0,0,0,0,0,1,0,3.148544853497013,772.3233229139713,3.148544853497013,47.09403865969707,8,1,0,1594.800237928971,0,0,0,0
1214,26362,233.4327703884642,0,0,0,0,0,0,0,1,0,3.358126500563828,825.6046264286902,3.358126500563828,33.25977038846462,8,1,0,3467.641158137498,0,0,0,0
1215,25637,227.4611561816383,0,0,0,0,0,0,0,1,0,3.28854354188149,806.5981571837646,3.28854354188149,27.2881561816388,8,1,0,485.433114072494,0,0,0,0
1216,27604,237.2650580498778,0,0,0,0,0,0,0,1,0,3.192414078235016,780.1000124084504,3.192414078235016,37.26230804987535,1,1,0,505.0159434684447,0,0,0,0
1217,28070,236.0978959380635,0,0,0,0,0,0,0,1,0,3.332489112722071,815.8172805007008,3.332489112722071,35.92489593806334,8,1,0,349.6568665040601,0,0,0,0
1218,29646,248.1655718492389,0,0,0,0,0,0,0,1,0,3.330543680031127,818.3521289643485,3.330543680031127,48.16282184916888,1,1,0,1901.385014481334,0,0,0,0
1219,24213,221.17933869977,0,0,0,0,0,0,0,1,0,3.139935463510029,769.9989171864497,3.139935463510029,21.00633869976992,8,1,0,4694.085073264976,0,0,0,0
1220,19390,209.6614472364362,0,0,0,2,21,0,0,0,0,3.092804872194001,752.8664178772309,3.092804872194001,-1,8,0,1,328.4336080523692,0,0,0,0
1221,24176,219.2809199394245,0,0,0,0,0,0,0,1,0,3.233386780156899,791.999171302988,3.233386780156899,19.27816993942506,1,1,0,1148.723409916727,0,0,0,0
1222,25074,224.3180488483382,0,0,0,0,0,0,0,1,0,3.212514323891207,787.2274828558477,3.212514323891207,24.1450488483385,8,1,0,4276.299885885674,0,0,0,0
1223,19497,207.1804888139299,0,0,0,2,5,0,0,0,0,3.289581909767076,805.8769022831814,3.289581909767076,-1,8,0,1,781.1526200408694,0,0,0,0
1224,30247,248.432433833544,0,0,0,0,0,0,0,1,0,3.226254643552851,791.4518321813755,3.226254643552851,48.42968383354366,1,1,0,2616.180538866924,0,0,0,0
1225,30006,242.7539109502894,0,0,0,0,0,0,0,1,0,3.194310224758189,781.3772923119259,3.194310224758189,42.58091095028892,8,1,0,2361.308360684595,0,0,0,0
1226,25151,223.639432711326,0,0,0,0,0,0,0,1,0,3.232503983506966,794.2945810365121,3.232503983506966,23.63668271132592,1,1,0,1442.189638564701,0,0,0,0
1227,19809,223.7424346861816,0,0,0,1,3,0,0,0,0,3.118636557792085,761.30989677242,3.118636557792085,-1,8,0,1,1855.508498358422,0,0,0,0
1228,28907,243.6073029806605,0,0,0,0,0,0,0,1,0,3.296229909551353,808.4882911476044,3.296229909551353,43.60455298051888,1,1,0,437.6591598329371,0,0,0,0
1229,29509,247.9087020631403,0,0,0,0,0,0,0,1,0,3.134202656966672,768.0463851821047,3.134202656966672,47.90595206319033,1,1,0,3452.867894872307,0,0,0,0
1230,23919,249.8302764266581,0,0,0,3,10,0,0,0,0,3.322123772220665,816.1572305173565,3.322123772220665,-1,8,0,1,140.0333911706067,0,0,0,0
1231,30621,251.6492357117527,0,0,0,0,0,0,0,1,0,3.260460102691256,800.9758796238132,3.260460102691256,51.64648571175273,1,1,0,2329.571975009755,0,0,0,0
1232,24249,218.4056449647544,0,0,0,0,0,0,0,1,0,3.061798153901563,751.1006175237534,3.061798153901563,18.40289496475525,1,1,0,1859.93310274442,0,0,0,0
1233,26261,232.3892075175175,0,0,0,0,0,0,0,1,0,3.215753958711621,787.4496947648207,3.215753958711621,32.21620751751694,8,1,0,386.6314841903216,0,0,0,0
1234,27400,235.7698660977038,0,0,0,0,0,0,0,1,0,3.28433696601591,803.9056520152992,3.28433696601591,35.76711609770303,1,1,0,688.4467075398904,0,0,0,0
1235,29579,247.4290023566593,0,0,0,0,0,0,0,1,0,3.087238915303577,754.3949690368324,3.087238915303577,47.25600235668411,8,1,0,1222.468815835249,0,0,0,0
1236,29852,247.6499513278268,0,0,0,0,0,0,0,1,0,3.092003909009281,754.1623954029842,3.092003909009281,47.47695132783865,8,1,0,309.7916030809122,0,0,0,0
1237,19499,207.2171517631915,0,0,0,2,17,0,0,0,0,3.15018026902706,771.5153597700062,3.15018026902706,-1,8,0,1,1207.674524400841,0,0,0,0
1238,29888,244.2789887914319,0,0,0,0,0,0,0,1,0,3.20269918066961,782.49415364717,3.20269918066961,44.27623879140873,1,1,0,2975.77606677272,0,0,0,0
1239,31256,253.0868233701738,0,0,0,0,0,0,0,1,0,3.166995766083188,774.1743847088223,3.166995766083188,52.91382337017396,8,1,0,289.9126053477524,0,0,0,0
1240,27275,233.3598751459241,0,0,0,0,0,0,0,1,0,3.174145870887816,778.7219444345096,3.174145870887816,33.18687514592474,8,1,0,372.0918456495362,0,0,0,0
1241,25466,228.305956619647,0,0,0,0,0,0,0,1,0,3.160626034414215,774.5481567834726,3.160626034414215,28.3032066196468,1,1,0,4112.628625593483,0,0,0,0
1242,28622,244.0039654022369,0,0,0,0,0,0,0,1,0,3.270805831634533,805.0753504145132,3.270805831634533,43.8309654022376,8,1,0,1902.729612060988,0,0,0,0
1243,24956,224.1724557151681,0,0,0,0,0,0,0,1,0,3.227599394124696,795.0761997542041,3.227599394124696,23.99945571516766,8,1,0,3080.566351136245,0,0,0,0
1244,26636,237.6686483436692,0,0,0,0,0,0,0,1,0,3.212834666705824,788.3353268042958,3.212834666705824,37.66589834366961,1,1,0,490.800656138912,0,0,0,0
1245,28506,240.298054854356,0,0,0,0,0,0,0,1,0,3.289909848426819,808.9883206843297,3.289909848426819,40.12505485430425,8,1,0,539.0319939945098,0,0,0,0
1246,26872,232.0685166416674,0,0,0,0,0,0,0,1,0,3.186770608703692,779.7754635605503,3.186770608703692,31.89551664166764,8,1,0,829.7441491065159,0,0,0,0
1247,28525,238.9974275338209,0,0,0,0,0,0,0,1,0,3.171807522877827,776.4282320023867,3.171807522877827,38.99467753382116,1,1,0,3159.36167944829,0,0,0,0
1248,28879,238.1054718377268,0,0,0,0,0,0,0,1,0,3.296389589834644,810.6379439453171,3.296389589834644,38.10272183772736,1,1,0,1131.247467810447,0,0,0,0
1249,29362,241.6740617656986,0,0,0,0,0,0,0,1,0,3.276023528662587,802.9475538967607,3.276023528662587,41.50106176569832,8,1,0,2657.488483050844,0,0,0,0
1250,25233,224.4509709177664,0,0,0,0,0,0,0,1,0,3.248753707047102,798.1796992481429,3.248753707047102,24.27797091776618,8,1,0,4812.203599595725,0,0,0,0
1251,25582,223.8854764820835,0,0,0,0,0,0,0,1,0,3.18904651116162,782.2798488803937,3.18904651116162,23.88272648208371,1,1,0,535.9633185341643,0,0,0,0
1252,29678,246.5763409453936,0,0,0,0,0,0,0,1,0,3.172958664109526,778.9888123192883,3.172958664109526,46.40334094539345,8,1,0,689.607559467175,0,0,0,0
1253,26999,230.7534457575798,0,0,0,0,0,0,0,1,0,3.296997164214674,810.1125430138768,3.296997164214674,30.58044575758027,8,1,0,4421.320893587156,0,0,0,0
1254,31923,249.4013081633018,0,0,0,0,0,0,0,1,0,3.221973260122218,792.3545503256646,3.221973260122218,49.22830816330126,8,1,0,570.1212518321699,0,0,0,0
1255,19320,200.1730000000002,0,0,0,0,0,0,0,0,0,3.234931803309491,793.5434513268323,3.234931803309491,-1,8,1,0,17966.99750710885,0,0,0,0
1256,31327,248.7489236410489,0,0,0,0,0,0,0,1,0,3.262037851626487,801.7063193782304,3.262037851626487,48.57592364104933,8,1,0,24.45880217110637,0,0,0,0
1257,29341,241.9511323806186,0,0,0,0,0,0,0,1,0,3.144841656144946,771.053348067705,3.144841656144946,41.77813238061871,8,1,0,3493.982604227089,0,0,0,0
1258,28567,240.6222480254017,0,0,0,0,0,0,0,1,0,3.15339299714126,772.885770301671,3.15339299714126,40.44924802540205,8,1,0,4854.464689138233,0,0,0,0
1259,28645,246.0770839263029,0,0,0,0,0,0,0,1,0,3.271112558723337,801.7100596504418,3.271112558723337,45.90408392630324,8,1,0,226.8849035654347,0,0,0,0
1260,30457,247.4123316671387,0,0,0,0,0,0,0,1,0,3.202140070336077,785.5092015797195,3.202140070336077,47.40958166713902,1,1,0,849.016861987624,0,0,0,0
1261,24383,216.359479724749,0,0,0,0,0,0,0,1,0,3.220097642962714,787.2350173824816,3.220097642962714,16.18647972474878,8,1,0,99.30564343722115,0,0,0,0
1262,19249,202.3453215231768,0,0,0,0,0,0,0,0,0,3.136952933501251,764.435897190468,3.136952933501251,-1,8,0,1,702.7780439585514,0,0,0,0
1263,24370,218.9326778626039,0,0,0,0,0,0,0,1,0,3.244391801033246,795.9495509868073,3.244391801033246,18.92992786260342,1,1,0,2477.211154806901,0,0,0,0
1264,29121,239.716001766599,0,0,0,0,0,0,0,1,0,3.15265994352015,774.0634458806662,3.15265994352015,39.71325176659954,1,1,0,2942.81347661079,0,0,0,0
1265,31188,250.1002671233713,0,0,0,0,0,0,0,1,0,3.189988253086208,782.001783786473,3.189988253086208,49.92726712337146,8,1,0,2678.79075196623,0,0,0,0
1266,31018,248.6288202570463,0,0,0,0,0,0,0,1,0,3.240636024638198,792.8740405554257,3.240636024638198,48.62607025704585,1,1,0,576.1071447822039,0,0,0,0
1267,28691,242.3692420167754,0,0,0,0,0,0,0,1,0,3.246159249774318,795.9178942811416,3.246159249774318,42.1962420167924,8,1,0,3158.498296244253,0,0,0,0
1268,23233,216.4543970889202,0,0,0,0,0,0,0,1,0,3.286932049405293,809.5788809453891,3.286932049405293,16.28139708892075,8,1,0,4730.4230594648,0,0,0,0
1269,26930,232.4799865112484,0,0,0,0,0,0,0,1,0,3.380839440310833,831.7618433992841,3.380839440310833,32.30698651124865,8,1,0,1285.439369309442,0,0,0,0
1270,26589,233.9347239117666,0,0,0,0,0,0,0,1,0,3.284238786464316,806.8505897203578,3.284238786464316,33.76172391176736,8,1,0,2429.097151793284,0,0,0,0
1271,22529,213.724357361534,0,0,0,0,0,0,0,1,0,3.170094853780758,776.7692329556176,3.170094853780758,13.72160736153379,1,1,0,3759.05549046712,0,0,0,0
1272,30905,247.4821139306365,0,0,0,0,0,0,0,1,0,3.327782791251457,816.9484991003714,3.327782791251457,47.30911393063691,8,1,0,138.6557893446231,0,0,0,0
1273,25260,224.2494222753586,0,0,0,0,0,0,0,1,0,3.24769458455955,797.6128995960784,3.24769458455955,24.07642227534092,8,1,0,102.6312329251412,0,0,0,0
1274,19693,202.6006421497409,0,0,0,0,0,0,0,0,0,3.25158999089536,796.7150273037942,3.25158999089536,-1,8,0,1,5067.866260910287,0,0,0,0
1275,30763,248.2665752209621,0,0,0,0,0,0,0,1,0,3.386720558717729,832.734495715295,3.386720558717729,48.0935752209626,8,1,0,2256.87333208126,0,0,0,0
1276,29388,244.1310520412737,0,0,0,0,0,0,0,1,0,3.287268310156543,808.6914039507802,3.287268310156543,44.12830204290922,1,1,0,598.646262981838,0,0,0,0
1277,19940,212.5685834020879,0,0,0,2,13,0,0,0,0,3.140186004886495,768.9262062057022,3.140186004886495,-1,8,0,1,5063.283802388685,0,0,0,0
1278,27618,235.2615059786427,0,0,0,0,0,0,0,1,0,3.241123133227797,795.3587564911267,3.241123133227797,35.25875597864336,1,1,0,4023.474486366028,0,0,0,0
1279,27236,234.1395888942158,0,0,0,0,0,0,0,1,0,3.153789892429376,772.3660333211672,3.153789892429376,33.96658889421538,8,1,0,3445.216632594638,0,0,0,0
1280,28297,235.5410725936627,0,0,0,0,0,0,0,1,0,3.222104590721306,787.9261557589386,3.222104590721306,35.53832259366229,1,1,0,2092.573064408706,0,0,0,0
1281,30788,245.4237755735413,0,0,0,0,0,0,0,1,0,3.089964685780311,755.5863486843439,3.089964685780311,45.42102557354083,1,1,0,4611.697704924697,0,0,0,0
1282,28107,244.3844251035301,0,0,0,0,0,0,0,1,0,3.174305059326219,778.2922438888497,3.174305059326219,44.21142510353032,8,1,0,67.89056902707823,0,0,0,0
1283,26194,231.0751773295121,0,0,0,0,0,0,0,1,0,3.257828003606494,799.438898952901,3.257828003606494,31.07242732951216,1,1,0,4471.216306435155,0,0,0,0
1284,21779,212.2724478869172,0,0,0,1,4,0,0,0,0,3.315218783137451,815.1986702712701,3.315218783137451,-1,8,0,1,647.0291613978706,0,0,0,0
1285,31724,252.6961961610897,0,0,0,0,0,0,0,1,0,3.31642393304073,815.5402599474005,3.31642393304073,52.52319616108925,8,1,0,2999.522464251704,0,0,0,0
1286,27794,238.1195167099138,0,0,0,0,0,0,0,1,0,3.110926559453417,759.7805372476525,3.110926559453417,37.94651670991298,8,1,0,2053.695136707706,0,0,0,0
1287,27999,242.6697459152743,0,0,0,0,0,0,0,1,0,3.297154589701893,810.3379845303791,3.297154589701893,42.66699591527365,1,1,0,2375.691482121705,0,0,0,0
1288,30599,252.631349504096,0,0,0,0,0,0,0,1,0,3.181059690967917,778.9468149473499,3.181059690967917,52.45834950409584,8,1,0,3368.488452014039,0,0,0,0
1289,19867,202.3423936726215,0,0,0,0,0,0,0,1,0,2.979750300853849,726.2326826161865,2.979750300853849,2.16939367262177,8,1,0,880.1412148423268,0,0,0,0
1290,26332,234.1128278312704,0,0,0,0,0,0,0,1,0,3.17239061218029,779.1451097660091,3.17239061218029,33.93982783127115,8,1,0,320.0165931886576,0,0,0,0
1291,23635,217.0070454079977,0,0,0,0,0,0,0,1,0,3.25687194124691,800.4564316520954,3.25687194124691,16.83404540799762,8,1,0,2133.466378366842,0,0,0,0
1292,25964,227.9424898787736,0,0,0,0,0,0,0,1,0,3.205826513375724,786.0367792380624,3.205826513375724,27.76948987877406,8,1,0,1649.90534922915,0,0,0,0
1293,19997,205.5898108401509,0,0,0,1,9,0,0,0,0,3.167064822196534,775.4574723128695,3.167064822196534,-1,8,0,1,2096.174192628962,0,0,0,0
1294,29403,240.9387745738426,0,0,0,0,0,0,0,1,0,3.232669115206104,794.9784572697725,3.232669115206104,40.76577457384282,8,1,0,2788.813066588425,0,0,0,0
1295,30591,246.7365160311356,0,0,0,0,0,0,0,1,0,3.297998244812946,810.9383785712672,3.297998244812946,46.56351603113511,8,1,0,929.2615406695634,0,0,0,0
1296,30020,249.288233730318,0,0,0,0,0,0,0,1,0,3.233456405062066,791.8234321951865,3.233456405062066,49.11523373031732,8,1,0,7325.638128573761,0,0,0,0
1297,19390,223.9800775623802,0,0,0,3,20,0,0,0,0,3.050049329795234,745.4287439981016,3.050049329795234,-1,8,0,1,434.0021838744422,0,0,0,0
1298,31563,248.7803733247211,0,0,0,0,0,0,0,1,0,3.108356911757588,757.8720263198618,3.108356911757588,48.7776233247212,1,1,0,1169.16768866721,0,0,0,0
1299,27109,229.8195422941119,0,0,0,0,0,0,0,1,0,3.285639874363269,808.7769331513048,3.285639874363269,29.81679229411236,1,1,0,1484.873088266069,0,0,0,0
1300,29029,241.3870561958306,0,0,0,0,0,0,0,1,0,3.252768974307829,798.9318004097643,3.252768974307829,41.21405619583069,8,1,0,237.8212676062497,0,0,0,0
1301,21038,206.9458424422533,0,0,0,0,0,0,0,1,0,3.151031074522548,771.5513321832436,3.151031074522548,6.772842442252587,8,1,0,7120.394539076367,0,0,0,0
1302,31161,248.1395667344328,0,0,0,0,0,0,0,1,0,3.331606077578778,817.6438721090653,3.331606077578778,47.96656673443257,8,1,0,1661.948141554449,0,0,0,0
1303,28479,238.7996562111096,0,0,0,0,0,0,0,1,0,3.317948018237031,815.6715341854471,3.317948018237031,38.79690621111001,1,1,0,298.6100322350511,0,0,0,0
1304,29127,243.778049841827,0,0,0,0,0,0,0,1,0,3.162816989941654,775.4026835334575,3.162816989941654,43.77529984183921,1,1,0,2038.494375037541,0,0,0,0
1305,29098,239.8584648129189,0,0,0,0,0,0,0,1,0,3.226253758416624,790.2796142532782,3.226253758416624,39.68546481291893,8,1,0,194.3608697825224,0,0,0,0
1306,21003,222.2131126289749,0,0,0,3,13,0,0,0,0,3.166280239585146,774.7253081664259,3.166280239585146,-1,8,0,1,509.3999302327024,0,0,0,0
1307,30817,244.3378107168942,0,0,0,0,0,0,0,1,0,3.254260322888169,798.5170644007072,3.254260322888169,44.16481071689392,8,1,0,562.7433667417097,0,0,0,0
1308,28012,237.1490775128144,0,0,0,0,0,0,0,1,0,3.162500345305479,774.3953001714765,3.162500345305479,36.97607751281471,8,1,0,465.8861914274589,0,0,0,0
1309,30667,249.9630993082389,0,0,0,0,0,0,0,1,0,3.197686644722745,784.1280673312523,3.197686644722745,49.96034930823782,1,1,0,1976.700269996576,0,0,0,0
1310,24348,222.047050220741,0,0,0,0,0,0,0,1,0,3.126251555106175,765.1598274354085,3.126251555106175,21.87405022074063,8,1,0,1380.813068586697,0,0,0,0
1311,28267,237.1365659744753,0,0,0,0,0,0,0,1,0,3.357291635533477,824.494984658479,3.357291635533477,37.13381597447523,1,1,0,7336.963038668515,0,0,0,0
1312,30562,246.5981180706114,0,0,0,0,0,0,0,1,0,3.274445138336651,805.6775159455897,3.274445138336651,46.42511807061113,8,1,0,4122.796494578632,0,0,0,0
1313,25678,226.9002896023524,0,0,0,0,0,0,0,1,0,3.283271609955182,806.5065722609645,3.283271609955182,26.7272896023522,8,1,0,1706.780752574854,0,0,0,0
1314,30388,244.8862253675553,0,0,0,0,0,0,0,1,0,3.209111799898573,787.7981394828296,3.209111799898573,44.88347536755525,1,1,0,1111.086587543527,0,0,0,0
1315,29190,243.4073303291195,0,0,0,0,0,0,0,1,0,3.220713270888711,791.6544699168147,3.220713270888711,43.23433032911993,8,1,0,1795.618994403218,0,0,0,0
1316,30476,247.3084979056297,0,0,0,0,0,0,0,1,0,3.224386194242383,789.8102598899802,3.224386194242383,47.13549790563049,8,1,0,110.480447469938,0,0,0,0
1317,28267,238.4620598561471,0,0,0,0,0,0,0,1,0,3.229868577499102,791.7832548763149,3.229868577499102,38.45930985614805,1,1,0,115.7773816432645,0,0,0,0
1318,19097,202.2070721939077,0,0,0,0,0,0,0,0,0,3.201065196977033,783.7071581193405,3.201065196977033,-1,8,0,1,1436.669548112125,0,0,0,0
1319,19632,208.4052503093022,0,0,0,1,8,0,0,0,0,3.153026762480927,774.9378997894315,3.153026762480927,-1,8,0,1,858.6199066216276,0,0,0,0
1320,24916,223.4734396264434,0,0,0,0,0,0,0,1,0,3.203768187139136,785.5234477104503,3.203768187139136,23.30043962644289,8,1,0,2058.701198708819,0,0,0,0
1321,28262,238.9302119447376,0,0,0,0,0,0,0,1,0,3.220056257120297,791.4322708671484,3.220056257120297,38.75721194473752,8,1,0,64.27503911700488,0,0,0,0
1322,26781,231.7521115162272,0,0,0,0,0,0,0,1,0,3.174851988577199,777.8561044965113,3.174851988577199,31.57911151622718,8,1,0,641.0520896139225,0,0,0,0
1323,24939,222.7394947413419,0,0,0,0,0,0,0,1,0,3.173967211668034,777.407636129249,3.173967211668034,22.73674474134175,1,1,0,2450.758424836714,0,0,0,0
1324,29966,246.988519731202,0,0,0,0,0,0,0,1,0,3.174383472808362,777.5251322019135,3.174383472808362,46.81551973120138,8,1,0,3830.890463117233,0,0,0,0
1325,30730,248.0915827677497,0,0,0,0,0,0,0,1,0,3.268664508062036,803.3612635420092,3.268664508062036,48.08883276774965,1,1,0,33.80784943948568,0,0,0,0
1326,28762,240.6634375318471,0,0,0,0,0,0,0,1,0,3.247047657269827,795.5842078345877,3.247047657269827,40.49043753184712,8,1,0,2732.99614246844,0,0,0,0
1327,23663,218.5472806783816,0,0,0,0,0,0,0,1,0,3.161478387361329,771.3515414059065,3.161478387361329,18.54453067838196,1,1,0,2901.611130780773,0,0,0,0
1328,30063,242.5725656351005,0,0,0,0,0,0,0,1,0,3.23853493780257,795.6329799933925,3.23853493780257,42.39956563510097,8,1,0,2935.953840660095,0,0,0,0
1329,23603,215.7542129646856,0,0,0,0,0,0,0,1,0,3.181289977233846,779.9780249840487,3.181289977233846,15.58121296468558,8,1,0,3223.839866169278,0,0,0,0
1330,28924,241.6849865569721,0,0,0,0,0,0,0,1,0,3.215177309967832,789.0084348085074,3.215177309967832,41.51198655697208,8,1,0,3311.975808676737,0,0,0,0
1331,30823,248.6969446526348,0,0,0,0,0,0,0,1,0,3.25019621675475,796.3211039606082,3.25019621675475,48.5239446526349,8,1,0,412.7534379036999,0,0,0,0
1332,27061,227.5041655243036,0,0,0,0,0,0,0,1,0,3.377975813219386,829.0230176988177,3.377975813219386,27.50141552430353,1,1,0,1328.383143132151,0,0,0,0
1333,29814,247.5348530446587,0,0,0,0,0,0,0,1,0,3.164651327910165,775.0995797568809,3.164651327910165,47.36185304465889,8,1,0,2321.081642226444,0,0,0,0
1334,28039,240.9828831650826,0,0,0,0,0,0,0,1,0,3.264436472728351,799.6857764025456,3.264436472728351,40.98013316508307,1,1,0,2188.148792255808,0,0,0,0
1335,28834,242.169892592625,0,0,0,0,0,0,0,1,0,3.166827988549336,774.2231466441486,3.166827988549336,42.16714259262495,1,1,0,178.9692562842382,0,0,0,0
1336,28452,234.788392904867,0,0,0,0,0,0,0,1,0,3.137270901091425,765.9149268088007,3.137270901091425,34.61539290486616,8,1,0,143.2943460220638,0,0,0,0
1337,30212,242.1576528776299,0,0,0,0,0,0,0,1,0,3.165274313961054,775.7568273865685,3.165274313961054,41.98465287763015,8,1,0,1879.161406963285,0,0,0,0
1338,28342,234.2463001385605,0,0,0,0,0,0,0,1,0,3.243294952664889,794.4708174904426,3.243294952664889,34.24355013856079,1,1,0,235.395654706476,0,0,0,0
1339,26311,232.9301667037156,0,0,0,0,1,0,0,1,0,3.280039666998551,805.5186841265742,3.280039666998551,32.75716670371844,8,1,0,1414.504737495306,0,0,0,0
1340,29488,247.3938459801923,0,0,0,0,0,0,0,1,0,3.213887927407524,787.6210734173814,3.213887927407524,47.22084598019181,8,1,0,1976.07326725389,0,0,0,0
1341,30331,244.5435267897628,0,0,0,0,0,0,0,1,0,3.229092424378414,791.6820131297175,3.229092424378414,44.54077678976348,1,1,0,365.0388965025174,0,0,0,0
1342,29638,239.1139611733529,0,0,0,0,0,0,0,1,0,3.18239473246192,780.8612561065677,3.18239473246192,39.11121117335288,1,1,0,2267.13527513992,0,0,0,0
1343,30072,247.5133804630971,0,0,0,0,0,0,0,1,0,3.234166900689271,792.2125172706069,3.234166900689271,47.34038046309676,8,1,0,577.3784879105525,0,0,0,0
1344,26487,231.8281603733654,0,0,0,0,0,0,0,1,0,3.205502431596272,785.9021485204208,3.205502431596272,31.65516037336516,8,1,0,2958.848858613491,0,0,0,0
1345,23251,216.5767915415509,0,0,0,0,0,0,0,1,0,3.161967372999167,774.4886373112161,3.161967372999167,16.40379154155125,8,1,0,672.7597751690931,0,0,0,0
1346,31002,250.1090610256537,0,0,0,0,0,0,0,1,0,3.179822207254814,778.3119977187607,3.179822207254814,50.10631102565399,1,1,0,742.6484139021744,0,0,0,0
1347,29687,251.3110560178948,0,0,0,0,0,0,0,1,0,3.158761830732586,775.8065418707042,3.158761830732586,51.30830601789393,1,1,0,681.2061445570929,0,0,0,0
1348,23595,217.0008314398743,0,0,0,0,0,0,0,1,0,3.283405563031384,806.5178421367034,3.283405563031384,16.82783143987393,8,1,0,477.2344930531196,0,0,0,0
1349,19375,221.9707829485943,0,0,0,2,23,0,0,0,0,3.116316650380791,759.5710833397062,3.116316650380791,-1,8,0,1,5725.138410180438,0,0,0,0
1350,22259,212.1133332293848,0,0,0,0,0,0,0,1,0,3.17177766966004,777.0002573678465,3.17177766966004,11.94033322938467,8,1,0,1764.872851054116,0,0,0,0
1351,20162,226.7939652417768,0,0,0,2,17,0,0,0,0,3.093120288933305,756.6846761854723,3.093120288933305,-1,8,0,1,3130.917855045652,0,0,0,0
1352,30090,243.8895572509375,0,0,0,0,0,0,0,1,0,3.235948279822386,792.3870676267263,3.235948279822386,43.8868072509379,1,1,0,455.5007522638578,0,0,0,0
1353,25695,227.0448368390171,0,0,0,0,0,0,0,1,0,3.196089641836249,781.5815086616579,3.196089641836249,26.87183683901738,8,1,0,74.68349453001359,0,0,0,0
1354,29885,245.6509526399151,0,0,0,0,0,0,0,1,0,3.294593378475975,807.4666308348382,3.294593378475975,45.47795263991485,8,1,0,972.6471214566347,0,0,0,0
1355,26890,229.9341250343761,0,0,0,0,0,0,0,1,0,3.234383102100526,793.5178577033424,3.234383102100526,29.76112503437605,8,1,0,1607.755205366905,0,0,0,0
1356,25140,227.3209839255307,0,0,0,0,0,0,0,1,0,3.236143786122071,794.8813142891152,3.236143786122071,27.14798392585922,8,1,0,1661.997852355574,0,0,0,0
1357,22693,216.6453426533978,0,0,0,0,0,0,0,1,0,3.150604765187269,771.7004993457863,3.150604765187269,16.64259265339792,1,1,0,779.3373291110535,0,0,0,0
1358,30829,246.9770591450942,0,0,0,0,0,0,0,1,0,3.291540377911276,807.9553870710163,3.291540377911276,46.80405914509394,8,1,0,569.8335681106108,0,0,0,0
1359,31181,249.1947125606203,0,0,0,0,0,0,0,1,0,3.172690041694959,775.5247351025148,3.172690041694959,49.02171256062012,8,1,0,1462.916723089101,0,0,0,0
1360,25879,232.4260001818614,0,0,0,0,0,0,0,1,0,3.196709580706193,782.2745423719364,3.196709580706193,32.2530001818618,8,1,0,4798.206968872379,0,0,0,0
1361,30319,251.2746055493782,0,0,0,0,0,0,0,1,0,3.081043912715778,752.9282775556325,3.081043912715778,51.10160554936876,8,1,0,5105.915766046357,0,0,0,0
1362,27283,236.3216003991021,0,0,0,0,0,0,0,1,0,3.271556166606276,803.7246499994261,3.271556166606276,36.1486003991016,8,1,0,2078.320517080373,0,0,0,0
1363,29813,247.5407564227393,0,0,0,0,0,0,0,1,0,3.263002394744899,797.7486365016372,3.263002394744899,47.53800642274038,1,1,0,2208.477716661922,0,0,0,0
1364,29294,246.9121076678807,0,0,0,0,0,0,0,1,0,3.266801673800598,799.8922900861676,3.266801673800598,46.90935766790296,1,1,0,539.4611770066759,0,0,0,0
1365,29044,240.1986152906478,0,0,0,0,0,0,0,1,0,3.262557654826135,800.1411709307457,3.262557654826135,40.02561529064792,8,1,0,80.67481744079151,0,0,0,0
1366,27690,234.5738673832126,0,0,0,0,0,0,0,1,0,3.274403193529505,805.8102859368811,3.274403193529505,34.4008673832129,8,1,0,1688.744984146891,0,0,0,0
1367,28667,238.459032389941,0,0,0,0,0,0,0,1,0,3.276065329736375,802.8787088742313,3.276065329736375,38.28603238994109,8,1,0,4717.950707042339,0,0,0,0
1368,26229,229.2063986919042,0,0,0,0,0,0,0,1,0,3.242249145245258,795.6608073539696,3.242249145245258,29.20364869190448,1,1,0,1109.167832811784,0,0,0,0
1369,22445,215.9280905314373,0,0,0,0,0,0,0,1,0,3.12725494471152,764.415821402261,3.12725494471152,15.75509053143762,8,1,0,2335.370399342579,0,0,0,0
1370,26788,230.8782627241176,0,0,0,0,0,0,0,1,0,3.225387149048334,790.2553188193095,3.225387149048334,30.70526272411771,8,1,0,3853.318703183285,0,0,0,0
1371,19693,201.5470360903337,0,0,0,1,5,0,0,0,0,3.314816355766997,814.8164392638344,3.314816355766997,-1,8,0,1,5202.229444957967,0,0,0,0
1372,28632,236.5029480091014,0,0,0,0,0,0,0,1,0,3.437371864699618,845.4909860360713,3.437371864699618,36.32994800910185,8,1,0,2194.296603536418,0,0,0,0
1373,27164,234.2487727161466,0,0,0,0,0,0,0,1,0,3.218087626735717,787.7602394843918,3.218087626735717,34.07577271614617,8,1,0,509.4103685563442,0,0,0,0
1374,25544,227.6298039996944,0,0,0,0,0,0,0,1,0,3.154775069690811,771.7923049499054,3.154775069690811,27.45680399969397,8,1,0,564.7729863644909,0,0,0,0
1375,29183,246.5577205490557,0,0,0,0,0,0,0,1,0,3.121614050490946,764.3522768750081,3.121614050490946,46.55497054900074,1,1,0,1052.506987444912,0,0,0,0
1376,29841,251.2465560376875,0,0,0,0,0,0,0,1,0,3.148562330048964,769.6433762015467,3.148562330048964,51.07355603768762,8,1,0,1350.358009938627,0,0,0,0
1377,23740,223.1701337606037,0,0,0,0,0,0,0,1,0,3.133219604571129,767.0113202917732,3.133219604571129,23.16738376060365,1,1,0,3477.257158062171,0,0,0,0
1378,30226,250.3126328007618,0,0,0,0,0,0,0,1,0,3.214746247962799,786.1674897399961,3.214746247962799,50.30988280076116,1,1,0,845.4828813526716,0,0,0,0
1379,20390,209.0179067646056,0,0,0,1,11,0,0,0,0,3.270167329082834,804.8568200645321,3.270167329082834,-1,8,0,1,5191.843274998418,0,0,0,0
1380,23589,225.7123998900879,0,0,0,0,0,0,0,1,0,3.211386149357206,785.2931399825264,3.211386149357206,25.53939989008865,8,1,0,202.782943253032,0,0,0,0
1381,30448,248.040853962438,0,0,0,0,0,0,0,1,0,3.199569009230741,787.6171496551018,3.199569009230741,48.03810396243786,1,1,0,4431.059533263203,0,0,0,0
1382,29085,243.2930326405553,0,0,0,0,0,0,0,1,0,3.114006573442092,761.6692843452201,3.114006573442092,43.12003264055575,8,1,0,3627.045229195135,0,0,0,0
1383,21310,208.8257477087099,0,0,0,0,0,0,0,1,0,3.265913068982117,801.2043430157521,3.265913068982117,8.652747708710216,8,1,0,2863.593500342204,0,0,0,0
1384,27677,237.8436653296973,0,0,0,0,0,0,0,1,0,3.228479727363513,790.257143009068,3.228479727363513,37.67066532969704,8,1,0,2133.41602384414,0,0,0,0
1385,28492,242.5205100195794,0,0,0,0,0,0,0,1,0,3.310566885050831,814.3101722972536,3.310566885050831,42.34751001943209,8,1,0,291.4562592404178,0,0,0,0
1386,29620,246.3711093924084,0,0,0,0,0,0,0,1,0,3.101581729294931,758.1638452413467,3.101581729294931,46.19810939240836,8,1,0,4338.013969963806,0,0,0,0
1387,28817,243.9996684876551,0,0,0,0,0,0,0,1,0,3.126206682621709,764.6982826734446,3.126206682621709,43.99691848765541,1,1,0,941.490531624306,0,0,0,0
1388,26212,229.5044340393055,0,0,0,0,0,0,0,1,0,3.256868559248653,796.0904938723301,3.256868559248653,29.50168403930531,1,1,0,7298.494911397665,0,0,0,0
1389,29815,251.1480494093808,0,0,0,0,0,0,0,1,0,3.267987842831712,803.0890823916253,3.267987842831712,50.97504941016039,8,1,0,2398.466520350913,0,0,0,0
1390,31115,251.4537952403612,0,0,0,0,0,0,0,1,0,3.33683717031611,820.8620694534652,3.33683717031611,51.4510452403612,1,1,0,3068.691620954273,0,0,0,0
1391,30137,243.7021056173889,0,0,0,0,0,0,0,1,0,3.20247833796731,783.7598638065712,3.20247833796731,43.69935561738914,1,1,0,290.8397797452481,0,0,0,0
1392,24823,223.4356814901271,0,0,0,0,0,0,0,1,0,3.288347442626244,805.4817252396108,3.288347442626244,23.43293149012667,1,1,0,1311.046563905328,0,0,0,0
1393,28976,242.122139895242,0,0,0,0,0,0,0,1,0,3.242656900549949,794.7569854143103,3.242656900549949,41.9491398960258,8,1,0,778.4771892453022,0,0,0,0
1394,29091,243.584408128714,0,0,0,0,0,0,0,1,0,3.229383756441485,790.5988929484538,3.229383756441485,43.58165812871413,1,1,0,438.9418626130214,0,0,0,0
1395,28857,240.656835204817,0,0,0,0,0,0,0,1,0,3.235032728459399,793.3775653222409,3.235032728459399,40.65408520486986,1,1,0,2767.113856984662,0,0,0,0
1396,28236,240.8710063209008,0,0,0,0,0,0,0,1,0,3.202222946199745,782.8673932511884,3.202222946199745,40.69800632090058,8,1,0,390.2460127610973,0,0,0,0
1397,26000,229.3299139831034,0,0,0,0,0,0,0,1,0,3.120641993210672,764.7718748529915,3.120641993210672,29.15691398310298,8,1,0,1600.095655900765,0,0,0,0
1398,22048,212.8857041717921,0,0,0,0,0,0,0,1,0,3.038847308011198,742.6120471249585,3.038847308011198,12.88295417179214,1,1,0,1292.273699783815,0,0,0,0
1399,27927,233.2937716949395,0,0,0,0,0,0,0,1,0,3.274757981641317,803.250668856579,3.274757981641317,33.29102169493942,1,1,0,5755.487717714504,0,0,0,0
1400,27251,236.9535104852985,0,0,0,0,0,0,0,1,0,3.098244716924351,758.286385622944,3.098244716924351,36.95076048529825,1,1,0,9228.294395664836,0,0,0,0
1401,29360,247.9443021964329,0,0,0,0,0,0,0,1,0,3.208657065552966,784.3494640663961,3.208657065552966,47.94155219643278,1,1,0,5498.91695677694,0,0,0,0
1402,28275,239.6900707620387,0,0,0,0,0,0,0,1,0,3.15659029523387,770.6669666928778,3.15659029523387,39.51707076200068,8,1,0,2517.332076089418,0,0,0,0
1403,30271,249.6381447884743,0,0,0,0,0,0,0,1,0,3.232697555229544,792.1827394492959,3.232697555229544,49.63539478847481,1,1,0,240.9020353633626,0,0,0,0
1404,26202,227.9099553960914,0,0,0,0,0,0,0,1,0,3.210545380379694,785.9042550651284,3.210545380379694,27.73695539609167,8,1,0,2990.107784614327,0,0,0,0
1405,30003,249.2724942629725,0,0,0,0,0,0,0,1,0,3.23504060191427,791.6331768820016,3.23504060191427,49.09949426297258,8,1,0,1234.115989679586,0,0,0,0
1406,20461,226.0092259349406,0,0,0,2,16,0,0,0,0,3.310154678242554,813.369558984453,3.310154678242554,-1,8,0,1,701.0420371345201,0,0,0,0
1407,24648,222.7098879903548,0,0,0,0,0,0,0,1,0,3.313036036861448,812.6716054831163,3.313036036861448,22.53688799035497,8,1,0,5206.183723214617,0,0,0,0
1408,30442,247.5954830107911,0,0,0,0,0,0,0,1,0,3.243050899769945,795.6771465611633,3.243050899769945,47.59273301079092,1,1,0,1581.350004268954,0,0,0,0
1409,30833,251.0791069978618,0,0,0,0,0,0,0,1,0,3.168385624648112,773.5022438185609,3.168385624648112,51.07635699786177,1,1,0,1003.801200794965,0,0,0,0
1410,30892,252.0734678672791,0,0,0,0,0,0,0,1,0,3.169613415699234,776.3234170988903,3.169613415699234,51.90046786728032,8,1,0,3350.268398160582,0,0,0,0
1411,31321,254.6576098337266,0,0,0,0,0,0,0,1,0,3.195177015367803,785.5370884969104,3.195177015367803,54.48460983471925,8,1,0,2236.858121466249,0,0,0,0
1412,28192,239.7831814094775,0,0,0,0,1,0,0,1,0,3.253208295159695,798.161340728475,3.253208295159695,39.78043140947526,1,1,0,1088.543272591937,0,0,0,0
1413,20125,225.2873105518203,0,0,0,3,20,0,0,0,0,3.23856340073855,793.5377330057589,3.23856340073855,-1,8,0,1,22.18601976422194,0,0,0,0
1414,21652,223.5469023588961,0,0,0,1,9,0,0,0,0,3.244099944085193,795.5226673116214,3.244099944085193,-1,8,0,1,2163.764702461768,0,0,0,0
1415,27167,229.1520749382285,0,0,0,0,0,0,0,1,0,3.289064264639633,805.4971309154923,3.289064264639633,28.97907493822895,8,1,0,182.9348023814496,0,0,0,0
1416,26038,232.3415832928167,0,0,0,0,0,0,0,1,0,3.099231669329388,755.4130723279631,3.099231669329388,32.16858329281586,8,1,0,48.53221891466021,0,0,0,0
1417,29523,242.0742428526093,0,0,0,0,0,0,0,1,0,3.134332643606798,766.4152588387267,3.134332643606798,41.90124285260993,8,1,0,282.8764888841102,0,0,0,0
1418,28284,241.8783759183989,0,0,0,0,0,0,0,1,0,3.226866263733724,792.6915077401025,3.226866263733724,41.87562591839899,1,1,0,353.7723704292365,0,0,0,0
1419,25640,228.1020672349798,0,0,0,0,0,0,0,1,0,3.155480296227998,772.6507849217821,3.155480296227998,27.92906723508298,8,1,0,628.1309952050653,0,0,0,0
1420,26736,230.3604879300416,0,0,0,0,0,0,0,1,0,3.125193280764095,762.3768346775372,3.125193280764095,30.18748793004185,8,1,0,115.6374253677075,0,0,0,0
1421,19654,211.6530305394728,0,0,0,2,21,0,0,0,0,3.280053049537395,804.2016314416596,3.280053049537395,-1,8,0,1,1878.491701392905,0,0,0,0
1422,27933,235.2420857501607,0,0,0,0,0,0,0,1,0,3.198840897641139,783.1204564683278,3.198840897641139,35.06908575016028,8,1,0,426.5875302782464,0,0,0,0
1423,25045,221.9720881091166,0,0,0,0,0,0,0,1,0,3.226439377852825,790.5925427471727,3.226439377852825,21.79908810911691,8,1,0,1900.803469057511,0,0,0,0
1424,28108,238.4752624186252,0,0,0,0,0,0,0,1,0,3.250305209583279,798.8909628659657,3.250305209583279,38.302262418625,8,1,0,568.2492727131267,0,0,0,0
1425,28326,240.9404580294119,0,0,0,0,0,0,0,1,0,3.260310520317821,801.1725782702414,3.260310520317821,40.76745802941201,8,1,0,1165.685824924216,0,0,0,0
1426,30180,247.6312584309654,0,0,0,0,0,0,0,1,0,3.339562154318345,820.1537841574043,3.339562154318345,47.45825843096466,8,1,0,5652.28098882702,0,0,0,0
1427,30108,244.2928011622133,0,0,0,0,0,0,0,1,0,3.142549567709847,767.913863434317,3.142549567709847,44.1198011622125,8,1,0,3031.305989077515,0,0,0,0
1428,27141,232.3288438422801,0,0,0,0,0,0,0,1,0,3.250761186571026,797.9109585225505,3.250761186571026,32.15584384227969,8,1,0,36.65886839393541,0,0,0,0
1429,25059,223.6111972598513,0,0,0,0,0,0,0,1,0,3.223775194757295,791.4005612160025,3.223775194757295,23.60844725985115,1,1,0,1111.452180859781,0,0,0,0
1430,29918,245.1011681844077,0,0,0,0,0,0,0,1,0,3.114222152270769,761.2949192298061,3.114222152270769,44.92816818440712,8,1,0,803.197033908686,0,0,0,0
1431,30978,250.9132734083626,0,0,0,0,0,0,0,1,0,3.180069432037692,781.9668280231672,3.180069432037692,50.74027340836242,8,1,0,2049.939212415879,0,0,0,0
1432,24273,217.4218080823444,0,0,0,0,0,0,0,1,0,3.214665090648706,793.160616633287,3.214665090648706,17.2488080823444,8,1,0,565.9383053897753,0,0,0,0
1433,24288,222.0831939811578,0,0,0,0,0,0,0,1,0,3.219112020990793,788.9946583275229,3.219112020990793,22.08044398115755,1,1,0,1490.583596531517,0,0,0,0
1434,26102,224.0778617606357,0,0,0,0,0,0,0,1,0,3.237119371941111,795.1468028673467,3.237119371941111,24.07511176063579,1,1,0,1136.84011668867,0,0,0,0
1435,29785,247.434328968016,0,0,0,0,0,0,0,1,0,3.240586509889885,796.9626854427598,3.240586509889885,47.43157896801545,1,1,0,1961.440991571346,0,0,0,0
1436,25695,225.0008158524887,0,0,0,0,0,0,0,1,0,3.265212333389975,802.5730801759969,3.265212333389975,24.82781585248869,8,1,0,595.4012613401645,0,0,0,0
1437,24142,222.3493124056685,0,0,0,0,0,0,0,1,0,3.243696635143572,791.8728850085375,3.243696635143572,22.17631240566791,8,1,0,1883.642723949258,0,0,0,0
1438,29614,249.9323288193368,0,0,0,0,0,0,0,1,0,3.127351009416159,766.83083409059,3.127351009416159,49.92957881962525,1,1,0,68.38916892597274,0,0,0,0
1439,29032,241.9834463425456,0,0,0,0,0,0,0,1,0,3.248803884695032,793.8445145203756,3.248803884695032,41.81044634254607,8,1,0,4134.993281563994,0,0,0,0
1440,27927,238.0663025041865,0,0,0,0,0,0,0,1,0,3.144827966451069,767.1899430712999,3.144827966451069,37.89330250418694,8,1,0,430.7586677144304,0,0,0,0
1441,23912,224.662048345261,0,0,0,0,0,0,0,1,0,3.155199722148602,773.1424136063623,3.155199722148602,24.6592983452613,1,1,0,4666.880084464657,0,0,0,0
1442,26095,225.1970031980932,0,0,0,0,0,0,0,1,0,3.191308908874111,782.1923345213078,3.191308908874111,25.02400319809319,8,1,0,1498.198492356061,0,0,0,0
1443,22551,212.2398604831743,0,0,0,0,0,0,0,1,0,3.291596215760581,808.8424145253833,3.291596215760581,12.23711048317447,1,1,0,133.302604376649,0,0,0,0
1444,19521,222.1212085526579,0,0,0,2,17,0,0,0,0,3.207826940694323,788.1886613510555,3.207826940694323,-1,8,0,1,1692.21109967005,0,0,0,0
1445,18820,205.4803212938273,0,0,0,3,23,0,0,0,0,3.111895459038559,758.3410463904436,3.111895459038559,-1,8,0,1,2310.647756118797,0,0,0,0
1446,31565,252.721198062988,0,0,0,0,0,0,0,1,0,3.270186695390046,804.2600156449975,3.270186695390046,52.54819806298795,8,1,0,300.9741345776359,0,0,0,0
1447,29327,240.8679541195519,0,0,0,0,0,0,0,1,0,3.226532696793678,790.0519453902987,3.226532696793678,40.6949541195515,8,1,0,1408.588352851971,0,0,0,0
1448,25750,227.9690428944793,0,0,0,0,0,0,0,1,0,3.180466021025206,775.8661281512954,3.180466021025206,27.79604289447882,8,1,0,239.6000306921216,0,0,0,0
1449,25098,225.04892045453,0,0,0,0,0,0,0,1,0,3.273944030116265,803.6421636623053,3.273944030116265,24.87592045453067,8,1,0,1736.345700554736,0,0,0,0
1450,30273,246.8831104297134,0,0,0,0,0,0,0,1,0,3.229915024819311,790.6148869823242,3.229915024819311,46.71011042971287,8,1,0,464.521413370506,0,0,0,0
1451,20484,238.707606328459,0,0,0,4,25,0,0,0,0,3.231025273444766,791.7361830163417,3.231025273444766,-1,8,0,1,3254.286929354415,0,0,0,0
1452,25806,229.7423779205204,0,0,0,0,0,0,0,1,0,3.184213755227634,780.4538978864289,3.184213755227634,29.56937792052058,8,1,0,3174.928485394338,0,0,0,0
1453,28705,236.2540442930512,0,0,0,0,0,0,0,1,0,3.185807563775472,780.2015847596199,3.185807563775472,36.08104429305155,8,1,0,4408.626210884116,0,0,0,0
1454,28174,238.4485612735066,0,0,0,0,0,0,0,1,0,3.135195228587685,763.6104814520037,3.135195228587685,38.27556127350729,8,1,0,4663.364264035054,0,0,0,0
1455,23789,219.9226333237836,0,0,0,0,0,0,0,1,0,3.27337110045626,802.9990053504811,3.27337110045626,19.91988332378375,1,1,0,1186.747539761811,0,0,0,0
1456,30198,248.3145886383299,0,0,0,0,0,0,0,1,0,3.164271815684817,778.2682643614008,3.164271815684817,48.31183863833039,1,1,0,2677.274717918813,0,0,0,0
1457,20084,230.2809317596268,0,0,0,4,26,0,0,0,0,3.139718450815482,768.9926527030174,3.139718450815482,-1,8,0,1,732.6097711293946,0,0,0,0
1458,30068,250.2311688781921,0,0,0,0,0,0,0,1,0,3.108356855549787,759.8548313898392,3.108356855549787,50.22841887819209,1,1,0,251.2274215344075,0,0,0,0
1459,26751,232.8897000803202,0,0,0,0,0,0,0,1,0,3.055921576567997,748.2381849256248,3.055921576567997,32.71670008041291,8,1,0,3669.395307836894,0,0,0,0
1460,25869,230.310559370298,0,0,0,0,0,0,0,1,0,3.311618669109404,813.5438730583057,3.311618669109404,30.13755937029823,8,1,0,1556.072428380702,0,0,0,0
1461,19813,219.4244997735204,0,0,0,2,19,0,0,0,0,3.130752796787869,765.869082324735,3.130752796787869,-1,8,0,1,922.9548257248987,0,0,0,0
1462,30726,251.9406302212568,0,0,0,0,0,0,0,1,0,3.056942322843217,745.8160651588609,3.056942322843217,51.76763022125731,8,1,0,4992.353193804811,0,0,0,0
1463,30299,249.5610267501409,0,0,0,0,0,0,0,1,0,3.298675611443314,811.4724029589159,3.298675611443314,49.38802675014009,8,1,0,1553.029231757506,0,0,0,0
1464,27691,241.2110513315087,0,0,0,0,0,0,0,1,0,3.249730574363989,797.3572960390244,3.249730574363989,41.03805133150825,8,1,0,628.7912298451415,0,0,0,0
1465,30350,246.5452725953907,0,0,0,0,0,0,0,1,0,3.240582747241273,797.1412263707073,3.240582747241273,46.54252259539087,1,1,0,50.2535971868688,0,0,0,0
1466,27024,233.527277200118,0,0,0,0,0,0,0,1,0,3.253160385942587,798.1708648481484,3.253160385942587,33.52452720011828,1,1,0,6189.154875333517,0,0,0,0
1467,26596,234.0028906209234,0,0,0,0,0,0,0,1,0,3.195060343669744,780.9312119576618,3.195060343669744,33.82989062092291,8,1,0,698.9030640876616,0,0,0,0
1468,28348,244.6302375167066,0,0,0,0,0,0,0,1,0,3.14862162646879,768.4973544564732,3.14862162646879,44.45723751672949,8,1,0,4085.106531798287,0,0,0,0
1469,27210,242.4144607302199,0,0,0,0,0,0,0,1,0,3.139790938626156,767.4129223392205,3.139790938626156,42.41171073002108,1,1,0,596.2638988246019,0,0,0,0
1470,28992,240.062196689153,0,0,0,0,0,0,0,1,0,3.178687378600753,776.8703354054502,3.178687378600753,40.05944668915332,1,1,0,755.7982076480898,0,0,0,0
1471,25528,229.7829138179567,0,0,0,0,0,0,0,1,0,3.303898402085563,810.5573478032842,3.303898402085563,29.78016381795641,1,1,0,4525.913056832266,0,0,0,0
1472,25310,224.1914210974645,0,0,0,0,0,0,0,1,0,3.135804333151965,766.5808719335932,3.135804333151965,24.01842109746394,8,1,0,976.6838245965652,0,0,0,0
1473,29886,239.4021127482119,0,0,0,0,0,0,0,1,0,3.261860748254452,801.7658472295425,3.261860748254452,39.39936274821164,1,1,0,1602.849721449909,0,0,0,0
1474,29543,243.427966742997,0,0,0,0,0,0,0,1,0,3.283796807962755,805.2393837087939,3.283796807962755,43.25496674299627,8,1,0,27.09050451908785,0,0,0,0
1475,19838,226.2085454006211,0,0,0,3,30,0,0,0,0,3.281698936646382,806.1435607429748,3.281698936646382,-1,8,0,1,1165.596649118098,0,0,0,0
1476,30647,244.9354882546512,0,0,0,0,0,0,0,1,0,3.257536765302294,799.7558869433448,3.257536765302294,44.76248825465109,8,1,0,159.4008558696453,0,0,0,0
1477,29964,245.2871582903893,0,0,0,0,0,0,0,1,0,3.314818075158321,812.6529431392458,3.314818075158321,45.11415829038869,8,1,0,934.3049773714988,0,0,0,0
1478,19904,211.3573724672395,0,0,0,1,8,0,0,0,0,3.230517831170608,792.2203380089258,3.230517831170608,-1,8,0,1,447.5531098317471,0,0,0,0
1479,25337,224.9584796514283,0,0,0,0,0,0,0,1,0,3.265831023812156,800.8745069086854,3.265831023812156,24.78547965142785,8,1,0,2080.3515436162,0,0,0,0
1480,32147,252.4169307238299,0,0,0,0,0,0,0,1,0,3.199327189427668,783.1441355827532,3.199327189427668,52.24393072382944,8,1,0,817.5363769214617,0,0,0,0
1481,20035,204.3351611560901,0,0,0,1,7,0,0,0,0,3.125854202582601,764.0751891505631,3.125854202582601,-1,8,0,1,496.8711939568175,0,0,0,0
1482,28367,234.6325240511175,0,0,0,0,0,0,0,1,0,3.121601916126702,765.3113785285046,3.121601916126702,34.45952405111785,8,1,0,455.9020959997616,0,0,0,0
1483,27644,238.1219021033484,0,0,0,0,0,0,0,1,0,3.255415767378652,798.8040157350631,3.255415767378652,37.94890210321789,8,1,0,3945.259423110248,0,0,0,0
1484,20332,227.4579954712998,0,0,0,4,20,0,0,0,0,3.311324940231966,810.3347372371281,3.311324940231966,-1,8,0,1,4257.261307870998,0,0,0,0
1485,31308,249.1247083603909,0,0,0,0,0,0,0,1,0,3.223729309421264,789.2168492213203,3.223729309421264,48.95170836039129,8,1,0,390.4459923295915,0,0,0,0
1486,27831,238.7189243021606,0,0,0,0,0,0,0,1,0,3.188967475420525,780.2863371529253,3.188967475420525,38.54592430216027,8,1,0,849.0709540124244,0,0,0,0
1487,28181,237.4335224813338,0,0,0,0,0,0,0,1,0,3.211612326405143,785.362859982285,3.211612326405143,37.26052248133359,8,1,0,1655.830194086419,0,0,0,0
1488,24478,223.0031523241721,0,0,0,0,0,0,0,1,0,3.11945505712599,764.5208084142407,3.11945505712599,22.83015232417196,8,1,0,3571.060602691267,0,0,0,0
1489,19688,207.6229409501431,0,0,0,0,0,0,0,0,0,3.310015995906588,809.2858148269268,3.310015995906588,-1,8,0,1,224.7920706201156,0,0,0,0
1490,24086,221.5220587234992,0,0,0,0,0,0,0,1,0,3.266465455790617,801.5830396518087,3.266465455790617,21.34905872349935,8,1,0,1874.358764485192,0,0,0,0
1491,29298,244.9355326466423,0,0,0,0,0,0,0,1,0,3.216496521537457,789.788179384254,3.216496521537457,44.93278264664198,1,1,0,1012.364224004421,0,0,0,0
1492,20499,223.5997560227634,0,0,0,4,8,0,0,0,0,3.246742494893632,797.5692992594188,3.246742494893632,-1,8,0,1,3395.343763615292,0,0,0,0
1493,28145,242.033515895931,0,0,0,0,0,0,0,1,0,3.280209422022101,804.3758848601752,3.280209422022101,41.86051589593007,8,1,0,1477.66313617502,0,0,0,0
1494,30331,247.5841594656702,0,0,0,0,0,0,0,1,0,3.172131786228367,777.9631488306414,3.172131786228367,47.58140946567465,1,1,0,564.1661949733691,0,0,0,0
1495,26160,231.7251202502233,0,0,0,0,0,0,0,1,0,3.168452509022101,773.781138678169,3.168452509022101,31.55212025022253,8,1,0,45.25501101724881,0,0,0,0
1496,22275,211.5112278467492,0,0,0,0,0,0,0,1,0,3.275369745225246,806.6303880191342,3.275369745225246,11.33822784674869,8,1,0,4211.718898532365,0,0,0,0
1497,31071,249.3340896531777,0,0,0,0,0,0,0,1,0,3.257113261794827,800.3241033412633,3.257113261794827,49.16108965317823,8,1,0,1228.920813528398,0,0,0,0
1498,19647,239.7230760251994,0,0,0,3,24,0,0,0,0,3.273904039621851,803.0856223127377,3.273904039621851,-1,8,0,1,2122.731072358847,0,0,0,0
1499,30110,245.2250864633456,0,0,0,0,0,0,0,1,0,3.159157943340812,773.4494685844078,3.159157943340812,45.05208646334557,8,1,0,2888.769633753484,0,0,0,0
1500,26139,225.8041725156524,0,0,0,0,0,0,0,1,0,3.305479243876459,810.8594017486346,3.305479243876459,25.63117251565276,8,1,0,201.2761186264778,0,0,0,0
1501,26200,229.5324912679211,0,0,0,0,0,0,0,1,0,3.269682436924018,802.4534478306375,3.269682436924018,29.35949126792074,8,1,0,3605.698856613796,0,0,0,0
1502,30369,247.3544083706356,0,0,0,0,0,0,0,1,0,3.235605048986841,792.2344249155707,3.235605048986841,47.35165837063538,1,1,0,715.0813554361821,0,0,0,0
1503,27667,237.1469656397041,0,0,0,0,0,0,0,1,0,3.146210526878857,772.7853332424886,3.146210526878857,37.14421563970346,1,1,0,418.2178592674588,0,0,0,0
1504,30239,252.2624364205109,0,0,0,0,0,0,0,1,0,3.001411570173071,728.4063917512384,3.001411570173071,52.08943642051143,8,1,0,1567.894833144933,0,0,0,0
1505,19377,222.0506301223113,0,0,0,2,20,0,0,0,0,3.122236853774953,763.9264161760933,3.122236853774953,-1,8,0,1,204.2081894378741,0,0,0,0
1506,29778,247.3023842612676,0,0,0,0,0,0,0,1,0,3.256474428523532,802.6194069737129,3.256474428523532,47.29963426126665,1,1,0,3692.580397567212,0,0,0,0
1507,31887,247.4772144578507,0,0,0,0,0,0,0,1,0,3.277998769110981,804.0008823509427,3.277998769110981,47.47446445785119,1,1,0,1094.54287664578,0,0,0,0
1508,19896,200.6017713234727,0,0,0,1,4,0,0,0,0,3.206700429444827,787.2464177596017,3.206700429444827,-1,8,0,1,1841.705815635266,0,0,0,0
1509,31179,251.6655520870203,0,0,0,0,0,0,0,1,0,3.319865853753626,816.7464323246234,3.319865853753626,51.49255208702046,8,1,0,545.5146971113734,0,0,0,0
1510,26989,234.8110318415752,0,0,0,0,0,0,0,1,0,3.262001746991959,799.9197513500542,3.262001746991959,34.6380318415686,8,1,0,499.5842765425436,0,0,0,0
1511,28708,242.0020201886759,0,0,0,0,0,0,0,1,0,3.10510360825556,758.2725115459721,3.10510360825556,41.82902018867598,8,1,0,550.6595726061963,0,0,0,0
1512,31082,247.5818577834663,0,0,0,0,0,0,0,1,0,3.162745782181807,773.1379549479761,3.162745782181807,47.40885778346583,8,1,0,3.391274334154151,0,0,0,0
1513,20232,208.0299271862359,0,0,0,2,15,0,0,0,0,3.266573360422329,801.0322449932975,3.266573360422329,-1,8,0,1,2502.761451665807,0,0,0,0
1514,30259,249.9599791064305,0,0,0,0,0,0,0,1,0,3.142041694163927,767.1383333402949,3.142041694163927,49.78697910642974,8,1,0,676.9640283593752,0,0,0,0
1515,21782,221.9738902605446,0,0,0,3,15,0,0,0,0,3.306231402198462,814.8319042367978,3.306231402198462,-1,8,0,1,380.0183297794035,0,0,0,0
1516,29935,246.8418844000611,0,0,0,0,0,0,0,1,0,3.28616213727198,807.3175910085901,3.28616213727198,46.66888440006056,8,1,0,1871.757891086288,0,0,0,0
1517,28685,238.0455107428216,0,0,0,0,0,0,0,1,0,3.178040514785562,780.2642769168808,3.178040514785562,37.87251074282154,8,1,0,1483.381816214959,0,0,0,0
1518,28016,239.9934755697809,0,0,0,0,0,0,0,1,0,3.139815899911377,770.2633724273089,3.139815899911377,39.99072556978027,1,1,0,3100.048542376031,0,0,0,0
1519,26422,232.4181602923895,0,0,0,0,0,0,0,1,0,3.292404566263783,808.5295835359732,3.292404566263783,32.41541029238925,1,1,0,1469.07829871795,0,0,0,0
1520,30541,248.9126216212125,0,0,0,0,0,0,0,1,0,3.133636501079381,765.7197450518065,3.133636501079381,48.9098716212132,1,1,0,744.6525310076438,0,0,0,0
1521,27124,235.1151511281812,0,0,0,0,0,0,0,1,0,3.250843241791659,799.8033915545045,3.250843241791659,35.11240112818131,1,1,0,669.1647144020433,0,0,0,0
1522,26777,231.8804485100749,0,0,0,0,0,0,0,1,0,3.296383563369833,809.365372502212,3.296383563369833,31.87769851007496,1,1,0,1434.483003471306,0,0,0,0
1523,30553,249.4889701146697,0,0,0,0,0,0,0,1,0,3.070034487173628,750.9606525661289,3.070034487173628,49.48622011467005,1,1,0,137.1128113603869,0,0,0,0
1524,29384,248.8629288357074,0,0,0,0,0,0,0,1,0,3.231556974981431,793.0283558859645,3.231556974981431,48.68992883570717,8,1,0,1405.849965552113,0,0,0,0
1525,25161,226.4788692040628,0,0,0,0,0,0,0,1,0,3.126502672771605,764.9608882947527,3.126502672771605,26.30586920406312,8,1,0,1299.284641580532,0,0,0,0
1526,21717,214.2286853934729,0,0,0,0,0,0,0,1,0,3.085180244141489,752.3234837703022,3.085180244141489,14.05568539347272,8,1,0,1996.961987771056,0,0,0,0
1527,27080,233.0148844327156,0,0,0,0,0,0,0,1,0,3.211241400581991,789.4176307461543,3.211241400581991,32.84188443271549,8,1,0,2638.601940937463,0,0,0,0
1528,23256,216.1197720942151,0,0,0,0,0,0,0,1,0,3.354433219885267,825.666446155093,3.354433219885267,15.94677209421535,8,1,0,7992.054293492204,0,0,0,0
1529,28507,237.3705851353151,0,0,0,0,0,0,0,1,0,3.294681433365801,809.6013267096162,3.294681433365801,37.19758513531477,8,1,0,521.9756897943828,0,0,0,0
1530,30913,248.8133144155522,0,0,0,0,0,0,0,1,0,3.240413119448705,797.230748964638,3.240413119448705,48.64031441555228,8,1,0,152.3882349301187,0,0,0,0
1531,21266,242.183497481354,0,0,0,2,8,0,0,0,0,3.34666667423341,820.666317602794,3.34666667423341,-1,8,0,1,3034.829654882127,0,0,0,0
1532,28765,237.5804318270548,0,0,0,0,0,0,0,1,0,3.315178712911337,816.2494030849469,3.315178712911337,37.40743182705481,8,1,0,280.5831688155734,0,0,0,0
1533,29903,245.3077466387352,0,0,0,0,0,0,0,1,0,3.258786687943215,801.0667039647942,3.258786687943215,45.30499663873442,1,1,0,834.2456769047043,0,0,0,0
1534,20285,201.4974272542665,0,0,0,0,0,0,0,0,0,3.289757219310183,808.0976833553622,3.289757219310183,-1,8,0,1,1949.297644231596,0,0,0,0
1535,29618,247.8940872367057,0,0,0,0,0,0,0,1,0,3.193647608452492,782.835494492141,3.193647608452492,47.72108723668016,8,1,0,606.739363731176,0,0,0,0
1536,26034,234.6357437366157,0,0,0,0,0,0,0,1,0,3.166685500837584,777.2688121613508,3.166685500837584,34.46274373664772,8,1,0,481.379519443299,0,0,0,0
1537,25097,225.5113955012637,0,0,0,0,0,0,0,1,0,3.223440937342581,790.4029137186653,3.223440937342581,25.3383955012637,8,1,0,2856.314654254912,0,0,0,0
1538,26972,237.0855496497838,0,0,0,0,0,0,0,1,0,3.158354488271564,773.7172139235577,3.158354488271564,36.91254964978371,8,1,0,1366.862781375512,0,0,0,0
1539,26943,236.0689744996431,0,0,0,0,0,0,0,1,0,3.081685686899157,749.3019350219037,3.081685686899157,35.89597449964428,8,1,0,160.1173054282588,0,0,0,0
1540,27792,235.6609224745854,0,0,0,0,0,0,0,1,0,3.163993432301145,774.898470946309,3.163993432301145,35.4879224745847,8,1,0,270.9225352628001,0,0,0,0
1541,26491,228.9373695237053,0,0,0,0,0,0,0,1,0,3.22516067272397,789.6105688069563,3.22516067272397,28.93461952370591,1,1,0,999.3753427935268,0,0,0,0
1542,29590,246.9506633292156,0,0,0,0,0,0,0,1,0,3.16775281424554,774.9317214282538,3.16775281424554,46.94791332921499,1,1,0,2212.068541196807,0,0,0,0
1543,27703,237.6871154540494,0,0,0,0,0,0,0,1,0,3.201590808157986,785.3159455168658,3.201590808157986,37.68436545404906,1,1,0,1538.813738757938,0,0,0,0
1544,30279,250.7252589267605,0,0,0,0,0,0,0,1,0,3.207841082134077,786.1123420466821,3.207841082134077,50.55225892675993,8,1,0,2423.914912321185,0,0,0,0
1545,23746,222.7441494090686,0,0,0,0,0,0,0,1,0,3.126232251083141,765.1636147774512,3.126232251083141,22.57114940906881,8,1,0,3523.035022478439,0,0,0,0
1546,30263,251.8163844877277,0,0,0,0,0,0,0,1,0,3.17023387656275,778.2475662918083,3.17023387656275,51.64338448772732,8,1,0,963.2609574605569,0,0,0,0
1547,27325,231.4988767700849,0,0,0,0,0,0,0,1,0,3.333642952485997,818.4993284101831,3.333642952485997,31.32587677008452,8,1,0,2106.695920413981,0,0,0,0
1548,29578,251.3283952281416,0,0,0,0,0,0,0,1,0,3.233578513640898,791.0589656829986,3.233578513640898,51.32564522814705,1,1,0,4018.174017324079,0,0,0,0
1549,25847,229.6318862236893,0,0,0,0,0,0,0,1,0,3.147128903940005,769.8985183382784,3.147128903940005,29.45888622368496,8,1,0,2560.25760077355,0,0,0,0
1550,20980,228.3899787826089,0,0,0,1,8,0,0,0,0,3.303311285509768,812.5525935270755,3.303311285509768,-1,8,0,1,1312.095918563107,0,0,0,0
1551,22765,212.2870955722873,0,0,0,0,0,0,0,1,0,3.265501562792034,801.6001304125051,3.265501562792034,12.28434557228703,1,1,0,1971.088320330361,0,0,0,0
1552,22912,217.4299440719888,0,0,0,0,0,0,0,1,0,3.124531317332876,763.4132535622664,3.124531317332876,17.25694407198831,8,1,0,187.890614821994,0,0,0,0
1553,23165,215.1599846441588,0,0,0,0,0,0,0,1,0,3.19649344571735,782.8484667001709,3.19649344571735,14.98698464415857,8,1,0,2558.955486977281,0,0,0,0
1554,24800,223.2421112725483,0,0,0,0,0,0,0,1,0,3.27556359069984,802.7379611694208,3.27556359069984,23.23936127254768,1,1,0,507.2475634567314,0,0,0,0
1555,26173,231.7685517524672,0,0,0,0,0,0,0,1,0,3.259537893902836,801.6476518040607,3.259537893902836,31.59555175246764,8,1,0,274.5085791946751,0,0,0,0
1556,29597,249.4839253245364,0,0,0,0,0,0,0,1,0,3.210113533335201,791.173083959348,3.210113533335201,49.31092532453609,8,1,0,1549.188066502241,0,0,0,0
1557,28777,240.5848965066515,0,0,0,0,0,0,0,1,0,3.359646211386292,829.4447727433733,3.359646211386292,40.58214650665222,1,1,0,2539.891899080821,0,0,0,0
1558,29451,245.362753757632,0,0,0,0,0,0,0,1,0,3.230407057501025,792.6511849027183,3.230407057501025,45.18975375763135,8,1,0,42.63155398739056,0,0,0,0
1559,24212,222.3953623631364,0,0,0,0,0,0,0,1,0,3.247910657429521,794.9409742076151,3.247910657429521,22.39261236313641,1,1,0,18.40759465713835,0,0,0,0
1560,19630,246.9921618217583,0,0,0,4,25,0,0,0,0,3.2317348000178,794.3057807084322,3.2317348000178,-1,8,0,1,3930.715509580386,0,0,0,0
1561,28578,244.8714860660315,0,0,0,0,0,0,0,1,0,3.249121979828814,798.478147687874,3.249121979828814,44.86873606603134,1,1,0,653.8644885322692,0,0,0,0
1562,28075,236.288818271881,0,0,0,0,0,0,0,1,0,3.341737292436964,822.2116055658208,3.341737292436964,36.11581827188022,8,1,0,541.058951695771,0,0,0,0
1563,26793,232.5899086552133,0,0,0,0,0,0,0,1,0,3.316667747464773,817.7425613279748,3.316667747464773,32.41690865523103,8,1,0,1065.978018943954,0,0,0,0
1564,30702,245.3355776086744,0,0,0,0,0,0,0,1,0,3.254895167198351,798.5142285674266,3.254895167198351,45.33282760867398,1,1,0,79.75664520611879,0,0,0,0
1565,20229,201.448891970103,0,0,0,1,6,0,0,0,0,3.177625551297897,778.0040903135549,3.177625551297897,-1,8,0,1,352.8474575151674,0,0,0,0
1566,28120,236.5617656926293,0,0,0,0,0,0,0,1,0,3.178667105662724,777.8352957953309,3.178667105662724,36.55901569262932,1,1,0,2234.67698053803,0,0,0,0
1567,26990,237.9788614213998,0,0,0,0,0,0,0,1,0,3.027358825698102,734.8012184697558,3.027358825698102,37.97611142139966,1,1,0,296.1173703724413,0,0,0,0
1568,20749,231.7300156207539,0,0,0,3,32,0,0,0,0,3.181929115820904,779.4322628800713,3.181929115820904,-1,8,0,1,52.09439098211357,0,0,0,0
1569,29919,245.7119538714344,0,0,0,0,0,0,0,1,0,3.224202548472217,789.247805146471,3.224202548472217,45.53895387143429,8,1,0,704.1323872999885,0,0,0,0
1570,29782,251.7201482333421,0,0,0,0,0,0,0,1,0,3.05652569688398,747.0180279687753,3.05652569688398,51.54714823333922,8,1,0,2489.541361862954,0,0,0,0
1571,27807,235.3426097213747,0,0,0,0,0,0,0,1,0,3.272353657733681,803.310273219797,3.272353657733681,35.33985972137452,1,1,0,975.2736306556473,0,0,0,0
1572,25005,223.7789460918752,0,0,0,0,0,0,0,1,0,3.245794847747126,796.4452211520476,3.245794847747126,23.77619609187499,1,1,0,794.8346569668669,0,0,0,0
1573,26304,232.2894299323677,0,0,0,0,0,0,0,1,0,3.223372004669128,792.6118317637358,3.223372004669128,32.11642993236732,8,1,0,3265.230238667642,0,0,0,0
1574,28918,241.0895620718361,0,0,0,0,0,0,0,1,0,3.21182654372031,786.7274063721325,3.21182654372031,41.08681207183564,1,1,0,2085.231431676003,0,0,0,0
1575,26133,234.1005196341553,0,0,0,0,0,0,0,1,0,3.164095885369014,773.7744717462654,3.164095885369014,33.92751963406655,8,1,0,1677.907001776206,0,0,0,0
1576,29612,248.0976278032423,0,0,0,0,0,0,0,1,0,3.238780942714228,794.1024343670093,3.238780942714228,47.92462780312365,8,1,0,6390.128196331772,0,0,0,0
1577,27433,234.8477978254717,0,0,0,0,0,0,0,1,0,3.240110960792653,794.5404030961595,3.240110960792653,34.84504782547123,1,1,0,244.6684699736622,0,0,0,0
1578,29804,246.0698211125303,0,0,0,0,0,0,0,1,0,3.398620573628488,834.6633143005189,3.398620573628488,45.89682111253044,8,1,0,1318.467976074115,0,0,0,0
1579,28103,233.7421056186938,0,0,0,0,0,0,0,1,0,3.285149363349544,808.8162266771153,3.285149363349544,33.56910561869381,8,1,0,522.498724385283,0,0,0,0
1580,27212,233.0673261618135,0,0,0,0,0,0,0,1,0,3.305432901483114,811.6051860414055,3.305432901483114,33.06457616181301,1,1,0,1457.586757526384,0,0,0,0
1581,28729,242.7912750383984,0,0,0,0,0,0,0,1,0,3.153676903762878,770.7400778507462,3.153676903762878,42.61827503839957,8,1,0,30.31102331313888,0,0,0,0
1582,30987,251.1223147833821,0,0,0,0,0,0,0,1,0,3.190072643371089,783.5740991809463,3.190072643371089,51.11956478338117,1,1,0,489.4132827698383,0,0,0,0
1583,27039,235.804051865404,0,0,0,0,0,0,0,1,0,3.165612689506007,776.5223342495271,3.165612689506007,35.63105186540331,8,1,0,4692.463334684395,0,0,0,0
1584,23158,216.4709901445775,0,0,0,0,0,0,0,1,0,3.116771325813246,760.2262797604587,3.116771325813246,16.29799014457741,8,1,0,265.7428942435264,0,0,0,0
1585,29241,242.3763545582091,0,0,0,0,0,0,0,1,0,3.033376686419369,737.9932840324612,3.033376686419369,42.20335455820931,8,1,0,291.9428101190396,0,0,0,0
1586,29102,245.9395941518055,0,0,0,0,0,0,0,1,0,3.051626575256266,743.9295731381975,3.051626575256266,45.76659415180556,8,1,0,1077.377986636842,0,0,0,0
1587,21701,220.5868087109959,0,0,0,3,14,0,0,0,0,3.34303252265657,822.3667600095073,3.34303252265657,-1,8,0,1,534.9486533233603,0,0,0,0
1588,27274,236.1104325990221,0,0,0,0,0,0,0,1,0,3.214261071903461,787.9054288245363,3.214261071903461,36.10768259886945,1,1,0,703.4377086047524,0,0,0,0
1589,29825,242.3970775503716,0,0,0,0,0,0,0,1,0,3.119188863934137,764.377536191178,3.119188863934137,42.22407755037232,8,1,0,982.8211878409824,0,0,0,0
1590,30475,245.945265177252,0,0,0,0,0,0,0,1,0,3.254105012175485,800.4675206571596,3.254105012175485,45.94251517725125,1,1,0,5354.134636797704,0,0,0,0
1591,27472,238.444273110071,0,0,0,0,0,0,0,1,0,3.152035685236615,772.1568675701644,3.152035685236615,38.27127311007124,8,1,0,6044.738423508516,0,0,0,0
1592,29351,244.5080868781438,0,0,0,0,0,0,0,1,0,3.193682730509236,784.2232363903586,3.193682730509236,44.3350868781434,8,1,0,3199.716816303855,0,0,0,0
1593,29116,239.0024840907623,0,0,0,0,0,0,0,1,0,3.290059033220651,808.190610137043,3.290059033220651,38.82948409076166,8,1,0,2046.469350059238,0,0,0,0
1594,19586,201.2929887570108,0,0,0,1,7,0,0,0,0,3.250139276246793,798.2803356220784,3.250139276246793,-1,8,0,1,288.0148668626207,0,0,0,0
1595,26456,228.0026706101543,0,0,0,0,0,0,0,1,0,3.249070918913556,795.4792606304627,3.249070918913556,27.82967061015434,8,1,0,4995.984173268725,0,0,0,0
1596,31060,250.8279717273945,0,0,0,0,0,0,0,1,0,3.175271014502007,775.9824044147855,3.175271014502007,50.825221727395,1,1,0,432.1570661531066,0,0,0,0
1597,23982,218.2607891500745,0,0,0,0,0,0,0,1,0,3.226895417485386,790.4682273045366,3.226895417485386,18.25803915007457,1,1,0,1870.257045785207,0,0,0,0
1598,25739,223.9137099630737,0,0,0,0,0,0,0,1,0,3.256802226627887,797.8478229346431,3.256802226627887,23.74070996307369,8,1,0,637.9465132306125,0,0,0,0
1599,28571,247.2272488334251,0,0,0,0,0,0,0,1,0,3.099340206444606,755.9799152133943,3.099340206444606,47.05424883340645,8,1,0,2339.136675371682,0,0,0,0
1600,29248,244.5652554823635,0,0,0,0,0,0,0,1,0,3.199042632059824,782.3133779517057,3.199042632059824,44.39225548236323,8,1,0,767.1455038711198,0,0,0,0
1601,27064,235.8305020665303,0,0,0,0,0,0,0,1,0,3.168759153445747,776.6435062683933,3.168759153445747,35.82775206653098,1,1,0,855.8070149074816,0,0,0,0
1602,20799,206.0738111087316,0,0,0,1,10,0,0,0,0,3.381225711529729,831.1826682941555,3.381225711529729,-1,8,0,1,262.4965574369193,0,0,0,0
1603,25118,226.0668463325886,0,0,0,0,0,0,0,1,0,3.121934768569454,762.8311833474123,3.121934768569454,25.89384633258814,8,1,0,185.3687792028804,0,0,0,0
1604,27580,238.352074167018,0,0,0,0,0,0,0,1,0,3.1397270942118,769.2813162389601,3.1397270942118,38.34932416701875,1,1,0,2043.326988037738,0,0,0,0
1605,24478,222.2453918331675,0,0,0,0,0,0,0,1,0,3.211155472218147,785.8644584895937,3.211155472218147,22.2426418331677,1,1,0,4902.652193130551,0,0,0,0
1606,28175,238.1576581971945,0,0,0,0,0,0,0,1,0,3.215762181545714,788.1422899514242,3.215762181545714,37.98465819719468,8,1,0,548.6447614954905,0,0,0,0
1607,26902,236.2648630181538,0,0,0,0,0,0,0,1,0,3.189210138927709,780.1445546048416,3.189210138927709,36.26211301815422,1,1,0,2250.552838066058,0,0,0,0
1608,27342,232.3453017177008,0,0,0,0,0,0,0,1,0,3.264305340292381,804.064061956988,3.264305340292381,32.34255171770096,1,1,0,2176.798414136836,0,0,0,0
1609,27987,238.5713882321386,0,0,0,0,0,0,0,1,0,3.280716999575688,803.2879340691867,3.280716999575688,38.39838823213936,8,1,0,393.9733096488839,0,0,0,0
1610,27026,235.2080669868314,0,0,0,0,0,0,0,1,0,3.194432036738455,782.8343287975982,3.194432036738455,35.03506698683189,8,1,0,3754.386769559331,0,0,0,0
1611,27197,231.3604220217888,0,0,0,0,0,0,0,1,0,3.250104340179508,795.5896708614559,3.250104340179508,31.18742202178817,8,1,0,1927.70115778811,0,0,0,0
1612,29371,241.7691458870347,0,0,0,0,0,0,0,1,0,3.229253922907681,794.290579073878,3.229253922907681,41.59614588703427,8,1,0,532.0716724957323,0,0,0,0
1613,29861,241.469123033015,0,0,0,0,0,0,0,1,0,3.272825951859249,802.3482630845448,3.272825951859249,41.46637303301488,1,1,0,495.3446089710833,0,0,0,0
1614,27152,237.6667726034343,0,0,0,0,0,0,0,1,0,3.191531774840376,779.6479572509005,3.191531774840376,37.49377260343459,8,1,0,2171.925495051799,0,0,0,0
1615,30693,249.3723724435139,0,0,0,0,0,0,0,1,0,3.192739458154006,780.3553852401748,3.192739458154006,49.19937244351373,8,1,0,190.7146439306697,0,0,0,0
1616,26106,231.222085205239,0,0,0,0,0,0,0,1,0,3.206818941591294,786.8249873531734,3.206818941591294,31.21933520523842,1,1,0,2206.307241439842,0,0,0,0
1617,29748,242.757590433874,0,0,0,0,0,0,0,1,0,3.005256975702828,731.5745057594205,3.005256975702828,42.58459043387415,8,1,0,747.9740038472282,0,0,0,0
1618,28710,238.0173253131241,0,0,0,0,0,0,0,1,0,3.26074487095414,802.209147775123,3.26074487095414,37.84432531312441,8,1,0,2493.229335684584,0,0,0,0
1619,30262,250.695882303807,0,0,0,0,0,0,0,1,0,3.175745345551382,776.9559844171359,3.175745345551382,50.69313230381357,1,1,0,562.2190921638789,0,0,0,0
1620,27603,232.7062997050352,0,0,0,0,0,0,0,1,0,3.17521644850775,777.8817552901264,3.17521644850775,32.53329970503525,8,1,0,5155.233797477763,0,0,0,0
1621,29495,249.5437786928806,0,0,0,0,0,0,0,1,0,3.242367430497261,796.2286355474674,3.242367430497261,49.5410286928805,1,1,0,1404.772980259605,0,0,0,0
1622,26997,230.8669254421527,0,0,0,0,0,0,0,1,0,3.139179256279798,770.2839562910592,3.139179256279798,30.69392544215154,8,1,0,966.8895797198095,0,0,0,0
1623,25895,225.5035430399766,0,0,0,0,0,0,0,1,0,3.164082349742176,776.4027039124755,3.164082349742176,25.33054303997585,8,1,0,374.6827834278959,0,0,0,0
1624,27575,240.3178120230047,0,0,0,0,0,0,0,1,0,3.102926400090578,759.0688371345692,3.102926400090578,40.14481202301143,8,1,0,2573.999908328898,0,0,0,0
1625,21250,248.371156865614,0,0,0,3,24,0,0,0,0,3.190395099551681,780.409431251644,3.190395099551681,-1,8,0,1,544.8244183520195,0,0,0,0
1626,31123,250.6978574249033,0,0,0,0,0,0,0,1,0,3.187624818227145,782.3329434571694,3.187624818227145,50.69510742490357,1,1,0,1233.325118363669,0,0,0,0
1627,24940,223.9601486608751,0,0,0,0,0,0,0,1,0,3.166009417538793,776.8698245106979,3.166009417538793,23.78714866087447,8,1,0,7010.016522703333,0,0,0,0
1628,27875,236.8289890709391,0,0,0,0,0,0,0,1,0,3.239072338868532,795.3047563700909,3.239072338868532,36.65598907093871,8,1,0,254.1615305466417,0,0,0,0
1629,22154,210.8294635505489,0,0,0,0,0,0,0,1,0,3.146033867193578,769.2117704390491,3.146033867193578,10.82671355054924,1,1,0,799.8500126567515,0,0,0,0
1630,29837,243.1029074520567,0,0,0,0,0,0,0,1,0,3.153571691891438,772.40448578011,3.153571691891438,42.9299074520565,8,1,0,794.6994963371327,0,0,0,0
1631,23886,220.732641114168,0,0,0,0,0,0,0,1,0,3.243430066416082,796.7678750135232,3.243430066416082,20.55964111416784,8,1,0,3911.093480136117,0,0,0,0
1632,23741,216.9426916384942,0,0,0,0,0,0,0,1,0,3.33316224064935,820.1897122456039,3.33316224064935,16.76969163849457,8,1,0,5412.969993219145,0,0,0,0
1633,30196,246.7063085901077,0,0,0,0,0,0,0,1,0,3.223276757419463,790.7642512148711,3.223276757419463,46.5333085901016,8,1,0,4840.968845111898,0,0,0,0
1634,22245,212.5401886260743,0,0,0,0,0,0,0,1,0,3.251318973049568,797.4616222675187,3.251318973049568,12.53743862607465,1,1,0,1348.897808225847,0,0,0,0
1635,28361,238.9610568033792,0,0,0,0,0,0,0,1,0,3.228099760412502,791.2921900534709,3.228099760412502,38.7880568033793,8,1,0,388.7543869766812,0,0,0,0
1636,25780,226.5401918785878,0,0,0,0,0,0,0,1,0,3.30080733073529,811.3275653329902,3.30080733073529,26.367191878588,8,1,0,221.3748698104198,0,0,0,0
1637,25945,230.4586660195773,0,0,0,0,0,0,0,1,0,3.171644849395875,779.4039141104371,3.171644849395875,30.45591601957486,1,1,0,1094.864220450616,0,0,0,0
1638,30169,250.1941350019969,0,0,0,0,0,0,0,1,0,3.226691019445955,792.276683432103,3.226691019445955,50.19138500199686,1,1,0,820.2176323973013,0,0,0,0
1639,28851,238.3513145658277,0,0,0,0,0,0,0,1,0,3.282446574164089,808.0938836561705,3.282446574164089,38.17831456582817,8,1,0,886.5779923852515,0,0,0,0
1640,29846,243.435494688128,0,0,0,0,0,0,0,1,0,3.310892912378484,814.5233363760601,3.310892912378484,43.26249468812747,8,1,0,646.3412517564433,0,0,0,0
1641,21220,255.9330027400583,0,0,0,4,31,0,0,0,0,3.301973992856019,811.2436120770327,3.301973992856019,-1,8,0,1,3538.07895593553,0,0,0,0
1642,19417,202.7882629322298,0,0,0,0,0,0,0,0,0,3.155762304121402,771.4502931993437,3.155762304121402,-1,8,0,1,375.570005004892,0,0,0,0
1643,21690,236.2498535324777,0,0,0,3,12,0,0,0,0,3.206807270565207,785.1049661266397,3.206807270565207,-1,8,0,1,647.3418537896898,0,0,0,0
1644,30783,247.4077822357876,0,0,0,0,0,0,0,1,0,3.209303853588028,785.3098548434484,3.209303853588028,47.40503223578822,1,1,0,973.8004203121178,0,0,0,0
1645,27315,238.7195825473836,0,0,0,0,0,0,0,1,0,3.204025855404738,783.6431603546323,3.204025855404738,38.54658254736921,8,1,0,1130.917683442922,0,0,0,0
1646,27851,235.5316138796541,0,0,0,0,0,0,0,1,0,3.194749950788832,783.7307331443027,3.194749950788832,35.35861387965377,8,1,0,1619.851282894183,0,0,0,0
1647,27004,232.8143827280939,0,0,0,0,0,0,0,1,0,3.137647147881321,766.3362551629016,3.137647147881321,32.811632728094,1,1,0,975.4751578190786,0,0,0,0
1648,26124,225.2970446500939,0,0,0,0,0,0,0,1,0,3.361174068678543,828.7999872013787,3.361174068678543,25.29429465009404,1,1,0,1443.010311873993,0,0,0,0
1649,30117,248.0770238579314,0,0,0,0,0,0,0,1,0,3.255470909795128,799.2704134337502,3.255470909795128,48.07427385793154,1,1,0,5816.758642656461,0,0,0,0
1650,29999,246.8190063276795,0,0,0,0,0,0,0,1,0,3.262723972242393,800.6644054963807,3.262723972242393,46.64600632767846,8,1,0,2170.063569641098,0,0,0,0
1651,25000,225.4114436417112,0,0,0,0,0,0,0,1,0,3.231262985876587,790.6873144044981,3.231262985876587,25.23844364171098,8,1,0,658.382554751359,0,0,0,0
1652,26710,229.8850681953744,0,0,0,0,0,0,0,1,0,3.103027391512293,756.8990672168715,3.103027391512293,29.71206819537394,8,1,0,1369.412070041798,0,0,0,0
1653,19752,201.6452928926003,0,0,0,0,0,0,0,0,0,3.254206321608567,798.1323893369906,3.254206321608567,-1,8,0,1,1018.119218035092,0,0,0,0
1654,27192,232.7003155767425,0,0,0,0,0,0,0,1,0,3.224209986153852,787.7637399303369,3.224209986153852,32.52731557674228,8,1,0,957.5564639948502,0,0,0,0
1655,29921,243.4407882185134,0,0,0,0,0,0,0,1,0,3.247331106331516,797.4209778287253,3.247331106331516,43.43803821851275,1,1,0,998.7291173291743,0,0,0,0
1656,32238,250.9198285840346,0,0,0,0,0,0,0,1,0,3.219821105155388,792.9859025877965,3.219821105155388,50.91707858403537,1,1,0,1703.504844861628,0,0,0,0
1657,26262,229.7457373059558,0,0,0,0,0,0,0,1,0,3.229166213923784,791.987117903129,3.229166213923784,29.57273730595562,8,1,0,2235.23292037992,0,0,0,0
1658,26759,232.7678136675025,0,0,0,0,0,0,0,1,0,3.19003205853096,780.1030124254918,3.19003205853096,32.59481366750248,8,1,0,551.6430879552232,0,0,0,0
1659,30552,248.3549987486395,0,0,0,0,0,0,0,1,0,3.268596487843633,802.7429796779667,3.268596487843633,48.35224874863925,1,1,0,1379.491175761502,0,0,0,0
1660,23815,221.0658506294196,0,0,0,0,0,0,0,1,0,3.235337656855714,793.4725765487184,3.235337656855714,21.06310062942049,1,1,0,5450.57698935675,0,0,0,0
1661,29051,241.8493969620035,0,0,0,0,0,0,0,1,0,3.236640668502274,793.9895150139839,3.236640668502274,41.67639696200325,8,1,0,5483.81858056596,0,0,0,0
1662,28914,240.8970227067328,0,0,0,0,0,0,0,1,0,3.168157393850664,775.5496547284718,3.168157393850664,40.89427270673258,1,1,0,2352.90114029082,0,0,0,0
1663,27694,240.8107131198059,0,0,0,0,0,0,0,1,0,3.135040438335857,764.4471564283801,3.135040438335857,40.63771311929135,8,1,0,27.59303046796305,0,0,0,0
1664,26197,230.0572895582122,0,0,0,0,0,0,0,1,0,3.192545888903819,781.3076846559261,3.192545888903819,30.05453955821207,1,1,0,5302.95669346061,0,0,0,0
1665,28527,242.5641470414534,0,0,0,0,0,0,0,1,0,3.135118506212989,766.1320046272169,3.135118506212989,42.56139704145396,1,1,0,6940.291699155523,0,0,0,0
1666,29400,241.2154478474008,0,0,0,0,0,0,0,1,0,3.23875464485298,795.7096990139747,3.23875464485298,41.21269784740077,1,1,0,3780.326978458405,0,0,0,0
1667,26906,234.5144208123036,0,0,0,0,0,0,0,1,0,3.134157033637919,766.2755030737568,3.134157033637919,34.34142081230397,8,1,0,1885.588430495015,0,0,0,0
1668,29390,239.7212861954723,0,0,0,0,0,0,0,1,0,3.162325933259354,775.5214282131358,3.162325933259354,39.71853619547225,1,1,0,1494.194983939692,0,0,0,0
1669,29441,243.3699808339847,0,0,0,0,0,0,0,1,0,3.251857280369288,797.9253837802024,3.251857280369288,43.36723083398448,1,1,0,1223.969282504797,0,0,0,0
1670,31201,251.9868553499211,0,0,0,0,0,0,0,1,0,3.143640652506158,768.8264044763865,3.143640652506158,51.81385534992063,8,1,0,1984.189532979141,0,0,0,0
1671,20308,207.920584924309,0,0,0,1,10,0,0,0,0,3.2790967685903,806.0539906535322,3.2790967685903,-1,8,0,1,5472.979893014639,0,0,0,0
1672,31524,252.0770977544408,0,0,0,0,0,0,0,1,0,3.391239882610293,835.4582280403434,3.391239882610293,52.07434775451904,1,1,0,671.5349853739431,0,0,0,0
1673,24700,222.4887520376032,0,0,0,0,0,0,0,1,0,3.303320241884887,812.9140479737218,3.303320241884887,22.31575203760381,8,1,0,572.6716680049861,0,0,0,0
1674,19584,200.00275,0,0,0,0,0,0,0,0,0,3.145795559537313,770.9357426621265,3.145795559537313,-1,1,1,0,10980.33769311794,0,0,0,0
1675,27456,237.4267145510036,0,0,0,0,0,0,0,1,0,3.160789919651199,773.345320881239,3.160789919651199,37.25371455097569,8,1,0,2996.030725051107,0,0,0,0
1676,26202,233.0560397719626,0,0,0,0,0,0,0,1,0,3.240813642143567,791.7294680709684,3.240813642143567,32.88303977196207,8,1,0,1670.001384839504,0,0,0,0
1677,21687,210.0177441510145,0,0,0,0,0,0,0,1,0,3.198024194708411,785.9466319018479,3.198024194708411,9.844744151014662,8,1,0,1675.550333279592,0,0,0,0
1678,30757,246.7735447869451,0,0,0,0,0,0,0,1,0,3.208953825215008,785.8741456430828,3.208953825215008,46.60054478694489,8,1,0,1222.879239703795,0,0,0,0
1679,25034,222.2540635343481,0,0,0,0,0,0,0,1,0,3.283938316369754,807.1568348378831,3.283938316369754,22.08106353434821,8,1,0,2150.226136776002,0,0,0,0
1680,29960,245.4269733754858,0,0,0,0,0,0,0,1,0,3.114002346362362,759.5823321808506,3.114002346362362,45.42422337548495,1,1,0,2897.78311751884,0,0,0,0
1681,27305,233.976824007579,0,0,0,0,0,0,0,1,0,3.111737094340731,764.9569462494233,3.111737094340731,33.80382400759118,8,1,0,3682.249150766159,0,0,0,0
1682,19528,209.116820091373,0,0,0,1,6,0,0,0,0,3.24787690969416,796.543990177557,3.24787690969416,-1,8,0,1,3272.511123475208,0,0,0,0
1683,21540,208.7230383592753,0,0,0,0,0,0,0,1,0,3.105421661559568,760.8633838213252,3.105421661559568,8.550038359275467,8,1,0,506.0237576626435,0,0,0,0
1684,28876,245.2741872219258,0,0,0,0,0,0,0,1,0,3.155963136562246,769.4184934011597,3.155963136562246,45.27143722192647,1,1,0,655.5068538575454,0,0,0,0
1685,25261,227.1977219025069,0,0,0,0,0,0,0,1,0,3.17860341562729,781.6890821812199,3.17860341562729,27.02472190250715,8,1,0,1619.204723275093,0,0,0,0
1686,27709,232.6623132562544,0,0,0,0,0,0,0,1,0,3.240767813230221,795.5994867354015,3.240767813230221,32.48931325625548,8,1,0,3861.653317788811,0,0,0,0
1687,26126,225.0625706078668,0,0,0,0,0,0,0,1,0,3.220212928223929,790.1232045308664,3.220212928223929,25.05982060786657,1,1,0,2062.909706959956,0,0,0,0
1688,30047,246.9508761656052,0,0,0,0,0,0,0,1,0,3.23316550507091,792.4405077909412,3.23316550507091,46.94812616560537,1,1,0,2023.738890957949,0,0,0,0
1689,28532,237.4910113115056,0,0,0,0,0,0,0,1,0,3.280340884038591,807.8989653802453,3.280340884038591,37.48826131150516,1,1,0,2106.993434446595,0,0,0,0
1690,26414,229.2067350051042,0,0,0,0,0,0,0,1,0,3.228776003387534,794.0914572351783,3.228776003387534,29.03373500510392,8,1,0,338.3063834199016,0,0,0,0
1691,30599,250.8596075008151,0,0,0,0,0,0,0,1,0,3.196949382851017,782.0185681784238,3.196949382851017,50.8568575008152,1,1,0,1943.034825318202,0,0,0,0
1692,28688,242.9715710999695,0,0,0,0,0,0,0,1,0,3.239684200607718,795.9279100441472,3.239684200607718,42.79857109996892,8,1,0,181.462925891623,0,0,0,0
1693,25587,225.4695107290105,0,0,0,0,0,0,0,1,0,3.314616716292645,815.2819584196438,3.314616716292645,25.29651072901115,8,1,0,181.1226402083114,0,0,0,0
1694,22490,215.2987133752966,0,0,0,0,0,0,0,1,0,3.160654954142816,772.6490618892236,3.160654954142816,15.12571337529644,8,1,0,2176.670623855375,0,0,0,0
1695,25995,227.0180955904431,0,0,0,0,0,0,0,1,0,3.169478761639094,775.4122859888506,3.169478761639094,27.01534559044336,1,1,0,40.64209694682487,0,0,0,0
1696,29580,243.4769280096786,0,0,0,0,0,0,0,1,0,3.18692329850719,778.7520451544019,3.18692329850719,43.47417800967832,1,1,0,1330.937325691049,0,0,0,0
1697,28573,243.9167258584981,0,0,0,0,0,0,0,1,0,3.178309986385196,778.1688788752009,3.178309986385196,43.74372585849833,8,1,0,8137.958754400132,0,0,0,0
1698,28998,245.4166778463176,0,0,0,0,0,0,0,1,0,3.284913717316485,808.2542441933697,3.284913717316485,45.24367784631767,8,1,0,107.10146182027,0,0,0,0
1699,30864,249.7976127064306,0,0,0,0,0,0,0,1,0,3.352097565649101,823.915574136268,3.352097565649101,49.79486270643082,1,1,0,1065.502636013373,0,0,0,0
1700,28041,237.5657203048726,0,0,0,0,0,0,0,1,0,3.198347080813126,783.8071369658707,3.198347080813126,37.56297030487239,1,1,0,82.27526495159275,0,0,0,0
1701,21633,230.2207998006566,0,0,0,3,16,0,0,0,0,3.078250589546505,753.3519483331405,3.078250589546505,-1,8,0,1,52.99987789234378,0,0,0,0
1702,26696,243.5774573384893,0,0,0,0,0,0,0,1,0,3.277474020861604,803.5902449950312,3.277474020861604,43.5747073384905,1,1,0,499.4867043918682,0,0,0,0
1703,27906,236.5990398119229,0,0,0,0,0,0,0,1,0,3.246602450520729,796.3318632294004,3.246602450520729,36.42603981192296,8,1,0,765.664907873645,0,0,0,0
1704,29360,241.256209444589,0,0,0,0,0,0,0,1,0,3.239712074514708,794.9647898262081,3.239712074514708,41.08320944458901,8,1,0,1239.989844330584,0,0,0,0
1705,28081,234.9969440737858,0,0,0,0,0,0,0,1,0,3.180436323879187,776.6209277109978,3.180436323879187,34.99419407378595,1,1,0,2364.674943624673,0,0,0,0
1706,31316,247.0607784675292,0,0,0,0,0,0,0,1,0,3.136844416273312,772.4777750161886,3.136844416273312,47.05802846752875,1,1,0,56.23320237955753,0,0,0,0
1707,20032,208.2582197578421,0,0,0,1,10,0,0,0,0,3.12817048502533,766.935648564474,3.12817048502533,-1,8,0,1,339.4761568693083,0,0,0,0
1708,26973,234.8966987858473,0,0,0,0,0,0,0,1,0,3.253979504592486,799.9864294448473,3.253979504592486,34.72369878584794,8,1,0,1716.942767243404,0,0,0,0
1709,30156,249.0615395949895,0,0,0,0,0,0,0,1,0,3.230490792347299,792.0903814875941,3.230490792347299,48.88853959498999,8,1,0,1154.664753776663,0,0,0,0
1710,29269,244.7341415946498,0,0,0,0,0,0,0,1,0,3.296846050245628,807.4110316413079,3.296846050245628,44.56114159464918,8,1,0,2155.829860600497,0,0,0,0
1711,25316,224.1358432885367,0,0,0,0,0,0,0,1,0,3.14451577691091,770.9809782287942,3.14451577691091,23.96284328853638,8,1,0,4826.770572924203,0,0,0,0
1712,25270,224.9646791082539,0,0,0,0,0,0,0,1,0,3.178337567502176,778.3386874103451,3.178337567502176,24.79167910825445,8,1,0,1926.384504001994,0,0,0,0
1713,29163,240.6195676475588,0,0,0,0,0,0,0,1,0,3.233061673780953,798.7347938349496,3.233061673780953,40.44656764755837,8,1,0,3268.19944700522,0,0,0,0
1714,27685,240.1841869806493,0,0,0,0,0,0,0,1,0,3.183078392467904,780.3325278297142,3.183078392467904,40.18143698064901,1,1,0,960.0299648729996,0,0,0,0
1715,28409,238.3901447541186,0,0,0,0,0,0,0,1,0,3.170965598915179,779.0794037521129,3.170965598915179,38.38739475411805,1,1,0,60.05814895255274,0,0,0,0
1716,27731,234.8029325651668,0,0,0,0,0,0,0,1,0,3.052720568270804,742.8130381564325,3.052720568270804,34.6299325651667,8,1,0,2807.813181567068,0,0,0,0
1717,27898,237.5805043533897,0,0,0,0,0,0,0,1,0,3.227145332493011,792.9917762534676,3.227145332493011,37.57775435339247,1,1,0,2260.950413764987,0,0,0,0
1718,29840,241.3735046649219,0,0,0,0,0,0,0,1,0,3.203511628300599,786.8951417079273,3.203511628300599,41.20050466492161,8,1,0,2682.448408972847,0,0,0,0
1719,32356,250.77737831168,0,0,0,0,0,0,0,1,0,3.115805465835198,763.0925208873048,3.115805465835198,50.60437831168019,8,1,0,5253.73977002594,0,0,0,0
1720,19947,200.1729999999997,0,0,0,0,0,0,0,0,0,3.342796454892585,822.1147112395863,3.342796454892585,-1,8,1,0,10241.66984086333,0,0,0,0
1721,26638,231.5082947462947,0,0,0,0,0,0,0,1,0,3.199598568753959,782.4914069853701,3.199598568753959,31.50554474629497,1,1,0,61.05826613556474,0,0,0,0
1722,27024,239.1298496279601,0,0,0,0,0,0,0,1,0,3.128239252696148,766.1585241687785,3.128239252696148,38.95684962796193,8,1,0,1967.176699055085,0,0,0,0
1723,27015,229.6676330360869,0,0,0,0,0,0,0,1,0,3.286801758881154,807.0482672928586,3.286801758881154,29.49463303608691,8,1,0,1066.928365123665,0,0,0,0
1724,26785,227.968689345415,0,0,0,0,0,0,0,1,0,3.3261735654639,818.6260649241227,3.3261735654639,27.96593934541545,1,1,0,273.3622048894115,0,0,0,0
1725,29072,244.0362967166558,0,0,0,0,0,0,0,1,0,3.274597096902005,802.1660009001948,3.274597096902005,44.03354671665651,1,1,0,1955.297533960963,0,0,0,0
1726,28722,240.0146754566156,0,0,0,0,0,0,0,1,0,3.321704083989133,812.6134210991347,3.321704083989133,39.84167545661567,8,1,0,1356.942865976485,0,0,0,0
1727,28824,242.3214622428881,0,0,0,0,0,0,0,1,0,3.120340252619886,759.268498694981,3.120340252619886,42.14846224288748,8,1,0,2590.312768490701,0,0,0,0
1728,27861,232.8217642687075,0,0,0,0,0,0,0,1,0,3.265094736379384,805.258679394244,3.265094736379384,32.64876426870799,8,1,0,180.7584272013674,0,0,0,0
1729,26048,230.8623560132385,0,0,0,0,0,0,0,1,0,3.13061312747586,763.8876346801595,3.13061312747586,30.68935601323821,8,1,0,923.8035350869879,0,0,0,0
1730,28665,240.8076975569563,0,0,0,0,0,0,0,1,0,3.171426152857425,777.3920431683215,3.171426152857425,40.80494755695494,1,1,0,346.0365255826669,0,0,0,0
1731,29048,243.4796529130637,0,0,0,0,0,0,0,1,0,3.256420774654158,797.8814945813619,3.256420774654158,43.30665291306392,8,1,0,252.0679390538417,0,0,0,0
1732,28928,239.4388463637701,0,0,0,0,0,0,0,1,0,3.14146777312281,771.108487893386,3.14146777312281,39.26584636377072,8,1,0,6264.332113550321,0,0,0,0
1733,20711,220.184369961122,0,0,0,1,4,0,0,0,0,3.156403890004505,773.3729719753388,3.156403890004505,-1,8,0,1,92.50165171721828,0,0,0,0
1734,20180,205.6597671229625,0,0,0,1,5,0,0,0,0,3.305211691951959,812.7055679272697,3.305211691951959,-1,8,0,1,508.4037248811322,0,0,0,0
1735,29633,243.8232433816497,0,0,0,0,0,0,0,1,0,3.274564660174128,803.9617543905384,3.274564660174128,43.8204933816497,1,1,0,2005.807118836717,0,0,0,0
1736,20433,228.6696958389396,0,0,0,3,22,0,0,0,0,3.135518319960119,765.6018145185307,3.135518319960119,-1,8,0,1,1137.467152734827,0,0,0,0
1737,26824,231.0002884256821,0,0,0,0,0,0,0,1,0,3.241243722018962,794.6526732835825,3.241243722018962,30.82728842568267,8,1,0,203.4673860915007,0,0,0,0
1738,27822,233.2115298942135,0,0,0,0,0,0,0,1,0,3.228506739511773,789.1507721293008,3.228506739511773,33.2087798942138,1,1,0,1204.817290969967,0,0,0,0
1739,28696,240.2540556411215,0,0,0,0,0,0,0,1,0,3.246051060535843,798.5637352840022,3.246051060535843,40.0810556411214,8,1,0,45.76505595230013,0,0,0,0
1740,27064,235.4028511085513,0,0,0,0,0,0,0,1,0,3.138557221394047,766.9909003485441,3.138557221394047,35.22985110855873,8,1,0,973.1700722658433,0,0,0,0
1741,30599,249.5616952207185,0,0,0,0,0,0,0,1,0,3.290660017551745,806.392468143166,3.290660017551745,49.55894522071809,1,1,0,1441.664432162209,0,0,0,0
1742,27979,236.8583726175925,0,0,0,0,0,0,0,1,0,3.354373215660027,825.2542373880204,3.354373215660027,36.6853726175739,8,1,0,72.02995429065417,0,0,0,0
1743,31085,250.6882388867596,0,0,0,0,0,0,0,1,0,3.202310493493901,785.8973840272296,3.202310493493901,50.51523888675926,8,1,0,761.8795717175495,0,0,0,0
1744,25274,223.909996200822,0,0,0,0,0,0,0,1,0,3.268804669298531,801.778925805015,3.268804669298531,23.9072462008218,1,1,0,2312.578309665187,0,0,0,0
1745,27621,235.9979729247149,0,0,0,0,0,0,0,1,0,3.155093365388765,773.1251948157457,3.155093365388765,35.82497292471432,8,1,0,1381.177349023907,0,0,0,0
1746,23706,215.9319497185957,0,0,0,0,0,0,0,1,0,3.298971731115934,810.1835979084647,3.298971731115934,15.7589497185961,8,1,0,1924.682332150524,0,0,0,0
1747,28185,237.3504533141252,0,0,0,0,0,0,0,1,0,3.26747191215664,800.9802067627194,3.26747191215664,37.1774533141243,8,1,0,1691.642287226388,0,0,0,0
1748,30485,245.2135759298387,0,0,0,0,0,0,0,1,0,3.191434671106107,783.5194683454242,3.191434671106107,45.21082592983868,1,1,0,3925.567096906196,0,0,0,0
1749,19523,201.1216943218567,0,0,0,1,8,0,0,0,0,3.162570685169858,775.6160099346382,3.162570685169858,-1,8,0,1,3005.706600581798,0,0,0,0
1750,31150,248.4346245574275,0,0,0,0,0,0,0,1,0,3.259402066118359,801.1601233679015,3.259402066118359,48.26162455748798,8,1,0,3273.746506334781,0,0,0,0
1751,29900,249.349006267764,0,0,0,0,0,0,0,1,0,3.193557174478373,783.0793956202236,3.193557174478373,49.34625626776409,1,1,0,1953.888658825819,0,0,0,0
1752,30745,250.9400500116526,0,0,0,0,0,0,0,1,0,3.07467224824202,750.4217832432787,3.07467224824202,50.76705001165278,8,1,0,138.8911634014577,0,0,0,0
1753,23260,217.6164849080649,0,0,0,0,0,0,0,1,0,3.231638338447552,792.2137348108743,3.231638338447552,17.61373490806492,1,1,0,860.8017570182573,0,0,0,0
1754,29287,244.7176406621075,0,0,0,0,0,0,0,1,0,3.230835906441178,792.8885211466446,3.230835906441178,44.71489066210745,1,1,0,485.163400270539,0,0,0,0
1755,31074,250.5499376652838,0,0,0,0,0,0,0,1,0,3.356524656677577,824.5438247256973,3.356524656677577,50.37693766528336,8,1,0,134.5653480789365,0,0,0,0
1756,27402,234.9294778230995,0,0,0,0,0,0,0,1,0,3.108363885465168,760.0384574116239,3.108363885465168,34.92672782309949,1,1,0,7935.913826316584,0,0,0,0
1757,28800,242.2153849822824,0,0,0,0,0,0,0,1,0,3.206512205197751,784.6099718813892,3.206512205197751,42.04238498228167,8,1,0,379.6457838742787,0,0,0,0
1758,22968,216.0866052846344,0,0,0,0,0,0,0,1,0,3.264676170633498,804.1147574010379,3.264676170633498,15.91360528463433,8,1,0,923.8726671656916,0,0,0,0
1759,28961,241.3268315458208,0,0,0,0,0,0,0,1,0,3.242580479283393,794.0479468477947,3.242580479283393,41.32408154570372,1,1,0,269.8434490248409,0,0,0,0
1760,24672,225.2578986626627,0,0,0,0,0,0,0,1,0,3.036958281054702,741.9227895310239,3.036958281054702,25.08489866266307,8,1,0,2234.356876706271,0,0,0,0
1761,25900,227.4750101423358,0,0,0,0,0,0,0,1,0,3.185181695190491,778.7277338234381,3.185181695190491,27.47226014233592,1,1,0,111.6643575748874,0,0,0,0
1762,27835,239.2001508703108,0,0,0,0,0,0,0,1,0,3.167925374878606,773.8853649244174,3.167925374878606,39.02715087031108,8,1,0,2718.096220071082,0,0,0,0
1763,30991,248.0831728767537,0,0,0,0,0,0,0,1,0,3.197061442303815,785.4294964367638,3.197061442303815,47.91017287675368,8,1,0,2714.01016217219,0,0,0,0
1764,30495,247.5112430546133,0,0,0,0,0,0,0,1,0,3.220773894225994,788.4982174556833,3.220773894225994,47.33824305461276,8,1,0,3170.3631124926,0,0,0,0
1765,25844,227.0766185382723,0,0,0,0,0,0,0,1,0,3.152105202734273,770.0559976142991,3.152105202734273,27.07386853827324,1,1,0,1267.240403029283,0,0,0,0
1766,19194,209.4212353260303,0,0,0,2,14,0,0,0,0,3.100636843228441,755.2793437948434,3.100636843228441,-1,8,0,1,1903.55863900804,0,0,0,0
1767,29790,249.8061001434014,0,0,0,0,0,0,0,1,0,3.028897406526331,740.3734377388196,3.028897406526331,49.63310014340029,8,1,0,2456.03957697027,0,0,0,0
1768,22317,212.462330008017,0,0,0,0,0,0,0,1,0,3.198895160990225,783.0290818919499,3.198895160990225,12.28933000801705,8,1,0,1132.970941420694,0,0,0,0
1769,28690,239.2684386932577,0,0,0,0,0,0,0,1,0,3.279814897951248,802.9718723397406,3.279814897951248,39.09543869325803,8,1,0,3280.251685617279,0,0,0,0
1770,20201,254.4502605338428,0,0,0,3,17,0,0,0,0,3.231678930781782,791.6163496021151,3.231678930781782,-1,8,0,1,2272.757101049371,0,0,0,0
1771,26045,229.5453647606724,0,0,0,0,0,0,0,1,0,3.29212578870944,810.1274062513975,3.29212578870944,29.54261476067229,1,1,0,1144.575676648054,0,0,0,0
1772,28097,240.6064714530595,0,0,0,0,0,0,0,1,0,3.240771527699899,796.3908321221768,3.240771527699899,40.43347145305975,8,1,0,1273.870558641336,0,0,0,0
1773,26336,231.4714316919808,0,0,0,0,0,0,0,1,0,3.198797836058683,782.416472312502,3.198797836058683,31.29843169198134,8,1,0,2345.706266058773,0,0,0,0
1774,24198,221.9101049398179,0,0,0,0,0,0,0,1,0,3.238228636139406,792.888523020539,3.238228636139406,21.90735493981818,1,1,0,2897.265576828365,0,0,0,0
1775,28572,238.1369865080868,0,0,0,0,0,0,0,1,0,3.262216210343688,803.3259724391332,3.262216210343688,37.96398650808581,8,1,0,1624.723465724972,0,0,0,0
1776,30558,249.4963467091903,0,0,0,0,0,0,0,1,0,3.156957344836991,771.9936804852509,3.156957344836991,49.32334670918985,8,1,0,2289.490452619715,0,0,0,0
1777,29721,248.0646692772026,0,0,0,0,0,0,0,1,0,3.351720575496095,822.9355823759286,3.351720575496095,47.89166927720263,8,1,0,112.8963828686948,0,0,0,0
1778,19583,236.6732384901339,0,0,0,2,21,0,0,0,0,3.242275667207318,794.9827199001412,3.242275667207318,-1,8,0,1,453.1936645500071,0,0,0,0
1779,28171,236.0582276400809,0,0,0,0,0,0,0,1,0,3.159354525651021,772.5137447665554,3.159354525651021,35.88522764008108,8,1,0,1260.899567985972,0,0,0,0
1780,21786,243.3515575195901,0,0,0,3,13,0,0,0,0,3.184694313804143,782.491028252188,3.184694313804143,-1,8,0,1,1127.765646621814,0,0,0,0
1781,26108,225.4338223235862,0,0,0,0,0,0,0,1,0,3.322874868827739,816.4974480215139,3.322874868827739,25.26082232358568,8,1,0,285.3375004158312,0,0,0,0
1782,28553,237.6401426264454,0,0,0,0,0,0,0,1,0,3.232896344494598,792.7808879347623,3.232896344494598,37.63739262644579,1,1,0,6612.281453615074,0,0,0,0
1783,27550,236.0121703470018,0,0,0,0,0,0,0,1,0,3.188591571801521,784.6820469513488,3.188591571801521,36.00942034700189,1,1,0,5106.07466534439,0,0,0,0
1784,26139,228.6583439747349,0,0,0,0,0,0,0,1,0,3.160385053333297,769.9150801409654,3.160385053333297,28.65559397473537,1,1,0,2363.717055156588,0,0,0,0
1785,19637,201.3895028116098,0,0,0,1,9,0,0,0,0,3.226279829214514,789.57893479837,3.226279829214514,-1,8,0,1,512.1510285457537,0,0,0,0
1786,27386,237.4002175244455,0,0,0,0,0,0,0,1,0,3.127475126091757,764.7565587162939,3.127475126091757,37.22721752444502,8,1,0,4140.873654074658,0,0,0,0
1787,19607,231.6743084979526,0,0,0,1,9,0,0,0,0,3.146590281735969,769.059409062623,3.146590281735969,-1,8,0,1,756.9043900609296,0,0,0,0
1788,26114,229.6817815958618,0,0,0,0,0,0,0,1,0,3.124101157974995,764.0875527156929,3.124101157974995,29.50878159586203,8,1,0,1738.568106601185,0,0,0,0
1789,29106,245.1469416418437,0,0,0,0,0,0,0,1,0,3.164666591997944,773.8888311221007,3.164666591997944,44.97394164184458,8,1,0,3651.364740192371,0,0,0,0
1790,31352,250.8333060211396,0,0,0,0,0,0,0,1,0,3.178966558914998,779.3365227859886,3.178966558914998,50.66030602113926,8,1,0,1480.690339819389,0,0,0,0
1791,29386,245.5646390705142,0,0,0,0,0,0,0,1,0,3.2946476840283,807.4897637958076,3.2946476840283,45.39163907051379,8,1,0,656.1320778606274,0,0,0,0
1792,19413,201.0510985365795,0,0,0,1,8,0,0,0,0,3.155563255825522,771.9760915540595,3.155563255825522,-1,8,0,1,1878.707569454446,0,0,0,0
1793,30892,247.7926436989987,0,0,0,0,0,0,0,1,0,3.289469134419783,806.3565969742243,3.289469134419783,47.61964369899836,8,1,0,2162.638504058727,0,0,0,0
1794,30462,247.7474561700894,0,0,0,0,0,0,0,1,0,3.276386183530433,805.8338045829964,3.276386183530433,47.57445617008972,8,1,0,960.7749499593207,0,0,0,0
1795,29035,240.4626314932253,0,0,0,0,0,0,0,1,0,3.248930329258205,795.9252885107738,3.248930329258205,40.45988149322451,1,1,0,1123.887794863111,0,0,0,0
1796,31268,251.6222993496734,0,0,0,0,0,0,0,1,0,3.248639548838894,797.0844373319334,3.248639548838894,51.44929934967303,8,1,0,2944.334296009985,0,0,0,0
1797,27265,230.6209723834865,0,0,0,0,0,0,0,1,0,3.18902832363313,780.9787878874848,3.18902832363313,30.61822238348697,1,1,0,5923.027651823209,0,0,0,0
1798,29728,249.4774956634559,0,0,0,0,0,0,0,1,0,3.297891491379342,807.4891843754998,3.297891491379342,49.47474566345553,1,1,0,165.4812622205494,0,0,0,0
1799,25006,225.3828365666529,0,0,0,0,0,0,0,1,0,3.187171815689955,780.0907773032997,3.187171815689955,25.20983656665329,8,1,0,3393.133177301333,0,0,0,0
1800,29819,245.552976594407,0,0,0,0,0,0,0,1,0,3.155289579101371,769.1403771007456,3.155289579101371,45.55022659440682,1,1,0,159.2748830325703,0,0,0,0
1801,19692,216.1494355484264,0,0,0,2,14,0,0,0,0,3.191134452539423,782.5901441595316,3.191134452539423,-1,8,0,1,206.3808421691811,0,0,0,0
1802,24781,223.1942133053228,0,0,0,0,0,0,0,1,0,3.184082007978146,780.906371543043,3.184082007978146,23.02121330532276,8,1,0,271.5111150298807,0,0,0,0
1803,27973,239.5508821685451,0,0,0,0,0,0,0,1,0,3.311806827616732,813.2788874669343,3.311806827616732,39.54813216856203,1,1,0,8.584532357261423,0,0,0,0
1804,23983,221.9360360338228,0,0,0,0,0,0,0,1,0,3.266201498142304,801.9616614112692,3.266201498142304,21.93328603382244,1,1,0,436.7831635865834,0,0,0,0
1805,28210,236.2133358607082,0,0,0,0,0,0,0,1,0,3.117826132470039,763.6498106430784,3.117826132470039,36.2105858607086,1,1,0,1020.703726662093,0,0,0,0
1806,31232,246.2659071469786,0,0,0,0,0,0,0,1,0,3.369840890680679,828.0516177109392,3.369840890680679,46.26315714697854,1,1,0,5631.793172498699,0,0,0,0
1807,19961,200.0027500000004,0,0,0,0,0,0,0,0,0,3.321756708134403,816.3624892029749,3.321756708134403,-1,1,1,0,11819.29226547209,0,0,0,0
1808,21950,210.5103285797836,0,0,0,0,0,0,0,1,0,3.228522033147017,791.264508217988,3.228522033147017,10.50757857978375,1,1,0,2357.724996272556,0,0,0,0
1809,31099,251.690219676918,0,0,0,0,0,0,0,1,0,3.280438289027452,809.0996907641426,3.280438289027452,51.51721967706839,8,1,0,1310.000919067453,0,0,0,0
1810,22995,213.4345953865727,0,0,0,0,0,0,0,1,0,3.30179932435995,811.8463992491291,3.30179932435995,13.26159538657286,8,1,0,3851.954662624902,0,0,0,0
1811,26913,232.0475888573966,0,0,0,0,0,0,0,1,0,3.257721189510453,800.1597449402794,3.257721189510453,32.04483885739713,1,1,0,1451.726496394554,0,0,0,0
1812,31293,251.9900708989191,0,0,0,0,0,0,0,1,0,3.321330171561601,816.6812403129015,3.321330171561601,51.8170708990439,8,1,0,4811.457075169085,0,0,0,0
1813,27509,233.7926358055852,0,0,0,0,0,0,0,1,0,3.209356383217335,787.5344745393529,3.209356383217335,33.61963580558542,8,1,0,3184.816030719334,0,0,0,0
1814,29367,247.0238591991764,0,0,0,0,0,0,0,1,0,3.197527015509332,786.2889529350073,3.197527015509332,47.02110919917639,1,1,0,2143.813085866677,0,0,0,0
1815,30657,252.9865779346763,0,0,0,0,0,0,0,1,0,3.146409750059042,770.4847627435184,3.146409750059042,52.81357793457995,8,1,0,597.8035548429937,0,0,0,0
1816,23499,217.8942596487366,0,0,0,0,0,0,0,1,0,3.175260478464525,778.9550645214094,3.175260478464525,17.72125964873587,8,1,0,67.09797014039759,0,0,0,0
1817,28071,237.4539647875729,0,0,0,0,0,0,0,1,0,3.141107503806073,767.1925995652816,3.141107503806073,37.28096478757372,8,1,0,3310.392715481269,0,0,0,0
1818,20149,200.0027499999991,0,0,0,0,0,0,0,0,0,3.208607151295946,788.4665620220413,3.208607151295946,-1,1,1,0,15516.85524445596,0,0,0,0
1819,27521,234.3851981185045,0,0,0,0,0,0,0,1,0,3.196486532269892,784.9463767644598,3.196486532269892,34.2121981185049,8,1,0,92.30470542183691,0,0,0,0
1820,21492,233.9398865405195,0,0,0,1,11,0,0,0,0,3.349015969191594,825.6622134763727,3.349015969191594,-1,8,0,1,898.4951447442896,0,0,0,0
1821,26825,237.2864217798949,0,0,0,0,0,0,0,1,0,3.335293868986926,818.6044535217677,3.335293868986926,37.28367177982636,1,1,0,822.9027675868823,0,0,0,0
1822,19616,203.842134058113,0,0,0,1,6,0,0,0,0,3.204093738153436,784.226724006129,3.204093738153436,-1,8,0,1,494.3347103486294,0,0,0,0
1823,28136,237.9870195315954,0,0,0,0,0,0,0,1,0,3.19856702059381,781.8320750145596,3.19856702059381,37.98426953159496,1,1,0,2217.874132602203,0,0,0,0
1824,28741,239.8848462204984,0,0,0,0,0,0,0,1,0,3.284417183513349,808.5206736245068,3.284417183513349,39.88209622049846,1,1,0,3468.595721179733,0,0,0,0
1825,30637,249.2343042461958,0,0,0,0,0,0,0,1,0,3.327285316754015,819.0203108249854,3.327285316754015,49.23155424619555,1,1,0,938.3545801591167,0,0,0,0
1826,29171,241.0927529155051,0,0,0,0,0,0,0,1,0,3.192793843857912,782.1931065527675,3.192793843857912,41.09000291550514,1,1,0,1201.914977757601,0,0,0,0
1827,22434,213.381938220373,0,0,0,0,0,0,0,1,0,3.125721685735857,762.9715783430611,3.125721685735857,13.20893822037257,8,1,0,1374.498865774594,0,0,0,0
1828,32150,250.9752753686906,0,0,0,0,0,0,0,1,0,3.265149555193883,806.2999771696478,3.265149555193883,50.8022753686914,8,1,0,785.4782042078857,0,0,0,0
1829,29818,244.5298422029905,0,0,0,0,0,0,0,1,0,3.264055096005387,800.6359863668106,3.264055096005387,44.35684220299068,8,1,0,3658.694927532112,0,0,0,0
1830,27334,231.9288428977834,0,0,0,0,0,0,0,1,0,3.2852803316983,808.1303178558774,3.2852803316983,31.92609289778344,1,1,0,2226.380839172968,0,0,0,0
1831,25893,224.8520187963859,0,0,0,0,0,0,0,1,0,3.299746760630367,811.1013465663669,3.299746760630367,24.8492687963859,1,1,0,2315.12625766349,0,0,0,0
1832,24264,216.5622138442281,0,0,0,0,0,0,0,1,0,3.152775452953453,774.5884968161644,3.152775452953453,16.38921384422839,8,1,0,640.1116133638081,0,0,0,0
1833,29296,245.0059464907827,0,0,0,0,0,0,0,1,0,3.293515985423682,806.2953842156782,3.293515985423682,45.00319649078305,1,1,0,2248.55880915821,0,0,0,0
1834,30530,247.9632125693399,0,0,0,0,0,0,0,1,0,3.295023399013094,810.2929277753306,3.295023399013094,47.96046256933993,1,1,0,1059.92110846592,0,0,0,0
1835,23971,222.4238573347427,0,0,0,0,0,0,0,1,0,3.279198768731606,803.8252692857063,3.279198768731606,22.42110733474306,1,1,0,5363.037177100396,0,0,0,0
1836,27701,238.460965566634,0,0,0,0,0,0,0,1,0,3.2469222017084,796.7532342273305,3.2469222017084,38.28796556663436,8,1,0,809.7611350449174,0,0,0,0
1837,19390,202.2568268334894,0,0,0,0,0,0,0,0,0,3.142169358849749,769.1761219143435,3.142169358849749,-1,8,0,1,85.24108874588322,0,0,0,0
1838,30736,249.4420569308657,0,0,0,0,0,0,0,1,0,3.167711000881851,776.9726912333463,3.167711000881851,49.43930693086641,1,1,0,425.4751659893982,0,0,0,0
1839,31208,251.0068550106004,0,0,0,0,0,0,0,1,0,3.285810028535087,806.4945987900458,3.285810028535087,51.00410501059964,1,1,0,1277.585065173166,0,0,0,0
1840,27704,233.394270501685,0,0,0,0,0,0,0,1,0,3.304861515263807,811.9182017740739,3.304861515263807,33.22127050168552,8,1,0,2419.457600752206,0,0,0,0
1841,30285,247.4926137686003,0,0,0,0,0,0,0,1,0,3.225747228800189,788.3504274316621,3.225747228800189,47.4898637686003,1,1,0,8393.404412258846,0,0,0,0
1842,29402,244.2606349344145,0,0,0,0,0,0,0,1,0,2.916832937664387,707.1654432593733,2.916832937664387,44.08763493365608,8,1,0,1530.405180460052,0,0,0,0
1843,25963,230.1617887680709,0,0,0,0,0,0,0,1,0,3.218412024502252,790.6229745112755,3.218412024502252,29.98878876807053,8,1,0,1023.268330036159,0,0,0,0
1844,30064,243.8303696898229,0,0,0,0,0,0,0,1,0,3.253181609524947,797.981761792227,3.253181609524947,43.65736968982297,8,1,0,1661.044627693742,0,0,0,0
1845,26578,231.4152091892339,0,0,0,0,0,0,0,1,0,3.214174204762636,787.3382088609338,3.214174204762636,31.41245918923338,1,1,0,1826.298992159497,0,0,0,0
1846,23782,220.2723638043649,0,0,0,0,0,0,0,1,0,3.153307651430588,774.7597106053363,3.153307651430588,20.26961380436543,1,1,0,181.6131571972418,0,0,0,0
1847,27140,235.0706665933223,0,0,0,0,0,0,0,1,0,3.065064608256821,745.0687753856034,3.065064608256821,34.89766659332226,8,1,0,2163.931693140776,0,0,0,0
1848,23362,214.1014051788109,0,0,0,0,0,0,0,1,0,3.140159498638781,768.0342956870753,3.140159498638781,13.92840517881047,8,1,0,62.57994010069051,0,0,0,0
1849,28033,242.7300590643183,0,0,0,0,0,0,0,1,0,3.29606221465399,809.5122120176578,3.29606221465399,42.50029169913863,8,1,0,806.5399427619259,0,0,0,0
1850,27310,231.3796574403545,0,0,0,0,0,0,0,1,0,3.226366341041915,791.2612314769063,3.226366341041915,31.37690744035511,1,1,0,494.7429580245719,0,0,0,0
1851,30962,251.6768071419887,0,0,0,0,0,0,0,1,0,3.117192032733501,761.0556823935434,3.117192032733501,51.67405714198837,1,1,0,506.9475294968834,0,0,0,0
1852,29063,243.4785967464573,0,0,0,0,0,0,0,1,0,3.263224144951996,798.0007313635805,3.263224144951996,43.47584674642611,1,1,0,2947.87826461967,0,0,0,0
1853,30239,246.8842406079049,0,0,0,0,0,0,0,1,0,3.213803469877046,787.8771218462124,3.213803469877046,46.8814906079055,1,1,0,5835.202262942484,0,0,0,0
1854,26983,233.8122596758059,0,0,0,0,0,0,0,1,0,3.143447948516239,772.1827066418057,3.143447948516239,33.6392596758055,8,1,0,956.0005554850635,0,0,0,0
1855,28741,237.7684630806092,0,0,0,0,0,0,0,1,0,3.253362895359992,798.020161978562,3.253362895359992,37.595463080609,8,1,0,2083.809338847949,0,0,0,0
1856,29773,245.6162543739217,0,0,0,0,0,0,0,1,0,3.18294242119698,777.4127651241869,3.18294242119698,45.44325437392123,8,1,0,356.0359446744174,0,0,0,0
1857,23569,217.6534963397192,0,0,0,0,0,0,0,1,0,3.376705655297208,829.256299220493,3.376705655297208,17.48049633971956,8,1,0,1871.878401935894,0,0,0,0
1858,26952,234.8430946494794,0,0,0,0,0,0,0,1,0,3.143880305065634,767.5407982057966,3.143880305065634,34.84034464947947,1,1,0,102.9660482662902,0,0,0,0
1859,21328,225.5054466871638,0,0,0,2,18,0,0,0,0,3.269165340816406,802.2619184835143,3.269165340816406,-1,8,0,1,761.0100225171316,0,0,0,0
1860,22105,236.9603400881332,0,0,0,3,12,0,0,0,0,3.160053918299129,774.7001707968342,3.160053918299129,-1,8,0,1,1160.333886130981,0,0,0,0
1861,28008,238.355343432016,0,0,0,0,0,0,0,1,0,3.295590139354619,805.9953085053058,3.295590139354619,38.18234343201667,8,1,0,1435.679876176373,0,0,0,0
1862,26885,233.8751808642875,0,0,0,0,0,0,0,1,0,3.208651607877533,785.6688888941977,3.208651607877533,33.8724308641619,1,1,0,3340.48480598064,0,0,0,0
1863,27729,235.4316251221427,0,0,0,0,0,0,0,1,0,3.181171728070589,782.2981940170749,3.181171728070589,35.25862512214209,8,1,0,2589.484273852658,0,0,0,0
1864,25770,227.212290897144,0,0,0,0,0,0,0,1,0,3.086932259968116,754.2133657057553,3.086932259968116,27.03929089714378,8,1,0,2820.878361174341,0,0,0,0
1865,20028,200.9148494282842,0,0,0,1,8,0,0,0,0,3.156826119559462,773.42394975517,3.156826119559462,-1,8,0,1,1567.515863855148,0,0,0,0
1866,29629,247.6097463688857,0,0,0,0,0,0,0,1,0,3.178079120824971,780.9145776113435,3.178079120824971,47.43674636948368,8,1,0,3321.701551734183,0,0,0,0
1867,25045,227.0558827174267,0,0,0,0,0,0,0,1,0,3.131340660179061,766.2755760434334,3.131340660179061,27.05313271742648,1,1,0,1447.165393512746,0,0,0,0
1868,28573,238.5512538137747,0,0,0,0,0,0,0,1,0,3.304500170875694,812.3773458290452,3.304500170875694,38.37825381377488,8,1,0,1355.022255749335,0,0,0,0
1869,28971,244.1536941463368,0,0,0,0,0,0,0,1,0,3.142417146949699,769.5240773924511,3.142417146949699,43.98069414633713,8,1,0,4717.447961375263,0,0,0,0
1870,29062,242.5233088816494,0,0,0,0,0,0,0,1,0,3.17063635486724,774.3183999196247,3.17063635486724,42.35030888164906,8,1,0,6161.848067392235,0,0,0,0
1871,30647,248.3269178107447,0,0,0,0,0,0,0,1,0,3.219073109908238,789.847102330184,3.219073109908238,48.15391781074501,8,1,0,663.8112016665466,0,0,0,0
1872,24620,226.8459280343234,0,0,0,0,0,0,0,1,0,3.147841973206863,770.7589665462718,3.147841973206863,26.67292803432336,8,1,0,982.473321127942,0,0,0,0
1873,28577,244.133079955905,0,0,0,0,0,0,0,1,0,3.172645955850428,775.0562058307664,3.172645955850428,43.96007995590438,8,1,0,402.3763277633559,0,0,0,0
1874,27115,231.5773224745098,0,0,0,0,0,0,0,1,0,3.15939711847195,776.9496392394094,3.15939711847195,31.57457247450966,1,1,0,1453.604152841666,0,0,0,0
1875,30949,251.2379487713611,0,0,0,0,0,0,0,1,0,3.073579161171308,751.8836330343537,3.073579161171308,51.06494877136125,8,1,0,194.204975512136,0,0,0,0
1876,30249,248.3056034365072,0,0,0,0,0,0,0,1,0,3.229067408705851,790.1574045379881,3.229067408705851,48.13260343650647,8,1,0,3150.377218984748,0,0,0,0
1877,27512,234.5066616452253,0,0,0,0,0,0,0,1,0,3.339279582788805,817.6401916851512,3.339279582788805,34.33366164522489,8,1,0,6038.098073117847,0,0,0,0
1878,29677,246.1735098250179,0,0,0,0,0,0,0,1,0,3.15599447717222,770.5578574201196,3.15599447717222,46.00050982501731,8,1,0,12.92691987720053,0,0,0,0
1879,30153,247.4094747752007,0,0,0,0,0,0,0,1,0,3.264880767511761,799.7561632389771,3.264880767511761,47.23647477520068,8,1,0,1108.590790518206,0,0,0,0
1880,31638,251.5752053376889,0,0,0,0,0,0,0,1,0,3.149956437341004,771.6922059797981,3.149956437341004,51.40220533768917,8,1,0,627.7783292876259,0,0,0,0
1881,19229,203.9854958910417,0,0,0,1,7,0,0,0,0,3.153169172847754,769.752886296146,3.153169172847754,-1,8,0,1,532.1743621958041,0,0,0,0
1882,25301,224.9680577419375,0,0,0,0,0,0,0,1,0,3.046986018052428,742.8731954915958,3.046986018052428,24.79505774193712,8,1,0,1226.285593862764,0,0,0,0
1883,23924,220.8380595396928,0,0,0,0,0,0,0,1,0,2.938283085533893,716.2344111449544,2.938283085533893,20.66505953969221,8,1,0,2993.351753618819,0,0,0,0
1884,29846,242.5824761968974,0,0,0,0,0,0,0,1,0,3.253201092330757,799.1881247991836,3.253201092330757,42.40947619689792,8,1,0,725.3496568322415,0,0,0,0
1885,28423,238.3352759308827,0,0,0,0,0,0,0,1,0,3.261044964367371,801.8862077528441,3.261044964367371,38.16227593088281,8,1,0,2469.042838233,0,0,0,0
1886,25447,225.6968052467195,0,0,0,0,0,0,0,1,0,3.370153224756815,830.2637875029918,3.370153224756815,25.69405524671995,1,1,0,340.718664731689,0,0,0,0
1887,27818,242.1563646021006,0,0,0,0,0,0,0,1,0,3.117255572591662,762.0552016853208,3.117255572591662,41.98336460210007,8,1,0,4077.623193981867,0,0,0,0
1888,30416,249.0868022925852,0,0,0,0,0,0,0,1,0,3.236105566349386,793.3727854133699,3.236105566349386,49.08405229257693,1,1,0,1315.416092309422,0,0,0,0
1889,29282,239.4158295565202,0,0,0,0,0,0,0,1,0,3.154126915948676,773.677778253248,3.154126915948676,39.41307955652022,1,1,0,321.7654602624389,0,0,0,0
1890,26031,228.6179642062086,0,0,0,0,0,0,0,1,0,3.183674517407511,778.5687774770432,3.183674517407511,28.44496420620812,8,1,0,657.0117497043224,0,0,0,0
1891,25282,221.7295458448021,0,0,0,0,0,0,0,1,0,3.349559034112367,824.7120311993285,3.349559034112367,21.55654584480227,8,1,0,1334.938166424123,0,0,0,0
1892,31487,251.8022176717204,0,0,0,0,0,0,0,1,0,3.293181998705162,808.1560078317639,3.293181998705162,51.79946767172053,1,1,0,3249.488970410502,0,0,0,0
1893,29262,246.3360951502129,0,0,0,0,0,0,0,1,0,3.215392786532757,786.9997384654681,3.215392786532757,46.16309515021304,8,1,0,689.1242733539144,0,0,0,0
1894,28387,242.5477992589423,0,0,0,0,0,0,0,1,0,3.299539953165116,811.4575913595098,3.299539953165116,42.54504925894248,1,1,0,1720.992719808522,0,0,0,0
1895,28578,241.9572635929322,0,0,0,0,0,0,0,1,0,3.097533328012451,757.1961085362104,3.097533328012451,41.78426359293242,8,1,0,3838.272083025927,0,0,0,0
1896,19869,213.3493703689479,0,0,0,2,14,0,0,0,0,3.171845682008936,777.1907276401822,3.171845682008936,-1,8,0,1,1249.955418709288,0,0,0,0
1897,28577,242.4209512262917,0,0,0,0,0,0,0,1,0,3.285123329719639,807.5260297880279,3.285123329719639,42.41820122629151,1,1,0,974.07766488379,0,0,0,0
1898,24606,223.3805790068291,0,0,0,0,0,0,0,1,0,3.187336244073127,781.2001578035213,3.187336244073127,23.207579006829,8,1,0,5594.543023076958,0,0,0,0
1899,19764,221.7823945613352,0,0,0,2,15,0,0,0,0,3.23233414266978,792.0514679421261,3.23233414266978,-1,8,0,1,557.6764676152554,0,0,0,0
1900,27049,233.8168922730998,0,0,0,0,0,0,0,1,0,3.314007048681163,814.499333216741,3.314007048681163,33.64389227309914,8,1,0,357.3867122721179,0,0,0,0
1901,20690,217.8967282181061,0,0,0,1,6,0,0,0,0,3.202660600165039,783.4393025557654,3.202660600165039,-1,8,0,1,362.0386877377869,0,0,0,0
1902,26450,228.1931863217566,0,0,0,0,0,0,0,1,0,3.128770351213176,767.8139256406778,3.128770351213176,28.02018632175594,8,1,0,2589.258933547435,0,0,0,0
1903,29658,248.2654760554038,0,0,0,0,0,0,0,1,0,3.286995036169474,804.8852635943083,3.286995036169474,48.09247605408419,8,1,0,1637.107428678481,0,0,0,0
1904,29001,242.8766955737756,0,0,0,0,0,0,0,1,0,3.239142529327347,792.0709276262818,3.239142529327347,42.70369557377634,8,1,0,1135.872484838222,0,0,0,0
1905,24611,223.1307172228701,0,0,0,0,0,0,0,1,0,3.163982154644826,775.8310260327343,3.163982154644826,22.95771722287033,8,1,0,1718.914175604349,0,0,0,0
1906,28886,246.2148763236617,0,0,0,0,0,0,0,1,0,3.262090680174424,800.6962170755737,3.262090680174424,46.04187632366955,8,1,0,768.3874770251219,0,0,0,0
1907,29812,247.5678419519449,0,0,0,0,0,0,0,1,0,3.33081982901326,817.8786898549754,3.33081982901326,47.39484195194461,8,1,0,1115.320869760871,0,0,0,0
1908,20080,213.8672043412452,0,0,0,2,16,0,0,0,0,3.288803821123774,808.4569364582076,3.288803821123774,-1,8,0,1,2265.927968579078,0,0,0,0
1909,31585,251.7049558730922,0,0,0,0,0,0,0,1,0,3.302337278209634,811.6694430181277,3.302337278209634,51.53195587309261,8,1,0,2197.287846201107,0,0,0,0
1910,26711,233.9682405876237,0,0,0,0,0,0,0,1,0,2.992272758559677,725.6065220071082,2.992272758559677,33.79524058762401,8,1,0,1030.145828812877,0,0,0,0
1911,27499,230.1152460402502,0,0,0,0,0,0,0,1,0,3.022222161364878,736.738543500122,3.022222161364878,29.94224604024936,8,1,0,449.3280004425798,0,0,0,0
1912,26015,228.3538053076828,0,0,0,0,0,0,0,1,0,3.236722378672189,795.3766669020233,3.236722378672189,28.18080530768333,8,1,0,52.94546863372682,0,0,0,0
1913,29074,241.1394979674147,0,0,0,0,0,0,0,1,0,3.257449158270487,801.4820180461502,3.257449158270487,41.13674796741454,1,1,0,2937.992170778701,0,0,0,0
1914,28531,239.7199400020233,0,0,0,0,0,0,0,1,0,3.29280304099518,808.2293116628172,3.29280304099518,39.71719000186067,1,1,0,2588.453181728338,0,0,0,0
1915,30081,251.0386374461634,0,0,0,0,0,0,0,1,0,3.053938477940918,747.5435958984641,3.053938477940918,51.03588744616354,1,1,0,2714.689209860283,0,0,0,0
1916,30924,250.4658889487052,0,0,0,0,0,0,0,1,0,3.254918109378454,800.5596779757103,3.254918109378454,50.29288894870499,8,1,0,1146.041206400022,0,0,0,0
1917,26524,231.640229293038,0,0,0,0,0,0,0,1,0,3.237807900779332,797.5698793928038,3.237807900779332,31.46722929303811,8,1,0,1292.395035449059,0,0,0,0
1918,27100,233.5708503113217,0,0,0,0,0,0,0,1,0,3.149584405015473,770.2643798065,3.149584405015473,33.39785031132106,8,1,0,784.3606438490746,0,0,0,0
1919,31630,253.4146827387423,0,0,0,0,0,0,0,1,0,3.320934499770161,816.4418892020079,3.320934499770161,53.24168273874178,8,1,0,3527.706609896723,0,0,0,0
1920,19896,207.1150321001035,0,0,0,1,7,0,0,0,0,3.212274280157497,788.6522376969036,3.212274280157497,-1,8,0,1,2920.191362338043,0,0,0,0
1921,20574,209.2068253317245,0,0,0,1,11,0,0,0,0,3.296377385754616,810.0011138680088,3.296377385754616,-1,8,0,1,2184.867850906669,0,0,0,0
1922,19715,216.9053691842046,0,0,0,3,23,0,0,0,0,3.083730632127017,751.6490066306875,3.083730632127017,-1,8,0,1,1433.787425542211,0,0,0,0
1923,25899,227.6101920360025,0,0,0,0,0,0,0,1,0,3.052727621393727,746.4143049587019,3.052727621393727,27.43719203600243,8,1,0,4143.877923460516,0,0,0,0
1924,20565,202.8110442564321,0,0,0,1,4,0,0,0,0,3.333691310263584,819.0954346625715,3.333691310263584,-1,8,0,1,645.1075145364739,0,0,0,0
1925,30619,248.9189075256448,0,0,0,0,0,0,0,1,0,3.268203614726536,803.9714742806873,3.268203614726536,48.91615752564449,1,1,0,281.6391735458307,0,0,0,0
1926,21967,211.306886513434,0,0,0,0,0,0,0,1,0,3.263967952392556,801.2165262837606,3.263967952392556,11.13388651343366,8,1,0,2122.233730499728,0,0,0,0
1927,29530,253.8275801543905,0,0,0,0,0,0,0,1,0,3.028990846190946,737.3042767267158,3.028990846190946,53.65458015465875,8,1,0,3052.769299918382,0,0,0,0
1928,27278,236.7333548062227,0,0,0,0,0,0,0,1,0,3.046894191963992,744.1067875821774,3.046894191963992,36.56035480622256,8,1,0,2951.215132179663,0,0,0,0
1929,19898,200.1730000000003,0,0,0,0,0,0,0,0,0,3.394203796836881,833.5310378750996,3.394203796836881,-1,8,1,0,11549.95423781526,0,0,0,0
1930,29741,244.7047201451916,0,0,0,0,0,0,0,1,0,3.218491208676027,790.0392617921652,3.218491208676027,44.53172014519225,8,1,0,25.25234656988136,0,0,0,0
1931,25442,227.3912281990703,0,0,0,0,0,0,0,1,0,3.227564589483343,792.3312266091498,3.227564589483343,27.21822819907032,8,1,0,528.0694291857894,0,0,0,0
1932,26727,231.3146485812407,0,0,0,0,0,0,0,1,0,3.272396816293749,802.8470018999928,3.272396816293749,31.14164858124105,8,1,0,2500.857401390757,0,0,0,0
1933,27995,233.1680046526155,0,0,0,0,0,0,0,1,0,3.333008567463394,817.2204975076215,3.333008567463394,32.995004652615,8,1,0,1719.5446144527,0,0,0,0
1934,20717,241.0872563880008,0,0,0,2,21,0,0,0,0,3.252438520484708,798.2546150546183,3.252438520484708,-1,8,0,1,328.7356153998597,0,0,0,0
1935,26368,233.1135866135467,0,0,0,0,0,0,0,1,0,3.082289587544458,754.5339149877302,3.082289587544458,33.11083661354652,1,1,0,7101.497520771387,0,0,0,0
1936,24812,223.2052067343697,0,0,0,0,0,0,0,1,0,3.210556866288668,788.2287536912625,3.210556866288668,23.20245673436963,1,1,0,2722.728654392203,0,0,0,0
1937,29726,245.1449574331669,0,0,0,0,0,0,0,1,0,3.361173943466851,826.414239427174,3.361173943466851,44.97195743316739,8,1,0,1654.657371827179,0,0,0,0
1938,27524,236.3455345285533,0,0,0,0,0,0,0,1,0,3.172363901606981,777.0723454141328,3.172363901606981,36.17253452855338,8,1,0,5475.808848156348,0,0,0,0
1939,29876,245.1709815667145,0,0,0,0,0,0,0,1,0,3.172728425996469,779.7316741028334,3.172728425996469,44.99798156671515,8,1,0,2782.204164970263,0,0,0,0
1940,28219,239.5896232376249,0,0,0,0,0,0,0,1,0,3.195141069033561,784.1349004909655,3.195141069033561,39.58687323762402,1,1,0,804.3781737145293,0,0,0,0
1941,28428,239.9833028787575,0,0,0,0,0,0,0,1,0,3.1662842348784,776.4895737984143,3.1662842348784,39.81030287875759,8,1,0,6211.45999522448,0,0,0,0
1942,29918,245.9859877196191,0,0,0,0,0,0,0,1,0,3.139054546956507,766.7867174094004,3.139054546956507,45.81298771961798,8,1,0,2163.36650320442,0,0,0,0
1943,30552,251.5429074674468,0,0,0,0,0,0,0,1,0,3.19912943575024,782.4988830503314,3.19912943575024,51.54015746744614,1,1,0,3845.654798659516,0,0,0,0
1944,24755,224.9630271148788,0,0,0,0,0,0,0,1,0,3.307539098877223,812.3972899586146,3.307539098877223,24.79002711487789,8,1,0,1477.344851846035,0,0,0,0
1945,29291,248.8347808109017,0,0,0,0,0,0,0,1,0,3.196727573538627,784.3119576096409,3.196727573538627,48.66178081090504,8,1,0,1021.885776265247,0,0,0,0
1946,27392,238.0837536390102,0,0,0,0,0,0,0,1,0,3.185204194181615,779.9465455945918,3.185204194181615,38.08100363900945,1,1,0,634.0613038341381,0,0,0,0
1947,30907,248.0969816812289,0,0,0,0,0,0,0,1,0,3.350526020211833,822.4595926491187,3.350526020211833,47.92398168122853,8,1,0,6750.603853493851,0,0,0,0
1948,31008,251.0298591207578,0,0,0,0,0,0,0,1,0,3.153212631129939,770.4363129478987,3.153212631129939,50.85685912075729,8,1,0,969.6966111610924,0,0,0,0
1949,29851,246.4108034470638,0,0,0,0,0,0,0,1,0,3.189359671058016,782.148231991198,3.189359671058016,46.23780344706314,8,1,0,30.33272464173114,0,0,0,0
1950,21111,207.5669145459852,0,0,0,0,0,0,0,1,0,3.203613162126792,785.9798674779744,3.203613162126792,7.564164545985188,1,1,0,4631.546337472756,0,0,0,0
1951,30265,249.3037485604069,0,0,0,0,0,0,0,1,0,3.266807821636767,801.8591238918004,3.266807821636767,49.13074856040708,8,1,0,1334.43453989308,0,0,0,0
1952,25105,224.5873955184519,0,0,0,0,0,0,0,1,0,3.376331368162332,828.8731845702604,3.376331368162332,24.41439551845157,8,1,0,5123.872482070288,0,0,0,0
1953,28250,236.9357867457273,0,0,0,0,0,0,0,1,0,3.317072996360483,813.2812739483361,3.317072996360483,36.76278674572799,8,1,0,4436.43716877514,0,0,0,0
1954,28853,244.2911914449204,0,0,0,0,0,0,0,1,0,3.142085052137866,769.1783259035055,3.142085052137866,44.2884414449194,1,1,0,2222.224075993895,0,0,0,0
1955,25705,227.7923647025802,0,0,0,0,0,0,0,1,0,3.245391680679597,800.6777460120763,3.245391680679597,27.78961470258009,1,1,0,4577.664215027714,0,0,0,0
1956,27595,239.7555867041364,0,0,0,0,0,0,0,1,0,3.186198649117973,780.7630620034066,3.186198649117973,39.58258670412553,8,1,0,4429.988288897698,0,0,0,0
1957,29866,246.9745992973389,0,0,0,0,0,0,0,1,0,3.31391544078555,811.1295261788142,3.31391544078555,46.80159929733867,8,1,0,1462.601955413604,0,0,0,0
1958,21993,211.2091867985035,0,0,0,0,0,0,0,1,0,3.154392190397799,772.0281391333132,3.154392190397799,11.03618679850331,8,1,0,2599.534229825606,0,0,0,0
1959,22574,212.73259239185,0,0,0,0,0,0,0,1,0,3.228835868227827,792.6208228059453,3.228835868227827,12.72984239185055,1,1,0,1350.297085911924,0,0,0,0
1960,20966,212.674059516516,0,0,0,2,6,0,0,0,0,3.303361949886932,808.438675604798,3.303361949886932,-1,8,0,1,859.7540510765413,0,0,0,0
1961,28618,244.4342573847439,0,0,0,0,0,0,0,1,0,3.200421497954877,786.3629243470393,3.200421497954877,44.26125738474365,8,1,0,128.364890288893,0,0,0,0
1962,23130,217.9166338202826,0,0,0,0,0,0,0,1,0,3.176284614142078,776.9412364346005,3.176284614142078,17.74363382028282,8,1,0,1285.145638453075,0,0,0,0
1963,30928,250.6722440257667,0,0,0,0,0,0,0,1,0,3.181399950075764,778.9548591885756,3.181399950075764,50.49924402576637,8,1,0,2658.651499791386,0,0,0,0
1964,26953,233.7915741215975,0,0,0,0,0,0,0,1,0,3.108554917398758,758.0549157369881,3.108554917398758,33.61857412159715,8,1,0,1953.521742523571,0,0,0,0
1965,28175,239.786323232788,0,0,0,0,0,0,0,1,0,3.268102577538453,800.8087123392144,3.268102577538453,39.78357323266984,1,1,0,1702.388456545625,0,0,0,0
1966,20142,218.6979124614454,0,0,0,2,22,0,0,0,0,3.168966021817295,776.8843673313712,3.168966021817295,-1,8,0,1,2132.690794942428,0,0,0,0
1967,30215,251.419541977481,0,0,0,0,0,0,0,1,0,3.335313499706599,818.2543471789078,3.335313499706599,51.24654197748072,8,1,0,530.4195793288404,0,0,0,0
1968,25283,224.5142951101505,0,0,0,0,0,0,0,1,0,3.194460080856147,785.5557552990969,3.194460080856147,24.34129511015029,8,1,0,2941.662835763635,0,0,0,0
1969,30134,248.0979554059415,0,0,0,0,0,0,0,1,0,3.220392417574074,788.7202780551239,3.220392417574074,48.09520540594196,1,1,0,1903.601241560745,0,0,0,0
1970,30243,243.2597042366806,0,0,0,0,0,0,0,1,0,3.255224161094646,800.4682927633993,3.255224161094646,43.25695423668047,1,1,0,6046.645140074053,0,0,0,0
1971,27017,238.7848606667467,0,0,0,0,0,0,0,1,0,3.225085467675262,792.4007460690744,3.225085467675262,38.78211066674798,1,1,0,559.912054205205,0,0,0,0
1972,25620,227.2618408336645,0,0,0,0,0,0,0,1,0,3.277969447558752,802.8639493862255,3.277969447558752,27.2590908336637,1,1,0,589.1692836804302,0,0,0,0
1973,26525,230.2463055256636,0,0,0,0,0,0,0,1,0,3.220523382237183,790.9089198382079,3.220523382237183,30.07330552566295,8,1,0,1749.538863836731,0,0,0,0
1974,25505,229.4055199463599,0,0,0,0,0,0,0,1,0,3.304081113646354,811.6303595257799,3.304081113646354,29.23251994636005,8,1,0,1755.383507002834,0,0,0,0
1975,24489,221.4794063385198,0,0,0,0,0,0,0,1,0,3.254187106551098,799.9627808548209,3.254187106551098,21.30640633852053,8,1,0,229.5600917903074,0,0,0,0
1976,30619,245.1079590231423,0,0,0,0,0,0,0,1,0,3.197023404966727,787.4807902950481,3.197023404966727,45.1052090231427,1,1,0,3462.970916680917,0,0,0,0
1977,19394,226.4603245127259,0,0,0,3,18,0,0,0,0,3.070328542495498,750.0130362881984,3.070328542495498,-1,8,0,1,2996.625165309357,0,0,0,0
1978,31490,250.4809755032718,0,0,0,0,0,0,0,1,0,3.242761013631645,796.2570401057488,3.242761013631645,50.30797550327125,8,1,0,403.4298298066051,0,0,0,0
1979,29038,242.5447234513658,0,0,0,0,0,0,0,1,0,3.190393126157498,780.98671059488,3.190393126157498,42.37172345136509,8,1,0,24.39052184476407,0,0,0,0
1980,25987,230.5654261663141,0,0,0,0,0,0,0,1,0,3.222845101988505,790.9533174341934,3.222845101988505,30.5626761663146,1,1,0,315.63184853286,0,0,0,0
1981,22467,216.1900616976137,0,0,0,0,0,0,0,1,0,3.147162257744349,769.658476478369,3.147162257744349,16.01706169761453,8,1,0,650.7740506743073,0,0,0,0
1982,30115,247.3433994095911,0,0,0,0,0,0,0,1,0,3.156240527692258,772.0963990575015,3.156240527692258,47.17039940959157,8,1,0,1586.44505828779,0,0,0,0
1983,23888,216.5722029002824,0,0,0,0,0,0,0,1,0,3.38567005177494,831.7556734935798,3.38567005177494,16.56945290028215,1,1,0,1756.22664919267,0,0,0,0
1984,30131,246.6840607526958,0,0,0,0,0,0,0,1,0,3.25942703800938,796.9960751738487,3.25942703800938,46.51106075269507,8,1,0,2961.570141066413,0,0,0,0
1985,30375,248.0388911421964,0,0,0,0,0,0,0,1,0,3.218003251420579,789.5551770187423,3.218003251420579,48.03614114216012,1,1,0,4317.240132460368,0,0,0,0
1986,29444,242.9047618261812,0,0,0,0,0,0,0,1,0,3.203172169056264,786.7326618389347,3.203172169056264,42.90201182618203,1,1,0,1977.524909615584,0,0,0,0
1987,27919,237.255021200228,0,0,0,0,0,0,0,1,0,3.105731417585798,755.2517106641641,3.105731417585798,37.08202120022755,8,1,0,466.356534685078,0,0,0,0
1988,31606,250.9592312222912,0,0,0,0,0,0,0,1,0,3.316526232822752,813.1728703920296,3.316526232822752,50.78623122229028,8,1,0,6137.647878985833,0,0,0,0
1989,30807,251.4352781671247,0,0,0,0,0,0,0,1,0,3.287762180398941,806.4469572202497,3.287762180398941,51.26227816712464,8,1,0,4938.709196471443,0,0,0,0
1990,27443,233.5698222643452,0,0,0,0,0,0,0,1,0,3.24520181593111,796.4083208176164,3.24520181593111,33.39682226433922,8,1,0,4233.106707393288,0,0,0,0
1991,29688,245.0024056550083,0,0,0,0,0,0,0,1,0,3.070894084901095,748.2003421412273,3.070894084901095,44.99965565500887,1,1,0,3278.269745479819,0,0,0,0
1992,22726,248.4653037058432,0,0,0,4,11,0,0,0,0,3.21631320027489,790.4189124355615,3.21631320027489,-1,8,0,1,1346.648000408021,0,0,0,0
1993,24665,221.0973846450452,0,0,0,0,0,0,0,1,0,3.238110836239885,796.4014930800452,3.238110836239885,20.92438464504447,8,1,0,13.49084937336815,0,0,0,0
1994,29566,241.0078225721413,0,0,0,0,0,0,0,1,0,3.190985828087452,780.3872871188336,3.190985828087452,41.00507257214191,1,1,0,2827.870091682872,0,0,0,0
1995,31071,251.1947904412733,0,0,0,0,0,0,0,1,0,3.257971970115131,800.9256770934912,3.257971970115131,51.02179044127281,8,1,0,722.5535902668864,0,0,0,0
1996,19816,219.9194710353327,0,0,0,1,9,0,0,0,0,3.270577335711592,803.9241138630134,3.270577335711592,-1,8,0,1,6566.169437038388,0,0,0,0
1997,28894,244.7014407177278,0,0,0,0,0,0,0,1,0,3.148486733710272,771.7000413291025,3.148486733710272,44.69869071787389,1,1,0,1821.637375407627,0,0,0,0
1998,21502,206.5008619933676,0,0,0,0,0,0,0,1,0,3.139954613981339,767.9582925589493,3.139954613981339,6.327861993366787,8,1,0,494.8926112198227,0,0,0,0
1999,30484,247.7914596982532,0,0,0,0,0,0,0,1,0,3.247744703597149,794.3788263954463,3.247744703597149,47.61845969825288,8,1,0,2344.56595984978,0,0,0,0
