event,photons,edep_MeV,gamma_nuclear,electron_nuclear,muon_nuclear,neutrons,protons,charged_pions,secondary_muons,primary_decay_e,primary_nuclear,primary_death_ns,primary_range_mm,primary_stop_ns,primary_decay_e_ke_MeV
0,500,10.09198563719466,0,0,0,1,5,0,0,0,0,0.0002083067452727944,8.591857681233457e-06,0.0002083067452727944,-1
1,8926,38.51469403667262,0,0,0,0,0,0,0,1,0,0.0002083067452727944,8.591857681233457e-06,0.0002083067452727944,38.51194303667259
2,829,13.14535798371698,0,0,0,2,19,0,0,0,0,0.0002083067452727944,8.591857681233457e-06,0.0002083067452727944,-1
3,0,0.002751,0,0,0,0,0,0,0,0,0,0.0002083067452727944,8.591857681233457e-06,0.0002083067452727944,-1
4,9803,44.55491610343445,0,0,0,0,0,0,0,1,0,0.0002083067452727944,8.591857681233457e-06,0.0002083067452727944,44.5521651034345
5,11776,51.44128621071874,0,0,0,0,0,0,0,1,0,0.0002083067452727944,8.591857681233457e-06,0.0002083067452727944,51.26828521071874
6,6097,28.30477591308247,0,0,0,0,0,0,0,1,0,0.0002083067452727944,8.591857681233457e-06,0.0002083067452727944,28.13177491308249
7,9853,42.7195454027547,0,0,0,0,0,0,0,1,0,0.0002083067452727944,8.591857681233457e-06,0.0002083067452727944,42.71679440275462
8,7664,36.18545588724559,0,0,0,0,0,0,0,1,0,0.0002083067452727944,8.591857681233457e-06,0.0002083067452727944,36.18270488724561
9,10815,46.45986743335463,0,0,0,0,0,0,0,1,0,0.0002083067452727944,8.591857681233457e-06,0.0002083067452727944,46.45711643335457
10,763,7.636211765519742,0,0,0,1,11,0,0,0,0,0.0002083067452727944,8.591857681233457e-06,0.0002083067452727944,-1
11,8921,41.37751318816836,0,0,0,0,0,0,0,1,0,0.0002083067452727944,8.591857681233457e-06,0.0002083067452727944,41.20451218816829
12,10137,41.45820406035558,0,0,0,0,0,0,0,1,0,0.0002083067452727944,8.591857681233457e-06,0.0002083067452727944,41.28520306035556
13,9772,46.60045063281955,0,0,0,0,0,0,0,1,0,0.0002083067452727944,8.591857681233457e-06,0.0002083067452727944,46.59769963281956
14,4125,21.00602576711923,0,0,0,0,0,0,0,1,0,0.0002083067452727944,8.591857681233457e-06,0.0002083067452727944,20.83302476711923
15,5211,22.59828284963383,0,0,0,0,0,0,0,1,0,0.0002083067452727944,8.591857681233457e-06,0.0002083067452727944,22.42528184963382
16,5627,28.56947657013618,0,0,0,0,0,0,0,1,0,0.0002083067452727944,8.591857681233457e-06,0.0002083067452727944,28.56672557013615
17,9785,51.21929668212475,0,0,0,0,0,0,0,1,0,0.0002083067452727944,8.591857681233457e-06,0.0002083067452727944,51.21654568212448
18,10861,48.36967442841609,0,0,0,0,0,0,0,1,0,0.0002083067452727944,8.591857681233457e-06,0.0002083067452727944,48.36692342841604
19,9898,43.91576524930268,0,0,0,0,0,0,0,1,0,0.0002083067452727944,8.591857681233457e-06,0.0002083067452727944,43.91301424930265
20,10149,47.29614386578766,0,0,0,0,0,0,0,1,0,0.0002083067452727944,8.591857681233457e-06,0.0002083067452727944,47.29339286578762
21,6400,28.08135747266763,0,0,0,0,0,0,0,1,0,0.0002083067452727944,8.591857681233457e-06,0.0002083067452727944,27.90835647266761
22,8439,38.08055895233494,0,0,0,0,0,0,0,1,0,0.0002083067452727944,8.591857681233457e-06,0.0002083067452727944,37.90755795233843
23,8673,41.09181719008046,0,0,0,0,0,0,0,1,0,0.0002083067452727944,8.591857681233457e-06,0.0002083067452727944,41.08906619008038
24,9009,39.20370463387816,0,0,0,0,0,0,0,1,0,0.0002083067452727944,8.591857681233457e-06,0.0002083067452727944,39.03070363387811
25,4077,16.95503104097106,0,0,0,0,0,0,0,1,0,0.0002083067452727944,8.591857681233457e-06,0.0002083067452727944,16.95228004097105
26,9836,46.36762657572898,0,0,0,0,0,0,0,1,0,0.0002083067452727944,8.591857681233457e-06,0.0002083067452727944,46.19462557572894
27,7459,37.24405633059598,0,0,0,0,0,0,0,1,0,0.0002083067452727944,8.591857681233457e-06,0.0002083067452727944,37.07105533059599
28,7528,32.23264041042492,0,0,0,0,0,0,0,1,0,0.0002083067452727944,8.591857681233457e-06,0.0002083067452727944,32.22988941042493
29,511,8.205354432768793,0,0,0,2,14,0,0,0,0,0.0002083067452727944,8.591857681233457e-06,0.0002083067452727944,-1
30,455,19.13546992806588,0,0,0,1,6,0,0,0,0,0.0002083067452727944,8.591857681233457e-06,0.0002083067452727944,-1
31,11472,52.65054181006222,0,0,0,0,0,0,0,1,0,0.0002083067452727944,8.591857681233457e-06,0.0002083067452727944,52.47754081006209
32,7745,34.36313066666799,0,0,0,0,0,0,0,1,0,0.0002083067452727944,8.591857681233457e-06,0.0002083067452727944,34.36037966666797
33,9,17.47670271377828,0,0,0,1,11,0,0,0,0,0.0002083067452727944,8.591857681233457e-06,0.0002083067452727944,-1
34,7676,35.89091711167765,0,0,0,0,0,0,0,1,0,0.0002083067452727944,8.591857681233457e-06,0.0002083067452727944,35.71791611167765
35,11082,49.14481735099479,0,0,0,0,0,0,0,1,0,0.0002083067452727944,8.591857681233457e-06,0.0002083067452727944,48.97181635099476
36,7217,34.78904536843987,0,0,0,0,0,0,0,1,0,0.0002083067452727944,8.591857681233457e-06,0.0002083067452727944,34.61604436843989
37,13326,54.0693976302036,0,0,0,0,0,0,0,1,0,0.0002083067452727944,8.591857681233457e-06,0.0002083067452727944,53.89639663020366
38,7285,34.49423580727258,0,0,0,0,0,0,0,1,0,0.0002083067452727944,8.591857681233457e-06,0.0002083067452727944,34.32123480727255
39,10266,47.00085573351406,0,0,0,0,0,0,0,1,0,0.0002083067452727944,8.591857681233457e-06,0.0002083067452727944,46.82785473351404
40,8976,42.90538796158408,0,0,0,0,0,0,0,1,0,0.0002083067452727944,8.591857681233457e-06,0.0002083067452727944,42.73238696157502
41,7399,33.19902629744207,0,0,0,0,0,0,0,1,0,0.0002083067452727944,8.591857681233457e-06,0.0002083067452727944,33.02602529744203
42,8871,38.29711113094065,0,0,0,0,0,0,0,1,0,0.0002083067452727944,8.591857681233457e-06,0.0002083067452727944,38.29436013094062
43,9549,43.21250129139488,0,0,0,0,0,0,0,1,0,0.0002083067452727944,8.591857681233457e-06,0.0002083067452727944,43.20975029135121
44,6166,29.24701638584865,0,0,0,0,0,0,0,1,0,0.0002083067452727944,8.591857681233457e-06,0.0002083067452727944,29.07401538584865
45,0,0.8614337786360985,0,0,0,1,4,0,0,0,0,0.0002083067452727944,8.591857681233457e-06,0.0002083067452727944,-1
46,8052,36.72330282398124,0,0,0,0,0,0,0,1,0,0.0002083067452727944,8.591857681233457e-06,0.0002083067452727944,36.55030182398118
47,9136,42.86925248728731,0,0,0,0,0,0,0,1,0,0.0002083067452727944,8.591857681233457e-06,0.0002083067452727944,42.69625148710418
48,5166,23.81621859131439,0,0,0,0,0,0,0,1,0,0.0002083067452727944,8.591857681233457e-06,0.0002083067452727944,23.64321759131437
49,6356,29.6916814831354,0,0,0,0,0,0,0,1,0,0.0002083067452727944,8.591857681233457e-06,0.0002083067452727944,29.68893048313535
50,9197,40.9151358268201,0,0,0,0,0,0,0,1,0,0.0002083067452727944,8.591857681233457e-06,0.0002083067452727944,40.74213482682008
51,4307,20.11029629693409,0,0,0,0,0,0,0,1,0,0.0002083067452727944,8.591857681233457e-06,0.0002083067452727944,19.93729529693408
52,1622,13.03589217954351,0,0,0,1,6,0,0,0,0,0.0002083067452727944,8.591857681233457e-06,0.0002083067452727944,-1
53,6499,28.23653397353495,0,0,0,0,0,0,0,1,0,0.0002083067452727944,8.591857681233457e-06,0.0002083067452727944,28.06353297353492
54,10165,46.38117241062749,0,0,0,0,0,0,0,1,0,0.0002083067452727944,8.591857681233457e-06,0.0002083067452727944,46.37842141062744
55,5989,27.82489510501967,0,0,0,0,0,0,0,1,0,0.0002083067452727944,8.591857681233457e-06,0.0002083067452727944,27.65189410501966
56,5734,24.14359878412937,0,0,0,0,0,0,0,1,0,0.0002083067452727944,8.591857681233457e-06,0.0002083067452727944,24.14084778412938
57,8382,37.42808190761372,0,0,0,0,0,0,0,1,0,0.0002083067452727944,8.591857681233457e-06,0.0002083067452727944,37.42533090761369
58,9965,43.26739498113152,0,0,0,0,0,0,0,1,0,0.0002083067452727944,8.591857681233457e-06,0.0002083067452727944,43.26464398113151
59,11332,51.44860139684847,0,0,0,0,0,0,0,1,0,0.0002083067452727944,8.591857681233457e-06,0.0002083067452727944,51.27560039684846
60,8981,44.73332450018392,0,0,0,0,0,0,0,1,0,0.0002083067452727944,8.591857681233457e-06,0.0002083067452727944,44.73057350018382
61,6539,32.31307744897437,0,0,0,0,0,0,0,1,0,0.0002083067452727944,8.591857681233457e-06,0.0002083067452727944,32.1400764489744
62,9289,43.78084628465311,0,0,0,0,0,0,0,1,0,0.0002083067452727944,8.591857681233457e-06,0.0002083067452727944,43.77809528465309
63,7287,35.20769848102825,0,0,0,0,0,0,0,1,0,0.0002083067452727944,8.591857681233457e-06,0.0002083067452727944,35.20494748102821
64,9799,41.56472610274484,0,0,0,0,0,0,0,1,0,0.0002083067452727944,8.591857681233457e-06,0.0002083067452727944,41.39172510274481
65,1260,11.12901565959608,0,0,0,2,15,0,0,0,0,0.0002083067452727944,8.591857681233457e-06,0.0002083067452727944,-1
66,9421,43.9464570399472,0,0,0,0,0,0,0,1,0,0.0002083067452727944,8.591857681233457e-06,0.0002083067452727944,43.77345603994715
67,4953,23.42413185106588,0,0,0,0,0,0,0,1,0,0.0002083067452727944,8.591857681233457e-06,0.0002083067452727944,23.25113085106586
68,113,22.42504263227441,0,0,0,1,10,0,0,0,0,0.0002083067452727944,8.591857681233457e-06,0.0002083067452727944,-1
69,10262,47.2097478804299,0,0,0,0,0,0,0,1,0,0.0002083067452727944,8.591857681233457e-06,0.0002083067452727944,47.03674688042993
70,9393,43.65746055316016,0,0,0,0,0,0,0,1,0,0.0002083067452727944,8.591857681233457e-06,0.0002083067452727944,43.48445955316024
71,0,0.5962547996829906,0,0,0,1,1,0,0,0,0,0.0002083067452727944,8.591857681233457e-06,0.0002083067452727944,-1
72,0,0.002751,0,0,0,0,0,0,0,0,0,0.0002083067452727944,8.591857681233457e-06,0.0002083067452727944,-1
73,980,4.600816409493234,0,0,0,0,0,0,0,1,0,0.0002083067452727944,8.591857681233457e-06,0.0002083067452727944,4.598065409493228
74,0,5.219601903377008,0,0,0,1,8,0,0,0,0,0.0002083067452727944,8.591857681233457e-06,0.0002083067452727944,-1
75,1509,30.21685454915134,0,0,0,4,24,0,0,0,0,0.0002083067452727944,8.591857681233457e-06,0.0002083067452727944,-1
76,1219,26.96021465521293,0,0,0,1,6,0,0,0,0,0.0002083067452727944,8.591857681233457e-06,0.0002083067452727944,-1
77,10025,48.56218016291844,0,0,0,0,0,0,0,1,0,0.0002083067452727944,8.591857681233457e-06,0.0002083067452727944,48.38917916291849
78,10617,43.69954319049273,0,0,0,0,0,0,0,1,0,0.0002083067452727944,8.591857681233457e-06,0.0002083067452727944,43.69679219049275
79,9522,43.00996690185483,0,0,0,0,0,0,0,1,0,0.0002083067452727944,8.591857681233457e-06,0.0002083067452727944,42.83696590185481
80,6926,32.98071634581323,0,0,0,0,0,0,0,1,0,0.0002083067452727944,8.591857681233457e-06,0.0002083067452727944,32.97796534581326
81,7097,34.66017866621419,0,0,0,0,0,0,0,1,0,0.0002083067452727944,8.591857681233457e-06,0.0002083067452727944,34.4871776666376
82,6954,30.55147744529376,0,0,0,0,0,0,0,1,0,0.0002083067452727944,8.591857681233457e-06,0.0002083067452727944,30.37847644529375
83,10440,45.58142657734397,0,0,0,0,0,0,0,1,0,0.0002083067452727944,8.591857681233457e-06,0.0002083067452727944,45.40842557734388
84,9325,42.50989347789601,0,0,0,0,0,0,0,1,0,0.0002083067452727944,8.591857681233457e-06,0.0002083067452727944,42.50714247789583
85,2,9.492124423509273,0,0,0,2,17,0,0,0,0,0.0002083067452727944,8.591857681233457e-06,0.0002083067452727944,-1
86,4739,22.39659388087412,0,0,0,0,0,0,0,1,0,0.0002083067452727944,8.591857681233457e-06,0.0002083067452727944,22.39384288087409
87,9090,41.38507271770653,0,0,0,0,0,0,0,1,0,0.0002083067452727944,8.591857681233457e-06,0.0002083067452727944,41.38232171771481
88,10266,46.20049031519788,0,0,0,0,0,0,0,1,0,0.0002083067452727944,8.591857681233457e-06,0.0002083067452727944,46.02748931519789
89,7945,36.60327327829242,0,0,0,0,0,0,0,1,0,0.0002083067452727944,8.591857681233457e-06,0.0002083067452727944,36.43027227829217
90,643,7.151129612788696,0,0,0,1,7,0,0,0,0,0.0002083067452727944,8.591857681233457e-06,0.0002083067452727944,-1
91,11103,52.37907919385372,0,0,0,0,0,0,0,1,0,0.0002083067452727944,8.591857681233457e-06,0.0002083067452727944,52.20607819385369
92,9962,43.76510380369945,0,0,0,0,0,0,0,1,0,0.0002083067452727944,8.591857681233457e-06,0.0002083067452727944,43.59210280369938
93,1,8.798614237030922,0,0,0,2,11,0,0,0,0,0.0002083067452727944,8.591857681233457e-06,0.0002083067452727944,-1
94,8373,40.9194520463745,0,0,0,0,0,0,0,1,0,0.0002083067452727944,8.591857681233457e-06,0.0002083067452727944,40.74645104637512
95,12127,51.88749889109216,0,0,0,0,0,0,0,1,0,0.0002083067452727944,8.591857681233457e-06,0.0002083067452727944,51.8847478910921
96,5683,23.74406525188987,0,0,0,0,0,0,0,1,0,0.0002083067452727944,8.591857681233457e-06,0.0002083067452727944,23.57106425188987
97,7792,32.91839992428008,0,0,0,0,0,0,0,1,0,0.0002083067452727944,8.591857681233457e-06,0.0002083067452727944,32.91564892428008
98,91,2.319974187777802,0,0,0,0,0,0,0,0,0,0.0002083067452727944,8.591857681233457e-06,0.0002083067452727944,-1
99,2054,20.28722125989584,0,0,0,2,9,0,0,0,0,0.0002083067452727944,8.591857681233457e-06,0.0002083067452727944,-1
100,5580,26.05321697897049,0,0,0,0,0,0,0,1,0,0.0002083067452727944,8.591857681233457e-06,0.0002083067452727944,25.88021597897044
101,765,13.69269567780623,0,0,0,2,19,0,0,0,0,0.0002083067452727944,8.591857681233457e-06,0.0002083067452727944,-1
102,9285,45.70464297076973,0,0,0,0,0,0,0,1,0,0.0002083067452727944,8.591857681233457e-06,0.0002083067452727944,45.70189197079883
103,10418,45.81621155576262,0,0,0,0,0,0,0,1,0,0.0002083067452727944,8.591857681233457e-06,0.0002083067452727944,45.64321055576262
104,5203,25.05901598233767,0,0,0,0,0,0,0,1,0,0.0002083067452727944,8.591857681233457e-06,0.0002083067452727944,25.05626498225221
105,7269,30.70722818524462,0,0,0,0,0,0,0,1,0,0.0002083067452727944,8.591857681233457e-06,0.0002083067452727944,30.53422718524464
106,3292,14.3892594717303,0,0,0,0,0,0,0,1,0,0.0002083067452727944,8.591857681233457e-06,0.0002083067452727944,14.38650847173031
107,9301,41.38367253780134,0,0,0,0,0,0,0,1,0,0.0002083067452727944,8.591857681233457e-06,0.0002083067452727944,41.21067153780127
108,7830,37.59535959280879,0,0,0,0,0,0,0,1,0,0.0002083067452727944,8.591857681233457e-06,0.0002083067452727944,37.59260859280872
109,4294,16.6745103581601,0,0,0,0,0,0,0,1,0,0.0002083067452727944,8.591857681233457e-06,0.0002083067452727944,16.50150935816011
110,8928,38.76849188266877,0,0,0,0,0,0,0,1,0,0.0002083067452727944,8.591857681233457e-06,0.0002083067452727944,38.59549088266874
111,8480,38.68956673302694,0,0,0,0,0,0,0,1,0,0.0002083067452727944,8.591857681233457e-06,0.0002083067452727944,38.51656573305834
112,10492,43.52928919455137,0,0,0,0,0,0,0,1,0,0.0002083067452727944,8.591857681233457e-06,0.0002083067452727944,43.52653819455141
113,7030,28.17476584593988,0,0,0,0,0,0,0,1,0,0.0002083067452727944,8.591857681233457e-06,0.0002083067452727944,28.00176484593992
114,11345,48.64078142746709,0,0,0,0,0,0,0,1,0,0.0002083067452727944,8.591857681233457e-06,0.0002083067452727944,48.46778042746708
115,4510,18.45155324325412,0,0,0,0,0,0,0,1,0,0.0002083067452727944,8.591857681233457e-06,0.0002083067452727944,18.27855224325413
116,11114,49.25279459099117,0,0,0,0,0,0,0,1,0,0.0002083067452727944,8.591857681233457e-06,0.0002083067452727944,49.07979359094271
117,1870,9.026723558364992,0,0,0,0,0,0,0,1,0,0.0002083067452727944,8.591857681233457e-06,0.0002083067452727944,9.023972558364989
118,7442,33.8537480472331,0,0,0,0,0,0,0,1,0,0.0002083067452727944,8.591857681233457e-06,0.0002083067452727944,33.68074704723313
119,0,0.002751,0,0,0,0,0,0,0,0,0,0.0002083067452727944,8.591857681233457e-06,0.0002083067452727944,-1
120,3075,13.25008016934475,0,0,0,0,0,0,0,1,0,0.0002083067452727944,8.591857681233457e-06,0.0002083067452727944,13.24732916934475
121,10503,46.10623707800757,0,0,0,0,0,0,0,1,0,0.0002083067452727944,8.591857681233457e-06,0.0002083067452727944,45.93323607800755
122,400,6.473018417507642,0,0,0,1,6,0,0,0,0,0.0002083067452727944,8.591857681233457e-06,0.0002083067452727944,-1
123,7530,34.85884576786569,0,0,0,0,0,0,0,1,0,0.0002083067452727944,8.591857681233457e-06,0.0002083067452727944,34.85609476786568
124,1042,11.84018232747166,0,0,0,1,7,0,0,0,0,0.0002083067452727944,8.591857681233457e-06,0.0002083067452727944,-1
125,5882,27.61673963471087,0,0,0,0,0,0,0,1,0,0.0002083067452727944,8.591857681233457e-06,0.0002083067452727944,27.6139886347109
126,3476,14.8131624286664,0,0,0,0,0,0,0,1,0,0.0002083067452727944,8.591857681233457e-06,0.0002083067452727944,14.8104114286664
127,10945,46.68947961718649,0,0,0,0,0,0,0,1,0,0.0002083067452727944,8.591857681233457e-06,0.0002083067452727944,46.6867286171864
128,5292,21.22475514581584,0,0,0,0,0,0,0,1,0,0.0002083067452727944,8.591857681233457e-06,0.0002083067452727944,21.05175414581585
129,0,1.249258507414298,0,0,0,1,4,0,0,0,0,0.0002083067452727944,8.591857681233457e-06,0.0002083067452727944,-1
130,6366,28.42362131266017,0,0,0,0,0,0,0,1,0,0.0002083067452727944,8.591857681233457e-06,0.0002083067452727944,28.25062031266016
131,4834,21.75821561983156,0,0,0,0,0,0,0,1,0,0.0002083067452727944,8.591857681233457e-06,0.0002083067452727944,21.75546461983159
132,561,43.35000900374093,0,0,0,4,31,0,0,0,0,0.0002083067452727944,8.591857681233457e-06,0.0002083067452727944,-1
133,11458,50.67902472092054,0,0,0,0,0,0,0,1,0,0.0002083067452727944,8.591857681233457e-06,0.0002083067452727944,50.5060237209205
134,9009,41.44905527220608,0,0,0,0,0,0,0,1,0,0.0002083067452727944,8.591857681233457e-06,0.0002083067452727944,41.2760542722061
135,7073,34.61869241180887,0,0,0,0,0,0,0,1,0,0.0002083067452727944,8.591857681233457e-06,0.0002083067452727944,34.61594141180892
136,10041,47.36620689137894,0,0,0,0,0,0,0,1,0,0.0002083067452727944,8.591857681233457e-06,0.0002083067452727944,47.19320589137897
137,5819,26.25516691280232,0,0,0,0,0,0,0,1,0,0.0002083067452727944,8.591857681233457e-06,0.0002083067452727944,26.08216591280231
138,0,26.54158685957652,0,0,0,3,20,0,0,0,0,0.0002083067452727944,8.591857681233457e-06,0.0002083067452727944,-1
139,7586,33.98117410205638,0,0,0,0,0,0,0,1,0,0.0002083067452727944,8.591857681233457e-06,0.0002083067452727944,33.80817310205639
140,11609,48.61429781787059,0,0,0,0,0,0,0,1,0,0.0002083067452727944,8.591857681233457e-06,0.0002083067452727944,48.44129681787056
141,10844,49.03335032051319,0,0,0,0,0,0,0,1,0,0.0002083067452727944,8.591857681233457e-06,0.0002083067452727944,49.03059932051324
142,6073,27.53141661562615,0,0,0,0,0,0,0,1,0,0.0002083067452727944,8.591857681233457e-06,0.0002083067452727944,27.52866561562615
143,10032,44.04861112543947,0,0,0,0,0,0,0,1,0,0.0002083067452727944,8.591857681233457e-06,0.0002083067452727944,43.8756101254394
144,7068,35.60972061239296,0,0,0,0,0,0,0,1,0,0.0002083067452727944,8.591857681233457e-06,0.0002083067452727944,35.60696961239072
145,0,1.352765169786943,0,0,0,1,11,0,0,0,0,0.0002083067452727944,8.591857681233457e-06,0.0002083067452727944,-1
146,10477,48.64519159238665,0,0,0,0,0,0,0,1,0,0.0002083067452727944,8.591857681233457e-06,0.0002083067452727944,48.64244059238663
147,1161,38.38910823534279,0,0,0,4,25,0,0,0,0,0.0002083067452727944,8.591857681233457e-06,0.0002083067452727944,-1
148,6162,28.69898682056536,0,0,0,0,0,0,0,1,0,0.0002083067452727944,8.591857681233457e-06,0.0002083067452727944,28.52598582056534
149,186,3.642225085961324,0,0,0,1,3,0,0,0,0,0.0002083067452727944,8.591857681233457e-06,0.0002083067452727944,-1
150,10231,47.69720834549987,0,0,0,0,0,0,0,1,0,0.0002083067452727944,8.591857681233457e-06,0.0002083067452727944,47.52420734549982
151,7211,34.51873883313291,0,0,0,0,0,0,0,1,0,0.0002083067452727944,8.591857681233457e-06,0.0002083067452727944,34.51598783313291
152,7478,33.91673825894247,0,0,0,0,0,0,0,1,0,0.0002083067452727944,8.591857681233457e-06,0.0002083067452727944,33.9139872589425
153,7279,32.97927325071495,0,0,0,0,0,0,0,1,0,0.0002083067452727944,8.591857681233457e-06,0.0002083067452727944,32.97652225071493
154,3436,15.50599606579003,0,0,0,0,0,0,0,1,0,0.0002083067452727944,8.591857681233457e-06,0.0002083067452727944,15.50324506579003
155,181,2.854954926539172,0,0,0,0,0,0,0,0,0,0.0002083067452727944,8.591857681233457e-06,0.0002083067452727944,-1
156,9970,46.01488456928501,0,0,0,0,0,0,0,1,0,0.0002083067452727944,8.591857681233457e-06,0.0002083067452727944,45.841883569285
157,8650,41.55398117365291,0,0,0,0,0,0,0,1,0,0.0002083067452727944,8.591857681233457e-06,0.0002083067452727944,41.38098017365282
158,8877,40.4310807510821,0,0,0,0,0,0,0,1,0,0.0002083067452727944,8.591857681233457e-06,0.0002083067452727944,40.25807975108212
159,4413,19.26803010741904,0,0,0,0,0,0,0,1,0,0.0002083067452727944,8.591857681233457e-06,0.0002083067452727944,19.09502910741906
160,7347,32.31241877052705,0,0,0,0,0,0,0,1,0,0.0002083067452727944,8.591857681233457e-06,0.0002083067452727944,32.309667770527
161,8591,40.42900729082663,0,0,0,0,0,0,0,1,0,0.0002083067452727944,8.591857681233457e-06,0.0002083067452727944,40.42625629082661
162,10795,50.77036187310947,0,0,0,0,0,0,0,1,0,0.0002083067452727944,8.591857681233457e-06,0.0002083067452727944,50.76761087280516
163,7047,33.26635188022325,0,0,0,0,0,0,0,1,0,0.0002083067452727944,8.591857681233457e-06,0.0002083067452727944,33.26360088022324
164,6548,34.19392457839843,0,0,0,0,0,0,0,1,0,0.0002083067452727944,8.591857681233457e-06,0.0002083067452727944,34.19117357839843
165,24,2.096801943501085,0,0,0,0,0,0,0,0,0,0.0002083067452727944,8.591857681233457e-06,0.0002083067452727944,-1
166,6600,27.57364331173016,0,0,0,0,0,0,0,1,0,0.0002083067452727944,8.591857681233457e-06,0.0002083067452727944,27.40064231173013
167,8113,35.61616168437798,0,0,0,0,0,0,0,1,0,0.0002083067452727944,8.591857681233457e-06,0.0002083067452727944,35.44316068437797
168,2052,33.92701770608583,0,0,0,4,24,0,0,0,0,0.0002083067452727944,8.591857681233457e-06,0.0002083067452727944,-1
169,7903,40.17206466553061,0,0,0,0,0,0,0,1,0,0.0002083067452727944,8.591857681233457e-06,0.0002083067452727944,39.99906366553061
170,7727,38.97923574071586,0,0,0,0,0,0,0,1,0,0.0002083067452727944,8.591857681233457e-06,0.0002083067452727944,38.80623474071586
171,9083,37.96782369333244,0,0,0,0,0,0,0,1,0,0.0002083067452727944,8.591857681233457e-06,0.0002083067452727944,37.96507269333242
172,10329,49.71121361241941,0,0,0,0,0,0,0,1,0,0.0002083067452727944,8.591857681233457e-06,0.0002083067452727944,49.53821261241399
173,8441,37.7643340519934,0,0,0,0,0,0,0,1,0,0.0002083067452727944,8.591857681233457e-06,0.0002083067452727944,37.76158305199339
174,10442,45.23363922280691,0,0,0,0,0,0,0,1,0,0.0002083067452727944,8.591857681233457e-06,0.0002083067452727944,45.06063822280691
175,8453,37.7579566946289,0,0,0,0,0,0,0,1,0,0.0002083067452727944,8.591857681233457e-06,0.0002083067452727944,37.58495569462896
176,5284,24.18076997285382,0,0,0,0,0,0,0,1,0,0.0002083067452727944,8.591857681233457e-06,0.0002083067452727944,24.17801897285383
177,2748,11.87440603462079,0,0,0,0,0,0,0,1,0,0.0002083067452727944,8.591857681233457e-06,0.0002083067452727944,11.8716550346208
178,0,19.02112774055102,0,0,0,2,14,0,0,0,0,0.0002083067452727944,8.591857681233457e-06,0.0002083067452727944,-1
179,523,29.55701892555007,0,0,0,2,19,0,0,0,0,0.0002083067452727944,8.591857681233457e-06,0.0002083067452727944,-1
180,4658,23.30754960655431,0,0,0,0,0,0,0,1,0,0.0002083067452727944,8.591857681233457e-06,0.0002083067452727944,23.13454860654036
181,3385,15.45484272270831,0,0,0,0,0,0,0,1,0,0.0002083067452727944,8.591857681233457e-06,0.0002083067452727944,15.45209172270832
182,6760,30.90245535354932,0,0,0,0,0,0,0,1,0,0.0002083067452727944,8.591857681233457e-06,0.0002083067452727944,30.72945435354931
183,12034,49.76023472493642,0,0,0,0,0,0,0,1,0,0.0002083067452727944,8.591857681233457e-06,0.0002083067452727944,49.75748372493638
184,6132,30.84458940954493,0,0,0,0,0,0,0,1,0,0.0002083067452727944,8.591857681233457e-06,0.0002083067452727944,30.67158840954489
185,4459,19.8558709598735,0,0,0,0,0,0,0,1,0,0.0002083067452727944,8.591857681233457e-06,0.0002083067452727944,19.8531199598735
186,167,9.340769995649698,0,0,0,1,10,0,0,0,0,0.0002083067452727944,8.591857681233457e-06,0.0002083067452727944,-1
187,9893,45.63614592893691,0,0,0,0,0,0,0,1,0,0.0002083067452727944,8.591857681233457e-06,0.0002083067452727944,45.46314492893492
188,0,0.954303718584643,0,0,0,1,5,0,0,0,0,0.0002083067452727944,8.591857681233457e-06,0.0002083067452727944,-1
189,10988,47.4867968912863,0,0,0,0,0,0,0,1,0,0.0002083067452727944,8.591857681233457e-06,0.0002083067452727944,47.48404589128624
190,7549,36.82005962433772,0,0,0,0,0,0,0,1,0,0.0002083067452727944,8.591857681233457e-06,0.0002083067452727944,36.64705862433779
191,7541,38.87498615338971,0,0,0,0,0,0,0,1,0,0.0002083067452727944,8.591857681233457e-06,0.0002083067452727944,38.70198515338961
192,9335,38.26225123075297,0,0,0,0,0,0,0,1,0,0.0002083067452727944,8.591857681233457e-06,0.0002083067452727944,38.08925023075293
193,160,6.167060775945227,0,0,0,1,7,0,0,0,0,0.0002083067452727944,8.591857681233457e-06,0.0002083067452727944,-1
194,9107,41.18052203805247,0,0,0,0,0,0,0,1,0,0.0002083067452727944,8.591857681233457e-06,0.0002083067452727944,41.00752103805246
195,9642,43.68816446622778,0,0,0,0,0,0,0,1,0,0.0002083067452727944,8.591857681233457e-06,0.0002083067452727944,43.51516346622776
196,6549,28.17221524109219,0,0,0,0,0,0,0,1,0,0.0002083067452727944,8.591857681233457e-06,0.0002083067452727944,28.16946424109218
197,11384,48.93805707453859,0,0,0,0,0,0,0,1,0,0.0002083067452727944,8.591857681233457e-06,0.0002083067452727944,48.76505607453853
198,6819,31.36895530225668,0,0,0,0,0,0,0,1,0,0.0002083067452727944,8.591857681233457e-06,0.0002083067452727944,31.36620430229923
199,9665,45.97279200677151,0,0,0,0,0,0,0,1,0,0.0002083067452727944,8.591857681233457e-06,0.0002083067452727944,45.9700410067714
200,8145,35.86449727011208,0,0,0,0,0,0,0,1,0,0.0002083067452727944,8.591857681233457e-06,0.0002083067452727944,35.86174627011208
201,6319,28.98442229066406,0,0,0,0,0,0,0,1,0,0.0002083067452727944,8.591857681233457e-06,0.0002083067452727944,28.98167129066407
202,9917,43.32354652508227,0,0,0,0,0,0,0,1,0,0.0002083067452727944,8.591857681233457e-06,0.0002083067452727944,43.15054552508224
203,10177,47.2107971478929,0,0,0,0,0,0,0,1,0,0.0002083067452727944,8.591857681233457e-06,0.0002083067452727944,47.03779614789288
204,11051,48.61936892131639,0,0,0,0,0,0,0,1,0,0.0002083067452727944,8.591857681233457e-06,0.0002083067452727944,48.44636792133146
205,11748,50.76257635123097,0,0,0,0,0,0,0,1,0,0.0002083067452727944,8.591857681233457e-06,0.0002083067452727944,50.7598253502693
206,1744,25.06911387515996,0,0,0,2,17,0,0,0,0,0.0002083067452727944,8.591857681233457e-06,0.0002083067452727944,-1
207,3820,18.20585527965975,0,0,0,0,0,0,0,1,0,0.0002083067452727944,8.591857681233457e-06,0.0002083067452727944,18.03285427965976
208,7661,35.95779788305446,0,0,0,0,0,0,0,1,0,0.0002083067452727944,8.591857681233457e-06,0.0002083067452727944,35.78479688305453
209,2285,11.38315788943532,0,0,0,0,0,0,0,1,0,0.0002083067452727944,8.591857681233457e-06,0.0002083067452727944,11.21015688943531
210,7876,38.55060725850642,0,0,0,0,0,0,0,1,0,0.0002083067452727944,8.591857681233457e-06,0.0002083067452727944,38.37760625850635
211,11742,49.40163940910919,0,0,0,0,0,0,0,1,0,0.0002083067452727944,8.591857681233457e-06,0.0002083067452727944,49.39888840910918
212,11431,49.64512436217561,0,0,0,0,0,0,0,1,0,0.0002083067452727944,8.591857681233457e-06,0.0002083067452727944,49.64237336217563
213,9646,44.14648923821358,0,0,0,0,0,0,0,1,0,0.0002083067452727944,8.591857681233457e-06,0.0002083067452727944,43.97348823821363
214,8335,39.41977634868175,0,0,0,0,0,0,0,1,0,0.0002083067452727944,8.591857681233457e-06,0.0002083067452727944,39.41702534868172
215,11520,50.79587314510752,0,0,0,0,0,0,0,1,0,0.0002083067452727944,8.591857681233457e-06,0.0002083067452727944,50.7931221451074
216,5009,24.18811594945382,0,0,0,0,0,0,0,1,0,0.0002083067452727944,8.591857681233457e-06,0.0002083067452727944,24.01511494945385
217,8934,37.3933273537988,0,0,0,0,0,0,0,1,0,0.0002083067452727944,8.591857681233457e-06,0.0002083067452727944,37.39057635379876
218,9665,49.54099385561253,0,0,0,0,0,0,0,1,0,0.0002083067452727944,8.591857681233457e-06,0.0002083067452727944,49.36799285561256
219,7226,29.97954127929066,0,0,0,0,0,0,0,1,0,0.0002083067452727944,8.591857681233457e-06,0.0002083067452727944,29.97679027929068
220,9666,44.54199712243948,0,0,0,0,0,0,0,1,0,0.0002083067452727944,8.591857681233457e-06,0.0002083067452727944,44.36899612243951
221,11273,47.65310023117304,0,0,0,0,0,0,0,1,0,0.0002083067452727944,8.591857681233457e-06,0.0002083067452727944,47.65034923117302
222,6528,27.41597337379005,0,0,0,0,0,0,0,1,0,0.0002083067452727944,8.591857681233457e-06,0.0002083067452727944,27.24297237379003
223,3265,16.11016698518476,0,0,0,0,0,0,0,1,0,0.0002083067452727944,8.591857681233457e-06,0.0002083067452727944,16.10741598518475
224,685,22.07742662081559,0,0,0,3,16,0,0,0,0,0.0002083067452727944,8.591857681233457e-06,0.0002083067452727944,-1
225,572,64.038730893859,0,0,0,2,15,0,0,0,0,0.0002083067452727944,8.591857681233457e-06,0.0002083067452727944,-1
226,14,2.523478842121701,0,0,0,0,0,0,0,0,0,0.0002083067452727944,8.591857681233457e-06,0.0002083067452727944,-1
227,6975,34.53625509060144,0,0,0,0,0,0,0,1,0,0.0002083067452727944,8.591857681233457e-06,0.0002083067452727944,34.36325409060147
228,7630,32.24873006227266,0,0,0,0,0,0,0,1,0,0.0002083067452727944,8.591857681233457e-06,0.0002083067452727944,32.07572906227261
229,7860,35.38552742279398,0,0,0,0,0,0,0,1,0,0.0002083067452727944,8.591857681233457e-06,0.0002083067452727944,35.38277642279397
230,178,11.21474601639585,0,0,0,1,8,0,0,0,0,0.0002083067452727944,8.591857681233457e-06,0.0002083067452727944,-1
231,6621,30.51007303849866,0,0,0,0,0,0,0,1,0,0.0002083067452727944,8.591857681233457e-06,0.0002083067452727944,30.50732203849866
232,5564,24.3728487243251,0,0,0,0,0,0,0,1,0,0.0002083067452727944,8.591857681233457e-06,0.0002083067452727944,24.37009772432506
233,5672,23.06025460289214,0,0,0,0,0,0,0,1,0,0.0002083067452727944,8.591857681233457e-06,0.0002083067452727944,22.8872536028921
234,11291,51.85242421725354,0,0,0,0,0,0,0,1,0,0.0002083067452727944,8.591857681233457e-06,0.0002083067452727944,51.8496732172535
235,1165,14.0686699965594,0,0,0,3,13,0,0,0,0,0.0002083067452727944,8.591857681233457e-06,0.0002083067452727944,-1
236,8769,39.31635643421429,0,0,0,0,0,0,0,1,0,0.0002083067452727944,8.591857681233457e-06,0.0002083067452727944,39.31360543421418
237,7240,34.84097371231273,0,0,0,0,0,0,0,1,0,0.0002083067452727944,8.591857681233457e-06,0.0002083067452727944,34.66797271231273
238,98,34.71833205845916,0,0,0,3,14,0,0,0,0,0.0002083067452727944,8.591857681233457e-06,0.0002083067452727944,-1
239,10871,46.88441503418063,0,0,0,0,0,0,0,1,0,0.0002083067452727944,8.591857681233457e-06,0.0002083067452727944,46.71141403418059
240,7156,32.96959047492057,0,0,0,0,0,0,0,1,0,0.0002083067452727944,8.591857681233457e-06,0.0002083067452727944,32.79658947492054
241,10759,48.35558405873446,0,0,0,0,0,0,0,1,0,0.0002083067452727944,8.591857681233457e-06,0.0002083067452727944,48.18258305873439
242,9657,41.97569611461702,0,0,0,0,0,0,0,1,0,0.0002083067452727944,8.591857681233457e-06,0.0002083067452727944,41.80269511461702
243,7504,35.90659419435949,0,0,0,0,0,0,0,1,0,0.0002083067452727944,8.591857681233457e-06,0.0002083067452727944,35.73359319435944
244,10493,49.7954923202042,0,0,0,0,0,0,0,1,0,0.0002083067452727944,8.591857681233457e-06,0.0002083067452727944,49.62249132020424
245,4468,21.7157627915863,0,0,0,0,0,0,0,1,0,0.0002083067452727944,8.591857681233457e-06,0.0002083067452727944,21.54276179158633
246,1177,26.35353561356028,0,0,0,3,20,0,0,0,0,0.0002083067452727944,8.591857681233457e-06,0.0002083067452727944,-1
247,4903,21.00299103689773,0,0,0,0,0,0,0,1,0,0.0002083067452727944,8.591857681233457e-06,0.0002083067452727944,20.82999003689774
248,9698,42.65910372296464,0,0,0,0,0,0,0,1,0,0.0002083067452727944,8.591857681233457e-06,0.0002083067452727944,42.65635272296468
249,5404,24.38491250924033,0,0,0,0,0,0,0,1,0,0.0002083067452727944,8.591857681233457e-06,0.0002083067452727944,24.21191150924031
250,7034,35.64802979632069,0,0,0,0,0,0,0,1,0,0.0002083067452727944,8.591857681233457e-06,0.0002083067452727944,35.47502879631184
251,10714,49.47009830589052,0,0,0,0,0,0,0,1,0,0.0002083067452727944,8.591857681233457e-06,0.0002083067452727944,49.46734730589044
252,97,40.28805093570975,0,0,0,2,21,0,0,0,0,0.0002083067452727944,8.591857681233457e-06,0.0002083067452727944,-1
253,9193,45.66672901497626,0,0,0,0,0,0,0,1,0,0.0002083067452727944,8.591857681233457e-06,0.0002083067452727944,45.49372801497624
254,10225,40.11297113921177,0,0,0,0,0,0,0,1,0,0.0002083067452727944,8.591857681233457e-06,0.0002083067452727944,39.93997013921177
255,9465,42.02982120058638,0,0,0,0,0,0,0,1,0,0.0002083067452727944,8.591857681233457e-06,0.0002083067452727944,41.85682020058635
256,4793,19.810110252534,0,0,0,0,0,0,0,1,0,0.0002083067452727944,8.591857681233457e-06,0.0002083067452727944,19.63710925253398
257,6927,32.20976395193024,0,0,0,0,0,0,0,1,0,0.0002083067452727944,8.591857681233457e-06,0.0002083067452727944,32.03676295193021
258,11241,48.8099795916106,0,0,0,0,0,0,0,1,0,0.0002083067452727944,8.591857681233457e-06,0.0002083067452727944,48.80722859161058
259,5371,25.182969062455,0,0,0,0,0,0,0,1,0,0.0002083067452727944,8.591857681233457e-06,0.0002083067452727944,25.18021806247329
260,4980,22.57471914480879,0,0,0,0,0,0,0,1,0,0.0002083067452727944,8.591857681233457e-06,0.0002083067452727944,22.40171814480876
261,8430,40.80671930620795,0,0,0,0,0,0,0,1,0,0.0002083067452727944,8.591857681233457e-06,0.0002083067452727944,40.80396830620789
262,11711,51.80597508694868,0,0,0,0,0,0,0,1,0,0.0002083067452727944,8.591857681233457e-06,0.0002083067452727944,51.80322408694863
263,5931,26.525566994828,0,0,0,0,0,0,0,1,0,0.0002083067452727944,8.591857681233457e-06,0.0002083067452727944,26.352565994828
264,7380,30.96125536068545,0,0,0,0,0,0,0,1,0,0.0002083067452727944,8.591857681233457e-06,0.0002083067452727944,30.95850436068547
265,10749,46.67364109243161,0,0,0,0,0,0,0,1,0,0.0002083067452727944,8.591857681233457e-06,0.0002083067452727944,46.50064009243154
266,8061,36.70455359433058,0,0,0,0,0,0,0,1,0,0.0002083067452727944,8.591857681233457e-06,0.0002083067452727944,36.70180259433055
267,8898,36.88046858734514,0,0,0,0,0,0,0,1,0,0.0002083067452727944,8.591857681233457e-06,0.0002083067452727944,36.70746758734509
268,8851,37.78093694703691,0,0,0,0,0,0,0,1,0,0.0002083067452727944,8.591857681233457e-06,0.0002083067452727944,37.60793594703679
269,5260,22.02141838670311,0,0,0,0,0,0,0,1,0,0.0002083067452727944,8.591857681233457e-06,0.0002083067452727944,22.0186673867031
270,1223,19.21952828888155,0,0,0,1,7,0,0,0,0,0.0002083067452727944,8.591857681233457e-06,0.0002083067452727944,-1
271,8689,41.12195617512594,0,0,0,0,0,0,0,1,0,0.0002083067452727944,8.591857681233457e-06,0.0002083067452727944,40.94895517512582
272,8169,34.27900183584917,0,0,0,0,0,0,0,1,0,0.0002083067452727944,8.591857681233457e-06,0.0002083067452727944,34.10600083584917
273,3046,13.30221321038843,0,0,0,0,0,0,0,1,0,0.0002083067452727944,8.591857681233457e-06,0.0002083067452727944,13.29946221038844
274,4934,21.42046563009595,0,0,0,0,0,0,0,1,0,0.0002083067452727944,8.591857681233457e-06,0.0002083067452727944,21.41771463009597
275,8515,37.35422644787848,0,0,0,0,0,0,0,1,0,0.0002083067452727944,8.591857681233457e-06,0.0002083067452727944,37.3514754478785
276,7309,31.34815355344585,0,0,0,0,0,0,0,1,0,0.0002083067452727944,8.591857681233457e-06,0.0002083067452727944,31.17515255344588
277,7955,33.70898197398861,0,0,0,0,0,0,0,1,0,0.0002083067452727944,8.591857681233457e-06,0.0002083067452727944,33.53598097398861
278,11115,51.17284706709157,0,0,0,0,0,0,0,1,0,0.0002083067452727944,8.591857681233457e-06,0.0002083067452727944,51.17009606709149
279,6070,27.23565068821052,0,0,0,0,0,0,0,1,0,0.0002083067452727944,8.591857681233457e-06,0.0002083067452727944,27.23289968821051
280,8195,36.43888327784806,0,0,0,0,0,0,0,1,0,0.0002083067452727944,8.591857681233457e-06,0.0002083067452727944,36.26588227784806
281,1175,43.53901017407852,0,0,0,4,16,0,0,0,0,0.0002083067452727944,8.591857681233457e-06,0.0002083067452727944,-1
282,1415,41.57967194120702,0,0,0,4,31,0,0,0,0,0.0002083067452727944,8.591857681233457e-06,0.0002083067452727944,-1
283,11528,50.1004377325498,0,0,0,0,0,0,0,1,0,0.0002083067452727944,8.591857681233457e-06,0.0002083067452727944,50.09768673254979
284,5732,27.31789455677163,0,0,0,0,0,0,0,1,0,0.0002083067452727944,8.591857681233457e-06,0.0002083067452727944,27.1448935567918
285,8914,42.2930931356136,0,0,0,0,0,0,0,1,0,0.0002083067452727944,8.591857681233457e-06,0.0002083067452727944,42.1200921356135
286,1208,40.94386197492966,0,0,0,4,26,0,0,0,0,0.0002083067452727944,8.591857681233457e-06,0.0002083067452727944,-1
287,1206,35.38556636501902,0,0,0,3,26,0,0,0,0,0.0002083067452727944,8.591857681233457e-06,0.0002083067452727944,-1
288,6,29.86803624780396,0,0,0,2,18,0,0,0,0,0.0002083067452727944,8.591857681233457e-06,0.0002083067452727944,-1
289,7692,35.73956966100382,0,0,0,0,0,0,0,1,0,0.0002083067452727944,8.591857681233457e-06,0.0002083067452727944,35.73681866100375
290,6134,29.0734979104468,0,0,0,0,0,0,0,1,0,0.0002083067452727944,8.591857681233457e-06,0.0002083067452727944,28.9004969104468
291,1499,64.42781984685119,0,0,0,3,28,0,0,0,0,0.0002083067452727944,8.591857681233457e-06,0.0002083067452727944,-1
292,0,2.747447321149597,0,0,0,2,17,0,0,0,0,0.0002083067452727944,8.591857681233457e-06,0.0002083067452727944,-1
293,1649,30.77901561125132,0,0,0,3,19,0,0,0,0,0.0002083067452727944,8.591857681233457e-06,0.0002083067452727944,-1
294,9109,41.25254043358701,0,0,0,0,0,0,0,1,0,0.0002083067452727944,8.591857681233457e-06,0.0002083067452727944,41.24978943358691
295,640,6.574612512526995,0,0,0,1,7,0,0,0,0,0.0002083067452727944,8.591857681233457e-06,0.0002083067452727944,-1
296,9193,38.74411492920606,0,0,0,0,0,0,0,1,0,0.0002083067452727944,8.591857681233457e-06,0.0002083067452727944,38.57111392920611
297,10388,41.37366517061418,0,0,0,0,0,0,0,1,0,0.0002083067452727944,8.591857681233457e-06,0.0002083067452727944,41.37091417061413
298,5842,27.6522459671182,0,0,0,0,0,0,0,1,0,0.0002083067452727944,8.591857681233457e-06,0.0002083067452727944,27.47924496711824
299,7132,32.47612136237137,0,0,0,0,0,0,0,1,0,0.0002083067452727944,8.591857681233457e-06,0.0002083067452727944,32.47337036237131
300,7742,36.83471519647308,0,0,0,0,0,0,0,1,0,0.0002083067452727944,8.591857681233457e-06,0.0002083067452727944,36.83196419647313
301,4512,23.01459599545254,0,0,0,0,0,0,0,1,0,0.0002083067452727944,8.591857681233457e-06,0.0002083067452727944,22.84159499545251
302,3995,18.30847874309538,0,0,0,0,0,0,0,1,0,0.0002083067452727944,8.591857681233457e-06,0.0002083067452727944,18.13547774309535
303,4074,17.14318763819288,0,0,0,0,0,0,0,1,0,0.0002083067452727944,8.591857681233457e-06,0.0002083067452727944,16.97018663819287
304,9221,44.72564940065113,0,0,0,0,0,0,0,1,0,0.0002083067452727944,8.591857681233457e-06,0.0002083067452727944,44.55264840065106
305,10992,49.33540706468995,0,0,0,0,0,0,0,1,0,0.0002083067452727944,8.591857681233457e-06,0.0002083067452727944,49.16240606468993
306,8723,40.94344281666521,0,0,0,0,0,0,0,1,0,0.0002083067452727944,8.591857681233457e-06,0.0002083067452727944,40.77044181666518
307,8290,39.14982856021491,0,0,0,0,0,0,0,1,0,0.0002083067452727944,8.591857681233457e-06,0.0002083067452727944,38.97682756021493
308,2956,14.64534337266032,0,0,0,0,0,0,0,1,0,0.0002083067452727944,8.591857681233457e-06,0.0002083067452727944,14.47234237266031
309,12549,54.24625570450123,0,0,0,0,0,0,0,1,0,0.0002083067452727944,8.591857681233457e-06,0.0002083067452727944,54.07325470450104
310,86,5.258728332438144,0,0,0,1,10,0,0,0,0,0.0002083067452727944,8.591857681233457e-06,0.0002083067452727944,-1
311,8346,36.62171845868829,0,0,0,0,0,0,0,1,0,0.0002083067452727944,8.591857681233457e-06,0.0002083067452727944,36.61896745868832
312,11185,51.09172632958597,0,0,0,0,0,0,0,1,0,0.0002083067452727944,8.591857681233457e-06,0.0002083067452727944,50.91872532958594
313,6776,28.81429392696208,0,0,0,0,0,0,0,1,0,0.0002083067452727944,8.591857681233457e-06,0.0002083067452727944,28.64129292696208
314,8196,36.69897814356317,0,0,0,0,0,0,0,1,0,0.0002083067452727944,8.591857681233457e-06,0.0002083067452727944,36.69622714354981
315,10614,49.08962418369513,0,0,0,0,0,0,0,1,0,0.0002083067452727944,8.591857681233457e-06,0.0002083067452727944,48.91662318369503
316,5922,25.21660503051161,0,0,0,0,0,0,0,1,0,0.0002083067452727944,8.591857681233457e-06,0.0002083067452727944,25.21385403051161
317,11120,50.422078315529,0,0,0,0,0,0,0,1,0,0.0002083067452727944,8.591857681233457e-06,0.0002083067452727944,50.2490773155289
318,9438,40.76687598642257,0,0,0,0,0,0,0,1,0,0.0002083067452727944,8.591857681233457e-06,0.0002083067452727944,40.76412498642266
319,9717,45.5765307127902,0,0,0,0,0,0,0,1,0,0.0002083067452727944,8.591857681233457e-06,0.0002083067452727944,45.57377971279011
320,3050,15.09867448265531,0,0,0,0,0,0,0,1,0,0.0002083067452727944,8.591857681233457e-06,0.0002083067452727944,14.92567348265532
321,8529,39.05766741953371,0,0,0,0,0,0,0,1,0,0.0002083067452727944,8.591857681233457e-06,0.0002083067452727944,38.8846664195337
322,8874,43.07170312758155,0,0,0,0,0,0,0,1,0,0.0002083067452727944,8.591857681233457e-06,0.0002083067452727944,43.06895212758149
323,8303,37.66003648106953,0,0,0,0,0,0,0,1,0,0.0002083067452727944,8.591857681233457e-06,0.0002083067452727944,37.65728548106951
324,3495,16.42019680954436,0,0,0,0,0,0,0,1,0,0.0002083067452727944,8.591857681233457e-06,0.0002083067452727944,16.41744580954434
325,10562,48.06949933373439,0,0,0,0,0,0,0,1,0,0.0002083067452727944,8.591857681233457e-06,0.0002083067452727944,48.0667483337344
326,8551,37.4351133015096,0,0,0,0,0,0,0,1,0,0.0002083067452727944,8.591857681233457e-06,0.0002083067452727944,37.26211230150956
327,234,16.38744236054026,0,0,0,1,10,0,0,0,0,0.0002083067452727944,8.591857681233457e-06,0.0002083067452727944,-1
328,73,20.68062395014531,0,0,0,1,10,0,0,0,0,0.0002083067452727944,8.591857681233457e-06,0.0002083067452727944,-1
329,7879,36.20581049499342,0,0,0,0,0,0,0,1,0,0.0002083067452727944,8.591857681233457e-06,0.0002083067452727944,36.03280949499342
330,10540,46.79816223249259,0,0,0,0,0,0,0,1,0,0.0002083067452727944,8.591857681233457e-06,0.0002083067452727944,46.62516123249258
331,9729,43.57554076289849,0,0,0,0,0,0,0,1,0,0.0002083067452727944,8.591857681233457e-06,0.0002083067452727944,43.40253976289843
332,7657,35.14862908457129,0,0,0,0,0,0,0,1,0,0.0002083067452727944,8.591857681233457e-06,0.0002083067452727944,34.97562808457133
333,9368,40.57372291732636,0,0,0,0,0,0,0,1,0,0.0002083067452727944,8.591857681233457e-06,0.0002083067452727944,40.57097191732635
334,8121,42.6081155866891,0,0,0,0,0,0,0,1,0,0.0002083067452727944,8.591857681233457e-06,0.0002083067452727944,42.60536458668903
335,577,48.11777666325114,0,0,0,3,14,0,0,0,0,0.0002083067452727944,8.591857681233457e-06,0.0002083067452727944,-1
336,72,2.473077875905114,0,0,0,0,0,0,0,0,0,0.0002083067452727944,8.591857681233457e-06,0.0002083067452727944,-1
337,7492,38.78192303189346,0,0,0,0,0,0,0,1,0,0.0002083067452727944,8.591857681233457e-06,0.0002083067452727944,38.60892203186781
338,9377,40.0448742248619,0,0,0,0,0,0,0,1,0,0.0002083067452727944,8.591857681233457e-06,0.0002083067452727944,40.04212322486188
339,2419,11.48926329697779,0,0,0,0,0,0,0,1,0,0.0002083067452727944,8.591857681233457e-06,0.0002083067452727944,11.31626229697778
340,8440,35.68157925724418,0,0,0,0,0,0,0,1,0,0.0002083067452727944,8.591857681233457e-06,0.0002083067452727944,35.50857825724412
341,4409,18.02048713292957,0,0,0,0,0,0,0,1,0,0.0002083067452727944,8.591857681233457e-06,0.0002083067452727944,17.84748613292957
342,8144,35.7712092645312,0,0,0,0,0,0,0,1,0,0.0002083067452727944,8.591857681233457e-06,0.0002083067452727944,35.59820826453122
343,7822,34.33398990689623,0,0,0,0,0,0,0,1,0,0.0002083067452727944,8.591857681233457e-06,0.0002083067452727944,34.33123890689622
344,6608,28.94028056306351,0,0,0,0,0,0,0,1,0,0.0002083067452727944,8.591857681233457e-06,0.0002083067452727944,28.76727956306352
345,8954,41.63454380538701,0,0,0,0,0,0,0,1,0,0.0002083067452727944,8.591857681233457e-06,0.0002083067452727944,41.63179280544966
346,3617,17.05718654451761,0,0,0,0,0,0,0,1,0,0.0002083067452727944,8.591857681233457e-06,0.0002083067452727944,17.05443554451759
347,8788,39.06883744411,0,0,0,0,0,0,0,1,0,0.0002083067452727944,8.591857681233457e-06,0.0002083067452727944,39.06608644411004
348,12376,50.66889860776652,0,0,0,0,0,0,0,1,0,0.0002083067452727944,8.591857681233457e-06,0.0002083067452727944,50.66614760776645
349,6627,29.58272759644202,0,0,0,0,0,0,0,1,0,0.0002083067452727944,8.591857681233457e-06,0.0002083067452727944,29.40972659644202
350,11160,49.5908224206251,0,0,0,0,0,0,0,1,0,0.0002083067452727944,8.591857681233457e-06,0.0002083067452727944,49.41782142062494
351,8677,40.56332939405305,0,0,0,0,0,0,0,1,0,0.0002083067452727944,8.591857681233457e-06,0.0002083067452727944,40.56057839405308
352,6889,27.30777623103121,0,0,0,0,0,0,0,1,0,0.0002083067452727944,8.591857681233457e-06,0.0002083067452727944,27.13477523103122
353,11609,53.07037002010669,0,0,0,0,0,0,0,1,0,0.0002083067452727944,8.591857681233457e-06,0.0002083067452727944,52.89736902013294
354,8393,35.51790249484058,0,0,0,0,0,0,0,1,0,0.0002083067452727944,8.591857681233457e-06,0.0002083067452727944,35.3449014948406
355,8645,34.58876933916017,0,0,0,0,0,0,0,1,0,0.0002083067452727944,8.591857681233457e-06,0.0002083067452727944,34.58601833916017
356,7577,34.66789083308687,0,0,0,0,0,0,0,1,0,0.0002083067452727944,8.591857681233457e-06,0.0002083067452727944,34.49488983308679
357,7286,32.78217739307623,0,0,0,0,0,0,0,1,0,0.0002083067452727944,8.591857681233457e-06,0.0002083067452727944,32.60917639307621
358,7131,32.17156368657189,0,0,0,0,0,0,0,1,0,0.0002083067452727944,8.591857681233457e-06,0.0002083067452727944,31.99856268644651
359,7565,33.85843520202133,0,0,0,0,0,0,0,1,0,0.0002083067452727944,8.591857681233457e-06,0.0002083067452727944,33.68543420202138
360,5745,24.76556385237082,0,0,0,0,0,0,0,1,0,0.0002083067452727944,8.591857681233457e-06,0.0002083067452727944,24.59256285237081
361,7442,33.27976948618962,0,0,0,0,0,0,0,1,0,0.0002083067452727944,8.591857681233457e-06,0.0002083067452727944,33.10676848618964
362,11171,50.84068444381043,0,0,0,0,0,0,0,1,0,0.0002083067452727944,8.591857681233457e-06,0.0002083067452727944,50.66768344380367
363,10528,45.50090116918013,0,0,0,0,0,0,0,1,0,0.0002083067452727944,8.591857681233457e-06,0.0002083067452727944,45.32790016918014
364,1476,45.65249047060218,0,0,0,1,11,0,0,0,0,0.0002083067452727944,8.591857681233457e-06,0.0002083067452727944,-1
365,8037,39.8550146421196,0,0,0,0,0,0,0,1,0,0.0002083067452727944,8.591857681233457e-06,0.0002083067452727944,39.68201364211956
366,7116,33.47619151064092,0,0,0,0,0,0,0,1,0,0.0002083067452727944,8.591857681233457e-06,0.0002083067452727944,33.30319051064091
367,1690,52.16884974147109,0,0,0,5,18,0,0,0,0,0.0002083067452727944,8.591857681233457e-06,0.0002083067452727944,-1
368,7787,35.1924292851529,0,0,0,0,0,0,0,1,0,0.0002083067452727944,8.591857681233457e-06,0.0002083067452727944,35.18967828515287
369,8063,36.89201369500022,0,0,0,0,0,0,0,1,0,0.0002083067452727944,8.591857681233457e-06,0.0002083067452727944,36.88926269498769
370,7456,34.06465419780798,0,0,0,0,0,0,0,1,0,0.0002083067452727944,8.591857681233457e-06,0.0002083067452727944,33.89165319780805
371,2644,45.77808785720917,0,0,0,5,19,0,0,0,0,0.0002083067452727944,8.591857681233457e-06,0.0002083067452727944,-1
372,8591,40.70237530604332,0,0,0,0,0,0,0,1,0,0.0002083067452727944,8.591857681233457e-06,0.0002083067452727944,40.52937430604329
373,0,5.347262480487522,0,0,0,1,6,0,0,0,0,0.0002083067452727944,8.591857681233457e-06,0.0002083067452727944,-1
374,9456,38.82003522723544,0,0,0,0,0,0,0,1,0,0.0002083067452727944,8.591857681233457e-06,0.0002083067452727944,38.64703422723541
375,5288,25.75976070871475,0,0,0,0,0,0,0,1,0,0.0002083067452727944,8.591857681233457e-06,0.0002083067452727944,25.58675970871472
376,28,48.46287001311453,0,0,0,3,33,0,0,0,0,0.0002083067452727944,8.591857681233457e-06,0.0002083067452727944,-1
377,4334,21.9757858872586,0,0,0,0,0,0,0,1,0,0.0002083067452727944,8.591857681233457e-06,0.0002083067452727944,21.8027848872586
378,8713,41.21067837711878,0,0,0,0,0,0,0,1,0,0.0002083067452727944,8.591857681233457e-06,0.0002083067452727944,41.03767737714184
379,5095,21.35676698273986,0,0,0,0,0,0,0,1,0,0.0002083067452727944,8.591857681233457e-06,0.0002083067452727944,21.18376598273982
380,4840,21.81863496296812,0,0,0,0,0,0,0,1,0,0.0002083067452727944,8.591857681233457e-06,0.0002083067452727944,21.64563396296812
381,395,25.17161791940172,0,0,0,3,23,0,0,0,0,0.0002083067452727944,8.591857681233457e-06,0.0002083067452727944,-1
382,8895,38.67117241492149,0,0,0,0,0,0,0,1,0,0.0002083067452727944,8.591857681233457e-06,0.0002083067452727944,38.66842141492149
383,11557,51.59387590539969,0,0,0,0,0,0,0,1,0,0.0002083067452727944,8.591857681233457e-06,0.0002083067452727944,51.59112490539956
384,11269,50.04509397354118,0,0,0,0,0,0,0,1,0,0.0002083067452727944,8.591857681233457e-06,0.0002083067452727944,49.87209297354121
385,1510,13.74333335601346,0,0,0,1,10,0,0,0,0,0.0002083067452727944,8.591857681233457e-06,0.0002083067452727944,-1
386,7452,37.48528818978993,0,0,0,0,1,0,0,1,0,0.0002083067452727944,8.591857681233457e-06,0.0002083067452727944,37.31228718980787
387,7206,33.80853492653214,0,0,0,0,0,0,0,1,0,0.0002083067452727944,8.591857681233457e-06,0.0002083067452727944,33.63553392653212
388,9756,44.5485723819416,0,0,0,0,0,0,0,1,0,0.0002083067452727944,8.591857681233457e-06,0.0002083067452727944,44.37557138194162
389,10879,51.0712403862884,0,0,0,0,0,0,0,1,0,0.0002083067452727944,8.591857681233457e-06,0.0002083067452727944,51.06848938628823
390,1548,38.68156499014589,0,0,0,2,4,0,0,0,0,0.0002083067452727944,8.591857681233457e-06,0.0002083067452727944,-1
391,5145,22.06203268809417,0,0,0,0,0,0,0,1,0,0.0002083067452727944,8.591857681233457e-06,0.0002083067452727944,21.88903168809418
392,162,3.06168843622075,0,0,0,1,7,0,0,0,0,0.0002083067452727944,8.591857681233457e-06,0.0002083067452727944,-1
393,10712,48.85141234363333,0,0,0,0,0,0,0,1,0,0.0002083067452727944,8.591857681233457e-06,0.0002083067452727944,48.67841134363331
394,10173,46.62606889228284,0,0,0,0,0,0,0,1,0,0.0002083067452727944,8.591857681233457e-06,0.0002083067452727944,46.45306789228277
395,1454,53.69773505600478,0,0,0,5,26,0,0,0,0,0.0002083067452727944,8.591857681233457e-06,0.0002083067452727944,-1
396,6853,30.45721977907843,0,0,0,0,0,0,0,1,0,0.0002083067452727944,8.591857681233457e-06,0.0002083067452727944,30.45446877907845
397,10340,48.83739504581744,0,0,0,0,0,0,0,1,0,0.0002083067452727944,8.591857681233457e-06,0.0002083067452727944,48.83464404581746
398,3344,14.9520497803647,0,0,0,0,0,0,0,1,0,0.0002083067452727944,8.591857681233457e-06,0.0002083067452727944,14.77904878036469
399,17,21.5750347952947,0,0,0,1,9,0,0,0,0,0.0002083067452727944,8.591857681233457e-06,0.0002083067452727944,-1
400,5273,25.01262533921663,0,0,0,0,0,0,0,1,0,0.0002083067452727944,8.591857681233457e-06,0.0002083067452727944,24.83962433921662
401,10240,46.16077770302824,0,0,0,0,0,0,0,1,0,0.0002083067452727944,8.591857681233457e-06,0.0002083067452727944,46.15802670302823
402,10383,47.03471761389778,0,0,0,0,0,0,0,1,0,0.0002083067452727944,8.591857681233457e-06,0.0002083067452727944,46.86171661389782
403,18,2.20259413813106,0,0,0,0,0,0,0,0,0,0.0002083067452727944,8.591857681233457e-06,0.0002083067452727944,-1
404,8031,32.86138078043785,0,0,0,0,0,0,0,1,0,0.0002083067452727944,8.591857681233457e-06,0.0002083067452727944,32.85862978043779
405,10981,50.39578119004578,0,0,0,0,0,0,0,1,0,0.0002083067452727944,8.591857681233457e-06,0.0002083067452727944,50.22278019009265
406,1291,16.31395268134172,0,0,0,1,9,0,0,0,0,0.0002083067452727944,8.591857681233457e-06,0.0002083067452727944,-1
407,4554,19.14426776224032,0,0,0,0,0,0,0,1,0,0.0002083067452727944,8.591857681233457e-06,0.0002083067452727944,18.97126676224034
408,5937,24.83678571125308,0,0,0,0,0,0,0,1,0,0.0002083067452727944,8.591857681233457e-06,0.0002083067452727944,24.8340347112531
409,7688,34.33065785881961,0,0,0,0,0,0,0,1,0,0.0002083067452727944,8.591857681233457e-06,0.0002083067452727944,34.15765685881959
410,10709,49.79156337533102,0,0,0,0,0,0,0,1,0,0.0002083067452727944,8.591857681233457e-06,0.0002083067452727944,49.618562375331
411,6973,30.54879639025917,0,0,0,0,0,0,0,1,0,0.0002083067452727944,8.591857681233457e-06,0.0002083067452727944,30.37579539025919
412,3487,15.64784303273458,0,0,0,0,0,0,0,1,0,0.0002083067452727944,8.591857681233457e-06,0.0002083067452727944,15.47484203273457
413,32,28.1649449471083,0,0,0,2,19,0,0,0,0,0.0002083067452727944,8.591857681233457e-06,0.0002083067452727944,-1
414,10356,44.53059256124565,0,0,0,0,0,0,0,1,0,0.0002083067452727944,8.591857681233457e-06,0.0002083067452727944,44.3575915612456
415,11394,49.63213692243954,0,0,0,0,0,0,0,1,0,0.0002083067452727944,8.591857681233457e-06,0.0002083067452727944,49.45913592243938
416,7584,35.28159584258746,0,0,0,0,0,0,0,1,0,0.0002083067452727944,8.591857681233457e-06,0.0002083067452727944,35.10859484258746
417,38,32.36233049284939,0,0,0,2,19,0,0,0,0,0.0002083067452727944,8.591857681233457e-06,0.0002083067452727944,-1
418,8356,38.00924694765868,0,0,0,0,0,0,0,1,0,0.0002083067452727944,8.591857681233457e-06,0.0002083067452727944,38.00649594765866
419,5147,21.413697145524,0,0,0,0,0,0,0,1,0,0.0002083067452727944,8.591857681233457e-06,0.0002083067452727944,21.24069614552399
420,27,4.392019004697422,0,0,0,1,9,0,0,0,0,0.0002083067452727944,8.591857681233457e-06,0.0002083067452727944,-1
421,10665,46.05444382510845,0,0,0,0,0,0,0,1,0,0.0002083067452727944,8.591857681233457e-06,0.0002083067452727944,46.05169282510845
422,10375,44.00662715124712,0,0,0,0,0,0,0,1,0,0.0002083067452727944,8.591857681233457e-06,0.0002083067452727944,43.83362615124718
423,4729,23.00842332922668,0,0,0,0,0,0,0,1,0,0.0002083067452727944,8.591857681233457e-06,0.0002083067452727944,22.83542232922667
424,6262,33.98667939129298,0,0,0,0,0,0,0,1,0,0.0002083067452727944,8.591857681233457e-06,0.0002083067452727944,33.81367839130985
425,9879,44.46075306362358,0,0,0,0,0,0,0,1,0,0.0002083067452727944,8.591857681233457e-06,0.0002083067452727944,44.4580020636236
426,10332,45.30075563846721,0,0,0,0,0,0,0,1,0,0.0002083067452727944,8.591857681233457e-06,0.0002083067452727944,45.12775463846712
427,7,5.895435529568433,0,0,0,1,6,0,0,0,0,0.0002083067452727944,8.591857681233457e-06,0.0002083067452727944,-1
428,95,15.922881556942,0,0,0,3,24,0,0,0,0,0.0002083067452727944,8.591857681233457e-06,0.0002083067452727944,-1
429,9883,48.18938844012554,0,0,0,0,0,0,0,1,0,0.0002083067452727944,8.591857681233457e-06,0.0002083067452727944,48.01638744017269
430,183,2.074723180497249,0,0,0,0,0,0,0,0,0,0.0002083067452727944,8.591857681233457e-06,0.0002083067452727944,-1
431,548,18.36732434588356,0,0,0,1,5,0,0,0,0,0.0002083067452727944,8.591857681233457e-06,0.0002083067452727944,-1
432,7820,33.14955173433792,0,0,0,0,0,0,0,1,0,0.0002083067452727944,8.591857681233457e-06,0.0002083067452727944,32.97655073433791
433,5006,22.74442602658344,0,0,0,0,0,0,0,1,0,0.0002083067452727944,8.591857681233457e-06,0.0002083067452727944,22.57142502658343
434,7454,34.99999129849735,0,0,0,0,0,0,0,1,0,0.0002083067452727944,8.591857681233457e-06,0.0002083067452727944,34.82699029849736
435,5143,21.02139124772636,0,0,0,0,0,0,0,1,0,0.0002083067452727944,8.591857681233457e-06,0.0002083067452727944,20.84839024772634
436,0,9.794664029626844,0,0,0,3,20,0,0,0,0,0.0002083067452727944,8.591857681233457e-06,0.0002083067452727944,-1
437,6258,27.74761303124762,0,0,0,0,0,0,0,1,0,0.0002083067452727944,8.591857681233457e-06,0.0002083067452727944,27.57461203124767
438,3844,17.63434809250274,0,0,0,0,0,0,0,1,0,0.0002083067452727944,8.591857681233457e-06,0.0002083067452727944,17.46134709250276
439,8334,38.37209173147365,0,0,0,0,0,0,0,1,0,0.0002083067452727944,8.591857681233457e-06,0.0002083067452727944,38.36934073147373
440,4945,21.01454243484663,0,0,0,0,0,0,0,1,0,0.0002083067452727944,8.591857681233457e-06,0.0002083067452727944,21.01179143484663
441,9663,42.66969622246611,0,0,0,0,0,0,0,1,0,0.0002083067452727944,8.591857681233457e-06,0.0002083067452727944,42.4966952224661
442,89,3.824139580871933,0,0,0,1,8,0,0,0,0,0.0002083067452727944,8.591857681233457e-06,0.0002083067452727944,-1
443,5848,26.2384923526134,0,0,0,0,0,0,0,1,0,0.0002083067452727944,8.591857681233457e-06,0.0002083067452727944,26.0654913526134
444,3720,19.07971235215865,0,0,0,0,0,0,0,1,0,0.0002083067452727944,8.591857681233457e-06,0.0002083067452727944,18.90671135215865
445,10212,47.80432991570574,0,0,0,0,0,0,0,1,0,0.0002083067452727944,8.591857681233457e-06,0.0002083067452727944,47.80157891573266
446,0,28.515492377508,0,0,0,2,17,0,0,0,0,0.0002083067452727944,8.591857681233457e-06,0.0002083067452727944,-1
447,10098,40.93817084042259,0,0,0,0,0,0,0,1,0,0.0002083067452727944,8.591857681233457e-06,0.0002083067452727944,40.93541984042263
448,8772,45.18091914452864,0,0,0,0,0,0,0,1,0,0.0002083067452727944,8.591857681233457e-06,0.0002083067452727944,45.17816814452064
449,10712,47.41250942676668,0,0,0,0,0,0,0,1,0,0.0002083067452727944,8.591857681233457e-06,0.0002083067452727944,47.40975842676666
450,6065,26.48742913616839,0,0,0,0,0,0,0,1,0,0.0002083067452727944,8.591857681233457e-06,0.0002083067452727944,26.48467813616838
451,9460,41.85981600915927,0,0,0,0,0,0,0,1,0,0.0002083067452727944,8.591857681233457e-06,0.0002083067452727944,41.85706500915926
452,9519,44.11134528184546,0,0,0,0,0,0,0,1,0,0.0002083067452727944,8.591857681233457e-06,0.0002083067452727944,44.10859428184546
453,11430,51.43895616900542,0,0,0,0,0,0,0,1,0,0.0002083067452727944,8.591857681233457e-06,0.0002083067452727944,51.2659551692233
454,8507,41.60667199591063,0,0,0,0,0,0,0,1,0,0.0002083067452727944,8.591857681233457e-06,0.0002083067452727944,41.60392099591062
455,5965,24.92919774839412,0,0,0,0,0,0,0,1,0,0.0002083067452727944,8.591857681233457e-06,0.0002083067452727944,24.75619674839418
456,7704,33.93674296828161,0,0,0,0,0,0,0,1,0,0.0002083067452727944,8.591857681233457e-06,0.0002083067452727944,33.76374196828164
457,1604,9.171391363235623,0,0,0,1,4,0,0,0,0,0.0002083067452727944,8.591857681233457e-06,0.0002083067452727944,-1
458,10574,47.61012605745528,0,0,0,0,0,0,0,1,0,0.0002083067452727944,8.591857681233457e-06,0.0002083067452727944,47.60737505745522
459,11133,48.44784575048887,0,0,0,0,0,0,0,1,0,0.0002083067452727944,8.591857681233457e-06,0.0002083067452727944,48.27484475051583
460,11243,51.11883450230006,0,0,0,0,0,0,0,1,0,0.0002083067452727944,8.591857681233457e-06,0.0002083067452727944,50.94583350229998
461,4787,22.66479347793144,0,0,0,0,0,0,0,1,0,0.0002083067452727944,8.591857681233457e-06,0.0002083067452727944,22.49179247793144
462,9506,42.91281671940544,0,0,0,0,0,0,0,1,0,0.0002083067452727944,8.591857681233457e-06,0.0002083067452727944,42.73981571940544
463,7321,31.80510737669712,0,0,0,0,0,0,0,1,0,0.0002083067452727944,8.591857681233457e-06,0.0002083067452727944,31.63210637669712
464,3999,19.76503170900493,0,0,0,0,0,0,0,1,0,0.0002083067452727944,8.591857681233457e-06,0.0002083067452727944,19.59203070900494
465,6878,28.9095230777493,0,0,0,0,0,0,0,1,0,0.0002083067452727944,8.591857681233457e-06,0.0002083067452727944,28.90677207774924
466,11057,46.90577819025512,0,0,0,0,0,0,0,1,0,0.0002083067452727944,8.591857681233457e-06,0.0002083067452727944,46.7327771902551
467,9125,42.42008723529111,0,0,0,0,0,0,0,1,0,0.0002083067452727944,8.591857681233457e-06,0.0002083067452727944,42.41733623529115
468,841,4.606411072247565,0,0,0,0,0,0,0,1,0,0.0002083067452727944,8.591857681233457e-06,0.0002083067452727944,4.433410072247564
469,10269,47.90383548758036,0,0,0,0,0,0,0,1,0,0.0002083067452727944,8.591857681233457e-06,0.0002083067452727944,47.90108448763744
470,3671,17.85207451735472,0,0,0,0,0,0,0,1,0,0.0002083067452727944,8.591857681233457e-06,0.0002083067452727944,17.67907351735472
471,9152,42.77289069404159,0,0,0,0,0,0,0,1,0,0.0002083067452727944,8.591857681233457e-06,0.0002083067452727944,42.59988969404155
472,9575,46.0893841835417,0,0,0,0,0,0,0,1,0,0.0002083067452727944,8.591857681233457e-06,0.0002083067452727944,46.08663318354165
473,11052,49.84189731367537,0,0,0,0,0,0,0,1,0,0.0002083067452727944,8.591857681233457e-06,0.0002083067452727944,49.83914631367534
474,8522,39.05412439973669,0,0,0,0,0,0,0,1,0,0.0002083067452727944,8.591857681233457e-06,0.0002083067452727944,38.88112339973667
475,8709,38.30832827497647,0,0,0,0,0,0,0,1,0,0.0002083067452727944,8.591857681233457e-06,0.0002083067452727944,38.13532727497647
476,8283,34.36450474456424,0,0,0,0,0,0,0,1,0,0.0002083067452727944,8.591857681233457e-06,0.0002083067452727944,34.36175374456424
477,6729,30.53530015362326,0,0,0,0,0,0,0,1,0,0.0002083067452727944,8.591857681233457e-06,0.0002083067452727944,30.36229915362329
478,7823,33.24259125253737,0,0,0,0,0,0,0,1,0,0.0002083067452727944,8.591857681233457e-06,0.0002083067452727944,33.06959025253734
479,1116,11.66330875158407,0,0,0,1,6,0,0,0,0,0.0002083067452727944,8.591857681233457e-06,0.0002083067452727944,-1
480,338,6.142313358853801,0,0,0,2,7,0,0,0,0,0.0002083067452727944,8.591857681233457e-06,0.0002083067452727944,-1
481,4344,20.34601666006637,0,0,0,0,0,0,0,1,0,0.0002083067452727944,8.591857681233457e-06,0.0002083067452727944,20.34326566006638
482,3106,13.54734910319274,0,0,0,0,0,0,0,1,0,0.0002083067452727944,8.591857681233457e-06,0.0002083067452727944,13.54459810319275
483,5665,26.1345039039643,0,0,0,0,0,0,0,1,0,0.0002083067452727944,8.591857681233457e-06,0.0002083067452727944,25.9615029039643
484,0,0.002751,0,0,0,0,0,0,0,0,0,0.0002083067452727944,8.591857681233457e-06,0.0002083067452727944,-1
485,10427,47.41323214469381,0,0,0,0,0,0,0,1,0,0.0002083067452727944,8.591857681233457e-06,0.0002083067452727944,47.41048114469371
486,3674,20.52913348095511,0,0,0,0,0,0,0,1,0,0.0002083067452727944,8.591857681233457e-06,0.0002083067452727944,20.35613248095511
487,2994,35.18595814758375,0,0,0,2,10,0,0,0,0,0.0002083067452727944,8.591857681233457e-06,0.0002083067452727944,-1
488,8994,41.58409292233833,0,0,0,0,0,0,0,1,0,0.0002083067452727944,8.591857681233457e-06,0.0002083067452727944,41.58134192233835
489,5664,25.64475290485896,0,0,0,0,0,0,0,1,0,0.0002083067452727944,8.591857681233457e-06,0.0002083067452727944,25.64200190485893
490,7664,35.27993372459697,0,0,0,0,0,0,0,1,0,0.0002083067452727944,8.591857681233457e-06,0.0002083067452727944,35.10693272459692
491,10940,50.6047818766359,0,0,0,0,0,0,0,1,0,0.0002083067452727944,8.591857681233457e-06,0.0002083067452727944,50.43178087663591
492,6712,28.99492160580392,0,0,0,0,0,0,0,1,0,0.0002083067452727944,8.591857681233457e-06,0.0002083067452727944,28.99217060580391
493,6508,29.80101931217681,0,0,0,0,0,0,0,1,0,0.0002083067452727944,8.591857681233457e-06,0.0002083067452727944,29.62801831217684
494,7756,33.36596964827253,0,0,0,0,0,0,0,1,0,0.0002083067452727944,8.591857681233457e-06,0.0002083067452727944,33.36321864827253
495,10210,45.01177612113835,0,0,0,0,0,0,0,1,0,0.0002083067452727944,8.591857681233457e-06,0.0002083067452727944,44.83877512113833
496,5480,26.3071611498588,0,0,0,0,0,0,0,1,0,0.0002083067452727944,8.591857681233457e-06,0.0002083067452727944,26.30441014985877
497,3413,15.48880072429324,0,0,0,0,0,0,0,1,0,0.0002083067452727944,8.591857681233457e-06,0.0002083067452727944,15.48604972429323
498,11634,50.86361668501878,0,0,0,0,0,0,0,1,0,0.0002083067452727944,8.591857681233457e-06,0.0002083067452727944,50.8608656847008
499,5368,23.35509079042774,0,0,0,0,0,0,0,1,0,0.0002083067452727944,8.591857681233457e-06,0.0002083067452727944,23.35233979042777
500,7096,33.76705327326114,0,0,0,0,0,0,0,1,0,0.0002083067452727944,8.591857681233457e-06,0.0002083067452727944,33.76430227326107
501,8564,36.29505703424108,0,0,0,0,0,0,0,1,0,0.0002083067452727944,8.591857681233457e-06,0.0002083067452727944,36.29230603424107
502,10867,50.10788193743106,0,0,0,0,0,0,0,1,0,0.0002083067452727944,8.591857681233457e-06,0.0002083067452727944,49.9348809374565
503,4877,23.64749742624749,0,0,0,0,0,0,0,1,0,0.0002083067452727944,8.591857681233457e-06,0.0002083067452727944,23.47449642624746
504,4375,18.16842082649322,0,0,0,0,0,0,0,1,0,0.0002083067452727944,8.591857681233457e-06,0.0002083067452727944,17.99541982649321
505,10547,47.07898011669452,0,0,0,0,0,0,0,1,0,0.0002083067452727944,8.591857681233457e-06,0.0002083067452727944,47.07622911669445
506,12171,51.20831412130365,0,0,0,0,0,0,0,1,0,0.0002083067452727944,8.591857681233457e-06,0.0002083067452727944,51.03531312130361
507,8727,36.60413642784927,0,0,0,0,0,0,0,1,0,0.0002083067452727944,8.591857681233457e-06,0.0002083067452727944,36.4311354278492
508,9971,48.3929293547172,0,0,0,0,0,0,0,1,0,0.0002083067452727944,8.591857681233457e-06,0.0002083067452727944,48.21992835471709
509,10101,44.59942292267466,0,0,0,0,0,0,0,1,0,0.0002083067452727944,8.591857681233457e-06,0.0002083067452727944,44.59667192267469
510,8355,36.54694396384545,0,0,0,0,0,0,0,1,0,0.0002083067452727944,8.591857681233457e-06,0.0002083067452727944,36.37394296384544
511,8209,38.07496237134985,0,0,0,0,0,0,0,1,0,0.0002083067452727944,8.591857681233457e-06,0.0002083067452727944,37.90196137046285
512,5871,27.00209497043011,0,0,0,0,0,0,0,1,0,0.0002083067452727944,8.591857681233457e-06,0.0002083067452727944,26.82909397043013
513,106,14.85757698603017,0,0,0,1,11,0,0,0,0,0.0002083067452727944,8.591857681233457e-06,0.0002083067452727944,-1
514,8941,41.03184048362029,0,0,0,0,0,0,0,1,0,0.0002083067452727944,8.591857681233457e-06,0.0002083067452727944,40.85883948362024
515,0,24.06446508177351,0,0,0,3,25,0,0,0,0,0.0002083067452727944,8.591857681233457e-06,0.0002083067452727944,-1
516,11410,51.8042024028915,0,0,0,0,0,0,0,1,0,0.0002083067452727944,8.591857681233457e-06,0.0002083067452727944,51.63120140289136
517,9107,41.32133026583023,0,0,0,0,0,0,0,1,0,0.0002083067452727944,8.591857681233457e-06,0.0002083067452727944,41.31857926583021
518,11131,49.35769412810593,0,0,0,0,0,0,0,1,0,0.0002083067452727944,8.591857681233457e-06,0.0002083067452727944,49.18469312810589
519,7,13.94490384543382,0,0,0,2,9,0,0,0,0,0.0002083067452727944,8.591857681233457e-06,0.0002083067452727944,-1
520,8005,38.82888324312196,0,0,0,0,0,0,0,1,0,0.0002083067452727944,8.591857681233457e-06,0.0002083067452727944,38.65588224312197
521,11827,50.65994424451677,0,0,0,0,0,0,0,1,0,0.0002083067452727944,8.591857681233457e-06,0.0002083067452727944,50.48694324451672
522,9663,41.82464061607578,0,0,0,0,0,0,0,1,0,0.0002083067452727944,8.591857681233457e-06,0.0002083067452727944,41.65163961607583
523,10029,45.26656854969952,0,0,0,0,0,0,0,1,0,0.0002083067452727944,8.591857681233457e-06,0.0002083067452727944,45.09356754969957
524,4508,18.1055880926838,0,0,0,0,0,0,0,1,0,0.0002083067452727944,8.591857681233457e-06,0.0002083067452727944,17.9325870926838
525,8078,40.28226851780438,0,0,0,0,0,0,0,1,0,0.0002083067452727944,8.591857681233457e-06,0.0002083067452727944,40.1092675178118
526,5585,23.4383806791897,0,0,0,0,0,0,0,1,0,0.0002083067452727944,8.591857681233457e-06,0.0002083067452727944,23.26537967918971
527,9198,41.77104603153789,0,0,0,0,0,0,0,1,0,0.0002083067452727944,8.591857681233457e-06,0.0002083067452727944,41.59804503153791
528,4194,19.00645767556571,0,0,0,0,0,0,0,1,0,0.0002083067452727944,8.591857681233457e-06,0.0002083067452727944,18.83345667556569
529,2881,12.92059989268136,0,0,0,0,0,0,0,1,0,0.0002083067452727944,8.591857681233457e-06,0.0002083067452727944,12.74759889268136
530,7964,36.42182846411433,0,0,0,0,0,0,0,1,0,0.0002083067452727944,8.591857681233457e-06,0.0002083067452727944,36.24882746411433
531,9283,48.30785272610306,0,0,0,0,0,0,0,1,0,0.0002083067452727944,8.591857681233457e-06,0.0002083067452727944,48.30510172610312
532,8578,42.96734008911533,0,0,0,0,0,0,0,1,0,0.0002083067452727944,8.591857681233457e-06,0.0002083067452727944,42.96458908911524
533,11536,50.65679835722811,0,0,0,0,1,0,0,1,0,0.0002083067452727944,8.591857681233457e-06,0.0002083067452727944,50.48379735715363
534,999,26.60745504800139,0,0,0,2,6,0,0,0,0,0.0002083067452727944,8.591857681233457e-06,0.0002083067452727944,-1
535,8765,36.01597900441264,0,0,0,0,0,0,0,1,0,0.0002083067452727944,8.591857681233457e-06,0.0002083067452727944,35.84297800441654
536,5161,23.02950616578017,0,0,0,0,0,0,0,1,0,0.0002083067452727944,8.591857681233457e-06,0.0002083067452727944,23.02675516578019
537,10932,43.57640599279152,0,0,0,0,0,0,0,1,0,0.0002083067452727944,8.591857681233457e-06,0.0002083067452727944,43.57365499279154
538,8906,47.15991059869076,0,0,0,0,0,0,0,1,0,0.0002083067452727944,8.591857681233457e-06,0.0002083067452727944,46.9869095986916
539,10222,46.15536827523713,0,0,0,0,0,0,0,1,0,0.0002083067452727944,8.591857681233457e-06,0.0002083067452727944,45.9823672752371
540,2570,11.78259405900664,0,0,0,0,0,0,0,1,0,0.0002083067452727944,8.591857681233457e-06,0.0002083067452727944,11.60959305900665
541,8710,41.2083822061761,0,0,0,0,0,0,0,1,0,0.0002083067452727944,8.591857681233457e-06,0.0002083067452727944,41.03538120617615
542,11069,51.11442924720519,0,0,0,0,0,0,0,1,0,0.0002083067452727944,8.591857681233457e-06,0.0002083067452727944,50.94142824721622
543,2539,12.40705849400151,0,0,0,0,0,0,0,1,0,0.0002083067452727944,8.591857681233457e-06,0.0002083067452727944,12.23405749400152
544,4490,19.02798532141114,0,0,0,0,0,0,0,1,0,0.0002083067452727944,8.591857681233457e-06,0.0002083067452727944,19.02523432141111
545,5884,29.94322977888518,0,0,0,0,0,0,0,1,0,0.0002083067452727944,8.591857681233457e-06,0.0002083067452727944,29.94047877888519
546,9675,42.0446199290743,0,0,0,0,0,0,0,1,0,0.0002083067452727944,8.591857681233457e-06,0.0002083067452727944,42.04186892907424
547,10528,48.64333736234043,0,0,0,0,0,0,0,1,0,0.0002083067452727944,8.591857681233457e-06,0.0002083067452727944,48.64058636234033
548,10239,44.9730573906962,0,0,0,0,0,0,0,1,0,0.0002083067452727944,8.591857681233457e-06,0.0002083067452727944,44.80005639069621
549,10876,47.14412840958825,0,0,0,0,0,0,0,1,0,0.0002083067452727944,8.591857681233457e-06,0.0002083067452727944,46.97112740958809
550,9893,49.54122242207191,0,0,0,0,0,0,0,1,0,0.0002083067452727944,8.591857681233457e-06,0.0002083067452727944,49.36822142207189
551,12018,51.92097743267163,0,0,0,0,0,0,0,1,0,0.0002083067452727944,8.591857681233457e-06,0.0002083067452727944,51.9182264326715
552,9747,45.30517432065737,0,0,0,0,0,0,0,1,0,0.0002083067452727944,8.591857681233457e-06,0.0002083067452727944,45.1321733206573
553,11535,50.35120185346506,0,0,0,0,0,0,0,1,0,0.0002083067452727944,8.591857681233457e-06,0.0002083067452727944,50.17820085346492
554,6520,28.65047075289224,0,0,0,0,0,0,0,1,0,0.0002083067452727944,8.591857681233457e-06,0.0002083067452727944,28.47746975289227
555,2879,11.61855078544553,0,0,0,0,0,0,0,1,0,0.0002083067452727944,8.591857681233457e-06,0.0002083067452727944,11.61579978544553
556,7687,37.43439576420759,0,0,0,0,0,0,0,1,0,0.0002083067452727944,8.591857681233457e-06,0.0002083067452727944,37.43164476420755
557,85,9.054908441761016,0,0,0,1,7,0,0,0,0,0.0002083067452727944,8.591857681233457e-06,0.0002083067452727944,-1
558,10368,45.36241112296619,0,0,0,0,0,0,0,1,0,0.0002083067452727944,8.591857681233457e-06,0.0002083067452727944,45.18941012296614
559,5242,21.88032173297113,0,0,0,0,0,0,0,1,0,0.0002083067452727944,8.591857681233457e-06,0.0002083067452727944,21.70732073297111
560,7302,30.75564432308549,0,0,0,0,0,0,0,1,0,0.0002083067452727944,8.591857681233457e-06,0.0002083067452727944,30.58264332308551
561,4397,19.25251887416945,0,0,0,0,0,0,0,1,0,0.0002083067452727944,8.591857681233457e-06,0.0002083067452727944,19.07951787416946
562,4485,21.32154315541663,0,0,0,0,0,0,0,1,0,0.0002083067452727944,8.591857681233457e-06,0.0002083067452727944,21.31879215541662
563,10071,44.69414583318007,0,0,0,0,0,0,0,1,0,0.0002083067452727944,8.591857681233457e-06,0.0002083067452727944,44.52114483317998
564,4890,23.9873559186085,0,0,0,0,0,0,0,1,0,0.0002083067452727944,8.591857681233457e-06,0.0002083067452727944,23.9846049186085
565,8375,38.85140254478573,0,0,0,0,0,0,0,1,0,0.0002083067452727944,8.591857681233457e-06,0.0002083067452727944,38.6784015447857
566,3993,18.62432989596349,0,0,0,0,0,0,0,1,0,0.0002083067452727944,8.591857681233457e-06,0.0002083067452727944,18.45132889596347
567,3807,16.95321306303207,0,0,0,0,0,0,0,1,0,0.0002083067452727944,8.591857681233457e-06,0.0002083067452727944,16.78021206303208
568,9603,43.97099720933458,0,0,0,0,0,0,0,1,0,0.0002083067452727944,8.591857681233457e-06,0.0002083067452727944,43.79799620933457
569,9227,38.29223295723428,0,0,0,0,0,0,0,1,0,0.0002083067452727944,8.591857681233457e-06,0.0002083067452727944,38.11923195723426
570,11374,49.40004228354392,0,0,0,0,0,0,0,1,0,0.0002083067452727944,8.591857681233457e-06,0.0002083067452727944,49.22704128354382
571,5585,30.21965167088528,0,0,0,0,0,0,0,1,0,0.0002083067452727944,8.591857681233457e-06,0.0002083067452727944,30.04665067088527
572,9470,40.7520308531432,0,0,0,0,0,0,0,1,0,0.0002083067452727944,8.591857681233457e-06,0.0002083067452727944,40.57902985314317
573,25,27.27728103664493,0,0,0,2,15,0,0,0,0,0.0002083067452727944,8.591857681233457e-06,0.0002083067452727944,-1
574,8392,39.75846969361115,0,0,0,0,0,0,0,1,0,0.0002083067452727944,8.591857681233457e-06,0.0002083067452727944,39.58546869361114
575,2649,11.39642055971372,0,0,0,0,0,0,0,1,0,0.0002083067452727944,8.591857681233457e-06,0.0002083067452727944,11.22341955971373
576,6577,29.96765413690281,0,0,0,0,0,0,0,1,0,0.0002083067452727944,8.591857681233457e-06,0.0002083067452727944,29.79465313690279
577,7555,36.02796244616374,0,0,0,0,0,0,0,1,0,0.0002083067452727944,8.591857681233457e-06,0.0002083067452727944,35.85496144616378
578,9041,41.59761821912666,0,0,0,0,0,0,0,1,0,0.0002083067452727944,8.591857681233457e-06,0.0002083067452727944,41.59486721912665
579,7525,33.08673127173969,0,0,0,0,0,0,0,1,0,0.0002083067452727944,8.591857681233457e-06,0.0002083067452727944,32.91373027173969
580,6426,30.03120967111609,0,0,0,0,0,0,0,1,0,0.0002083067452727944,8.591857681233457e-06,0.0002083067452727944,29.85820867111609
581,9450,44.6740214408986,0,0,0,0,0,0,0,1,0,0.0002083067452727944,8.591857681233457e-06,0.0002083067452727944,44.6712704408986
582,10651,48.47103322602176,0,0,0,0,0,0,0,1,0,0.0002083067452727944,8.591857681233457e-06,0.0002083067452727944,48.29803222590737
583,5966,24.39612503886067,0,0,0,0,0,0,0,1,0,0.0002083067452727944,8.591857681233457e-06,0.0002083067452727944,24.22312403886071
584,6930,28.44703073213832,0,0,0,0,0,0,0,1,0,0.0002083067452727944,8.591857681233457e-06,0.0002083067452727944,28.2740297321383
585,6299,28.59953674121709,0,0,0,0,0,0,0,1,0,0.0002083067452727944,8.591857681233457e-06,0.0002083067452727944,28.42653574121707
586,8468,37.64193820988378,0,0,0,0,0,0,0,1,0,0.0002083067452727944,8.591857681233457e-06,0.0002083067452727944,37.46893720989245
587,12163,50.8848420934051,0,0,0,0,0,0,0,1,0,0.0002083067452727944,8.591857681233457e-06,0.0002083067452727944,50.88209109340519
588,6366,32.11164640294439,0,0,0,0,0,0,0,1,0,0.0002083067452727944,8.591857681233457e-06,0.0002083067452727944,32.1088954029444
589,11076,48.22493275208306,0,0,0,0,0,0,0,1,0,0.0002083067452727944,8.591857681233457e-06,0.0002083067452727944,48.222181752083
590,9012,41.53751190346888,0,0,0,0,0,0,0,1,0,0.0002083067452727944,8.591857681233457e-06,0.0002083067452727944,41.36451090346887
591,8712,37.15717698334896,0,0,0,0,0,0,0,1,0,0.0002083067452727944,8.591857681233457e-06,0.0002083067452727944,36.98417598334898
592,6858,29.1223714438829,0,0,0,0,0,0,0,1,0,0.0002083067452727944,8.591857681233457e-06,0.0002083067452727944,28.94937044388287
593,2050,9.896458456665183,0,0,0,0,0,0,0,1,0,0.0002083067452727944,8.591857681233457e-06,0.0002083067452727944,9.72345745666518
594,10355,49.87225635774153,0,0,0,0,0,0,0,1,0,0.0002083067452727944,8.591857681233457e-06,0.0002083067452727944,49.86950535785699
595,10776,49.91126087624301,0,0,0,0,0,0,0,1,0,0.0002083067452727944,8.591857681233457e-06,0.0002083067452727944,49.90850987624295
596,8718,40.95756306834703,0,0,0,0,0,0,0,1,0,0.0002083067452727944,8.591857681233457e-06,0.0002083067452727944,40.78456206834697
597,7615,32.97208315223298,0,0,0,0,0,0,0,1,0,0.0002083067452727944,8.591857681233457e-06,0.0002083067452727944,32.79908215223296
598,47,5.840196558163364,0,0,0,1,9,0,0,0,0,0.0002083067452727944,8.591857681233457e-06,0.0002083067452727944,-1
599,5504,23.10920225178156,0,0,0,0,0,0,0,1,0,0.0002083067452727944,8.591857681233457e-06,0.0002083067452727944,22.93620125178154
600,6609,28.80221205235669,0,0,0,0,0,0,0,1,0,0.0002083067452727944,8.591857681233457e-06,0.0002083067452727944,28.62921105235669
601,8508,38.00240057065418,0,0,0,0,0,0,0,1,0,0.0002083067452727944,8.591857681233457e-06,0.0002083067452727944,37.82939957065413
602,10643,47.6593212929577,0,0,0,0,0,0,0,1,0,0.0002083067452727944,8.591857681233457e-06,0.0002083067452727944,47.48632029295776
603,10634,50.87696183714329,0,0,0,0,0,0,0,1,0,0.0002083067452727944,8.591857681233457e-06,0.0002083067452727944,50.70396083725227
604,6365,28.42971085664666,0,0,0,0,0,0,0,1,0,0.0002083067452727944,8.591857681233457e-06,0.0002083067452727944,28.25670985664668
605,7789,32.93047819197281,0,0,0,0,0,0,0,1,0,0.0002083067452727944,8.591857681233457e-06,0.0002083067452727944,32.92772719197277
606,8960,39.22654714336021,0,0,0,0,0,0,0,1,0,0.0002083067452727944,8.591857681233457e-06,0.0002083067452727944,39.2237961433602
607,8797,38.5847493026132,0,0,0,0,0,0,0,1,0,0.0002083067452727944,8.591857681233457e-06,0.0002083067452727944,38.41174830261314
608,9803,43.6610973367417,0,0,0,0,0,0,0,1,0,0.0002083067452727944,8.591857681233457e-06,0.0002083067452727944,43.65834633674162
609,10904,52.349975599699,0,0,0,0,0,0,0,1,0,0.0002083067452727944,8.591857681233457e-06,0.0002083067452727944,52.1769745996989
610,5851,25.43412655971522,0,0,0,0,0,0,0,1,0,0.0002083067452727944,8.591857681233457e-06,0.0002083067452727944,25.43137555971519
611,6329,26.73154288177878,0,0,0,0,0,0,0,1,0,0.0002083067452727944,8.591857681233457e-06,0.0002083067452727944,26.72879188177878
612,9861,41.91695715770764,0,0,0,0,0,0,0,1,0,0.0002083067452727944,8.591857681233457e-06,0.0002083067452727944,41.91420615770767
613,6862,34.01539609634288,0,0,0,0,0,0,0,1,0,0.0002083067452727944,8.591857681233457e-06,0.0002083067452727944,33.84239509636443
614,4876,21.99696090168561,0,0,0,0,0,0,0,1,0,0.0002083067452727944,8.591857681233457e-06,0.0002083067452727944,21.82395990168562
615,6234,29.39087557514302,0,0,0,0,0,0,0,1,0,0.0002083067452727944,8.591857681233457e-06,0.0002083067452727944,29.38812457514306
616,8280,34.56410558022512,0,0,0,0,0,0,0,1,0,0.0002083067452727944,8.591857681233457e-06,0.0002083067452727944,34.39110458022509
617,9567,40.98390425817514,0,0,0,0,0,0,0,1,0,0.0002083067452727944,8.591857681233457e-06,0.0002083067452727944,40.81090325817507
618,284,52.08353572373834,0,0,0,3,29,0,0,0,0,0.0002083067452727944,8.591857681233457e-06,0.0002083067452727944,-1
619,7089,29.27408840344696,0,0,0,0,0,0,0,1,0,0.0002083067452727944,8.591857681233457e-06,0.0002083067452727944,29.10108740344698
620,10162,43.50614903794403,0,0,0,0,0,0,0,1,0,0.0002083067452727944,8.591857681233457e-06,0.0002083067452727944,43.33314803794401
621,11562,51.82105084566457,0,0,0,0,0,0,0,1,0,0.0002083067452727944,8.591857681233457e-06,0.0002083067452727944,51.81829984566451
622,6309,28.06848988508695,0,0,0,0,0,0,0,1,0,0.0002083067452727944,8.591857681233457e-06,0.0002083067452727944,27.89548888508695
623,5582,25.81585469523709,0,0,0,0,0,0,0,1,0,0.0002083067452727944,8.591857681233457e-06,0.0002083067452727944,25.81310369523192
624,9928,40.87170442336543,0,0,0,0,0,0,0,1,0,0.0002083067452727944,8.591857681233457e-06,0.0002083067452727944,40.86895342336545
625,10102,44.93965665040498,0,0,0,0,0,0,0,1,0,0.0002083067452727944,8.591857681233457e-06,0.0002083067452727944,44.7666556504049
626,8335,37.72883381217293,0,0,0,0,0,0,0,1,0,0.0002083067452727944,8.591857681233457e-06,0.0002083067452727944,37.72608281217296
627,5239,24.00859249041231,0,0,0,0,0,0,0,1,0,0.0002083067452727944,8.591857681233457e-06,0.0002083067452727944,24.0058414904123
628,9151,43.27809725263329,0,0,0,0,0,0,0,1,0,0.0002083067452727944,8.591857681233457e-06,0.0002083067452727944,43.27534625263264
629,11835,51.8984909581154,0,0,0,0,0,0,0,1,0,0.0002083067452727944,8.591857681233457e-06,0.0002083067452727944,51.72548995811536
630,7155,31.66268494324023,0,0,0,0,0,0,0,1,0,0.0002083067452727944,8.591857681233457e-06,0.0002083067452727944,31.48968394324019
631,10165,45.23899772118765,0,0,0,0,0,0,0,1,0,0.0002083067452727944,8.591857681233457e-06,0.0002083067452727944,45.23624672118761
632,27,1.886821902436501,0,0,0,0,0,0,0,0,0,0.0002083067452727944,8.591857681233457e-06,0.0002083067452727944,-1
633,10814,50.44737417623247,0,0,0,0,0,0,0,1,0,0.0002083067452727944,8.591857681233457e-06,0.0002083067452727944,50.27437317623257
634,1916,47.44341604947839,0,0,0,3,15,0,0,0,0,0.0002083067452727944,8.591857681233457e-06,0.0002083067452727944,-1
635,2064,10.59326835221992,0,0,0,0,0,0,0,1,0,0.0002083067452727944,8.591857681233457e-06,0.0002083067452727944,10.42026735221992
636,1,58.90510418019574,0,0,0,3,22,0,0,0,0,0.0002083067452727944,8.591857681233457e-06,0.0002083067452727944,-1
637,8980,41.69569173711058,0,0,0,0,0,0,0,1,0,0.0002083067452727944,8.591857681233457e-06,0.0002083067452727944,41.52269073711048
638,11556,49.37498271349299,0,0,0,0,0,0,0,1,0,0.0002083067452727944,8.591857681233457e-06,0.0002083067452727944,49.20198171349296
639,8387,34.36196262904851,0,0,0,0,0,0,0,1,0,0.0002083067452727944,8.591857681233457e-06,0.0002083067452727944,34.18896162904846
640,8947,41.59871749644876,0,0,0,0,0,0,0,1,0,0.0002083067452727944,8.591857681233457e-06,0.0002083067452727944,41.59596649644867
641,11004,49.85135496803817,0,0,0,0,0,0,0,1,0,0.0002083067452727944,8.591857681233457e-06,0.0002083067452727944,49.6783539680381
642,2751,12.43476891840627,0,0,0,0,0,0,0,1,0,0.0002083067452727944,8.591857681233457e-06,0.0002083067452727944,12.26176791840626
643,9341,43.16886704520937,0,0,0,0,0,0,0,1,0,0.0002083067452727944,8.591857681233457e-06,0.0002083067452727944,42.99586604520935
644,4703,25.02851640867047,0,0,0,0,0,0,0,1,0,0.0002083067452727944,8.591857681233457e-06,0.0002083067452727944,24.85551540867047
645,6168,28.37816003234361,0,0,0,0,0,0,0,1,0,0.0002083067452727944,8.591857681233457e-06,0.0002083067452727944,28.37540903234362
646,250,29.49542457944661,0,0,0,1,13,0,0,0,0,0.0002083067452727944,8.591857681233457e-06,0.0002083067452727944,-1
647,5485,24.44249802520877,0,0,0,0,0,0,0,1,0,0.0002083067452727944,8.591857681233457e-06,0.0002083067452727944,24.43974702520876
648,11804,49.50245597485763,0,0,0,0,0,0,0,1,0,0.0002083067452727944,8.591857681233457e-06,0.0002083067452727944,49.4997049748576
649,6585,33.17309444241344,0,0,0,0,0,0,0,1,0,0.0002083067452727944,8.591857681233457e-06,0.0002083067452727944,33.00009344241338
650,11996,53.0218197963444,0,0,0,0,0,0,0,1,0,0.0002083067452727944,8.591857681233457e-06,0.0002083067452727944,52.84881879625964
651,4160,18.55016857094175,0,0,0,0,0,0,0,1,0,0.0002083067452727944,8.591857681233457e-06,0.0002083067452727944,18.37716757094174
652,9238,44.11399931971729,0,0,0,0,0,0,0,1,0,0.0002083067452727944,8.591857681233457e-06,0.0002083067452727944,43.94099831971723
653,2313,11.94551706634627,0,0,0,0,0,0,0,1,0,0.0002083067452727944,8.591857681233457e-06,0.0002083067452727944,11.77251606634628
654,10212,50.39051549484434,0,0,0,0,0,0,0,1,0,0.0002083067452727944,8.591857681233457e-06,0.0002083067452727944,50.21751449484422
655,149,2.998023323579444,0,0,0,0,0,0,0,0,0,0.0002083067452727944,8.591857681233457e-06,0.0002083067452727944,-1
656,9656,47.61532206466511,0,0,0,0,0,0,0,1,0,0.0002083067452727944,8.591857681233457e-06,0.0002083067452727944,47.61257106465997
657,10103,45.60395641371276,0,0,0,0,0,0,0,1,0,0.0002083067452727944,8.591857681233457e-06,0.0002083067452727944,45.60120541371281
658,11414,48.2736482545135,0,0,0,0,0,0,0,1,0,0.0002083067452727944,8.591857681233457e-06,0.0002083067452727944,48.10064725451343
659,2671,11.8059612566975,0,0,0,0,0,0,0,1,0,0.0002083067452727944,8.591857681233457e-06,0.0002083067452727944,11.63296025669749
660,7423,32.54006583301813,0,0,0,0,0,0,0,1,0,0.0002083067452727944,8.591857681233457e-06,0.0002083067452727944,32.36706483301811
661,10888,47.24926837581813,0,0,0,0,0,0,0,1,0,0.0002083067452727944,8.591857681233457e-06,0.0002083067452727944,47.07626737581818
662,3339,15.25159504426382,0,0,0,0,0,0,0,1,0,0.0002083067452727944,8.591857681233457e-06,0.0002083067452727944,15.07859404426383
663,3231,12.94451041223071,0,0,0,0,0,0,0,1,0,0.0002083067452727944,8.591857681233457e-06,0.0002083067452727944,12.7715094122307
664,9207,41.87350855475243,0,0,0,0,0,0,0,1,0,0.0002083067452727944,8.591857681233457e-06,0.0002083067452727944,41.87075755475237
665,6890,32.91421127902305,0,0,0,0,0,0,0,1,0,0.0002083067452727944,8.591857681233457e-06,0.0002083067452727944,32.91146027901689
666,9305,47.37398517615561,0,0,0,0,0,0,0,1,0,0.0002083067452727944,8.591857681233457e-06,0.0002083067452727944,47.20098417615551
667,7678,34.54334147351865,0,0,0,0,0,0,0,1,0,0.0002083067452727944,8.591857681233457e-06,0.0002083067452727944,34.37034047351866
668,6489,31.40112852622785,0,0,0,0,0,0,0,1,0,0.0002083067452727944,8.591857681233457e-06,0.0002083067452727944,31.22812752622782
669,1,1.572618326821197,0,0,0,1,6,0,0,0,0,0.0002083067452727944,8.591857681233457e-06,0.0002083067452727944,-1
670,10898,46.77377043144347,0,0,0,0,0,0,0,1,0,0.0002083067452727944,8.591857681233457e-06,0.0002083067452727944,46.60076943144355
671,11119,50.62471784424922,0,0,0,0,0,0,0,1,0,0.0002083067452727944,8.591857681233457e-06,0.0002083067452727944,50.45171684424916
672,5156,22.11322472081993,0,0,0,0,0,0,0,1,0,0.0002083067452727944,8.591857681233457e-06,0.0002083067452727944,22.11047372081993
673,8728,39.85348342522109,0,0,0,0,0,0,0,1,0,0.0002083067452727944,8.591857681233457e-06,0.0002083067452727944,39.8507324252211
674,6090,28.75036720537741,0,0,0,0,0,0,0,1,0,0.0002083067452727944,8.591857681233457e-06,0.0002083067452727944,28.74761620537738
675,6629,31.8436130567326,0,0,0,0,0,0,0,1,0,0.0002083067452727944,8.591857681233457e-06,0.0002083067452727944,31.84086205673258
676,10659,46.50560744429487,0,0,0,0,0,0,0,1,0,0.0002083067452727944,8.591857681233457e-06,0.0002083067452727944,46.33260644429484
677,10343,42.92515795328573,0,0,0,0,0,0,0,1,0,0.0002083067452727944,8.591857681233457e-06,0.0002083067452727944,42.92240695328564
678,6431,33.20387095374738,0,0,0,0,0,0,0,1,0,0.0002083067452727944,8.591857681233457e-06,0.0002083067452727944,33.03086995374737
679,9954,45.02245808441835,0,0,0,0,0,0,0,1,0,0.0002083067452727944,8.591857681233457e-06,0.0002083067452727944,44.84945708441827
680,9774,46.12620498444378,0,0,0,0,0,0,0,1,0,0.0002083067452727944,8.591857681233457e-06,0.0002083067452727944,46.12345398444365
681,1714,7.592562041742625,0,0,0,0,0,0,0,1,0,0.0002083067452727944,8.591857681233457e-06,0.0002083067452727944,7.419561041742622
682,11373,51.91394375481026,0,0,0,0,0,0,0,1,0,0.0002083067452727944,8.591857681233457e-06,0.0002083067452727944,51.91119275478815
683,9468,42.72114153527423,0,0,0,0,0,0,0,1,0,0.0002083067452727944,8.591857681233457e-06,0.0002083067452727944,42.54814053527427
684,8157,38.05260729868144,0,0,0,0,0,0,0,1,0,0.0002083067452727944,8.591857681233457e-06,0.0002083067452727944,38.04985629868147
685,9717,42.2589987812762,0,0,0,0,0,0,0,1,0,0.0002083067452727944,8.591857681233457e-06,0.0002083067452727944,42.25624778127621
686,283,25.52401493365441,0,0,0,3,18,0,0,0,0,0.0002083067452727944,8.591857681233457e-06,0.0002083067452727944,-1
687,9471,41.91520318220624,0,0,0,0,0,0,0,1,0,0.0002083067452727944,8.591857681233457e-06,0.0002083067452727944,41.91245218220629
688,8706,41.50178689987468,0,0,0,0,0,0,0,1,0,0.0002083067452727944,8.591857681233457e-06,0.0002083067452727944,41.49903589987471
689,7318,30.49293090285731,0,0,0,0,0,0,0,1,0,0.0002083067452727944,8.591857681233457e-06,0.0002083067452727944,30.31992990285729
690,6996,28.82772059460819,0,0,0,0,0,0,0,1,0,0.0002083067452727944,8.591857681233457e-06,0.0002083067452727944,28.65471959460819
691,11342,51.26965444603361,0,0,0,0,0,0,0,1,0,0.0002083067452727944,8.591857681233457e-06,0.0002083067452727944,51.26690344603353
692,0,0.173001,0,0,0,0,0,0,0,0,0,0.0002083067452727944,8.591857681233457e-06,0.0002083067452727944,-1
693,10278,45.1279591069549,0,0,0,0,0,0,0,1,0,0.0002083067452727944,8.591857681233457e-06,0.0002083067452727944,45.12520810695489
694,8248,35.08050152637043,0,0,0,0,0,0,0,1,0,0.0002083067452727944,8.591857681233457e-06,0.0002083067452727944,34.90750052637044
695,5668,26.21054811455818,0,0,0,0,0,0,0,1,0,0.0002083067452727944,8.591857681233457e-06,0.0002083067452727944,26.03754711451975
696,10009,50.71116871193512,0,0,0,0,0,0,0,1,0,0.0002083067452727944,8.591857681233457e-06,0.0002083067452727944,50.70841771193513
697,11466,50.31321203342672,0,0,0,0,0,0,0,1,0,0.0002083067452727944,8.591857681233457e-06,0.0002083067452727944,50.14021103342669
698,7814,39.97371217417214,0,0,0,0,0,0,0,1,0,0.0002083067452727944,8.591857681233457e-06,0.0002083067452727944,39.97096117417502
699,5859,26.03820844955117,0,0,0,0,0,0,0,1,0,0.0002083067452727944,8.591857681233457e-06,0.0002083067452727944,25.86520744955118
700,9297,38.24214219132465,0,0,0,0,0,0,0,1,0,0.0002083067452727944,8.591857681233457e-06,0.0002083067452727944,38.23939119132464
701,7080,31.40248099829189,0,0,0,0,0,0,0,1,0,0.0002083067452727944,8.591857681233457e-06,0.0002083067452727944,31.2294799982919
702,4965,22.62487531649772,0,0,0,0,0,0,0,1,0,0.0002083067452727944,8.591857681233457e-06,0.0002083067452727944,22.4518743164977
703,6431,30.26280220014331,0,0,0,0,1,0,0,1,0,0.0002083067452727944,8.591857681233457e-06,0.0002083067452727944,30.08980120014609
704,10827,52.46249304364011,0,0,0,0,0,0,0,1,0,0.0002083067452727944,8.591857681233457e-06,0.0002083067452727944,52.2894920436401
705,10675,50.59940765030952,0,0,0,0,0,0,0,1,0,0.0002083067452727944,8.591857681233457e-06,0.0002083067452727944,50.59665665030952
706,5761,26.62938866783258,0,0,0,0,0,0,0,1,0,0.0002083067452727944,8.591857681233457e-06,0.0002083067452727944,26.45638766783258
707,127,2.305193986116547,0,0,0,0,0,0,0,0,0,0.0002083067452727944,8.591857681233457e-06,0.0002083067452727944,-1
708,6384,29.02513351421858,0,0,0,0,0,0,0,1,0,0.0002083067452727944,8.591857681233457e-06,0.0002083067452727944,29.02238251421861
709,4142,20.16217039844886,0,0,0,0,0,0,0,1,0,0.0002083067452727944,8.591857681233457e-06,0.0002083067452727944,19.98916939844887
710,21,3.381625120358139,0,0,0,1,3,0,0,0,0,0.0002083067452727944,8.591857681233457e-06,0.0002083067452727944,-1
711,9349,43.39730930557215,0,0,0,0,0,0,0,1,0,0.0002083067452727944,8.591857681233457e-06,0.0002083067452727944,43.39455830557211
712,10242,46.54791473199337,0,0,0,0,0,0,0,1,0,0.0002083067452727944,8.591857681233457e-06,0.0002083067452727944,46.3749137319934
713,4098,17.64403296117932,0,0,0,0,0,0,0,1,0,0.0002083067452727944,8.591857681233457e-06,0.0002083067452727944,17.47103196117932
714,3644,17.04087754300935,0,0,0,0,0,0,0,1,0,0.0002083067452727944,8.591857681233457e-06,0.0002083067452727944,17.03812654300934
715,12132,52.31345723301212,0,0,0,0,0,0,0,1,0,0.0002083067452727944,8.591857681233457e-06,0.0002083067452727944,52.1404562330121
716,6627,32.34799382292885,0,0,0,0,0,0,0,1,0,0.0002083067452727944,8.591857681233457e-06,0.0002083067452727944,32.3452428229289
717,9710,46.04657846497638,0,0,0,0,0,0,0,1,0,0.0002083067452727944,8.591857681233457e-06,0.0002083067452727944,45.8735774649632
718,9714,42.09253804768426,0,0,0,0,0,0,0,1,0,0.0002083067452727944,8.591857681233457e-06,0.0002083067452727944,41.91953704768423
719,8551,38.12360871641514,0,0,0,0,0,0,0,1,0,0.0002083067452727944,8.591857681233457e-06,0.0002083067452727944,38.12085771641512
720,6551,27.48468283736391,0,0,0,0,0,0,0,1,0,0.0002083067452727944,8.591857681233457e-06,0.0002083067452727944,27.48193183736393
721,9018,42.29461595621463,0,0,0,0,0,0,0,1,0,0.0002083067452727944,8.591857681233457e-06,0.0002083067452727944,42.12161495621463
722,10838,50.09363844292658,0,0,0,0,0,0,0,1,0,0.0002083067452727944,8.591857681233457e-06,0.0002083067452727944,50.09088744292651
723,3346,15.65971610555013,0,0,0,0,0,0,0,1,0,0.0002083067452727944,8.591857681233457e-06,0.0002083067452727944,15.48671510555013
724,6859,34.02369935771937,0,0,0,0,0,0,0,1,0,0.0002083067452727944,8.591857681233457e-06,0.0002083067452727944,33.85069835771937
725,3197,13.3951650586687,0,0,0,0,0,0,0,1,0,0.0002083067452727944,8.591857681233457e-06,0.0002083067452727944,13.3924140586687
726,10728,50.53114071313973,0,0,0,0,0,0,0,1,0,0.0002083067452727944,8.591857681233457e-06,0.0002083067452727944,50.35813971313973
727,2359,12.56329672907904,0,0,0,0,0,0,0,1,0,0.0002083067452727944,8.591857681233457e-06,0.0002083067452727944,12.39029572907906
728,10347,44.46918712632095,0,0,0,0,0,0,0,1,0,0.0002083067452727944,8.591857681233457e-06,0.0002083067452727944,44.46643612632101
729,10747,48.22439107928974,0,0,0,0,0,0,0,1,0,0.0002083067452727944,8.591857681233457e-06,0.0002083067452727944,48.0513900792897
730,10401,46.90005528867022,0,0,0,0,0,0,0,1,0,0.0002083067452727944,8.591857681233457e-06,0.0002083067452727944,46.72705428867018
731,5098,23.89714210914515,0,0,0,0,0,0,0,1,0,0.0002083067452727944,8.591857681233457e-06,0.0002083067452727944,23.89439110914513
732,4801,21.19927958879483,0,0,0,0,0,0,0,1,0,0.0002083067452727944,8.591857681233457e-06,0.0002083067452727944,21.0262785887948
733,9040,39.56862888125035,0,0,0,0,0,0,0,1,0,0.0002083067452727944,8.591857681233457e-06,0.0002083067452727944,39.5658778812503
734,9856,43.77466078750496,0,0,0,0,0,0,0,1,0,0.0002083067452727944,8.591857681233457e-06,0.0002083067452727944,43.60165978750494
735,3553,16.82039019407399,0,0,0,0,0,0,0,1,0,0.0002083067452727944,8.591857681233457e-06,0.0002083067452727944,16.64738919407399
736,8070,37.71013961469625,0,0,0,0,0,0,0,1,0,0.0002083067452727944,8.591857681233457e-06,0.0002083067452727944,37.70738861469628
737,42,2.103595621302855,0,0,0,0,0,0,0,0,0,0.0002083067452727944,8.591857681233457e-06,0.0002083067452727944,-1
738,10485,49.93066325080004,0,0,0,0,0,0,0,1,0,0.0002083067452727944,8.591857681233457e-06,0.0002083067452727944,49.75766225080003
739,4669,23.10312519833253,0,0,0,0,0,0,0,1,0,0.0002083067452727944,8.591857681233457e-06,0.0002083067452727944,22.93012419833253
740,5545,24.99065715244005,0,0,0,0,0,0,0,1,0,0.0002083067452727944,8.591857681233457e-06,0.0002083067452727944,24.81765615244004
741,7604,37.42903446274863,0,0,0,0,0,0,0,1,0,0.0002083067452727944,8.591857681233457e-06,0.0002083067452727944,37.42628346274859
742,801,10.19874487015698,0,0,0,1,12,0,0,0,0,0.0002083067452727944,8.591857681233457e-06,0.0002083067452727944,-1
743,6545,28.01873476696149,0,0,0,0,0,0,0,1,0,0.0002083067452727944,8.591857681233457e-06,0.0002083067452727944,27.84573376696145
744,11035,51.73819677272442,0,0,0,0,0,0,0,1,0,0.0002083067452727944,8.591857681233457e-06,0.0002083067452727944,51.56519577282708
745,9041,40.75942615085265,0,0,0,0,0,0,0,1,0,0.0002083067452727944,8.591857681233457e-06,0.0002083067452727944,40.75667515085262
746,9820,43.51484764546636,0,0,0,0,0,0,0,1,0,0.0002083067452727944,8.591857681233457e-06,0.0002083067452727944,43.51209664546631
747,4181,19.42881557859696,0,0,0,0,0,0,0,1,0,0.0002083067452727944,8.591857681233457e-06,0.0002083067452727944,19.25581457859695
748,6968,32.0623600239741,0,0,0,0,0,0,0,1,0,0.0002083067452727944,8.591857681233457e-06,0.0002083067452727944,31.88935902397408
749,2904,14.51488129119328,0,0,0,0,0,0,0,1,0,0.0002083067452727944,8.591857681233457e-06,0.0002083067452727944,14.34188029119326
750,10022,43.68355155447228,0,0,0,0,0,0,0,1,0,0.0002083067452727944,8.591857681233457e-06,0.0002083067452727944,43.51055055447223
751,6004,27.22336413287649,0,0,0,0,0,0,0,1,0,0.0002083067452727944,8.591857681233457e-06,0.0002083067452727944,27.0503631328765
752,8946,38.53298368520738,0,0,0,0,0,0,0,1,0,0.0002083067452727944,8.591857681233457e-06,0.0002083067452727944,38.3599826849461
753,6427,28.48104881063195,0,0,0,0,0,0,0,1,0,0.0002083067452727944,8.591857681233457e-06,0.0002083067452727944,28.30804781063197
754,8744,36.11468024294108,0,0,0,0,0,0,0,1,0,0.0002083067452727944,8.591857681233457e-06,0.0002083067452727944,35.94167924294117
755,8288,36.17190477480824,0,0,0,0,0,0,0,1,0,0.0002083067452727944,8.591857681233457e-06,0.0002083067452727944,36.16915377480825
756,7460,32.2293039612886,0,0,0,0,0,0,0,1,0,0.0002083067452727944,8.591857681233457e-06,0.0002083067452727944,32.22655296128863
757,8789,40.65768353911619,0,0,0,0,0,0,0,1,0,0.0002083067452727944,8.591857681233457e-06,0.0002083067452727944,40.48468253911611
758,0,8.309498367859579,0,0,0,2,17,0,0,0,0,0.0002083067452727944,8.591857681233457e-06,0.0002083067452727944,-1
759,5279,26.36627303075841,0,0,0,0,0,0,0,1,0,0.0002083067452727944,8.591857681233457e-06,0.0002083067452727944,26.19327203075842
760,11751,53.1753241347742,0,0,0,0,0,0,0,1,0,0.0002083067452727944,8.591857681233457e-06,0.0002083067452727944,53.00232313477411
761,7217,32.47677110812438,0,0,0,0,0,0,0,1,0,0.0002083067452727944,8.591857681233457e-06,0.0002083067452727944,32.30377010812432
762,3782,16.37315855699951,0,0,0,0,0,0,0,1,0,0.0002083067452727944,8.591857681233457e-06,0.0002083067452727944,16.37040755699951
763,18,1.973999340537107,0,0,0,0,0,0,0,0,0,0.0002083067452727944,8.591857681233457e-06,0.0002083067452727944,-1
764,4558,17.79841074806168,0,0,0,0,0,0,0,1,0,0.0002083067452727944,8.591857681233457e-06,0.0002083067452727944,17.79565974806167
765,11396,49.3610587059992,0,0,0,0,0,0,0,1,0,0.0002083067452727944,8.591857681233457e-06,0.0002083067452727944,49.35830770599912
766,10430,48.35386626610829,0,0,0,0,0,0,0,1,0,0.0002083067452727944,8.591857681233457e-06,0.0002083067452727944,48.18086526610826
767,7,1.884465313968467,0,0,0,0,0,0,0,0,0,0.0002083067452727944,8.591857681233457e-06,0.0002083067452727944,-1
768,10822,49.65490192168026,0,0,0,0,0,0,0,1,0,0.0002083067452727944,8.591857681233457e-06,0.0002083067452727944,49.65215092168031
769,6756,29.55106643965095,0,0,0,0,0,0,0,1,0,0.0002083067452727944,8.591857681233457e-06,0.0002083067452727944,29.37806543965096
770,4740,23.46849878055733,0,0,0,0,0,0,0,1,0,0.0002083067452727944,8.591857681233457e-06,0.0002083067452727944,23.46574778055734
771,7082,30.44780324186411,0,0,0,0,0,0,0,1,0,0.0002083067452727944,8.591857681233457e-06,0.0002083067452727944,30.27480224186409
772,8910,39.38630540699384,0,0,0,0,0,0,0,1,0,0.0002083067452727944,8.591857681233457e-06,0.0002083067452727944,39.21330440699378
773,2386,10.66939562730074,0,0,0,0,0,0,0,1,0,0.0002083067452727944,8.591857681233457e-06,0.0002083067452727944,10.49639462730073
774,3422,16.47528665766113,0,0,0,0,0,0,0,1,0,0.0002083067452727944,8.591857681233457e-06,0.0002083067452727944,16.47253565766113
775,5145,24.23528486283294,0,0,0,0,0,0,0,1,0,0.0002083067452727944,8.591857681233457e-06,0.0002083067452727944,24.06228386283295
776,10458,46.71863428735256,0,0,0,0,0,0,0,1,0,0.0002083067452727944,8.591857681233457e-06,0.0002083067452727944,46.71588328735251
777,5738,28.34310101089006,0,0,0,0,0,0,0,1,0,0.0002083067452727944,8.591857681233457e-06,0.0002083067452727944,28.34035001089008
778,7516,36.90606588335198,0,0,0,0,0,0,0,1,0,0.0002083067452727944,8.591857681233457e-06,0.0002083067452727944,36.73306488335204
779,9409,46.170417318584,0,0,0,0,0,0,0,1,0,0.0002083067452727944,8.591857681233457e-06,0.0002083067452727944,45.99741631858394
780,10946,51.34361574498926,0,0,0,0,0,0,0,1,0,0.0002083067452727944,8.591857681233457e-06,0.0002083067452727944,51.1706147450625
781,2967,12.32958643047753,0,0,0,0,0,0,0,1,0,0.0002083067452727944,8.591857681233457e-06,0.0002083067452727944,12.15658543047753
782,9299,45.33423860750555,0,0,0,0,0,0,0,1,0,0.0002083067452727944,8.591857681233457e-06,0.0002083067452727944,45.16123760750557
783,11227,49.21270105204372,0,0,0,0,0,0,0,1,0,0.0002083067452727944,8.591857681233457e-06,0.0002083067452727944,49.03970005204371
784,10556,45.07029850393111,0,0,0,0,0,0,0,1,0,0.0002083067452727944,8.591857681233457e-06,0.0002083067452727944,45.06754750393112
785,9748,41.4202950836671,0,0,0,0,0,0,0,1,0,0.0002083067452727944,8.591857681233457e-06,0.0002083067452727944,41.24729408366711
786,9772,43.82352545226682,0,0,0,0,0,0,0,1,0,0.0002083067452727944,8.591857681233457e-06,0.0002083067452727944,43.65052445226677
787,9590,46.51926300947059,0,0,0,0,0,0,0,1,0,0.0002083067452727944,8.591857681233457e-06,0.0002083067452727944,46.34626200946463
788,0,12.62879796324758,0,0,0,1,11,0,0,0,0,0.0002083067452727944,8.591857681233457e-06,0.0002083067452727944,-1
789,9517,41.66380893660769,0,0,0,0,0,0,0,1,0,0.0002083067452727944,8.591857681233457e-06,0.0002083067452727944,41.66105793660775
790,4329,19.95678812494493,0,0,0,0,0,0,0,1,0,0.0002083067452727944,8.591857681233457e-06,0.0002083067452727944,19.78378712494492
791,11238,51.37548307968606,0,0,0,0,0,0,0,1,0,0.0002083067452727944,8.591857681233457e-06,0.0002083067452727944,51.37273207968609
792,10752,48.90900867430947,0,0,0,0,0,0,0,1,0,0.0002083067452727944,8.591857681233457e-06,0.0002083067452727944,48.73600767430948
793,10539,46.09453430231439,0,0,0,0,0,0,0,1,0,0.0002083067452727944,8.591857681233457e-06,0.0002083067452727944,45.92153330231431
794,11211,47.24453419469267,0,0,0,0,0,0,0,1,0,0.0002083067452727944,8.591857681233457e-06,0.0002083067452727944,47.07153319469274
795,7217,30.48705305813464,0,0,0,0,0,0,0,1,0,0.0002083067452727944,8.591857681233457e-06,0.0002083067452727944,30.31405205813462
796,7762,31.4499893050121,0,0,0,0,0,0,0,1,0,0.0002083067452727944,8.591857681233457e-06,0.0002083067452727944,31.44723830501209
797,10638,45.29730019057941,0,0,0,0,0,0,0,1,0,0.0002083067452727944,8.591857681233457e-06,0.0002083067452727944,45.12429919061495
798,5306,25.1015141900509,0,0,0,0,0,0,0,1,0,0.0002083067452727944,8.591857681233457e-06,0.0002083067452727944,24.92851319005088
799,7566,34.66252544145848,0,0,0,0,0,0,0,1,0,0.0002083067452727944,8.591857681233457e-06,0.0002083067452727944,34.4895244414584
800,8011,35.76996303696335,0,0,0,0,0,0,0,1,0,0.0002083067452727944,8.591857681233457e-06,0.0002083067452727944,35.59696203696337
801,0,0.1730010000000001,0,0,0,0,0,0,0,0,0,0.0002083067452727944,8.591857681233457e-06,0.0002083067452727944,-1
802,0,0.002751,0,0,0,0,0,0,0,0,0,0.0002083067452727944,8.591857681233457e-06,0.0002083067452727944,-1
803,10599,49.65650149948301,0,0,0,0,0,0,0,1,0,0.0002083067452727944,8.591857681233457e-06,0.0002083067452727944,49.65375049948292
804,4738,23.38422770668316,0,0,0,0,0,0,0,1,0,0.0002083067452727944,8.591857681233457e-06,0.0002083067452727944,23.21122670668316
805,1270,14.66247678993471,0,0,0,1,8,0,0,0,0,0.0002083067452727944,8.591857681233457e-06,0.0002083067452727944,-1
806,7894,33.88259542416398,0,0,0,0,0,0,0,1,0,0.0002083067452727944,8.591857681233457e-06,0.0002083067452727944,33.70959442416402
807,10337,43.77975262040479,0,0,0,0,0,0,0,1,0,0.0002083067452727944,8.591857681233457e-06,0.0002083067452727944,43.60675162040475
808,5723,27.47552710695428,0,0,0,0,0,0,0,1,0,0.0002083067452727944,8.591857681233457e-06,0.0002083067452727944,27.30252610695428
809,10498,45.26540672875554,0,0,0,0,0,0,0,1,0,0.0002083067452727944,8.591857681233457e-06,0.0002083067452727944,45.09240572875539
810,7372,32.73007842327483,0,0,0,0,0,0,0,1,0,0.0002083067452727944,8.591857681233457e-06,0.0002083067452727944,32.72732742327482
811,589,6.257768704470845,0,0,0,1,5,0,0,0,0,0.0002083067452727944,8.591857681233457e-06,0.0002083067452727944,-1
812,6778,29.92364748212534,0,0,0,0,0,0,0,1,0,0.0002083067452727944,8.591857681233457e-06,0.0002083067452727944,29.75064648212532
813,10236,44.89702832646488,0,0,0,0,0,0,0,1,0,0.0002083067452727944,8.591857681233457e-06,0.0002083067452727944,44.72402732646491
814,4275,19.78701801339752,0,0,0,0,0,0,0,1,0,0.0002083067452727944,8.591857681233457e-06,0.0002083067452727944,19.61401701339751
815,11214,48.84359358101601,0,0,0,0,0,0,0,1,0,0.0002083067452727944,8.591857681233457e-06,0.0002083067452727944,48.67059258101603
816,11656,50.23005893931199,0,0,0,0,0,0,0,1,0,0.0002083067452727944,8.591857681233457e-06,0.0002083067452727944,50.057057939312
817,8364,37.71588047280314,0,0,0,0,0,0,0,1,0,0.0002083067452727944,8.591857681233457e-06,0.0002083067452727944,37.71312947280315
818,6999,34.20632100213474,0,0,0,0,0,0,0,1,0,0.0002083067452727944,8.591857681233457e-06,0.0002083067452727944,34.20357000213473
819,974,26.04293075506603,0,0,0,3,18,0,0,0,0,0.0002083067452727944,8.591857681233457e-06,0.0002083067452727944,-1
820,10650,49.40102524547587,0,0,0,0,0,0,0,1,0,0.0002083067452727944,8.591857681233457e-06,0.0002083067452727944,49.22802424547577
821,6185,27.6410921974945,0,0,0,0,0,0,0,1,0,0.0002083067452727944,8.591857681233457e-06,0.0002083067452727944,27.46809119749447
822,674,10.65370379224906,0,0,0,2,16,0,0,0,0,0.0002083067452727944,8.591857681233457e-06,0.0002083067452727944,-1
823,10337,49.42218641981546,0,0,0,0,1,0,0,1,0,0.0002083067452727944,8.591857681233457e-06,0.0002083067452727944,49.24918541981651
824,172,3.722966581136912,0,0,0,1,6,0,0,0,0,0.0002083067452727944,8.591857681233457e-06,0.0002083067452727944,-1
825,8798,37.90267506642285,0,0,0,0,0,0,0,1,0,0.0002083067452727944,8.591857681233457e-06,0.0002083067452727944,37.8999240664229
826,8888,40.99140162058067,0,0,0,0,0,0,0,1,0,0.0002083067452727944,8.591857681233457e-06,0.0002083067452727944,40.81840062058064
827,9556,44.67979510103923,0,0,0,0,0,0,0,1,0,0.0002083067452727944,8.591857681233457e-06,0.0002083067452727944,44.67704410103925
828,6336,26.63553196152834,0,0,0,0,0,0,0,1,0,0.0002083067452727944,8.591857681233457e-06,0.0002083067452727944,26.46253096152836
829,3427,27.14117455858271,0,0,0,3,7,0,0,0,0,0.0002083067452727944,8.591857681233457e-06,0.0002083067452727944,-1
830,7963,39.54277778768807,0,0,0,0,0,0,0,1,0,0.0002083067452727944,8.591857681233457e-06,0.0002083067452727944,39.36977678763517
831,7094,34.29211085626932,0,0,0,0,0,0,0,1,0,0.0002083067452727944,8.591857681233457e-06,0.0002083067452727944,34.11910985626928
832,8162,37.41146940427925,0,0,0,0,0,0,0,1,0,0.0002083067452727944,8.591857681233457e-06,0.0002083067452727944,37.23846840427928
833,11292,50.43711446810423,0,0,0,0,0,0,0,1,0,0.0002083067452727944,8.591857681233457e-06,0.0002083067452727944,50.43436346810416
834,4985,21.92017726293578,0,0,0,0,0,0,0,1,0,0.0002083067452727944,8.591857681233457e-06,0.0002083067452727944,21.9174262629358
835,8913,39.40211059400025,0,0,0,0,0,0,0,1,0,0.0002083067452727944,8.591857681233457e-06,0.0002083067452727944,39.22910959400033
836,2722,11.54306306051934,0,0,0,0,0,0,0,1,0,0.0002083067452727944,8.591857681233457e-06,0.0002083067452727944,11.54031206051934
837,10886,48.4551311405604,0,0,0,0,0,0,0,1,0,0.0002083067452727944,8.591857681233457e-06,0.0002083067452727944,48.28213014056034
838,10481,47.47036207796998,0,0,0,0,0,0,0,1,0,0.0002083067452727944,8.591857681233457e-06,0.0002083067452727944,47.29736107796995
839,0,3.119726162108278,0,0,0,1,7,0,0,0,0,0.0002083067452727944,8.591857681233457e-06,0.0002083067452727944,-1
840,8961,40.69186377558962,0,0,0,0,0,0,0,1,0,0.0002083067452727944,8.591857681233457e-06,0.0002083067452727944,40.68911277558965
841,5002,24.14022509722483,0,0,0,0,0,0,0,1,0,0.0002083067452727944,8.591857681233457e-06,0.0002083067452727944,23.96722409723048
842,9614,44.59179963401106,0,0,0,0,0,0,0,1,0,0.0002083067452727944,8.591857681233457e-06,0.0002083067452727944,44.418798634011
843,7293,33.37120954290211,0,0,0,0,0,0,0,1,0,0.0002083067452727944,8.591857681233457e-06,0.0002083067452727944,33.1982085429021
844,10559,47.81561474196848,0,0,0,0,0,0,0,1,0,0.0002083067452727944,8.591857681233457e-06,0.0002083067452727944,47.64261374196846
845,4590,18.87476300148045,0,0,0,0,0,0,0,1,0,0.0002083067452727944,8.591857681233457e-06,0.0002083067452727944,18.87201200148044
846,8535,38.16775380414418,0,0,0,0,0,0,0,1,0,0.0002083067452727944,8.591857681233457e-06,0.0002083067452727944,38.16500280414416
847,8009,35.3604538862538,0,0,0,0,0,0,0,1,0,0.0002083067452727944,8.591857681233457e-06,0.0002083067452727944,35.3577028862538
848,3497,38.77400377732359,0,0,0,4,18,0,0,0,0,0.0002083067452727944,8.591857681233457e-06,0.0002083067452727944,-1
849,7602,34.33829364633834,0,0,0,0,0,0,0,1,0,0.0002083067452727944,8.591857681233457e-06,0.0002083067452727944,34.16529264633833
850,8465,38.09362059820678,0,0,0,0,0,0,0,1,0,0.0002083067452727944,8.591857681233457e-06,0.0002083067452727944,38.09086959820678
851,4838,25.44052078756987,0,0,0,0,0,0,0,1,0,0.0002083067452727944,8.591857681233457e-06,0.0002083067452727944,25.26751978756985
852,4068,18.39699859768868,0,0,0,0,0,0,0,1,0,0.0002083067452727944,8.591857681233457e-06,0.0002083067452727944,18.39424759768868
853,7000,32.53532170677667,0,0,0,0,0,0,0,1,0,0.0002083067452727944,8.591857681233457e-06,0.0002083067452727944,32.3623207067766
854,8599,40.88742774504434,0,0,0,0,0,0,0,1,0,0.0002083067452727944,8.591857681233457e-06,0.0002083067452727944,40.71442674504436
855,11189,51.33765364269323,0,0,0,0,0,0,0,1,0,0.0002083067452727944,8.591857681233457e-06,0.0002083067452727944,51.16465264269321
856,408,12.29602427144055,0,0,0,1,16,0,0,0,0,0.0002083067452727944,8.591857681233457e-06,0.0002083067452727944,-1
857,676,43.73100118344541,0,0,0,3,15,0,0,0,0,0.0002083067452727944,8.591857681233457e-06,0.0002083067452727944,-1
858,9119,41.30114111989193,0,0,0,0,0,0,0,1,0,0.0002083067452727944,8.591857681233457e-06,0.0002083067452727944,41.12814011989195
859,4465,18.09279769726966,0,0,0,0,0,0,0,1,0,0.0002083067452727944,8.591857681233457e-06,0.0002083067452727944,18.09004669726963
860,4425,18.25526559895116,0,0,0,0,0,0,0,1,0,0.0002083067452727944,8.591857681233457e-06,0.0002083067452727944,18.25251459895116
861,4904,20.78413307149247,0,0,0,0,0,0,0,1,0,0.0002083067452727944,8.591857681233457e-06,0.0002083067452727944,20.61113207149245
862,3101,14.23752782289403,0,0,0,0,0,0,0,1,0,0.0002083067452727944,8.591857681233457e-06,0.0002083067452727944,14.06452682289403
863,10252,46.38916425209963,0,0,0,0,0,0,0,1,0,0.0002083067452727944,8.591857681233457e-06,0.0002083067452727944,46.21616325209968
864,900,29.59969391306172,0,0,0,4,26,0,0,0,0,0.0002083067452727944,8.591857681233457e-06,0.0002083067452727944,-1
865,5120,22.35020639600494,0,0,0,0,0,0,0,1,0,0.0002083067452727944,8.591857681233457e-06,0.0002083067452727944,22.17720539600493
866,9633,42.70658182556848,0,0,0,0,0,0,0,1,0,0.0002083067452727944,8.591857681233457e-06,0.0002083067452727944,42.53358082556844
867,6366,29.00695657794803,0,0,0,0,0,0,0,1,0,0.0002083067452727944,8.591857681233457e-06,0.0002083067452727944,29.00420557794803
868,2406,13.06183103747652,0,0,0,0,0,0,0,1,0,0.0002083067452727944,8.591857681233457e-06,0.0002083067452727944,12.8888300374765
869,6396,30.71069887538865,0,0,0,0,0,0,0,1,0,0.0002083067452727944,8.591857681233457e-06,0.0002083067452727944,30.53769787538867
870,8301,36.84835480848142,0,0,0,0,0,0,0,1,0,0.0002083067452727944,8.591857681233457e-06,0.0002083067452727944,36.67535380848147
871,7735,35.1642356932393,0,0,0,0,0,0,0,1,0,0.0002083067452727944,8.591857681233457e-06,0.0002083067452727944,34.99123469324824
872,7878,40.32283491742512,0,0,0,0,0,0,0,1,0,0.0002083067452727944,8.591857681233457e-06,0.0002083067452727944,40.32008391742507
873,11489,50.13083594496172,0,0,0,0,0,0,0,1,0,0.0002083067452727944,8.591857681233457e-06,0.0002083067452727944,50.12808494496166
874,7429,36.06658294265276,0,0,0,0,0,0,0,1,0,0.0002083067452727944,8.591857681233457e-06,0.0002083067452727944,35.89358194255838
875,0,0.173001,0,0,0,0,0,0,0,0,0,0.0002083067452727944,8.591857681233457e-06,0.0002083067452727944,-1
876,0,20.13277960199168,0,0,0,3,23,0,0,0,0,0.0002083067452727944,8.591857681233457e-06,0.0002083067452727944,-1
877,6675,29.59485713968623,0,0,0,0,0,0,0,1,0,0.0002083067452727944,8.591857681233457e-06,0.0002083067452727944,29.42185613968622
878,6678,29.42763902957943,0,0,0,0,0,0,0,1,0,0.0002083067452727944,8.591857681233457e-06,0.0002083067452727944,29.25463802957941
879,7040,33.14161311480661,0,0,0,0,0,0,0,1,0,0.0002083067452727944,8.591857681233457e-06,0.0002083067452727944,32.9686121148066
880,803,21.57192102925355,0,0,0,1,15,0,0,0,0,0.0002083067452727944,8.591857681233457e-06,0.0002083067452727944,-1
881,9324,41.74306909815209,0,0,0,0,0,0,0,1,0,0.0002083067452727944,8.591857681233457e-06,0.0002083067452727944,41.57006809815209
882,11654,50.51310153695289,0,0,0,0,0,0,0,1,0,0.0002083067452727944,8.591857681233457e-06,0.0002083067452727944,50.34010053695294
883,10042,45.05102706365872,0,0,0,0,0,0,0,1,0,0.0002083067452727944,8.591857681233457e-06,0.0002083067452727944,44.8780260636588
884,4179,17.83960406201941,0,0,0,0,0,0,0,1,0,0.0002083067452727944,8.591857681233457e-06,0.0002083067452727944,17.8368530620194
885,7738,35.87468011099981,0,0,0,0,0,0,0,1,0,0.0002083067452727944,8.591857681233457e-06,0.0002083067452727944,35.8719291109998
886,4409,20.46160596604537,0,0,0,0,0,0,0,1,0,0.0002083067452727944,8.591857681233457e-06,0.0002083067452727944,20.28860496604539
887,1403,12.36189506362702,0,0,0,1,6,0,0,0,0,0.0002083067452727944,8.591857681233457e-06,0.0002083067452727944,-1
888,9564,41.76362989592518,0,0,0,0,0,0,0,1,0,0.0002083067452727944,8.591857681233457e-06,0.0002083067452727944,41.59062889592516
889,9575,40.39643990322014,0,0,0,0,0,0,0,1,0,0.0002083067452727944,8.591857681233457e-06,0.0002083067452727944,40.22343890322011
890,8043,37.18185394774505,0,0,0,0,0,0,0,1,0,0.0002083067452727944,8.591857681233457e-06,0.0002083067452727944,37.00885294774506
891,9804,44.53659231194113,0,0,0,0,0,0,0,1,0,0.0002083067452727944,8.591857681233457e-06,0.0002083067452727944,44.36359131194114
892,6835,27.49394438885468,0,0,0,0,0,0,0,1,0,0.0002083067452727944,8.591857681233457e-06,0.0002083067452727944,27.49119338885469
893,8457,36.6072779436156,0,0,0,0,0,0,0,1,0,0.0002083067452727944,8.591857681233457e-06,0.0002083067452727944,36.60452694361562
894,4418,19.51477608656581,0,0,0,0,0,0,0,1,0,0.0002083067452727944,8.591857681233457e-06,0.0002083067452727944,19.51202508656582
895,3856,17.19625655707186,0,0,0,0,0,0,0,1,0,0.0002083067452727944,8.591857681233457e-06,0.0002083067452727944,17.19350555707186
896,0,0.8000083561608957,0,0,0,1,9,0,0,0,0,0.0002083067452727944,8.591857681233457e-06,0.0002083067452727944,-1
897,10876,48.91638159203946,0,0,0,0,0,0,0,1,0,0.0002083067452727944,8.591857681233457e-06,0.0002083067452727944,48.91363059223062
898,8513,38.2741636019236,0,0,0,0,0,0,0,1,0,0.0002083067452727944,8.591857681233457e-06,0.0002083067452727944,38.10116260192346
899,12033,51.78307843065229,0,0,0,0,0,0,0,1,0,0.0002083067452727944,8.591857681233457e-06,0.0002083067452727944,51.78032743070533
900,12554,53.2027391582214,0,0,0,0,0,0,0,1,0,0.0002083067452727944,8.591857681233457e-06,0.0002083067452727944,53.0297381582215
901,0,21.68997646635281,0,0,0,3,32,0,0,0,0,0.0002083067452727944,8.591857681233457e-06,0.0002083067452727944,-1
902,10899,51.84105250469584,0,0,0,0,0,0,0,1,0,0.0002083067452727944,8.591857681233457e-06,0.0002083067452727944,51.66805150469582
903,7448,32.17031414976545,0,0,0,0,0,0,0,1,0,0.0002083067452727944,8.591857681233457e-06,0.0002083067452727944,31.99731314976541
904,11539,51.01774478147129,0,0,0,0,0,0,0,1,0,0.0002083067452727944,8.591857681233457e-06,0.0002083067452727944,51.01499378127782
905,553,19.0740545183934,0,0,0,2,17,0,0,0,0,0.0002083067452727944,8.591857681233457e-06,0.0002083067452727944,-1
906,9944,40.98053824427244,0,0,0,0,0,0,0,1,0,0.0002083067452727944,8.591857681233457e-06,0.0002083067452727944,40.97778724427249
907,10813,49.00720529752515,0,0,0,0,0,0,0,1,0,0.0002083067452727944,8.591857681233457e-06,0.0002083067452727944,48.83420429752507
908,6114,27.50286619306235,0,0,0,0,0,0,0,1,0,0.0002083067452727944,8.591857681233457e-06,0.0002083067452727944,27.32986519306234
909,3606,15.80289142881717,0,0,0,0,0,0,0,1,0,0.0002083067452727944,8.591857681233457e-06,0.0002083067452727944,15.62989042881716
910,15,12.85861663467817,0,0,0,1,9,0,0,0,0,0.0002083067452727944,8.591857681233457e-06,0.0002083067452727944,-1
911,2521,11.47843259003677,0,0,0,0,0,0,0,1,0,0.0002083067452727944,8.591857681233457e-06,0.0002083067452727944,11.47568159003677
912,9842,44.66158842067029,0,0,0,0,0,0,0,1,0,0.0002083067452727944,8.591857681233457e-06,0.0002083067452727944,44.65883742067034
913,9752,43.32754582814396,0,0,0,0,0,0,0,1,0,0.0002083067452727944,8.591857681233457e-06,0.0002083067452727944,43.32479482814398
914,10792,45.69715952361574,0,0,0,0,0,0,0,1,0,0.0002083067452727944,8.591857681233457e-06,0.0002083067452727944,45.52415852361575
915,469,16.52273604756716,0,0,0,1,1,0,0,0,0,0.0002083067452727944,8.591857681233457e-06,0.0002083067452727944,-1
916,6959,33.52947689703217,0,0,0,0,0,0,0,1,0,0.0002083067452727944,8.591857681233457e-06,0.0002083067452727944,33.52672589703215
917,8317,39.50863830562192,0,0,0,0,0,0,0,1,0,0.0002083067452727944,8.591857681233457e-06,0.0002083067452727944,39.50588730566511
918,8346,37.14704172241697,0,0,0,0,0,0,0,1,0,0.0002083067452727944,8.591857681233457e-06,0.0002083067452727944,36.97404072241693
919,10081,47.92502213844287,0,0,0,0,0,0,0,1,0,0.0002083067452727944,8.591857681233457e-06,0.0002083067452727944,47.92227113844279
920,6754,32.14188079255485,0,0,0,0,0,0,0,1,0,0.0002083067452727944,8.591857681233457e-06,0.0002083067452727944,31.96887979255487
921,9061,38.59428152132362,0,0,0,0,0,0,0,1,0,0.0002083067452727944,8.591857681233457e-06,0.0002083067452727944,38.59153052132361
922,7625,33.35667370575224,0,0,0,0,0,0,0,1,0,0.0002083067452727944,8.591857681233457e-06,0.0002083067452727944,33.18367270575216
923,6545,30.56916249019988,0,0,0,0,0,0,0,1,0,0.0002083067452727944,8.591857681233457e-06,0.0002083067452727944,30.56641149019994
924,0,31.37750652548542,0,0,0,3,24,0,0,0,0,0.0002083067452727944,8.591857681233457e-06,0.0002083067452727944,-1
925,8298,38.59264563555998,0,0,0,0,0,0,0,1,0,0.0002083067452727944,8.591857681233457e-06,0.0002083067452727944,38.58989463440779
926,8237,37.91675451782188,0,0,0,0,0,0,0,1,0,0.0002083067452727944,8.591857681233457e-06,0.0002083067452727944,37.91400351782184
927,1441,37.71759265239331,0,0,0,4,17,0,0,0,0,0.0002083067452727944,8.591857681233457e-06,0.0002083067452727944,-1
928,337,24.56454897606291,0,0,0,2,15,0,0,0,0,0.0002083067452727944,8.591857681233457e-06,0.0002083067452727944,-1
929,7191,34.73445737618972,0,0,0,0,1,0,0,1,0,0.0002083067452727944,8.591857681233457e-06,0.0002083067452727944,34.56145637619213
930,9695,47.12652405405648,0,0,0,0,0,0,0,1,0,0.0002083067452727944,8.591857681233457e-06,0.0002083067452727944,46.95352305405638
931,5019,20.96210020915638,0,0,0,0,0,0,0,1,0,0.0002083067452727944,8.591857681233457e-06,0.0002083067452727944,20.78909920915637
932,472,17.39549090769962,0,0,0,2,18,0,0,0,0,0.0002083067452727944,8.591857681233457e-06,0.0002083067452727944,-1
933,10704,47.22391146595346,0,0,0,0,0,0,0,1,0,0.0002083067452727944,8.591857681233457e-06,0.0002083067452727944,47.05091046595341
934,3375,16.29916136364778,0,0,0,0,0,0,0,1,0,0.0002083067452727944,8.591857681233457e-06,0.0002083067452727944,16.12616036364778
935,4158,18.7786730071527,0,0,0,0,0,0,0,1,0,0.0002083067452727944,8.591857681233457e-06,0.0002083067452727944,18.60567200715271
936,4970,20.92844659023069,0,0,0,0,0,0,0,1,0,0.0002083067452727944,8.591857681233457e-06,0.0002083067452727944,20.92569559023068
937,8032,39.99707164847426,0,0,0,0,0,0,0,1,0,0.0002083067452727944,8.591857681233457e-06,0.0002083067452727944,39.8240706484743
938,4296,19.38397663324766,0,0,0,0,0,0,0,1,0,0.0002083067452727944,8.591857681233457e-06,0.0002083067452727944,19.21097563324765
939,3753,17.91265656621704,0,0,0,0,0,0,0,1,0,0.0002083067452727944,8.591857681233457e-06,0.0002083067452727944,17.73965556621705
940,6418,29.60334953446079,0,0,0,0,0,0,0,1,0,0.0002083067452727944,8.591857681233457e-06,0.0002083067452727944,29.43034853446078
941,5876,27.85019870326293,0,0,0,0,0,0,0,1,0,0.0002083067452727944,8.591857681233457e-06,0.0002083067452727944,27.67719770326286
942,2420,11.60058133606839,0,0,0,0,0,0,0,1,0,0.0002083067452727944,8.591857681233457e-06,0.0002083067452727944,11.5978303360684
943,5995,29.08133150783821,0,0,0,0,0,0,0,1,0,0.0002083067452727944,8.591857681233457e-06,0.0002083067452727944,28.90833050783816
944,2957,14.45175033316903,0,0,0,0,0,0,0,1,0,0.0002083067452727944,8.591857681233457e-06,0.0002083067452727944,14.27874933316904
945,159,28.22742204207089,0,0,0,2,17,0,0,0,0,0.0002083067452727944,8.591857681233457e-06,0.0002083067452727944,-1
946,8594,39.09592070579065,0,0,0,0,0,0,0,1,0,0.0002083067452727944,8.591857681233457e-06,0.0002083067452727944,39.09316970579069
947,4847,21.9787451417165,0,0,0,0,0,0,0,1,0,0.0002083067452727944,8.591857681233457e-06,0.0002083067452727944,21.97599414171648
948,6743,32.55206204451964,0,0,0,0,0,0,0,1,0,0.0002083067452727944,8.591857681233457e-06,0.0002083067452727944,32.37906104451963
949,10263,46.35579486414414,0,0,0,0,0,0,0,1,0,0.0002083067452727944,8.591857681233457e-06,0.0002083067452727944,46.35304386414401
950,1622,6.674015116780032,0,0,0,0,0,0,0,1,0,0.0002083067452727944,8.591857681233457e-06,0.0002083067452727944,6.501014116780031
951,11375,51.55888077875054,0,0,0,0,0,0,0,1,0,0.0002083067452727944,8.591857681233457e-06,0.0002083067452727944,51.38587977872832
952,3719,18.83020279954971,0,0,0,0,0,0,0,1,0,0.0002083067452727944,8.591857681233457e-06,0.0002083067452727944,18.65720179954972
953,8943,41.62519691477842,0,0,0,0,0,0,0,1,0,0.0002083067452727944,8.591857681233457e-06,0.0002083067452727944,41.62244591477837
954,6759,30.21633472245507,0,0,0,0,0,0,0,1,0,0.0002083067452727944,8.591857681233457e-06,0.0002083067452727944,30.04333372245509
955,9306,43.48256549114163,0,0,0,0,0,0,0,1,0,0.0002083067452727944,8.591857681233457e-06,0.0002083067452727944,43.30956449114158
956,6369,31.08327736544911,0,0,0,0,0,0,0,1,0,0.0002083067452727944,8.591857681233457e-06,0.0002083067452727944,30.91027636544912
957,11084,47.97514593357186,0,0,0,0,0,0,0,1,0,0.0002083067452727944,8.591857681233457e-06,0.0002083067452727944,47.80214493357184
958,9406,42.90743648768049,0,0,0,0,0,0,0,1,0,0.0002083067452727944,8.591857681233457e-06,0.0002083067452727944,42.9046854876805
959,10243,43.9631695668403,0,0,0,0,0,0,0,1,0,0.0002083067452727944,8.591857681233457e-06,0.0002083067452727944,43.96041856684025
960,6309,31.47206636160723,0,0,0,0,0,0,0,1,0,0.0002083067452727944,8.591857681233457e-06,0.0002083067452727944,31.29906536176814
961,618,36.73815929876888,0,0,0,5,27,0,0,0,0,0.0002083067452727944,8.591857681233457e-06,0.0002083067452727944,-1
962,7291,35.32594212871447,0,0,0,0,0,0,0,1,0,0.0002083067452727944,8.591857681233457e-06,0.0002083067452727944,35.15294112879825
963,5758,25.34876643452035,0,0,0,0,0,0,0,1,0,0.0002083067452727944,8.591857681233457e-06,0.0002083067452727944,25.34601543452035
964,516,54.72971318571635,0,0,0,3,20,0,0,0,0,0.0002083067452727944,8.591857681233457e-06,0.0002083067452727944,-1
965,9901,43.45257013679535,0,0,0,0,0,0,0,1,0,0.0002083067452727944,8.591857681233457e-06,0.0002083067452727944,43.4498191367953
966,374,38.12410966257342,0,0,0,3,29,0,0,0,0,0.0002083067452727944,8.591857681233457e-06,0.0002083067452727944,-1
967,9497,43.57342853768821,0,0,0,0,0,0,0,1,0,0.0002083067452727944,8.591857681233457e-06,0.0002083067452727944,43.40042753768824
968,5458,24.90718374350714,0,0,0,0,0,0,0,1,0,0.0002083067452727944,8.591857681233457e-06,0.0002083067452727944,24.73418274350716
969,9175,43.99929358513396,0,0,0,0,0,0,0,1,0,0.0002083067452727944,8.591857681233457e-06,0.0002083067452727944,43.99654258513367
970,3855,17.56767395706771,0,0,0,0,0,0,0,1,0,0.0002083067452727944,8.591857681233457e-06,0.0002083067452727944,17.56492295706769
971,6532,28.82228813741746,0,0,0,0,0,0,0,1,0,0.0002083067452727944,8.591857681233457e-06,0.0002083067452727944,28.64928713741747
972,391,20.38618694450028,0,0,0,2,14,0,0,0,0,0.0002083067452727944,8.591857681233457e-06,0.0002083067452727944,-1
973,10173,47.90354682003228,0,0,0,0,0,0,0,1,0,0.0002083067452727944,8.591857681233457e-06,0.0002083067452727944,47.90079582005013
974,5492,25.88820599344274,0,0,0,0,0,0,0,1,0,0.0002083067452727944,8.591857681233457e-06,0.0002083067452727944,25.71520499344276
975,0,32.09423924185278,0,0,0,1,5,0,0,0,0,0.0002083067452727944,8.591857681233457e-06,0.0002083067452727944,-1
976,11417,50.5024159510447,0,0,0,0,0,0,0,1,0,0.0002083067452727944,8.591857681233457e-06,0.0002083067452727944,50.49966495110938
977,10458,50.14910396931778,0,0,0,0,0,0,0,1,0,0.0002083067452727944,8.591857681233457e-06,0.0002083067452727944,49.97610296931774
978,10435,50.47735580712675,0,0,0,0,0,0,0,1,0,0.0002083067452727944,8.591857681233457e-06,0.0002083067452727944,50.30435480714468
979,5144,23.44895011069276,0,0,0,0,0,0,0,1,0,0.0002083067452727944,8.591857681233457e-06,0.0002083067452727944,23.2759491106928
980,3762,16.25283496298768,0,0,0,0,0,0,0,1,0,0.0002083067452727944,8.591857681233457e-06,0.0002083067452727944,16.07983396298767
981,7503,30.53450600591649,0,0,0,0,0,0,0,1,0,0.0002083067452727944,8.591857681233457e-06,0.0002083067452727944,30.36150500591649
982,6323,32.27211736461522,0,0,0,0,0,0,0,1,0,0.0002083067452727944,8.591857681233457e-06,0.0002083067452727944,32.26936636461523
983,536,5.244216079028041,0,0,0,1,8,0,0,0,0,0.0002083067452727944,8.591857681233457e-06,0.0002083067452727944,-1
984,5942,26.75823400301761,0,0,0,0,0,0,0,1,0,0.0002083067452727944,8.591857681233457e-06,0.0002083067452727944,26.58523300301757
985,9981,42.9208690773505,0,0,0,0,0,0,0,1,0,0.0002083067452727944,8.591857681233457e-06,0.0002083067452727944,42.91811807735048
986,8019,41.69990579246225,0,0,0,0,0,0,0,1,0,0.0002083067452727944,8.591857681233457e-06,0.0002083067452727944,41.52690479234396
987,10344,47.12053286288971,0,0,0,0,0,0,0,1,0,0.0002083067452727944,8.591857681233457e-06,0.0002083067452727944,46.94753186288968
988,11365,53.43769405209027,0,0,0,0,0,0,0,1,0,0.0002083067452727944,8.591857681233457e-06,0.0002083067452727944,53.2646930520901
989,6835,35.08867627133947,0,0,0,0,0,0,0,1,0,0.0002083067452727944,8.591857681233457e-06,0.0002083067452727944,35.08592527173262
990,6230,29.25404895863571,0,0,0,0,0,0,0,1,0,0.0002083067452727944,8.591857681233457e-06,0.0002083067452727944,29.08104795863573
991,10143,51.87629697298473,0,0,0,0,0,0,0,1,0,0.0002083067452727944,8.591857681233457e-06,0.0002083067452727944,51.8735459729847
992,22,1.746776711170327,0,0,0,0,0,0,0,0,0,0.0002083067452727944,8.591857681233457e-06,0.0002083067452727944,-1
993,10931,46.79703367129152,0,0,0,0,0,0,0,1,0,0.0002083067452727944,8.591857681233457e-06,0.0002083067452727944,46.79428267129148
994,8678,42.8608550740113,0,0,0,0,0,0,0,1,0,0.0002083067452727944,8.591857681233457e-06,0.0002083067452727944,42.68785407401122
995,11472,49.80425947659675,0,0,0,0,0,0,0,1,0,0.0002083067452727944,8.591857681233457e-06,0.0002083067452727944,49.6312584765968
996,6432,28.28036419376533,0,0,0,0,0,0,0,1,0,0.0002083067452727944,8.591857681233457e-06,0.0002083067452727944,28.27761319376534
997,2546,12.49078164168301,0,0,0,0,0,0,0,1,0,0.0002083067452727944,8.591857681233457e-06,0.0002083067452727944,12.317780641683
998,5784,27.46439894194412,0,0,0,0,0,0,0,1,0,0.0002083067452727944,8.591857681233457e-06,0.0002083067452727944,27.46164794199901
999,5572,24.65270037092929,0,0,0,0,0,0,0,1,0,0.0002083067452727944,8.591857681233457e-06,0.0002083067452727944,24.47969937092927
1000,10393,47.30073140843611,0,0,0,0,0,0,0,1,0,0.0002083067452727944,8.591857681233457e-06,0.0002083067452727944,47.12773040839836
1001,10917,51.7705106742567,0,0,0,0,0,0,0,1,0,0.0002083067452727944,8.591857681233457e-06,0.0002083067452727944,51.59750967425659
1002,2255,9.375868237241846,0,0,0,0,0,0,0,1,0,0.0002083067452727944,8.591857681233457e-06,0.0002083067452727944,9.202867237241842
1003,7900,37.62149445799383,0,0,0,0,0,0,0,1,0,0.0002083067452727944,8.591857681233457e-06,0.0002083067452727944,37.44849345799377
1004,11301,47.51739141558325,0,0,0,0,0,0,0,1,0,0.0002083067452727944,8.591857681233457e-06,0.0002083067452727944,47.34439041558318
1005,13,4.026677534333935,0,0,0,2,9,0,0,0,0,0.0002083067452727944,8.591857681233457e-06,0.0002083067452727944,-1
1006,7580,31.62274993108191,0,0,0,0,0,0,0,1,0,0.0002083067452727944,8.591857681233457e-06,0.0002083067452727944,31.44974893108195
1007,3316,16.0893801640736,0,0,0,0,0,0,0,1,0,0.0002083067452727944,8.591857681233457e-06,0.0002083067452727944,16.08662916407361
1008,10025,43.21375738379382,0,0,0,0,0,0,0,1,0,0.0002083067452727944,8.591857681233457e-06,0.0002083067452727944,43.04075638379377
1009,12089,51.76643686767103,0,0,0,0,0,0,0,1,0,0.0002083067452727944,8.591857681233457e-06,0.0002083067452727944,51.76368586767094
1010,5557,24.18229808809247,0,0,0,0,0,0,0,1,0,0.0002083067452727944,8.591857681233457e-06,0.0002083067452727944,24.00929708809246
1011,3597,17.08681996623567,0,0,0,0,0,0,0,1,0,0.0002083067452727944,8.591857681233457e-06,0.0002083067452727944,16.91381896623568
1012,0,41.82681996201504,0,0,0,3,22,0,0,0,0,0.0002083067452727944,8.591857681233457e-06,0.0002083067452727944,-1
1013,10365,46.6006433701174,0,0,0,0,0,0,0,1,0,0.0002083067452727944,8.591857681233457e-06,0.0002083067452727944,46.59789237011734
1014,7671,33.55299924144978,0,0,0,0,0,0,0,1,0,0.0002083067452727944,8.591857681233457e-06,0.0002083067452727944,33.37999824144983
1015,9341,38.30799543515763,0,0,0,0,0,0,0,1,0,0.0002083067452727944,8.591857681233457e-06,0.0002083067452727944,38.30524443515753
1016,166,2.812668551052682,0,0,0,0,0,0,0,0,0,0.0002083067452727944,8.591857681233457e-06,0.0002083067452727944,-1
1017,4729,22.4475269767157,0,0,0,0,0,0,0,1,0,0.0002083067452727944,8.591857681233457e-06,0.0002083067452727944,22.27452597671568
1018,5833,28.90937453654765,0,0,0,0,0,0,0,1,0,0.0002083067452727944,8.591857681233457e-06,0.0002083067452727944,28.73637353654758
1019,9435,42.99535647237777,0,0,0,0,0,0,0,1,0,0.0002083067452727944,8.591857681233457e-06,0.0002083067452727944,42.82235547226252
1020,8242,38.48571826782231,0,0,0,0,0,0,0,1,0,0.0002083067452727944,8.591857681233457e-06,0.0002083067452727944,38.31271726782236
1021,9305,43.19251692743143,0,0,0,0,0,0,0,1,0,0.0002083067452727944,8.591857681233457e-06,0.0002083067452727944,43.01951592743134
1022,5100,24.67762360508993,0,0,0,0,0,0,0,1,0,0.0002083067452727944,8.591857681233457e-06,0.0002083067452727944,24.67487260508994
1023,5792,28.67138229577359,0,0,0,0,0,0,0,1,0,0.0002083067452727944,8.591857681233457e-06,0.0002083067452727944,28.49838129577353
1024,8794,41.79155412515497,0,0,0,0,0,0,0,1,0,0.0002083067452727944,8.591857681233457e-06,0.0002083067452727944,41.61855312515491
1025,8391,34.23412905298695,0,0,0,0,0,0,0,1,0,0.0002083067452727944,8.591857681233457e-06,0.0002083067452727944,34.061128052987
1026,9807,45.31010092130741,0,0,0,0,0,0,0,1,0,0.0002083067452727944,8.591857681233457e-06,0.0002083067452727944,45.30734992130747
1027,11953,52.49454808810997,0,0,0,0,0,0,0,1,0,0.0002083067452727944,8.591857681233457e-06,0.0002083067452727944,52.32154708810994
1028,10572,48.19237250041187,0,0,0,0,0,0,0,1,0,0.0002083067452727944,8.591857681233457e-06,0.0002083067452727944,48.1896215004874
1029,10128,44.68305393843103,0,0,0,0,0,0,0,1,0,0.0002083067452727944,8.591857681233457e-06,0.0002083067452727944,44.51005293843098
1030,5637,25.28779078745346,0,0,0,0,0,0,0,1,0,0.0002083067452727944,8.591857681233457e-06,0.0002083067452727944,25.11478978745348
1031,10770,48.36841931157173,0,0,0,0,0,0,0,1,0,0.0002083067452727944,8.591857681233457e-06,0.0002083067452727944,48.19541831157173
1032,9707,48.08162995697796,0,0,0,0,0,0,0,1,0,0.0002083067452727944,8.591857681233457e-06,0.0002083067452727944,48.07887895697792
1033,5757,26.10924315952165,0,0,0,0,0,0,0,1,0,0.0002083067452727944,8.591857681233457e-06,0.0002083067452727944,26.10649215952165
1034,8042,36.70122543069185,0,0,0,0,0,0,0,1,0,0.0002083067452727944,8.591857681233457e-06,0.0002083067452727944,36.52822443069179
1035,6276,29.27095812752251,0,0,0,0,0,0,0,1,0,0.0002083067452727944,8.591857681233457e-06,0.0002083067452727944,29.09795712752249
1036,7152,32.65613331994827,0,0,0,0,0,0,0,1,0,0.0002083067452727944,8.591857681233457e-06,0.0002083067452727944,32.48313232005125
1037,7973,38.06226665643165,0,0,0,0,0,0,0,1,0,0.0002083067452727944,8.591857681233457e-06,0.0002083067452727944,37.88926565643164
1038,13,29.35825078389817,0,0,0,0,0,0,0,0,0,0.0002083067452727944,8.591857681233457e-06,0.0002083067452727944,-1
1039,5943,27.54458834727617,0,0,0,0,0,0,0,1,0,0.0002083067452727944,8.591857681233457e-06,0.0002083067452727944,27.37158734727617
1040,8013,35.14992814135035,0,0,0,0,0,0,0,1,0,0.0002083067452727944,8.591857681233457e-06,0.0002083067452727944,34.97692714135039
1041,6516,31.89660899028628,0,0,0,0,0,0,0,1,0,0.0002083067452727944,8.591857681233457e-06,0.0002083067452727944,31.72360799028718
1042,9480,43.31870432355647,0,0,0,0,0,0,0,1,0,0.0002083067452727944,8.591857681233457e-06,0.0002083067452727944,43.14570332355645
1043,9756,43.54082978835172,0,0,0,0,0,0,0,1,0,0.0002083067452727944,8.591857681233457e-06,0.0002083067452727944,43.36782878835173
1044,9593,42.19139165491738,0,0,0,0,0,0,0,1,0,0.0002083067452727944,8.591857681233457e-06,0.0002083067452727944,42.01839065491733
1045,5510,25.73072413219752,0,0,0,0,0,0,0,1,0,0.0002083067452727944,8.591857681233457e-06,0.0002083067452727944,25.72797313219752
1046,7386,33.86987404258282,0,0,0,0,0,0,0,1,0,0.0002083067452727944,8.591857681233457e-06,0.0002083067452727944,33.6968730425828
1047,459,3.315500954307141,0,0,0,0,0,0,0,1,0,0.0002083067452727944,8.591857681233457e-06,0.0002083067452727944,3.312749954307142
1048,6872,30.48462765635306,0,0,0,0,0,0,0,1,0,0.0002083067452727944,8.591857681233457e-06,0.0002083067452727944,30.48187665635303
1049,8071,33.9036844952188,0,0,0,0,0,0,0,1,0,0.0002083067452727944,8.591857681233457e-06,0.0002083067452727944,33.73068349521874
1050,18,12.59150242552294,0,0,0,3,21,0,0,0,0,0.0002083067452727944,8.591857681233457e-06,0.0002083067452727944,-1
1051,8333,37.02153509715664,0,0,0,0,0,0,0,1,0,0.0002083067452727944,8.591857681233457e-06,0.0002083067452727944,36.84853409715664
1052,10542,48.84897813235492,0,0,0,0,0,0,0,1,0,0.0002083067452727944,8.591857681233457e-06,0.0002083067452727944,48.6759771323548
1053,8875,41.77584739536666,0,0,0,0,0,0,0,1,0,0.0002083067452727944,8.591857681233457e-06,0.0002083067452727944,41.60284639536653
1054,5960,25.83580323750017,0,0,0,0,0,0,0,1,0,0.0002083067452727944,8.591857681233457e-06,0.0002083067452727944,25.66280223750018
1055,8528,38.17112007493469,0,0,0,0,0,0,0,1,0,0.0002083067452727944,8.591857681233457e-06,0.0002083067452727944,37.99811907493466
1056,7538,37.63449978873337,0,0,0,0,0,0,0,1,0,0.0002083067452727944,8.591857681233457e-06,0.0002083067452727944,37.4614987887334
1057,3733,16.63427178107046,0,0,0,0,0,0,0,1,0,0.0002083067452727944,8.591857681233457e-06,0.0002083067452727944,16.63152078107047
1058,8628,38.03160147340199,0,0,0,0,0,0,0,1,0,0.0002083067452727944,8.591857681233457e-06,0.0002083067452727944,37.85860047340199
1059,210,2.398495933374364,0,0,0,0,0,0,0,0,0,0.0002083067452727944,8.591857681233457e-06,0.0002083067452727944,-1
1060,9901,44.32955027810434,0,0,0,0,0,0,0,1,0,0.0002083067452727944,8.591857681233457e-06,0.0002083067452727944,44.15654927810429
1061,806,9.955324363341521,0,0,0,1,2,0,0,0,0,0.0002083067452727944,8.591857681233457e-06,0.0002083067452727944,-1
1062,3839,17.78083219294712,0,0,0,0,0,0,0,1,0,0.0002083067452727944,8.591857681233457e-06,0.0002083067452727944,17.60783119294711
1063,8284,34.41035258269141,0,0,0,0,0,0,0,1,0,0.0002083067452727944,8.591857681233457e-06,0.0002083067452727944,34.23735158269143
1064,7257,30.03679894391045,0,0,0,0,0,0,0,1,0,0.0002083067452727944,8.591857681233457e-06,0.0002083067452727944,29.86379794391043
1065,4539,22.0073586463714,0,0,0,0,0,0,0,1,0,0.0002083067452727944,8.591857681233457e-06,0.0002083067452727944,22.00460764637138
1066,10213,46.29229448165097,0,0,0,0,0,0,0,1,0,0.0002083067452727944,8.591857681233457e-06,0.0002083067452727944,46.11929348165097
1067,11405,49.56928078874892,0,0,0,0,0,0,0,1,0,0.0002083067452727944,8.591857681233457e-06,0.0002083067452727944,49.56652978874893
1068,8341,37.67029926222782,0,0,0,0,0,0,0,1,0,0.0002083067452727944,8.591857681233457e-06,0.0002083067452727944,37.49729826222779
1069,6862,35.63813605959003,0,0,0,0,0,0,0,1,0,0.0002083067452727944,8.591857681233457e-06,0.0002083067452727944,35.46513505977522
1070,9861,46.91106655231485,0,0,0,0,0,0,0,1,0,0.0002083067452727944,8.591857681233457e-06,0.0002083067452727944,46.73806555233875
1071,6954,28.43464457260865,0,0,0,0,0,0,0,1,0,0.0002083067452727944,8.591857681233457e-06,0.0002083067452727944,28.26164357260863
1072,8831,39.48668365419008,0,0,0,0,0,0,0,1,0,0.0002083067452727944,8.591857681233457e-06,0.0002083067452727944,39.31368265419008
1073,6364,32.06942779728455,0,0,0,0,0,0,0,1,0,0.0002083067452727944,8.591857681233457e-06,0.0002083067452727944,32.06667679728364
1074,9224,43.884655150801,0,0,0,0,0,0,0,1,0,0.0002083067452727944,8.591857681233457e-06,0.0002083067452727944,43.88190415080096
1075,7043,32.56946498153813,0,0,0,0,0,0,0,1,0,0.0002083067452727944,8.591857681233457e-06,0.0002083067452727944,32.56671398153818
1076,7608,34.82025767915796,0,0,0,0,0,0,0,1,0,0.0002083067452727944,8.591857681233457e-06,0.0002083067452727944,34.81750667922463
1077,5864,27.90177986106303,0,0,0,0,0,0,0,1,0,0.0002083067452727944,8.591857681233457e-06,0.0002083067452727944,27.89902886106297
1078,10824,51.32082100436281,0,0,0,0,0,0,0,1,0,0.0002083067452727944,8.591857681233457e-06,0.0002083067452727944,51.1478200043627
1079,12021,49.46202004350013,0,0,0,0,0,0,0,1,0,0.0002083067452727944,8.591857681233457e-06,0.0002083067452727944,49.45926904350009
1080,9063,40.29926369844024,0,0,0,0,0,0,0,1,0,0.0002083067452727944,8.591857681233457e-06,0.0002083067452727944,40.12626269844027
1081,5946,25.07462296589468,0,0,0,0,0,0,0,1,0,0.0002083067452727944,8.591857681233457e-06,0.0002083067452727944,24.90162196589468
1082,6469,25.83004676734621,0,0,0,0,0,0,0,1,0,0.0002083067452727944,8.591857681233457e-06,0.0002083067452727944,25.65704576734619
1083,11363,48.67002850992221,0,0,0,0,0,0,0,1,0,0.0002083067452727944,8.591857681233457e-06,0.0002083067452727944,48.49702750992217
1084,11556,51.37524745599962,0,0,0,0,0,0,0,1,0,0.0002083067452727944,8.591857681233457e-06,0.0002083067452727944,51.37249645599952
1085,5184,24.68793828721019,0,0,0,0,0,0,0,1,0,0.0002083067452727944,8.591857681233457e-06,0.0002083067452727944,24.68518728721023
1086,5815,25.38865068082702,0,0,0,0,0,0,0,1,0,0.0002083067452727944,8.591857681233457e-06,0.0002083067452727944,25.38589968082701
1087,10671,46.49595616302607,0,0,0,0,0,0,0,1,0,0.0002083067452727944,8.591857681233457e-06,0.0002083067452727944,46.32295516302612
1088,10268,50.33119850367036,0,0,0,0,0,0,0,1,0,0.0002083067452727944,8.591857681233457e-06,0.0002083067452727944,50.32844750367037
1089,9847,44.61268809586827,0,0,0,0,0,0,0,1,0,0.0002083067452727944,8.591857681233457e-06,0.0002083067452727944,44.60993709586823
1090,9829,44.96447790353829,0,0,0,0,0,0,0,1,0,0.0002083067452727944,8.591857681233457e-06,0.0002083067452727944,44.79147690353837
1091,11256,46.24460513664575,0,0,0,0,0,0,0,1,0,0.0002083067452727944,8.591857681233457e-06,0.0002083067452727944,46.07160413668664
1092,6444,30.10961156209559,0,0,0,0,0,0,0,1,0,0.0002083067452727944,8.591857681233457e-06,0.0002083067452727944,29.93661056210635
1093,8969,42.96788906715535,0,0,0,0,0,0,0,1,0,0.0002083067452727944,8.591857681233457e-06,0.0002083067452727944,42.79488806715536
1094,10026,47.11068683389292,0,0,0,0,0,0,0,1,0,0.0002083067452727944,8.591857681233457e-06,0.0002083067452727944,47.10793583389297
1095,5309,25.56901394560877,0,0,0,0,0,0,0,1,0,0.0002083067452727944,8.591857681233457e-06,0.0002083067452727944,25.39601294560875
1096,7984,34.0070038544298,0,0,0,0,0,0,0,1,0,0.0002083067452727944,8.591857681233457e-06,0.0002083067452727944,34.00425285442982
1097,39,54.84105038918095,0,0,0,2,20,0,0,0,0,0.0002083067452727944,8.591857681233457e-06,0.0002083067452727944,-1
1098,101,10.91642294177414,0,0,0,2,17,0,0,0,0,0.0002083067452727944,8.591857681233457e-06,0.0002083067452727944,-1
1099,9015,41.13814853106496,0,0,0,0,0,0,0,1,0,0.0002083067452727944,8.591857681233457e-06,0.0002083067452727944,40.96514753106487
1100,11811,54.56577866374824,0,0,0,0,0,0,0,1,0,0.0002083067452727944,8.591857681233457e-06,0.0002083067452727944,54.39277766374814
1101,8786,37.59023203762445,0,0,0,0,0,0,0,1,0,0.0002083067452727944,8.591857681233457e-06,0.0002083067452727944,37.58748103762447
1102,10722,48.10830932737418,0,0,0,0,0,0,0,1,0,0.0002083067452727944,8.591857681233457e-06,0.0002083067452727944,47.93530832737421
1103,8530,37.60752630519685,0,0,0,0,0,0,0,1,0,0.0002083067452727944,8.591857681233457e-06,0.0002083067452727944,37.4345253051968
1104,9419,40.62753508532035,0,0,0,0,0,0,0,1,0,0.0002083067452727944,8.591857681233457e-06,0.0002083067452727944,40.45453408532039
1105,8378,35.66044055705811,0,0,0,0,0,0,0,1,0,0.0002083067452727944,8.591857681233457e-06,0.0002083067452727944,35.65768955705813
1106,10748,51.15153698053179,0,0,0,0,0,0,0,1,0,0.0002083067452727944,8.591857681233457e-06,0.0002083067452727944,50.97853598053173
1107,1168,24.62002345909664,0,0,0,1,7,0,0,0,0,0.0002083067452727944,8.591857681233457e-06,0.0002083067452727944,-1
1108,7771,37.03197307956619,0,0,0,0,0,0,0,1,0,0.0002083067452727944,8.591857681233457e-06,0.0002083067452727944,36.85897207956616
1109,1873,14.22231066334617,0,0,0,1,6,0,0,0,0,0.0002083067452727944,8.591857681233457e-06,0.0002083067452727944,-1
1110,3691,17.31607931964286,0,0,0,0,0,0,0,1,0,0.0002083067452727944,8.591857681233457e-06,0.0002083067452727944,17.31332831964287
1111,5706,23.87112826238037,0,0,0,0,0,0,0,1,0,0.0002083067452727944,8.591857681233457e-06,0.0002083067452727944,23.86837726238033
1112,6074,27.14002174293349,0,0,0,0,0,0,0,1,0,0.0002083067452727944,8.591857681233457e-06,0.0002083067452727944,26.9670207429335
1113,8411,36.31885520503513,0,0,0,0,0,0,0,1,0,0.0002083067452727944,8.591857681233457e-06,0.0002083067452727944,36.14585420503512
1114,9396,45.36318068467813,0,0,0,0,0,0,0,1,0,0.0002083067452727944,8.591857681233457e-06,0.0002083067452727944,45.19017968468106
1115,11604,53.87961069706007,0,0,0,0,0,0,0,1,0,0.0002083067452727944,8.591857681233457e-06,0.0002083067452727944,53.70660969706002
1116,553,49.65051655015719,0,0,0,4,14,0,0,0,0,0.0002083067452727944,8.591857681233457e-06,0.0002083067452727944,-1
1117,9345,42.80701740136617,0,0,0,0,0,0,0,1,0,0.0002083067452727944,8.591857681233457e-06,0.0002083067452727944,42.63401640136619
1118,5035,23.96777612581339,0,0,0,0,0,0,0,1,0,0.0002083067452727944,8.591857681233457e-06,0.0002083067452727944,23.79477512581338
1119,0,26.99511794691753,0,0,0,4,32,0,0,0,0,0.0002083067452727944,8.591857681233457e-06,0.0002083067452727944,-1
1120,123,54.82090474867397,0,0,0,1,8,0,0,0,0,0.0002083067452727944,8.591857681233457e-06,0.0002083067452727944,-1
1121,9003,38.48732910707646,0,0,0,0,0,0,0,1,0,0.0002083067452727944,8.591857681233457e-06,0.0002083067452727944,38.48457810707642
1122,4255,21.13645456509801,0,0,0,0,0,0,0,1,0,0.0002083067452727944,8.591857681233457e-06,0.0002083067452727944,20.96345356509799
1123,10816,48.0881172126393,0,0,0,0,0,0,0,1,0,0.0002083067452727944,8.591857681233457e-06,0.0002083067452727944,47.91511621263936
1124,7840,40.89385703869137,0,0,0,0,0,0,0,1,0,0.0002083067452727944,8.591857681233457e-06,0.0002083067452727944,40.72085603850323
1125,9743,42.42571154602589,0,0,0,0,0,0,0,1,0,0.0002083067452727944,8.591857681233457e-06,0.0002083067452727944,42.2527105460258
1126,5376,23.34207102284632,0,0,0,0,0,0,0,1,0,0.0002083067452727944,8.591857681233457e-06,0.0002083067452727944,23.33932002284633
1127,8859,38.39278611136727,0,0,0,0,0,0,0,1,0,0.0002083067452727944,8.591857681233457e-06,0.0002083067452727944,38.21978511136735
1128,10495,46.64557141583096,0,0,0,0,0,0,0,1,0,0.0002083067452727944,8.591857681233457e-06,0.0002083067452727944,46.4725704158242
1129,11469,51.55176543651195,0,0,0,0,0,0,0,1,0,0.0002083067452727944,8.591857681233457e-06,0.0002083067452727944,51.5490144365119
1130,6533,29.5407892487987,0,0,0,0,0,0,0,1,0,0.0002083067452727944,8.591857681233457e-06,0.0002083067452727944,29.36778824879868
1131,6588,30.15089002086276,0,0,0,0,0,0,0,1,0,0.0002083067452727944,8.591857681233457e-06,0.0002083067452727944,29.97788902086277
1132,1546,28.40011319451727,0,0,0,4,20,0,0,0,0,0.0002083067452727944,8.591857681233457e-06,0.0002083067452727944,-1
1133,4357,18.43350759782508,0,0,0,0,0,0,0,1,0,0.0002083067452727944,8.591857681233457e-06,0.0002083067452727944,18.4307565978251
1134,8747,39.72769421128467,0,0,0,0,0,0,0,1,0,0.0002083067452727944,8.591857681233457e-06,0.0002083067452727944,39.55469321128462
1135,11059,49.85695995830741,0,0,0,0,0,0,0,1,0,0.0002083067452727944,8.591857681233457e-06,0.0002083067452727944,49.85420895830743
1136,9878,49.26689274049487,0,0,0,0,0,0,0,1,0,0.0002083067452727944,8.591857681233457e-06,0.0002083067452727944,49.09389174049494
1137,6722,29.263225997383,0,0,0,0,0,0,0,1,0,0.0002083067452727944,8.591857681233457e-06,0.0002083067452727944,29.09022499738299
1138,9353,45.18806941991795,0,0,0,0,0,0,0,1,0,0.0002083067452727944,8.591857681233457e-06,0.0002083067452727944,45.01506841991786
1139,8930,39.67443880194352,0,0,0,0,0,0,0,1,0,0.0002083067452727944,8.591857681233457e-06,0.0002083067452727944,39.50143780194348
1140,10498,44.92156863034602,0,0,0,0,0,0,0,1,0,0.0002083067452727944,8.591857681233457e-06,0.0002083067452727944,44.748567630346
1141,8658,37.76732395035403,0,0,0,0,0,0,0,1,0,0.0002083067452727944,8.591857681233457e-06,0.0002083067452727944,37.59432295035398
1142,8652,39.58864243427058,0,0,0,0,0,0,0,1,0,0.0002083067452727944,8.591857681233457e-06,0.0002083067452727944,39.41564143427053
1143,9808,45.69987754015927,0,0,0,0,0,0,0,1,0,0.0002083067452727944,8.591857681233457e-06,0.0002083067452727944,45.52687654026001
1144,5477,23.95442416755817,0,0,0,0,0,0,0,1,0,0.0002083067452727944,8.591857681233457e-06,0.0002083067452727944,23.95167316755821
1145,7604,33.71165568259733,0,0,0,0,0,0,0,1,0,0.0002083067452727944,8.591857681233457e-06,0.0002083067452727944,33.53865468259733
1146,1,1.490419422836744,0,0,0,0,0,0,0,0,0,0.0002083067452727944,8.591857681233457e-06,0.0002083067452727944,-1
1147,9821,48.37841822576169,0,0,0,0,0,0,0,1,0,0.0002083067452727944,8.591857681233457e-06,0.0002083067452727944,48.37566722576297
1148,4635,21.75262906457353,0,0,0,0,0,0,0,1,0,0.0002083067452727944,8.591857681233457e-06,0.0002083067452727944,21.57962806457354
1149,8908,38.42224308090729,0,0,0,0,0,0,0,1,0,0.0002083067452727944,8.591857681233457e-06,0.0002083067452727944,38.4194920809072
1150,106,2.655849236438213,0,0,0,0,0,0,0,0,0,0.0002083067452727944,8.591857681233457e-06,0.0002083067452727944,-1
1151,10715,52.58530942881888,0,0,0,0,0,0,0,1,0,0.0002083067452727944,8.591857681233457e-06,0.0002083067452727944,52.58255842877382
1152,4732,21.30910326164245,0,0,0,0,0,0,0,1,0,0.0002083067452727944,8.591857681233457e-06,0.0002083067452727944,21.13610226164245
1153,0,19.62315023965454,0,0,0,3,21,0,0,0,0,0.0002083067452727944,8.591857681233457e-06,0.0002083067452727944,-1
1154,5209,23.66386115193439,0,0,0,0,0,0,0,1,0,0.0002083067452727944,8.591857681233457e-06,0.0002083067452727944,23.4908601519344
1155,6955,29.50720200953359,0,0,0,0,0,0,0,1,0,0.0002083067452727944,8.591857681233457e-06,0.0002083067452727944,29.50445100953364
1156,86,2.637919656133803,0,0,0,0,0,0,0,0,0,0.0002083067452727944,8.591857681233457e-06,0.0002083067452727944,-1
1157,4456,22.40499637768963,0,0,0,0,0,0,0,1,0,0.0002083067452727944,8.591857681233457e-06,0.0002083067452727944,22.2319953776896
1158,9160,45.62219020905326,0,0,0,0,0,0,0,1,0,0.0002083067452727944,8.591857681233457e-06,0.0002083067452727944,45.61943920893323
1159,10630,48.37129381743478,0,0,0,0,0,0,0,1,0,0.0002083067452727944,8.591857681233457e-06,0.0002083067452727944,48.36854281743469
1160,3279,14.38872737105698,0,0,0,0,0,0,0,1,0,0.0002083067452727944,8.591857681233457e-06,0.0002083067452727944,14.21572637105696
1161,8848,40.28246089545459,0,0,0,0,0,0,0,1,0,0.0002083067452727944,8.591857681233457e-06,0.0002083067452727944,40.10945989545458
1162,3281,14.06585865817748,0,0,0,0,0,0,0,1,0,0.0002083067452727944,8.591857681233457e-06,0.0002083067452727944,14.06310765817749
1163,8117,34.08642891207341,0,0,0,0,0,0,0,1,0,0.0002083067452727944,8.591857681233457e-06,0.0002083067452727944,33.91342791207336
1164,8701,36.73861237134672,0,0,0,0,0,0,0,1,0,0.0002083067452727944,8.591857681233457e-06,0.0002083067452727944,36.73586137134672
1165,12529,51.24734697992805,0,0,0,0,0,0,0,1,0,0.0002083067452727944,8.591857681233457e-06,0.0002083067452727944,51.24459597992797
1166,5315,23.84493743967655,0,0,0,0,0,0,0,1,0,0.0002083067452727944,8.591857681233457e-06,0.0002083067452727944,23.84218643967654
1167,5322,24.09617442016291,0,0,0,0,0,0,0,1,0,0.0002083067452727944,8.591857681233457e-06,0.0002083067452727944,24.09342342016291
1168,317,2.47012835509503,0,0,0,0,0,0,0,0,0,0.0002083067452727944,8.591857681233457e-06,0.0002083067452727944,-1
1169,11445,49.3219898767232,0,0,0,0,0,0,0,1,0,0.0002083067452727944,8.591857681233457e-06,0.0002083067452727944,49.14898887672313
1170,11204,49.80046613609209,0,0,0,0,0,0,0,1,0,0.0002083067452727944,8.591857681233457e-06,0.0002083067452727944,49.62746513609199
1171,2594,11.43905285853981,0,0,0,0,0,0,0,1,0,0.0002083067452727944,8.591857681233457e-06,0.0002083067452727944,11.2660518585398
1172,7947,34.33434051105331,0,0,0,0,0,0,0,1,0,0.0002083067452727944,8.591857681233457e-06,0.0002083067452727944,34.33158951105334
1173,6138,28.69278267427769,0,0,0,0,0,0,0,1,0,0.0002083067452727944,8.591857681233457e-06,0.0002083067452727944,28.51978167427762
1174,4904,21.05549937030685,0,0,0,0,0,0,0,1,0,0.0002083067452727944,8.591857681233457e-06,0.0002083067452727944,20.88249837030686
1175,10069,43.56877802515533,0,0,0,0,0,0,0,1,0,0.0002083067452727944,8.591857681233457e-06,0.0002083067452727944,43.56602702515525
1176,11007,48.89405129834855,0,0,0,0,0,0,0,1,0,0.0002083067452727944,8.591857681233457e-06,0.0002083067452727944,48.89130029834851
1177,9894,47.17569504516389,0,0,0,0,0,0,0,1,0,0.0002083067452727944,8.591857681233457e-06,0.0002083067452727944,47.1729440451639
1178,0,0.002751,0,0,0,0,0,0,0,0,0,0.0002083067452727944,8.591857681233457e-06,0.0002083067452727944,-1
1179,5787,28.70542350830092,0,0,0,0,0,0,0,1,0,0.0002083067452727944,8.591857681233457e-06,0.0002083067452727944,28.53242250830584
1180,5416,24.14580119878311,0,0,0,0,0,0,0,1,0,0.0002083067452727944,8.591857681233457e-06,0.0002083067452727944,23.97280019878311
1181,2711,13.17019013761964,0,0,0,0,0,0,0,1,0,0.0002083067452727944,8.591857681233457e-06,0.0002083067452727944,12.99718913761964
1182,4679,18.58941062822907,0,0,0,0,0,0,0,1,0,0.0002083067452727944,8.591857681233457e-06,0.0002083067452727944,18.41640962822906
1183,6260,27.48552732414524,0,0,0,0,0,0,0,1,0,0.0002083067452727944,8.591857681233457e-06,0.0002083067452727944,27.31252632414522
1184,1569,20.99665382530788,0,0,0,1,10,0,0,0,0,0.0002083067452727944,8.591857681233457e-06,0.0002083067452727944,-1
1185,8000,36.93929991428369,0,0,0,0,0,0,0,1,0,0.0002083067452727944,8.591857681233457e-06,0.0002083067452727944,36.76629891428367
1186,11177,47.78071178311617,0,0,0,0,0,0,0,1,0,0.0002083067452727944,8.591857681233457e-06,0.0002083067452727944,47.77796078311609
1187,9693,45.2135174802408,0,0,0,0,0,0,0,1,0,0.0002083067452727944,8.591857681233457e-06,0.0002083067452727944,45.0405164802408
1188,18,1.767352721064454,0,0,0,0,0,0,0,0,0,0.0002083067452727944,8.591857681233457e-06,0.0002083067452727944,-1
1189,95,1.820650835333377,0,0,0,0,0,0,0,0,0,0.0002083067452727944,8.591857681233457e-06,0.0002083067452727944,-1
1190,7123,31.13243081498765,0,0,0,0,0,0,0,1,0,0.0002083067452727944,8.591857681233457e-06,0.0002083067452727944,31.12967981498764
1191,8321,34.80141031296925,0,0,0,0,0,0,0,1,0,0.0002083067452727944,8.591857681233457e-06,0.0002083067452727944,34.79865931296926
1192,8049,34.421170698661,0,0,0,0,0,0,0,1,0,0.0002083067452727944,8.591857681233457e-06,0.0002083067452727944,34.24816969866097
1193,10397,48.19448096084896,0,0,0,0,0,0,0,1,0,0.0002083067452727944,8.591857681233457e-06,0.0002083067452727944,48.19172996084895
1194,4777,20.43297234159041,0,0,0,0,0,0,0,1,0,0.0002083067452727944,8.591857681233457e-06,0.0002083067452727944,20.2599713415904
1195,11765,52.13985062315944,0,0,0,0,0,0,0,1,0,0.0002083067452727944,8.591857681233457e-06,0.0002083067452727944,51.96684962315938
1196,7208,32.36849588614929,0,0,0,0,0,0,0,1,0,0.0002083067452727944,8.591857681233457e-06,0.0002083067452727944,32.19549488614923
1197,11919,51.54815211521602,0,0,0,0,0,0,0,1,0,0.0002083067452727944,8.591857681233457e-06,0.0002083067452727944,51.54540111521602
1198,0,2.428432700496865,0,0,0,1,4,0,0,0,0,0.0002083067452727944,8.591857681233457e-06,0.0002083067452727944,-1
1199,11210,48.90840404090884,0,0,0,0,0,0,0,1,0,0.0002083067452727944,8.591857681233457e-06,0.0002083067452727944,48.7354030409088
1200,8272,37.59670014220862,0,0,0,0,0,0,0,1,0,0.0002083067452727944,8.591857681233457e-06,0.0002083067452727944,37.42369914220859
1201,9363,44.29469109117755,0,0,0,0,0,0,0,1,0,0.0002083067452727944,8.591857681233457e-06,0.0002083067452727944,44.12169009117758
1202,8826,38.91594008403268,0,0,0,0,0,0,0,1,0,0.0002083067452727944,8.591857681233457e-06,0.0002083067452727944,38.74293908403268
1203,10841,48.08963791628469,0,0,0,0,0,0,0,1,0,0.0002083067452727944,8.591857681233457e-06,0.0002083067452727944,47.91663691628473
1204,4348,19.36302688837066,0,0,0,0,0,0,0,1,0,0.0002083067452727944,8.591857681233457e-06,0.0002083067452727944,19.19002588837064
1205,0,0.6222661172252254,0,0,0,1,5,0,0,0,0,0.0002083067452727944,8.591857681233457e-06,0.0002083067452727944,-1
1206,5857,27.98750034599995,0,0,0,0,0,0,0,1,0,0.0002083067452727944,8.591857681233457e-06,0.0002083067452727944,27.81449934599995
1207,386,29.54295233778285,0,0,0,3,30,0,0,0,0,0.0002083067452727944,8.591857681233457e-06,0.0002083067452727944,-1
1208,11151,50.68334295309295,0,0,0,0,0,0,0,1,0,0.0002083067452727944,8.591857681233457e-06,0.0002083067452727944,50.68059195203337
1209,4203,18.02138558744895,0,0,0,0,0,0,0,1,0,0.0002083067452727944,8.591857681233457e-06,0.0002083067452727944,18.01863458744894
1210,9523,39.46768424141924,0,0,0,0,0,0,0,1,0,0.0002083067452727944,8.591857681233457e-06,0.0002083067452727944,39.46493324141922
1211,10750,49.50327857668165,0,0,0,0,0,0,0,1,0,0.0002083067452727944,8.591857681233457e-06,0.0002083067452727944,49.33027757670806
1212,11319,50.25940057827219,0,0,0,0,0,0,0,1,0,0.0002083067452727944,8.591857681233457e-06,0.0002083067452727944,50.08639957843248
1213,7839,33.1767796079491,0,0,0,0,0,0,0,1,0,0.0002083067452727944,8.591857681233457e-06,0.0002083067452727944,33.00377860794912
1214,9240,39.80057844201322,0,0,0,0,0,0,0,1,0,0.0002083067452727944,8.591857681233457e-06,0.0002083067452727944,39.62757744201318
1215,10018,45.39061643634167,0,0,0,0,0,0,0,1,0,0.0002083067452727944,8.591857681233457e-06,0.0002083067452727944,45.21761543634165
1216,10140,48.46724915083732,0,0,0,0,0,0,0,1,0,0.0002083067452727944,8.591857681233457e-06,0.0002083067452727944,48.29424815089351
1217,5638,23.65144983649308,0,0,0,0,0,0,0,1,0,0.0002083067452727944,8.591857681233457e-06,0.0002083067452727944,23.47844883649307
1218,2123,9.653463735139553,0,0,0,0,0,0,0,1,0,0.0002083067452727944,8.591857681233457e-06,0.0002083067452727944,9.480462735139559
1219,183,23.64271148933851,0,0,0,2,20,0,0,0,0,0.0002083067452727944,8.591857681233457e-06,0.0002083067452727944,-1
1220,9514,42.48596032228249,0,0,0,0,0,0,0,1,0,0.0002083067452727944,8.591857681233457e-06,0.0002083067452727944,42.48320932228238
1221,1416,15.89507321609992,0,0,0,2,12,0,0,0,0,0.0002083067452727944,8.591857681233457e-06,0.0002083067452727944,-1
1222,108,7.083555029483191,0,0,0,1,9,0,0,0,0,0.0002083067452727944,8.591857681233457e-06,0.0002083067452727944,-1
1223,11019,49.38511685497851,0,0,0,0,0,0,0,1,0,0.0002083067452727944,8.591857681233457e-06,0.0002083067452727944,49.21211585497847
1224,10488,50.34007668417689,0,0,0,0,0,0,0,1,0,0.0002083067452727944,8.591857681233457e-06,0.0002083067452727944,50.33732568417681
1225,8422,36.20751616782493,0,0,0,0,0,0,0,1,0,0.0002083067452727944,8.591857681233457e-06,0.0002083067452727944,36.0345151678249
1226,9171,42.7006684137511,0,0,0,0,0,0,0,1,0,0.0002083067452727944,8.591857681233457e-06,0.0002083067452727944,42.69791741375109
1227,8354,39.44127733483614,0,0,0,0,0,0,0,1,0,0.0002083067452727944,8.591857681233457e-06,0.0002083067452727944,39.26827633483614
1228,9996,44.75809893219859,0,0,0,0,0,0,0,1,0,0.0002083067452727944,8.591857681233457e-06,0.0002083067452727944,44.58509793219847
1229,9551,42.81016302725541,0,0,0,0,0,0,0,1,0,0.0002083067452727944,8.591857681233457e-06,0.0002083067452727944,42.63716202725539
1230,7511,34.58325598013933,0,0,0,0,0,0,0,1,0,0.0002083067452727944,8.591857681233457e-06,0.0002083067452727944,34.41025498013931
1231,11979,51.02452722734473,0,0,0,0,0,0,0,1,0,0.0002083067452727944,8.591857681233457e-06,0.0002083067452727944,51.02177622734477
1232,11041,47.83978424505412,0,0,0,0,0,0,0,1,0,0.0002083067452727944,8.591857681233457e-06,0.0002083067452727944,47.66678324505411
1233,8310,37.33499060230741,0,0,0,0,0,0,0,1,0,0.0002083067452727944,8.591857681233457e-06,0.0002083067452727944,37.16198960230734
1234,9960,45.93284453493579,0,0,0,0,0,0,0,1,0,0.0002083067452727944,8.591857681233457e-06,0.0002083067452727944,45.75984353493581
1235,6975,34.4526025734651,0,0,0,0,0,0,0,1,0,0.0002083067452727944,8.591857681233457e-06,0.0002083067452727944,34.27960157346512
1236,0,21.43367522126248,0,0,0,3,25,0,0,0,0,0.0002083067452727944,8.591857681233457e-06,0.0002083067452727944,-1
1237,5799,28.11903138176839,0,0,0,0,0,0,0,1,0,0.0002083067452727944,8.591857681233457e-06,0.0002083067452727944,28.11628038176839
1238,7263,36.20441829231941,0,0,0,0,0,0,0,1,0,0.0002083067452727944,8.591857681233457e-06,0.0002083067452727944,36.2016672923194
1239,8435,38.18854918332512,0,0,0,0,0,0,0,1,0,0.0002083067452727944,8.591857681233457e-06,0.0002083067452727944,38.18579818332509
1240,6354,27.07079039666854,0,0,0,0,0,0,0,1,0,0.0002083067452727944,8.591857681233457e-06,0.0002083067452727944,26.89778939666854
1241,9958,48.0329661121095,0,0,0,0,0,0,0,1,0,0.0002083067452727944,8.591857681233457e-06,0.0002083067452727944,47.85996511265447
1242,6897,28.82328971204807,0,0,0,0,0,0,0,1,0,0.0002083067452727944,8.591857681233457e-06,0.0002083067452727944,28.65028871204806
1243,197,5.079174463182548,0,0,0,1,3,0,0,0,0,0.0002083067452727944,8.591857681233457e-06,0.0002083067452727944,-1
1244,4525,22.95204326164573,0,0,0,0,0,0,0,1,0,0.0002083067452727944,8.591857681233457e-06,0.0002083067452727944,22.77904226164577
1245,11925,52.49747614084829,0,0,0,0,0,0,0,1,0,0.0002083067452727944,8.591857681233457e-06,0.0002083067452727944,52.3244751408484
1246,9691,42.30712274495723,0,0,0,0,0,0,0,1,0,0.0002083067452727944,8.591857681233457e-06,0.0002083067452727944,42.3043717449572
1247,7662,39.24036724599169,0,0,0,0,0,0,0,1,0,0.0002083067452727944,8.591857681233457e-06,0.0002083067452727944,39.06736624599729
1248,1888,24.12797716528832,0,0,0,3,21,0,0,0,0,0.0002083067452727944,8.591857681233457e-06,0.0002083067452727944,-1
1249,2955,63.82038492835175,0,0,0,5,26,0,0,0,0,0.0002083067452727944,8.591857681233457e-06,0.0002083067452727944,-1
1250,9195,46.27916048216881,0,0,0,0,0,0,0,1,0,0.0002083067452727944,8.591857681233457e-06,0.0002083067452727944,46.10615948216242
1251,10372,46.17570488118546,0,0,0,0,0,0,0,1,0,0.0002083067452727944,8.591857681233457e-06,0.0002083067452727944,46.00270388118547
1252,7680,36.03509952379295,0,0,0,0,0,0,0,1,0,0.0002083067452727944,8.591857681233457e-06,0.0002083067452727944,36.03234852379294
1253,11542,52.42332645932152,0,0,0,0,0,0,0,1,0,0.0002083067452727944,8.591857681233457e-06,0.0002083067452727944,52.25032545932144
1254,8,24.10077713588904,0,0,0,2,13,0,0,0,0,0.0002083067452727944,8.591857681233457e-06,0.0002083067452727944,-1
1255,6004,28.61383239070667,0,0,0,0,0,0,0,1,0,0.0002083067452727944,8.591857681233457e-06,0.0002083067452727944,28.61108139070668
1256,19,7.164098047525774,0,0,0,1,6,0,0,0,0,0.0002083067452727944,8.591857681233457e-06,0.0002083067452727944,-1
1257,5616,24.37911795382178,0,0,0,0,0,0,0,1,0,0.0002083067452727944,8.591857681233457e-06,0.0002083067452727944,24.3763669538218
1258,7998,35.70334175512259,0,0,0,0,0,0,0,1,0,0.0002083067452727944,8.591857681233457e-06,0.0002083067452727944,35.53034075512256
1259,10059,43.17516951109492,0,0,0,0,0,0,0,1,0,0.0002083067452727944,8.591857681233457e-06,0.0002083067452727944,43.00216851109493
1260,10435,44.5508475421504,0,0,0,0,0,0,0,1,0,0.0002083067452727944,8.591857681233457e-06,0.0002083067452727944,44.37784654215036
1261,11305,47.75226591098136,0,0,0,0,0,0,0,1,0,0.0002083067452727944,8.591857681233457e-06,0.0002083067452727944,47.57926491098132
1262,8938,39.84252916507575,0,0,0,0,0,0,0,1,0,0.0002083067452727944,8.591857681233457e-06,0.0002083067452727944,39.66952816507569
1263,5260,24.62753369005319,0,0,0,0,0,0,0,1,0,0.0002083067452727944,8.591857681233457e-06,0.0002083067452727944,24.45453269005315
1264,10704,47.31927074020565,0,0,0,0,0,0,0,1,0,0.0002083067452727944,8.591857681233457e-06,0.0002083067452727944,47.14626974020563
1265,6259,30.85020663298695,0,0,0,0,0,0,0,1,0,0.0002083067452727944,8.591857681233457e-06,0.0002083067452727944,30.67720563298695
1266,11339,48.1959009557205,0,0,0,0,0,0,0,1,0,0.0002083067452727944,8.591857681233457e-06,0.0002083067452727944,48.02289995572053
1267,1147,45.65581695405895,0,0,0,4,18,0,0,0,0,0.0002083067452727944,8.591857681233457e-06,0.0002083067452727944,-1
1268,9317,41.56993252407766,0,0,0,0,0,0,0,1,0,0.0002083067452727944,8.591857681233457e-06,0.0002083067452727944,41.3969315240777
1269,8555,37.27968190640186,0,0,0,0,0,0,0,1,0,0.0002083067452727944,8.591857681233457e-06,0.0002083067452727944,37.27693090640186
1270,7340,32.86594068742294,0,0,0,0,0,0,0,1,0,0.0002083067452727944,8.591857681233457e-06,0.0002083067452727944,32.69293968742289
1271,382,10.17795907397852,0,0,0,1,11,0,0,0,0,0.0002083067452727944,8.591857681233457e-06,0.0002083067452727944,-1
1272,7693,37.04870847335081,0,0,0,0,0,0,0,1,0,0.0002083067452727944,8.591857681233457e-06,0.0002083067452727944,36.87570747335088
1273,4225,18.05991530389366,0,0,0,0,0,0,0,1,0,0.0002083067452727944,8.591857681233457e-06,0.0002083067452727944,17.88691430389365
1274,10804,47.18760734597183,0,0,0,0,0,0,0,1,0,0.0002083067452727944,8.591857681233457e-06,0.0002083067452727944,47.18485634594081
1275,9465,39.20880813755343,0,0,0,0,0,0,0,1,0,0.0002083067452727944,8.591857681233457e-06,0.0002083067452727944,39.03580713755345
1276,4510,20.2624697790012,0,0,0,0,0,0,0,1,0,0.0002083067452727944,8.591857681233457e-06,0.0002083067452727944,20.25971877900123
1277,10975,45.95341853287015,0,0,0,0,0,0,0,1,0,0.0002083067452727944,8.591857681233457e-06,0.0002083067452727944,45.95066753287017
1278,11076,48.60479642562869,0,0,0,0,0,0,0,1,0,0.0002083067452727944,8.591857681233457e-06,0.0002083067452727944,48.43179542562862
1279,3582,18.31993615480572,0,0,0,0,0,0,0,1,0,0.0002083067452727944,8.591857681233457e-06,0.0002083067452727944,18.1469351548057
1280,6356,29.02450349636005,0,0,0,0,0,0,0,1,0,0.0002083067452727944,8.591857681233457e-06,0.0002083067452727944,28.85150249635564
1281,10737,52.21178261986324,0,0,0,0,0,0,0,1,0,0.0002083067452727944,8.591857681233457e-06,0.0002083067452727944,52.03878161986925
1282,218,4.356990533891986,0,0,0,1,7,0,0,0,0,0.0002083067452727944,8.591857681233457e-06,0.0002083067452727944,-1
1283,7583,32.61479211918445,0,0,0,0,0,0,0,1,0,0.0002083067452727944,8.591857681233457e-06,0.0002083067452727944,32.44179111918448
1284,5417,22.25876094079973,0,0,0,0,0,0,0,1,0,0.0002083067452727944,8.591857681233457e-06,0.0002083067452727944,22.08575994079976
1285,7112,34.87709077342721,0,0,0,0,0,0,0,1,0,0.0002083067452727944,8.591857681233457e-06,0.0002083067452727944,34.70408977342723
1286,0,1.210311558371677,0,0,0,1,6,0,0,0,0,0.0002083067452727944,8.591857681233457e-06,0.0002083067452727944,-1
1287,7405,30.17835300740298,0,0,0,0,0,0,0,1,0,0.0002083067452727944,8.591857681233457e-06,0.0002083067452727944,30.00535200740298
1288,4587,22.43082295538862,0,0,0,0,0,0,0,1,0,0.0002083067452727944,8.591857681233457e-06,0.0002083067452727944,22.2578219553886
1289,540,25.57730239051869,0,0,0,5,20,0,0,0,0,0.0002083067452727944,8.591857681233457e-06,0.0002083067452727944,-1
1290,3005,14.66219661127518,0,0,0,0,0,0,0,1,0,0.0002083067452727944,8.591857681233457e-06,0.0002083067452727944,14.4891956112752
1291,3981,17.50805163244916,0,0,0,0,0,0,0,1,0,0.0002083067452727944,8.591857681233457e-06,0.0002083067452727944,17.33505063244915
1292,7787,37.60120277478464,0,0,0,0,0,0,0,1,0,0.0002083067452727944,8.591857681233457e-06,0.0002083067452727944,37.4282017747846
1293,10494,48.02263086741722,0,0,0,0,0,0,0,1,0,0.0002083067452727944,8.591857681233457e-06,0.0002083067452727944,47.84962986741728
1294,5887,26.188744913781,0,0,0,0,0,0,0,1,0,0.0002083067452727944,8.591857681233457e-06,0.0002083067452727944,26.01574391378096
1295,9737,41.58286306379854,0,0,0,0,0,0,0,1,0,0.0002083067452727944,8.591857681233457e-06,0.0002083067452727944,41.40986206379847
1296,10437,41.58541257620568,0,0,0,0,0,0,0,1,0,0.0002083067452727944,8.591857681233457e-06,0.0002083067452727944,41.41241157620565
1297,8409,39.64060112055612,0,0,0,0,0,0,0,1,0,0.0002083067452727944,8.591857681233457e-06,0.0002083067452727944,39.63785012055616
1298,3878,17.53432953256321,0,0,0,0,0,0,0,1,0,0.0002083067452727944,8.591857681233457e-06,0.0002083067452727944,17.36132853256322
1299,10266,47.05557641817826,0,0,0,0,0,0,0,1,0,0.0002083067452727944,8.591857681233457e-06,0.0002083067452727944,47.05282541817822
1300,10582,44.65814976767937,0,0,0,0,0,0,0,1,0,0.0002083067452727944,8.591857681233457e-06,0.0002083067452727944,44.48514876767931
1301,6152,29.70885194014344,0,0,0,0,0,0,0,1,0,0.0002083067452727944,8.591857681233457e-06,0.0002083067452727944,29.53585094056369
1302,9094,39.91087898031794,0,0,0,0,0,0,0,1,0,0.0002083067452727944,8.591857681233457e-06,0.0002083067452727944,39.90812798031794
1303,7421,32.87547027257142,0,0,0,0,0,0,0,1,0,0.0002083067452727944,8.591857681233457e-06,0.0002083067452727944,32.70246927257137
1304,29,1.532810142650148,0,0,0,0,0,0,0,0,0,0.0002083067452727944,8.591857681233457e-06,0.0002083067452727944,-1
1305,4842,25.77174136187038,0,0,0,0,0,0,0,1,0,0.0002083067452727944,8.591857681233457e-06,0.0002083067452727944,25.76899036187042
1306,438,18.6568137642763,0,0,0,2,16,0,0,0,0,0.0002083067452727944,8.591857681233457e-06,0.0002083067452727944,-1
1307,8767,38.08010850697791,0,0,0,0,0,0,0,1,0,0.0002083067452727944,8.591857681233457e-06,0.0002083067452727944,37.90710750697794
1308,3996,19.88325254216997,0,0,0,0,0,0,0,1,0,0.0002083067452727944,8.591857681233457e-06,0.0002083067452727944,19.88050154216996
1309,4898,20.94154247367568,0,0,0,0,0,0,0,1,0,0.0002083067452727944,8.591857681233457e-06,0.0002083067452727944,20.76854147367567
1310,532,23.68519496888322,0,0,0,2,12,0,0,0,0,0.0002083067452727944,8.591857681233457e-06,0.0002083067452727944,-1
1311,257,4.319365204654792,0,0,0,1,6,0,0,0,0,0.0002083067452727944,8.591857681233457e-06,0.0002083067452727944,-1
1312,2020,9.021459867545309,0,0,0,0,0,0,0,1,0,0.0002083067452727944,8.591857681233457e-06,0.0002083067452727944,9.018708867545309
1313,9591,43.44174944252162,0,0,0,0,0,0,0,1,0,0.0002083067452727944,8.591857681233457e-06,0.0002083067452727944,43.26874844252162
1314,7429,36.21586785360668,0,0,0,0,0,0,0,1,0,0.0002083067452727944,8.591857681233457e-06,0.0002083067452727944,36.21311685360677
1315,8939,37.82962884298425,0,0,0,0,0,0,0,1,0,0.0002083067452727944,8.591857681233457e-06,0.0002083067452727944,37.65662784298426
1316,10122,46.23352675219378,0,0,0,0,0,0,0,1,0,0.0002083067452727944,8.591857681233457e-06,0.0002083067452727944,46.23077575219381
1317,12077,52.11729735832638,0,0,0,0,0,0,0,1,0,0.0002083067452727944,8.591857681233457e-06,0.0002083067452727944,51.94429635832641
1318,1,5.001100839052403,0,0,0,2,16,0,0,0,0,0.0002083067452727944,8.591857681233457e-06,0.0002083067452727944,-1
1319,11651,50.16094233326622,0,0,0,0,0,0,0,1,0,0.0002083067452727944,8.591857681233457e-06,0.0002083067452727944,49.98794133326627
1320,10788,45.78579993728765,0,0,0,0,0,0,0,1,0,0.0002083067452727944,8.591857681233457e-06,0.0002083067452727944,45.61279893728761
1321,95,2.19801342520476,0,0,0,0,0,0,0,0,0,0.0002083067452727944,8.591857681233457e-06,0.0002083067452727944,-1
1322,9319,42.90491433784691,0,0,0,0,0,0,0,1,0,0.0002083067452727944,8.591857681233457e-06,0.0002083067452727944,42.73191333784688
1323,127,2.179986722375829,0,0,0,0,0,0,0,0,0,0.0002083067452727944,8.591857681233457e-06,0.0002083067452727944,-1
1324,8580,37.81035133499482,0,0,0,0,0,0,0,1,0,0.0002083067452727944,8.591857681233457e-06,0.0002083067452727944,37.63735033499481
1325,8519,40.0455192555063,0,0,0,0,0,0,0,1,0,0.0002083067452727944,8.591857681233457e-06,0.0002083067452727944,40.0427682555063
1326,6113,26.29500420928832,0,0,0,0,0,0,0,1,0,0.0002083067452727944,8.591857681233457e-06,0.0002083067452727944,26.12200320928829
1327,9819,48.9664264286159,0,0,0,0,0,0,0,1,0,0.0002083067452727944,8.591857681233457e-06,0.0002083067452727944,48.96367542861589
1328,36,1.580700739241749,0,0,0,0,0,0,0,0,0,0.0002083067452727944,8.591857681233457e-06,0.0002083067452727944,-1
1329,4995,22.98569116738695,0,0,0,0,0,0,0,1,0,0.0002083067452727944,8.591857681233457e-06,0.0002083067452727944,22.81269016738693
1330,10292,46.09969895864423,0,0,0,0,0,0,0,1,0,0.0002083067452727944,8.591857681233457e-06,0.0002083067452727944,45.92669795864428
1331,9107,42.16225681628584,0,0,0,0,0,0,0,1,0,0.0002083067452727944,8.591857681233457e-06,0.0002083067452727944,42.15950581628576
1332,12537,53.78381234006143,0,0,0,0,0,0,0,1,0,0.0002083067452727944,8.591857681233457e-06,0.0002083067452727944,53.61081134006132
1333,6042,27.28720152286095,0,0,0,0,0,0,0,1,0,0.0002083067452727944,8.591857681233457e-06,0.0002083067452727944,27.11420052286096
1334,856,20.44533619998117,0,0,0,1,11,0,0,0,0,0.0002083067452727944,8.591857681233457e-06,0.0002083067452727944,-1
1335,11958,50.77929047793113,0,0,0,0,0,0,0,1,0,0.0002083067452727944,8.591857681233457e-06,0.0002083067452727944,50.60628947793107
1336,7667,33.2877708466792,0,0,0,0,0,0,0,1,0,0.0002083067452727944,8.591857681233457e-06,0.0002083067452727944,33.11476984667922
1337,8858,39.58035435339134,0,0,0,0,0,0,0,1,0,0.0002083067452727944,8.591857681233457e-06,0.0002083067452727944,39.40735335339133
1338,704,32.04823860921435,0,0,0,2,17,0,0,0,0,0.0002083067452727944,8.591857681233457e-06,0.0002083067452727944,-1
1339,9751,47.69363062411886,0,0,0,0,0,0,0,1,0,0.0002083067452727944,8.591857681233457e-06,0.0002083067452727944,47.52062962411877
1340,7646,33.84119352714941,0,0,0,0,0,0,0,1,0,0.0002083067452727944,8.591857681233457e-06,0.0002083067452727944,33.83844252714942
1341,10268,43.67098026239223,0,0,0,0,0,0,0,1,0,0.0002083067452727944,8.591857681233457e-06,0.0002083067452727944,43.49797926239227
1342,11313,52.65096028714441,0,0,0,0,0,0,0,1,0,0.0002083067452727944,8.591857681233457e-06,0.0002083067452727944,52.47795928714429
1343,8852,40.59173454508107,0,0,0,0,0,0,0,1,0,0.0002083067452727944,8.591857681233457e-06,0.0002083067452727944,40.41873354508102
1344,8963,43.65011453698126,0,0,0,0,0,0,0,1,0,0.0002083067452727944,8.591857681233457e-06,0.0002083067452727944,43.47711353698128
1345,8530,38.75364735974976,0,0,0,0,0,0,0,1,0,0.0002083067452727944,8.591857681233457e-06,0.0002083067452727944,38.58064635951288
1346,12405,54.551387645184,0,0,0,0,0,0,0,1,0,0.0002083067452727944,8.591857681233457e-06,0.0002083067452727944,54.37838664518384
1347,11220,51.25370863623935,0,0,0,0,0,0,0,1,0,0.0002083067452727944,8.591857681233457e-06,0.0002083067452727944,51.08070763623921
1348,10460,48.43719912980043,0,0,0,0,0,0,0,1,0,0.0002083067452727944,8.591857681233457e-06,0.0002083067452727944,48.4344481298004
1349,202,25.11879898180741,0,0,0,2,9,0,0,0,0,0.0002083067452727944,8.591857681233457e-06,0.0002083067452727944,-1
1350,8,22.70824871749922,0,0,0,2,14,0,0,0,0,0.0002083067452727944,8.591857681233457e-06,0.0002083067452727944,-1
1351,7307,33.97146525675352,0,0,0,0,0,0,0,1,0,0.0002083067452727944,8.591857681233457e-06,0.0002083067452727944,33.79846425675354
1352,1003,21.85308059890966,0,0,0,2,5,0,0,0,0,0.0002083067452727944,8.591857681233457e-06,0.0002083067452727944,-1
1353,4596,19.24650667755932,0,0,0,0,0,0,0,1,0,0.0002083067452727944,8.591857681233457e-06,0.0002083067452727944,19.07350567755931
1354,11974,52.3681789172069,0,0,0,0,0,0,0,1,0,0.0002083067452727944,8.591857681233457e-06,0.0002083067452727944,52.36542791720674
1355,0,10.15802511264028,0,0,0,2,13,0,0,0,0,0.0002083067452727944,8.591857681233457e-06,0.0002083067452727944,-1
1356,5706,24.45646921968543,0,0,0,0,0,0,0,1,0,0.0002083067452727944,8.591857681233457e-06,0.0002083067452727944,24.45371821968541
1357,10303,46.32535137307656,0,0,0,0,0,0,0,1,0,0.0002083067452727944,8.591857681233457e-06,0.0002083067452727944,46.15235037307659
1358,7372,32.74835590688563,0,0,0,0,0,0,0,1,0,0.0002083067452727944,8.591857681233457e-06,0.0002083067452727944,32.74560490688562
1359,7325,30.8631726208815,0,0,0,0,0,0,0,1,0,0.0002083067452727944,8.591857681233457e-06,0.0002083067452727944,30.8604216208815
1360,8784,42.99307201677031,0,0,0,0,0,0,0,1,0,0.0002083067452727944,8.591857681233457e-06,0.0002083067452727944,42.82007101677033
1361,4387,21.17449370834423,0,0,0,0,0,0,0,1,0,0.0002083067452727944,8.591857681233457e-06,0.0002083067452727944,21.00149270834422
1362,10890,47.88327985168706,0,0,0,0,0,0,0,1,0,0.0002083067452727944,8.591857681233457e-06,0.0002083067452727944,47.71027885136528
1363,6917,32.10529167583105,0,0,0,0,0,0,0,1,0,0.0002083067452727944,8.591857681233457e-06,0.0002083067452727944,32.10254067585375
1364,5032,25.45786593080691,0,0,0,0,0,0,0,1,0,0.0002083067452727944,8.591857681233457e-06,0.0002083067452727944,25.2848649308069
1365,7805,32.6532437190064,0,0,0,0,0,0,0,1,0,0.0002083067452727944,8.591857681233457e-06,0.0002083067452727944,32.48024271900632
1366,10508,46.39391462813386,0,0,0,0,0,0,0,1,0,0.0002083067452727944,8.591857681233457e-06,0.0002083067452727944,46.39116362813383
1367,7936,33.44988006790344,0,0,0,0,0,0,0,1,0,0.0002083067452727944,8.591857681233457e-06,0.0002083067452727944,33.27687906790343
1368,6449,29.69010276843483,0,0,0,0,0,0,0,1,0,0.0002083067452727944,8.591857681233457e-06,0.0002083067452727944,29.51710176843483
1369,1138,5.891688711047498,0,0,0,0,0,0,0,1,0,0.0002083067452727944,8.591857681233457e-06,0.0002083067452727944,5.718687711047502
1370,430,8.306006024096343,0,0,0,1,7,0,0,0,0,0.0002083067452727944,8.591857681233457e-06,0.0002083067452727944,-1
1371,10075,48.4623852679249,0,0,0,0,0,0,0,1,0,0.0002083067452727944,8.591857681233457e-06,0.0002083067452727944,48.28938426792482
1372,9203,43.6456272959326,0,0,0,0,0,0,0,1,0,0.0002083067452727944,8.591857681233457e-06,0.0002083067452727944,43.6428762959326
1373,8592,40.64789097383078,0,0,0,0,0,0,0,1,0,0.0002083067452727944,8.591857681233457e-06,0.0002083067452727944,40.64513997383067
1374,7118,31.25050035803957,0,0,0,0,0,0,0,1,0,0.0002083067452727944,8.591857681233457e-06,0.0002083067452727944,31.24774935803957
1375,7120,29.36795806745826,0,0,0,0,0,0,0,1,0,0.0002083067452727944,8.591857681233457e-06,0.0002083067452727944,29.19495706745828
1376,10296,46.57439361287153,0,0,0,0,0,0,0,1,0,0.0002083067452727944,8.591857681233457e-06,0.0002083067452727944,46.57164261287149
1377,6976,30.30314570583085,0,0,0,0,0,0,0,1,0,0.0002083067452727944,8.591857681233457e-06,0.0002083067452727944,30.13014470583081
1378,7793,40.8554473721875,0,0,0,0,0,0,0,1,0,0.0002083067452727944,8.591857681233457e-06,0.0002083067452727944,40.68244637218744
1379,1144,16.65998282194733,0,0,0,4,29,0,0,0,0,0.0002083067452727944,8.591857681233457e-06,0.0002083067452727944,-1
1380,7688,31.39774951532705,0,0,0,0,0,0,0,1,0,0.0002083067452727944,8.591857681233457e-06,0.0002083067452727944,31.22474851532701
1381,12100,52.59687379519679,0,0,0,0,0,0,0,1,0,0.0002083067452727944,8.591857681233457e-06,0.0002083067452727944,52.42387279519676
1382,8136,36.76203799678711,0,0,0,0,0,0,0,1,0,0.0002083067452727944,8.591857681233457e-06,0.0002083067452727944,36.75928699678715
1383,11164,52.42828692109111,0,0,0,0,0,0,0,1,0,0.0002083067452727944,8.591857681233457e-06,0.0002083067452727944,52.42553592109112
1384,10695,48.60228493124314,0,0,0,0,0,0,0,1,0,0.0002083067452727944,8.591857681233457e-06,0.0002083067452727944,48.42928393124306
1385,2471,12.0908770278861,0,0,0,0,0,0,0,1,0,0.0002083067452727944,8.591857681233457e-06,0.0002083067452727944,11.91787602788609
1386,9815,44.81682155521381,0,0,0,0,0,0,0,1,0,0.0002083067452727944,8.591857681233457e-06,0.0002083067452727944,44.81407055521379
1387,8211,34.68621527311059,0,0,0,0,0,0,0,1,0,0.0002083067452727944,8.591857681233457e-06,0.0002083067452727944,34.51321427311065
1388,7081,34.90598760013521,0,0,0,0,0,0,0,1,0,0.0002083067452727944,8.591857681233457e-06,0.0002083067452727944,34.73298660013524
1389,8927,48.15849879721455,0,0,0,0,0,0,0,1,0,0.0002083067452727944,8.591857681233457e-06,0.0002083067452727944,48.15574779721474
1390,7505,36.38723999026479,0,0,0,0,0,0,0,1,0,0.0002083067452727944,8.591857681233457e-06,0.0002083067452727944,36.38448899026475
1391,3883,17.9722991293811,0,0,0,0,0,0,0,1,0,0.0002083067452727944,8.591857681233457e-06,0.0002083067452727944,17.9695481293811
1392,10085,49.75014861728839,0,0,0,0,0,0,0,1,0,0.0002083067452727944,8.591857681233457e-06,0.0002083067452727944,49.57714761728833
1393,7360,34.59566584893749,0,0,0,0,0,0,0,1,0,0.0002083067452727944,8.591857681233457e-06,0.0002083067452727944,34.42266484893748
1394,172,2.043887623995478,0,0,0,0,0,0,0,0,0,0.0002083067452727944,8.591857681233457e-06,0.0002083067452727944,-1
1395,10678,45.80594282011512,0,0,0,0,0,0,0,1,0,0.0002083067452727944,8.591857681233457e-06,0.0002083067452727944,45.63294182011503
1396,6487,30.72459088858469,0,0,0,0,0,0,0,1,0,0.0002083067452727944,8.591857681233457e-06,0.0002083067452727944,30.55158988858476
1397,6151,28.6430288549312,0,0,0,0,0,0,0,1,0,0.0002083067452727944,8.591857681233457e-06,0.0002083067452727944,28.47002785493121
1398,8309,38.81839337386344,0,0,0,0,0,0,0,1,0,0.0002083067452727944,8.591857681233457e-06,0.0002083067452727944,38.64539237386347
1399,10939,50.93900809552149,0,0,0,0,0,0,0,1,0,0.0002083067452727944,8.591857681233457e-06,0.0002083067452727944,50.93625709552143
1400,6451,29.38228903061233,0,0,0,0,0,0,0,1,0,0.0002083067452727944,8.591857681233457e-06,0.0002083067452727944,29.20928803061235
1401,2610,15.23184396830304,0,0,0,0,0,0,0,1,0,0.0002083067452727944,8.591857681233457e-06,0.0002083067452727944,15.05884296830304
1402,2,2.781165773387202,0,0,0,1,7,0,0,0,0,0.0002083067452727944,8.591857681233457e-06,0.0002083067452727944,-1
1403,9407,42.55684541148229,0,0,0,0,0,0,0,1,0,0.0002083067452727944,8.591857681233457e-06,0.0002083067452727944,42.5540944114823
1404,1802,62.41514229931944,0,0,0,4,25,0,0,0,0,0.0002083067452727944,8.591857681233457e-06,0.0002083067452727944,-1
1405,11708,50.11941053727521,0,0,0,0,0,0,0,1,0,0.0002083067452727944,8.591857681233457e-06,0.0002083067452727944,49.94640953727512
1406,7311,34.16430840136291,0,0,0,0,0,0,0,1,0,0.0002083067452727944,8.591857681233457e-06,0.0002083067452727944,33.99130740136291
1407,3618,16.6876805705521,0,0,0,0,0,0,0,1,0,0.0002083067452727944,8.591857681233457e-06,0.0002083067452727944,16.68492957055211
1408,4474,20.1947828244651,0,0,0,0,0,0,0,1,0,0.0002083067452727944,8.591857681233457e-06,0.0002083067452727944,20.02178182446508
1409,11143,49.83411981227194,0,0,0,0,0,0,0,1,0,0.0002083067452727944,8.591857681233457e-06,0.0002083067452727944,49.66111881227181
1410,5747,30.91565180917429,0,0,0,0,0,0,0,1,0,0.0002083067452727944,8.591857681233457e-06,0.0002083067452727944,30.91290080917429
1411,7818,34.73934926260234,0,0,0,0,0,0,0,1,0,0.0002083067452727944,8.591857681233457e-06,0.0002083067452727944,34.73659826260238
1412,9636,44.67815144754623,0,0,0,0,0,0,0,1,0,0.0002083067452727944,8.591857681233457e-06,0.0002083067452727944,44.50515044754621
1413,6908,30.02106380962602,0,0,0,0,0,0,0,1,0,0.0002083067452727944,8.591857681233457e-06,0.0002083067452727944,29.84806280962606
1414,4688,19.44511844908872,0,0,0,0,0,0,0,1,0,0.0002083067452727944,8.591857681233457e-06,0.0002083067452727944,19.44236744908872
1415,10357,45.3762054906548,0,0,0,0,0,0,0,1,0,0.0002083067452727944,8.591857681233457e-06,0.0002083067452727944,45.20320449065482
1416,9047,43.82307596999858,0,0,0,0,0,0,0,1,0,0.0002083067452727944,8.591857681233457e-06,0.0002083067452727944,43.82032496999851
1417,3,12.5406709811097,0,0,0,2,13,0,0,0,0,0.0002083067452727944,8.591857681233457e-06,0.0002083067452727944,-1
1418,10923,49.86612941191907,0,0,0,0,0,0,0,1,0,0.0002083067452727944,8.591857681233457e-06,0.0002083067452727944,49.69312841191898
1419,3119,13.62571644375787,0,0,0,0,0,0,0,1,0,0.0002083067452727944,8.591857681233457e-06,0.0002083067452727944,13.45271544375788
1420,7874,35.42152785652934,0,0,0,0,0,0,0,1,0,0.0002083067452727944,8.591857681233457e-06,0.0002083067452727944,35.4187768565293
1421,10895,50.42328476984818,0,0,0,0,0,0,0,1,0,0.0002083067452727944,8.591857681233457e-06,0.0002083067452727944,50.25028376984818
1422,173,14.4890384761722,0,0,0,2,16,0,0,0,0,0.0002083067452727944,8.591857681233457e-06,0.0002083067452727944,-1
1423,11777,49.90879004980954,0,0,0,0,0,0,0,1,0,0.0002083067452727944,8.591857681233457e-06,0.0002083067452727944,49.73578904980959
1424,8257,36.63070608870142,0,0,0,0,0,0,0,1,0,0.0002083067452727944,8.591857681233457e-06,0.0002083067452727944,36.62795508870135
1425,10793,49.79966652039359,0,0,0,0,0,0,0,1,0,0.0002083067452727944,8.591857681233457e-06,0.0002083067452727944,49.62666552039363
1426,8795,41.92718298995747,0,0,0,0,0,0,0,1,0,0.0002083067452727944,8.591857681233457e-06,0.0002083067452727944,41.75418198995749
1427,9542,40.54863072560307,0,0,0,0,0,0,0,1,0,0.0002083067452727944,8.591857681233457e-06,0.0002083067452727944,40.37562972560299
1428,11435,52.24819294480505,0,0,0,0,0,0,0,1,0,0.0002083067452727944,8.591857681233457e-06,0.0002083067452727944,52.07519194466188
1429,8055,39.047423116801,0,0,0,0,0,0,0,1,0,0.0002083067452727944,8.591857681233457e-06,0.0002083067452727944,38.8744221167541
1430,3919,17.51696564457527,0,0,0,0,0,0,0,1,0,0.0002083067452727944,8.591857681233457e-06,0.0002083067452727944,17.34396464457527
1431,9662,40.92430946129175,0,0,0,0,0,0,0,1,0,0.0002083067452727944,8.591857681233457e-06,0.0002083067452727944,40.75130846129169
1432,9560,38.94269409723419,0,0,0,0,0,0,0,1,0,0.0002083067452727944,8.591857681233457e-06,0.0002083067452727944,38.93994309723422
1433,5583,23.48420915100132,0,0,0,0,0,0,0,1,0,0.0002083067452727944,8.591857681233457e-06,0.0002083067452727944,23.31120815100132
1434,9022,37.62961628186681,0,0,0,0,0,0,0,1,0,0.0002083067452727944,8.591857681233457e-06,0.0002083067452727944,37.62686528186681
1435,8962,39.77678017432379,0,0,0,0,0,0,0,1,0,0.0002083067452727944,8.591857681233457e-06,0.0002083067452727944,39.60377917432373
1436,1413,28.77254112239394,0,0,0,2,6,0,0,0,0,0.0002083067452727944,8.591857681233457e-06,0.0002083067452727944,-1
1437,506,24.18086759212565,0,0,0,2,10,0,0,0,0,0.0002083067452727944,8.591857681233457e-06,0.0002083067452727944,-1
1438,11296,47.77203228650781,0,0,0,0,0,0,0,1,0,0.0002083067452727944,8.591857681233457e-06,0.0002083067452727944,47.76928128650786
1439,5730,24.04890710722176,0,0,0,0,0,0,0,1,0,0.0002083067452727944,8.591857681233457e-06,0.0002083067452727944,24.04615610722178
1440,986,23.12185847407948,0,0,0,2,10,0,0,0,0,0.0002083067452727944,8.591857681233457e-06,0.0002083067452727944,-1
1441,9445,41.56404190787178,0,0,0,0,0,0,0,1,0,0.0002083067452727944,8.591857681233457e-06,0.0002083067452727944,41.56129090787176
1442,8615,36.87727643680562,0,0,0,0,0,0,0,1,0,0.0002083067452727944,8.591857681233457e-06,0.0002083067452727944,36.87452543680563
1443,10824,49.88654205169304,0,0,0,0,0,0,0,1,0,0.0002083067452727944,8.591857681233457e-06,0.0002083067452727944,49.71354105169301
1444,6130,28.54226223118943,0,0,0,0,0,0,0,1,0,0.0002083067452727944,8.591857681233457e-06,0.0002083067452727944,28.53951123118943
1445,5768,26.59487202490877,0,0,0,0,0,0,0,1,0,0.0002083067452727944,8.591857681233457e-06,0.0002083067452727944,26.59212102490877
1446,10324,49.12666085279922,0,0,0,0,0,0,0,1,0,0.0002083067452727944,8.591857681233457e-06,0.0002083067452727944,49.12390985277889
1447,6402,26.16976224502199,0,0,0,0,0,0,0,1,0,0.0002083067452727944,8.591857681233457e-06,0.0002083067452727944,25.99676124502195
1448,10225,45.20699517526605,0,0,0,0,0,0,0,1,0,0.0002083067452727944,8.591857681233457e-06,0.0002083067452727944,45.03399417526602
1449,5627,25.99555274775429,0,0,0,0,0,0,0,1,0,0.0002083067452727944,8.591857681233457e-06,0.0002083067452727944,25.9928017477543
1450,1433,9.317577483727089,0,0,0,1,4,0,0,0,0,0.0002083067452727944,8.591857681233457e-06,0.0002083067452727944,-1
1451,154,21.41940802949824,0,0,0,1,9,0,0,0,0,0.0002083067452727944,8.591857681233457e-06,0.0002083067452727944,-1
1452,2695,12.28138961526792,0,0,0,0,0,0,0,1,0,0.0002083067452727944,8.591857681233457e-06,0.0002083067452727944,12.10838861526791
1453,6475,27.84838681756231,0,0,0,0,0,0,0,1,0,0.0002083067452727944,8.591857681233457e-06,0.0002083067452727944,27.67538581756235
1454,7233,30.43253663220042,0,0,0,0,0,0,0,1,0,0.0002083067452727944,8.591857681233457e-06,0.0002083067452727944,30.25953563220043
1455,9764,45.31002530056332,0,0,0,0,0,0,0,1,0,0.0002083067452727944,8.591857681233457e-06,0.0002083067452727944,45.13702430051374
1456,9524,42.83296530585727,0,0,0,0,0,0,0,1,0,0.0002083067452727944,8.591857681233457e-06,0.0002083067452727944,42.65996430585727
1457,10152,49.34692819136416,0,0,0,0,0,0,0,1,0,0.0002083067452727944,8.591857681233457e-06,0.0002083067452727944,49.34417719182787
1458,6062,27.61439728362677,0,0,0,0,0,0,0,1,0,0.0002083067452727944,8.591857681233457e-06,0.0002083067452727944,27.44139628362678
1459,10875,48.78527057066759,0,0,0,0,0,0,0,1,0,0.0002083067452727944,8.591857681233457e-06,0.0002083067452727944,48.61226957079099
1460,922,23.1850566041114,0,0,0,4,25,0,0,0,0,0.0002083067452727944,8.591857681233457e-06,0.0002083067452727944,-1
1461,1718,62.99624277807586,0,0,0,3,22,0,0,0,0,0.0002083067452727944,8.591857681233457e-06,0.0002083067452727944,-1
1462,9722,41.47782078472044,0,0,0,0,0,0,0,1,0,0.0002083067452727944,8.591857681233457e-06,0.0002083067452727944,41.47506978472052
1463,1366,13.52311271978638,0,0,0,1,9,0,0,0,0,0.0002083067452727944,8.591857681233457e-06,0.0002083067452727944,-1
1464,7900,36.74330504441566,0,0,0,0,0,0,0,1,0,0.0002083067452727944,8.591857681233457e-06,0.0002083067452727944,36.57030404441568
1465,7186,31.50852927644496,0,0,0,0,0,0,0,1,0,0.0002083067452727944,8.591857681233457e-06,0.0002083067452727944,31.33552827644495
1466,0,18.20609780242123,0,0,0,2,19,0,0,0,0,0.0002083067452727944,8.591857681233457e-06,0.0002083067452727944,-1
1467,5737,26.30651081297437,0,0,0,0,0,0,0,1,0,0.0002083067452727944,8.591857681233457e-06,0.0002083067452727944,26.13350981297437
1468,6694,32.21460530966042,0,0,0,0,0,0,0,1,0,0.0002083067452727944,8.591857681233457e-06,0.0002083067452727944,32.2118543096604
1469,10755,52.1345765203062,0,0,0,0,0,0,0,1,0,0.0002083067452727944,8.591857681233457e-06,0.0002083067452727944,51.96157552030606
1470,5898,26.18558955739428,0,0,0,0,0,0,0,1,0,0.0002083067452727944,8.591857681233457e-06,0.0002083067452727944,26.18283855739433
1471,10097,45.98577436113187,0,0,0,0,0,0,0,1,0,0.0002083067452727944,8.591857681233457e-06,0.0002083067452727944,45.98302336113191
1472,8286,37.0934566377874,0,0,0,0,0,0,0,1,0,0.0002083067452727944,8.591857681233457e-06,0.0002083067452727944,37.09070563778739
1473,9878,44.664135606572,0,0,0,0,0,0,0,1,0,0.0002083067452727944,8.591857681233457e-06,0.0002083067452727944,44.491134606572
1474,5742,24.62476950466448,0,0,0,0,0,0,0,1,0,0.0002083067452727944,8.591857681233457e-06,0.0002083067452727944,24.45176850466448
1475,9818,43.53676694127592,0,0,0,0,0,0,0,1,0,0.0002083067452727944,8.591857681233457e-06,0.0002083067452727944,43.36376594127591
1476,10701,49.46478574342034,0,0,0,0,0,0,0,1,0,0.0002083067452727944,8.591857681233457e-06,0.0002083067452727944,49.29178474342033
1477,9422,41.24540763841105,0,0,0,0,0,0,0,1,0,0.0002083067452727944,8.591857681233457e-06,0.0002083067452727944,41.24265663841099
1478,7623,34.62410331000696,0,0,0,0,0,0,0,1,0,0.0002083067452727944,8.591857681233457e-06,0.0002083067452727944,34.62135231000703
1479,3936,18.52122769105913,0,0,0,0,0,0,0,1,0,0.0002083067452727944,8.591857681233457e-06,0.0002083067452727944,18.51847669105914
1480,5641,25.93456276925379,0,0,0,0,0,0,0,1,0,0.0002083067452727944,8.591857681233457e-06,0.0002083067452727944,25.93181176925374
1481,8913,39.83690897260242,0,0,0,0,0,0,0,1,0,0.0002083067452727944,8.591857681233457e-06,0.0002083067452727944,39.66390797260243
1482,8492,38.59624802218558,0,0,0,0,0,0,0,1,0,0.0002083067452727944,8.591857681233457e-06,0.0002083067452727944,38.59349702218555
1483,10488,50.70151783611524,0,0,0,0,0,0,0,1,0,0.0002083067452727944,8.591857681233457e-06,0.0002083067452727944,50.52851683608144
1484,8176,36.66611818474175,0,0,0,0,0,0,0,1,0,0.0002083067452727944,8.591857681233457e-06,0.0002083067452727944,36.66336718474175
1485,7874,34.73024782647013,0,0,0,0,0,0,0,1,0,0.0002083067452727944,8.591857681233457e-06,0.0002083067452727944,34.55724682647013
1486,8736,37.45193190718062,0,0,0,0,0,0,0,1,0,0.0002083067452727944,8.591857681233457e-06,0.0002083067452727944,37.44918090718068
1487,415,47.55408313337653,0,0,0,3,25,0,0,0,0,0.0002083067452727944,8.591857681233457e-06,0.0002083067452727944,-1
1488,10854,48.83491811534337,0,0,0,0,0,0,0,1,0,0.0002083067452727944,8.591857681233457e-06,0.0002083067452727944,48.66191711533357
1489,11198,49.09282841053625,0,0,0,0,0,0,0,1,0,0.0002083067452727944,8.591857681233457e-06,0.0002083067452727944,49.09007741053617
1490,6697,32.1277510300492,0,0,0,0,0,0,0,1,0,0.0002083067452727944,8.591857681233457e-06,0.0002083067452727944,32.12500003004921
1491,5282,21.97142785314742,0,0,0,0,0,0,0,1,0,0.0002083067452727944,8.591857681233457e-06,0.0002083067452727944,21.7984268531474
1492,1206,5.381855862717751,0,0,0,0,0,0,0,1,0,0.0002083067452727944,8.591857681233457e-06,0.0002083067452727944,5.208854862717753
1493,8167,38.04831017477065,0,0,0,0,0,0,0,1,0,0.0002083067452727944,8.591857681233457e-06,0.0002083067452727944,37.87530917477064
1494,9112,38.43779252755184,0,0,0,0,0,0,0,1,0,0.0002083067452727944,8.591857681233457e-06,0.0002083067452727944,38.43504152755181
1495,7765,35.84302434202143,0,0,0,0,0,0,0,1,0,0.0002083067452727944,8.591857681233457e-06,0.0002083067452727944,35.67002334202139
1496,5703,26.94999874059345,0,0,0,0,0,0,0,1,0,0.0002083067452727944,8.591857681233457e-06,0.0002083067452727944,26.94724774059342
1497,3376,15.93435917419683,0,0,0,0,0,0,0,1,0,0.0002083067452727944,8.591857681233457e-06,0.0002083067452727944,15.93160817419682
1498,10902,45.91678593060038,0,0,0,0,0,0,0,1,0,0.0002083067452727944,8.591857681233457e-06,0.0002083067452727944,45.74378493060037
1499,7577,37.91574763812958,0,0,0,0,0,0,0,1,0,0.0002083067452727944,8.591857681233457e-06,0.0002083067452727944,37.91299663812961
1500,9770,46.40165766463625,0,0,0,0,0,0,0,1,0,0.0002083067452727944,8.591857681233457e-06,0.0002083067452727944,46.22865666463621
1501,9013,41.87703964417717,0,0,0,0,0,0,0,1,0,0.0002083067452727944,8.591857681233457e-06,0.0002083067452727944,41.7040386441772
1502,7960,35.11783499709852,0,0,0,0,0,0,0,1,0,0.0002083067452727944,8.591857681233457e-06,0.0002083067452727944,35.1150839970985
1503,6736,29.71501992438031,0,0,0,0,0,0,0,1,0,0.0002083067452727944,8.591857681233457e-06,0.0002083067452727944,29.71226892438029
1504,0,5.942420859748889,0,0,0,2,13,0,0,0,0,0.0002083067452727944,8.591857681233457e-06,0.0002083067452727944,-1
1505,11049,47.99048163575024,0,0,0,0,0,0,0,1,0,0.0002083067452727944,8.591857681233457e-06,0.0002083067452727944,47.8174806357503
1506,8528,38.15748449339674,0,0,0,0,0,0,0,1,0,0.0002083067452727944,8.591857681233457e-06,0.0002083067452727944,37.98448349339677
1507,10128,47.00470358973618,0,0,0,0,0,0,0,1,0,0.0002083067452727944,8.591857681233457e-06,0.0002083067452727944,47.0019525897362
1508,10232,44.48062771171202,0,0,0,0,0,0,0,1,0,0.0002083067452727944,8.591857681233457e-06,0.0002083067452727944,44.30762671171195
1509,11598,51.938996012249,0,0,0,0,0,0,0,1,0,0.0002083067452727944,8.591857681233457e-06,0.0002083067452727944,51.93624501224902
1510,8229,37.52742475336184,0,0,0,0,0,0,0,1,0,0.0002083067452727944,8.591857681233457e-06,0.0002083067452727944,37.52467375336182
1511,3732,17.26190732372285,0,0,0,0,0,0,0,1,0,0.0002083067452727944,8.591857681233457e-06,0.0002083067452727944,17.08890632372282
1512,9743,41.43433216936792,0,0,0,0,0,0,0,1,0,0.0002083067452727944,8.591857681233457e-06,0.0002083067452727944,41.43158116936795
1513,0,1.203423104596468,0,0,0,1,7,0,0,0,0,0.0002083067452727944,8.591857681233457e-06,0.0002083067452727944,-1
1514,312,19.15615015663743,0,0,0,1,6,0,0,0,0,0.0002083067452727944,8.591857681233457e-06,0.0002083067452727944,-1
1515,6812,32.38848778526967,0,0,0,0,0,0,0,1,0,0.0002083067452727944,8.591857681233457e-06,0.0002083067452727944,32.38573678526966
1516,10724,53.81769060454521,0,0,0,0,0,0,0,1,0,0.0002083067452727944,8.591857681233457e-06,0.0002083067452727944,53.64468960454519
1517,4008,18.9465433925324,0,0,0,0,0,0,0,1,0,0.0002083067452727944,8.591857681233457e-06,0.0002083067452727944,18.77354239253241
1518,9466,41.95212875887825,0,0,0,0,0,0,0,1,0,0.0002083067452727944,8.591857681233457e-06,0.0002083067452727944,41.77912775887826
1519,7926,34.71458228634633,0,0,0,0,0,0,0,1,0,0.0002083067452727944,8.591857681233457e-06,0.0002083067452727944,34.54158128634632
1520,6155,26.64619850393779,0,0,0,0,0,0,0,1,0,0.0002083067452727944,8.591857681233457e-06,0.0002083067452727944,26.64344750393782
1521,11091,47.91932294520971,0,0,0,0,0,0,0,1,0,0.0002083067452727944,8.591857681233457e-06,0.0002083067452727944,47.91657194520972
1522,7765,37.08772931527305,0,0,0,0,0,0,0,1,0,0.0002083067452727944,8.591857681233457e-06,0.0002083067452727944,36.91472831527307
1523,8811,39.30190773703028,0,0,0,0,0,0,0,1,0,0.0002083067452727944,8.591857681233457e-06,0.0002083067452727944,39.29915673703029
1524,11221,51.38114626849305,0,0,0,0,0,0,0,1,0,0.0002083067452727944,8.591857681233457e-06,0.0002083067452727944,51.37839526849285
1525,8609,42.41302655684448,0,0,0,0,0,0,0,1,0,0.0002083067452727944,8.591857681233457e-06,0.0002083067452727944,42.41027555684451
1526,10315,46.85136792727481,0,0,0,0,0,0,0,1,0,0.0002083067452727944,8.591857681233457e-06,0.0002083067452727944,46.67836692727474
1527,6211,25.98627544547691,0,0,0,0,0,0,0,1,0,0.0002083067452727944,8.591857681233457e-06,0.0002083067452727944,25.98352444547693
1528,8760,40.93440062703375,0,0,0,0,0,0,0,1,0,0.0002083067452727944,8.591857681233457e-06,0.0002083067452727944,40.76139962703366
1529,11276,45.88699036176311,0,0,0,0,0,0,0,1,0,0.0002083067452727944,8.591857681233457e-06,0.0002083067452727944,45.88423936176316
1530,5273,22.80829767344825,0,0,0,0,0,0,0,1,0,0.0002083067452727944,8.591857681233457e-06,0.0002083067452727944,22.80554667344824
1531,7919,37.47589882185486,0,0,0,0,0,0,0,1,0,0.0002083067452727944,8.591857681233457e-06,0.0002083067452727944,37.30289782185481
1532,9282,40.06863483369148,0,0,0,0,0,0,0,1,0,0.0002083067452727944,8.591857681233457e-06,0.0002083067452727944,39.89563383369148
1533,9631,40.84474601069818,0,0,0,0,0,0,0,1,0,0.0002083067452727944,8.591857681233457e-06,0.0002083067452727944,40.67174501069818
1534,7533,35.55314101523484,0,0,0,0,0,0,0,1,0,0.0002083067452727944,8.591857681233457e-06,0.0002083067452727944,35.38014001523483
1535,11346,48.73500001377081,0,0,0,0,0,0,0,1,0,0.0002083067452727944,8.591857681233457e-06,0.0002083067452727944,48.56199901377076
1536,3770,16.57008956410795,0,0,0,0,0,0,0,1,0,0.0002083067452727944,8.591857681233457e-06,0.0002083067452727944,16.56733856410794
1537,6344,33.52457799997423,0,0,0,0,0,0,0,1,0,0.0002083067452727944,8.591857681233457e-06,0.0002083067452727944,33.35157699994242
1538,4036,16.74605538536355,0,0,0,0,0,0,0,1,0,0.0002083067452727944,8.591857681233457e-06,0.0002083067452727944,16.74330438536354
1539,9262,46.07074848716584,0,0,0,0,0,0,0,1,0,0.0002083067452727944,8.591857681233457e-06,0.0002083067452727944,45.89774748716584
1540,5539,24.81226022224141,0,0,0,0,0,0,0,1,0,0.0002083067452727944,8.591857681233457e-06,0.0002083067452727944,24.63925922224144
1541,6904,29.992029720327,0,0,0,0,0,0,0,1,0,0.0002083067452727944,8.591857681233457e-06,0.0002083067452727944,29.98927872032699
1542,3369,15.81343890106912,0,0,0,0,0,0,0,1,0,0.0002083067452727944,8.591857681233457e-06,0.0002083067452727944,15.81068790106912
1543,11527,50.35457538776811,0,0,0,0,0,0,0,1,0,0.0002083067452727944,8.591857681233457e-06,0.0002083067452727944,50.18157438776814
1544,4869,22.22702924616469,0,0,0,0,0,0,0,1,0,0.0002083067452727944,8.591857681233457e-06,0.0002083067452727944,22.22427824616467
1545,4131,18.81827904237942,0,0,0,0,0,0,0,1,0,0.0002083067452727944,8.591857681233457e-06,0.0002083067452727944,18.64527804237942
1546,7775,33.83368902677368,0,0,0,0,0,0,0,1,0,0.0002083067452727944,8.591857681233457e-06,0.0002083067452727944,33.66068802677371
1547,8803,39.31357090340197,0,0,0,0,0,0,0,1,0,0.0002083067452727944,8.591857681233457e-06,0.0002083067452727944,39.140569903402
1548,6330,31.15103830989996,0,0,0,0,0,0,0,1,0,0.0002083067452727944,8.591857681233457e-06,0.0002083067452727944,30.97803730989991
1549,10384,46.5208335325088,0,0,0,0,0,0,0,1,0,0.0002083067452727944,8.591857681233457e-06,0.0002083067452727944,46.3478325325088
1550,6,34.24751297508442,0,0,0,3,21,0,0,0,0,0.0002083067452727944,8.591857681233457e-06,0.0002083067452727944,-1
1551,7986,35.52306596223212,0,0,0,0,0,0,0,1,0,0.0002083067452727944,8.591857681233457e-06,0.0002083067452727944,35.35006496223209
1552,4512,22.17389830442873,0,0,0,0,0,0,0,1,0,0.0002083067452727944,8.591857681233457e-06,0.0002083067452727944,22.17114730442872
1553,933,32.42591478976747,0,0,0,4,27,0,0,0,0,0.0002083067452727944,8.591857681233457e-06,0.0002083067452727944,-1
1554,9141,40.84519472352227,0,0,0,0,0,0,0,1,0,0.0002083067452727944,8.591857681233457e-06,0.0002083067452727944,40.67219372352227
1555,11409,48.89810001171788,0,0,0,0,0,0,0,1,0,0.0002083067452727944,8.591857681233457e-06,0.0002083067452727944,48.72509901171787
1556,0,0.173001,0,0,0,0,0,0,0,0,0,0.0002083067452727944,8.591857681233457e-06,0.0002083067452727944,-1
1557,3371,14.19513462319908,0,0,0,0,0,0,0,1,0,0.0002083067452727944,8.591857681233457e-06,0.0002083067452727944,14.19238362319908
1558,1117,20.80563298862914,0,0,0,3,9,0,0,0,0,0.0002083067452727944,8.591857681233457e-06,0.0002083067452727944,-1
1559,8417,41.6148690386044,0,0,0,0,0,0,0,1,0,0.0002083067452727944,8.591857681233457e-06,0.0002083067452727944,41.44186803860433
1560,8586,37.05723760256855,0,0,0,0,0,0,0,1,0,0.0002083067452727944,8.591857681233457e-06,0.0002083067452727944,37.05448660256856
1561,7156,30.93029128074885,0,0,0,0,0,0,0,1,0,0.0002083067452727944,8.591857681233457e-06,0.0002083067452727944,30.75729028074883
1562,9528,48.05141851856735,0,0,0,0,0,0,0,1,0,0.0002083067452727944,8.591857681233457e-06,0.0002083067452727944,47.87841751856729
1563,6028,25.73505501398764,0,0,0,0,0,0,0,1,0,0.0002083067452727944,8.591857681233457e-06,0.0002083067452727944,25.56205401398768
1564,7332,34.03235963401908,0,0,0,0,0,0,0,1,0,0.0002083067452727944,8.591857681233457e-06,0.0002083067452727944,33.85935863401906
1565,6076,27.76323448722934,0,0,0,0,0,0,0,1,0,0.0002083067452727944,8.591857681233457e-06,0.0002083067452727944,27.59023348722932
1566,10919,46.92740562321503,0,0,0,0,0,0,0,1,0,0.0002083067452727944,8.591857681233457e-06,0.0002083067452727944,46.75440462321507
1567,0,0.1730010000000001,0,0,0,0,0,0,0,0,0,0.0002083067452727944,8.591857681233457e-06,0.0002083067452727944,-1
1568,718,6.827523916597699,0,0,0,1,7,0,0,0,0,0.0002083067452727944,8.591857681233457e-06,0.0002083067452727944,-1
1569,5845,24.37448012486345,0,0,0,0,0,0,0,1,0,0.0002083067452727944,8.591857681233457e-06,0.0002083067452727944,24.37172912486341
1570,7715,32.22158526659872,0,0,0,0,0,0,0,1,0,0.0002083067452727944,8.591857681233457e-06,0.0002083067452727944,32.04858426659865
1571,9175,40.620876920769,0,0,0,0,0,0,0,1,0,0.0002083067452727944,8.591857681233457e-06,0.0002083067452727944,40.44787592076894
1572,7198,33.43875623586295,0,0,0,0,0,0,0,1,0,0.0002083067452727944,8.591857681233457e-06,0.0002083067452727944,33.26575523586291
1573,11766,51.89449017648811,0,0,0,0,0,0,0,1,0,0.0002083067452727944,8.591857681233457e-06,0.0002083067452727944,51.89173917651163
1574,8073,35.93100192988744,0,0,0,0,0,0,0,1,0,0.0002083067452727944,8.591857681233457e-06,0.0002083067452727944,35.92825092988739
1575,8485,37.16032876311498,0,0,0,0,0,0,0,1,0,0.0002083067452727944,8.591857681233457e-06,0.0002083067452727944,36.98732776311503
1576,8757,40.15684007390221,0,0,0,0,0,0,0,1,0,0.0002083067452727944,8.591857681233457e-06,0.0002083067452727944,40.15408907390217
1577,10548,49.52206323047098,0,0,0,0,0,0,0,1,0,0.0002083067452727944,8.591857681233457e-06,0.0002083067452727944,49.34906223046389
1578,8987,40.2186155308255,0,0,0,0,0,0,0,1,0,0.0002083067452727944,8.591857681233457e-06,0.0002083067452727944,40.04561453082555
1579,8405,34.05236613572296,0,0,0,0,0,0,0,1,0,0.0002083067452727944,8.591857681233457e-06,0.0002083067452727944,34.04961513572296
1580,0,2.883976831194736,0,0,0,1,7,0,0,0,0,0.0002083067452727944,8.591857681233457e-06,0.0002083067452727944,-1
1581,11198,49.91848286374748,0,0,0,0,0,0,0,1,0,0.0002083067452727944,8.591857681233457e-06,0.0002083067452727944,49.74548186374744
1582,11791,52.55429476903055,0,0,0,0,0,0,0,1,0,0.0002083067452727944,8.591857681233457e-06,0.0002083067452727944,52.38129376903042
1583,11196,52.55473154975231,0,0,0,0,0,0,0,1,0,0.0002083067452727944,8.591857681233457e-06,0.0002083067452727944,52.55198054975232
1584,1546,12.50988925040677,0,0,0,1,9,0,0,0,0,0.0002083067452727944,8.591857681233457e-06,0.0002083067452727944,-1
1585,139,5.199446108855835,0,0,0,1,7,0,0,0,0,0.0002083067452727944,8.591857681233457e-06,0.0002083067452727944,-1
1586,10206,47.71616633508782,0,0,0,0,0,0,0,1,0,0.0002083067452727944,8.591857681233457e-06,0.0002083067452727944,47.54316533508782
1587,1014,13.61007190227375,0,0,0,1,7,0,0,0,0,0.0002083067452727944,8.591857681233457e-06,0.0002083067452727944,-1
1588,2960,12.77504483565395,0,0,0,0,0,0,0,1,0,0.0002083067452727944,8.591857681233457e-06,0.0002083067452727944,12.60204383565396
1589,4834,21.09073889481728,0,0,0,0,0,0,0,1,0,0.0002083067452727944,8.591857681233457e-06,0.0002083067452727944,20.91773789481727
1590,1195,21.21587926749538,0,0,0,1,9,0,0,0,0,0.0002083067452727944,8.591857681233457e-06,0.0002083067452727944,-1
1591,742,8.017883776677916,0,0,0,1,6,0,0,0,0,0.0002083067452727944,8.591857681233457e-06,0.0002083067452727944,-1
1592,9910,42.86117127315671,0,0,0,0,0,0,0,1,0,0.0002083067452727944,8.591857681233457e-06,0.0002083067452727944,42.85842027315411
1593,5186,22.71332028829297,0,0,0,0,0,0,0,1,0,0.0002083067452727944,8.591857681233457e-06,0.0002083067452727944,22.71056928829296
1594,3876,18.95997878123739,0,0,0,0,0,0,0,1,0,0.0002083067452727944,8.591857681233457e-06,0.0002083067452727944,18.78697778123737
1595,10450,47.1294938324821,0,0,0,0,0,0,0,1,0,0.0002083067452727944,8.591857681233457e-06,0.0002083067452727944,46.95649283248197
1596,6853,31.10350882652716,0,0,0,0,0,0,0,1,0,0.0002083067452727944,8.591857681233457e-06,0.0002083067452727944,30.93050782652711
1597,8557,39.33539876810541,0,0,0,0,0,0,0,1,0,0.0002083067452727944,8.591857681233457e-06,0.0002083067452727944,39.16239776810545
1598,2811,12.49520611161875,0,0,0,0,0,0,0,1,0,0.0002083067452727944,8.591857681233457e-06,0.0002083067452727944,12.49245511161874
1599,8315,40.03169558701559,0,0,0,0,0,0,0,1,0,0.0002083067452727944,8.591857681233457e-06,0.0002083067452727944,39.85869458701555
1600,10363,48.94450610708199,0,0,0,0,0,0,0,1,0,0.0002083067452727944,8.591857681233457e-06,0.0002083067452727944,48.77150510708189
1601,7915,35.59513786755089,0,0,0,0,0,0,0,1,0,0.0002083067452727944,8.591857681233457e-06,0.0002083067452727944,35.42213686755087
1602,6904,30.37844341139461,0,0,0,0,0,0,0,1,0,0.0002083067452727944,8.591857681233457e-06,0.0002083067452727944,30.20544241139461
1603,6194,30.27198501120951,0,0,0,0,0,0,0,1,0,0.0002083067452727944,8.591857681233457e-06,0.0002083067452727944,30.09898401120952
1604,1828,49.93534119112696,0,0,0,3,27,0,0,0,0,0.0002083067452727944,8.591857681233457e-06,0.0002083067452727944,-1
1605,3908,17.28425756509849,0,0,0,0,0,0,0,1,0,0.0002083067452727944,8.591857681233457e-06,0.0002083067452727944,17.28150656509849
1606,7011,31.53269122632734,0,0,0,0,0,0,0,1,0,0.0002083067452727944,8.591857681233457e-06,0.0002083067452727944,31.5299402263273
1607,559,2.939043329888518,0,0,0,0,0,0,0,1,0,0.0002083067452727944,8.591857681233457e-06,0.0002083067452727944,2.766042329888517
1608,1166,9.425493784068493,0,0,0,1,11,0,0,0,0,0.0002083067452727944,8.591857681233457e-06,0.0002083067452727944,-1
1609,19,4.630128089236205,0,0,0,1,5,0,0,0,0,0.0002083067452727944,8.591857681233457e-06,0.0002083067452727944,-1
1610,8916,39.24498889997975,0,0,0,0,0,0,0,1,0,0.0002083067452727944,8.591857681233457e-06,0.0002083067452727944,39.07198789997977
1611,5489,25.32093630888362,0,0,0,0,0,0,0,1,0,0.0002083067452727944,8.591857681233457e-06,0.0002083067452727944,25.14793530888361
1612,11733,48.60061386664518,0,0,0,0,0,0,0,1,0,0.0002083067452727944,8.591857681233457e-06,0.0002083067452727944,48.59786286664511
1613,6927,29.9576917471508,0,0,0,0,0,0,0,1,0,0.0002083067452727944,8.591857681233457e-06,0.0002083067452727944,29.78469074716085
1614,15,0.6620661382144681,0,0,0,0,0,0,0,0,0,0.0002083067452727944,8.591857681233457e-06,0.0002083067452727944,-1
1615,10448,48.63261273197391,0,0,0,0,0,0,0,1,0,0.0002083067452727944,8.591857681233457e-06,0.0002083067452727944,48.62986173197391
1616,5728,27.034857438103,0,0,0,0,0,0,0,1,0,0.0002083067452727944,8.591857681233457e-06,0.0002083067452727944,26.86185643810302
1617,10,26.36089448547315,0,0,0,2,19,0,0,0,0,0.0002083067452727944,8.591857681233457e-06,0.0002083067452727944,-1
1618,7529,33.90704054928331,0,0,0,0,0,0,0,1,0,0.0002083067452727944,8.591857681233457e-06,0.0002083067452727944,33.73403954928332
1619,11638,49.87475686104405,0,0,0,0,0,0,0,1,0,0.0002083067452727944,8.591857681233457e-06,0.0002083067452727944,49.70175586104405
1620,8651,38.47513305044693,0,0,0,0,0,0,0,1,0,0.0002083067452727944,8.591857681233457e-06,0.0002083067452727944,38.47238205044697
1621,8654,38.45550347379516,0,0,0,0,0,0,0,1,0,0.0002083067452727944,8.591857681233457e-06,0.0002083067452727944,38.45275247379512
1622,7609,33.31854179356584,0,0,0,0,0,0,0,1,0,0.0002083067452727944,8.591857681233457e-06,0.0002083067452727944,33.31579079356585
1623,9279,44.45790761187443,0,0,0,0,1,0,0,1,0,0.0002083067452727944,8.591857681233457e-06,0.0002083067452727944,44.28490661187341
1624,6164,28.80408896394443,0,0,0,0,0,0,0,1,0,0.0002083067452727944,8.591857681233457e-06,0.0002083067452727944,28.80133796394441
1625,10456,46.11159530796927,0,0,0,0,0,0,0,1,0,0.0002083067452727944,8.591857681233457e-06,0.0002083067452727944,45.93859430796927
1626,4231,19.01649862806837,0,0,0,0,0,0,0,1,0,0.0002083067452727944,8.591857681233457e-06,0.0002083067452727944,19.01374762806837
1627,1078,14.05865063481992,0,0,0,2,16,0,0,0,0,0.0002083067452727944,8.591857681233457e-06,0.0002083067452727944,-1
1628,7009,36.17906409962781,0,0,0,0,0,0,0,1,0,0.0002083067452727944,8.591857681233457e-06,0.0002083067452727944,36.00606309957622
1629,8587,38.44336298644065,0,0,0,0,0,0,0,1,0,0.0002083067452727944,8.591857681233457e-06,0.0002083067452727944,38.44061198644059
1630,8954,41.07728285263769,0,0,0,0,0,0,0,1,0,0.0002083067452727944,8.591857681233457e-06,0.0002083067452727944,41.07453185263765
1631,11395,53.4668634750155,0,0,0,0,0,0,0,1,0,0.0002083067452727944,8.591857681233457e-06,0.0002083067452727944,53.29386247406283
1632,7003,30.57451255569101,0,0,0,0,0,0,0,1,0,0.0002083067452727944,8.591857681233457e-06,0.0002083067452727944,30.40151155569101
1633,6708,31.79858750851085,0,0,0,0,0,0,0,1,0,0.0002083067452727944,8.591857681233457e-06,0.0002083067452727944,31.79583650851084
1634,628,50.1917965165371,0,0,0,4,25,0,0,0,0,0.0002083067452727944,8.591857681233457e-06,0.0002083067452727944,-1
1635,5177,27.00906835079517,0,0,0,0,0,0,0,1,0,0.0002083067452727944,8.591857681233457e-06,0.0002083067452727944,26.83606735079515
1636,1622,10.0519038708651,0,0,0,0,0,0,0,1,0,0.0002083067452727944,8.591857681233457e-06,0.0002083067452727944,9.87890287086509
1637,9080,38.71617914694369,0,0,0,0,0,0,0,1,0,0.0002083067452727944,8.591857681233457e-06,0.0002083067452727944,38.54317814694367
1638,7093,29.36710440681608,0,0,0,0,0,0,0,1,0,0.0002083067452727944,8.591857681233457e-06,0.0002083067452727944,29.19410340681607
1639,4396,22.67103602991376,0,0,0,0,0,0,0,1,0,0.0002083067452727944,8.591857681233457e-06,0.0002083067452727944,22.66828502991377
1640,4292,17.61345552769429,0,0,0,0,0,0,0,1,0,0.0002083067452727944,8.591857681233457e-06,0.0002083067452727944,17.6107045276943
1641,9688,50.64633987483646,0,0,0,0,0,0,0,1,0,0.0002083067452727944,8.591857681233457e-06,0.0002083067452727944,50.47333887483631
1642,5989,29.17060349361177,0,0,0,0,0,0,0,1,0,0.0002083067452727944,8.591857681233457e-06,0.0002083067452727944,28.99760249361178
1643,6274,28.66465470223513,0,0,0,0,0,0,0,1,0,0.0002083067452727944,8.591857681233457e-06,0.0002083067452727944,28.66190370223507
1644,9234,40.97813753535895,0,0,0,0,0,0,0,1,0,0.0002083067452727944,8.591857681233457e-06,0.0002083067452727944,40.80513653535896
1645,3505,17.22689926805773,0,0,0,0,0,0,0,1,0,0.0002083067452727944,8.591857681233457e-06,0.0002083067452727944,17.05389826805771
1646,4811,22.09616601315938,0,0,0,0,0,0,0,1,0,0.0002083067452727944,8.591857681233457e-06,0.0002083067452727944,21.92316501315935
1647,5079,26.57660377409022,0,0,0,0,0,0,0,1,0,0.0002083067452727944,8.591857681233457e-06,0.0002083067452727944,26.40360277413847
1648,8258,35.52010444777264,0,0,0,0,0,0,0,1,0,0.0002083067452727944,8.591857681233457e-06,0.0002083067452727944,35.51735344777266
1649,6353,27.67049874478624,0,0,0,0,0,0,0,1,0,0.0002083067452727944,8.591857681233457e-06,0.0002083067452727944,27.66774774478623
1650,3348,16.66129374716617,0,0,0,0,0,0,0,1,0,0.0002083067452727944,8.591857681233457e-06,0.0002083067452727944,16.48829274716616
1651,6554,28.38467802894242,0,0,0,0,0,0,0,1,0,0.0002083067452727944,8.591857681233457e-06,0.0002083067452727944,28.21167702894243
1652,9674,41.92534948567794,0,0,0,0,0,0,0,1,0,0.0002083067452727944,8.591857681233457e-06,0.0002083067452727944,41.9225984856779
1653,7501,32.51085014138432,0,0,0,0,0,0,0,1,0,0.0002083067452727944,8.591857681233457e-06,0.0002083067452727944,32.50809914138435
1654,332,6.314433579460995,0,0,0,1,7,0,0,0,0,0.0002083067452727944,8.591857681233457e-06,0.0002083067452727944,-1
1655,9781,42.32817219993957,0,0,0,0,0,0,0,1,0,0.0002083067452727944,8.591857681233457e-06,0.0002083067452727944,42.15517119993958
1656,120,5.177904979333035,0,0,0,1,8,0,0,0,0,0.0002083067452727944,8.591857681233457e-06,0.0002083067452727944,-1
1657,506,6.589165101730926,0,0,0,1,12,0,0,0,0,0.0002083067452727944,8.591857681233457e-06,0.0002083067452727944,-1
1658,184,9.682055254181611,0,0,0,1,3,0,0,0,0,0.0002083067452727944,8.591857681233457e-06,0.0002083067452727944,-1
1659,0,1.048608147545998,0,0,0,1,3,0,0,0,0,0.0002083067452727944,8.591857681233457e-06,0.0002083067452727944,-1
1660,3573,16.31606989463488,0,0,0,0,0,0,0,1,0,0.0002083067452727944,8.591857681233457e-06,0.0002083067452727944,16.14306889463488
1661,10193,48.28718348227993,0,0,0,0,0,0,0,1,0,0.0002083067452727944,8.591857681233457e-06,0.0002083067452727944,48.28443248227989
1662,7334,36.2413755012096,0,0,0,0,0,0,0,1,0,0.0002083067452727944,8.591857681233457e-06,0.0002083067452727944,36.23862450120956
1663,8262,39.6886759883439,0,0,0,0,0,0,0,1,0,0.0002083067452727944,8.591857681233457e-06,0.0002083067452727944,39.51567498836268
1664,8007,34.0666495139302,0,0,0,0,0,0,0,1,0,0.0002083067452727944,8.591857681233457e-06,0.0002083067452727944,34.06389851393021
1665,0,0.9168390818481226,0,0,0,1,6,0,0,0,0,0.0002083067452727944,8.591857681233457e-06,0.0002083067452727944,-1
1666,5559,24.13109007946596,0,0,0,0,0,0,0,1,0,0.0002083067452727944,8.591857681233457e-06,0.0002083067452727944,23.95808907946597
1667,5006,22.31093541978342,0,0,0,0,0,0,0,1,0,0.0002083067452727944,8.591857681233457e-06,0.0002083067452727944,22.13793441978343
1668,125,2.029408978584218,0,0,0,0,0,0,0,0,0,0.0002083067452727944,8.591857681233457e-06,0.0002083067452727944,-1
1669,8897,36.38975379151537,0,0,0,0,0,0,0,1,0,0.0002083067452727944,8.591857681233457e-06,0.0002083067452727944,36.21675279151536
1670,0,1.894609969436808,0,0,0,1,5,0,0,0,0,0.0002083067452727944,8.591857681233457e-06,0.0002083067452727944,-1
1671,7408,40.42259223596178,0,0,0,0,0,0,0,1,0,0.0002083067452727944,8.591857681233457e-06,0.0002083067452727944,40.24959123596171
1672,6448,30.93559944338912,0,0,0,0,0,0,0,1,0,0.0002083067452727944,8.591857681233457e-06,0.0002083067452727944,30.76259844338917
1673,8405,36.58047528499175,0,0,0,0,0,0,0,1,0,0.0002083067452727944,8.591857681233457e-06,0.0002083067452727944,36.40747428499179
1674,7764,33.04395786021142,0,0,0,0,0,0,0,1,0,0.0002083067452727944,8.591857681233457e-06,0.0002083067452727944,32.87095686021141
1675,9400,43.90169867606213,0,0,0,0,0,0,0,1,0,0.0002083067452727944,8.591857681233457e-06,0.0002083067452727944,43.72869767606203
1676,7694,35.72757243748202,0,0,0,0,0,0,0,1,0,0.0002083067452727944,8.591857681233457e-06,0.0002083067452727944,35.55457143748195
1677,11781,53.53931885651265,0,0,0,0,0,0,0,1,0,0.0002083067452727944,8.591857681233457e-06,0.0002083067452727944,53.36631785651252
1678,10288,45.94973144726054,0,0,0,0,0,0,0,1,0,0.0002083067452727944,8.591857681233457e-06,0.0002083067452727944,45.77673044726057
1679,10048,47.96113514662368,0,0,0,0,0,0,0,1,0,0.0002083067452727944,8.591857681233457e-06,0.0002083067452727944,47.95838414662369
1680,9930,45.51308377685799,0,0,0,0,0,0,0,1,0,0.0002083067452727944,8.591857681233457e-06,0.0002083067452727944,45.34008277685788
1681,3232,13.62462290692138,0,0,0,0,0,0,0,1,0,0.0002083067452727944,8.591857681233457e-06,0.0002083067452727944,13.45162190692138
1682,3009,14.24388335273911,0,0,0,0,0,0,0,1,0,0.0002083067452727944,8.591857681233457e-06,0.0002083067452727944,14.07088235273911
1683,6485,27.70307262626697,0,0,0,0,0,0,0,1,0,0.0002083067452727944,8.591857681233457e-06,0.0002083067452727944,27.70032162626698
1684,7587,34.94580477028352,0,0,0,0,0,0,0,1,0,0.0002083067452727944,8.591857681233457e-06,0.0002083067452727944,34.94305377028346
1685,10025,46.21641229439341,0,0,0,0,0,0,0,1,0,0.0002083067452727944,8.591857681233457e-06,0.0002083067452727944,46.04341129439348
1686,9681,41.83879408483254,0,0,0,0,0,0,0,1,0,0.0002083067452727944,8.591857681233457e-06,0.0002083067452727944,41.66579308483254
1687,10006,45.49338202278265,0,0,0,0,0,0,0,1,0,0.0002083067452727944,8.591857681233457e-06,0.0002083067452727944,45.32038102278266
1688,9170,41.25349772883327,0,0,0,0,0,0,0,1,0,0.0002083067452727944,8.591857681233457e-06,0.0002083067452727944,41.25074672883326
1689,11613,53.39204762287871,0,0,0,0,0,0,0,1,0,0.0002083067452727944,8.591857681233457e-06,0.0002083067452727944,53.21904662287879
1690,0,0.173001,0,0,0,0,0,0,0,0,0,0.0002083067452727944,8.591857681233457e-06,0.0002083067452727944,-1
1691,8682,38.31171121162514,0,0,0,0,0,0,0,1,0,0.0002083067452727944,8.591857681233457e-06,0.0002083067452727944,38.1387102116251
1692,0,44.22826128373133,0,0,0,3,28,0,0,0,0,0.0002083067452727944,8.591857681233457e-06,0.0002083067452727944,-1
1693,8944,44.11902879371032,0,0,0,0,0,0,0,1,0,0.0002083067452727944,8.591857681233457e-06,0.0002083067452727944,43.94602779371024
1694,1777,33.33763114211034,0,0,0,3,16,0,0,0,0,0.0002083067452727944,8.591857681233457e-06,0.0002083067452727944,-1
1695,11250,48.6120293407255,0,0,0,0,0,0,0,1,0,0.0002083067452727944,8.591857681233457e-06,0.0002083067452727944,48.43902834072552
1696,5193,26.32048422761306,0,0,0,0,0,0,0,1,0,0.0002083067452727944,8.591857681233457e-06,0.0002083067452727944,26.31773322761305
1697,6133,25.20618419527486,0,0,0,0,0,0,0,1,0,0.0002083067452727944,8.591857681233457e-06,0.0002083067452727944,25.20343319527487
1698,3217,14.15056026025049,0,0,0,0,0,0,0,1,0,0.0002083067452727944,8.591857681233457e-06,0.0002083067452727944,13.97755926025049
1699,10220,45.70821021357173,0,0,0,0,0,0,0,1,0,0.0002083067452727944,8.591857681233457e-06,0.0002083067452727944,45.70545921357176
1700,4969,21.10515640517578,0,0,0,0,0,0,0,1,0,0.0002083067452727944,8.591857681233457e-06,0.0002083067452727944,21.10240540517577
1701,8915,42.12890389244381,0,0,0,0,0,0,0,1,0,0.0002083067452727944,8.591857681233457e-06,0.0002083067452727944,42.12615289244383
1702,5871,25.74750395136224,0,0,0,0,0,0,0,1,0,0.0002083067452727944,8.591857681233457e-06,0.0002083067452727944,25.57450295136222
1703,10148,44.57254978139236,0,0,0,0,0,0,0,1,0,0.0002083067452727944,8.591857681233457e-06,0.0002083067452727944,44.56979878079684
1704,11049,49.24554133148596,0,0,0,0,0,0,0,1,0,0.0002083067452727944,8.591857681233457e-06,0.0002083067452727944,49.07254033148593
1705,8311,39.06133738750485,0,0,0,0,0,0,0,1,0,0.0002083067452727944,8.591857681233457e-06,0.0002083067452727944,38.88833638750488
1706,6238,27.12507217818853,0,0,0,0,0,0,0,1,0,0.0002083067452727944,8.591857681233457e-06,0.0002083067452727944,26.95207117818854
1707,8,1.841095702454995,0,0,0,1,6,0,0,0,0,0.0002083067452727944,8.591857681233457e-06,0.0002083067452727944,-1
1708,11103,51.65133896481762,0,0,0,0,0,0,0,1,0,0.0002083067452727944,8.591857681233457e-06,0.0002083067452727944,51.64858796480323
1709,11339,49.9054970034653,0,0,0,0,0,0,0,1,0,0.0002083067452727944,8.591857681233457e-06,0.0002083067452727944,49.90274600346531
1710,7168,32.05736148226644,0,0,0,0,0,0,0,1,0,0.0002083067452727944,8.591857681233457e-06,0.0002083067452727944,32.05461048226648
1711,7483,36.63417316371035,0,0,0,0,0,0,0,1,0,0.0002083067452727944,8.591857681233457e-06,0.0002083067452727944,36.46117216346023
1712,10948,48.05404010711374,0,0,0,0,0,0,0,1,0,0.0002083067452727944,8.591857681233457e-06,0.0002083067452727944,47.88103910711373
1713,6809,29.75846701539544,0,0,0,0,0,0,0,1,0,0.0002083067452727944,8.591857681233457e-06,0.0002083067452727944,29.75571601539538
1714,8539,35.92853193618502,0,0,0,0,0,0,0,1,0,0.0002083067452727944,8.591857681233457e-06,0.0002083067452727944,35.75553093618495
1715,7824,35.22750481068687,0,0,0,0,0,0,0,1,0,0.0002083067452727944,8.591857681233457e-06,0.0002083067452727944,35.0545038106868
1716,2868,13.64075576245761,0,0,0,0,0,0,0,1,0,0.0002083067452727944,8.591857681233457e-06,0.0002083067452727944,13.4677547624576
1717,6233,30.18679803370459,0,0,0,0,0,0,0,1,0,0.0002083067452727944,8.591857681233457e-06,0.0002083067452727944,30.01379703370457
1718,560,13.59307656318848,0,0,0,1,5,0,0,0,0,0.0002083067452727944,8.591857681233457e-06,0.0002083067452727944,-1
1719,7738,35.97149579474491,0,0,0,0,0,0,0,1,0,0.0002083067452727944,8.591857681233457e-06,0.0002083067452727944,35.79849479474485
1720,5823,24.72542622519668,0,0,0,0,0,0,0,1,0,0.0002083067452727944,8.591857681233457e-06,0.0002083067452727944,24.5524252251967
1721,9713,46.72951128927986,0,0,0,0,0,0,0,1,0,0.0002083067452727944,8.591857681233457e-06,0.0002083067452727944,46.55651028927984
1722,7263,30.90259991614572,0,0,0,0,0,0,0,1,0,0.0002083067452727944,8.591857681233457e-06,0.0002083067452727944,30.89984891614571
1723,9200,38.80267200897986,0,0,0,0,0,0,0,1,0,0.0002083067452727944,8.591857681233457e-06,0.0002083067452727944,38.62967100897982
1724,3865,16.74841606256409,0,0,0,0,0,0,0,1,0,0.0002083067452727944,8.591857681233457e-06,0.0002083067452727944,16.57541506256408
1725,11868,51.80659284740643,0,0,0,0,0,0,0,1,0,0.0002083067452727944,8.591857681233457e-06,0.0002083067452727944,51.80384184740647
1726,9046,41.46260683283832,0,0,0,0,0,0,0,1,0,0.0002083067452727944,8.591857681233457e-06,0.0002083067452727944,41.28960583283829
1727,7011,33.51992494153966,0,0,0,0,0,0,0,1,0,0.0002083067452727944,8.591857681233457e-06,0.0002083067452727944,33.51717394153962
1728,2258,11.05636098656698,0,0,0,0,0,0,0,1,0,0.0002083067452727944,8.591857681233457e-06,0.0002083067452727944,11.053609986567
1729,9928,45.32170692496197,0,0,0,0,0,0,0,1,0,0.0002083067452727944,8.591857681233457e-06,0.0002083067452727944,45.31895592496183
1730,3886,18.30096995257592,0,0,0,0,0,0,0,1,0,0.0002083067452727944,8.591857681233457e-06,0.0002083067452727944,18.29821895257592
1731,4289,21.48401121678135,0,0,0,0,0,0,0,1,0,0.0002083067452727944,8.591857681233457e-06,0.0002083067452727944,21.31101021678134
1732,8261,36.85799419014928,0,0,0,0,0,0,0,1,0,0.0002083067452727944,8.591857681233457e-06,0.0002083067452727944,36.68499319014927
1733,8075,35.96695212036819,0,0,0,0,0,0,0,1,0,0.0002083067452727944,8.591857681233457e-06,0.0002083067452727944,35.79395112036822
1734,9990,44.17360085282632,0,0,0,0,0,0,0,1,0,0.0002083067452727944,8.591857681233457e-06,0.0002083067452727944,44.17084985282634
1735,4578,20.73434137990895,0,0,0,0,0,0,0,1,0,0.0002083067452727944,8.591857681233457e-06,0.0002083067452727944,20.73159037990895
1736,10386,48.11477518766994,0,0,0,0,0,0,0,1,0,0.0002083067452727944,8.591857681233457e-06,0.0002083067452727944,48.11202418766994
1737,7939,33.54677674299306,0,0,0,0,0,0,0,1,0,0.0002083067452727944,8.591857681233457e-06,0.0002083067452727944,33.3737757429931
1738,946,16.1202339011964,0,0,0,3,16,0,0,0,0,0.0002083067452727944,8.591857681233457e-06,0.0002083067452727944,-1
1739,7348,32.77628442112069,0,0,0,0,0,0,0,1,0,0.0002083067452727944,8.591857681233457e-06,0.0002083067452727944,32.77353342107637
1740,6036,26.73852606535268,0,0,0,0,0,0,0,1,0,0.0002083067452727944,8.591857681233457e-06,0.0002083067452727944,26.56552506535268
1741,5332,25.28325005516502,0,0,0,0,0,0,0,1,0,0.0002083067452727944,8.591857681233457e-06,0.0002083067452727944,25.110249055165
1742,10158,42.67321249329633,0,0,0,0,0,0,0,1,0,0.0002083067452727944,8.591857681233457e-06,0.0002083067452727944,42.50021149329627
1743,3479,16.09725745028666,0,0,0,0,0,0,0,1,0,0.0002083067452727944,8.591857681233457e-06,0.0002083067452727944,15.92425645028666
1744,11186,50.47868535039935,0,0,0,0,0,0,0,1,0,0.0002083067452727944,8.591857681233457e-06,0.0002083067452727944,50.30568435039924
1745,6964,29.87598930790783,0,0,0,0,0,0,0,1,0,0.0002083067452727944,8.591857681233457e-06,0.0002083067452727944,29.70298830790781
1746,6027,25.95430511772859,0,0,0,0,0,0,0,1,0,0.0002083067452727944,8.591857681233457e-06,0.0002083067452727944,25.78130411772856
1747,4101,17.58908023421827,0,0,0,0,0,0,0,1,0,0.0002083067452727944,8.591857681233457e-06,0.0002083067452727944,17.41607923421826
1748,9000,42.18899130728904,0,0,0,0,0,0,0,1,0,0.0002083067452727944,8.591857681233457e-06,0.0002083067452727944,42.01599030748336
1749,10488,45.19917797593398,0,0,0,0,0,0,0,1,0,0.0002083067452727944,8.591857681233457e-06,0.0002083067452727944,45.02617697593402
1750,10136,45.64655153623998,0,0,0,0,0,0,0,1,0,0.0002083067452727944,8.591857681233457e-06,0.0002083067452727944,45.47355053623988
1751,9183,45.16585419636909,0,0,0,0,0,0,0,1,0,0.0002083067452727944,8.591857681233457e-06,0.0002083067452727944,45.16310319636914
1752,9662,41.38691316975395,0,0,0,0,0,0,0,1,0,0.0002083067452727944,8.591857681233457e-06,0.0002083067452727944,41.21391216975384
1753,2782,13.49438495348594,0,0,0,0,0,0,0,1,0,0.0002083067452727944,8.591857681233457e-06,0.0002083067452727944,13.49163395348592
1754,7307,36.14098067129925,0,0,0,0,0,0,0,1,0,0.0002083067452727944,8.591857681233457e-06,0.0002083067452727944,36.13822967114388
1755,5801,24.98538739141157,0,0,0,0,0,0,0,1,0,0.0002083067452727944,8.591857681233457e-06,0.0002083067452727944,24.98263639141157
1756,10505,45.5006561588684,0,0,0,0,0,0,0,1,0,0.0002083067452727944,8.591857681233457e-06,0.0002083067452727944,45.32765515886828
1757,9731,44.46185576166492,0,0,0,0,0,0,0,1,0,0.0002083067452727944,8.591857681233457e-06,0.0002083067452727944,44.45910476166495
1758,9028,43.20364221396676,0,0,0,0,0,0,0,1,0,0.0002083067452727944,8.591857681233457e-06,0.0002083067452727944,43.20089121396678
1759,10631,43.24977960078968,0,0,0,0,0,0,0,1,0,0.0002083067452727944,8.591857681233457e-06,0.0002083067452727944,43.24702860078963
1760,9531,49.2389578419959,0,0,0,0,0,0,0,1,0,0.0002083067452727944,8.591857681233457e-06,0.0002083067452727944,49.0659568419959
1761,9352,38.87746296590232,0,0,0,0,0,0,0,1,0,0.0002083067452727944,8.591857681233457e-06,0.0002083067452727944,38.70446196590225
1762,10077,50.54939915349819,0,0,0,0,0,0,0,1,0,0.0002083067452727944,8.591857681233457e-06,0.0002083067452727944,50.54664815349808
1763,9707,42.98652000705115,0,0,0,0,0,0,0,1,0,0.0002083067452727944,8.591857681233457e-06,0.0002083067452727944,42.98376900705116
1764,4547,19.81186180131612,0,0,0,0,0,0,0,1,0,0.0002083067452727944,8.591857681233457e-06,0.0002083067452727944,19.63886080131612
1765,744,51.48478913349471,0,0,0,4,30,0,0,0,0,0.0002083067452727944,8.591857681233457e-06,0.0002083067452727944,-1
1766,7518,33.52000259410221,0,0,0,0,0,0,0,1,0,0.0002083067452727944,8.591857681233457e-06,0.0002083067452727944,33.34700159410216
1767,5072,22.67270288779763,0,0,0,0,0,0,0,1,0,0.0002083067452727944,8.591857681233457e-06,0.0002083067452727944,22.49970188779763
1768,4645,20.40920255247316,0,0,0,0,0,0,0,1,0,0.0002083067452727944,8.591857681233457e-06,0.0002083067452727944,20.40645155247317
1769,4699,23.25508036499165,0,0,0,0,0,0,0,1,0,0.0002083067452727944,8.591857681233457e-06,0.0002083067452727944,23.08207936499163
1770,0,0.173001,0,0,0,0,0,0,0,0,0,0.0002083067452727944,8.591857681233457e-06,0.0002083067452727944,-1
1771,8278,39.7930737179606,0,0,0,0,0,0,0,1,0,0.0002083067452727944,8.591857681233457e-06,0.0002083067452727944,39.62007271796057
1772,5216,22.81538104485561,0,0,0,0,0,0,0,1,0,0.0002083067452727944,8.591857681233457e-06,0.0002083067452727944,22.8126300448556
1773,2123,56.36200772955838,0,0,0,3,31,0,0,0,0,0.0002083067452727944,8.591857681233457e-06,0.0002083067452727944,-1
1774,1094,11.09651171092816,0,0,0,1,4,0,0,0,0,0.0002083067452727944,8.591857681233457e-06,0.0002083067452727944,-1
1775,6134,31.22576510658643,0,0,0,0,0,0,0,1,0,0.0002083067452727944,8.591857681233457e-06,0.0002083067452727944,31.05276410658638
1776,7565,35.0137838669305,0,0,0,0,0,0,0,1,0,0.0002083067452727944,8.591857681233457e-06,0.0002083067452727944,34.84078286693042
1777,6405,28.80289126455526,0,0,0,0,0,0,0,1,0,0.0002083067452727944,8.591857681233457e-06,0.0002083067452727944,28.62989026455523
1778,6350,28.85667445513117,0,0,0,0,0,0,0,1,0,0.0002083067452727944,8.591857681233457e-06,0.0002083067452727944,28.68367345513112
1779,6615,31.78536544121741,0,0,0,0,0,0,0,1,0,0.0002083067452727944,8.591857681233457e-06,0.0002083067452727944,31.61236444121742
1780,10548,44.80781968966424,0,0,0,0,0,0,0,1,0,0.0002083067452727944,8.591857681233457e-06,0.0002083067452727944,44.8050686896642
1781,11242,48.08599373990037,0,0,0,0,0,0,0,1,0,0.0002083067452727944,8.591857681233457e-06,0.0002083067452727944,48.08324273990037
1782,6131,28.0179302057996,0,0,0,0,0,0,0,1,0,0.0002083067452727944,8.591857681233457e-06,0.0002083067452727944,28.01517920579956
1783,5200,22.28899010429368,0,0,0,0,0,0,0,1,0,0.0002083067452727944,8.591857681233457e-06,0.0002083067452727944,22.11598910429366
1784,10097,43.13668075545115,0,0,0,0,0,0,0,1,0,0.0002083067452727944,8.591857681233457e-06,0.0002083067452727944,42.96367975545108
1785,5490,24.8223941991053,0,0,0,0,0,0,0,1,0,0.0002083067452727944,8.591857681233457e-06,0.0002083067452727944,24.64939319910529
1786,11444,48.87500923502132,0,0,0,0,0,0,0,1,0,0.0002083067452727944,8.591857681233457e-06,0.0002083067452727944,48.87225823502132
1787,11106,49.4122871034735,0,0,0,0,0,0,0,1,0,0.0002083067452727944,8.591857681233457e-06,0.0002083067452727944,49.40953610347345
1788,8023,35.57823733030776,0,0,0,0,0,0,0,1,0,0.0002083067452727944,8.591857681233457e-06,0.0002083067452727944,35.40523633030773
1789,7063,34.47135577323827,0,0,0,0,0,0,0,1,0,0.0002083067452727944,8.591857681233457e-06,0.0002083067452727944,34.29835477323827
1790,8116,35.98841013479107,0,0,0,0,0,0,0,1,0,0.0002083067452727944,8.591857681233457e-06,0.0002083067452727944,35.81540913479111
1791,3563,15.02328855838324,0,0,0,0,0,0,0,1,0,0.0002083067452727944,8.591857681233457e-06,0.0002083067452727944,14.85028755838324
1792,8547,40.13716830448909,0,0,0,0,0,0,0,1,0,0.0002083067452727944,8.591857681233457e-06,0.0002083067452727944,40.13441730448913
1793,1488,37.65663684485532,0,0,0,4,26,0,0,0,0,0.0002083067452727944,8.591857681233457e-06,0.0002083067452727944,-1
1794,11005,51.83716049632555,0,0,0,0,0,0,0,1,0,0.0002083067452727944,8.591857681233457e-06,0.0002083067452727944,51.66415949632528
1795,7790,33.39763965734777,0,0,0,0,0,0,0,1,0,0.0002083067452727944,8.591857681233457e-06,0.0002083067452727944,33.39488865734773
1796,11812,53.01282375040154,0,0,0,0,0,0,0,1,0,0.0002083067452727944,8.591857681233457e-06,0.0002083067452727944,52.83982275040147
1797,3289,15.86863556028437,0,0,0,0,0,0,0,1,0,0.0002083067452727944,8.591857681233457e-06,0.0002083067452727944,15.69563456028437
1798,8654,40.25183203160934,0,0,0,0,0,0,0,1,0,0.0002083067452727944,8.591857681233457e-06,0.0002083067452727944,40.07883103160934
1799,225,33.09532634444096,0,0,0,3,25,0,0,0,0,0.0002083067452727944,8.591857681233457e-06,0.0002083067452727944,-1
1800,6379,27.39055473599786,0,0,0,0,0,0,0,1,0,0.0002083067452727944,8.591857681233457e-06,0.0002083067452727944,27.21755373599787
1801,6677,30.65278672692249,0,0,0,0,0,0,0,1,0,0.0002083067452727944,8.591857681233457e-06,0.0002083067452727944,30.47978572692248
1802,2999,13.37764631853852,0,0,0,0,0,0,0,1,0,0.0002083067452727944,8.591857681233457e-06,0.0002083067452727944,13.20464531853851
1803,8585,41.06060767787501,0,0,0,0,0,0,0,1,0,0.0002083067452727944,8.591857681233457e-06,0.0002083067452727944,40.88760667797425
1804,7975,34.70176522163202,0,0,0,0,0,0,0,1,0,0.0002083067452727944,8.591857681233457e-06,0.0002083067452727944,34.69901422163203
1805,7468,32.5023191257421,0,0,0,0,0,0,0,1,0,0.0002083067452727944,8.591857681233457e-06,0.0002083067452727944,32.49956812574204
1806,126,2.076581592364215,0,0,0,0,0,0,0,0,0,0.0002083067452727944,8.591857681233457e-06,0.0002083067452727944,-1
1807,6808,32.13746279461467,0,0,0,0,0,0,0,1,0,0.0002083067452727944,8.591857681233457e-06,0.0002083067452727944,32.13471179461469
1808,3999,18.01320103176967,0,0,0,0,0,0,0,1,0,0.0002083067452727944,8.591857681233457e-06,0.0002083067452727944,18.01045003176966
1809,5635,23.79013247773747,0,0,0,0,0,0,0,1,0,0.0002083067452727944,8.591857681233457e-06,0.0002083067452727944,23.61713147773743
1810,11800,51.46325954518565,0,0,0,0,0,0,0,1,0,0.0002083067452727944,8.591857681233457e-06,0.0002083067452727944,51.29025854518557
1811,9582,42.3686815333694,0,0,0,0,0,0,0,1,0,0.0002083067452727944,8.591857681233457e-06,0.0002083067452727944,42.19568053336944
1812,9712,41.12694916309472,0,0,0,0,0,0,0,1,0,0.0002083067452727944,8.591857681233457e-06,0.0002083067452727944,41.12419816309469
1813,1577,12.0199002270077,0,0,0,0,0,0,0,1,0,0.0002083067452727944,8.591857681233457e-06,0.0002083067452727944,11.84689922700769
1814,10526,48.56243070783025,0,0,0,0,0,0,0,1,0,0.0002083067452727944,8.591857681233457e-06,0.0002083067452727944,48.5596797078385
1815,1987,11.04129316289754,0,0,0,0,0,0,0,1,0,0.0002083067452727944,8.591857681233457e-06,0.0002083067452727944,10.86829216289754
1816,4906,21.73579483163949,0,0,0,0,0,0,0,1,0,0.0002083067452727944,8.591857681233457e-06,0.0002083067452727944,21.73304383163951
1817,3120,13.25769907326847,0,0,0,0,0,0,0,1,0,0.0002083067452727944,8.591857681233457e-06,0.0002083067452727944,13.08469807326846
1818,8542,42.02773575269904,0,0,0,0,0,0,0,1,0,0.0002083067452727944,8.591857681233457e-06,0.0002083067452727944,42.02498475270623
1819,555,14.35764151540348,0,0,0,2,14,0,0,0,0,0.0002083067452727944,8.591857681233457e-06,0.0002083067452727944,-1
1820,6391,28.81715374453915,0,0,0,0,0,0,0,1,0,0.0002083067452727944,8.591857681233457e-06,0.0002083067452727944,28.81440274453912
1821,8583,39.0621763076396,0,0,0,0,0,0,0,1,0,0.0002083067452727944,8.591857681233457e-06,0.0002083067452727944,39.05942530763955
1822,10391,45.73431230468108,0,0,0,0,0,0,0,1,0,0.0002083067452727944,8.591857681233457e-06,0.0002083067452727944,45.56131130468111
1823,9766,48.14921246573545,0,0,0,0,0,0,0,1,0,0.0002083067452727944,8.591857681233457e-06,0.0002083067452727944,47.97621146573632
1824,6408,29.13346676377013,0,0,0,0,0,0,0,1,0,0.0002083067452727944,8.591857681233457e-06,0.0002083067452727944,29.13071576377012
1825,4608,24.84319065551137,0,0,0,0,0,0,0,1,0,0.0002083067452727944,8.591857681233457e-06,0.0002083067452727944,24.67018965551139
1826,10178,47.6530572525333,0,0,0,0,0,0,0,1,0,0.0002083067452727944,8.591857681233457e-06,0.0002083067452727944,47.65030625253311
1827,10183,42.24814375136326,0,0,0,0,0,0,0,1,0,0.0002083067452727944,8.591857681233457e-06,0.0002083067452727944,42.07514275136313
1828,8345,39.36588113531382,0,0,0,0,0,0,0,1,0,0.0002083067452727944,8.591857681233457e-06,0.0002083067452727944,39.36313013531379
1829,43,37.9581276280985,0,0,0,3,31,0,0,0,0,0.0002083067452727944,8.591857681233457e-06,0.0002083067452727944,-1
1830,8639,39.80660472031224,0,0,0,0,0,0,0,1,0,0.0002083067452727944,8.591857681233457e-06,0.0002083067452727944,39.80385372031231
1831,10414,46.34893788815867,0,0,0,0,0,0,0,1,0,0.0002083067452727944,8.591857681233457e-06,0.0002083067452727944,46.34618688815871
1832,7478,32.03187232370303,0,0,0,0,0,0,0,1,0,0.0002083067452727944,8.591857681233457e-06,0.0002083067452727944,31.85887132370305
1833,8576,43.62402979038077,0,0,0,0,0,0,0,1,0,0.0002083067452727944,8.591857681233457e-06,0.0002083067452727944,43.45102879038065
1834,7101,31.98348193178803,0,0,0,0,0,0,0,1,0,0.0002083067452727944,8.591857681233457e-06,0.0002083067452727944,31.98073093178802
1835,6623,29.76979850728987,0,0,0,0,0,0,0,1,0,0.0002083067452727944,8.591857681233457e-06,0.0002083067452727944,29.76704750728988
1836,10424,49.75346721863789,0,0,0,0,0,0,0,1,0,0.0002083067452727944,8.591857681233457e-06,0.0002083067452727944,49.58046621864516
1837,8353,37.86573809855422,0,0,0,0,0,0,0,1,0,0.0002083067452727944,8.591857681233457e-06,0.0002083067452727944,37.6927370985543
1838,3675,15.3677435016637,0,0,0,0,0,0,0,1,0,0.0002083067452727944,8.591857681233457e-06,0.0002083067452727944,15.19474250166371
1839,6870,32.85241361660731,0,0,0,0,0,0,0,1,0,0.0002083067452727944,8.591857681233457e-06,0.0002083067452727944,32.67941261660724
1840,6261,26.7200099917883,0,0,0,0,0,0,0,1,0,0.0002083067452727944,8.591857681233457e-06,0.0002083067452727944,26.71725899178829
1841,9973,41.81939522059165,0,0,0,0,0,0,0,1,0,0.0002083067452727944,8.591857681233457e-06,0.0002083067452727944,41.81664422059168
1842,11019,50.16001777250493,0,0,0,0,0,0,0,1,0,0.0002083067452727944,8.591857681233457e-06,0.0002083067452727944,49.98701677250474
1843,7411,33.49318490418309,0,0,0,0,0,0,0,1,0,0.0002083067452727944,8.591857681233457e-06,0.0002083067452727944,33.32018390418303
1844,12609,51.24856134844924,0,0,0,0,0,0,0,1,0,0.0002083067452727944,8.591857681233457e-06,0.0002083067452727944,51.07556034844912
1845,7774,33.10590608943333,0,0,0,0,0,0,0,1,0,0.0002083067452727944,8.591857681233457e-06,0.0002083067452727944,32.93290508943338
1846,11660,50.71198351022558,0,0,0,0,0,0,0,1,0,0.0002083067452727944,8.591857681233457e-06,0.0002083067452727944,50.53898251022555
1847,7252,35.78334904600634,0,0,0,0,0,0,0,1,0,0.0002083067452727944,8.591857681233457e-06,0.0002083067452727944,35.78059804600631
1848,4675,24.35497964620228,0,0,0,0,0,0,0,1,0,0.0002083067452727944,8.591857681233457e-06,0.0002083067452727944,24.18197864620227
1849,11879,50.83800718268968,0,0,0,0,0,0,0,1,0,0.0002083067452727944,8.591857681233457e-06,0.0002083067452727944,50.66500618268962
1850,7465,33.09247795207672,0,0,0,0,0,0,0,1,0,0.0002083067452727944,8.591857681233457e-06,0.0002083067452727944,32.91947695207668
1851,11365,45.52068989781387,0,0,0,0,0,0,0,1,0,0.0002083067452727944,8.591857681233457e-06,0.0002083067452727944,45.34768889781384
1852,2808,12.29204015210689,0,0,0,0,0,0,0,1,0,0.0002083067452727944,8.591857681233457e-06,0.0002083067452727944,12.11903915210689
1853,8881,38.48736507259194,0,0,0,0,0,0,0,1,0,0.0002083067452727944,8.591857681233457e-06,0.0002083067452727944,38.48461407259193
1854,2102,9.640901472537996,0,0,0,0,0,0,0,1,0,0.0002083067452727944,8.591857681233457e-06,0.0002083067452727944,9.638150472538003
1855,6764,29.56239317696519,0,0,0,0,0,0,0,1,0,0.0002083067452727944,8.591857681233457e-06,0.0002083067452727944,29.55964217696522
1856,6301,25.50487517119292,0,0,0,0,0,0,0,1,0,0.0002083067452727944,8.591857681233457e-06,0.0002083067452727944,25.33187417119293
1857,1984,9.890861381167023,0,0,0,0,0,0,0,1,0,0.0002083067452727944,8.591857681233457e-06,0.0002083067452727944,9.717860381167029
1858,10680,43.05787299767565,0,0,0,0,0,0,0,1,0,0.0002083067452727944,8.591857681233457e-06,0.0002083067452727944,42.8848719976756
1859,9168,39.779169776472,0,0,0,0,0,0,0,1,0,0.0002083067452727944,8.591857681233457e-06,0.0002083067452727944,39.77641877647201
1860,6665,31.41990250442992,0,0,0,0,0,0,0,1,0,0.0002083067452727944,8.591857681233457e-06,0.0002083067452727944,31.41715150442994
1861,11184,50.78169549641828,0,0,0,0,0,0,0,1,0,0.0002083067452727944,8.591857681233457e-06,0.0002083067452727944,50.77894449641822
1862,4523,19.44453766460263,0,0,0,0,0,0,0,1,0,0.0002083067452727944,8.591857681233457e-06,0.0002083067452727944,19.44178666460261
1863,10050,42.21346313617934,0,0,0,0,0,0,0,1,0,0.0002083067452727944,8.591857681233457e-06,0.0002083067452727944,42.04046213617929
1864,4550,20.29715852626466,0,0,0,0,0,0,0,1,0,0.0002083067452727944,8.591857681233457e-06,0.0002083067452727944,20.12415752626464
1865,9224,43.63114704343733,0,0,0,0,0,0,0,1,0,0.0002083067452727944,8.591857681233457e-06,0.0002083067452727944,43.45814604343739
1866,9884,43.55186528076628,0,0,0,0,0,0,0,1,0,0.0002083067452727944,8.591857681233457e-06,0.0002083067452727944,43.54911428076628
1867,11381,51.50948398398516,0,0,0,0,0,0,0,1,0,0.0002083067452727944,8.591857681233457e-06,0.0002083067452727944,51.33648298398526
1868,11710,49.2742442106062,0,0,0,0,0,0,0,1,0,0.0002083067452727944,8.591857681233457e-06,0.0002083067452727944,49.27149321060626
1869,0,3.053512203698742,0,0,0,1,5,0,0,0,0,0.0002083067452727944,8.591857681233457e-06,0.0002083067452727944,-1
1870,2485,12.04650343354022,0,0,0,0,0,0,0,1,0,0.0002083067452727944,8.591857681233457e-06,0.0002083067452727944,11.87350243354022
1871,8619,40.68535134684704,0,0,0,0,0,0,0,1,0,0.0002083067452727944,8.591857681233457e-06,0.0002083067452727944,40.51235034684702
1872,7820,34.25645642771195,0,0,0,0,0,0,0,1,0,0.0002083067452727944,8.591857681233457e-06,0.0002083067452727944,34.08345542771191
1873,11233,51.0026996715364,0,0,0,0,0,0,0,1,0,0.0002083067452727944,8.591857681233457e-06,0.0002083067452727944,50.82969867153639
1874,4938,22.70183202088391,0,0,0,0,0,0,0,1,0,0.0002083067452727944,8.591857681233457e-06,0.0002083067452727944,22.52883102088393
1875,7812,33.49161007280709,0,0,0,0,0,0,0,1,0,0.0002083067452727944,8.591857681233457e-06,0.0002083067452727944,33.31860907280713
1876,10283,42.83520046280579,0,0,0,0,0,0,0,1,0,0.0002083067452727944,8.591857681233457e-06,0.0002083067452727944,42.66219946280584
1877,11412,51.44112581187121,0,0,0,0,0,0,0,1,0,0.0002083067452727944,8.591857681233457e-06,0.0002083067452727944,51.26812481187112
1878,10876,51.20076098866654,0,0,0,0,0,0,0,1,0,0.0002083067452727944,8.591857681233457e-06,0.0002083067452727944,51.19800998876776
1879,10761,50.12289758078368,0,0,0,0,0,0,0,1,0,0.0002083067452727944,8.591857681233457e-06,0.0002083067452727944,49.94989658078365
1880,889,13.56222394545692,0,0,0,1,13,0,0,0,0,0.0002083067452727944,8.591857681233457e-06,0.0002083067452727944,-1
1881,6529,29.85257386347698,0,0,0,0,0,0,0,1,0,0.0002083067452727944,8.591857681233457e-06,0.0002083067452727944,29.84982286347697
1882,9850,46.09026108278826,0,0,0,0,0,0,0,1,0,0.0002083067452727944,8.591857681233457e-06,0.0002083067452727944,45.91726008278823
1883,5812,27.29143942074996,0,0,0,0,0,0,0,1,0,0.0002083067452727944,8.591857681233457e-06,0.0002083067452727944,27.28868842074995
1884,5678,26.28016559823133,0,0,0,0,0,0,0,1,0,0.0002083067452727944,8.591857681233457e-06,0.0002083067452727944,26.10716459823135
1885,3474,15.62387576999368,0,0,0,0,0,0,0,1,0,0.0002083067452727944,8.591857681233457e-06,0.0002083067452727944,15.45087476999367
1886,3893,17.69955149488425,0,0,0,0,0,0,0,1,0,0.0002083067452727944,8.591857681233457e-06,0.0002083067452727944,17.52655049488423
1887,3934,18.29179612090979,0,0,0,0,0,0,0,1,0,0.0002083067452727944,8.591857681233457e-06,0.0002083067452727944,18.2890451209098
1888,4179,20.1106702636878,0,0,0,0,0,0,0,1,0,0.0002083067452727944,8.591857681233457e-06,0.0002083067452727944,19.93766926368779
1889,10515,51.41902459688341,0,0,0,0,0,0,0,1,0,0.0002083067452727944,8.591857681233457e-06,0.0002083067452727944,51.24602359688346
1890,0,15.24391574500125,0,0,0,3,23,0,0,0,0,0.0002083067452727944,8.591857681233457e-06,0.0002083067452727944,-1
1891,2870,12.93864556405385,0,0,0,0,0,0,0,1,0,0.0002083067452727944,8.591857681233457e-06,0.0002083067452727944,12.93589456405385
1892,11712,50.5533056879562,0,0,0,0,0,0,0,1,0,0.0002083067452727944,8.591857681233457e-06,0.0002083067452727944,50.55055468795607
1893,10785,45.13491868545466,0,0,0,0,0,0,0,1,0,0.0002083067452727944,8.591857681233457e-06,0.0002083067452727944,44.96191768545465
1894,6223,29.30242530623773,0,0,0,0,0,0,0,1,0,0.0002083067452727944,8.591857681233457e-06,0.0002083067452727944,29.12942430623772
1895,3757,16.46666899999232,0,0,0,0,0,0,0,1,0,0.0002083067452727944,8.591857681233457e-06,0.0002083067452727944,16.46391799999233
1896,179,15.32520762012311,0,0,0,2,14,0,0,0,0,0.0002083067452727944,8.591857681233457e-06,0.0002083067452727944,-1
1897,6254,33.05794889952897,0,0,0,0,0,0,0,1,0,0.0002083067452727944,8.591857681233457e-06,0.0002083067452727944,32.88494789952891
1898,2367,57.62295065358174,0,0,0,3,21,0,0,0,0,0.0002083067452727944,8.591857681233457e-06,0.0002083067452727944,-1
1899,9079,42.53020401392796,0,0,0,0,0,0,0,1,0,0.0002083067452727944,8.591857681233457e-06,0.0002083067452727944,42.52745301392797
1900,9037,39.64145578072676,0,0,0,0,0,0,0,1,0,0.0002083067452727944,8.591857681233457e-06,0.0002083067452727944,39.46845478072678
1901,10091,41.61472280456794,0,0,0,0,0,0,0,1,0,0.0002083067452727944,8.591857681233457e-06,0.0002083067452727944,41.44172180456796
1902,90,2.278452833917424,0,0,0,0,0,0,0,0,0,0.0002083067452727944,8.591857681233457e-06,0.0002083067452727944,-1
1903,6051,28.47680918455902,0,0,0,0,0,0,0,1,0,0.0002083067452727944,8.591857681233457e-06,0.0002083067452727944,28.30380818455899
1904,3520,14.6130948883784,0,0,0,0,0,0,0,1,0,0.0002083067452727944,8.591857681233457e-06,0.0002083067452727944,14.44009388837839
1905,8856,39.00736667300423,0,0,0,0,0,0,0,1,0,0.0002083067452727944,8.591857681233457e-06,0.0002083067452727944,38.83436567300426
1906,7659,33.74422454487352,0,0,0,0,0,0,0,1,0,0.0002083067452727944,8.591857681233457e-06,0.0002083067452727944,33.57122354487347
1907,5835,26.78159566909146,0,0,0,0,0,0,0,1,0,0.0002083067452727944,8.591857681233457e-06,0.0002083067452727944,26.60859466909145
1908,9796,41.44515038861355,0,0,0,0,0,0,0,1,0,0.0002083067452727944,8.591857681233457e-06,0.0002083067452727944,41.27214938861351
1909,7979,34.49307050055403,0,0,0,0,0,0,0,1,0,0.0002083067452727944,8.591857681233457e-06,0.0002083067452727944,34.32006950055405
1910,5977,28.19185839178501,0,0,0,0,0,0,0,1,0,0.0002083067452727944,8.591857681233457e-06,0.0002083067452727944,28.01885739152151
1911,9347,42.56071216247057,0,0,0,0,0,0,0,1,0,0.0002083067452727944,8.591857681233457e-06,0.0002083067452727944,42.38771116247053
1912,7972,32.96520448336907,0,0,0,0,0,0,0,1,0,0.0002083067452727944,8.591857681233457e-06,0.0002083067452727944,32.79220348336906
1913,10647,48.8374518424414,0,0,0,0,0,0,0,1,0,0.0002083067452727944,8.591857681233457e-06,0.0002083067452727944,48.83470084244139
1914,9294,42.42506670088336,0,0,0,0,0,0,0,1,0,0.0002083067452727944,8.591857681233457e-06,0.0002083067452727944,42.25206570088332
1915,7030,31.41312960360814,0,0,0,0,0,0,0,1,0,0.0002083067452727944,8.591857681233457e-06,0.0002083067452727944,31.24012860360813
1916,6187,27.7900182516737,0,0,0,0,0,0,0,1,0,0.0002083067452727944,8.591857681233457e-06,0.0002083067452727944,27.78726725167367
1917,10136,45.86766617041754,0,0,0,0,0,0,0,1,0,0.0002083067452727944,8.591857681233457e-06,0.0002083067452727944,45.69466517041749
1918,9822,48.66806354378004,0,0,0,0,0,0,0,1,0,0.0002083067452727944,8.591857681233457e-06,0.0002083067452727944,48.66531254378008
1919,7171,31.53462347229068,0,0,0,0,0,0,0,1,0,0.0002083067452727944,8.591857681233457e-06,0.0002083067452727944,31.36162247229068
1920,0,16.2423688597042,0,0,0,1,6,0,0,0,0,0.0002083067452727944,8.591857681233457e-06,0.0002083067452727944,-1
1921,8166,37.41682149192729,0,0,0,0,0,0,0,1,0,0.0002083067452727944,8.591857681233457e-06,0.0002083067452727944,37.41407049192726
1922,9647,40.95824560769022,0,0,0,0,0,0,0,1,0,0.0002083067452727944,8.591857681233457e-06,0.0002083067452727944,40.78524460761297
1923,11872,52.14745954359748,0,0,0,0,0,0,0,1,0,0.0002083067452727944,8.591857681233457e-06,0.0002083067452727944,52.14470854359741
1924,91,42.23123920211821,0,0,0,3,21,0,0,0,0,0.0002083067452727944,8.591857681233457e-06,0.0002083067452727944,-1
1925,9968,44.54162411471557,0,0,0,0,0,0,0,1,0,0.0002083067452727944,8.591857681233457e-06,0.0002083067452727944,44.53887311471547
1926,10038,44.30969806167898,0,0,0,0,0,0,0,1,0,0.0002083067452727944,8.591857681233457e-06,0.0002083067452727944,44.30694706167901
1927,3652,16.21372306957149,0,0,0,0,0,0,0,1,0,0.0002083067452727944,8.591857681233457e-06,0.0002083067452727944,16.21097206957148
1928,4705,20.82749021669255,0,0,0,0,0,0,0,1,0,0.0002083067452727944,8.591857681233457e-06,0.0002083067452727944,20.65448921669254
1929,9324,43.07933138876265,0,0,0,0,0,0,0,1,0,0.0002083067452727944,8.591857681233457e-06,0.0002083067452727944,42.90633038876266
1930,9131,43.39986619923798,0,0,0,0,0,0,0,1,0,0.0002083067452727944,8.591857681233457e-06,0.0002083067452727944,43.39711519923785
1931,12486,53.68563635955998,0,0,0,0,0,0,0,1,0,0.0002083067452727944,8.591857681233457e-06,0.0002083067452727944,53.51263535955987
1932,11226,48.88161653933089,0,0,0,0,0,0,0,1,0,0.0002083067452727944,8.591857681233457e-06,0.0002083067452727944,48.7086155393309
1933,12339,49.6343208791922,0,0,0,0,0,0,0,1,0,0.0002083067452727944,8.591857681233457e-06,0.0002083067452727944,49.63156987919222
1934,9627,44.31532263133964,0,0,0,0,0,0,0,1,0,0.0002083067452727944,8.591857681233457e-06,0.0002083067452727944,44.14232163133969
1935,10261,45.11636551271452,0,0,0,0,0,0,0,1,0,0.0002083067452727944,8.591857681233457e-06,0.0002083067452727944,44.94336451271445
1936,4976,23.92277762830312,0,0,0,0,0,0,0,1,0,0.0002083067452727944,8.591857681233457e-06,0.0002083067452727944,23.92002662830313
1937,6970,32.34461677256753,0,0,0,0,0,0,0,1,0,0.0002083067452727944,8.591857681233457e-06,0.0002083067452727944,32.17161577256754
1938,8685,40.73402346509469,0,0,0,0,0,0,0,1,0,0.0002083067452727944,8.591857681233457e-06,0.0002083067452727944,40.56102246509466
1939,10272,50.67411922969273,0,0,0,0,0,0,0,1,0,0.0002083067452727944,8.591857681233457e-06,0.0002083067452727944,50.50111822969269
1940,10254,45.96151449430283,0,0,0,0,0,0,0,1,0,0.0002083067452727944,8.591857681233457e-06,0.0002083067452727944,45.7885134942784
1941,2493,13.41354337185892,0,0,0,0,0,0,0,1,0,0.0002083067452727944,8.591857681233457e-06,0.0002083067452727944,13.24054237185892
1942,6370,30.46661467291489,0,0,0,0,0,0,0,1,0,0.0002083067452727944,8.591857681233457e-06,0.0002083067452727944,30.29361367287929
1943,5594,24.79199481417493,0,0,0,0,0,0,0,1,0,0.0002083067452727944,8.591857681233457e-06,0.0002083067452727944,24.61899381417492
1944,7824,31.96610749501772,0,0,0,0,0,0,0,1,0,0.0002083067452727944,8.591857681233457e-06,0.0002083067452727944,31.79310649501768
1945,10376,46.64008327411789,0,0,0,0,0,0,0,1,0,0.0002083067452727944,8.591857681233457e-06,0.0002083067452727944,46.46708227417588
1946,9095,41.95922523858181,0,0,0,0,0,0,0,1,0,0.0002083067452727944,8.591857681233457e-06,0.0002083067452727944,41.78622423858175
1947,6403,30.20558004207771,0,0,0,0,0,0,0,1,0,0.0002083067452727944,8.591857681233457e-06,0.0002083067452727944,30.03257904207773
1948,8070,37.71548645070089,0,0,0,0,0,0,0,1,0,0.0002083067452727944,8.591857681233457e-06,0.0002083067452727944,37.5424854507008
1949,4577,23.00042872447801,0,0,0,0,0,0,0,1,0,0.0002083067452727944,8.591857681233457e-06,0.0002083067452727944,22.99767772447802
1950,10369,48.07085148968627,0,0,0,0,0,0,0,1,0,0.0002083067452727944,8.591857681233457e-06,0.0002083067452727944,47.89785048968625
1951,9743,41.50557372239706,0,0,0,0,0,0,0,1,0,0.0002083067452727944,8.591857681233457e-06,0.0002083067452727944,41.502822722397
1952,3941,19.72379273579475,0,0,0,0,0,0,0,1,0,0.0002083067452727944,8.591857681233457e-06,0.0002083067452727944,19.72104173579474
1953,10200,46.92235449378838,0,0,0,0,0,0,0,1,0,0.0002083067452727944,8.591857681233457e-06,0.0002083067452727944,46.7493534937883
1954,0,0.002751,0,0,0,0,0,0,0,0,0,0.0002083067452727944,8.591857681233457e-06,0.0002083067452727944,-1
1955,12315,52.09550862676183,0,0,0,0,0,0,0,1,0,0.0002083067452727944,8.591857681233457e-06,0.0002083067452727944,51.92250762676179
1956,7981,37.39267223569799,0,0,0,0,0,0,0,1,0,0.0002083067452727944,8.591857681233457e-06,0.0002083067452727944,37.38992123569799
1957,0,15.42439893868893,0,0,0,2,12,0,0,0,0,0.0002083067452727944,8.591857681233457e-06,0.0002083067452727944,-1
1958,5261,24.10728727617692,0,0,0,0,0,0,0,1,0,0.0002083067452727944,8.591857681233457e-06,0.0002083067452727944,23.93428627617693
1959,2718,12.85035391761127,0,0,0,0,0,0,0,1,0,0.0002083067452727944,8.591857681233457e-06,0.0002083067452727944,12.67735291761126
1960,4299,18.55850230255486,0,0,0,0,0,0,0,1,0,0.0002083067452727944,8.591857681233457e-06,0.0002083067452727944,18.55575130255487
1961,10028,42.91814252629111,0,0,0,0,0,0,0,1,0,0.0002083067452727944,8.591857681233457e-06,0.0002083067452727944,42.7451415262911
1962,35,1.579877370816056,0,0,0,0,0,0,0,0,0,0.0002083067452727944,8.591857681233457e-06,0.0002083067452727944,-1
1963,10410,49.91915920350849,0,0,0,0,0,0,0,1,0,0.0002083067452727944,8.591857681233457e-06,0.0002083067452727944,49.74615820350834
1964,11137,51.530695942526,0,0,0,0,0,0,0,1,0,0.0002083067452727944,8.591857681233457e-06,0.0002083067452727944,51.35769494252588
1965,3378,16.37142202273199,0,0,0,0,0,0,0,1,0,0.0002083067452727944,8.591857681233457e-06,0.0002083067452727944,16.36867102273198
1966,4255,18.57562052331089,0,0,0,0,0,0,0,1,0,0.0002083067452727944,8.591857681233457e-06,0.0002083067452727944,18.40261952331087
1967,296,6.740314088170742,0,0,0,2,11,0,0,0,0,0.0002083067452727944,8.591857681233457e-06,0.0002083067452727944,-1
1968,11480,50.65123931533845,0,0,0,0,0,0,0,1,0,0.0002083067452727944,8.591857681233457e-06,0.0002083067452727944,50.47823831533839
1969,8576,36.31216210777426,0,0,0,0,0,0,0,1,0,0.0002083067452727944,8.591857681233457e-06,0.0002083067452727944,36.13916110777424
1970,5936,26.79705489836229,0,0,0,0,0,0,0,1,0,0.0002083067452727944,8.591857681233457e-06,0.0002083067452727944,26.79430389836228
1971,9652,44.81668481766263,0,0,0,0,0,0,0,1,0,0.0002083067452727944,8.591857681233457e-06,0.0002083067452727944,44.81393381766252
1972,3585,18.01171515801004,0,0,0,0,0,0,0,1,0,0.0002083067452727944,8.591857681233457e-06,0.0002083067452727944,18.00896415801005
1973,9229,39.68672866808793,0,0,0,0,0,0,0,1,0,0.0002083067452727944,8.591857681233457e-06,0.0002083067452727944,39.68397766808798
1974,0,33.47686322349215,0,0,0,2,13,0,0,0,0,0.0002083067452727944,8.591857681233457e-06,0.0002083067452727944,-1
1975,10524,47.01468733002363,0,0,0,0,0,0,0,1,0,0.0002083067452727944,8.591857681233457e-06,0.0002083067452727944,47.0119363300236
1976,10354,48.34305695309761,0,0,0,0,0,0,0,1,0,0.0002083067452727944,8.591857681233457e-06,0.0002083067452727944,48.34030595309756
1977,10787,48.925212121808,0,0,0,0,0,0,0,1,0,0.0002083067452727944,8.591857681233457e-06,0.0002083067452727944,48.92246112180796
1978,9098,42.03494389674254,0,0,0,0,0,0,0,1,0,0.0002083067452727944,8.591857681233457e-06,0.0002083067452727944,42.03219289676157
1979,2738,11.96884313669678,0,0,0,0,0,0,0,1,0,0.0002083067452727944,8.591857681233457e-06,0.0002083067452727944,11.79584213669678
1980,10205,48.59103167747931,0,0,0,0,0,0,0,1,0,0.0002083067452727944,8.591857681233457e-06,0.0002083067452727944,48.41803067755479
1981,6379,29.0148439535823,0,0,0,0,0,0,0,1,0,0.0002083067452727944,8.591857681233457e-06,0.0002083067452727944,28.84184295356528
1982,8485,37.73244424039459,0,0,0,0,0,0,0,1,0,0.0002083067452727944,8.591857681233457e-06,0.0002083067452727944,37.55944324039449
1983,9561,41.10508195294436,0,0,0,0,0,0,0,1,0,0.0002083067452727944,8.591857681233457e-06,0.0002083067452727944,40.93208095294438
1984,238,33.77519846932257,0,0,0,3,14,0,0,0,0,0.0002083067452727944,8.591857681233457e-06,0.0002083067452727944,-1
1985,5627,23.76493814250327,0,0,0,0,0,0,0,1,0,0.0002083067452727944,8.591857681233457e-06,0.0002083067452727944,23.76218714250327
1986,7612,32.13411771070844,0,0,0,0,0,0,0,1,0,0.0002083067452727944,8.591857681233457e-06,0.0002083067452727944,32.13136671070841
1987,10358,46.57587107557185,0,0,0,0,0,0,0,1,0,0.0002083067452727944,8.591857681233457e-06,0.0002083067452727944,46.40287007557181
1988,8242,39.66271822996448,0,0,0,0,0,0,0,1,0,0.0002083067452727944,8.591857681233457e-06,0.0002083067452727944,39.48971722996448
1989,172,17.37343560036075,0,0,0,2,19,0,0,0,0,0.0002083067452727944,8.591857681233457e-06,0.0002083067452727944,-1
1990,10303,48.40022488127946,0,0,0,0,0,0,0,1,0,0.0002083067452727944,8.591857681233457e-06,0.0002083067452727944,48.22722388132526
1991,2625,12.37944141637484,0,0,0,0,0,0,0,1,0,0.0002083067452727944,8.591857681233457e-06,0.0002083067452727944,12.37669041637484
1992,3146,13.50805205003918,0,0,0,0,0,0,0,1,0,0.0002083067452727944,8.591857681233457e-06,0.0002083067452727944,13.33505105003918
1993,5935,28.44735410145153,0,0,0,0,0,0,0,1,0,0.0002083067452727944,8.591857681233457e-06,0.0002083067452727944,28.27435310145155
1994,10212,43.16376426983038,0,0,0,0,0,0,0,1,0,0.0002083067452727944,8.591857681233457e-06,0.0002083067452727944,42.99076326983038
1995,9828,44.12568988492635,0,0,0,0,0,0,0,1,0,0.0002083067452727944,8.591857681233457e-06,0.0002083067452727944,43.95268888526382
1996,6738,31.35733336299516,0,0,0,0,0,0,0,1,0,0.0002083067452727944,8.591857681233457e-06,0.0002083067452727944,31.35458236308951
1997,9744,46.80091586422767,0,0,0,0,0,0,0,1,0,0.0002083067452727944,8.591857681233457e-06,0.0002083067452727944,46.62791486422758
1998,40,43.63493912024242,0,0,0,3,24,0,0,0,0,0.0002083067452727944,8.591857681233457e-06,0.0002083067452727944,-1
1999,7408,32.24219019124671,0,0,0,0,0,0,0,1,0,0.0002083067452727944,8.591857681233457e-06,0.0002083067452727944,32.06918919116977
2000,10699,45.66610817784854,0,0,0,0,0,0,0,1,0,0.0002083067452727944,8.591857681233457e-06,0.0002083067452727944,45.49310717784846
2001,0,0.002751,0,0,0,0,0,0,0,0,0,0.0002083067452727944,8.591857681233457e-06,0.0002083067452727944,-1
2002,378,49.04715772771868,0,0,0,4,14,0,0,0,0,0.0002083067452727944,8.591857681233457e-06,0.0002083067452727944,-1
2003,9985,46.23146838333211,0,0,0,0,0,0,0,1,0,0.0002083067452727944,8.591857681233457e-06,0.0002083067452727944,46.05846738333215
2004,11328,49.83761337985542,0,0,0,0,0,0,0,1,0,0.0002083067452727944,8.591857681233457e-06,0.0002083067452727944,49.66461237985546
2005,6865,32.36234429440291,0,0,0,0,0,0,0,1,0,0.0002083067452727944,8.591857681233457e-06,0.0002083067452727944,32.35959329440288
2006,7317,35.35398243333002,0,0,0,0,0,0,0,1,0,0.0002083067452727944,8.591857681233457e-06,0.0002083067452727944,35.35123143333003
2007,4676,20.03878687246034,0,0,0,0,0,0,0,1,0,0.0002083067452727944,8.591857681233457e-06,0.0002083067452727944,19.86578587246035
2008,1448,6.729090566335377,0,0,0,0,0,0,0,1,0,0.0002083067452727944,8.591857681233457e-06,0.0002083067452727944,6.556089566335376
2009,8154,39.6937275806875,0,0,0,0,0,0,0,1,0,0.0002083067452727944,8.591857681233457e-06,0.0002083067452727944,39.5207265806874
2010,9607,41.68593474249006,0,0,0,0,0,0,0,1,0,0.0002083067452727944,8.591857681233457e-06,0.0002083067452727944,41.68318374249004
2011,2181,10.14980751053608,0,0,0,0,0,0,0,1,0,0.0002083067452727944,8.591857681233457e-06,0.0002083067452727944,10.14705651053607
2012,5701,26.23948329546644,0,0,0,0,0,0,0,1,0,0.0002083067452727944,8.591857681233457e-06,0.0002083067452727944,26.23673229546644
2013,5393,24.05709064770885,0,0,0,0,0,0,0,1,0,0.0002083067452727944,8.591857681233457e-06,0.0002083067452727944,23.88408964770888
2014,11801,47.82221590391928,0,0,0,0,0,0,0,1,0,0.0002083067452727944,8.591857681233457e-06,0.0002083067452727944,47.64921490391924
2015,252,22.17410976591915,0,0,0,1,12,0,0,0,0,0.0002083067452727944,8.591857681233457e-06,0.0002083067452727944,-1
2016,10559,50.78173492650997,0,0,0,0,0,0,0,1,0,0.0002083067452727944,8.591857681233457e-06,0.0002083067452727944,50.60873392650996
2017,10526,46.57343561618317,0,0,0,0,0,0,0,1,0,0.0002083067452727944,8.591857681233457e-06,0.0002083067452727944,46.40043461618308
2018,6111,28.20658727404995,0,0,0,0,0,0,0,1,0,0.0002083067452727944,8.591857681233457e-06,0.0002083067452727944,28.03358627404993
2019,3264,14.60688929282479,0,0,0,0,0,0,0,1,0,0.0002083067452727944,8.591857681233457e-06,0.0002083067452727944,14.43388829282478
2020,25,38.8426124570519,0,0,0,3,28,0,0,0,0,0.0002083067452727944,8.591857681233457e-06,0.0002083067452727944,-1
2021,8464,39.95622237407076,0,0,0,0,0,0,0,1,0,0.0002083067452727944,8.591857681233457e-06,0.0002083067452727944,39.95347137407078
2022,3440,16.57277290353805,0,0,0,0,0,0,0,1,0,0.0002083067452727944,8.591857681233457e-06,0.0002083067452727944,16.57002190353803
2023,10250,49.1274498977091,0,0,0,0,0,0,0,1,0,0.0002083067452727944,8.591857681233457e-06,0.0002083067452727944,48.9544488976497
2024,13,2.147136385738897,0,0,0,0,0,0,0,0,0,0.0002083067452727944,8.591857681233457e-06,0.0002083067452727944,-1
2025,7115,31.24216410171789,0,0,0,0,0,0,0,1,0,0.0002083067452727944,8.591857681233457e-06,0.0002083067452727944,31.06916310171783
2026,9008,38.69837343617785,0,0,0,0,0,0,0,1,0,0.0002083067452727944,8.591857681233457e-06,0.0002083067452727944,38.52537243621676
2027,9782,43.74238487961998,0,0,0,0,0,0,0,1,0,0.0002083067452727944,8.591857681233457e-06,0.0002083067452727944,43.56938387961998
2028,6994,31.05473883798147,0,0,0,0,0,0,0,1,0,0.0002083067452727944,8.591857681233457e-06,0.0002083067452727944,31.0519878379815
2029,9894,45.41068970720443,0,0,0,0,0,0,0,1,0,0.0002083067452727944,8.591857681233457e-06,0.0002083067452727944,45.40793870720442
2030,934,49.07961706797122,0,0,0,4,32,0,0,0,0,0.0002083067452727944,8.591857681233457e-06,0.0002083067452727944,-1
2031,10980,51.79493375195488,0,0,0,0,0,0,0,1,0,0.0002083067452727944,8.591857681233457e-06,0.0002083067452727944,51.79218275279674
2032,11047,47.25299242400709,0,0,0,0,0,0,0,1,0,0.0002083067452727944,8.591857681233457e-06,0.0002083067452727944,47.07999142400701
2033,10588,50.70359969109612,0,0,0,0,0,0,0,1,0,0.0002083067452727944,8.591857681233457e-06,0.0002083067452727944,50.53059869109602
2034,4899,24.35628439138203,0,0,0,0,0,0,0,1,0,0.0002083067452727944,8.591857681233457e-06,0.0002083067452727944,24.35353339138203
2035,5090,21.93614863127423,0,0,0,0,0,0,0,1,0,0.0002083067452727944,8.591857681233457e-06,0.0002083067452727944,21.93339763127421
2036,10329,47.09365957014454,0,0,0,0,0,0,0,1,0,0.0002083067452727944,8.591857681233457e-06,0.0002083067452727944,47.09090857014456
2037,0,0.002751000000000001,0,0,0,0,0,0,0,0,0,0.0002083067452727944,8.591857681233457e-06,0.0002083067452727944,-1
2038,10668,48.79937528241279,0,0,0,0,0,0,0,1,0,0.0002083067452727944,8.591857681233457e-06,0.0002083067452727944,48.79662428241274
2039,9454,43.86110051147458,0,0,0,0,0,0,0,1,0,0.0002083067452727944,8.591857681233457e-06,0.0002083067452727944,43.68809951147453
2040,6480,27.97768543415382,0,0,0,0,0,0,0,1,0,0.0002083067452727944,8.591857681233457e-06,0.0002083067452727944,27.80468443415382
2041,11256,50.70547557642494,0,0,0,0,0,0,0,1,0,0.0002083067452727944,8.591857681233457e-06,0.0002083067452727944,50.70272457642488
2042,6382,28.55623831099536,0,0,0,0,0,0,0,1,0,0.0002083067452727944,8.591857681233457e-06,0.0002083067452727944,28.55348731099537
2043,7462,34.0174598573227,0,0,0,0,0,0,0,1,0,0.0002083067452727944,8.591857681233457e-06,0.0002083067452727944,33.84445885732271
2044,4174,17.56038434671538,0,0,0,0,0,0,0,1,0,0.0002083067452727944,8.591857681233457e-06,0.0002083067452727944,17.55763334671539
2045,11028,50.14015364040657,0,0,0,0,0,0,0,1,0,0.0002083067452727944,8.591857681233457e-06,0.0002083067452727944,49.96715264040662
2046,8979,37.04222271746118,0,0,0,0,0,0,0,1,0,0.0002083067452727944,8.591857681233457e-06,0.0002083067452727944,37.03947171746119
2047,9703,42.50613305698991,0,0,0,0,0,0,0,1,0,0.0002083067452727944,8.591857681233457e-06,0.0002083067452727944,42.33313205698988
2048,11084,48.95584976780833,0,0,0,0,0,0,0,1,0,0.0002083067452727944,8.591857681233457e-06,0.0002083067452727944,48.78284876780841
2049,5513,25.21936070800608,0,0,0,0,0,0,0,1,0,0.0002083067452727944,8.591857681233457e-06,0.0002083067452727944,25.04635970800608
2050,7741,34.94554062729806,0,0,0,0,0,0,0,1,0,0.0002083067452727944,8.591857681233457e-06,0.0002083067452727944,34.94278962729806
2051,12178,53.69024491527257,0,0,0,0,0,0,0,1,0,0.0002083067452727944,8.591857681233457e-06,0.0002083067452727944,53.51724391527258
2052,11128,49.7892093594569,0,0,0,0,0,0,0,1,0,0.0002083067452727944,8.591857681233457e-06,0.0002083067452727944,49.78645835965064
2053,4907,21.5719915645136,0,0,0,0,0,0,0,1,0,0.0002083067452727944,8.591857681233457e-06,0.0002083067452727944,21.56924056451362
2054,10747,48.42174567930086,0,0,0,0,0,0,0,1,0,0.0002083067452727944,8.591857681233457e-06,0.0002083067452727944,48.41899467930092
2055,9654,44.9551638671843,0,0,0,0,0,0,0,1,0,0.0002083067452727944,8.591857681233457e-06,0.0002083067452727944,44.78216286718416
2056,6627,30.99003192741186,0,0,0,0,0,0,0,1,0,0.0002083067452727944,8.591857681233457e-06,0.0002083067452727944,30.81703092741187
2057,11081,50.40440578537469,0,0,0,0,0,0,0,1,0,0.0002083067452727944,8.591857681233457e-06,0.0002083067452727944,50.40165478537453
2058,6580,28.95135393225422,0,0,0,0,0,0,0,1,0,0.0002083067452727944,8.591857681233457e-06,0.0002083067452727944,28.9486029322542
2059,6930,31.7984253389537,0,0,0,0,0,0,0,1,0,0.0002083067452727944,8.591857681233457e-06,0.0002083067452727944,31.79567433895371
2060,3397,15.21507071753935,0,0,0,0,0,0,0,1,0,0.0002083067452727944,8.591857681233457e-06,0.0002083067452727944,15.04206971753935
2061,4093,17.65933969225701,0,0,0,0,0,0,0,1,0,0.0002083067452727944,8.591857681233457e-06,0.0002083067452727944,17.48633869225701
2062,10671,44.72049688492255,0,0,0,0,0,0,0,1,0,0.0002083067452727944,8.591857681233457e-06,0.0002083067452727944,44.71774588492261
2063,8929,40.76792524686675,0,0,0,0,0,0,0,1,0,0.0002083067452727944,8.591857681233457e-06,0.0002083067452727944,40.59492424686673
2064,6299,30.75013307508622,0,0,0,0,0,0,0,1,0,0.0002083067452727944,8.591857681233457e-06,0.0002083067452727944,30.57713207508619
2065,6515,30.54695896558563,0,0,0,0,0,0,0,1,0,0.0002083067452727944,8.591857681233457e-06,0.0002083067452727944,30.37395796558564
2066,6779,31.90185268778139,0,0,0,0,0,0,0,1,0,0.0002083067452727944,8.591857681233457e-06,0.0002083067452727944,31.72885168778141
2067,3327,16.60972931975512,0,0,0,0,0,0,0,1,0,0.0002083067452727944,8.591857681233457e-06,0.0002083067452727944,16.43672831975511
2068,6424,28.3591782639554,0,0,0,0,0,0,0,1,0,0.0002083067452727944,8.591857681233457e-06,0.0002083067452727944,28.1861772639554
2069,0,60.1726877627487,0,0,0,1,3,0,0,0,0,0.0002083067452727944,8.591857681233457e-06,0.0002083067452727944,-1
2070,11721,50.81194209225199,0,0,0,0,0,0,0,1,0,0.0002083067452727944,8.591857681233457e-06,0.0002083067452727944,50.638941092252
2071,11048,48.40493367059569,0,0,0,0,0,0,0,1,0,0.0002083067452727944,8.591857681233457e-06,0.0002083067452727944,48.23193267059569
2072,9175,41.29978911428593,0,0,0,0,0,0,0,1,0,0.0002083067452727944,8.591857681233457e-06,0.0002083067452727944,41.12678811428581
2073,9843,49.84591005252718,0,0,0,0,0,0,0,1,0,0.0002083067452727944,8.591857681233457e-06,0.0002083067452727944,49.84315905260224
2074,11363,51.82367057179307,0,0,0,0,0,0,0,1,0,0.0002083067452727944,8.591857681233457e-06,0.0002083067452727944,51.65066957177726
2075,1170,36.25096923553934,0,0,0,3,37,0,0,0,0,0.0002083067452727944,8.591857681233457e-06,0.0002083067452727944,-1
2076,0,1.621403708720994,0,0,0,1,6,0,0,0,0,0.0002083067452727944,8.591857681233457e-06,0.0002083067452727944,-1
2077,7716,32.04778413037778,0,0,0,0,0,0,0,1,0,0.0002083067452727944,8.591857681233457e-06,0.0002083067452727944,31.87478313037777
2078,11040,49.15533545091705,0,0,0,0,0,0,0,1,0,0.0002083067452727944,8.591857681233457e-06,0.0002083067452727944,49.15258445091698
2079,0,8.268818745821749,0,0,0,2,8,0,0,0,0,0.0002083067452727944,8.591857681233457e-06,0.0002083067452727944,-1
2080,6685,31.11310377280879,0,0,0,0,0,0,0,1,0,0.0002083067452727944,8.591857681233457e-06,0.0002083067452727944,30.94010277280878
2081,7742,36.18734244890982,0,0,0,0,0,0,0,1,0,0.0002083067452727944,8.591857681233457e-06,0.0002083067452727944,36.01434144890982
2082,6012,31.09593018494522,0,0,0,0,0,0,0,1,0,0.0002083067452727944,8.591857681233457e-06,0.0002083067452727944,30.92292918494524
2083,7777,33.99399608197831,0,0,0,0,0,0,0,1,0,0.0002083067452727944,8.591857681233457e-06,0.0002083067452727944,33.82099508197832
2084,5728,25.79149936451516,0,0,0,0,0,0,0,1,0,0.0002083067452727944,8.591857681233457e-06,0.0002083067452727944,25.78874836451516
2085,1219,6.364988770687853,0,0,0,0,0,0,0,1,0,0.0002083067452727944,8.591857681233457e-06,0.0002083067452727944,6.191987770687855
2086,4669,22.3354466457983,0,0,0,0,0,0,0,1,0,0.0002083067452727944,8.591857681233457e-06,0.0002083067452727944,22.16244564579827
2087,10142,44.71578934914072,0,0,0,0,0,0,0,1,0,0.0002083067452727944,8.591857681233457e-06,0.0002083067452727944,44.71303834914066
2088,3392,17.53446530311827,0,0,0,0,0,0,0,1,0,0.0002083067452727944,8.591857681233457e-06,0.0002083067452727944,17.36146430311828
2089,11709,51.02628209310703,0,0,0,0,0,0,0,1,0,0.0002083067452727944,8.591857681233457e-06,0.0002083067452727944,50.85328109310691
2090,11397,48.09251230027233,0,0,0,0,0,0,0,1,0,0.0002083067452727944,8.591857681233457e-06,0.0002083067452727944,47.91951130027216
2091,1702,8.909349344167996,0,0,0,0,0,0,0,1,0,0.0002083067452727944,8.591857681233457e-06,0.0002083067452727944,8.906598344168001
2092,6991,32.6107103703229,0,0,0,0,0,0,0,1,0,0.0002083067452727944,8.591857681233457e-06,0.0002083067452727944,32.43770937032291
2093,4248,18.3802292956582,0,0,0,0,0,0,0,1,0,0.0002083067452727944,8.591857681233457e-06,0.0002083067452727944,18.20722829565821
2094,8124,37.45478430078554,0,0,0,0,0,0,0,1,0,0.0002083067452727944,8.591857681233457e-06,0.0002083067452727944,37.28178330078555
2095,5265,25.9708379728757,0,0,0,0,0,0,0,1,0,0.0002083067452727944,8.591857681233457e-06,0.0002083067452727944,25.79783697287567
2096,11609,52.48492605460551,0,0,0,0,0,0,0,1,0,0.0002083067452727944,8.591857681233457e-06,0.0002083067452727944,52.48217505460546
2097,8668,37.55476265827478,0,0,0,0,0,0,0,1,0,0.0002083067452727944,8.591857681233457e-06,0.0002083067452727944,37.38176165827482
2098,3944,17.31344155838495,0,0,0,0,0,0,0,1,0,0.0002083067452727944,8.591857681233457e-06,0.0002083067452727944,17.14044055838493
2099,9909,41.68418243425207,0,0,0,0,0,0,0,1,0,0.0002083067452727944,8.591857681233457e-06,0.0002083067452727944,41.51118143425204
2100,11243,53.95282201286117,0,0,0,0,0,0,0,1,0,0.0002083067452727944,8.591857681233457e-06,0.0002083067452727944,53.77982101286106
2101,9410,42.70472617941402,0,0,0,0,0,0,0,1,0,0.0002083067452727944,8.591857681233457e-06,0.0002083067452727944,42.70197517941394
2102,11624,50.25766325756214,0,0,0,0,0,0,0,1,0,0.0002083067452727944,8.591857681233457e-06,0.0002083067452727944,50.25491225756196
2103,10266,49.30630991119352,0,0,0,0,0,0,0,1,0,0.0002083067452727944,8.591857681233457e-06,0.0002083067452727944,49.13330891124713
2104,7626,32.58000768816152,0,0,0,0,0,0,0,1,0,0.0002083067452727944,8.591857681233457e-06,0.0002083067452727944,32.57725668816157
2105,898,28.65584372900695,0,0,0,3,18,0,0,0,0,0.0002083067452727944,8.591857681233457e-06,0.0002083067452727944,-1
2106,11236,47.75877905782738,0,0,0,0,0,0,0,1,0,0.0002083067452727944,8.591857681233457e-06,0.0002083067452727944,47.58577805782731
2107,6184,26.60473325459323,0,0,0,0,0,0,0,1,0,0.0002083067452727944,8.591857681233457e-06,0.0002083067452727944,26.60198225459323
2108,6367,26.38700107072621,0,0,0,0,0,0,0,1,0,0.0002083067452727944,8.591857681233457e-06,0.0002083067452727944,26.21400007072621
2109,9989,47.94426417757398,0,0,0,0,0,0,0,1,0,0.0002083067452727944,8.591857681233457e-06,0.0002083067452727944,47.77126317757391
2110,9224,43.67647914935164,0,0,0,0,0,0,0,1,0,0.0002083067452727944,8.591857681233457e-06,0.0002083067452727944,43.67372814935163
2111,5744,24.19224580756896,0,0,0,0,0,0,0,1,0,0.0002083067452727944,8.591857681233457e-06,0.0002083067452727944,24.01924480756897
2112,3894,21.15967595620575,0,0,0,0,0,0,0,1,0,0.0002083067452727944,8.591857681233457e-06,0.0002083067452727944,20.98667495616676
2113,7511,35.50947310102169,0,0,0,0,0,0,0,1,0,0.0002083067452727944,8.591857681233457e-06,0.0002083067452727944,35.3364721010217
2114,8062,39.59654501511712,0,0,0,0,0,0,0,1,0,0.0002083067452727944,8.591857681233457e-06,0.0002083067452727944,39.42354401511704
2115,6713,29.15256452046663,0,0,0,0,0,0,0,1,0,0.0002083067452727944,8.591857681233457e-06,0.0002083067452727944,28.97956352046658
2116,656,47.69525030671277,0,0,0,3,14,0,0,0,0,0.0002083067452727944,8.591857681233457e-06,0.0002083067452727944,-1
2117,7597,33.51849973175711,0,0,0,0,0,0,0,1,0,0.0002083067452727944,8.591857681233457e-06,0.0002083067452727944,33.34549873175712
2118,11793,51.41627416788385,0,0,0,0,0,0,0,1,0,0.0002083067452727944,8.591857681233457e-06,0.0002083067452727944,51.41352316788382
2119,4790,23.00270864863641,0,0,0,0,0,0,0,1,0,0.0002083067452727944,8.591857681233457e-06,0.0002083067452727944,22.82970764865551
2120,9672,43.68577598487073,0,0,0,0,0,0,0,1,0,0.0002083067452727944,8.591857681233457e-06,0.0002083067452727944,43.51277498487073
2121,34,8.381549638892267,0,0,0,2,17,0,0,0,0,0.0002083067452727944,8.591857681233457e-06,0.0002083067452727944,-1
2122,9808,46.11623588934285,0,0,0,0,0,0,0,1,0,0.0002083067452727944,8.591857681233457e-06,0.0002083067452727944,46.11348488934277
2123,0,0.173001,0,0,0,0,0,0,0,0,0,0.0002083067452727944,8.591857681233457e-06,0.0002083067452727944,-1
2124,6063,28.33033070188166,0,0,0,0,0,0,0,1,0,0.0002083067452727944,8.591857681233457e-06,0.0002083067452727944,28.15732970188168
2125,5069,22.68050856536621,0,0,0,0,0,0,0,1,0,0.0002083067452727944,8.591857681233457e-06,0.0002083067452727944,22.50750756536621
2126,8210,35.67544746657327,0,0,0,0,0,0,0,1,0,0.0002083067452727944,8.591857681233457e-06,0.0002083067452727944,35.50244646657327
2127,9562,42.84825002744206,0,0,0,0,0,0,0,1,0,0.0002083067452727944,8.591857681233457e-06,0.0002083067452727944,42.67524902744205
2128,5447,22.44091840232345,0,0,0,0,0,0,0,1,0,0.0002083067452727944,8.591857681233457e-06,0.0002083067452727944,22.26791740232342
2129,771,50.4063162492568,0,0,0,3,20,0,0,0,0,0.0002083067452727944,8.591857681233457e-06,0.0002083067452727944,-1
2130,11083,45.36087656657554,0,0,0,0,0,0,0,1,0,0.0002083067452727944,8.591857681233457e-06,0.0002083067452727944,45.1878755665755
2131,1378,6.753351524162245,0,0,0,0,0,0,0,1,0,0.0002083067452727944,8.591857681233457e-06,0.0002083067452727944,6.75060052416224
2132,7649,34.72817530663154,0,0,0,0,0,0,0,1,0,0.0002083067452727944,8.591857681233457e-06,0.0002083067452727944,34.72542430663151
2133,5011,20.59559977669945,0,0,0,0,0,0,0,1,0,0.0002083067452727944,8.591857681233457e-06,0.0002083067452727944,20.42259877669946
2134,10235,47.58016651678009,0,0,0,0,0,0,0,1,0,0.0002083067452727944,8.591857681233457e-06,0.0002083067452727944,47.40716551669142
2135,7511,31.39395150983438,0,0,0,0,0,0,0,1,0,0.0002083067452727944,8.591857681233457e-06,0.0002083067452727944,31.39120050983437
2136,10098,47.71997108753023,0,0,0,0,0,0,0,1,0,0.0002083067452727944,8.591857681233457e-06,0.0002083067452727944,47.54697008753022
2137,6638,29.73470313170696,0,0,0,0,0,0,0,1,0,0.0002083067452727944,8.591857681233457e-06,0.0002083067452727944,29.56170213170695
2138,0,0.002751,0,0,0,0,0,0,0,0,0,0.0002083067452727944,8.591857681233457e-06,0.0002083067452727944,-1
2139,9339,40.73055069312124,0,0,0,0,0,0,0,1,0,0.0002083067452727944,8.591857681233457e-06,0.0002083067452727944,40.55754969312129
2140,9270,44.54363396891404,0,0,0,0,0,0,0,1,0,0.0002083067452727944,8.591857681233457e-06,0.0002083067452727944,44.37063296891428
2141,5328,25.19741658606861,0,0,0,0,0,0,0,1,0,0.0002083067452727944,8.591857681233457e-06,0.0002083067452727944,25.02441558606856
2142,8918,37.7820571584152,0,0,0,0,0,0,0,1,0,0.0002083067452727944,8.591857681233457e-06,0.0002083067452727944,37.60905615841514
2143,7995,37.6246342563652,0,0,0,0,0,0,0,1,0,0.0002083067452727944,8.591857681233457e-06,0.0002083067452727944,37.45163325636516
2144,7413,35.73055822853423,0,0,0,0,0,0,0,1,0,0.0002083067452727944,8.591857681233457e-06,0.0002083067452727944,35.55755722853419
2145,6941,35.38735039777819,0,0,0,0,0,0,0,1,0,0.0002083067452727944,8.591857681233457e-06,0.0002083067452727944,35.21434939777815
2146,835,23.66311677695003,0,0,0,2,15,0,0,0,0,0.0002083067452727944,8.591857681233457e-06,0.0002083067452727944,-1
2147,6515,28.5823629629017,0,0,0,0,0,0,0,1,0,0.0002083067452727944,8.591857681233457e-06,0.0002083067452727944,28.5796119629017
2148,5716,23.95619382383142,0,0,0,0,0,0,0,1,0,0.0002083067452727944,8.591857681233457e-06,0.0002083067452727944,23.7831928238314
2149,5669,23.33745470079986,0,0,0,0,0,0,0,1,0,0.0002083067452727944,8.591857681233457e-06,0.0002083067452727944,23.33470370079987
2150,5650,25.98119562085547,0,0,0,0,0,0,0,1,0,0.0002083067452727944,8.591857681233457e-06,0.0002083067452727944,25.80819462085547
2151,4940,25.62576062657894,0,0,0,0,0,0,0,1,0,0.0002083067452727944,8.591857681233457e-06,0.0002083067452727944,25.45275962659664
2152,10934,50.3420498302543,0,0,0,0,0,0,0,1,0,0.0002083067452727944,8.591857681233457e-06,0.0002083067452727944,50.16904883025429
2153,8105,36.75215112175639,0,0,0,0,0,0,0,1,0,0.0002083067452727944,8.591857681233457e-06,0.0002083067452727944,36.57915012175639
2154,8311,38.81225128940632,0,0,0,0,0,0,0,1,0,0.0002083067452727944,8.591857681233457e-06,0.0002083067452727944,38.63925028940627
2155,10249,46.99598509436264,0,0,0,0,0,0,0,1,0,0.0002083067452727944,8.591857681233457e-06,0.0002083067452727944,46.99323409436261
2156,9304,42.1834078055708,0,0,0,0,0,0,0,1,0,0.0002083067452727944,8.591857681233457e-06,0.0002083067452727944,42.01040680557076
2157,7800,33.84218138363298,0,0,0,0,0,0,0,1,0,0.0002083067452727944,8.591857681233457e-06,0.0002083067452727944,33.83943038363295
2158,1603,32.73058503237255,0,0,0,3,22,0,0,0,0,0.0002083067452727944,8.591857681233457e-06,0.0002083067452727944,-1
2159,6508,29.2400775325142,0,0,0,0,0,0,0,1,0,0.0002083067452727944,8.591857681233457e-06,0.0002083067452727944,29.23732653251418
2160,12268,51.80455731433966,0,0,0,0,0,0,0,1,0,0.0002083067452727944,8.591857681233457e-06,0.0002083067452727944,51.80180631433966
2161,8482,41.28836869477138,0,0,0,0,0,0,0,1,0,0.0002083067452727944,8.591857681233457e-06,0.0002083067452727944,41.28561769465171
2162,4952,22.60583502868668,0,0,0,0,0,0,0,1,0,0.0002083067452727944,8.591857681233457e-06,0.0002083067452727944,22.43283402868669
2163,9518,43.38613109200703,0,0,0,0,0,0,0,1,0,0.0002083067452727944,8.591857681233457e-06,0.0002083067452727944,43.21313009200694
2164,1,1.493743893934835,0,0,0,0,0,0,0,0,0,0.0002083067452727944,8.591857681233457e-06,0.0002083067452727944,-1
2165,9187,42.7179079261072,0,0,0,0,0,0,0,1,0,0.0002083067452727944,8.591857681233457e-06,0.0002083067452727944,42.71515692621718
2166,8059,36.74326337179533,0,0,0,0,0,0,0,1,0,0.0002083067452727944,8.591857681233457e-06,0.0002083067452727944,36.57026237179529
2167,6491,29.20408674198344,0,0,0,0,0,0,0,1,0,0.0002083067452727944,8.591857681233457e-06,0.0002083067452727944,29.20133574198342
2168,1501,10.49264552461037,0,0,0,0,0,0,0,0,0,0.0002083067452727944,8.591857681233457e-06,0.0002083067452727944,-1
2169,0,0.874026337853869,0,0,0,1,6,0,0,0,0,0.0002083067452727944,8.591857681233457e-06,0.0002083067452727944,-1
2170,9077,38.98534594858967,0,0,0,0,0,0,0,1,0,0.0002083067452727944,8.591857681233457e-06,0.0002083067452727944,38.8123449485897
2171,6176,29.88827290279642,0,0,0,0,0,0,0,1,0,0.0002083067452727944,8.591857681233457e-06,0.0002083067452727944,29.88552190279643
2172,7762,33.41152571011244,0,0,0,0,0,0,0,1,0,0.0002083067452727944,8.591857681233457e-06,0.0002083067452727944,33.23852471011233
2173,3266,14.80128281657724,0,0,0,0,0,0,0,1,0,0.0002083067452727944,8.591857681233457e-06,0.0002083067452727944,14.79853181657725
2174,10256,49.0070881697775,0,0,0,0,0,0,0,1,0,0.0002083067452727944,8.591857681233457e-06,0.0002083067452727944,48.83408716977744
2175,7606,36.80454949663466,0,0,0,0,0,0,0,1,0,0.0002083067452727944,8.591857681233457e-06,0.0002083067452727944,36.8017984966346
2176,6843,34.47553111866426,0,0,0,0,0,0,0,1,0,0.0002083067452727944,8.591857681233457e-06,0.0002083067452727944,34.47278011866422
2177,7927,36.85348194222129,0,0,0,0,0,0,0,1,0,0.0002083067452727944,8.591857681233457e-06,0.0002083067452727944,36.85073094222118
2178,4142,22.76222011495715,0,0,0,0,0,0,0,1,0,0.0002083067452727944,8.591857681233457e-06,0.0002083067452727944,22.5892191149571
2179,6839,26.77001857411265,0,0,0,0,0,0,0,1,0,0.0002083067452727944,8.591857681233457e-06,0.0002083067452727944,26.59701757411266
2180,11045,49.54531123764068,0,0,0,0,0,0,0,1,0,0.0002083067452727944,8.591857681233457e-06,0.0002083067452727944,49.3723102376406
2181,5,46.66068219753075,0,0,0,2,13,0,0,0,0,0.0002083067452727944,8.591857681233457e-06,0.0002083067452727944,-1
2182,10074,44.76627715699404,0,0,0,0,0,0,0,1,0,0.0002083067452727944,8.591857681233457e-06,0.0002083067452727944,44.59327615699415
2183,5183,24.2077893502744,0,0,0,0,0,0,0,1,0,0.0002083067452727944,8.591857681233457e-06,0.0002083067452727944,24.03478835027438
2184,5296,25.1565952014954,0,0,0,0,0,0,0,1,0,0.0002083067452727944,8.591857681233457e-06,0.0002083067452727944,24.98359420149539
2185,3140,17.19678051115583,0,0,0,0,0,0,0,1,0,0.0002083067452727944,8.591857681233457e-06,0.0002083067452727944,17.19402951115582
2186,996,16.03324238969699,0,0,0,2,15,0,0,0,0,0.0002083067452727944,8.591857681233457e-06,0.0002083067452727944,-1
2187,8418,38.41084305026635,0,0,0,0,0,0,0,1,0,0.0002083067452727944,8.591857681233457e-06,0.0002083067452727944,38.40809205026635
2188,6828,30.27786992342244,0,0,0,0,0,0,0,1,0,0.0002083067452727944,8.591857681233457e-06,0.0002083067452727944,30.10486892342242
2189,6083,27.41214108739403,0,0,0,0,0,0,0,1,0,0.0002083067452727944,8.591857681233457e-06,0.0002083067452727944,27.23914008739404
2190,1470,40.66824904865262,0,0,0,3,13,0,0,0,0,0.0002083067452727944,8.591857681233457e-06,0.0002083067452727944,-1
2191,0,1.436549752065094,0,0,0,1,5,0,0,0,0,0.0002083067452727944,8.591857681233457e-06,0.0002083067452727944,-1
2192,7539,35.5748360141052,0,0,0,0,0,0,0,1,0,0.0002083067452727944,8.591857681233457e-06,0.0002083067452727944,35.40183501413286
2193,8860,41.13971583030406,0,0,0,0,0,0,0,1,0,0.0002083067452727944,8.591857681233457e-06,0.0002083067452727944,41.13696483030401
2194,7946,35.19683789959247,0,0,0,0,0,0,0,1,0,0.0002083067452727944,8.591857681233457e-06,0.0002083067452727944,35.02383689957766
2195,1023,36.85424654107732,0,0,0,3,31,0,0,0,0,0.0002083067452727944,8.591857681233457e-06,0.0002083067452727944,-1
2196,7729,37.55430277540545,0,0,0,0,0,0,0,1,0,0.0002083067452727944,8.591857681233457e-06,0.0002083067452727944,37.38130177540542
2197,8694,37.26421932302814,0,0,0,0,0,0,0,1,0,0.0002083067452727944,8.591857681233457e-06,0.0002083067452727944,37.0912183230281
2198,6085,29.63261349776516,0,0,0,0,0,0,0,1,0,0.0002083067452727944,8.591857681233457e-06,0.0002083067452727944,29.45961249776518
2199,9950,46.50340231401717,0,0,0,0,0,0,0,1,0,0.0002083067452727944,8.591857681233457e-06,0.0002083067452727944,46.50065131401705
2200,5527,24.17076137912684,0,0,0,0,0,0,0,1,0,0.0002083067452727944,8.591857681233457e-06,0.0002083067452727944,23.99776037912686
2201,71,26.66285891862945,0,0,0,2,19,0,0,0,0,0.0002083067452727944,8.591857681233457e-06,0.0002083067452727944,-1
2202,9641,43.7158912950575,0,0,0,0,0,0,0,1,0,0.0002083067452727944,8.591857681233457e-06,0.0002083067452727944,43.7131402950575
2203,7886,35.19416363806099,0,0,0,0,0,0,0,1,0,0.0002083067452727944,8.591857681233457e-06,0.0002083067452727944,35.19141263806096
2204,5817,25.89767022801593,0,0,0,0,0,0,0,1,0,0.0002083067452727944,8.591857681233457e-06,0.0002083067452727944,25.72466922801593
2205,8493,38.41781856404921,0,0,0,0,0,0,0,1,0,0.0002083067452727944,8.591857681233457e-06,0.0002083067452727944,38.41506756404919
2206,9728,46.10113242102771,0,0,0,0,0,0,0,1,0,0.0002083067452727944,8.591857681233457e-06,0.0002083067452727944,46.09838142105722
2207,6663,28.4047661151696,0,0,0,0,0,0,0,1,0,0.0002083067452727944,8.591857681233457e-06,0.0002083067452727944,28.23176511516959
2208,7671,32.86767615248541,0,0,0,0,0,0,0,1,0,0.0002083067452727944,8.591857681233457e-06,0.0002083067452727944,32.69467515248533
2209,6043,27.64898058521747,0,0,0,0,0,0,0,1,0,0.0002083067452727944,8.591857681233457e-06,0.0002083067452727944,27.47597958521748
2210,8294,37.80350867911443,0,0,0,0,0,0,0,1,0,0.0002083067452727944,8.591857681233457e-06,0.0002083067452727944,37.6305076791144
2211,6960,33.36116047649386,0,0,0,0,0,0,0,1,0,0.0002083067452727944,8.591857681233457e-06,0.0002083067452727944,33.18815947649389
2212,6988,33.21293463379009,0,0,0,0,0,0,0,1,0,0.0002083067452727944,8.591857681233457e-06,0.0002083067452727944,33.21018363379005
2213,1662,30.48960545192271,0,0,0,2,19,0,0,0,0,0.0002083067452727944,8.591857681233457e-06,0.0002083067452727944,-1
2214,8295,37.79226373875351,0,0,0,0,0,0,0,1,0,0.0002083067452727944,8.591857681233457e-06,0.0002083067452727944,37.61926273875353
2215,9081,40.46022399181782,0,0,0,0,0,0,0,1,0,0.0002083067452727944,8.591857681233457e-06,0.0002083067452727944,40.28722299181781
2216,8978,39.01455463360954,0,0,0,0,0,0,0,1,0,0.0002083067452727944,8.591857681233457e-06,0.0002083067452727944,38.84155363360948
2217,11604,48.48678686957707,0,0,0,0,0,0,0,1,0,0.0002083067452727944,8.591857681233457e-06,0.0002083067452727944,48.31378586957702
2218,8357,39.08705688708676,0,0,0,0,0,0,0,1,0,0.0002083067452727944,8.591857681233457e-06,0.0002083067452727944,38.9140558870867
2219,8026,38.72539834802789,0,0,0,0,0,0,0,1,0,0.0002083067452727944,8.591857681233457e-06,0.0002083067452727944,38.72264734802791
2220,7145,34.51279872470633,0,0,0,0,0,0,0,1,0,0.0002083067452727944,8.591857681233457e-06,0.0002083067452727944,34.51004772470632
2221,8447,38.30688509646632,0,0,0,0,0,0,0,1,0,0.0002083067452727944,8.591857681233457e-06,0.0002083067452727944,38.3041340964663
2222,3056,55.54784218115298,0,0,0,5,27,0,0,0,0,0.0002083067452727944,8.591857681233457e-06,0.0002083067452727944,-1
2223,7933,34.12196428364408,0,0,0,0,0,0,0,1,0,0.0002083067452727944,8.591857681233457e-06,0.0002083067452727944,33.948963283644
2224,9586,44.55314448845337,0,0,0,0,0,0,0,1,0,0.0002083067452727944,8.591857681233457e-06,0.0002083067452727944,44.38014348845336
2225,53,6.987393029811694,0,0,0,1,5,0,0,0,0,0.0002083067452727944,8.591857681233457e-06,0.0002083067452727944,-1
2226,5011,22.38333096766975,0,0,0,0,0,0,0,1,0,0.0002083067452727944,8.591857681233457e-06,0.0002083067452727944,22.38057996766973
2227,86,2.772493852239165,0,0,0,0,0,0,0,0,0,0.0002083067452727944,8.591857681233457e-06,0.0002083067452727944,-1
2228,9097,42.40953045730534,0,0,0,0,0,0,0,1,0,0.0002083067452727944,8.591857681233457e-06,0.0002083067452727944,42.2365294572873
2229,9669,39.31320802997762,0,0,0,0,0,0,0,1,0,0.0002083067452727944,8.591857681233457e-06,0.0002083067452727944,39.31045702997762
2230,6253,27.41979681218612,0,0,0,0,0,0,0,1,0,0.0002083067452727944,8.591857681233457e-06,0.0002083067452727944,27.2467958121861
2231,6688,33.99558715451253,0,0,0,0,0,0,0,1,0,0.0002083067452727944,8.591857681233457e-06,0.0002083067452727944,33.82258615451254
2232,10004,48.77693780952906,0,0,0,0,0,0,0,1,0,0.0002083067452727944,8.591857681233457e-06,0.0002083067452727944,48.60393680952907
2233,4771,25.29084024668549,0,0,0,0,0,0,0,1,0,0.0002083067452727944,8.591857681233457e-06,0.0002083067452727944,25.28808924668553
2234,12162,52.42256648351265,0,0,0,0,0,0,0,1,0,0.0002083067452727944,8.591857681233457e-06,0.0002083067452727944,52.24956548351252
2235,7013,29.03304436470195,0,0,0,0,0,0,0,1,0,0.0002083067452727944,8.591857681233457e-06,0.0002083067452727944,28.86004336470195
2236,10321,45.93937482638438,0,0,0,0,0,0,0,1,0,0.0002083067452727944,8.591857681233457e-06,0.0002083067452727944,45.76637382638438
2237,7420,31.23427418864748,0,0,0,0,0,0,0,1,0,0.0002083067452727944,8.591857681233457e-06,0.0002083067452727944,31.06127318864747
2238,2290,12.28481529988718,0,0,0,0,0,0,0,1,0,0.0002083067452727944,8.591857681233457e-06,0.0002083067452727944,12.28206429988718
2239,6751,30.53000818285313,0,0,0,0,0,0,0,1,0,0.0002083067452727944,8.591857681233457e-06,0.0002083067452727944,30.52725718285315
2240,3,52.28202639085782,0,0,0,1,10,0,0,0,0,0.0002083067452727944,8.591857681233457e-06,0.0002083067452727944,-1
2241,9839,42.04315215440529,0,0,0,0,0,0,0,1,0,0.0002083067452727944,8.591857681233457e-06,0.0002083067452727944,41.87015115440528
2242,7210,36.53321629229918,0,0,0,0,0,0,0,1,0,0.0002083067452727944,8.591857681233457e-06,0.0002083067452727944,36.5304652922992
2243,9459,44.8154856089697,0,0,0,0,0,0,0,1,0,0.0002083067452727944,8.591857681233457e-06,0.0002083067452727944,44.81273460896964
2244,8668,39.45499276901858,0,0,0,0,0,0,0,1,0,0.0002083067452727944,8.591857681233457e-06,0.0002083067452727944,39.45224176901858
2245,1,1.742679591957431,0,0,0,0,0,0,0,0,0,0.0002083067452727944,8.591857681233457e-06,0.0002083067452727944,-1
2246,9711,46.9388569842349,0,0,0,0,0,0,0,1,0,0.0002083067452727944,8.591857681233457e-06,0.0002083067452727944,46.93610598374057
2247,11536,51.73423863823151,0,0,0,0,0,0,0,1,0,0.0002083067452727944,8.591857681233457e-06,0.0002083067452727944,51.7314876382314
2248,10724,52.39094570592847,0,0,0,0,0,0,0,1,0,0.0002083067452727944,8.591857681233457e-06,0.0002083067452727944,52.3881947059045
2249,8022,37.7856255019196,0,0,0,0,0,0,0,1,0,0.0002083067452727944,8.591857681233457e-06,0.0002083067452727944,37.61262450191963
2250,10068,41.37933429328955,0,0,0,0,0,0,0,1,0,0.0002083067452727944,8.591857681233457e-06,0.0002083067452727944,41.20633329328953
2251,8767,39.54820845265575,0,0,0,0,0,0,0,1,0,0.0002083067452727944,8.591857681233457e-06,0.0002083067452727944,39.37520745265569
2252,8770,35.93657686577811,0,0,0,0,0,0,0,1,0,0.0002083067452727944,8.591857681233457e-06,0.0002083067452727944,35.7635758657781
2253,7648,35.47261319650164,0,0,0,0,0,0,0,1,0,0.0002083067452727944,8.591857681233457e-06,0.0002083067452727944,35.46986219650167
2254,10618,48.54955826580283,0,0,0,0,0,0,0,1,0,0.0002083067452727944,8.591857681233457e-06,0.0002083067452727944,48.54680726580271
2255,9103,40.90725237896126,0,0,0,0,0,0,0,1,0,0.0002083067452727944,8.591857681233457e-06,0.0002083067452727944,40.73425137896114
2256,227,23.50479284886539,0,0,0,2,22,0,0,0,0,0.0002083067452727944,8.591857681233457e-06,0.0002083067452727944,-1
2257,8541,35.87987650134991,0,0,0,0,0,0,0,1,0,0.0002083067452727944,8.591857681233457e-06,0.0002083067452727944,35.70687550134992
2258,8456,38.12240543093318,0,0,0,0,0,0,0,1,0,0.0002083067452727944,8.591857681233457e-06,0.0002083067452727944,37.94940443093315
2259,11193,52.27972064389132,0,0,0,0,0,0,0,1,0,0.0002083067452727944,8.591857681233457e-06,0.0002083067452727944,52.10671964392577
2260,10761,47.56370443603083,0,0,0,0,0,0,0,1,0,0.0002083067452727944,8.591857681233457e-06,0.0002083067452727944,47.56095343603089
2261,7641,35.42088924086119,0,0,0,0,0,0,0,1,0,0.0002083067452727944,8.591857681233457e-06,0.0002083067452727944,35.41813824086126
2262,7342,35.92829562568465,0,0,0,0,0,0,0,1,0,0.0002083067452727944,8.591857681233457e-06,0.0002083067452727944,35.75529462568459
2263,5077,24.25907983937156,0,0,0,0,0,0,0,1,0,0.0002083067452727944,8.591857681233457e-06,0.0002083067452727944,24.25632883937161
2264,9036,43.38054802585529,0,0,0,0,0,0,0,1,0,0.0002083067452727944,8.591857681233457e-06,0.0002083067452727944,43.20754702585527
2265,4598,21.19683050462598,0,0,0,0,0,0,0,1,0,0.0002083067452727944,8.591857681233457e-06,0.0002083067452727944,21.19407950462596
2266,6783,33.92436162840914,0,0,0,0,0,0,0,1,0,0.0002083067452727944,8.591857681233457e-06,0.0002083067452727944,33.92161062840908
2267,8931,39.67761890536422,0,0,0,0,0,0,0,1,0,0.0002083067452727944,8.591857681233457e-06,0.0002083067452727944,39.67486790536423
2268,5291,26.78073881026756,0,0,0,0,0,0,0,1,0,0.0002083067452727944,8.591857681233457e-06,0.0002083067452727944,26.60773781026754
2269,10507,47.43781063860792,0,0,0,0,0,0,0,1,0,0.0002083067452727944,8.591857681233457e-06,0.0002083067452727944,47.26480963860791
2270,9354,45.99030456650215,0,0,0,0,0,0,0,1,0,0.0002083067452727944,8.591857681233457e-06,0.0002083067452727944,45.81730356650213
2271,8590,41.66397297003309,0,0,0,0,0,0,0,1,0,0.0002083067452727944,8.591857681233457e-06,0.0002083067452727944,41.49097197003304
2272,6745,30.11440460642725,0,0,0,0,0,0,0,1,0,0.0002083067452727944,8.591857681233457e-06,0.0002083067452727944,29.94140360642722
2273,8312,41.2763394296071,0,0,0,0,0,0,0,1,0,0.0002083067452727944,8.591857681233457e-06,0.0002083067452727944,41.10333842960716
2274,5559,27.48647221177492,0,0,0,0,0,0,0,1,0,0.0002083067452727944,8.591857681233457e-06,0.0002083067452727944,27.31347121177496
2275,8455,39.09388582966591,0,0,0,0,0,0,0,1,0,0.0002083067452727944,8.591857681233457e-06,0.0002083067452727944,38.92088482966597
2276,7942,32.27349381177034,0,0,0,0,0,0,0,1,0,0.0002083067452727944,8.591857681233457e-06,0.0002083067452727944,32.10049281177033
2277,10716,48.86004134340058,0,0,0,0,0,0,0,1,0,0.0002083067452727944,8.591857681233457e-06,0.0002083067452727944,48.68704034340062
2278,7544,32.60736708885089,0,0,0,0,0,0,0,1,0,0.0002083067452727944,8.591857681233457e-06,0.0002083067452727944,32.60461608885095
2279,11118,52.64950012594985,0,0,0,0,0,0,0,1,0,0.0002083067452727944,8.591857681233457e-06,0.0002083067452727944,52.47649912613242
2280,1011,11.13779573592739,0,0,0,2,12,0,0,0,0,0.0002083067452727944,8.591857681233457e-06,0.0002083067452727944,-1
2281,8099,36.94169112975474,0,0,0,0,0,0,0,1,0,0.0002083067452727944,8.591857681233457e-06,0.0002083067452727944,36.76869012975471
2282,6235,29.37056932091461,0,0,0,0,0,0,0,1,0,0.0002083067452727944,8.591857681233457e-06,0.0002083067452727944,29.19756832091459
2283,0,6.176745944749328,0,0,0,1,6,0,0,0,0,0.0002083067452727944,8.591857681233457e-06,0.0002083067452727944,-1
2284,9934,46.94626579992697,0,0,0,0,0,0,0,1,0,0.0002083067452727944,8.591857681233457e-06,0.0002083067452727944,46.94351479991688
2285,7769,37.44391750261819,0,0,0,0,0,0,0,1,0,0.0002083067452727944,8.591857681233457e-06,0.0002083067452727944,37.27091650261621
2286,7499,40.07338779987176,0,0,0,0,0,0,0,1,0,0.0002083067452727944,8.591857681233457e-06,0.0002083067452727944,39.90038679987167
2287,10603,49.72489938229756,0,0,0,0,0,0,0,1,0,0.0002083067452727944,8.591857681233457e-06,0.0002083067452727944,49.55189838229755
2288,11529,49.65203441430777,0,0,0,0,0,0,0,1,0,0.0002083067452727944,8.591857681233457e-06,0.0002083067452727944,49.64928341430768
2289,10010,46.41591526310942,0,0,0,0,0,0,0,1,0,0.0002083067452727944,8.591857681233457e-06,0.0002083067452727944,46.24291426331015
2290,9831,45.36197378927397,0,0,0,0,0,0,0,1,0,0.0002083067452727944,8.591857681233457e-06,0.0002083067452727944,45.35922278927396
2291,7042,38.02648423317875,0,0,0,0,0,0,0,1,0,0.0002083067452727944,8.591857681233457e-06,0.0002083067452727944,37.85348323315734
2292,8950,41.35641773522278,0,0,0,0,0,0,0,1,0,0.0002083067452727944,8.591857681233457e-06,0.0002083067452727944,41.18341673522271
2293,11518,54.15113334199559,0,0,0,0,0,0,0,1,0,0.0002083067452727944,8.591857681233457e-06,0.0002083067452727944,53.97813234199546
2294,10257,47.23633872970571,0,0,0,0,0,0,0,1,0,0.0002083067452727944,8.591857681233457e-06,0.0002083067452727944,47.06333772985536
2295,6502,27.4158972837933,0,0,0,0,0,0,0,1,0,0.0002083067452727944,8.591857681233457e-06,0.0002083067452727944,27.24289628379328
2296,358,17.64718628725653,0,0,0,2,19,0,0,0,0,0.0002083067452727944,8.591857681233457e-06,0.0002083067452727944,-1
2297,11738,51.94575577913957,0,0,0,0,0,0,0,1,0,0.0002083067452727944,8.591857681233457e-06,0.0002083067452727944,51.77275477913949
2298,9343,42.11242538654052,0,0,0,0,0,0,0,1,0,0.0002083067452727944,8.591857681233457e-06,0.0002083067452727944,42.10967438654045
2299,6663,31.90275357996072,0,0,0,0,0,0,0,1,0,0.0002083067452727944,8.591857681233457e-06,0.0002083067452727944,31.72975257996066
2300,5690,26.91625084302514,0,0,0,0,0,0,0,1,0,0.0002083067452727944,8.591857681233457e-06,0.0002083067452727944,26.74324984302518
2301,10354,46.93425160798716,0,0,0,0,0,0,0,1,0,0.0002083067452727944,8.591857681233457e-06,0.0002083067452727944,46.76125060798696
2302,9828,43.67867651077218,0,0,0,0,0,0,0,1,0,0.0002083067452727944,8.591857681233457e-06,0.0002083067452727944,43.67592550983829
2303,10268,44.69038895349072,0,0,0,0,0,0,0,1,0,0.0002083067452727944,8.591857681233457e-06,0.0002083067452727944,44.51738795347339
2304,4009,18.82981183317805,0,0,0,0,0,0,0,1,0,0.0002083067452727944,8.591857681233457e-06,0.0002083067452727944,18.65681083317801
2305,3490,17.33564366573061,0,0,0,0,0,0,0,1,0,0.0002083067452727944,8.591857681233457e-06,0.0002083067452727944,17.33289266573061
2306,8566,39.47225232034661,0,0,0,0,0,0,0,1,0,0.0002083067452727944,8.591857681233457e-06,0.0002083067452727944,39.46950132034652
2307,4811,21.72181033103744,0,0,0,0,0,0,0,1,0,0.0002083067452727944,8.591857681233457e-06,0.0002083067452727944,21.71905933103745
2308,8497,38.33738681815467,0,0,0,0,0,0,0,1,0,0.0002083067452727944,8.591857681233457e-06,0.0002083067452727944,38.16438581820388
2309,7553,33.0425478217085,0,0,0,0,0,0,0,1,0,0.0002083067452727944,8.591857681233457e-06,0.0002083067452727944,33.03979682170851
2310,11819,50.1822650212969,0,0,0,0,0,0,0,1,0,0.0002083067452727944,8.591857681233457e-06,0.0002083067452727944,50.00926402129682
2311,5206,25.48080503008249,0,0,0,0,0,0,0,1,0,0.0002083067452727944,8.591857681233457e-06,0.0002083067452727944,25.47805403008247
2312,4149,21.6933349183588,0,0,0,0,0,0,0,1,0,0.0002083067452727944,8.591857681233457e-06,0.0002083067452727944,21.52033391835879
2313,5696,23.79813556697728,0,0,0,0,0,0,0,1,0,0.0002083067452727944,8.591857681233457e-06,0.0002083067452727944,23.79538456697725
2314,2466,10.81497370403471,0,0,0,0,0,0,0,1,0,0.0002083067452727944,8.591857681233457e-06,0.0002083067452727944,10.64197270403471
2315,7201,34.50799040943964,0,0,0,0,0,0,0,1,0,0.0002083067452727944,8.591857681233457e-06,0.0002083067452727944,34.50523940943202
2316,8677,40.4588513073051,0,0,0,0,0,0,0,1,0,0.0002083067452727944,8.591857681233457e-06,0.0002083067452727944,40.45610030730508
2317,7484,33.69119044570963,0,0,0,0,0,0,0,1,0,0.0002083067452727944,8.591857681233457e-06,0.0002083067452727944,33.51818944570956
2318,2060,40.48364899869069,0,0,0,3,17,0,0,0,0,0.0002083067452727944,8.591857681233457e-06,0.0002083067452727944,-1
2319,6735,29.14314891709178,0,0,0,0,0,0,0,1,0,0.0002083067452727944,8.591857681233457e-06,0.0002083067452727944,28.9701479170918
2320,1995,37.95710792031655,0,0,0,3,22,0,0,0,0,0.0002083067452727944,8.591857681233457e-06,0.0002083067452727944,-1
2321,8565,41.26979102195381,0,0,0,0,0,0,0,1,0,0.0002083067452727944,8.591857681233457e-06,0.0002083067452727944,41.09679002195376
2322,8945,40.50251587922601,0,0,0,0,0,0,0,1,0,0.0002083067452727944,8.591857681233457e-06,0.0002083067452727944,40.329514879226
2323,10422,51.29362777786858,0,0,0,0,0,0,0,1,0,0.0002083067452727944,8.591857681233457e-06,0.0002083067452727944,51.12062677787523
2324,62,2.935773521793253,0,0,0,0,0,0,0,0,0,0.0002083067452727944,8.591857681233457e-06,0.0002083067452727944,-1
2325,6409,29.3385064858418,0,0,0,0,0,0,0,1,0,0.0002083067452727944,8.591857681233457e-06,0.0002083067452727944,29.33575548584186
2326,9667,44.40750693712936,0,0,0,0,0,0,0,1,0,0.0002083067452727944,8.591857681233457e-06,0.0002083067452727944,44.23450593712928
2327,10766,46.82488997499161,0,0,0,0,0,0,0,1,0,0.0002083067452727944,8.591857681233457e-06,0.0002083067452727944,46.6518889749915
2328,7470,34.43796040813072,0,0,0,0,0,0,0,1,0,0.0002083067452727944,8.591857681233457e-06,0.0002083067452727944,34.26495940831501
2329,3546,17.88232748468574,0,0,0,0,0,0,0,1,0,0.0002083067452727944,8.591857681233457e-06,0.0002083067452727944,17.70932648468571
2330,5957,29.28338099548562,0,0,0,0,0,0,0,1,0,0.0002083067452727944,8.591857681233457e-06,0.0002083067452727944,29.28062999548559
2331,10599,49.97666239268692,0,0,0,0,0,0,0,1,0,0.0002083067452727944,8.591857681233457e-06,0.0002083067452727944,49.97391139268684
2332,6087,28.63053549401046,0,0,0,0,0,0,0,1,0,0.0002083067452727944,8.591857681233457e-06,0.0002083067452727944,28.45753449401044
2333,11536,48.64051016438708,0,0,0,0,0,0,0,1,0,0.0002083067452727944,8.591857681233457e-06,0.0002083067452727944,48.46750916438702
2334,8703,38.94954882482426,0,0,0,0,0,0,0,1,0,0.0002083067452727944,8.591857681233457e-06,0.0002083067452727944,38.94679782482422
2335,3672,15.01706413293729,0,0,0,0,0,0,0,1,0,0.0002083067452727944,8.591857681233457e-06,0.0002083067452727944,15.01431313293728
2336,7732,31.64781346706897,0,0,0,0,0,0,0,1,0,0.0002083067452727944,8.591857681233457e-06,0.0002083067452727944,31.47481246706897
2337,8905,41.57020254254408,0,0,0,0,0,0,0,1,0,0.0002083067452727944,8.591857681233457e-06,0.0002083067452727944,41.3972015423407
2338,8278,40.66331198799795,0,0,0,0,0,0,0,1,0,0.0002083067452727944,8.591857681233457e-06,0.0002083067452727944,40.49031098799795
2339,6504,34.41539224747475,0,0,0,0,0,0,0,1,0,0.0002083067452727944,8.591857681233457e-06,0.0002083067452727944,34.2423912474747
2340,4764,22.02221906399992,0,0,0,0,0,0,0,1,0,0.0002083067452727944,8.591857681233457e-06,0.0002083067452727944,21.84921806399991
2341,10528,45.39188406260944,0,0,0,0,0,0,0,1,0,0.0002083067452727944,8.591857681233457e-06,0.0002083067452727944,45.2188830626094
2342,8867,39.17817038739192,0,0,0,0,0,0,0,1,0,0.0002083067452727944,8.591857681233457e-06,0.0002083067452727944,39.00516938739197
2343,11588,51.57736558743081,0,0,0,0,0,0,0,1,0,0.0002083067452727944,8.591857681233457e-06,0.0002083067452727944,51.57461458743079
2344,11541,50.55877012960919,0,0,0,0,0,0,0,1,0,0.0002083067452727944,8.591857681233457e-06,0.0002083067452727944,50.55601912960915
2345,8790,37.66789109813195,0,0,0,0,0,0,0,1,0,0.0002083067452727944,8.591857681233457e-06,0.0002083067452727944,37.4948900981319
2346,6277,27.96597160669225,0,0,0,0,0,0,0,1,0,0.0002083067452727944,8.591857681233457e-06,0.0002083067452727944,27.79297060669223
2347,1913,7.990098963299705,0,0,0,0,0,0,0,1,0,0.0002083067452727944,8.591857681233457e-06,0.0002083067452727944,7.987347963299708
2348,11165,51.70017017084704,0,0,0,0,0,0,0,1,0,0.0002083067452727944,8.591857681233457e-06,0.0002083067452727944,51.52716917084693
2349,9965,44.80152886494476,0,0,0,0,0,0,0,1,0,0.0002083067452727944,8.591857681233457e-06,0.0002083067452727944,44.79877786494474
2350,8297,37.49601186009597,0,0,0,0,0,0,0,1,0,0.0002083067452727944,8.591857681233457e-06,0.0002083067452727944,37.32301086009596
2351,1154,12.50759028849819,0,0,0,1,4,0,0,0,0,0.0002083067452727944,8.591857681233457e-06,0.0002083067452727944,-1
2352,5469,28.29785287831148,0,0,0,0,0,0,0,1,0,0.0002083067452727944,8.591857681233457e-06,0.0002083067452727944,28.29510187834818
2353,11185,50.55624739140116,0,0,0,0,0,0,0,1,0,0.0002083067452727944,8.591857681233457e-06,0.0002083067452727944,50.38324639140114
2354,7661,31.98808292702611,0,0,0,0,0,0,0,1,0,0.0002083067452727944,8.591857681233457e-06,0.0002083067452727944,31.81508192702608
2355,2260,9.879984948723546,0,0,0,0,0,0,0,1,0,0.0002083067452727944,8.591857681233457e-06,0.0002083067452727944,9.706983948723552
2356,6904,31.38652213291979,0,0,0,0,0,0,0,1,0,0.0002083067452727944,8.591857681233457e-06,0.0002083067452727944,31.21352113291977
2357,12326,52.89269122026326,0,0,0,0,0,0,0,1,0,0.0002083067452727944,8.591857681233457e-06,0.0002083067452727944,52.71969022026325
2358,6866,30.04849156713696,0,0,0,0,0,0,0,1,0,0.0002083067452727944,8.591857681233457e-06,0.0002083067452727944,29.87549056713695
2359,3198,15.56343875789,0,0,0,0,0,0,0,1,0,0.0002083067452727944,8.591857681233457e-06,0.0002083067452727944,15.39043775788999
2360,8222,36.1004751632184,0,0,0,0,0,0,0,1,0,0.0002083067452727944,8.591857681233457e-06,0.0002083067452727944,35.92747416321836
2361,7677,34.907883949316,0,0,0,0,0,0,0,1,0,0.0002083067452727944,8.591857681233457e-06,0.0002083067452727944,34.73488294931598
2362,8949,38.06937001179195,0,0,0,0,0,0,0,1,0,0.0002083067452727944,8.591857681233457e-06,0.0002083067452727944,37.89636901179196
2363,5148,24.01207211015408,0,0,0,0,0,0,0,1,0,0.0002083067452727944,8.591857681233457e-06,0.0002083067452727944,24.00932111015941
2364,8421,39.67358890698249,0,0,0,0,0,0,0,1,0,0.0002083067452727944,8.591857681233457e-06,0.0002083067452727944,39.50058790698245
2365,3739,18.51228752879482,0,0,0,0,0,0,0,1,0,0.0002083067452727944,8.591857681233457e-06,0.0002083067452727944,18.33928652879487
2366,7463,33.11781918392369,0,0,0,0,0,0,0,1,0,0.0002083067452727944,8.591857681233457e-06,0.0002083067452727944,32.94481818392365
2367,4069,21.43747909307275,0,0,0,0,0,0,0,1,0,0.0002083067452727944,8.591857681233457e-06,0.0002083067452727944,21.26447809307274
2368,9812,45.21645380896105,0,0,0,0,0,0,0,1,0,0.0002083067452727944,8.591857681233457e-06,0.0002083067452727944,45.04345280896102
2369,10055,47.82985119919932,0,0,0,0,0,0,0,1,0,0.0002083067452727944,8.591857681233457e-06,0.0002083067452727944,47.65685019919925
2370,7832,32.26942173619704,0,0,0,0,0,0,0,1,0,0.0002083067452727944,8.591857681233457e-06,0.0002083067452727944,32.09642073619702
2371,993,32.44807087828214,0,0,0,3,6,0,0,0,0,0.0002083067452727944,8.591857681233457e-06,0.0002083067452727944,-1
2372,5379,21.51070929719727,0,0,0,0,0,0,0,1,0,0.0002083067452727944,8.591857681233457e-06,0.0002083067452727944,21.33770829719727
2373,11944,52.35467084420335,0,0,0,0,0,0,0,1,0,0.0002083067452727944,8.591857681233457e-06,0.0002083067452727944,52.35191984429493
2374,6934,33.12534213369107,0,0,0,0,0,0,0,1,0,0.0002083067452727944,8.591857681233457e-06,0.0002083067452727944,33.12259113369106
2375,9284,42.41221141921211,0,0,0,0,0,0,0,1,0,0.0002083067452727944,8.591857681233457e-06,0.0002083067452727944,42.40946041921214
2376,11309,47.03195274534045,0,0,0,0,0,0,0,1,0,0.0002083067452727944,8.591857681233457e-06,0.0002083067452727944,46.85895174534041
2377,2113,9.20945333535929,0,0,0,0,0,0,0,1,0,0.0002083067452727944,8.591857681233457e-06,0.0002083067452727944,9.036452335359286
2378,9027,44.02471854752884,0,0,0,0,0,0,0,1,0,0.0002083067452727944,8.591857681233457e-06,0.0002083067452727944,43.8517175480648
2379,2001,30.47552822036659,0,0,0,2,9,0,0,0,0,0.0002083067452727944,8.591857681233457e-06,0.0002083067452727944,-1
2380,10528,45.71823151703573,0,0,0,0,0,0,0,1,0,0.0002083067452727944,8.591857681233457e-06,0.0002083067452727944,45.71548051703572
2381,7596,33.3570069440957,0,0,0,0,0,0,0,1,0,0.0002083067452727944,8.591857681233457e-06,0.0002083067452727944,33.18400594409565
2382,7394,35.19560777889813,0,0,0,0,0,0,0,1,0,0.0002083067452727944,8.591857681233457e-06,0.0002083067452727944,35.02260677889806
2383,12534,52.19911727023355,0,0,0,0,0,0,0,1,0,0.0002083067452727944,8.591857681233457e-06,0.0002083067452727944,52.19636627023369
2384,4994,22.02473743344263,0,0,0,0,0,0,0,1,0,0.0002083067452727944,8.591857681233457e-06,0.0002083067452727944,22.02198643344265
2385,360,7.421133429819447,0,0,0,1,5,0,0,0,0,0.0002083067452727944,8.591857681233457e-06,0.0002083067452727944,-1
2386,11022,46.87843350290964,0,0,0,0,0,0,0,1,0,0.0002083067452727944,8.591857681233457e-06,0.0002083067452727944,46.87568250290958
2387,10432,47.30531050425326,0,0,0,0,0,0,0,1,0,0.0002083067452727944,8.591857681233457e-06,0.0002083067452727944,47.13230950425323
2388,10255,43.67792835962661,0,0,0,0,0,0,0,1,0,0.0002083067452727944,8.591857681233457e-06,0.0002083067452727944,43.50492735962654
2389,5418,26.18897964859105,0,0,0,0,0,0,0,1,0,0.0002083067452727944,8.591857681233457e-06,0.0002083067452727944,26.015978648591
2390,3551,17.74101317075768,0,0,0,0,0,0,0,1,0,0.0002083067452727944,8.591857681233457e-06,0.0002083067452727944,17.56801217075767
2391,9614,44.06715336842861,0,0,0,0,0,0,0,1,0,0.0002083067452727944,8.591857681233457e-06,0.0002083067452727944,43.89415236842857
2392,10473,47.89157729058564,0,0,0,0,0,0,0,1,0,0.0002083067452727944,8.591857681233457e-06,0.0002083067452727944,47.71857629058076
2393,11009,49.15992422955495,0,0,0,0,0,0,0,1,0,0.0002083067452727944,8.591857681233457e-06,0.0002083067452727944,48.98692322955493
2394,8780,42.53889267372529,0,0,0,0,0,0,0,1,0,0.0002083067452727944,8.591857681233457e-06,0.0002083067452727944,42.36589167372518
2395,10190,47.30533389689472,0,0,0,0,0,0,0,1,0,0.0002083067452727944,8.591857681233457e-06,0.0002083067452727944,47.30258289690406
2396,5780,25.25149099635225,0,0,0,0,0,0,0,1,0,0.0002083067452727944,8.591857681233457e-06,0.0002083067452727944,25.24873999635225
2397,2091,9.102974902909157,0,0,0,0,0,0,0,1,0,0.0002083067452727944,8.591857681233457e-06,0.0002083067452727944,9.100223902909146
2398,59,2.002658353347095,0,0,0,0,0,0,0,0,0,0.0002083067452727944,8.591857681233457e-06,0.0002083067452727944,-1
2399,8050,37.02315985185222,0,0,0,0,0,0,0,1,0,0.0002083067452727944,8.591857681233457e-06,0.0002083067452727944,36.85015885185222
2400,404,31.19731009096532,0,0,0,3,24,0,0,0,0,0.0002083067452727944,8.591857681233457e-06,0.0002083067452727944,-1
2401,2283,11.34176121199886,0,0,0,0,0,0,0,1,0,0.0002083067452727944,8.591857681233457e-06,0.0002083067452727944,11.16876021199885
2402,9619,46.97443740798199,0,0,0,0,0,0,0,1,0,0.0002083067452727944,8.591857681233457e-06,0.0002083067452727944,46.80143640798178
2403,4374,20.76593537113587,0,0,0,0,0,0,0,1,0,0.0002083067452727944,8.591857681233457e-06,0.0002083067452727944,20.76318437113584
2404,0,0.1730009999999999,0,0,0,0,0,0,0,0,0,0.0002083067452727944,8.591857681233457e-06,0.0002083067452727944,-1
2405,9026,42.85357211477282,0,0,0,0,0,0,0,1,0,0.0002083067452727944,8.591857681233457e-06,0.0002083067452727944,42.68057111477277
2406,10896,50.53534276195627,0,0,0,0,0,0,0,1,0,0.0002083067452727944,8.591857681233457e-06,0.0002083067452727944,50.36234176195617
2407,4886,20.63874381098428,0,0,0,0,0,0,0,1,0,0.0002083067452727944,8.591857681233457e-06,0.0002083067452727944,20.63599281098428
2408,1306,30.32686393627944,0,0,0,3,17,0,0,0,0,0.0002083067452727944,8.591857681233457e-06,0.0002083067452727944,-1
2409,3242,13.9466009081229,0,0,0,0,0,0,0,1,0,0.0002083067452727944,8.591857681233457e-06,0.0002083067452727944,13.77359990812291
2410,20,26.74897015785752,0,0,0,2,6,0,0,0,0,0.0002083067452727944,8.591857681233457e-06,0.0002083067452727944,-1
2411,9045,39.74056244039831,0,0,0,0,0,0,0,1,0,0.0002083067452727944,8.591857681233457e-06,0.0002083067452727944,39.73781144039829
2412,0,2.373567387752829,0,0,0,1,5,0,0,0,0,0.0002083067452727944,8.591857681233457e-06,0.0002083067452727944,-1
2413,4198,19.28725606865526,0,0,0,0,0,0,0,1,0,0.0002083067452727944,8.591857681233457e-06,0.0002083067452727944,19.11425506865527
2414,4844,24.93481720852734,0,0,0,0,0,0,0,1,0,0.0002083067452727944,8.591857681233457e-06,0.0002083067452727944,24.9320662085273
2415,11751,51.66938571921065,0,0,0,0,0,0,0,1,0,0.0002083067452727944,8.591857681233457e-06,0.0002083067452727944,51.49638471921072
2416,74,1.820060512350529,0,0,0,0,0,0,0,0,0,0.0002083067452727944,8.591857681233457e-06,0.0002083067452727944,-1
2417,7921,40.22448433571148,0,0,0,0,0,0,0,1,0,0.0002083067452727944,8.591857681233457e-06,0.0002083067452727944,40.22173333573267
2418,4108,17.27386186098351,0,0,0,0,0,0,0,1,0,0.0002083067452727944,8.591857681233457e-06,0.0002083067452727944,17.10086086098351
2419,12027,52.45229830965955,0,0,0,0,0,0,0,1,0,0.0002083067452727944,8.591857681233457e-06,0.0002083067452727944,52.27929730965944
2420,10984,47.92401755370516,0,0,0,0,0,0,0,1,0,0.0002083067452727944,8.591857681233457e-06,0.0002083067452727944,47.75101655370514
2421,9836,48.96843016032333,0,0,0,0,0,0,0,1,0,0.0002083067452727944,8.591857681233457e-06,0.0002083067452727944,48.79542916027518
2422,12465,51.97929252965316,0,0,0,0,0,0,0,1,0,0.0002083067452727944,8.591857681233457e-06,0.0002083067452727944,51.80629152965316
2423,11151,50.73692878678563,0,0,0,0,0,0,0,1,0,0.0002083067452727944,8.591857681233457e-06,0.0002083067452727944,50.56392778678542
2424,7442,32.37446241436777,0,0,0,0,0,0,0,1,0,0.0002083067452727944,8.591857681233457e-06,0.0002083067452727944,32.37171141436782
2425,6996,34.61103706041228,0,0,0,0,0,0,0,1,0,0.0002083067452727944,8.591857681233457e-06,0.0002083067452727944,34.43803606036676
2426,9953,45.0327856829656,0,0,0,0,0,0,0,1,0,0.0002083067452727944,8.591857681233457e-06,0.0002083067452727944,45.03003468296558
2427,9435,42.76438755041467,0,0,0,0,0,0,0,1,0,0.0002083067452727944,8.591857681233457e-06,0.0002083067452727944,42.59138655041469
2428,30,1.927330797992151,0,0,0,0,0,0,0,0,0,0.0002083067452727944,8.591857681233457e-06,0.0002083067452727944,-1
2429,9423,40.26235171845947,0,0,0,0,0,0,0,1,0,0.0002083067452727944,8.591857681233457e-06,0.0002083067452727944,40.08935071845941
2430,736,7.210354438836193,0,0,0,1,11,0,0,0,0,0.0002083067452727944,8.591857681233457e-06,0.0002083067452727944,-1
2431,783,5.80039879387024,0,0,0,0,0,0,0,1,0,0.0002083067452727944,8.591857681233457e-06,0.0002083067452727944,5.797647793870241
2432,0,50.13748973622254,0,0,0,3,23,0,0,0,0,0.0002083067452727944,8.591857681233457e-06,0.0002083067452727944,-1
2433,3419,17.26745312283167,0,0,0,0,0,0,0,1,0,0.0002083067452727944,8.591857681233457e-06,0.0002083067452727944,17.09445212283169
2434,11030,50.79427082997949,0,0,0,0,0,0,0,1,0,0.0002083067452727944,8.591857681233457e-06,0.0002083067452727944,50.79151982997951
2435,5192,23.52816561675174,0,0,0,0,0,0,0,1,0,0.0002083067452727944,8.591857681233457e-06,0.0002083067452727944,23.35516461675175
2436,11161,50.32774917179675,0,0,0,0,0,0,0,1,0,0.0002083067452727944,8.591857681233457e-06,0.0002083067452727944,50.32499817179675
2437,64,4.412038029665197,0,0,0,1,7,0,0,0,0,0.0002083067452727944,8.591857681233457e-06,0.0002083067452727944,-1
2438,6666,31.39616068380107,0,0,0,0,0,0,0,1,0,0.0002083067452727944,8.591857681233457e-06,0.0002083067452727944,31.39340968380105
2439,8688,40.85619892367595,0,0,0,0,0,0,0,1,0,0.0002083067452727944,8.591857681233457e-06,0.0002083067452727944,40.68319792370666
2440,9952,45.26491423877376,0,0,0,0,0,0,0,1,0,0.0002083067452727944,8.591857681233457e-06,0.0002083067452727944,45.0919132387737
2441,5963,28.95353346667873,0,0,0,0,0,0,0,1,0,0.0002083067452727944,8.591857681233457e-06,0.0002083067452727944,28.78053246667874
2442,7431,35.34727347557059,0,0,0,0,0,0,0,1,0,0.0002083067452727944,8.591857681233457e-06,0.0002083067452727944,35.17427247557053
2443,9996,46.22354250023247,0,0,0,0,0,0,0,1,0,0.0002083067452727944,8.591857681233457e-06,0.0002083067452727944,46.05054150023243
2444,12030,50.61819629967425,0,0,0,0,0,0,0,1,0,0.0002083067452727944,8.591857681233457e-06,0.0002083067452727944,50.44519529967419
2445,5468,26.0411001255245,0,0,0,0,0,0,0,1,0,0.0002083067452727944,8.591857681233457e-06,0.0002083067452727944,25.86809912552453
2446,276,2.736004297840255,0,0,0,0,0,0,0,0,0,0.0002083067452727944,8.591857681233457e-06,0.0002083067452727944,-1
2447,4528,18.43231186762873,0,0,0,0,0,0,0,1,0,0.0002083067452727944,8.591857681233457e-06,0.0002083067452727944,18.42956086762873
2448,6717,31.89983633761716,0,0,0,0,0,0,0,1,0,0.0002083067452727944,8.591857681233457e-06,0.0002083067452727944,31.72683533761717
2449,11501,47.29518591049254,0,0,0,0,0,0,0,1,0,0.0002083067452727944,8.591857681233457e-06,0.0002083067452727944,47.29243491049248
2450,5594,26.85800408714961,0,0,0,0,0,0,0,1,0,0.0002083067452727944,8.591857681233457e-06,0.0002083067452727944,26.85525308714959
2451,9631,43.00193686818282,0,0,0,0,0,0,0,1,0,0.0002083067452727944,8.591857681233457e-06,0.0002083067452727944,42.99918586818278
2452,0,0.173001,0,0,0,0,0,0,0,0,0,0.0002083067452727944,8.591857681233457e-06,0.0002083067452727944,-1
2453,8409,38.21765062911258,0,0,0,0,0,0,0,1,0,0.0002083067452727944,8.591857681233457e-06,0.0002083067452727944,38.04464962815639
2454,7099,35.14182225657231,0,0,0,0,0,0,0,1,0,0.0002083067452727944,8.591857681233457e-06,0.0002083067452727944,35.13907125657229
2455,8044,38.36111098369128,0,0,0,0,0,0,0,1,0,0.0002083067452727944,8.591857681233457e-06,0.0002083067452727944,38.18810998365724
2456,0,9.101092731729722,0,0,0,2,20,0,0,0,0,0.0002083067452727944,8.591857681233457e-06,0.0002083067452727944,-1
2457,7003,31.24329681352824,0,0,0,0,0,0,0,1,0,0.0002083067452727944,8.591857681233457e-06,0.0002083067452727944,31.24054581352824
2458,11324,47.85570809541588,0,0,0,0,0,0,0,1,0,0.0002083067452727944,8.591857681233457e-06,0.0002083067452727944,47.68270709541588
2459,7207,32.84246572397314,0,0,0,0,0,0,0,1,0,0.0002083067452727944,8.591857681233457e-06,0.0002083067452727944,32.83971472397315
2460,1911,46.69187637924144,0,0,0,3,20,0,0,0,0,0.0002083067452727944,8.591857681233457e-06,0.0002083067452727944,-1
2461,4224,22.10832865545514,0,0,0,0,0,0,0,1,0,0.0002083067452727944,8.591857681233457e-06,0.0002083067452727944,21.93532765545514
2462,8260,37.60596885297065,0,0,0,0,0,0,0,1,0,0.0002083067452727944,8.591857681233457e-06,0.0002083067452727944,37.43296785297066
2463,8753,39.83607373770111,0,0,0,0,0,0,0,1,0,0.0002083067452727944,8.591857681233457e-06,0.0002083067452727944,39.66307273770106
2464,7970,33.61058481081778,0,0,0,0,0,0,0,1,0,0.0002083067452727944,8.591857681233457e-06,0.0002083067452727944,33.60783381081779
2465,5547,24.95334352445179,0,0,0,0,0,0,0,1,0,0.0002083067452727944,8.591857681233457e-06,0.0002083067452727944,24.95059252445179
2466,6900,29.63860893841785,0,0,0,0,0,0,0,1,0,0.0002083067452727944,8.591857681233457e-06,0.0002083067452727944,29.46560793841783
2467,6994,29.20870286909173,0,0,0,0,0,0,0,1,0,0.0002083067452727944,8.591857681233457e-06,0.0002083067452727944,29.03570186909171
2468,9942,46.03046363707083,0,0,0,0,0,0,0,1,0,0.0002083067452727944,8.591857681233457e-06,0.0002083067452727944,46.02771263707082
2469,6405,29.69479433135455,0,0,0,0,0,0,0,1,0,0.0002083067452727944,8.591857681233457e-06,0.0002083067452727944,29.52179333135451
2470,6347,26.61994747146323,0,0,0,0,0,0,0,1,0,0.0002083067452727944,8.591857681233457e-06,0.0002083067452727944,26.61719647146321
2471,10841,47.40637540773869,0,0,0,0,0,0,0,1,0,0.0002083067452727944,8.591857681233457e-06,0.0002083067452727944,47.23337440773865
2472,6535,26.31047534302347,0,0,0,0,0,0,0,1,0,0.0002083067452727944,8.591857681233457e-06,0.0002083067452727944,26.13747434302348
2473,0,0.8363886730256521,0,0,0,1,4,0,0,0,0,0.0002083067452727944,8.591857681233457e-06,0.0002083067452727944,-1
2474,345,6.139480786041207,0,0,0,1,5,0,0,0,0,0.0002083067452727944,8.591857681233457e-06,0.0002083067452727944,-1
2475,10021,47.70891425618241,0,0,0,0,0,0,0,1,0,0.0002083067452727944,8.591857681233457e-06,0.0002083067452727944,47.7061632561555
2476,8296,37.50164392186889,0,0,0,0,0,0,0,1,0,0.0002083067452727944,8.591857681233457e-06,0.0002083067452727944,37.3286429218689
2477,9706,50.53194486466352,0,0,0,0,0,0,0,1,0,0.0002083067452727944,8.591857681233457e-06,0.0002083067452727944,50.3589438646634
2478,8177,37.78691510205935,0,0,0,0,0,0,0,1,0,0.0002083067452727944,8.591857681233457e-06,0.0002083067452727944,37.61391410205931
2479,1391,21.11023731917061,0,0,0,2,11,0,0,0,0,0.0002083067452727944,8.591857681233457e-06,0.0002083067452727944,-1
2480,9713,43.08214388013289,0,0,0,0,0,0,0,1,0,0.0002083067452727944,8.591857681233457e-06,0.0002083067452727944,43.07939288013286
2481,10723,46.78826992220712,0,0,0,0,0,0,0,1,0,0.0002083067452727944,8.591857681233457e-06,0.0002083067452727944,46.61526892220718
2482,7008,28.85721899252572,0,0,0,0,0,0,0,1,0,0.0002083067452727944,8.591857681233457e-06,0.0002083067452727944,28.68421799252573
2483,3136,13.08003417464899,0,0,0,0,0,0,0,1,0,0.0002083067452727944,8.591857681233457e-06,0.0002083067452727944,13.07728317464897
2484,8762,39.83752245131743,0,0,0,0,0,0,0,1,0,0.0002083067452727944,8.591857681233457e-06,0.0002083067452727944,39.83477145131737
2485,7805,33.80586173873278,0,0,0,0,0,0,0,1,0,0.0002083067452727944,8.591857681233457e-06,0.0002083067452727944,33.80311073873283
2486,11739,53.3230588914413,0,0,0,0,0,0,0,1,0,0.0002083067452727944,8.591857681233457e-06,0.0002083067452727944,53.15005789144116
2487,8259,38.59051325675678,0,0,0,0,0,0,0,1,0,0.0002083067452727944,8.591857681233457e-06,0.0002083067452727944,38.58776225675684
2488,6468,29.60947613434973,0,0,0,0,0,0,0,1,0,0.0002083067452727944,8.591857681233457e-06,0.0002083067452727944,29.43647513434968
2489,10297,50.0169807041726,0,0,0,0,0,0,0,1,0,0.0002083067452727944,8.591857681233457e-06,0.0002083067452727944,49.84397970417263
2490,4556,20.09679920352664,0,0,0,0,0,0,0,1,0,0.0002083067452727944,8.591857681233457e-06,0.0002083067452727944,19.92379820352662
2491,7420,35.03131915750711,0,0,0,0,0,0,0,1,0,0.0002083067452727944,8.591857681233457e-06,0.0002083067452727944,34.85831815750709
2492,9695,41.92186024686679,0,0,0,0,0,0,0,1,0,0.0002083067452727944,8.591857681233457e-06,0.0002083067452727944,41.74885924686684
2493,7583,33.03655807515993,0,0,0,0,0,0,0,1,0,0.0002083067452727944,8.591857681233457e-06,0.0002083067452727944,32.86355707515984
2494,4584,20.91541812513971,0,0,0,0,0,0,0,1,0,0.0002083067452727944,8.591857681233457e-06,0.0002083067452727944,20.74241712513972
2495,0,8.282706347755173,0,0,0,2,13,0,0,0,0,0.0002083067452727944,8.591857681233457e-06,0.0002083067452727944,-1
2496,6959,29.01618593238945,0,0,0,0,0,0,0,1,0,0.0002083067452727944,8.591857681233457e-06,0.0002083067452727944,28.84318493238941
2497,6792,32.63040115803348,0,0,0,0,0,0,0,1,0,0.0002083067452727944,8.591857681233457e-06,0.0002083067452727944,32.45740015803341
2498,10180,44.97653020080023,0,0,0,0,0,0,0,1,0,0.0002083067452727944,8.591857681233457e-06,0.0002083067452727944,44.80352920080031
2499,10097,44.80123865964801,0,0,0,0,0,0,0,1,0,0.0002083067452727944,8.591857681233457e-06,0.0002083067452727944,44.62823765964806
2500,5777,24.36602531385871,0,0,0,0,0,0,0,1,0,0.0002083067452727944,8.591857681233457e-06,0.0002083067452727944,24.36327431385872
2501,9060,44.48160287460191,0,0,0,0,0,0,0,1,0,0.0002083067452727944,8.591857681233457e-06,0.0002083067452727944,44.30860187460178
2502,3826,16.40324021512886,0,0,0,0,0,0,0,1,0,0.0002083067452727944,8.591857681233457e-06,0.0002083067452727944,16.40048921512886
2503,11514,51.58278840992811,0,0,0,0,0,0,0,1,0,0.0002083067452727944,8.591857681233457e-06,0.0002083067452727944,51.40978740992809
2504,9326,41.28592074301714,0,0,0,0,0,0,0,1,0,0.0002083067452727944,8.591857681233457e-06,0.0002083067452727944,41.1129197430171
2505,5404,22.39817853295902,0,0,0,0,0,0,0,1,0,0.0002083067452727944,8.591857681233457e-06,0.0002083067452727944,22.39542753295902
2506,9955,47.0443352339267,0,0,0,0,0,0,0,1,0,0.0002083067452727944,8.591857681233457e-06,0.0002083067452727944,47.04158423392671
2507,8580,37.62898873312681,0,0,0,0,0,0,0,1,0,0.0002083067452727944,8.591857681233457e-06,0.0002083067452727944,37.62623773312674
2508,9265,44.77210016917185,0,0,0,0,0,0,0,1,0,0.0002083067452727944,8.591857681233457e-06,0.0002083067452727944,44.76934916917185
2509,8661,38.76166245283249,0,0,0,0,0,0,0,1,0,0.0002083067452727944,8.591857681233457e-06,0.0002083067452727944,38.58866145283247
2510,6694,31.75522620553438,0,0,0,0,0,0,0,1,0,0.0002083067452727944,8.591857681233457e-06,0.0002083067452727944,31.58222520553437
2511,8528,39.88934530424726,0,0,0,0,0,0,0,1,0,0.0002083067452727944,8.591857681233457e-06,0.0002083067452727944,39.71634430424724
2512,5262,27.19680311186158,0,0,0,0,0,0,0,1,0,0.0002083067452727944,8.591857681233457e-06,0.0002083067452727944,27.19405211186157
2513,10420,45.96034634801775,0,0,0,0,0,0,0,1,0,0.0002083067452727944,8.591857681233457e-06,0.0002083067452727944,45.78734534801782
2514,8483,40.07160632494671,0,0,0,0,0,0,0,1,0,0.0002083067452727944,8.591857681233457e-06,0.0002083067452727944,39.89860532494669
2515,565,20.6595187398411,0,0,0,2,18,0,0,0,0,0.0002083067452727944,8.591857681233457e-06,0.0002083067452727944,-1
2516,1672,8.731342699534247,0,0,0,0,0,0,0,1,0,0.0002083067452727944,8.591857681233457e-06,0.0002083067452727944,8.728591699534249
2517,9609,46.51665418674804,0,0,0,0,0,0,0,1,0,0.0002083067452727944,8.591857681233457e-06,0.0002083067452727944,46.34365318679608
2518,5122,26.39168783810689,0,0,0,0,0,0,0,1,0,0.0002083067452727944,8.591857681233457e-06,0.0002083067452727944,26.38893683810685
2519,9937,45.90666074670644,0,0,0,0,0,0,0,1,0,0.0002083067452727944,8.591857681233457e-06,0.0002083067452727944,45.73365974672794
2520,10583,45.50354434924841,0,0,0,0,0,0,0,1,0,0.0002083067452727944,8.591857681233457e-06,0.0002083067452727944,45.50079334924849
2521,7242,33.91803678062591,0,0,0,0,0,0,0,1,0,0.0002083067452727944,8.591857681233457e-06,0.0002083067452727944,33.74503578062593
2522,9802,45.75275476223399,0,0,0,0,0,0,0,1,0,0.0002083067452727944,8.591857681233457e-06,0.0002083067452727944,45.75000376223397
2523,6495,29.44240799797368,0,0,0,0,0,0,0,1,0,0.0002083067452727944,8.591857681233457e-06,0.0002083067452727944,29.26940699797365
2524,3280,13.02000489028283,0,0,0,0,0,0,0,1,0,0.0002083067452727944,8.591857681233457e-06,0.0002083067452727944,13.01725389028284
2525,5540,26.49965794432423,0,0,0,0,0,0,0,1,0,0.0002083067452727944,8.591857681233457e-06,0.0002083067452727944,26.49690694435499
2526,2929,13.17440183867639,0,0,0,0,0,0,0,1,0,0.0002083067452727944,8.591857681233457e-06,0.0002083067452727944,13.1716508386764
2527,72,2.002576961697556,0,0,0,0,0,0,0,0,0,0.0002083067452727944,8.591857681233457e-06,0.0002083067452727944,-1
2528,3161,15.10405945067512,0,0,0,0,0,0,0,1,0,0.0002083067452727944,8.591857681233457e-06,0.0002083067452727944,14.93105845067513
2529,72,1.920698640143747,0,0,0,0,0,0,0,0,0,0.0002083067452727944,8.591857681233457e-06,0.0002083067452727944,-1
2530,10588,49.44476119595058,0,0,0,0,0,0,0,1,0,0.0002083067452727944,8.591857681233457e-06,0.0002083067452727944,49.27176019595056
2531,0,12.81642910728559,0,0,0,1,5,0,0,0,0,0.0002083067452727944,8.591857681233457e-06,0.0002083067452727944,-1
2532,7493,32.45361970695289,0,0,0,0,0,0,0,1,0,0.0002083067452727944,8.591857681233457e-06,0.0002083067452727944,32.45086870695287
2533,7691,35.49506153427347,0,0,0,0,0,0,0,1,0,0.0002083067452727944,8.591857681233457e-06,0.0002083067452727944,35.32206053427345
2534,12240,51.48186374986356,0,0,0,0,0,0,0,1,0,0.0002083067452727944,8.591857681233457e-06,0.0002083067452727944,51.47911274986365
2535,7576,33.53645293067304,0,0,0,0,0,0,0,1,0,0.0002083067452727944,8.591857681233457e-06,0.0002083067452727944,33.53370193067304
2536,6064,26.95919208839988,0,0,0,0,0,0,0,1,0,0.0002083067452727944,8.591857681233457e-06,0.0002083067452727944,26.95644108839984
2537,8079,36.02873543585842,0,0,0,0,0,0,0,1,0,0.0002083067452727944,8.591857681233457e-06,0.0002083067452727944,35.85573443585847
2538,11159,52.91088381438971,0,0,0,0,0,0,0,1,0,0.0002083067452727944,8.591857681233457e-06,0.0002083067452727944,52.73788281439067
2539,72,30.20578065359479,0,0,0,1,13,0,0,0,0,0.0002083067452727944,8.591857681233457e-06,0.0002083067452727944,-1
2540,5432,27.15708879525761,0,0,0,0,0,0,0,1,0,0.0002083067452727944,8.591857681233457e-06,0.0002083067452727944,27.15433779525758
2541,7281,35.3643687133749,0,0,0,0,0,0,0,1,0,0.0002083067452727944,8.591857681233457e-06,0.0002083067452727944,35.19136771337484
2542,4134,19.9228782530627,0,0,0,0,0,0,0,1,0,0.0002083067452727944,8.591857681233457e-06,0.0002083067452727944,19.92012725306271
2543,11752,52.68618108680654,0,0,0,0,0,0,0,1,0,0.0002083067452727944,8.591857681233457e-06,0.0002083067452727944,52.51318008680658
2544,3149,14.39458638259466,0,0,0,0,0,0,0,1,0,0.0002083067452727944,8.591857681233457e-06,0.0002083067452727944,14.22158538259466
2545,5649,25.19273017765321,0,0,0,0,0,0,0,1,0,0.0002083067452727944,8.591857681233457e-06,0.0002083067452727944,25.01972917765321
2546,7172,31.94787475895339,0,0,0,0,0,0,0,1,0,0.0002083067452727944,8.591857681233457e-06,0.0002083067452727944,31.77487375895342
2547,8925,42.09570842012573,0,0,0,0,0,0,0,1,0,0.0002083067452727944,8.591857681233457e-06,0.0002083067452727944,41.92270742011915
2548,10515,51.16434782646152,0,0,0,0,0,0,0,1,0,0.0002083067452727944,8.591857681233457e-06,0.0002083067452727944,51.16159682665125
2549,7903,35.77800446520716,0,0,0,0,0,0,0,1,0,0.0002083067452727944,8.591857681233457e-06,0.0002083067452727944,35.77525346520719
2550,1881,14.26784128121647,0,0,0,1,8,0,0,0,0,0.0002083067452727944,8.591857681233457e-06,0.0002083067452727944,-1
2551,10362,42.81269589567712,0,0,0,0,0,0,0,1,0,0.0002083067452727944,8.591857681233457e-06,0.0002083067452727944,42.80994489567712
2552,5670,23.60506857575139,0,0,0,0,0,0,0,1,0,0.0002083067452727944,8.591857681233457e-06,0.0002083067452727944,23.43206757575136
2553,3311,15.09185121138983,0,0,0,0,0,0,0,1,0,0.0002083067452727944,8.591857681233457e-06,0.0002083067452727944,14.91885021138982
2554,3909,18.12347613925407,0,0,0,0,0,0,0,1,0,0.0002083067452727944,8.591857681233457e-06,0.0002083067452727944,17.95047513924537
2555,10339,42.00983752311173,0,0,0,0,0,0,0,1,0,0.0002083067452727944,8.591857681233457e-06,0.0002083067452727944,41.83683652311172
2556,7063,32.78566463982389,0,0,0,0,0,0,0,1,0,0.0002083067452727944,8.591857681233457e-06,0.0002083067452727944,32.61266363982385
2557,8494,41.73573707046286,0,0,0,0,0,0,0,1,0,0.0002083067452727944,8.591857681233457e-06,0.0002083067452727944,41.73298607056198
2558,8096,39.26868979299407,0,0,0,0,0,0,0,1,0,0.0002083067452727944,8.591857681233457e-06,0.0002083067452727944,39.26593879299409
2559,8181,38.3226962179228,0,0,0,0,0,0,0,1,0,0.0002083067452727944,8.591857681233457e-06,0.0002083067452727944,38.14969521792287
2560,9930,49.06147231324161,0,0,0,0,0,0,0,1,0,0.0002083067452727944,8.591857681233457e-06,0.0002083067452727944,49.05872131324158
2561,10770,50.48607028169088,0,0,0,0,0,0,0,1,0,0.0002083067452727944,8.591857681233457e-06,0.0002083067452727944,50.31306928169078
2562,10332,46.21664672897739,0,0,0,0,0,0,0,1,0,0.0002083067452727944,8.591857681233457e-06,0.0002083067452727944,46.04364572897736
2563,6783,31.83109706326363,0,0,0,0,0,0,0,1,0,0.0002083067452727944,8.591857681233457e-06,0.0002083067452727944,31.82834606326362
2564,2983,15.83866876745954,0,0,0,0,0,0,0,1,0,0.0002083067452727944,8.591857681233457e-06,0.0002083067452727944,15.66566776745952
2565,4281,21.58230734676122,0,0,0,0,0,0,0,1,0,0.0002083067452727944,8.591857681233457e-06,0.0002083067452727944,21.40930634676125
2566,9410,40.62381848955329,0,0,0,0,0,0,0,1,0,0.0002083067452727944,8.591857681233457e-06,0.0002083067452727944,40.45081748955327
2567,6795,28.97912449322358,0,0,0,0,0,0,0,1,0,0.0002083067452727944,8.591857681233457e-06,0.0002083067452727944,28.80612349322359
2568,6852,29.96127115196682,0,0,0,0,0,0,0,1,0,0.0002083067452727944,8.591857681233457e-06,0.0002083067452727944,29.95852015196682
2569,10131,42.03506441473402,0,0,0,0,0,0,0,1,0,0.0002083067452727944,8.591857681233457e-06,0.0002083067452727944,41.86206341473399
2570,10522,46.70463856730393,0,0,0,0,0,0,0,1,0,0.0002083067452727944,8.591857681233457e-06,0.0002083067452727944,46.53163756730392
2571,12356,50.57365271662937,0,0,0,0,0,0,0,1,0,0.0002083067452727944,8.591857681233457e-06,0.0002083067452727944,50.57090171662934
2572,8951,41.10819536829373,0,0,0,0,0,0,0,1,0,0.0002083067452727944,8.591857681233457e-06,0.0002083067452727944,41.10544436829377
2573,9,1.787179941690985,0,0,0,1,8,0,0,0,0,0.0002083067452727944,8.591857681233457e-06,0.0002083067452727944,-1
2574,7349,33.21927705275905,0,0,0,0,0,0,0,1,0,0.0002083067452727944,8.591857681233457e-06,0.0002083067452727944,33.21652605275902
2575,11815,50.089339412795,0,0,0,0,0,0,0,1,0,0.0002083067452727944,8.591857681233457e-06,0.0002083067452727944,50.086588412795
2576,6595,32.34091582034942,0,0,0,0,0,0,0,1,0,0.0002083067452727944,8.591857681233457e-06,0.0002083067452727944,32.33816482034942
2577,4977,22.73887857975596,0,0,0,0,0,0,0,1,0,0.0002083067452727944,8.591857681233457e-06,0.0002083067452727944,22.73612757975596
2578,8751,39.61198202868883,0,0,0,0,0,0,0,1,0,0.0002083067452727944,8.591857681233457e-06,0.0002083067452727944,39.43898102868863
2579,10895,46.42644168914274,0,0,0,0,0,0,0,1,0,0.0002083067452727944,8.591857681233457e-06,0.0002083067452727944,46.25344068914278
2580,6109,25.77305957859204,0,0,0,0,0,0,0,1,0,0.0002083067452727944,8.591857681233457e-06,0.0002083067452727944,25.60005857859203
2581,7743,31.95260404220218,0,0,0,0,0,0,0,1,0,0.0002083067452727944,8.591857681233457e-06,0.0002083067452727944,31.7796030422022
2582,4909,22.30115212398058,0,0,0,0,0,0,0,1,0,0.0002083067452727944,8.591857681233457e-06,0.0002083067452727944,22.12815112398058
2583,11925,52.2460193979102,0,0,0,0,0,0,0,1,0,0.0002083067452727944,8.591857681233457e-06,0.0002083067452727944,52.0730183979102
2584,11588,47.0153952396646,0,0,0,0,0,0,0,1,0,0.0002083067452727944,8.591857681233457e-06,0.0002083067452727944,47.01264423966462
2585,8680,37.86115469900813,0,0,0,0,0,0,0,1,0,0.0002083067452727944,8.591857681233457e-06,0.0002083067452727944,37.68815369900815
2586,8792,39.67603324302554,0,0,0,0,0,0,0,1,0,0.0002083067452727944,8.591857681233457e-06,0.0002083067452727944,39.67328224302547
2587,5316,23.64496646843428,0,0,0,0,0,0,0,1,0,0.0002083067452727944,8.591857681233457e-06,0.0002083067452727944,23.64221546843426
2588,9482,45.82576761282791,0,0,0,0,0,0,0,1,0,0.0002083067452727944,8.591857681233457e-06,0.0002083067452727944,45.8230166128662
2589,9415,43.74530922673082,0,0,0,0,0,0,0,1,0,0.0002083067452727944,8.591857681233457e-06,0.0002083067452727944,43.74255822673086
2590,5991,28.45299598481197,0,0,0,0,0,0,0,1,0,0.0002083067452727944,8.591857681233457e-06,0.0002083067452727944,28.27999498481195
2591,10286,46.64078966793284,0,0,0,0,0,0,0,1,0,0.0002083067452727944,8.591857681233457e-06,0.0002083067452727944,46.46778866793273
2592,10718,47.68466503043374,0,0,0,0,0,0,0,1,0,0.0002083067452727944,8.591857681233457e-06,0.0002083067452727944,47.51166403043378
2593,6921,30.77244105917535,0,0,0,0,0,0,0,1,0,0.0002083067452727944,8.591857681233457e-06,0.0002083067452727944,30.59944005917536
2594,9842,43.75607008052784,0,0,0,0,0,0,0,1,0,0.0002083067452727944,8.591857681233457e-06,0.0002083067452727944,43.58306908052788
2595,8856,41.26871522123815,0,0,0,0,0,0,0,1,0,0.0002083067452727944,8.591857681233457e-06,0.0002083067452727944,41.09571422123814
2596,2284,13.1801985681841,0,0,0,0,0,0,0,1,0,0.0002083067452727944,8.591857681233457e-06,0.0002083067452727944,13.17744756818409
2597,144,20.50229805426123,0,0,0,1,9,0,0,0,0,0.0002083067452727944,8.591857681233457e-06,0.0002083067452727944,-1
2598,7865,39.12317141223894,0,0,0,0,0,0,0,1,0,0.0002083067452727944,8.591857681233457e-06,0.0002083067452727944,39.12042041226248
2599,35,2.069781210634687,0,0,0,0,0,0,0,0,0,0.0002083067452727944,8.591857681233457e-06,0.0002083067452727944,-1
2600,82,2.716565178325185,0,0,0,0,0,0,0,0,0,0.0002083067452727944,8.591857681233457e-06,0.0002083067452727944,-1
2601,7412,36.98862155976909,0,0,0,0,0,0,0,1,0,0.0002083067452727944,8.591857681233457e-06,0.0002083067452727944,36.9858705597843
2602,3060,14.47677926868479,0,0,0,0,0,0,0,1,0,0.0002083067452727944,8.591857681233457e-06,0.0002083067452727944,14.47402826868478
2603,8887,41.42045332166937,0,0,0,0,0,0,0,1,0,0.0002083067452727944,8.591857681233457e-06,0.0002083067452727944,41.24745232166938
2604,8489,37.59360653283018,0,0,0,0,0,0,0,1,0,0.0002083067452727944,8.591857681233457e-06,0.0002083067452727944,37.59085553283014
2605,8443,36.99468733823756,0,0,0,0,0,0,0,1,0,0.0002083067452727944,8.591857681233457e-06,0.0002083067452727944,36.8216863382376
2606,5680,26.84227868021344,0,0,0,0,0,0,0,1,0,0.0002083067452727944,8.591857681233457e-06,0.0002083067452727944,26.83952768021342
2607,9312,40.48033846651565,0,0,0,0,0,0,0,1,0,0.0002083067452727944,8.591857681233457e-06,0.0002083067452727944,40.30733746651573
2608,11129,47.49380475227624,0,0,0,0,0,0,0,1,0,0.0002083067452727944,8.591857681233457e-06,0.0002083067452727944,47.32080375227616
2609,9026,39.62616485472697,0,0,0,0,0,0,0,1,0,0.0002083067452727944,8.591857681233457e-06,0.0002083067452727944,39.45316385472695
2610,8206,37.07052697321945,0,0,0,0,0,0,0,1,0,0.0002083067452727944,8.591857681233457e-06,0.0002083067452727944,36.89752597321948
2611,0,1.561092467729181,0,0,0,0,0,0,0,0,0,0.0002083067452727944,8.591857681233457e-06,0.0002083067452727944,-1
2612,4676,22.18116159364888,0,0,0,0,0,0,0,1,0,0.0002083067452727944,8.591857681233457e-06,0.0002083067452727944,22.00816059364888
2613,10549,50.17919419534689,0,0,0,0,0,0,0,1,0,0.0002083067452727944,8.591857681233457e-06,0.0002083067452727944,50.00619319533979
2614,7632,35.77137370511002,0,0,0,0,0,0,0,1,0,0.0002083067452727944,8.591857681233457e-06,0.0002083067452727944,35.76862270510998
2615,6183,26.66081810218498,0,0,0,0,0,0,0,1,0,0.0002083067452727944,8.591857681233457e-06,0.0002083067452727944,26.48781710218497
2616,11414,49.16788699650188,0,0,0,0,0,0,0,1,0,0.0002083067452727944,8.591857681233457e-06,0.0002083067452727944,48.99488599650186
2617,9388,43.69362445746297,0,0,0,0,0,0,0,1,0,0.0002083067452727944,8.591857681233457e-06,0.0002083067452727944,43.52062345746059
2618,8992,38.26757286482252,0,0,0,0,0,0,0,1,0,0.0002083067452727944,8.591857681233457e-06,0.0002083067452727944,38.09457186482248
2619,3630,15.68002153944077,0,0,0,0,0,0,0,1,0,0.0002083067452727944,8.591857681233457e-06,0.0002083067452727944,15.67727053944077
2620,8687,38.88804976094886,0,0,0,0,0,0,0,1,0,0.0002083067452727944,8.591857681233457e-06,0.0002083067452727944,38.71504876094885
2621,6054,26.73501959272117,0,0,0,0,0,0,0,1,0,0.0002083067452727944,8.591857681233457e-06,0.0002083067452727944,26.56201859272117
2622,7839,33.45864870171004,0,0,0,0,0,0,0,1,0,0.0002083067452727944,8.591857681233457e-06,0.0002083067452727944,33.28564770171009
2623,3445,13.8502094698713,0,0,0,0,0,0,0,1,0,0.0002083067452727944,8.591857681233457e-06,0.0002083067452727944,13.8474584698713
2624,5651,25.68555619378969,0,0,0,0,0,0,0,1,0,0.0002083067452727944,8.591857681233457e-06,0.0002083067452727944,25.51255519378971
2625,6857,31.23568249064914,0,0,0,0,0,0,0,1,0,0.0002083067452727944,8.591857681233457e-06,0.0002083067452727944,31.23293149064917
2626,6058,26.88290307586708,0,0,0,0,0,0,0,1,0,0.0002083067452727944,8.591857681233457e-06,0.0002083067452727944,26.70990207586709
2627,7332,31.24531326183752,0,0,0,0,0,0,0,1,0,0.0002083067452727944,8.591857681233457e-06,0.0002083067452727944,31.07231226183752
2628,11105,49.52712500982001,0,0,0,0,0,0,0,1,0,0.0002083067452727944,8.591857681233457e-06,0.0002083067452727944,49.35412400981989
2629,8024,37.73820083803149,0,0,0,0,0,0,0,1,0,0.0002083067452727944,8.591857681233457e-06,0.0002083067452727944,37.7354498380315
2630,4751,23.68465942371111,0,0,0,0,0,0,0,1,0,0.0002083067452727944,8.591857681233457e-06,0.0002083067452727944,23.51165842371111
2631,9706,42.39935130497855,0,0,0,0,0,0,0,1,0,0.0002083067452727944,8.591857681233457e-06,0.0002083067452727944,42.22635030497847
2632,9724,44.56421564277687,0,0,0,0,0,0,0,1,0,0.0002083067452727944,8.591857681233457e-06,0.0002083067452727944,44.39121464277694
2633,10602,52.02642901651996,0,0,0,0,0,0,0,1,0,0.0002083067452727944,8.591857681233457e-06,0.0002083067452727944,51.85342801651981
2634,8657,40.39795301250464,0,0,0,0,0,0,0,1,0,0.0002083067452727944,8.591857681233457e-06,0.0002083067452727944,40.39520201248979
2635,11194,52.77957700360857,0,0,0,0,0,0,0,1,0,0.0002083067452727944,8.591857681233457e-06,0.0002083067452727944,52.60657600360845
2636,564,3.096373463103684,0,0,0,0,0,0,0,1,0,0.0002083067452727944,8.591857681233457e-06,0.0002083067452727944,2.923372463103683
2637,8236,37.97699906772946,0,0,0,0,0,0,0,1,0,0.0002083067452727944,8.591857681233457e-06,0.0002083067452727944,37.97424806772941
2638,11143,47.25749826096604,0,0,0,0,0,0,0,1,0,0.0002083067452727944,8.591857681233457e-06,0.0002083067452727944,47.08449726096596
2639,663,17.19174977927966,0,0,0,2,19,0,0,0,0,0.0002083067452727944,8.591857681233457e-06,0.0002083067452727944,-1
2640,10660,49.25029866138765,0,0,0,0,0,0,0,1,0,0.0002083067452727944,8.591857681233457e-06,0.0002083067452727944,49.07729766138752
2641,10068,42.0649798521411,0,0,0,0,0,0,0,1,0,0.0002083067452727944,8.591857681233457e-06,0.0002083067452727944,42.06222885214111
2642,10352,52.24061129649942,0,0,0,0,0,0,0,1,0,0.0002083067452727944,8.591857681233457e-06,0.0002083067452727944,52.23786029649938
2643,539,42.41580462181594,0,0,0,3,31,0,0,0,0,0.0002083067452727944,8.591857681233457e-06,0.0002083067452727944,-1
2644,6494,31.62847069142757,0,0,0,0,0,0,0,1,0,0.0002083067452727944,8.591857681233457e-06,0.0002083067452727944,31.45546969142759
2645,6298,28.23713019960156,0,0,0,0,0,0,0,1,0,0.0002083067452727944,8.591857681233457e-06,0.0002083067452727944,28.23437919960158
2646,7563,34.34941919590923,0,0,0,0,0,0,0,1,0,0.0002083067452727944,8.591857681233457e-06,0.0002083067452727944,34.17641819590921
2647,2681,14.18408719057237,0,0,0,0,0,0,0,1,0,0.0002083067452727944,8.591857681233457e-06,0.0002083067452727944,14.18133619057239
2648,11213,48.82071119183087,0,0,0,0,0,0,0,1,0,0.0002083067452727944,8.591857681233457e-06,0.0002083067452727944,48.81796019183087
2649,10924,51.0373857443906,0,0,0,0,0,0,0,1,0,0.0002083067452727944,8.591857681233457e-06,0.0002083067452727944,50.86438474439053
2650,595,33.5915944362478,0,0,0,2,15,0,0,0,0,0.0002083067452727944,8.591857681233457e-06,0.0002083067452727944,-1
2651,9666,46.30751553407912,0,0,0,0,0,0,0,1,0,0.0002083067452727944,8.591857681233457e-06,0.0002083067452727944,46.13451453407901
2652,7005,30.50982398152863,0,0,0,0,0,0,0,1,0,0.0002083067452727944,8.591857681233457e-06,0.0002083067452727944,30.33682298152861
2653,12239,49.50099132528552,0,0,0,0,0,0,0,1,0,0.0002083067452727944,8.591857681233457e-06,0.0002083067452727944,49.3279903252855
2654,2233,10.33833537609083,0,0,0,0,0,0,0,1,0,0.0002083067452727944,8.591857681233457e-06,0.0002083067452727944,10.16533437609083
2655,3504,15.41543654700404,0,0,0,0,0,0,0,1,0,0.0002083067452727944,8.591857681233457e-06,0.0002083067452727944,15.41268554700403
2656,34,15.82582414079044,0,0,0,2,8,0,0,0,0,0.0002083067452727944,8.591857681233457e-06,0.0002083067452727944,-1
2657,9117,37.57268090661918,0,0,0,0,0,0,0,1,0,0.0002083067452727944,8.591857681233457e-06,0.0002083067452727944,37.39967990661913
2658,6073,23.67871390464568,0,0,0,0,0,0,0,1,0,0.0002083067452727944,8.591857681233457e-06,0.0002083067452727944,23.67596290464568
2659,5748,25.55596239459008,0,0,0,0,0,0,0,1,0,0.0002083067452727944,8.591857681233457e-06,0.0002083067452727944,25.38296139459009
2660,11193,49.35244605617714,0,0,0,0,0,0,0,1,0,0.0002083067452727944,8.591857681233457e-06,0.0002083067452727944,49.17944505617706
2661,10605,46.28858677096497,0,0,0,0,0,0,0,1,0,0.0002083067452727944,8.591857681233457e-06,0.0002083067452727944,46.28583577096494
2662,9812,43.78563691981147,0,0,0,0,0,0,0,1,0,0.0002083067452727944,8.591857681233457e-06,0.0002083067452727944,43.78288591981145
2663,9688,42.87095812445175,0,0,0,0,0,0,0,1,0,0.0002083067452727944,8.591857681233457e-06,0.0002083067452727944,42.86820712445174
2664,8332,36.45725235566762,0,0,0,0,0,0,0,1,0,0.0002083067452727944,8.591857681233457e-06,0.0002083067452727944,36.45450135566764
2665,2938,14.81058223980766,0,0,0,0,0,0,0,1,0,0.0002083067452727944,8.591857681233457e-06,0.0002083067452727944,14.63758123980765
2666,9790,44.36220216096324,0,0,0,0,0,0,0,1,0,0.0002083067452727944,8.591857681233457e-06,0.0002083067452727944,44.18920116083093
2667,9128,40.99185192523019,0,0,0,0,0,0,0,1,0,0.0002083067452727944,8.591857681233457e-06,0.0002083067452727944,40.81885092523012
2668,10807,48.29510762981182,0,0,0,0,0,0,0,1,0,0.0002083067452727944,8.591857681233457e-06,0.0002083067452727944,48.12210662981177
2669,965,36.37060791133796,0,0,0,3,23,0,0,0,0,0.0002083067452727944,8.591857681233457e-06,0.0002083067452727944,-1
2670,9653,42.29355210905675,0,0,0,0,0,0,0,1,0,0.0002083067452727944,8.591857681233457e-06,0.0002083067452727944,42.12055110905679
2671,11666,47.87732344663305,0,0,0,0,0,0,0,1,0,0.0002083067452727944,8.591857681233457e-06,0.0002083067452727944,47.70432244652426
2672,3776,17.85086763508596,0,0,0,0,0,0,0,1,0,0.0002083067452727944,8.591857681233457e-06,0.0002083067452727944,17.67786663508597
2673,5826,26.94974318557437,0,0,0,0,0,0,0,1,0,0.0002083067452727944,8.591857681233457e-06,0.0002083067452727944,26.77674218557437
2674,243,50.22070023327871,0,0,0,2,20,0,0,0,0,0.0002083067452727944,8.591857681233457e-06,0.0002083067452727944,-1
2675,8025,40.0851414072679,0,0,0,0,0,0,0,1,0,0.0002083067452727944,8.591857681233457e-06,0.0002083067452727944,39.91214040726788
2676,4574,21.88468496255263,0,0,0,0,0,0,0,1,0,0.0002083067452727944,8.591857681233457e-06,0.0002083067452727944,21.71168396255334
2677,10778,50.41199721066754,0,0,0,0,0,0,0,1,0,0.0002083067452727944,8.591857681233457e-06,0.0002083067452727944,50.40924621074929
2678,9759,44.57384148359679,0,0,0,0,0,0,0,1,0,0.0002083067452727944,8.591857681233457e-06,0.0002083067452727944,44.57109048359665
2679,10007,46.35459585451836,0,0,0,0,0,0,0,1,0,0.0002083067452727944,8.591857681233457e-06,0.0002083067452727944,46.18159485451828
2680,3070,12.29780295418952,0,0,0,0,0,0,0,1,0,0.0002083067452727944,8.591857681233457e-06,0.0002083067452727944,12.12480195418953
2681,12211,53.51179087020959,0,0,0,0,0,0,0,1,0,0.0002083067452727944,8.591857681233457e-06,0.0002083067452727944,53.33878987020943
2682,9105,44.06040732596401,0,0,0,0,0,0,0,1,0,0.0002083067452727944,8.591857681233457e-06,0.0002083067452727944,43.88740632596399
2683,6929,30.13756496581041,0,0,0,0,0,0,0,1,0,0.0002083067452727944,8.591857681233457e-06,0.0002083067452727944,30.13481396581041
2684,7584,35.38420891778953,0,0,0,0,0,0,0,1,0,0.0002083067452727944,8.591857681233457e-06,0.0002083067452727944,35.21120791778957
2685,8673,37.08741116570853,0,0,0,0,0,0,0,1,0,0.0002083067452727944,8.591857681233457e-06,0.0002083067452727944,36.91441016570852
2686,7815,36.7425905323831,0,0,0,0,0,0,0,1,0,0.0002083067452727944,8.591857681233457e-06,0.0002083067452727944,36.56958953238307
2687,6318,28.24433722398784,0,0,0,0,0,0,0,1,0,0.0002083067452727944,8.591857681233457e-06,0.0002083067452727944,28.07133622398786
2688,349,30.07157651085915,0,0,0,1,5,0,0,0,0,0.0002083067452727944,8.591857681233457e-06,0.0002083067452727944,-1
2689,9421,43.76058330260213,0,0,0,0,0,0,0,1,0,0.0002083067452727944,8.591857681233457e-06,0.0002083067452727944,43.75783230270369
2690,4115,19.78514778180287,0,0,0,0,0,0,0,1,0,0.0002083067452727944,8.591857681233457e-06,0.0002083067452727944,19.61214678180288
2691,8553,41.55040356992319,0,0,0,0,0,0,0,1,0,0.0002083067452727944,8.591857681233457e-06,0.0002083067452727944,41.37740256992319
2692,11566,49.03355032465846,0,0,0,0,0,0,0,1,0,0.0002083067452727944,8.591857681233457e-06,0.0002083067452727944,48.86054932465846
2693,8888,41.83221384340811,0,0,0,0,0,0,0,1,0,0.0002083067452727944,8.591857681233457e-06,0.0002083067452727944,41.82946284336477
2694,223,11.0678480436198,0,0,0,2,19,0,0,0,0,0.0002083067452727944,8.591857681233457e-06,0.0002083067452727944,-1
2695,5343,26.40597759369409,0,0,0,0,0,0,0,1,0,0.0002083067452727944,8.591857681233457e-06,0.0002083067452727944,26.23297659369408
2696,897,42.57399568871159,0,0,0,4,28,0,0,0,0,0.0002083067452727944,8.591857681233457e-06,0.0002083067452727944,-1
2697,8493,36.28220119950225,0,0,0,0,0,0,0,1,0,0.0002083067452727944,8.591857681233457e-06,0.0002083067452727944,36.27945019950221
2698,9547,41.78589864654398,0,0,0,0,0,0,0,1,0,0.0002083067452727944,8.591857681233457e-06,0.0002083067452727944,41.61289764648334
2699,10405,49.66452004782554,0,0,0,0,0,0,0,1,0,0.0002083067452727944,8.591857681233457e-06,0.0002083067452727944,49.4915190478255
2700,588,37.42247082916209,0,0,0,2,8,0,0,0,0,0.0002083067452727944,8.591857681233457e-06,0.0002083067452727944,-1
2701,11375,48.72864056338704,0,0,0,0,0,0,0,1,0,0.0002083067452727944,8.591857681233457e-06,0.0002083067452727944,48.55563956338701
2702,1667,39.93350635009616,0,0,0,3,13,0,0,0,0,0.0002083067452727944,8.591857681233457e-06,0.0002083067452727944,-1
2703,9447,45.64581337299147,0,0,0,0,0,0,0,1,0,0.0002083067452727944,8.591857681233457e-06,0.0002083067452727944,45.64306237299152
2704,69,17.32946341999729,0,0,0,2,12,0,0,0,0,0.0002083067452727944,8.591857681233457e-06,0.0002083067452727944,-1
2705,9142,42.25833406466835,0,0,0,0,0,0,0,1,0,0.0002083067452727944,8.591857681233457e-06,0.0002083067452727944,42.08533306456892
2706,283,10.12675119246775,0,0,0,2,10,0,0,0,0,0.0002083067452727944,8.591857681233457e-06,0.0002083067452727944,-1
2707,10379,43.86193431109875,0,0,0,0,0,0,0,1,0,0.0002083067452727944,8.591857681233457e-06,0.0002083067452727944,43.68893331109874
2708,9386,45.71278526037769,0,0,0,0,0,0,0,1,0,0.0002083067452727944,8.591857681233457e-06,0.0002083067452727944,45.7100342603776
2709,10424,47.06713714748399,0,0,0,0,0,0,0,1,0,0.0002083067452727944,8.591857681233457e-06,0.0002083067452727944,46.89413614752455
2710,9750,44.97312786165563,0,0,0,0,0,0,0,1,0,0.0002083067452727944,8.591857681233457e-06,0.0002083067452727944,44.8001268616557
2711,8410,36.73229085705184,0,0,0,0,0,0,0,1,0,0.0002083067452727944,8.591857681233457e-06,0.0002083067452727944,36.55928985705174
2712,4788,20.68619827615418,0,0,0,0,0,0,0,1,0,0.0002083067452727944,8.591857681233457e-06,0.0002083067452727944,20.51319727615416
2713,7636,36.54397786004597,0,0,0,0,0,0,0,1,0,0.0002083067452727944,8.591857681233457e-06,0.0002083067452727944,36.54122686004595
2714,9826,44.34219553940744,0,0,0,0,0,0,0,1,0,0.0002083067452727944,8.591857681233457e-06,0.0002083067452727944,44.16919453940731
2715,10758,45.81870063326401,0,0,0,0,0,0,0,1,0,0.0002083067452727944,8.591857681233457e-06,0.0002083067452727944,45.64569963326392
2716,5287,23.44556245726839,0,0,0,0,0,0,0,1,0,0.0002083067452727944,8.591857681233457e-06,0.0002083067452727944,23.27256145726841
2717,10972,47.27106772285347,0,0,0,0,0,0,0,1,0,0.0002083067452727944,8.591857681233457e-06,0.0002083067452727944,47.26831672285348
2718,8362,39.94144867090022,0,0,0,0,0,0,0,1,0,0.0002083067452727944,8.591857681233457e-06,0.0002083067452727944,39.76844767090024
2719,6216,25.53649148460228,0,0,0,0,0,0,0,1,0,0.0002083067452727944,8.591857681233457e-06,0.0002083067452727944,25.53374048460225
2720,11196,48.735573687539,0,0,0,0,0,0,0,1,0,0.0002083067452727944,8.591857681233457e-06,0.0002083067452727944,48.56257268744226
2721,9593,41.99347919085881,0,0,0,0,0,0,0,1,0,0.0002083067452727944,8.591857681233457e-06,0.0002083067452727944,41.99072819085875
2722,10422,45.31829544143334,0,0,0,0,0,0,0,1,0,0.0002083067452727944,8.591857681233457e-06,0.0002083067452727944,45.14529444143324
2723,10156,47.27108686603078,0,0,0,0,0,0,0,1,0,0.0002083067452727944,8.591857681233457e-06,0.0002083067452727944,47.26833586600536
2724,9645,45.92200296493398,0,0,0,0,0,0,0,1,0,0.0002083067452727944,8.591857681233457e-06,0.0002083067452727944,45.74900196493397
2725,7239,36.87473494104623,0,0,0,0,0,0,0,1,0,0.0002083067452727944,8.591857681233457e-06,0.0002083067452727944,36.87198394104617
2726,5437,24.6767501534878,0,0,0,0,0,0,0,1,0,0.0002083067452727944,8.591857681233457e-06,0.0002083067452727944,24.50374915348779
2727,12478,52.92637620565425,0,0,0,0,0,0,0,1,0,0.0002083067452727944,8.591857681233457e-06,0.0002083067452727944,52.75337520565412
2728,4037,18.44078155060933,0,0,0,0,0,0,0,1,0,0.0002083067452727944,8.591857681233457e-06,0.0002083067452727944,18.43803055060933
2729,8760,37.74968246478766,0,0,0,0,0,0,0,1,0,0.0002083067452727944,8.591857681233457e-06,0.0002083067452727944,37.74693146478766
2730,9281,45.75573593887871,0,0,0,0,0,0,0,1,0,0.0002083067452727944,8.591857681233457e-06,0.0002083067452727944,45.58273493887869
2731,9569,48.69635627751502,0,0,0,0,0,0,0,1,0,0.0002083067452727944,8.591857681233457e-06,0.0002083067452727944,48.52335527756023
2732,6698,29.92580214177212,0,0,0,0,0,0,0,1,0,0.0002083067452727944,8.591857681233457e-06,0.0002083067452727944,29.75280114177211
2733,5916,29.80652339183711,0,0,0,0,0,0,0,1,0,0.0002083067452727944,8.591857681233457e-06,0.0002083067452727944,29.63352239183706
2734,8005,39.90243772969602,0,0,0,0,0,0,0,1,0,0.0002083067452727944,8.591857681233457e-06,0.0002083067452727944,39.729436729696
2735,11755,49.49200650477784,0,0,0,0,0,0,0,1,0,0.0002083067452727944,8.591857681233457e-06,0.0002083067452727944,49.31900550477786
2736,4451,21.87300520304044,0,0,0,0,0,0,0,1,0,0.0002083067452727944,8.591857681233457e-06,0.0002083067452727944,21.70000420304045
2737,5603,27.77457278337986,0,0,0,0,0,0,0,1,0,0.0002083067452727944,8.591857681233457e-06,0.0002083067452727944,27.77182178337982
2738,12057,54.19139255733046,0,0,0,0,0,0,0,1,0,0.0002083067452727944,8.591857681233457e-06,0.0002083067452727944,54.01839155733042
2739,1926,9.196418116353204,0,0,0,0,0,0,0,1,0,0.0002083067452727944,8.591857681233457e-06,0.0002083067452727944,9.023417116353201
2740,793,11.7986004619807,0,0,0,1,13,0,0,0,0,0.0002083067452727944,8.591857681233457e-06,0.0002083067452727944,-1
2741,6136,28.21336026052033,0,0,0,0,0,0,0,1,0,0.0002083067452727944,8.591857681233457e-06,0.0002083067452727944,28.04035926052031
2742,1370,27.03652332768706,0,0,0,3,26,0,0,0,0,0.0002083067452727944,8.591857681233457e-06,0.0002083067452727944,-1
2743,11612,50.68913683379252,0,0,0,0,0,0,0,1,0,0.0002083067452727944,8.591857681233457e-06,0.0002083067452727944,50.51613583379245
2744,9760,41.16921138860667,0,0,0,0,0,0,0,1,0,0.0002083067452727944,8.591857681233457e-06,0.0002083067452727944,41.16646038860665
2745,10091,48.63526617215556,0,0,0,0,0,0,0,1,0,0.0002083067452727944,8.591857681233457e-06,0.0002083067452727944,48.46226517215557
2746,6150,30.6009662394092,0,0,0,0,0,0,0,1,0,0.0002083067452727944,8.591857681233457e-06,0.0002083067452727944,30.42796523940918
2747,8568,35.51122053583303,0,0,0,0,0,0,0,1,0,0.0002083067452727944,8.591857681233457e-06,0.0002083067452727944,35.50846953583306
2748,5714,26.3838509005736,0,0,0,0,0,0,0,1,0,0.0002083067452727944,8.591857681233457e-06,0.0002083067452727944,26.2108499005736
2749,6286,30.97928289360651,0,0,0,0,0,0,0,1,0,0.0002083067452727944,8.591857681233457e-06,0.0002083067452727944,30.8062818936065
2750,6395,30.1118340676603,0,0,0,0,0,0,0,1,0,0.0002083067452727944,8.591857681233457e-06,0.0002083067452727944,29.93883306766029
2751,5426,24.47048381507375,0,0,0,0,0,0,0,1,0,0.0002083067452727944,8.591857681233457e-06,0.0002083067452727944,24.29748281507375
2752,7614,33.76024820934911,0,0,0,0,0,0,0,1,0,0.0002083067452727944,8.591857681233457e-06,0.0002083067452727944,33.75749720934911
2753,8772,38.58805414303411,0,0,0,0,0,0,0,1,0,0.0002083067452727944,8.591857681233457e-06,0.0002083067452727944,38.41505314303414
2754,12207,49.27826718972426,0,0,0,0,0,0,0,1,0,0.0002083067452727944,8.591857681233457e-06,0.0002083067452727944,49.27551618972429
2755,10526,44.34240744968159,0,0,0,0,0,0,0,1,0,0.0002083067452727944,8.591857681233457e-06,0.0002083067452727944,44.3396564496816
2756,5461,25.6015601184026,0,0,0,0,0,0,0,1,0,0.0002083067452727944,8.591857681233457e-06,0.0002083067452727944,25.4285591184026
2757,5821,27.86753473150057,0,0,0,0,0,0,0,1,0,0.0002083067452727944,8.591857681233457e-06,0.0002083067452727944,27.69453373150055
2758,6708,30.9012537756346,0,0,0,0,0,0,0,1,0,0.0002083067452727944,8.591857681233457e-06,0.0002083067452727944,30.72825277563458
2759,6423,29.54024881155498,0,0,0,0,0,0,0,1,0,0.0002083067452727944,8.591857681233457e-06,0.0002083067452727944,29.53749781155497
2760,9223,42.14928272042564,0,0,0,0,0,0,0,1,0,0.0002083067452727944,8.591857681233457e-06,0.0002083067452727944,41.9762817204256
2761,11068,48.81029190239887,0,0,0,0,0,0,0,1,0,0.0002083067452727944,8.591857681233457e-06,0.0002083067452727944,48.63729090239881
2762,331,14.78302911603965,0,0,0,1,9,0,0,0,0,0.0002083067452727944,8.591857681233457e-06,0.0002083067452727944,-1
2763,11136,50.29473073527317,0,0,0,0,0,0,0,1,0,0.0002083067452727944,8.591857681233457e-06,0.0002083067452727944,50.29197973527308
2764,3551,17.68677644127158,0,0,0,0,0,0,0,1,0,0.0002083067452727944,8.591857681233457e-06,0.0002083067452727944,17.51377544124736
2765,4954,21.02803686108237,0,0,0,0,0,0,0,1,0,0.0002083067452727944,8.591857681233457e-06,0.0002083067452727944,20.85503586108238
2766,8689,39.6716469928011,0,0,0,0,0,0,0,1,0,0.0002083067452727944,8.591857681233457e-06,0.0002083067452727944,39.6688959928011
2767,5816,27.42332596233876,0,0,0,0,0,0,0,1,0,0.0002083067452727944,8.591857681233457e-06,0.0002083067452727944,27.42057496233874
2768,10963,47.69047662469958,0,0,0,0,0,0,0,1,0,0.0002083067452727944,8.591857681233457e-06,0.0002083067452727944,47.51747562469959
2769,6840,31.94628078586649,0,0,0,0,0,0,0,1,0,0.0002083067452727944,8.591857681233457e-06,0.0002083067452727944,31.7732797858665
2770,8379,39.25821906513744,0,0,0,0,0,0,0,1,0,0.0002083067452727944,8.591857681233457e-06,0.0002083067452727944,39.25546806513741
2771,5281,22.16282104484495,0,0,0,0,0,0,0,1,0,0.0002083067452727944,8.591857681233457e-06,0.0002083067452727944,21.98982004484497
2772,6452,29.74988838969395,0,0,0,0,0,0,0,1,0,0.0002083067452727944,8.591857681233457e-06,0.0002083067452727944,29.57688738969398
2773,10552,47.02225510847352,0,0,0,0,0,0,0,1,0,0.0002083067452727944,8.591857681233457e-06,0.0002083067452727944,47.01950410847348
2774,0,7.594548228927097,0,0,0,2,18,0,0,0,0,0.0002083067452727944,8.591857681233457e-06,0.0002083067452727944,-1
2775,4160,18.84162054483316,0,0,0,0,0,0,0,1,0,0.0002083067452727944,8.591857681233457e-06,0.0002083067452727944,18.83886954483317
2776,7093,35.71513983518684,0,0,0,0,0,0,0,1,0,0.0002083067452727944,8.591857681233457e-06,0.0002083067452727944,35.54213883518688
2777,7185,32.77419300133575,0,0,0,0,0,0,0,1,0,0.0002083067452727944,8.591857681233457e-06,0.0002083067452727944,32.6011920013357
2778,5171,23.50444381922895,0,0,0,0,0,0,0,1,0,0.0002083067452727944,8.591857681233457e-06,0.0002083067452727944,23.33144281922895
2779,1810,47.7979136353653,0,0,0,2,18,0,0,0,0,0.0002083067452727944,8.591857681233457e-06,0.0002083067452727944,-1
2780,257,6.291904931907127,0,0,0,1,6,0,0,0,0,0.0002083067452727944,8.591857681233457e-06,0.0002083067452727944,-1
2781,11135,51.12180943176555,0,0,0,0,0,0,0,1,0,0.0002083067452727944,8.591857681233457e-06,0.0002083067452727944,50.94880843176503
2782,8340,37.39114738717662,0,0,0,0,0,0,0,1,0,0.0002083067452727944,8.591857681233457e-06,0.0002083067452727944,37.21814638717666
2783,10586,50.81933653256456,0,0,0,0,0,0,0,1,0,0.0002083067452727944,8.591857681233457e-06,0.0002083067452727944,50.81658553294569
2784,6787,30.73511179913942,0,0,0,0,0,0,0,1,0,0.0002083067452727944,8.591857681233457e-06,0.0002083067452727944,30.56211079913946
2785,2526,11.17890094622266,0,0,0,0,0,0,0,1,0,0.0002083067452727944,8.591857681233457e-06,0.0002083067452727944,11.00589994622264
2786,11059,51.82328198994999,0,0,0,0,0,0,0,1,0,0.0002083067452727944,8.591857681233457e-06,0.0002083067452727944,51.82053098995004
2787,10551,47.90392925074443,0,0,0,0,0,0,0,1,0,0.0002083067452727944,8.591857681233457e-06,0.0002083067452727944,47.7309282507445
2788,87,3.040200166010725,0,0,0,0,0,0,0,0,0,0.0002083067452727944,8.591857681233457e-06,0.0002083067452727944,-1
2789,114,4.036626466796839,0,0,0,1,6,0,0,0,0,0.0002083067452727944,8.591857681233457e-06,0.0002083067452727944,-1
2790,7131,31.74940231600909,0,0,0,0,0,0,0,1,0,0.0002083067452727944,8.591857681233457e-06,0.0002083067452727944,31.57640131600908
2791,5130,25.59693523807497,0,0,0,0,0,0,0,1,0,0.0002083067452727944,8.591857681233457e-06,0.0002083067452727944,25.42393423807499
2792,8829,44.95364715951646,0,0,0,0,0,0,0,1,0,0.0002083067452727944,8.591857681233457e-06,0.0002083067452727944,44.95089615951642
2793,81,20.48935989833426,0,0,0,3,31,0,0,0,0,0.0002083067452727944,8.591857681233457e-06,0.0002083067452727944,-1
2794,7377,33.12696950964487,0,0,0,0,0,0,0,1,0,0.0002083067452727944,8.591857681233457e-06,0.0002083067452727944,33.1242185096449
2795,6748,30.59994316810859,0,0,0,0,0,0,0,1,0,0.0002083067452727944,8.591857681233457e-06,0.0002083067452727944,30.5971921681086
2796,8128,41.21682693066592,0,0,0,0,0,0,0,1,0,0.0002083067452727944,8.591857681233457e-06,0.0002083067452727944,41.21407593066579
2797,3351,13.63474359823546,0,0,0,0,0,0,0,1,0,0.0002083067452727944,8.591857681233457e-06,0.0002083067452727944,13.63199259823547
2798,6409,25.72530001896039,0,0,0,0,0,0,0,1,0,0.0002083067452727944,8.591857681233457e-06,0.0002083067452727944,25.5522990189604
2799,5574,26.96151914759395,0,0,0,0,0,0,0,1,0,0.0002083067452727944,8.591857681233457e-06,0.0002083067452727944,26.95876814759393
2800,147,37.33791618996083,0,0,0,1,3,0,0,0,0,0.0002083067452727944,8.591857681233457e-06,0.0002083067452727944,-1
2801,8304,39.018257044015,0,0,0,0,0,0,0,1,0,0.0002083067452727944,8.591857681233457e-06,0.0002083067452727944,39.01550604401498
2802,62,37.86628327761618,0,0,0,3,15,0,0,0,0,0.0002083067452727944,8.591857681233457e-06,0.0002083067452727944,-1
2803,6524,29.86313455282631,0,0,0,0,0,0,0,1,0,0.0002083067452727944,8.591857681233457e-06,0.0002083067452727944,29.69013355282634
2804,6315,28.59220086310703,0,0,0,0,0,0,0,1,0,0.0002083067452727944,8.591857681233457e-06,0.0002083067452727944,28.41919986310699
2805,7130,32.11995751254583,0,0,0,0,0,0,0,1,0,0.0002083067452727944,8.591857681233457e-06,0.0002083067452727944,32.11720651288513
2806,12294,53.97402511880478,0,0,0,0,0,0,0,1,0,0.0002083067452727944,8.591857681233457e-06,0.0002083067452727944,53.80102411880473
2807,3379,14.02237349862627,0,0,0,0,0,0,0,1,0,0.0002083067452727944,8.591857681233457e-06,0.0002083067452727944,13.84937249862627
2808,9430,42.57450908860747,0,0,0,0,0,0,0,1,0,0.0002083067452727944,8.591857681233457e-06,0.0002083067452727944,42.40150808880567
2809,1156,12.44330342528282,0,0,0,1,5,0,0,0,0,0.0002083067452727944,8.591857681233457e-06,0.0002083067452727944,-1
2810,10051,44.36468664556138,0,0,0,0,0,0,0,1,0,0.0002083067452727944,8.591857681233457e-06,0.0002083067452727944,44.19168564556135
2811,4768,20.30510351116714,0,0,0,0,0,0,0,1,0,0.0002083067452727944,8.591857681233457e-06,0.0002083067452727944,20.13210251116714
2812,94,2.669020559614336,0,0,0,0,0,0,0,0,0,0.0002083067452727944,8.591857681233457e-06,0.0002083067452727944,-1
2813,262,7.953135132217177,0,0,0,1,10,0,0,0,0,0.0002083067452727944,8.591857681233457e-06,0.0002083067452727944,-1
2814,4387,20.31632386695943,0,0,0,0,0,0,0,1,0,0.0002083067452727944,8.591857681233457e-06,0.0002083067452727944,20.14332286695943
2815,534,28.10290887084387,0,0,0,1,11,0,0,0,0,0.0002083067452727944,8.591857681233457e-06,0.0002083067452727944,-1
2816,10407,46.08851087854612,0,0,0,0,0,0,0,1,0,0.0002083067452727944,8.591857681233457e-06,0.0002083067452727944,45.91550987854608
2817,8386,36.85142257862305,0,0,0,0,0,0,0,1,0,0.0002083067452727944,8.591857681233457e-06,0.0002083067452727944,36.678421578623
2818,8329,37.67960546017456,0,0,0,0,0,0,0,1,0,0.0002083067452727944,8.591857681233457e-06,0.0002083067452727944,37.50660446017447
2819,7992,36.42584874267684,0,0,0,0,0,0,0,1,0,0.0002083067452727944,8.591857681233457e-06,0.0002083067452727944,36.42309774267686
2820,191,3.837558076459893,0,0,0,1,5,0,0,0,0,0.0002083067452727944,8.591857681233457e-06,0.0002083067452727944,-1
2821,0,25.14831633256132,0,0,0,2,19,0,0,0,0,0.0002083067452727944,8.591857681233457e-06,0.0002083067452727944,-1
2822,10967,47.31992902728752,0,0,0,0,0,0,0,1,0,0.0002083067452727944,8.591857681233457e-06,0.0002083067452727944,47.31717802728752
2823,10399,46.31629080063378,0,0,0,0,0,0,0,1,0,0.0002083067452727944,8.591857681233457e-06,0.0002083067452727944,46.14328980063366
2824,0,1.102860745089165,0,0,0,1,5,0,0,0,0,0.0002083067452727944,8.591857681233457e-06,0.0002083067452727944,-1
2825,18,1.583819688796481,0,0,0,0,0,0,0,0,0,0.0002083067452727944,8.591857681233457e-06,0.0002083067452727944,-1
2826,0,0.1730010000000001,0,0,0,0,0,0,0,0,0,0.0002083067452727944,8.591857681233457e-06,0.0002083067452727944,-1
2827,5381,24.4643998287391,0,0,0,0,0,0,0,1,0,0.0002083067452727944,8.591857681233457e-06,0.0002083067452727944,24.29139882868436
2828,8006,37.51515953219253,0,0,0,0,0,0,0,1,0,0.0002083067452727944,8.591857681233457e-06,0.0002083067452727944,37.34215853219251
2829,89,3.772093839236272,0,0,0,1,9,0,0,0,0,0.0002083067452727944,8.591857681233457e-06,0.0002083067452727944,-1
2830,7527,33.92359067363353,0,0,0,0,0,0,0,1,0,0.0002083067452727944,8.591857681233457e-06,0.0002083067452727944,33.75058967363356
2831,5489,26.23077926919044,0,0,0,0,0,0,0,1,0,0.0002083067452727944,8.591857681233457e-06,0.0002083067452727944,26.22802826919042
2832,8580,35.67933766644775,0,0,0,0,0,0,0,1,0,0.0002083067452727944,8.591857681233457e-06,0.0002083067452727944,35.67658666644779
2833,6001,27.85296603712914,0,0,0,0,0,0,0,1,0,0.0002083067452727944,8.591857681233457e-06,0.0002083067452727944,27.85021503712911
2834,8005,34.69843255251607,0,0,0,0,0,0,0,1,0,0.0002083067452727944,8.591857681233457e-06,0.0002083067452727944,34.6956815525161
2835,4470,17.80634148874335,0,0,0,0,0,0,0,1,0,0.0002083067452727944,8.591857681233457e-06,0.0002083067452727944,17.80359048874332
2836,6668,28.37858274143136,0,0,0,0,0,0,0,1,0,0.0002083067452727944,8.591857681233457e-06,0.0002083067452727944,28.20558174143136
2837,9861,47.31716784138217,0,0,0,0,0,0,0,1,0,0.0002083067452727944,8.591857681233457e-06,0.0002083067452727944,47.14416684138209
2838,7214,34.09784295785433,0,0,0,0,0,0,0,1,0,0.0002083067452727944,8.591857681233457e-06,0.0002083067452727944,34.09509195785425
2839,11178,50.6272737454897,0,0,0,0,0,0,0,1,0,0.0002083067452727944,8.591857681233457e-06,0.0002083067452727944,50.62452274548972
2840,7123,35.316813698834,0,0,0,0,0,0,0,1,0,0.0002083067452727944,8.591857681233457e-06,0.0002083067452727944,35.14381269883401
2841,5666,23.49922455269038,0,0,0,0,0,0,0,1,0,0.0002083067452727944,8.591857681233457e-06,0.0002083067452727944,23.49647355269039
2842,9018,39.48991680880567,0,0,0,0,0,0,0,1,0,0.0002083067452727944,8.591857681233457e-06,0.0002083067452727944,39.31691580880567
2843,9724,42.51665757304715,0,0,0,0,0,0,0,1,0,0.0002083067452727944,8.591857681233457e-06,0.0002083067452727944,42.34365657304708
2844,10734,48.56402820306984,0,0,0,0,0,0,0,1,0,0.0002083067452727944,8.591857681233457e-06,0.0002083067452727944,48.39102720306983
2845,5668,24.74569178732901,0,0,0,0,0,0,0,1,0,0.0002083067452727944,8.591857681233457e-06,0.0002083067452727944,24.57269078732902
2846,5711,24.35082954495858,0,0,0,0,0,0,0,1,0,0.0002083067452727944,8.591857681233457e-06,0.0002083067452727944,24.1778285449586
2847,10489,48.25702842575109,0,0,0,0,0,0,0,1,0,0.0002083067452727944,8.591857681233457e-06,0.0002083067452727944,48.08402742575102
2848,212,20.43589727682249,0,0,0,2,10,0,0,0,0,0.0002083067452727944,8.591857681233457e-06,0.0002083067452727944,-1
2849,29,52.6792149562824,0,0,0,2,11,0,0,0,0,0.0002083067452727944,8.591857681233457e-06,0.0002083067452727944,-1
2850,6612,27.50251292510835,0,0,0,0,0,0,0,1,0,0.0002083067452727944,8.591857681233457e-06,0.0002083067452727944,27.4997619251083
2851,8670,40.63338750984374,0,0,0,0,0,0,0,1,0,0.0002083067452727944,8.591857681233457e-06,0.0002083067452727944,40.46038650984377
2852,9521,48.01066170259075,0,0,0,0,0,0,0,1,0,0.0002083067452727944,8.591857681233457e-06,0.0002083067452727944,47.83766070253322
2853,9338,41.51486663557453,0,0,0,0,0,0,0,1,0,0.0002083067452727944,8.591857681233457e-06,0.0002083067452727944,41.51211563557457
2854,5716,25.56440112534469,0,0,0,0,0,0,0,1,0,0.0002083067452727944,8.591857681233457e-06,0.0002083067452727944,25.56165012534467
2855,3712,17.79392267450305,0,0,0,0,0,0,0,1,0,0.0002083067452727944,8.591857681233457e-06,0.0002083067452727944,17.62092167450305
2856,11035,51.1312798916297,0,0,0,0,0,0,0,1,0,0.0002083067452727944,8.591857681233457e-06,0.0002083067452727944,51.128528891797
2857,10761,47.99962115393047,0,0,0,0,0,0,0,1,0,0.0002083067452727944,8.591857681233457e-06,0.0002083067452727944,47.99687015393044
2858,258,16.58191226503218,0,0,0,2,18,0,0,0,0,0.0002083067452727944,8.591857681233457e-06,0.0002083067452727944,-1
2859,1273,44.00571842327262,0,0,0,5,28,0,0,0,0,0.0002083067452727944,8.591857681233457e-06,0.0002083067452727944,-1
2860,5514,25.43030940475628,0,0,0,0,0,0,0,1,0,0.0002083067452727944,8.591857681233457e-06,0.0002083067452727944,25.25730840475626
2861,9808,44.48392555263648,0,0,0,0,0,0,0,1,0,0.0002083067452727944,8.591857681233457e-06,0.0002083067452727944,44.31092455263638
2862,9638,42.33346200332506,0,0,0,0,0,0,0,1,0,0.0002083067452727944,8.591857681233457e-06,0.0002083067452727944,42.33071100332504
2863,6966,31.06928268935129,0,0,0,0,0,0,0,1,0,0.0002083067452727944,8.591857681233457e-06,0.0002083067452727944,30.89628168935129
2864,10395,50.34867719418881,0,0,0,0,0,0,0,1,0,0.0002083067452727944,8.591857681233457e-06,0.0002083067452727944,50.34592619484678
2865,11609,49.88764930484605,0,0,0,0,0,0,0,1,0,0.0002083067452727944,8.591857681233457e-06,0.0002083067452727944,49.884898304846
2866,35,6.847054932879442,0,0,0,2,17,0,0,0,0,0.0002083067452727944,8.591857681233457e-06,0.0002083067452727944,-1
2867,9882,45.45223934663923,0,0,0,0,0,0,0,1,0,0.0002083067452727944,8.591857681233457e-06,0.0002083067452727944,45.27923834663916
2868,7413,38.27801388394644,0,0,0,0,0,0,0,1,0,0.0002083067452727944,8.591857681233457e-06,0.0002083067452727944,38.10501288394639
2869,9611,45.81256091975976,0,0,0,0,0,0,0,1,0,0.0002083067452727944,8.591857681233457e-06,0.0002083067452727944,45.63955991975977
2870,10413,47.75497059346274,0,0,0,0,0,0,0,1,0,0.0002083067452727944,8.591857681233457e-06,0.0002083067452727944,47.58196959346272
2871,11622,50.11618171975106,0,0,0,0,0,0,0,1,0,0.0002083067452727944,8.591857681233457e-06,0.0002083067452727944,50.11343071975089
2872,6638,27.10993806025367,0,0,0,0,0,0,0,1,0,0.0002083067452727944,8.591857681233457e-06,0.0002083067452727944,27.10718706025368
2873,5180,22.30192714229866,0,0,0,0,0,0,0,1,0,0.0002083067452727944,8.591857681233457e-06,0.0002083067452727944,22.29917614229863
2874,7269,31.35232939348928,0,0,0,0,0,0,0,1,0,0.0002083067452727944,8.591857681233457e-06,0.0002083067452727944,31.1793283934892
2875,3886,18.61375114651638,0,0,0,0,0,0,0,1,0,0.0002083067452727944,8.591857681233457e-06,0.0002083067452727944,18.44075014651639
2876,3583,16.7513012179904,0,0,0,0,0,0,0,1,0,0.0002083067452727944,8.591857681233457e-06,0.0002083067452727944,16.5783002179904
2877,11303,46.45162018953454,0,0,0,0,0,0,0,1,0,0.0002083067452727944,8.591857681233457e-06,0.0002083067452727944,46.27861918953453
2878,6282,27.9305264910047,0,0,0,0,0,0,0,1,0,0.0002083067452727944,8.591857681233457e-06,0.0002083067452727944,27.75752549100473
2879,7582,35.63648252799447,0,0,0,0,0,0,0,1,0,0.0002083067452727944,8.591857681233457e-06,0.0002083067452727944,35.63373152796769
2880,4139,19.687081302911,0,0,0,0,0,0,0,1,0,0.0002083067452727944,8.591857681233457e-06,0.0002083067452727944,19.684330302911
2881,8023,39.06627249448581,0,0,0,0,0,0,0,1,0,0.0002083067452727944,8.591857681233457e-06,0.0002083067452727944,38.89327149450327
2882,9249,43.12653638955008,0,0,0,0,0,0,0,1,0,0.0002083067452727944,8.591857681233457e-06,0.0002083067452727944,42.95353538954997
2883,7959,35.11060057013203,0,0,0,0,0,0,0,1,0,0.0002083067452727944,8.591857681233457e-06,0.0002083067452727944,34.93759957013202
2884,9552,41.27368048812922,0,0,0,0,0,0,0,1,0,0.0002083067452727944,8.591857681233457e-06,0.0002083067452727944,41.10067948812922
2885,5458,23.92617116599345,0,0,0,0,0,0,0,1,0,0.0002083067452727944,8.591857681233457e-06,0.0002083067452727944,23.75317016599343
2886,10336,43.77428616826395,0,0,0,0,0,0,0,1,0,0.0002083067452727944,8.591857681233457e-06,0.0002083067452727944,43.77153516826396
2887,0,0.173001,0,0,0,0,0,0,0,0,0,0.0002083067452727944,8.591857681233457e-06,0.0002083067452727944,-1
2888,8372,40.90454412864639,0,0,0,0,0,0,0,1,0,0.0002083067452727944,8.591857681233457e-06,0.0002083067452727944,40.90179312864636
2889,616,7.960609812871104,0,0,0,0,0,0,0,0,0,0.0002083067452727944,8.591857681233457e-06,0.0002083067452727944,-1
2890,6435,30.71073305168958,0,0,0,0,0,0,0,1,0,0.0002083067452727944,8.591857681233457e-06,0.0002083067452727944,30.53773205155123
2891,2336,11.23445447736259,0,0,0,0,0,0,0,1,0,0.0002083067452727944,8.591857681233457e-06,0.0002083067452727944,11.23170347736259
2892,9278,43.08565858833844,0,0,0,0,0,0,0,1,0,0.0002083067452727944,8.591857681233457e-06,0.0002083067452727944,42.91265758829994
2893,7878,37.36778810019949,0,0,0,0,0,0,0,1,0,0.0002083067452727944,8.591857681233457e-06,0.0002083067452727944,37.36503710019954
2894,984,10.68580379916215,0,0,0,1,8,0,0,0,0,0.0002083067452727944,8.591857681233457e-06,0.0002083067452727944,-1
2895,2898,13.18995369650034,0,0,0,0,0,0,0,1,0,0.0002083067452727944,8.591857681233457e-06,0.0002083067452727944,13.18720269650034
2896,9926,42.56956087183777,0,0,0,0,0,0,0,1,0,0.0002083067452727944,8.591857681233457e-06,0.0002083067452727944,42.39655987183765
2897,3491,16.08899257857428,0,0,0,0,0,0,0,1,0,0.0002083067452727944,8.591857681233457e-06,0.0002083067452727944,15.91599157857426
2898,10875,49.52271717857513,0,0,0,0,0,0,0,1,0,0.0002083067452727944,8.591857681233457e-06,0.0002083067452727944,49.51996617857517
2899,11108,50.51076070476864,0,0,0,0,0,0,0,1,0,0.0002083067452727944,8.591857681233457e-06,0.0002083067452727944,50.50800970476863
2900,9088,40.58926330262932,0,0,0,0,0,0,0,1,0,0.0002083067452727944,8.591857681233457e-06,0.0002083067452727944,40.41626230262931
2901,7096,29.96853324249383,0,0,0,0,0,0,0,1,0,0.0002083067452727944,8.591857681233457e-06,0.0002083067452727944,29.96578224249383
2902,0,1.099897404957248,0,0,0,1,7,0,0,0,0,0.0002083067452727944,8.591857681233457e-06,0.0002083067452727944,-1
2903,11817,51.6831854901305,0,0,0,0,0,0,0,1,0,0.0002083067452727944,8.591857681233457e-06,0.0002083067452727944,51.51018449013059
2904,181,15.08863787689462,0,0,0,2,16,0,0,0,0,0.0002083067452727944,8.591857681233457e-06,0.0002083067452727944,-1
2905,654,10.34406142811954,0,0,0,1,8,0,0,0,0,0.0002083067452727944,8.591857681233457e-06,0.0002083067452727944,-1
2906,10469,47.78429757922395,0,0,0,0,0,0,0,1,0,0.0002083067452727944,8.591857681233457e-06,0.0002083067452727944,47.61129657922393
2907,9769,47.89036510345523,0,0,0,0,0,0,0,1,0,0.0002083067452727944,8.591857681233457e-06,0.0002083067452727944,47.88761410345517
2908,0,0.6257299925633346,0,0,0,1,3,0,0,0,0,0.0002083067452727944,8.591857681233457e-06,0.0002083067452727944,-1
2909,6951,32.99110663939175,0,0,0,0,0,0,0,1,0,0.0002083067452727944,8.591857681233457e-06,0.0002083067452727944,32.81810563926112
2910,9480,44.00487302835354,0,0,0,0,0,0,0,1,0,0.0002083067452727944,8.591857681233457e-06,0.0002083067452727944,44.00212202835547
2911,11178,49.72757225753501,0,0,0,0,0,0,0,1,0,0.0002083067452727944,8.591857681233457e-06,0.0002083067452727944,49.72482125753504
2912,8686,34.90879905502199,0,0,0,0,0,0,0,1,0,0.0002083067452727944,8.591857681233457e-06,0.0002083067452727944,34.90604805502198
2913,10469,45.12222495685761,0,0,0,0,0,0,0,1,0,0.0002083067452727944,8.591857681233457e-06,0.0002083067452727944,45.1194739568576
2914,6811,30.53711712272855,0,0,0,0,0,0,0,1,0,0.0002083067452727944,8.591857681233457e-06,0.0002083067452727944,30.53436612272858
2915,10247,44.5557896043534,0,0,0,0,0,0,0,1,0,0.0002083067452727944,8.591857681233457e-06,0.0002083067452727944,44.38278860435334
2916,8846,36.6506760073372,0,0,0,0,0,0,0,1,0,0.0002083067452727944,8.591857681233457e-06,0.0002083067452727944,36.47767500733723
2917,10859,47.25779344981169,0,0,0,0,0,0,0,1,0,0.0002083067452727944,8.591857681233457e-06,0.0002083067452727944,47.08479244981162
2918,4447,20.33440759183635,0,0,0,0,0,0,0,1,0,0.0002083067452727944,8.591857681233457e-06,0.0002083067452727944,20.16140659183633
2919,2276,38.23844030171139,0,0,0,3,16,0,0,0,0,0.0002083067452727944,8.591857681233457e-06,0.0002083067452727944,-1
2920,693,23.39333058074184,0,0,0,2,16,0,0,0,0,0.0002083067452727944,8.591857681233457e-06,0.0002083067452727944,-1
2921,10882,47.72053221760304,0,0,0,0,0,0,0,1,0,0.0002083067452727944,8.591857681233457e-06,0.0002083067452727944,47.54753121764631
2922,0,1.106542559313928,0,0,0,1,9,0,0,0,0,0.0002083067452727944,8.591857681233457e-06,0.0002083067452727944,-1
2923,3799,17.9531679614662,0,0,0,0,0,0,0,1,0,0.0002083067452727944,8.591857681233457e-06,0.0002083067452727944,17.9504169614662
2924,4377,18.74989289011144,0,0,0,0,0,0,0,1,0,0.0002083067452727944,8.591857681233457e-06,0.0002083067452727944,18.74714189011144
2925,5197,27.1471831486779,0,0,0,0,0,0,0,1,0,0.0002083067452727944,8.591857681233457e-06,0.0002083067452727944,27.1444321486779
2926,4920,22.21553308919109,0,0,0,0,0,0,0,1,0,0.0002083067452727944,8.591857681233457e-06,0.0002083067452727944,22.04253208919111
2927,3508,16.27019988064615,0,0,0,0,0,0,0,1,0,0.0002083067452727944,8.591857681233457e-06,0.0002083067452727944,16.09719888064617
2928,5240,22.94704340410923,0,0,0,0,0,0,0,1,0,0.0002083067452727944,8.591857681233457e-06,0.0002083067452727944,22.77404240410923
2929,7119,29.28650140943519,0,0,0,0,0,0,0,1,0,0.0002083067452727944,8.591857681233457e-06,0.0002083067452727944,29.11350040943518
2930,308,5.484327052206651,0,0,0,1,8,0,0,0,0,0.0002083067452727944,8.591857681233457e-06,0.0002083067452727944,-1
2931,9664,44.15781754475859,0,0,0,0,0,0,0,1,0,0.0002083067452727944,8.591857681233457e-06,0.0002083067452727944,44.15506654475858
2932,10307,45.35575230332464,0,0,0,0,0,0,0,1,0,0.0002083067452727944,8.591857681233457e-06,0.0002083067452727944,45.18275130332457
2933,10935,51.35460635632931,0,0,0,0,0,0,0,1,0,0.0002083067452727944,8.591857681233457e-06,0.0002083067452727944,51.35185535632935
2934,10152,42.36610668314081,0,0,0,0,0,0,0,1,0,0.0002083067452727944,8.591857681233457e-06,0.0002083067452727944,42.19310568314076
2935,6435,31.03762268588655,0,0,0,0,0,0,0,1,0,0.0002083067452727944,8.591857681233457e-06,0.0002083067452727944,30.86462168588652
2936,0,5.574350400961885,0,0,0,2,14,0,0,0,0,0.0002083067452727944,8.591857681233457e-06,0.0002083067452727944,-1
2937,8486,36.87643805641991,0,0,0,0,0,0,0,1,0,0.0002083067452727944,8.591857681233457e-06,0.0002083067452727944,36.70343705641985
2938,0,1.85936273383447,0,0,0,1,6,0,0,0,0,0.0002083067452727944,8.591857681233457e-06,0.0002083067452727944,-1
2939,5677,26.67832394792226,0,0,0,0,0,0,0,1,0,0.0002083067452727944,8.591857681233457e-06,0.0002083067452727944,26.50532294792221
2940,12352,52.30323219466379,0,0,0,0,0,0,0,1,0,0.0002083067452727944,8.591857681233457e-06,0.0002083067452727944,52.30048119387088
2941,8014,32.71252744740561,0,0,0,0,0,0,0,1,0,0.0002083067452727944,8.591857681233457e-06,0.0002083067452727944,32.53952644740567
2942,955,5.727281633778837,0,0,0,0,0,0,0,1,0,0.0002083067452727944,8.591857681233457e-06,0.0002083067452727944,5.724530633778835
2943,0,1.111452265950718,0,0,0,1,5,0,0,0,0,0.0002083067452727944,8.591857681233457e-06,0.0002083067452727944,-1
2944,10405,46.55558583631817,0,0,0,0,0,0,0,1,0,0.0002083067452727944,8.591857681233457e-06,0.0002083067452727944,46.55283483631816
2945,8862,38.12296095750898,0,0,0,0,0,0,0,1,0,0.0002083067452727944,8.591857681233457e-06,0.0002083067452727944,38.12020995760013
2946,8034,34.55172569002708,0,0,0,0,0,0,0,1,0,0.0002083067452727944,8.591857681233457e-06,0.0002083067452727944,34.3787246900271
2947,6900,27.37904724948422,0,0,0,0,0,0,0,1,0,0.0002083067452727944,8.591857681233457e-06,0.0002083067452727944,27.20604624948418
2948,11277,52.72772536477211,0,0,0,0,0,0,0,1,0,0.0002083067452727944,8.591857681233457e-06,0.0002083067452727944,52.5547243647721
2949,645,25.65564960630184,0,0,0,3,15,0,0,0,0,0.0002083067452727944,8.591857681233457e-06,0.0002083067452727944,-1
2950,0,20.81408804203476,0,0,0,2,11,0,0,0,0,0.0002083067452727944,8.591857681233457e-06,0.0002083067452727944,-1
2951,2,25.44574585596523,0,0,0,3,18,0,0,0,0,0.0002083067452727944,8.591857681233457e-06,0.0002083067452727944,-1
2952,5052,21.93571785268943,0,0,0,0,0,0,0,1,0,0.0002083067452727944,8.591857681233457e-06,0.0002083067452727944,21.93296685268945
2953,1774,15.73683990684106,0,0,0,1,6,0,0,0,0,0.0002083067452727944,8.591857681233457e-06,0.0002083067452727944,-1
2954,10316,47.97806527349433,0,0,0,0,0,0,0,1,0,0.0002083067452727944,8.591857681233457e-06,0.0002083067452727944,47.80506427349425
2955,0,11.85928597505673,0,0,0,3,18,0,0,0,0,0.0002083067452727944,8.591857681233457e-06,0.0002083067452727944,-1
2956,7728,37.22523986567226,0,0,0,0,0,0,0,1,0,0.0002083067452727944,8.591857681233457e-06,0.0002083067452727944,37.22248886567221
2957,8652,39.53294646596283,0,0,0,0,0,0,0,1,0,0.0002083067452727944,8.591857681233457e-06,0.0002083067452727944,39.35994546596287
2958,3547,57.31649347981543,0,0,0,4,17,0,0,0,0,0.0002083067452727944,8.591857681233457e-06,0.0002083067452727944,-1
2959,8092,37.9332693542362,0,0,0,0,0,0,0,1,0,0.0002083067452727944,8.591857681233457e-06,0.0002083067452727944,37.93051835423618
2960,11105,51.47620970470929,0,0,0,0,0,0,0,1,0,0.0002083067452727944,8.591857681233457e-06,0.0002083067452727944,51.30320870470919
2961,986,12.30994964070341,0,0,0,1,5,0,0,0,0,0.0002083067452727944,8.591857681233457e-06,0.0002083067452727944,-1
2962,4713,21.33846756928062,0,0,0,0,0,0,0,1,0,0.0002083067452727944,8.591857681233457e-06,0.0002083067452727944,21.33571656928059
2963,10854,51.87981828866964,0,0,0,0,0,0,0,1,0,0.0002083067452727944,8.591857681233457e-06,0.0002083067452727944,51.70681728866955
2964,9529,43.41929855878622,0,0,0,0,0,0,0,1,0,0.0002083067452727944,8.591857681233457e-06,0.0002083067452727944,43.41654755878619
2965,6493,28.0804799036978,0,0,0,0,0,0,0,1,0,0.0002083067452727944,8.591857681233457e-06,0.0002083067452727944,27.90747890369781
2966,121,2.017092275787724,0,0,0,0,0,0,0,0,0,0.0002083067452727944,8.591857681233457e-06,0.0002083067452727944,-1
2967,10528,47.25704281019626,0,0,0,0,0,0,0,1,0,0.0002083067452727944,8.591857681233457e-06,0.0002083067452727944,47.08404181019614
2968,7990,34.17376951636747,0,0,0,0,0,0,0,1,0,0.0002083067452727944,8.591857681233457e-06,0.0002083067452727944,34.00076851636743
2969,81,25.49095536676523,0,0,0,2,18,0,0,0,0,0.0002083067452727944,8.591857681233457e-06,0.0002083067452727944,-1
2970,10426,47.51582597074602,0,0,0,0,0,0,0,1,0,0.0002083067452727944,8.591857681233457e-06,0.0002083067452727944,47.34282497074599
2971,2202,9.385518446954032,0,0,0,0,0,0,0,1,0,0.0002083067452727944,8.591857681233457e-06,0.0002083067452727944,9.382767446954023
2972,9142,41.33650144774234,0,0,0,0,0,0,0,1,0,0.0002083067452727944,8.591857681233457e-06,0.0002083067452727944,41.16350044774294
2973,8151,33.90977780129302,0,0,0,0,0,0,0,1,0,0.0002083067452727944,8.591857681233457e-06,0.0002083067452727944,33.73677680129303
2974,7662,33.10979263421699,0,0,0,0,0,0,0,1,0,0.0002083067452727944,8.591857681233457e-06,0.0002083067452727944,32.93679163421699
2975,9612,50.46767981631766,0,0,0,0,0,0,0,1,0,0.0002083067452727944,8.591857681233457e-06,0.0002083067452727944,50.29467881631754
2976,4697,20.7937635502739,0,0,0,0,0,0,0,1,0,0.0002083067452727944,8.591857681233457e-06,0.0002083067452727944,20.79101255027389
2977,5260,24.42342848786907,0,0,0,0,0,0,0,1,0,0.0002083067452727944,8.591857681233457e-06,0.0002083067452727944,24.25042748791703
2978,9263,42.85304876783809,0,0,0,0,0,0,0,1,0,0.0002083067452727944,8.591857681233457e-06,0.0002083067452727944,42.85029776787156
2979,903,9.378457369333326,0,0,0,1,10,0,0,0,0,0.0002083067452727944,8.591857681233457e-06,0.0002083067452727944,-1
2980,11687,53.17247845357071,0,0,0,0,0,0,0,1,0,0.0002083067452727944,8.591857681233457e-06,0.0002083067452727944,52.99947745357064
2981,8614,36.60503884529583,0,0,0,0,0,0,0,1,0,0.0002083067452727944,8.591857681233457e-06,0.0002083067452727944,36.43203784529582
2982,9059,43.32838037561586,0,0,0,0,0,0,0,1,0,0.0002083067452727944,8.591857681233457e-06,0.0002083067452727944,43.15537937561585
2983,3425,16.36156746328297,0,0,0,0,0,0,0,1,0,0.0002083067452727944,8.591857681233457e-06,0.0002083067452727944,16.18856646328296
2984,2897,14.40456141320785,0,0,0,0,0,0,0,1,0,0.0002083067452727944,8.591857681233457e-06,0.0002083067452727944,14.23156041320785
2985,10678,45.40172069393946,0,0,0,0,0,0,0,1,0,0.0002083067452727944,8.591857681233457e-06,0.0002083067452727944,45.39896969393937
2986,3989,18.56492509604658,0,0,0,0,0,0,0,1,0,0.0002083067452727944,8.591857681233457e-06,0.0002083067452727944,18.39192409604659
2987,10070,41.75817720336777,0,0,0,0,0,0,0,1,0,0.0002083067452727944,8.591857681233457e-06,0.0002083067452727944,41.58517620336774
2988,10654,49.477110082683,0,0,0,0,0,0,0,1,0,0.0002083067452727944,8.591857681233457e-06,0.0002083067452727944,49.30410908266388
2989,10295,47.60496976124166,0,0,0,0,0,0,0,1,0,0.0002083067452727944,8.591857681233457e-06,0.0002083067452727944,47.4319687612416
2990,10052,48.25023970994929,0,0,0,0,0,0,0,1,0,0.0002083067452727944,8.591857681233457e-06,0.0002083067452727944,48.07723870986188
2991,11200,50.0661770840639,0,0,0,0,0,0,0,1,0,0.0002083067452727944,8.591857681233457e-06,0.0002083067452727944,49.89317608408206
2992,6086,29.29761069683925,0,0,0,0,0,0,0,1,0,0.0002083067452727944,8.591857681233457e-06,0.0002083067452727944,29.12460969681231
2993,10851,46.77080726313217,0,0,0,0,0,0,0,1,0,0.0002083067452727944,8.591857681233457e-06,0.0002083067452727944,46.76805626313207
2994,11494,51.81778383235056,0,0,0,0,0,0,0,1,0,0.0002083067452727944,8.591857681233457e-06,0.0002083067452727944,51.64478283235042
2995,749,9.812794890866725,0,0,0,1,3,0,0,0,0,0.0002083067452727944,8.591857681233457e-06,0.0002083067452727944,-1
2996,6308,27.36874267379777,0,0,0,0,0,0,0,1,0,0.0002083067452727944,8.591857681233457e-06,0.0002083067452727944,27.3659916737978
2997,10865,49.00067729114082,0,0,0,0,0,0,0,1,0,0.0002083067452727944,8.591857681233457e-06,0.0002083067452727944,48.82767629114083
2998,5,37.69421690322694,0,0,0,3,28,0,0,0,0,0.0002083067452727944,8.591857681233457e-06,0.0002083067452727944,-1
2999,11551,49.22857355794814,0,0,0,0,0,0,0,1,0,0.0002083067452727944,8.591857681233457e-06,0.0002083067452727944,49.05557255794813
3000,10444,47.90904918391266,0,0,0,0,0,0,0,1,0,0.0002083067452727944,8.591857681233457e-06,0.0002083067452727944,47.90629818390273
3001,7365,35.59667982549922,0,0,0,0,0,0,0,1,0,0.0002083067452727944,8.591857681233457e-06,0.0002083067452727944,35.42367882549919
3002,9103,43.85304655827525,0,0,0,0,0,0,0,1,0,0.0002083067452727944,8.591857681233457e-06,0.0002083067452727944,43.68004555827522
3003,10839,45.51739780034012,0,0,0,0,0,0,0,1,0,0.0002083067452727944,8.591857681233457e-06,0.0002083067452727944,45.51464680034012
3004,10388,47.65865002799605,0,0,0,0,0,0,0,1,0,0.0002083067452727944,8.591857681233457e-06,0.0002083067452727944,47.48564902799596
3005,8106,35.43494640871487,0,0,0,0,0,0,0,1,0,0.0002083067452727944,8.591857681233457e-06,0.0002083067452727944,35.4321954087149
3006,8294,45.34138269116398,0,0,0,0,0,0,0,1,0,0.0002083067452727944,8.591857681233457e-06,0.0002083067452727944,45.16838169129072
3007,7998,32.93939373775358,0,0,0,0,0,0,0,1,0,0.0002083067452727944,8.591857681233457e-06,0.0002083067452727944,32.76639273775358
3008,11004,49.32014207894069,0,0,0,0,0,0,0,1,0,0.0002083067452727944,8.591857681233457e-06,0.0002083067452727944,49.14714107841472
3009,3607,15.65487838837292,0,0,0,0,0,0,0,1,0,0.0002083067452727944,8.591857681233457e-06,0.0002083067452727944,15.48187738837292
3010,9471,39.67557552257711,0,0,0,0,0,0,0,1,0,0.0002083067452727944,8.591857681233457e-06,0.0002083067452727944,39.67282452257715
3011,8435,38.45955610863561,0,0,0,0,0,0,0,1,0,0.0002083067452727944,8.591857681233457e-06,0.0002083067452727944,38.45680510863559
3012,11327,51.34439957926399,0,0,0,0,0,0,0,1,0,0.0002083067452727944,8.591857681233457e-06,0.0002083067452727944,51.17139857899467
3013,11108,52.40387723531637,0,0,0,0,0,0,0,1,0,0.0002083067452727944,8.591857681233457e-06,0.0002083067452727944,52.2308762353162
3014,8407,40.60730670557288,0,0,0,0,0,0,0,1,0,0.0002083067452727944,8.591857681233457e-06,0.0002083067452727944,40.60455570557292
3015,5649,25.80650213113348,0,0,0,0,0,0,0,1,0,0.0002083067452727944,8.591857681233457e-06,0.0002083067452727944,25.63350113113351
3016,8240,39.39919800928384,0,0,0,0,0,0,0,1,0,0.0002083067452727944,8.591857681233457e-06,0.0002083067452727944,39.22619700928382
3017,473,18.45368316376131,0,0,0,1,6,0,0,0,0,0.0002083067452727944,8.591857681233457e-06,0.0002083067452727944,-1
3018,9258,38.22856163175269,0,0,0,0,0,0,0,1,0,0.0002083067452727944,8.591857681233457e-06,0.0002083067452727944,38.22581063175269
3019,10173,45.66041784908657,0,0,0,0,0,0,0,1,0,0.0002083067452727944,8.591857681233457e-06,0.0002083067452727944,45.48741684908659
3020,4787,22.58524045268956,0,0,0,0,0,0,0,1,0,0.0002083067452727944,8.591857681233457e-06,0.0002083067452727944,22.41223945268956
3021,5876,28.81276580618498,0,0,0,0,0,0,0,1,0,0.0002083067452727944,8.591857681233457e-06,0.0002083067452727944,28.63976480617071
3022,11629,50.5474604251227,0,0,0,0,0,0,0,1,0,0.0002083067452727944,8.591857681233457e-06,0.0002083067452727944,50.37445942512264
3023,7080,29.01837313677397,0,0,0,0,0,0,0,1,0,0.0002083067452727944,8.591857681233457e-06,0.0002083067452727944,29.01562213677397
3024,9338,40.2018724026123,0,0,0,0,0,0,0,1,0,0.0002083067452727944,8.591857681233457e-06,0.0002083067452727944,40.02887140261218
3025,497,52.44937217764465,0,0,0,3,23,0,0,0,0,0.0002083067452727944,8.591857681233457e-06,0.0002083067452727944,-1
3026,8195,35.88268719034707,0,0,0,0,0,0,0,1,0,0.0002083067452727944,8.591857681233457e-06,0.0002083067452727944,35.70968619034706
3027,7550,34.29925221981049,0,0,0,0,0,0,0,1,0,0.0002083067452727944,8.591857681233457e-06,0.0002083067452727944,34.29650121981051
3028,9992,45.14692609518358,0,0,0,0,0,0,0,1,0,0.0002083067452727944,8.591857681233457e-06,0.0002083067452727944,44.97392509518359
3029,915,23.22387396028366,0,0,0,1,6,0,0,0,0,0.0002083067452727944,8.591857681233457e-06,0.0002083067452727944,-1
3030,10515,46.29399718124814,0,0,0,0,0,0,0,1,0,0.0002083067452727944,8.591857681233457e-06,0.0002083067452727944,46.29124618124809
3031,8787,40.65546696711532,0,0,0,0,0,0,0,1,0,0.0002083067452727944,8.591857681233457e-06,0.0002083067452727944,40.4824659671154
3032,11736,49.08135879663262,0,0,0,0,0,0,0,1,0,0.0002083067452727944,8.591857681233457e-06,0.0002083067452727944,48.90835779663257
3033,10469,47.36029202030779,0,0,0,0,0,0,0,1,0,0.0002083067452727944,8.591857681233457e-06,0.0002083067452727944,47.18729102030765
3034,10949,50.68400795200771,0,0,0,0,0,0,0,1,0,0.0002083067452727944,8.591857681233457e-06,0.0002083067452727944,50.68125695200761
3035,8334,38.96468324320578,0,0,0,0,1,0,0,1,0,0.0002083067452727944,8.591857681233457e-06,0.0002083067452727944,38.96193224322071
3036,4590,19.58349451564597,0,0,0,0,0,0,0,1,0,0.0002083067452727944,8.591857681233457e-06,0.0002083067452727944,19.58074351564598
3037,7863,34.72462226738622,0,0,0,0,0,0,0,1,0,0.0002083067452727944,8.591857681233457e-06,0.0002083067452727944,34.55162126738619
3038,11266,50.901370358447,0,0,0,0,0,0,0,1,0,0.0002083067452727944,8.591857681233457e-06,0.0002083067452727944,50.89861935844689
3039,10312,45.85399803245274,0,0,0,0,0,0,0,1,0,0.0002083067452727944,8.591857681233457e-06,0.0002083067452727944,45.68099703245266
3040,6606,33.13211785772415,0,0,0,0,0,0,0,1,0,0.0002083067452727944,8.591857681233457e-06,0.0002083067452727944,32.95911685772414
3041,9425,40.4336931593659,0,0,0,0,0,0,0,1,0,0.0002083067452727944,8.591857681233457e-06,0.0002083067452727944,40.26069215936591
3042,7789,34.1352439213838,0,0,0,0,0,0,0,1,0,0.0002083067452727944,8.591857681233457e-06,0.0002083067452727944,34.13249292138379
3043,9392,44.28073246499941,0,0,0,0,0,0,0,1,0,0.0002083067452727944,8.591857681233457e-06,0.0002083067452727944,44.10773146499934
3044,4767,18.59014758684265,0,0,0,0,0,0,0,1,0,0.0002083067452727944,8.591857681233457e-06,0.0002083067452727944,18.41714658684263
3045,12249,50.29090118640845,0,0,0,0,0,0,0,1,0,0.0002083067452727944,8.591857681233457e-06,0.0002083067452727944,50.28815018640834
3046,877,4.877957911518517,0,0,0,0,0,0,0,1,0,0.0002083067452727944,8.591857681233457e-06,0.0002083067452727944,4.704956911518518
3047,0,0.002751,0,0,0,0,0,0,0,0,0,0.0002083067452727944,8.591857681233457e-06,0.0002083067452727944,-1
3048,9849,48.08911214397067,0,0,0,0,0,0,0,1,0,0.0002083067452727944,8.591857681233457e-06,0.0002083067452727944,48.08636114397076
3049,11031,48.86501591051838,0,0,0,0,0,0,0,1,0,0.0002083067452727944,8.591857681233457e-06,0.0002083067452727944,48.69201491071753
3050,8199,34.66371988461023,0,0,0,0,0,0,0,1,0,0.0002083067452727944,8.591857681233457e-06,0.0002083067452727944,34.66096888461024
3051,867,26.07463457898941,0,0,0,2,19,0,0,0,0,0.0002083067452727944,8.591857681233457e-06,0.0002083067452727944,-1
3052,9446,45.11401785836215,0,0,0,0,0,0,0,1,0,0.0002083067452727944,8.591857681233457e-06,0.0002083067452727944,45.11126685839611
3053,5761,26.18573758951362,0,0,0,0,0,0,0,1,0,0.0002083067452727944,8.591857681233457e-06,0.0002083067452727944,26.18298658951361
3054,6988,33.43351902001093,0,0,0,0,0,0,0,1,0,0.0002083067452727944,8.591857681233457e-06,0.0002083067452727944,33.26051802001089
3055,8445,37.13917523311228,0,0,0,0,0,0,0,1,0,0.0002083067452727944,8.591857681233457e-06,0.0002083067452727944,36.96617423311223
3056,8369,36.70061470784301,0,0,0,0,0,0,0,1,0,0.0002083067452727944,8.591857681233457e-06,0.0002083067452727944,36.52761370784301
3057,10084,44.15095755943545,0,0,0,0,0,0,0,1,0,0.0002083067452727944,8.591857681233457e-06,0.0002083067452727944,43.97795655943546
3058,11406,50.273821942155,0,0,0,0,0,0,0,1,0,0.0002083067452727944,8.591857681233457e-06,0.0002083067452727944,50.27107094215491
3059,8648,39.37313691719049,0,0,0,0,0,0,0,1,0,0.0002083067452727944,8.591857681233457e-06,0.0002083067452727944,39.37038591719057
3060,10820,50.18925785191094,0,0,0,0,0,0,0,1,0,0.0002083067452727944,8.591857681233457e-06,0.0002083067452727944,50.01625685191088
3061,151,2.476736595193355,0,0,0,0,0,0,0,0,0,0.0002083067452727944,8.591857681233457e-06,0.0002083067452727944,-1
3062,10483,51.61999358332314,0,0,0,0,0,0,0,1,0,0.0002083067452727944,8.591857681233457e-06,0.0002083067452727944,51.44699258301613
3063,8288,35.05942313906929,0,0,0,0,0,0,0,1,0,0.0002083067452727944,8.591857681233457e-06,0.0002083067452727944,34.88642213906925
3064,8803,41.42554872047094,0,0,0,0,0,0,0,1,0,0.0002083067452727944,8.591857681233457e-06,0.0002083067452727944,41.42279772047092
3065,12701,51.23695046541527,0,0,0,0,0,0,0,1,0,0.0002083067452727944,8.591857681233457e-06,0.0002083067452727944,51.06394946541528
3066,8867,41.33210824831319,0,0,0,0,0,0,0,1,0,0.0002083067452727944,8.591857681233457e-06,0.0002083067452727944,41.15910724823036
3067,9323,40.98471773089192,0,0,0,0,0,0,0,1,0,0.0002083067452727944,8.591857681233457e-06,0.0002083067452727944,40.98196673089193
3068,4723,20.15501399866302,0,0,0,0,0,0,0,1,0,0.0002083067452727944,8.591857681233457e-06,0.0002083067452727944,20.15226299866305
3069,10071,43.60881729580667,0,0,0,0,0,0,0,1,0,0.0002083067452727944,8.591857681233457e-06,0.0002083067452727944,43.43581629580671
3070,4611,21.60138080487649,0,0,0,0,0,0,0,1,0,0.0002083067452727944,8.591857681233457e-06,0.0002083067452727944,21.59862980487649
3071,10366,47.39965039667027,0,0,0,0,0,0,0,1,0,0.0002083067452727944,8.591857681233457e-06,0.0002083067452727944,47.22664939664988
3072,9607,45.80283199737472,0,0,0,0,0,0,0,1,0,0.0002083067452727944,8.591857681233457e-06,0.0002083067452727944,45.62983099608093
3073,9164,41.05954123575966,0,0,0,0,0,0,0,1,0,0.0002083067452727944,8.591857681233457e-06,0.0002083067452727944,41.05679023575962
3074,8613,38.95283032749853,0,0,0,0,0,0,0,1,0,0.0002083067452727944,8.591857681233457e-06,0.0002083067452727944,38.77982932749856
3075,10880,52.95194115104238,0,0,0,0,0,0,0,1,0,0.0002083067452727944,8.591857681233457e-06,0.0002083067452727944,52.77894015104232
3076,4125,18.44468738556002,0,0,0,0,0,0,0,1,0,0.0002083067452727944,8.591857681233457e-06,0.0002083067452727944,18.27168638556
3077,10287,48.53322016721153,0,0,0,0,0,0,0,1,0,0.0002083067452727944,8.591857681233457e-06,0.0002083067452727944,48.36021916721145
3078,123,39.59955719995285,0,0,0,3,23,0,0,0,0,0.0002083067452727944,8.591857681233457e-06,0.0002083067452727944,-1
3079,9,1.906965107856732,0,0,0,0,0,0,0,0,0,0.0002083067452727944,8.591857681233457e-06,0.0002083067452727944,-1
3080,9657,44.66715353693964,0,0,0,0,0,0,0,1,0,0.0002083067452727944,8.591857681233457e-06,0.0002083067452727944,44.66440253693958
3081,4350,19.39462538524095,0,0,0,0,0,0,0,1,0,0.0002083067452727944,8.591857681233457e-06,0.0002083067452727944,19.22162438524096
3082,960,17.81260151438969,0,0,0,3,16,0,0,0,0,0.0002083067452727944,8.591857681233457e-06,0.0002083067452727944,-1
3083,8727,41.99861546112564,0,0,0,0,0,0,0,1,0,0.0002083067452727944,8.591857681233457e-06,0.0002083067452727944,41.82561446112553
3084,7333,36.96018157006617,0,0,0,0,0,0,0,1,0,0.0002083067452727944,8.591857681233457e-06,0.0002083067452727944,36.78718056923523
3085,8968,37.25123176680459,0,0,0,0,0,0,0,1,0,0.0002083067452727944,8.591857681233457e-06,0.0002083067452727944,37.24848076680458
3086,7782,35.20155791263262,0,0,0,0,0,0,0,1,0,0.0002083067452727944,8.591857681233457e-06,0.0002083067452727944,35.19880691263268
3087,3919,18.00991118073489,0,0,0,0,0,0,0,1,0,0.0002083067452727944,8.591857681233457e-06,0.0002083067452727944,17.83691018073492
3088,6011,26.38658907046699,0,0,0,0,0,0,0,1,0,0.0002083067452727944,8.591857681233457e-06,0.0002083067452727944,26.21358807046699
3089,6099,26.84094474853065,0,0,0,0,0,0,0,1,0,0.0002083067452727944,8.591857681233457e-06,0.0002083067452727944,26.66794374853065
3090,3310,13.77390258956695,0,0,0,0,0,0,0,1,0,0.0002083067452727944,8.591857681233457e-06,0.0002083067452727944,13.60090158956696
3091,9854,43.70828390448435,0,0,0,0,0,0,0,1,0,0.0002083067452727944,8.591857681233457e-06,0.0002083067452727944,43.53528290448427
3092,10188,48.29045807159905,0,0,0,0,0,0,0,1,0,0.0002083067452727944,8.591857681233457e-06,0.0002083067452727944,48.11745707159896
3093,5406,25.30674535434565,0,0,0,0,0,0,0,1,0,0.0002083067452727944,8.591857681233457e-06,0.0002083067452727944,25.13374435434565
3094,4238,20.34658319786436,0,0,0,0,0,0,0,1,0,0.0002083067452727944,8.591857681233457e-06,0.0002083067452727944,20.34383219786435
3095,9457,44.66898438046688,0,0,0,0,0,0,0,1,0,0.0002083067452727944,8.591857681233457e-06,0.0002083067452727944,44.49598337952059
3096,9426,41.40572523545949,0,0,0,0,0,0,0,1,0,0.0002083067452727944,8.591857681233457e-06,0.0002083067452727944,41.23272423545949
3097,10850,49.5770306327078,0,0,0,0,0,0,0,1,0,0.0002083067452727944,8.591857681233457e-06,0.0002083067452727944,49.40402963270789
3098,8294,37.42925985300737,0,0,0,0,0,0,0,1,0,0.0002083067452727944,8.591857681233457e-06,0.0002083067452727944,37.25625885300732
3099,7090,34.12006803918005,0,0,0,0,0,0,0,1,0,0.0002083067452727944,8.591857681233457e-06,0.0002083067452727944,34.11731703918007
3100,183,3.35123191841245,0,0,0,1,6,0,0,0,0,0.0002083067452727944,8.591857681233457e-06,0.0002083067452727944,-1
3101,4661,21.33351553158269,0,0,0,0,0,0,0,1,0,0.0002083067452727944,8.591857681233457e-06,0.0002083067452727944,21.16051453158271
3102,8011,36.07667955487287,0,0,0,0,0,0,0,1,0,0.0002083067452727944,8.591857681233457e-06,0.0002083067452727944,35.90367855487282
3103,9105,41.47345004340774,0,0,0,0,0,0,0,1,0,0.0002083067452727944,8.591857681233457e-06,0.0002083067452727944,41.47069904340771
3104,3420,16.67811644701462,0,0,0,0,0,0,0,1,0,0.0002083067452727944,8.591857681233457e-06,0.0002083067452727944,16.50511544701462
3105,11886,51.01896992519476,0,0,0,0,0,0,0,1,0,0.0002083067452727944,8.591857681233457e-06,0.0002083067452727944,50.84596892519477
3106,0,9.087030125337009,0,0,0,2,16,0,0,0,0,0.0002083067452727944,8.591857681233457e-06,0.0002083067452727944,-1
3107,10404,49.607652429048,0,0,0,0,0,0,0,1,0,0.0002083067452727944,8.591857681233457e-06,0.0002083067452727944,49.60490142904794
3108,8048,36.76412825012044,0,0,0,0,0,0,0,1,0,0.0002083067452727944,8.591857681233457e-06,0.0002083067452727944,36.59112725012036
3109,5338,22.67060628723523,0,0,0,0,0,0,0,1,0,0.0002083067452727944,8.591857681233457e-06,0.0002083067452727944,22.66785528723522
3110,12146,52.41319400833923,0,0,0,0,0,0,0,1,0,0.0002083067452727944,8.591857681233457e-06,0.0002083067452727944,52.24019300833918
3111,9587,42.05195751591003,0,0,0,0,0,0,0,1,0,0.0002083067452727944,8.591857681233457e-06,0.0002083067452727944,42.04920651590999
3112,784,41.69909702794983,0,0,0,2,14,0,0,0,0,0.0002083067452727944,8.591857681233457e-06,0.0002083067452727944,-1
3113,11026,47.39961115633962,0,0,0,0,0,0,0,1,0,0.0002083067452727944,8.591857681233457e-06,0.0002083067452727944,47.39686015633964
3114,8931,41.40617962682825,0,0,0,0,0,0,0,1,0,0.0002083067452727944,8.591857681233457e-06,0.0002083067452727944,41.40342862682819
3115,8390,37.34744317072097,0,0,0,0,0,0,0,1,0,0.0002083067452727944,8.591857681233457e-06,0.0002083067452727944,37.17444217072097
3116,34,1.530510661394795,0,0,0,0,0,0,0,0,0,0.0002083067452727944,8.591857681233457e-06,0.0002083067452727944,-1
3117,6136,28.12662471049934,0,0,0,0,0,0,0,1,0,0.0002083067452727944,8.591857681233457e-06,0.0002083067452727944,28.12387371049936
3118,7815,33.1072260745189,0,0,0,0,0,0,0,1,0,0.0002083067452727944,8.591857681233457e-06,0.0002083067452727944,32.9342250745189
3119,7280,34.02489962073637,0,0,0,0,0,0,0,1,0,0.0002083067452727944,8.591857681233457e-06,0.0002083067452727944,34.02214862073639
3120,7434,32.91251267492207,0,0,0,0,0,0,0,1,0,0.0002083067452727944,8.591857681233457e-06,0.0002083067452727944,32.73951167492206
3121,8389,39.35391661965414,0,0,0,0,0,0,0,1,0,0.0002083067452727944,8.591857681233457e-06,0.0002083067452727944,39.18091561965407
3122,4696,20.84524302828013,0,0,0,0,0,0,0,1,0,0.0002083067452727944,8.591857681233457e-06,0.0002083067452727944,20.67224202828015
3123,8687,43.09355005433326,0,0,0,0,0,0,0,1,0,0.0002083067452727944,8.591857681233457e-06,0.0002083067452727944,43.09079905433332
3124,10267,45.69723464190839,0,0,0,0,0,0,0,1,0,0.0002083067452727944,8.591857681233457e-06,0.0002083067452727944,45.69448364190844
3125,8045,39.71146950388227,0,0,0,0,1,0,0,1,0,0.0002083067452727944,8.591857681233457e-06,0.0002083067452727944,39.70871850366388
3126,7289,34.57066257164058,0,0,0,0,0,0,0,1,0,0.0002083067452727944,8.591857681233457e-06,0.0002083067452727944,34.56791157164054
3127,8159,38.64678698628187,0,0,0,0,0,0,0,1,0,0.0002083067452727944,8.591857681233457e-06,0.0002083067452727944,38.47378598628185
3128,8461,36.08263851320562,0,0,0,0,0,0,0,1,0,0.0002083067452727944,8.591857681233457e-06,0.0002083067452727944,35.90963751320558
3129,6665,28.00033959353393,0,0,0,0,0,0,0,1,0,0.0002083067452727944,8.591857681233457e-06,0.0002083067452727944,27.82733859353391
3130,8345,34.41412445831993,0,0,0,0,0,0,0,1,0,0.0002083067452727944,8.591857681233457e-06,0.0002083067452727944,34.2411234583199
3131,8820,38.77620965804885,0,0,0,0,0,0,0,1,0,0.0002083067452727944,8.591857681233457e-06,0.0002083067452727944,38.77345865804876
3132,7890,36.98853871900712,0,0,0,0,0,0,0,1,0,0.0002083067452727944,8.591857681233457e-06,0.0002083067452727944,36.98578771900711
3133,1364,20.74107685498183,0,0,0,2,13,0,0,0,0,0.0002083067452727944,8.591857681233457e-06,0.0002083067452727944,-1
3134,10178,48.35428245579439,0,0,0,0,0,0,0,1,0,0.0002083067452727944,8.591857681233457e-06,0.0002083067452727944,48.18128145579433
3135,9511,39.82437214141595,0,0,0,0,0,0,0,1,0,0.0002083067452727944,8.591857681233457e-06,0.0002083067452727944,39.65137114141604
3136,11052,49.96732706065619,0,0,0,0,0,0,0,1,0,0.0002083067452727944,8.591857681233457e-06,0.0002083067452727944,49.9645760606562
3137,5354,24.16290965926625,0,0,0,0,0,0,0,1,0,0.0002083067452727944,8.591857681233457e-06,0.0002083067452727944,24.16015865926626
3138,9970,47.2363074285139,0,0,0,0,0,0,0,1,0,0.0002083067452727944,8.591857681233457e-06,0.0002083067452727944,47.06330642851384
3139,31,34.50602195698681,0,0,0,3,28,0,0,0,0,0.0002083067452727944,8.591857681233457e-06,0.0002083067452727944,-1
3140,10997,49.34064391701015,0,0,0,0,0,0,0,1,0,0.0002083067452727944,8.591857681233457e-06,0.0002083067452727944,49.16764291701013
3141,9716,47.32595764684965,0,0,0,0,0,0,0,1,0,0.0002083067452727944,8.591857681233457e-06,0.0002083067452727944,47.32320664684961
3142,6239,27.54772572565844,0,0,0,0,0,0,0,1,0,0.0002083067452727944,8.591857681233457e-06,0.0002083067452727944,27.37472472565845
3143,3574,16.18202237657324,0,0,0,0,0,0,0,1,0,0.0002083067452727944,8.591857681233457e-06,0.0002083067452727944,16.00902137657326
3144,9651,46.28266325784403,0,0,0,0,0,0,0,1,0,0.0002083067452727944,8.591857681233457e-06,0.0002083067452727944,46.279912257844
3145,7463,34.24298731629676,0,0,0,0,0,0,0,1,0,0.0002083067452727944,8.591857681233457e-06,0.0002083067452727944,34.24023631629672
3146,10760,45.95699877453937,0,0,0,0,0,0,0,1,0,0.0002083067452727944,8.591857681233457e-06,0.0002083067452727944,45.7839977745393
3147,10234,49.11803227062676,0,0,0,0,0,0,0,1,0,0.0002083067452727944,8.591857681233457e-06,0.0002083067452727944,48.94503127062663
3148,1004,15.57869196205541,0,0,0,1,4,0,0,0,0,0.0002083067452727944,8.591857681233457e-06,0.0002083067452727944,-1
3149,1157,35.48513455897431,0,0,0,2,10,0,0,0,0,0.0002083067452727944,8.591857681233457e-06,0.0002083067452727944,-1
3150,10544,48.51392734605227,0,0,0,0,0,0,0,1,0,0.0002083067452727944,8.591857681233457e-06,0.0002083067452727944,48.34092634605224
3151,7341,32.84286473799471,0,0,0,0,0,0,0,1,0,0.0002083067452727944,8.591857681233457e-06,0.0002083067452727944,32.66986373799467
3152,10513,43.58618279671096,0,0,0,0,0,0,0,1,0,0.0002083067452727944,8.591857681233457e-06,0.0002083067452727944,43.41318179671095
3153,7483,36.08609500539719,0,0,0,0,0,0,0,1,0,0.0002083067452727944,8.591857681233457e-06,0.0002083067452727944,36.08334400539728
3154,11144,47.60242665641857,0,0,0,0,0,0,0,1,0,0.0002083067452727944,8.591857681233457e-06,0.0002083067452727944,47.42942565641856
3155,4999,21.87790299952857,0,0,0,0,0,0,0,1,0,0.0002083067452727944,8.591857681233457e-06,0.0002083067452727944,21.70490199952858
3156,10046,47.05169724236869,0,0,0,0,0,0,0,1,0,0.0002083067452727944,8.591857681233457e-06,0.0002083067452727944,46.87869624256543
3157,10054,46.28245519753914,0,0,0,0,0,0,0,1,0,0.0002083067452727944,8.591857681233457e-06,0.0002083067452727944,46.10945419753902
3158,5872,25.92777756001736,0,0,0,0,0,0,0,1,0,0.0002083067452727944,8.591857681233457e-06,0.0002083067452727944,25.75477656001736
3159,7016,29.97613350777075,0,0,0,0,0,0,0,1,0,0.0002083067452727944,8.591857681233457e-06,0.0002083067452727944,29.97338250777079
3160,9981,43.94823717561726,0,0,0,0,0,0,0,1,0,0.0002083067452727944,8.591857681233457e-06,0.0002083067452727944,43.94548617561719
3161,5533,24.89031098049856,0,0,0,0,0,0,0,1,0,0.0002083067452727944,8.591857681233457e-06,0.0002083067452727944,24.71730998049855
3162,1305,20.53689842249971,0,0,0,1,3,0,0,0,0,0.0002083067452727944,8.591857681233457e-06,0.0002083067452727944,-1
3163,7586,30.45792999633868,0,0,0,0,0,0,0,1,0,0.0002083067452727944,8.591857681233457e-06,0.0002083067452727944,30.45517899633868
3164,10083,48.78264285368667,0,0,0,0,0,0,0,1,0,0.0002083067452727944,8.591857681233457e-06,0.0002083067452727944,48.77989185368666
3165,9417,42.0752217038609,0,0,0,0,0,0,0,1,0,0.0002083067452727944,8.591857681233457e-06,0.0002083067452727944,41.90222070394747
3166,7751,36.03979006037784,0,0,0,0,0,0,0,1,0,0.0002083067452727944,8.591857681233457e-06,0.0002083067452727944,36.03703906037788
3167,6737,30.36655915510446,0,0,0,0,0,0,0,1,0,0.0002083067452727944,8.591857681233457e-06,0.0002083067452727944,30.19355815510444
3168,957,35.01343851047576,0,0,0,3,13,0,0,0,0,0.0002083067452727944,8.591857681233457e-06,0.0002083067452727944,-1
3169,3401,14.97800963600386,0,0,0,0,0,0,0,1,0,0.0002083067452727944,8.591857681233457e-06,0.0002083067452727944,14.80500863600385
3170,11971,50.21161103634839,0,0,0,0,0,0,0,1,0,0.0002083067452727944,8.591857681233457e-06,0.0002083067452727944,50.03861003634837
3171,10679,47.67898170217769,0,0,0,0,0,0,0,1,0,0.0002083067452727944,8.591857681233457e-06,0.0002083067452727944,47.50598070217761
3172,9088,37.73414931459174,0,0,0,0,0,0,0,1,0,0.0002083067452727944,8.591857681233457e-06,0.0002083067452727944,37.73139831459171
3173,10606,48.43645851089031,0,0,0,0,0,0,0,1,0,0.0002083067452727944,8.591857681233457e-06,0.0002083067452727944,48.26345751089024
3174,9904,44.77443983383601,0,0,0,0,0,0,0,1,0,0.0002083067452727944,8.591857681233457e-06,0.0002083067452727944,44.77168883383422
3175,4024,19.86681344217589,0,0,0,0,0,0,0,1,0,0.0002083067452727944,8.591857681233457e-06,0.0002083067452727944,19.69381244217588
3176,505,19.94181164870451,0,0,0,3,15,0,0,0,0,0.0002083067452727944,8.591857681233457e-06,0.0002083067452727944,-1
3177,9321,42.30689653252973,0,0,0,0,0,0,0,1,0,0.0002083067452727944,8.591857681233457e-06,0.0002083067452727944,42.13389553252971
3178,6067,26.25593206746854,0,0,0,0,0,0,0,1,0,0.0002083067452727944,8.591857681233457e-06,0.0002083067452727944,26.0829310674685
3179,8762,42.19361043198201,0,0,0,0,0,0,0,1,0,0.0002083067452727944,8.591857681233457e-06,0.0002083067452727944,42.19085943198202
3180,5667,27.36517041537495,0,0,0,0,0,0,0,1,0,0.0002083067452727944,8.591857681233457e-06,0.0002083067452727944,27.36241941537492
3181,5861,26.25827820691307,0,0,0,0,0,0,0,1,0,0.0002083067452727944,8.591857681233457e-06,0.0002083067452727944,26.08527720691304
3182,4376,19.34466894728648,0,0,0,0,0,0,0,1,0,0.0002083067452727944,8.591857681233457e-06,0.0002083067452727944,19.17166794728648
3183,5671,26.59441782157567,0,0,0,0,0,0,0,1,0,0.0002083067452727944,8.591857681233457e-06,0.0002083067452727944,26.4214168215757
3184,9156,42.59754661125677,0,0,0,0,0,0,0,1,0,0.0002083067452727944,8.591857681233457e-06,0.0002083067452727944,42.59479561125674
3185,11589,47.58008357281508,0,0,0,0,0,0,0,1,0,0.0002083067452727944,8.591857681233457e-06,0.0002083067452727944,47.57733257281508
3186,6730,31.31155780886447,0,0,0,0,0,0,0,1,0,0.0002083067452727944,8.591857681233457e-06,0.0002083067452727944,31.13855680886443
3187,8919,40.45597636424908,0,0,0,0,0,0,0,1,0,0.0002083067452727944,8.591857681233457e-06,0.0002083067452727944,40.2829753642491
3188,3758,17.89562680397729,0,0,0,0,0,0,0,1,0,0.0002083067452727944,8.591857681233457e-06,0.0002083067452727944,17.89287580397729
3189,4969,22.64634464530192,0,0,0,0,0,0,0,1,0,0.0002083067452727944,8.591857681233457e-06,0.0002083067452727944,22.47334364530192
3190,6298,28.78517464357796,0,0,0,0,0,0,0,1,0,0.0002083067452727944,8.591857681233457e-06,0.0002083067452727944,28.78242364357794
3191,8177,33.16336775993241,0,0,0,0,0,0,0,1,0,0.0002083067452727944,8.591857681233457e-06,0.0002083067452727944,32.99036675993241
3192,10235,49.86087468730197,0,0,0,0,0,0,0,1,0,0.0002083067452727944,8.591857681233457e-06,0.0002083067452727944,49.68787368730202
3193,6559,26.99730735925168,0,0,0,0,0,0,0,1,0,0.0002083067452727944,8.591857681233457e-06,0.0002083067452727944,26.82430635925166
3194,878,17.74278453550303,0,0,0,2,6,0,0,0,0,0.0002083067452727944,8.591857681233457e-06,0.0002083067452727944,-1
3195,11499,49.95170488513887,0,0,0,0,0,0,0,1,0,0.0002083067452727944,8.591857681233457e-06,0.0002083067452727944,49.77870388513877
3196,10455,49.71813742719424,0,0,0,0,0,0,0,1,0,0.0002083067452727944,8.591857681233457e-06,0.0002083067452727944,49.54513642724209
3197,7285,33.51766910245521,0,0,0,0,0,0,0,1,0,0.0002083067452727944,8.591857681233457e-06,0.0002083067452727944,33.51491810245519
3198,8404,39.69860739168957,0,0,0,0,0,0,0,1,0,0.0002083067452727944,8.591857681233457e-06,0.0002083067452727944,39.52560639168958
3199,9271,41.10358128150573,0,0,0,0,0,0,0,1,0,0.0002083067452727944,8.591857681233457e-06,0.0002083067452727944,41.10083028150571
3200,10687,48.0341004281826,0,0,0,0,0,0,0,1,0,0.0002083067452727944,8.591857681233457e-06,0.0002083067452727944,47.86109942818255
3201,247,2.389512661518078,0,0,0,0,0,0,0,0,0,0.0002083067452727944,8.591857681233457e-06,0.0002083067452727944,-1
3202,10466,43.78646712064987,0,0,0,0,0,0,0,1,0,0.0002083067452727944,8.591857681233457e-06,0.0002083067452727944,43.78371612064988
3203,7193,31.37656155768799,0,0,0,0,0,0,0,1,0,0.0002083067452727944,8.591857681233457e-06,0.0002083067452727944,31.37381055768794
3204,7903,35.00346425386637,0,0,0,0,0,0,0,1,0,0.0002083067452727944,8.591857681233457e-06,0.0002083067452727944,34.8304632538663
3205,421,7.30535315007313,0,0,0,2,14,0,0,0,0,0.0002083067452727944,8.591857681233457e-06,0.0002083067452727944,-1
3206,1205,54.59434090205143,0,0,0,3,30,0,0,0,0,0.0002083067452727944,8.591857681233457e-06,0.0002083067452727944,-1
3207,6948,34.45413914168009,0,0,0,0,0,0,0,1,0,0.0002083067452727944,8.591857681233457e-06,0.0002083067452727944,34.28113814193496
3208,8470,36.00845360381735,0,0,0,0,0,0,0,1,0,0.0002083067452727944,8.591857681233457e-06,0.0002083067452727944,36.00570260381732
3209,8899,38.35685745043141,0,0,0,0,0,0,0,1,0,0.0002083067452727944,8.591857681233457e-06,0.0002083067452727944,38.35410645043142
3210,17,26.88748321491891,0,0,0,2,17,0,0,0,0,0.0002083067452727944,8.591857681233457e-06,0.0002083067452727944,-1
3211,4154,18.96507335479802,0,0,0,0,0,0,0,1,0,0.0002083067452727944,8.591857681233457e-06,0.0002083067452727944,18.792072354798
3212,10126,48.61382664618345,0,0,0,0,1,0,0,1,0,0.0002083067452727944,8.591857681233457e-06,0.0002083067452727944,48.4408256461552
3213,6017,30.29655746904405,0,0,0,0,0,0,0,1,0,0.0002083067452727944,8.591857681233457e-06,0.0002083067452727944,30.123556469044
3214,4984,23.39798412518122,0,0,0,0,0,0,0,1,0,0.0002083067452727944,8.591857681233457e-06,0.0002083067452727944,23.39523312517717
3215,6134,28.85160329732366,0,0,0,0,0,0,0,1,0,0.0002083067452727944,8.591857681233457e-06,0.0002083067452727944,28.84885229732366
3216,11353,51.7171365916852,0,0,0,0,0,0,0,1,0,0.0002083067452727944,8.591857681233457e-06,0.0002083067452727944,51.71438559171038
3217,7212,34.29779490777977,0,0,0,0,0,0,0,1,0,0.0002083067452727944,8.591857681233457e-06,0.0002083067452727944,34.12479390777973
3218,6681,31.7686292108744,0,0,0,0,0,0,0,1,0,0.0002083067452727944,8.591857681233457e-06,0.0002083067452727944,31.59562821087435
3219,4535,20.92460261757025,0,0,0,0,0,0,0,1,0,0.0002083067452727944,8.591857681233457e-06,0.0002083067452727944,20.7516016175702
3220,7949,34.93153247991187,0,0,0,0,0,0,0,1,0,0.0002083067452727944,8.591857681233457e-06,0.0002083067452727944,34.9287814799119
3221,1782,8.325903551783506,0,0,0,0,0,0,0,1,0,0.0002083067452727944,8.591857681233457e-06,0.0002083067452727944,8.152902551783505
3222,10993,47.89241376888733,0,0,0,0,0,0,0,1,0,0.0002083067452727944,8.591857681233457e-06,0.0002083067452727944,47.71941276888731
3223,7273,32.26142282907684,0,0,0,0,0,0,0,1,0,0.0002083067452727944,8.591857681233457e-06,0.0002083067452727944,32.25867182907686
3224,10808,48.16950952698012,0,0,0,0,0,0,0,1,0,0.0002083067452727944,8.591857681233457e-06,0.0002083067452727944,48.16675852698005
3225,4313,18.256615693194,0,0,0,0,0,0,0,1,0,0.0002083067452727944,8.591857681233457e-06,0.0002083067452727944,18.083614693194
3226,8155,39.08074955386769,0,0,0,0,0,0,0,1,0,0.0002083067452727944,8.591857681233457e-06,0.0002083067452727944,38.90774855386769
3227,81,22.69807367078579,0,0,0,2,18,0,0,0,0,0.0002083067452727944,8.591857681233457e-06,0.0002083067452727944,-1
3228,6002,27.13769920814106,0,0,0,0,0,0,0,1,0,0.0002083067452727944,8.591857681233457e-06,0.0002083067452727944,26.96469820814104
3229,8215,37.88071853353551,0,0,0,0,0,0,0,1,0,0.0002083067452727944,8.591857681233457e-06,0.0002083067452727944,37.70771753353546
3230,11268,50.48501562691772,0,0,0,0,0,0,0,1,0,0.0002083067452727944,8.591857681233457e-06,0.0002083067452727944,50.31201462691537
3231,6137,30.82495240989988,0,0,0,0,0,0,0,1,0,0.0002083067452727944,8.591857681233457e-06,0.0002083067452727944,30.82220140989987
3232,10371,48.37702907965471,0,0,0,0,0,0,0,1,0,0.0002083067452727944,8.591857681233457e-06,0.0002083067452727944,48.20402807965459
3233,6511,29.97689674512198,0,0,0,0,0,0,0,1,0,0.0002083067452727944,8.591857681233457e-06,0.0002083067452727944,29.974145745122
3234,5281,24.36871747232404,0,0,0,0,0,0,0,1,0,0.0002083067452727944,8.591857681233457e-06,0.0002083067452727944,24.19571647232407
3235,10479,44.27346070418256,0,0,0,0,0,0,0,1,0,0.0002083067452727944,8.591857681233457e-06,0.0002083067452727944,44.10045970418249
3236,8806,41.17354058077055,0,0,0,0,0,0,0,1,0,0.0002083067452727944,8.591857681233457e-06,0.0002083067452727944,41.00053958077051
3237,8081,33.22298304613403,0,0,0,0,0,0,0,1,0,0.0002083067452727944,8.591857681233457e-06,0.0002083067452727944,33.22023204613402
3238,2406,60.04850616501972,0,0,0,5,21,0,0,0,0,0.0002083067452727944,8.591857681233457e-06,0.0002083067452727944,-1
3239,0,1.296488810602934,0,0,0,1,3,0,0,0,0,0.0002083067452727944,8.591857681233457e-06,0.0002083067452727944,-1
3240,3094,14.31510323904477,0,0,0,0,0,0,0,1,0,0.0002083067452727944,8.591857681233457e-06,0.0002083067452727944,14.14210223904477
3241,8870,42.12431135441357,0,0,0,0,0,0,0,1,0,0.0002083067452727944,8.591857681233457e-06,0.0002083067452727944,41.95131035441352
3242,555,18.5429285139762,0,0,0,1,6,0,0,0,0,0.0002083067452727944,8.591857681233457e-06,0.0002083067452727944,-1
3243,8505,40.81306615602156,0,0,0,0,0,0,0,1,0,0.0002083067452727944,8.591857681233457e-06,0.0002083067452727944,40.64006515602339
3244,6265,26.81878329296678,0,0,0,0,0,0,0,1,0,0.0002083067452727944,8.591857681233457e-06,0.0002083067452727944,26.64578229296681
3245,11686,51.094623309538,0,0,0,0,0,0,0,1,0,0.0002083067452727944,8.591857681233457e-06,0.0002083067452727944,50.92162230953791
3246,10615,49.83624469247424,0,0,0,0,0,0,0,1,0,0.0002083067452727944,8.591857681233457e-06,0.0002083067452727944,49.66324369247425
3247,10014,44.84777198390108,0,0,0,0,0,0,0,1,0,0.0002083067452727944,8.591857681233457e-06,0.0002083067452727944,44.84502098398584
3248,6903,29.88130782663818,0,0,0,0,0,0,0,1,0,0.0002083067452727944,8.591857681233457e-06,0.0002083067452727944,29.87855682663819
3249,7549,34.94587412704698,0,0,0,0,0,0,0,1,0,0.0002083067452727944,8.591857681233457e-06,0.0002083067452727944,34.943123127047
3250,8738,40.80821494198796,0,0,0,0,0,0,0,1,0,0.0002083067452727944,8.591857681233457e-06,0.0002083067452727944,40.63521394198786
3251,7908,36.52894193991392,0,0,0,0,0,0,0,1,0,0.0002083067452727944,8.591857681233457e-06,0.0002083067452727944,36.52619093991385
3252,10709,49.2567423213462,0,0,0,0,0,0,0,1,0,0.0002083067452727944,8.591857681233457e-06,0.0002083067452727944,49.08374132134613
3253,7191,30.21445522132287,0,0,0,0,0,0,0,1,0,0.0002083067452727944,8.591857681233457e-06,0.0002083067452727944,30.04145422132288
3254,6068,27.62031596667155,0,0,0,0,0,0,0,1,0,0.0002083067452727944,8.591857681233457e-06,0.0002083067452727944,27.61756496667158
3255,6439,32.90875335976439,0,0,0,0,0,0,0,1,0,0.0002083067452727944,8.591857681233457e-06,0.0002083067452727944,32.7357523597644
3256,7406,35.9104026045899,0,0,0,0,0,0,0,1,0,0.0002083067452727944,8.591857681233457e-06,0.0002083067452727944,35.73740160458988
3257,0,1.478898329827216,0,0,0,1,9,0,0,0,0,0.0002083067452727944,8.591857681233457e-06,0.0002083067452727944,-1
3258,6392,28.74298844915594,0,0,0,0,0,0,0,1,0,0.0002083067452727944,8.591857681233457e-06,0.0002083067452727944,28.74023744915592
3259,8487,39.23873864519918,0,0,0,0,0,0,0,1,0,0.0002083067452727944,8.591857681233457e-06,0.0002083067452727944,39.23598764519923
3260,906,10.29052481715334,0,0,0,1,6,0,0,0,0,0.0002083067452727944,8.591857681233457e-06,0.0002083067452727944,-1
3261,1426,19.33974027617414,0,0,0,2,21,0,0,0,0,0.0002083067452727944,8.591857681233457e-06,0.0002083067452727944,-1
3262,4240,17.28055114522132,0,0,0,0,0,0,0,1,0,0.0002083067452727944,8.591857681233457e-06,0.0002083067452727944,17.10755014522133
3263,10550,48.89456214465283,0,0,0,0,0,0,0,1,0,0.0002083067452727944,8.591857681233457e-06,0.0002083067452727944,48.89181114465283
3264,10103,47.59065185632967,0,0,0,0,0,0,0,1,0,0.0002083067452727944,8.591857681233457e-06,0.0002083067452727944,47.58790085632953
3265,8077,39.26331676693672,0,0,0,0,0,0,0,1,0,0.0002083067452727944,8.591857681233457e-06,0.0002083067452727944,39.09031576693663
3266,6308,24.54997045882351,0,0,0,0,0,0,0,1,0,0.0002083067452727944,8.591857681233457e-06,0.0002083067452727944,24.5472194588235
3267,7557,36.41222498716597,0,0,0,0,0,0,0,1,0,0.0002083067452727944,8.591857681233457e-06,0.0002083067452727944,36.23922398716601
3268,169,2.261336729964892,0,0,0,0,0,0,0,0,0,0.0002083067452727944,8.591857681233457e-06,0.0002083067452727944,-1
3269,6743,33.29366223735411,0,0,0,0,0,0,0,1,0,0.0002083067452727944,8.591857681233457e-06,0.0002083067452727944,33.1206612373541
3270,41,18.96247729271177,0,0,0,2,13,0,0,0,0,0.0002083067452727944,8.591857681233457e-06,0.0002083067452727944,-1
3271,339,45.94260741013716,0,0,0,4,17,0,0,0,0,0.0002083067452727944,8.591857681233457e-06,0.0002083067452727944,-1
3272,6408,27.14215804593297,0,0,0,0,0,0,0,1,0,0.0002083067452727944,8.591857681233457e-06,0.0002083067452727944,26.96915704593299
3273,3304,15.33816800402544,0,0,0,0,0,0,0,1,0,0.0002083067452727944,8.591857681233457e-06,0.0002083067452727944,15.16516700402541
3274,10656,47.84300149084096,0,0,0,0,0,0,0,1,0,0.0002083067452727944,8.591857681233457e-06,0.0002083067452727944,47.67000049084083
3275,7259,34.00028426475567,0,0,0,0,0,0,0,1,0,0.0002083067452727944,8.591857681233457e-06,0.0002083067452727944,33.82728326472215
3276,8932,41.3468856528908,0,0,0,0,0,0,0,1,0,0.0002083067452727944,8.591857681233457e-06,0.0002083067452727944,41.17388465289084
3277,10002,44.72209356269767,0,0,0,0,0,0,0,1,0,0.0002083067452727944,8.591857681233457e-06,0.0002083067452727944,44.54909256269762
3278,9200,44.24864343848236,0,0,0,0,0,0,0,1,0,0.0002083067452727944,8.591857681233457e-06,0.0002083067452727944,44.07564243848228
3279,9838,47.7839677645357,0,0,0,0,0,0,0,1,0,0.0002083067452727944,8.591857681233457e-06,0.0002083067452727944,47.61096676453565
3280,9603,43.56224649938547,0,0,0,0,0,0,0,1,0,0.0002083067452727944,8.591857681233457e-06,0.0002083067452727944,43.38924549938539
3281,1198,34.73799457416618,0,0,0,4,30,0,0,0,0,0.0002083067452727944,8.591857681233457e-06,0.0002083067452727944,-1
3282,380,48.70299006885998,0,0,0,4,19,0,0,0,0,0.0002083067452727944,8.591857681233457e-06,0.0002083067452727944,-1
3283,9193,40.82126482094221,0,0,0,0,0,0,0,1,0,0.0002083067452727944,8.591857681233457e-06,0.0002083067452727944,40.64826382094217
3284,7584,37.98708562710779,0,0,0,0,0,0,0,1,0,0.0002083067452727944,8.591857681233457e-06,0.0002083067452727944,37.81408462712232
3285,8636,37.36735466838064,0,0,0,0,0,0,0,1,0,0.0002083067452727944,8.591857681233457e-06,0.0002083067452727944,37.36460366838053
3286,9167,39.55832802488866,0,0,0,0,0,0,0,1,0,0.0002083067452727944,8.591857681233457e-06,0.0002083067452727944,39.3853270248887
3287,3041,15.48772685079781,0,0,0,0,0,0,0,1,0,0.0002083067452727944,8.591857681233457e-06,0.0002083067452727944,15.31472585079781
3288,10162,46.69219673313731,0,0,0,0,0,0,0,1,0,0.0002083067452727944,8.591857681233457e-06,0.0002083067452727944,46.51919573313727
3289,10036,45.30801753957493,0,0,0,0,0,0,0,1,0,0.0002083067452727944,8.591857681233457e-06,0.0002083067452727944,45.13501653957476
3290,10283,46.27682660797664,0,0,0,0,0,0,0,1,0,0.0002083067452727944,8.591857681233457e-06,0.0002083067452727944,46.1038256079766
3291,10853,47.68464157944744,0,0,0,0,0,0,0,1,0,0.0002083067452727944,8.591857681233457e-06,0.0002083067452727944,47.68189057944741
3292,12106,52.59010404420971,0,0,0,0,0,0,0,1,0,0.0002083067452727944,8.591857681233457e-06,0.0002083067452727944,52.4171030442097
3293,9892,45.96669989555375,0,0,0,0,0,0,0,1,0,0.0002083067452727944,8.591857681233457e-06,0.0002083067452727944,45.96394889555368
3294,6398,29.88166376668783,0,0,0,0,0,0,0,1,0,0.0002083067452727944,8.591857681233457e-06,0.0002083067452727944,29.70866276668782
3295,1902,34.01532539297595,0,0,0,2,7,0,0,0,0,0.0002083067452727944,8.591857681233457e-06,0.0002083067452727944,-1
3296,1918,8.068307008657886,0,0,0,0,0,0,0,1,0,0.0002083067452727944,8.591857681233457e-06,0.0002083067452727944,7.895306008657888
3297,6579,29.58252364808936,0,0,0,0,0,0,0,1,0,0.0002083067452727944,8.591857681233457e-06,0.0002083067452727944,29.40952264808937
3298,0,40.48994489011155,0,0,0,2,15,0,0,0,0,0.0002083067452727944,8.591857681233457e-06,0.0002083067452727944,-1
3299,5050,23.18823769816577,0,0,0,0,0,0,0,1,0,0.0002083067452727944,8.591857681233457e-06,0.0002083067452727944,23.01523669816576
3300,11179,48.00097080110141,0,0,0,0,0,0,0,1,0,0.0002083067452727944,8.591857681233457e-06,0.0002083067452727944,47.82796980110141
3301,11730,51.03824614024175,0,0,0,0,0,0,0,1,0,0.0002083067452727944,8.591857681233457e-06,0.0002083067452727944,51.03549514024176
3302,3565,15.90476622135544,0,0,0,0,0,0,0,1,0,0.0002083067452727944,8.591857681233457e-06,0.0002083067452727944,15.73176522135544
3303,11712,50.17527990198947,0,0,0,0,0,0,0,1,0,0.0002083067452727944,8.591857681233457e-06,0.0002083067452727944,50.00227890198948
3304,10384,47.47590183324473,0,0,0,0,0,0,0,1,0,0.0002083067452727944,8.591857681233457e-06,0.0002083067452727944,47.47315083324471
3305,17,3.885089177543909,0,0,0,1,10,0,0,0,0,0.0002083067452727944,8.591857681233457e-06,0.0002083067452727944,-1
3306,6740,33.38362373438045,0,0,0,0,0,0,0,1,0,0.0002083067452727944,8.591857681233457e-06,0.0002083067452727944,33.21062273438044
3307,49,2.069628195527772,0,0,0,0,0,0,0,0,0,0.0002083067452727944,8.591857681233457e-06,0.0002083067452727944,-1
3308,5446,23.93540130781003,0,0,0,0,0,0,0,1,0,0.0002083067452727944,8.591857681233457e-06,0.0002083067452727944,23.93265030781001
3309,6212,26.23791806608957,0,0,0,0,0,0,0,1,0,0.0002083067452727944,8.591857681233457e-06,0.0002083067452727944,26.06491706608955
3310,11071,48.22973038172609,0,0,0,0,0,0,0,1,0,0.0002083067452727944,8.591857681233457e-06,0.0002083067452727944,48.05672938172604
3311,9152,43.02558360178046,0,0,0,0,0,0,0,1,0,0.0002083067452727944,8.591857681233457e-06,0.0002083067452727944,42.85258260206611
3312,3501,15.89350126286902,0,0,0,0,0,0,0,1,0,0.0002083067452727944,8.591857681233457e-06,0.0002083067452727944,15.72050026286903
3313,5986,26.97013224309153,0,0,0,0,0,0,0,1,0,0.0002083067452727944,8.591857681233457e-06,0.0002083067452727944,26.79713124309153
3314,9951,44.67996452327984,0,0,0,0,0,0,0,1,0,0.0002083067452727944,8.591857681233457e-06,0.0002083067452727944,44.67721352327986
3315,3544,15.88406397910956,0,0,0,0,0,0,0,1,0,0.0002083067452727944,8.591857681233457e-06,0.0002083067452727944,15.71106297910956
3316,4175,18.34843672213334,0,0,0,0,0,0,0,1,0,0.0002083067452727944,8.591857681233457e-06,0.0002083067452727944,18.17543572213333
3317,3870,18.42425149248447,0,0,0,0,0,0,0,1,0,0.0002083067452727944,8.591857681233457e-06,0.0002083067452727944,18.25125049248444
3318,16,1.838900427297669,0,0,0,0,0,0,0,0,0,0.0002083067452727944,8.591857681233457e-06,0.0002083067452727944,-1
3319,257,44.7321910394536,0,0,0,2,15,0,0,0,0,0.0002083067452727944,8.591857681233457e-06,0.0002083067452727944,-1
3320,5270,25.19622322190866,0,0,0,0,0,0,0,1,0,0.0002083067452727944,8.591857681233457e-06,0.0002083067452727944,25.19347222190866
3321,10163,43.41002419311899,0,0,0,0,0,0,0,1,0,0.0002083067452727944,8.591857681233457e-06,0.0002083067452727944,43.23702319311901
3322,108,2.636851082610216,0,0,0,0,0,0,0,0,0,0.0002083067452727944,8.591857681233457e-06,0.0002083067452727944,-1
3323,394,13.69062049173131,0,0,0,2,19,0,0,0,0,0.0002083067452727944,8.591857681233457e-06,0.0002083067452727944,-1
3324,6303,29.97948580969743,0,0,0,0,0,0,0,1,0,0.0002083067452727944,8.591857681233457e-06,0.0002083067452727944,29.80648480969746
3325,2804,14.56570528746649,0,0,0,0,0,0,0,1,0,0.0002083067452727944,8.591857681233457e-06,0.0002083067452727944,14.39270428746649
3326,1724,8.245587407723061,0,0,0,0,0,0,0,1,0,0.0002083067452727944,8.591857681233457e-06,0.0002083067452727944,8.072586407723064
3327,8738,40.83780183077782,0,0,0,0,0,0,0,1,0,0.0002083067452727944,8.591857681233457e-06,0.0002083067452727944,40.83505083077789
3328,10616,45.67283026340272,0,0,0,0,0,0,0,1,0,0.0002083067452727944,8.591857681233457e-06,0.0002083067452727944,45.49982926340263
3329,0,8.403342252092218,0,0,0,2,11,0,0,0,0,0.0002083067452727944,8.591857681233457e-06,0.0002083067452727944,-1
3330,9887,42.98686206514466,0,0,0,0,0,0,0,1,0,0.0002083067452727944,8.591857681233457e-06,0.0002083067452727944,42.81386106514457
3331,2179,12.38837686132463,0,0,0,0,0,0,0,1,0,0.0002083067452727944,8.591857681233457e-06,0.0002083067452727944,12.38562586132463
3332,6934,33.64695540547715,0,0,0,0,0,0,0,1,0,0.0002083067452727944,8.591857681233457e-06,0.0002083067452727944,33.47395440539736
3333,1087,5.282143948542644,0,0,0,0,0,0,0,1,0,0.0002083067452727944,8.591857681233457e-06,0.0002083067452727944,5.109142948542639
3334,287,7.658053842960286,0,0,0,2,17,0,0,0,0,0.0002083067452727944,8.591857681233457e-06,0.0002083067452727944,-1
3335,8436,39.33031092239113,0,0,0,0,0,0,0,1,0,0.0002083067452727944,8.591857681233457e-06,0.0002083067452727944,39.32755992239106
3336,6623,32.25314737265705,0,0,0,0,0,0,0,1,0,0.0002083067452727944,8.591857681233457e-06,0.0002083067452727944,32.080146372657
3337,7778,34.54049095075894,0,0,0,0,0,0,0,1,0,0.0002083067452727944,8.591857681233457e-06,0.0002083067452727944,34.36748995075894
3338,9182,44.30473026251069,0,0,0,0,0,0,0,1,0,0.0002083067452727944,8.591857681233457e-06,0.0002083067452727944,44.30197926251068
3339,7600,35.40975456254207,0,0,0,0,0,0,0,1,0,0.0002083067452727944,8.591857681233457e-06,0.0002083067452727944,35.40700356254207
3340,0,8.528223864703801,0,0,0,2,12,0,0,0,0,0.0002083067452727944,8.591857681233457e-06,0.0002083067452727944,-1
3341,8984,41.29165159690066,0,0,0,0,0,0,0,1,0,0.0002083067452727944,8.591857681233457e-06,0.0002083067452727944,41.28890059690061
3342,10565,47.13000647621281,0,0,0,0,0,0,0,1,0,0.0002083067452727944,8.591857681233457e-06,0.0002083067452727944,46.95700547621284
3343,8527,36.29980653149251,0,0,0,0,0,0,0,1,0,0.0002083067452727944,8.591857681233457e-06,0.0002083067452727944,36.29705553149254
3344,10386,45.16823278392396,0,0,0,0,0,0,0,1,0,0.0002083067452727944,8.591857681233457e-06,0.0002083067452727944,44.99523178392394
3345,6860,32.93339865519484,0,0,0,0,0,0,0,1,0,0.0002083067452727944,8.591857681233457e-06,0.0002083067452727944,32.76039765519483
3346,8353,38.16972754389688,0,0,0,0,0,0,0,1,0,0.0002083067452727944,8.591857681233457e-06,0.0002083067452727944,37.99672654389687
3347,1294,7.440412561927991,0,0,0,0,0,0,0,1,0,0.0002083067452727944,8.591857681233457e-06,0.0002083067452727944,7.267411561927991
3348,6008,26.90906987065666,0,0,0,0,0,0,0,1,0,0.0002083067452727944,8.591857681233457e-06,0.0002083067452727944,26.73606887065666
3349,7951,40.1148750731053,0,0,0,0,0,0,0,1,0,0.0002083067452727944,8.591857681233457e-06,0.0002083067452727944,40.11212407310527
3350,9945,48.05700365843779,0,0,0,0,0,0,0,1,0,0.0002083067452727944,8.591857681233457e-06,0.0002083067452727944,47.88400265843779
3351,10362,44.84218115237599,0,0,0,0,0,0,0,1,0,0.0002083067452727944,8.591857681233457e-06,0.0002083067452727944,44.66918015237598
3352,0,8.464877595967184,0,0,0,2,15,0,0,0,0,0.0002083067452727944,8.591857681233457e-06,0.0002083067452727944,-1
3353,8055,36.40379748456422,0,0,0,0,0,0,0,1,0,0.0002083067452727944,8.591857681233457e-06,0.0002083067452727944,36.40104648456427
3354,9315,43.22963786500765,0,0,0,0,0,0,0,1,0,0.0002083067452727944,8.591857681233457e-06,0.0002083067452727944,43.05663686500765
3355,5668,24.67864564148027,0,0,0,0,0,0,0,1,0,0.0002083067452727944,8.591857681233457e-06,0.0002083067452727944,24.67589464148026
3356,9296,41.4432142834864,0,0,0,0,0,0,0,1,0,0.0002083067452727944,8.591857681233457e-06,0.0002083067452727944,41.27021328348639
3357,7265,35.61809841032107,0,0,0,0,0,0,0,1,0,0.0002083067452727944,8.591857681233457e-06,0.0002083067452727944,35.44509741032108
3358,6546,27.32450791576293,0,0,0,0,0,0,0,1,0,0.0002083067452727944,8.591857681233457e-06,0.0002083067452727944,27.32175691576296
3359,7857,33.78780168220825,0,0,0,0,0,0,0,1,0,0.0002083067452727944,8.591857681233457e-06,0.0002083067452727944,33.6148006822082
3360,5827,30.12111281829495,0,0,0,0,0,0,0,1,0,0.0002083067452727944,8.591857681233457e-06,0.0002083067452727944,29.94811181829493
3361,6052,29.38063972230503,0,0,0,0,0,0,0,1,0,0.0002083067452727944,8.591857681233457e-06,0.0002083067452727944,29.20763872230506
3362,10294,43.47259492162016,0,0,0,0,0,0,0,1,0,0.0002083067452727944,8.591857681233457e-06,0.0002083067452727944,43.29959392162012
3363,5116,21.04051304323885,0,0,0,0,0,0,0,1,0,0.0002083067452727944,8.591857681233457e-06,0.0002083067452727944,21.03776204323886
3364,11481,51.49924568316676,0,0,0,0,0,0,0,1,0,0.0002083067452727944,8.591857681233457e-06,0.0002083067452727944,51.49649468316669
3365,8288,36.97675367171711,0,0,0,0,0,0,0,1,0,0.0002083067452727944,8.591857681233457e-06,0.0002083067452727944,36.97400267171717
3366,1543,7.854486126890385,0,0,0,0,0,0,0,1,0,0.0002083067452727944,8.591857681233457e-06,0.0002083067452727944,7.851735126890382
3367,8888,39.7976007703485,0,0,0,0,0,0,0,1,0,0.0002083067452727944,8.591857681233457e-06,0.0002083067452727944,39.62459977034858
3368,7708,36.1578455393758,0,0,0,0,0,0,0,1,0,0.0002083067452727944,8.591857681233457e-06,0.0002083067452727944,36.15509453937583
3369,3283,17.58804573448636,0,0,0,0,0,0,0,1,0,0.0002083067452727944,8.591857681233457e-06,0.0002083067452727944,17.41504473448637
3370,6382,30.46750826792049,0,0,0,0,0,0,0,1,0,0.0002083067452727944,8.591857681233457e-06,0.0002083067452727944,30.29450726792049
3371,11162,49.01209229908579,0,0,0,0,0,0,0,1,0,0.0002083067452727944,8.591857681233457e-06,0.0002083067452727944,49.00934129908578
3372,0,15.63495700864422,0,0,0,3,29,0,0,0,0,0.0002083067452727944,8.591857681233457e-06,0.0002083067452727944,-1
3373,7831,35.51236426507536,0,0,0,0,0,0,0,1,0,0.0002083067452727944,8.591857681233457e-06,0.0002083067452727944,35.33936326506454
3374,11726,52.92007375049262,0,0,0,0,0,0,0,1,0,0.0002083067452727944,8.591857681233457e-06,0.0002083067452727944,52.74707275049244
3375,6260,28.85952542787627,0,0,0,0,0,0,0,1,0,0.0002083067452727944,8.591857681233457e-06,0.0002083067452727944,28.85677442787628
3376,9784,44.90572224271909,0,0,0,0,0,0,0,1,0,0.0002083067452727944,8.591857681233457e-06,0.0002083067452727944,44.73272124270179
3377,11755,50.80040613223864,0,0,0,0,0,0,0,1,0,0.0002083067452727944,8.591857681233457e-06,0.0002083067452727944,50.62740513223865
3378,10774,47.99025512154444,0,0,0,0,0,0,0,1,0,0.0002083067452727944,8.591857681233457e-06,0.0002083067452727944,47.81725412154443
3379,4450,20.44903768882488,0,0,0,0,0,0,0,1,0,0.0002083067452727944,8.591857681233457e-06,0.0002083067452727944,20.27603668882488
3380,0,1.95746230119644,0,0,0,1,7,0,0,0,0,0.0002083067452727944,8.591857681233457e-06,0.0002083067452727944,-1
3381,235,41.75671069037384,0,0,0,4,25,0,0,0,0,0.0002083067452727944,8.591857681233457e-06,0.0002083067452727944,-1
3382,8705,37.76361647183695,0,0,0,0,0,0,0,1,0,0.0002083067452727944,8.591857681233457e-06,0.0002083067452727944,37.76086547183697
3383,0,0.002751,0,0,0,0,0,0,0,0,0,0.0002083067452727944,8.591857681233457e-06,0.0002083067452727944,-1
3384,9596,42.77339651131268,0,0,0,0,0,0,0,1,0,0.0002083067452727944,8.591857681233457e-06,0.0002083067452727944,42.7706455113127
3385,10547,51.22150290438729,0,0,0,0,0,0,0,1,0,0.0002083067452727944,8.591857681233457e-06,0.0002083067452727944,51.04850190438717
3386,10138,44.80769997014452,0,0,0,0,0,0,0,1,0,0.0002083067452727944,8.591857681233457e-06,0.0002083067452727944,44.63469897014454
3387,6042,27.45178943289095,0,0,0,0,0,0,0,1,0,0.0002083067452727944,8.591857681233457e-06,0.0002083067452727944,27.27878843289097
3388,6478,28.61624876685671,0,0,0,0,0,0,0,1,0,0.0002083067452727944,8.591857681233457e-06,0.0002083067452727944,28.44324776685668
3389,5297,25.95074819719067,0,0,0,0,0,0,0,1,0,0.0002083067452727944,8.591857681233457e-06,0.0002083067452727944,25.77774719719069
3390,1746,7.257732850767097,0,0,0,0,0,0,0,1,0,0.0002083067452727944,8.591857681233457e-06,0.0002083067452727944,7.084731850767098
3391,8539,40.79793854797332,0,0,0,0,0,0,0,1,0,0.0002083067452727944,8.591857681233457e-06,0.0002083067452727944,40.62493754797331
3392,11417,51.89872020783837,0,0,0,0,0,0,0,1,0,0.0002083067452727944,8.591857681233457e-06,0.0002083067452727944,51.72571920783835
3393,10752,52.22532359236983,0,0,0,0,0,0,0,1,0,0.0002083067452727944,8.591857681233457e-06,0.0002083067452727944,52.05232259236974
3394,855,12.68600502705504,0,0,0,1,4,0,0,0,0,0.0002083067452727944,8.591857681233457e-06,0.0002083067452727944,-1
3395,9411,44.56768251399041,0,0,0,0,0,0,0,1,0,0.0002083067452727944,8.591857681233457e-06,0.0002083067452727944,44.5649315139904
3396,10756,50.41517894838231,0,0,0,0,0,0,0,1,0,0.0002083067452727944,8.591857681233457e-06,0.0002083067452727944,50.24217794838226
3397,10506,45.48406402273612,0,0,0,0,0,0,0,1,0,0.0002083067452727944,8.591857681233457e-06,0.0002083067452727944,45.31106302273614
3398,7637,36.90188622647165,0,0,0,0,0,0,0,1,0,0.0002083067452727944,8.591857681233457e-06,0.0002083067452727944,36.72888522647166
3399,10552,48.80625344584007,0,0,0,0,0,0,0,1,0,0.0002083067452727944,8.591857681233457e-06,0.0002083067452727944,48.63325244584016
3400,0,0.173001,0,0,0,0,0,0,0,0,0,0.0002083067452727944,8.591857681233457e-06,0.0002083067452727944,-1
3401,10637,46.87674156397824,0,0,0,0,0,0,0,1,0,0.0002083067452727944,8.591857681233457e-06,0.0002083067452727944,46.70374056397817
3402,9526,44.00482201917646,0,0,0,0,0,0,0,1,0,0.0002083067452727944,8.591857681233457e-06,0.0002083067452727944,43.83182101917657
3403,11519,50.50300826858847,0,0,0,0,0,0,0,1,0,0.0002083067452727944,8.591857681233457e-06,0.0002083067452727944,50.50025726858841
3404,3528,17.77647696297179,0,0,0,0,0,0,0,1,0,0.0002083067452727944,8.591857681233457e-06,0.0002083067452727944,17.77372596297691
3405,205,26.66917959146584,0,0,0,3,20,0,0,0,0,0.0002083067452727944,8.591857681233457e-06,0.0002083067452727944,-1
3406,10084,46.09418924279335,0,0,0,0,0,0,0,1,0,0.0002083067452727944,8.591857681233457e-06,0.0002083067452727944,46.09143824279328
3407,7124,29.59689570777047,0,0,0,0,0,0,0,1,0,0.0002083067452727944,8.591857681233457e-06,0.0002083067452727944,29.42389470777048
3408,5889,25.53268677502011,0,0,0,0,0,0,0,1,0,0.0002083067452727944,8.591857681233457e-06,0.0002083067452727944,25.3596857750201
3409,8178,35.21554140254785,0,0,0,0,0,0,0,1,0,0.0002083067452727944,8.591857681233457e-06,0.0002083067452727944,35.21279040254785
3410,4384,20.86902731701566,0,0,0,0,0,0,0,1,0,0.0002083067452727944,8.591857681233457e-06,0.0002083067452727944,20.69602631701564
3411,9791,42.31915050457353,0,0,0,0,0,0,0,1,0,0.0002083067452727944,8.591857681233457e-06,0.0002083067452727944,42.31639950457355
3412,8802,39.8677016259723,0,0,0,0,0,0,0,1,0,0.0002083067452727944,8.591857681233457e-06,0.0002083067452727944,39.86495062597228
3413,5727,25.8160868379542,0,0,0,0,0,0,0,1,0,0.0002083067452727944,8.591857681233457e-06,0.0002083067452727944,25.64308583795419
3414,6892,33.16004090122522,0,0,0,0,0,0,0,1,0,0.0002083067452727944,8.591857681233457e-06,0.0002083067452727944,33.15728990122526
3415,9025,39.74077005055798,0,0,0,0,0,0,0,1,0,0.0002083067452727944,8.591857681233457e-06,0.0002083067452727944,39.56776905055801
3416,29,1.429738497109128,0,0,0,1,4,0,0,0,0,0.0002083067452727944,8.591857681233457e-06,0.0002083067452727944,-1
3417,8668,39.84356384698696,0,0,0,0,0,0,0,1,0,0.0002083067452727944,8.591857681233457e-06,0.0002083067452727944,39.84081284700283
3418,8376,38.21534669335535,0,0,0,0,0,0,0,1,0,0.0002083067452727944,8.591857681233457e-06,0.0002083067452727944,38.04234569335527
3419,6408,26.48118286014451,0,0,0,0,0,0,0,1,0,0.0002083067452727944,8.591857681233457e-06,0.0002083067452727944,26.3081818601445
3420,7056,31.86121522132535,0,0,0,0,0,0,0,1,0,0.0002083067452727944,8.591857681233457e-06,0.0002083067452727944,31.85846422132533
3421,10390,48.33898718162509,0,0,0,0,1,0,0,1,0,0.0002083067452727944,8.591857681233457e-06,0.0002083067452727944,48.16598618162345
3422,9879,46.27534737328007,0,0,0,0,0,0,0,1,0,0.0002083067452727944,8.591857681233457e-06,0.0002083067452727944,46.10234637224693
3423,9411,40.06838401542951,0,0,0,0,0,0,0,1,0,0.0002083067452727944,8.591857681233457e-06,0.0002083067452727944,39.89538301542944
3424,11131,50.1257462548277,0,0,0,0,0,0,0,1,0,0.0002083067452727944,8.591857681233457e-06,0.0002083067452727944,49.95274525482773
3425,2120,9.848709819718115,0,0,0,0,0,0,0,1,0,0.0002083067452727944,8.591857681233457e-06,0.0002083067452727944,9.675708819718119
3426,1537,6.652798014419144,0,0,0,0,0,0,0,1,0,0.0002083067452727944,8.591857681233457e-06,0.0002083067452727944,6.65004701441915
3427,8174,38.86283139766846,0,0,0,0,0,0,0,1,0,0.0002083067452727944,8.591857681233457e-06,0.0002083067452727944,38.68983039766847
3428,7117,33.01578588419366,0,0,0,0,0,0,0,1,0,0.0002083067452727944,8.591857681233457e-06,0.0002083067452727944,32.84278488419365
3429,9513,39.7225134496454,0,0,0,0,0,0,0,1,0,0.0002083067452727944,8.591857681233457e-06,0.0002083067452727944,39.54951244964539
3430,6859,30.24195161676933,0,0,0,0,0,0,0,1,0,0.0002083067452727944,8.591857681233457e-06,0.0002083067452727944,30.06895061676932
3431,8363,35.31463052944908,0,0,0,0,0,0,0,1,0,0.0002083067452727944,8.591857681233457e-06,0.0002083067452727944,35.14162952944906
3432,6409,28.47622581988198,0,0,0,0,0,0,0,1,0,0.0002083067452727944,8.591857681233457e-06,0.0002083067452727944,28.30322481988195
3433,9239,42.24053836258054,0,0,0,0,0,0,0,1,0,0.0002083067452727944,8.591857681233457e-06,0.0002083067452727944,42.06753736258054
3434,79,1.859678675245584,0,0,0,0,0,0,0,0,0,0.0002083067452727944,8.591857681233457e-06,0.0002083067452727944,-1
3435,10469,48.02490351973507,0,0,0,0,0,0,0,1,0,0.0002083067452727944,8.591857681233457e-06,0.0002083067452727944,47.85190251973505
3436,6601,35.46922380338155,0,0,0,0,1,0,0,1,0,0.0002083067452727944,8.591857681233457e-06,0.0002083067452727944,35.46647280338172
3437,2480,9.745159154167141,0,0,0,0,0,0,0,1,0,0.0002083067452727944,8.591857681233457e-06,0.0002083067452727944,9.572158154167134
3438,6256,25.60163817283727,0,0,0,0,0,0,0,1,0,0.0002083067452727944,8.591857681233457e-06,0.0002083067452727944,25.42863717283728
3439,87,2.315073761492496,0,0,0,0,0,0,0,0,0,0.0002083067452727944,8.591857681233457e-06,0.0002083067452727944,-1
3440,8033,35.5371009662268,0,0,0,0,0,0,0,1,0,0.0002083067452727944,8.591857681233457e-06,0.0002083067452727944,35.53434996622678
3441,5240,25.47298013637501,0,0,0,0,0,0,0,1,0,0.0002083067452727944,8.591857681233457e-06,0.0002083067452727944,25.29997913637645
3442,2203,8.648745206672956,0,0,0,0,0,0,0,1,0,0.0002083067452727944,8.591857681233457e-06,0.0002083067452727944,8.645994206672956
3443,10587,49.9582151357727,0,0,0,0,0,0,0,1,0,0.0002083067452727944,8.591857681233457e-06,0.0002083067452727944,49.7852141357727
3444,7839,34.29043566355639,0,0,0,0,0,0,0,1,0,0.0002083067452727944,8.591857681233457e-06,0.0002083067452727944,34.11743466355639
3445,11191,51.3569280808548,0,0,0,0,0,0,0,1,0,0.0002083067452727944,8.591857681233457e-06,0.0002083067452727944,51.18392708085474
3446,8756,42.80488700923163,0,0,0,0,0,0,0,1,0,0.0002083067452727944,8.591857681233457e-06,0.0002083067452727944,42.80213600923156
3447,7090,33.70867876447009,0,0,0,0,0,0,0,1,0,0.0002083067452727944,8.591857681233457e-06,0.0002083067452727944,33.70592776447013
3448,6372,28.46317162839936,0,0,0,0,0,0,0,1,0,0.0002083067452727944,8.591857681233457e-06,0.0002083067452727944,28.46042062839934
3449,7079,33.27671233514193,0,0,0,0,0,0,0,1,0,0.0002083067452727944,8.591857681233457e-06,0.0002083067452727944,33.10371133514196
3450,664,3.563459380179019,0,0,0,0,0,0,0,1,0,0.0002083067452727944,8.591857681233457e-06,0.0002083067452727944,3.390458380179018
3451,5286,26.73138548242546,0,0,0,0,0,0,0,1,0,0.0002083067452727944,8.591857681233457e-06,0.0002083067452727944,26.72863448242543
3452,742,28.05403353150437,0,0,0,2,16,0,0,0,0,0.0002083067452727944,8.591857681233457e-06,0.0002083067452727944,-1
3453,10610,45.63162039987454,0,0,0,0,0,0,0,1,0,0.0002083067452727944,8.591857681233457e-06,0.0002083067452727944,45.45861939987444
3454,9221,43.71490060376353,0,0,0,0,0,0,0,1,0,0.0002083067452727944,8.591857681233457e-06,0.0002083067452727944,43.71214960376346
3455,9693,42.73158140080429,0,0,0,0,0,0,0,1,0,0.0002083067452727944,8.591857681233457e-06,0.0002083067452727944,42.72883040080433
3456,5418,21.88151195766316,0,0,0,0,0,0,0,1,0,0.0002083067452727944,8.591857681233457e-06,0.0002083067452727944,21.87876095766314
3457,9139,38.4147830599425,0,0,0,0,0,0,0,1,0,0.0002083067452727944,8.591857681233457e-06,0.0002083067452727944,38.41203205994254
3458,3955,20.8886053664182,0,0,0,0,0,0,0,1,0,0.0002083067452727944,8.591857681233457e-06,0.0002083067452727944,20.88585436648984
3459,4437,18.3084272139653,0,0,0,0,0,0,0,1,0,0.0002083067452727944,8.591857681233457e-06,0.0002083067452727944,18.3056762139653
3460,3234,15.76835886124737,0,0,0,0,0,0,0,1,0,0.0002083067452727944,8.591857681233457e-06,0.0002083067452727944,15.59535786124737
3461,8053,36.89995926860833,0,0,0,0,0,0,0,1,0,0.0002083067452727944,8.591857681233457e-06,0.0002083067452727944,36.72695826860834
3462,10249,47.59535150626361,0,0,0,0,0,0,0,1,0,0.0002083067452727944,8.591857681233457e-06,0.0002083067452727944,47.42235050626369
3463,8853,41.10466174735308,0,0,0,0,0,0,0,1,0,0.0002083067452727944,8.591857681233457e-06,0.0002083067452727944,40.93166074735309
3464,8459,40.12221589982639,0,0,0,0,0,0,0,1,0,0.0002083067452727944,8.591857681233457e-06,0.0002083067452727944,40.11946489982639
3465,5909,29.57621635944097,0,0,0,0,0,0,0,1,0,0.0002083067452727944,8.591857681233457e-06,0.0002083067452727944,29.40321535944098
3466,10779,51.64727753261597,0,0,0,0,0,0,0,1,0,0.0002083067452727944,8.591857681233457e-06,0.0002083067452727944,51.47427653263291
3467,1507,51.50550355268859,0,0,0,3,16,0,0,0,0,0.0002083067452727944,8.591857681233457e-06,0.0002083067452727944,-1
3468,8534,41.55873422063824,0,0,0,0,0,0,0,1,0,0.0002083067452727944,8.591857681233457e-06,0.0002083067452727944,41.38573322063824
3469,1349,50.03138247282267,0,0,0,4,21,0,0,0,0,0.0002083067452727944,8.591857681233457e-06,0.0002083067452727944,-1
3470,5133,24.63064868802232,0,0,0,0,0,0,0,1,0,0.0002083067452727944,8.591857681233457e-06,0.0002083067452727944,24.62789768802232
3471,3065,12.76109151509842,0,0,0,0,0,0,0,1,0,0.0002083067452727944,8.591857681233457e-06,0.0002083067452727944,12.58809051509844
3472,1686,26.82720428104889,0,0,0,2,10,0,0,0,0,0.0002083067452727944,8.591857681233457e-06,0.0002083067452727944,-1
3473,7144,31.07076690101515,0,0,0,0,0,0,0,1,0,0.0002083067452727944,8.591857681233457e-06,0.0002083067452727944,31.06801590101512
3474,3494,16.35428357815662,0,0,0,0,0,0,0,1,0,0.0002083067452727944,8.591857681233457e-06,0.0002083067452727944,16.35153257815662
3475,234,3.448055168990413,0,0,0,2,14,0,0,0,0,0.0002083067452727944,8.591857681233457e-06,0.0002083067452727944,-1
3476,11813,54.42995988208281,0,0,0,0,0,0,0,1,0,0.0002083067452727944,8.591857681233457e-06,0.0002083067452727944,54.25695888168163
3477,7992,39.98724501680895,0,0,0,0,0,0,0,1,0,0.0002083067452727944,8.591857681233457e-06,0.0002083067452727944,39.8142440166651
3478,10100,44.13898966787907,0,0,0,0,0,0,0,1,0,0.0002083067452727944,8.591857681233457e-06,0.0002083067452727944,43.96598866787895
3479,5890,28.221409125745,0,0,0,0,0,0,0,1,0,0.0002083067452727944,8.591857681233457e-06,0.0002083067452727944,28.04840812574499
3480,9605,43.95732717888021,0,0,0,0,0,0,0,1,0,0.0002083067452727944,8.591857681233457e-06,0.0002083067452727944,43.78432617888016
3481,9760,46.08177678685256,0,0,0,0,0,0,0,1,0,0.0002083067452727944,8.591857681233457e-06,0.0002083067452727944,45.9087757867464
3482,7927,35.61446357546427,0,0,0,0,0,0,0,1,0,0.0002083067452727944,8.591857681233457e-06,0.0002083067452727944,35.44146257546421
3483,10494,46.89968851105317,0,0,0,0,0,0,0,1,0,0.0002083067452727944,8.591857681233457e-06,0.0002083067452727944,46.72668751105317
3484,3841,18.09798084125108,0,0,0,0,0,0,0,1,0,0.0002083067452727944,8.591857681233457e-06,0.0002083067452727944,17.92497984125107
3485,7092,32.61364643707223,0,0,0,0,0,0,0,1,0,0.0002083067452727944,8.591857681233457e-06,0.0002083067452727944,32.44064543707222
3486,6659,30.71385012720785,0,0,0,0,0,0,0,1,0,0.0002083067452727944,8.591857681233457e-06,0.0002083067452727944,30.54084912720784
3487,10574,46.10752188776998,0,0,0,0,0,0,0,1,0,0.0002083067452727944,8.591857681233457e-06,0.0002083067452727944,46.10477088776776
3488,699,29.26837141665593,0,0,0,3,26,0,0,0,0,0.0002083067452727944,8.591857681233457e-06,0.0002083067452727944,-1
3489,8714,41.20138525793761,0,0,0,0,1,0,0,1,0,0.0002083067452727944,8.591857681233457e-06,0.0002083067452727944,41.02838425794104
3490,9304,42.56737456056226,0,0,0,0,0,0,0,1,0,0.0002083067452727944,8.591857681233457e-06,0.0002083067452727944,42.56462356052336
3491,4151,20.16848248224164,0,0,0,0,0,0,0,1,0,0.0002083067452727944,8.591857681233457e-06,0.0002083067452727944,20.16573148224161
3492,11321,51.70372270217318,0,0,0,0,0,0,0,1,0,0.0002083067452727944,8.591857681233457e-06,0.0002083067452727944,51.53072170217085
3493,9913,47.36153495898625,0,0,0,0,0,0,0,1,0,0.0002083067452727944,8.591857681233457e-06,0.0002083067452727944,47.18853395898637
3494,10200,45.65490663234765,0,0,0,0,0,0,0,1,0,0.0002083067452727944,8.591857681233457e-06,0.0002083067452727944,45.48190563252212
3495,3599,18.59322794817205,0,0,0,0,0,0,0,1,0,0.0002083067452727944,8.591857681233457e-06,0.0002083067452727944,18.59047694817203
3496,24,1.642219240326197,0,0,0,0,0,0,0,0,0,0.0002083067452727944,8.591857681233457e-06,0.0002083067452727944,-1
3497,10,11.29060447626198,0,0,0,2,14,0,0,0,0,0.0002083067452727944,8.591857681233457e-06,0.0002083067452727944,-1
3498,11136,50.49154334620575,0,0,0,0,0,0,0,1,0,0.0002083067452727944,8.591857681233457e-06,0.0002083067452727944,50.48879234620574
3499,8931,37.63272034796957,0,0,0,0,0,0,0,1,0,0.0002083067452727944,8.591857681233457e-06,0.0002083067452727944,37.62996934796956
3500,9925,44.12628651623956,0,0,0,0,0,0,0,1,0,0.0002083067452727944,8.591857681233457e-06,0.0002083067452727944,43.9532855162396
3501,1784,23.49714730542143,0,0,0,3,22,0,0,0,0,0.0002083067452727944,8.591857681233457e-06,0.0002083067452727944,-1
3502,1,9.785004173798987,0,0,0,2,16,0,0,0,0,0.0002083067452727944,8.591857681233457e-06,0.0002083067452727944,-1
3503,10837,46.72604735767027,0,0,0,0,0,0,0,1,0,0.0002083067452727944,8.591857681233457e-06,0.0002083067452727944,46.55304635767017
3504,5478,25.47585968503714,0,0,0,0,0,0,0,1,0,0.0002083067452727944,8.591857681233457e-06,0.0002083067452727944,25.30285868503715
3505,12278,50.7350627970238,0,0,0,0,0,0,0,1,0,0.0002083067452727944,8.591857681233457e-06,0.0002083067452727944,50.73231179702378
3506,6990,32.54048604082111,0,0,0,0,0,0,0,1,0,0.0002083067452727944,8.591857681233457e-06,0.0002083067452727944,32.36748504080357
3507,1609,13.52650711207902,0,0,0,1,9,0,0,0,0,0.0002083067452727944,8.591857681233457e-06,0.0002083067452727944,-1
3508,720,17.6282395897423,0,0,0,2,9,0,0,0,0,0.0002083067452727944,8.591857681233457e-06,0.0002083067452727944,-1
3509,8151,41.29260097225111,0,0,0,0,0,0,0,1,0,0.0002083067452727944,8.591857681233457e-06,0.0002083067452727944,41.11959997225096
3510,7717,36.16780463327386,0,0,0,0,0,0,0,1,0,0.0002083067452727944,8.591857681233457e-06,0.0002083067452727944,35.99480363327383
3511,8750,43.25448707382041,0,0,0,0,0,0,0,1,0,0.0002083067452727944,8.591857681233457e-06,0.0002083067452727944,43.08148607382039
3512,6512,27.19486823118706,0,0,0,0,0,0,0,1,0,0.0002083067452727944,8.591857681233457e-06,0.0002083067452727944,27.02186723118704
3513,9472,41.7359792889911,0,0,0,0,0,0,0,1,0,0.0002083067452727944,8.591857681233457e-06,0.0002083067452727944,41.56297828899112
3514,10531,48.11744124086767,0,0,0,0,0,0,0,1,0,0.0002083067452727944,8.591857681233457e-06,0.0002083067452727944,47.94444024086762
3515,11401,49.53348208390798,0,0,0,0,0,0,0,1,0,0.0002083067452727944,8.591857681233457e-06,0.0002083067452727944,49.36048108390804
3516,8174,35.28073050298338,0,0,0,0,0,0,0,1,0,0.0002083067452727944,8.591857681233457e-06,0.0002083067452727944,35.27797950298333
3517,9927,42.98003899189143,0,0,0,0,0,0,0,1,0,0.0002083067452727944,8.591857681233457e-06,0.0002083067452727944,42.80703799189142
3518,52,2.181101391396904,0,0,0,1,3,0,0,0,0,0.0002083067452727944,8.591857681233457e-06,0.0002083067452727944,-1
3519,7101,32.62011309953093,0,0,0,0,0,0,0,1,0,0.0002083067452727944,8.591857681233457e-06,0.0002083067452727944,32.44711209953092
3520,11629,50.69166870629444,0,0,0,0,0,0,0,1,0,0.0002083067452727944,8.591857681233457e-06,0.0002083067452727944,50.68891770629443
3521,11032,49.6266960256944,0,0,0,0,0,0,0,1,0,0.0002083067452727944,8.591857681233457e-06,0.0002083067452727944,49.4536950256943
3522,6158,32.38876902344071,0,0,0,0,0,0,0,1,0,0.0002083067452727944,8.591857681233457e-06,0.0002083067452727944,32.21576802350467
3523,5868,25.01864167635131,0,0,0,0,0,0,0,1,0,0.0002083067452727944,8.591857681233457e-06,0.0002083067452727944,24.8456406763513
3524,3215,15.08991007961803,0,0,0,0,0,0,0,1,0,0.0002083067452727944,8.591857681233457e-06,0.0002083067452727944,15.08715907961803
3525,11542,51.12932633701802,0,0,0,0,0,0,0,1,0,0.0002083067452727944,8.591857681233457e-06,0.0002083067452727944,51.12657533701793
3526,6027,25.3134841964282,0,0,0,0,0,0,0,1,0,0.0002083067452727944,8.591857681233457e-06,0.0002083067452727944,25.31073319642819
3527,9832,42.84249376641462,0,0,0,0,0,0,0,1,0,0.0002083067452727944,8.591857681233457e-06,0.0002083067452727944,42.66949276641461
3528,7161,33.54228438895318,0,0,0,0,0,0,0,1,0,0.0002083067452727944,8.591857681233457e-06,0.0002083067452727944,33.36928338887677
3529,6681,31.18123507776079,0,0,0,0,0,0,0,1,0,0.0002083067452727944,8.591857681233457e-06,0.0002083067452727944,31.1784840777608
3530,8175,35.77240573598254,0,0,0,0,0,0,0,1,0,0.0002083067452727944,8.591857681233457e-06,0.0002083067452727944,35.59940473598247
3531,8424,34.86955569072296,0,0,0,0,0,0,0,1,0,0.0002083067452727944,8.591857681233457e-06,0.0002083067452727944,34.69655469072298
3532,5835,25.64707619243143,0,0,0,0,0,0,0,1,0,0.0002083067452727944,8.591857681233457e-06,0.0002083067452727944,25.47407519243144
3533,9573,44.65089409416796,0,0,0,0,0,0,0,1,0,0.0002083067452727944,8.591857681233457e-06,0.0002083067452727944,44.47789309417058
3534,5630,25.52724116800527,0,0,0,0,0,0,0,1,0,0.0002083067452727944,8.591857681233457e-06,0.0002083067452727944,25.35424016800527
3535,11027,47.82137876454176,0,0,0,0,0,0,0,1,0,0.0002083067452727944,8.591857681233457e-06,0.0002083067452727944,47.64837776454176
3536,4598,20.8634891869566,0,0,0,0,0,0,0,1,0,0.0002083067452727944,8.591857681233457e-06,0.0002083067452727944,20.69048818695658
3537,10025,45.939007859057,0,0,0,0,0,0,0,1,0,0.0002083067452727944,8.591857681233457e-06,0.0002083067452727944,45.93625685905695
3538,3053,16.95389033371734,0,0,0,0,0,0,0,1,0,0.0002083067452727944,8.591857681233457e-06,0.0002083067452727944,16.78088933371733
3539,3191,14.72808824249531,0,0,0,0,0,0,0,1,0,0.0002083067452727944,8.591857681233457e-06,0.0002083067452727944,14.55508724249531
3540,5038,22.85251097299091,0,0,0,0,0,0,0,1,0,0.0002083067452727944,8.591857681233457e-06,0.0002083067452727944,22.67950997299093
3541,10687,47.13962571696521,0,0,0,0,0,0,0,1,0,0.0002083067452727944,8.591857681233457e-06,0.0002083067452727944,46.96662471696519
3542,11620,51.2414698749046,0,0,0,0,0,0,0,1,0,0.0002083067452727944,8.591857681233457e-06,0.0002083067452727944,51.06846887490462
3543,10414,48.967399506366,0,0,0,0,0,0,0,1,0,0.0002083067452727944,8.591857681233457e-06,0.0002083067452727944,48.79439850636597
3544,10031,48.32592204059524,0,0,0,0,0,0,0,1,0,0.0002083067452727944,8.591857681233457e-06,0.0002083067452727944,48.15292104061433
3545,11043,49.06910405634926,0,0,0,0,0,0,0,1,0,0.0002083067452727944,8.591857681233457e-06,0.0002083067452727944,48.89610305634928
3546,9273,42.86523775770157,0,0,0,0,0,0,0,1,0,0.0002083067452727944,8.591857681233457e-06,0.0002083067452727944,42.69223675766452
3547,10660,49.15561975816299,0,0,0,0,0,0,0,1,0,0.0002083067452727944,8.591857681233457e-06,0.0002083067452727944,48.9826187581629
3548,3864,17.38945287974392,0,0,0,0,0,0,0,1,0,0.0002083067452727944,8.591857681233457e-06,0.0002083067452727944,17.21645187974393
3549,344,6.004642419965614,0,0,0,1,7,0,0,0,0,0.0002083067452727944,8.591857681233457e-06,0.0002083067452727944,-1
3550,5327,27.06511071741879,0,0,0,0,0,0,0,1,0,0.0002083067452727944,8.591857681233457e-06,0.0002083067452727944,27.06235971741879
3551,8132,35.47819674073807,0,0,0,0,0,0,0,1,0,0.0002083067452727944,8.591857681233457e-06,0.0002083067452727944,35.30519574073803
3552,10751,44.69990449762091,0,0,0,0,0,0,0,1,0,0.0002083067452727944,8.591857681233457e-06,0.0002083067452727944,44.52690349762083
3553,10417,44.73981224690657,0,0,0,0,0,0,0,1,0,0.0002083067452727944,8.591857681233457e-06,0.0002083067452727944,44.56681124673668
3554,5352,27.53958997426646,0,0,0,0,0,0,0,1,0,0.0002083067452727944,8.591857681233457e-06,0.0002083067452727944,27.36658897426548
3555,8521,42.31601645320393,0,0,0,0,0,0,0,1,0,0.0002083067452727944,8.591857681233457e-06,0.0002083067452727944,42.31326545312884
3556,10169,48.86018417925208,0,0,0,0,0,0,0,1,0,0.0002083067452727944,8.591857681233457e-06,0.0002083067452727944,48.85743317925463
3557,11747,48.83418995209864,0,0,0,0,0,0,0,1,0,0.0002083067452727944,8.591857681233457e-06,0.0002083067452727944,48.83143895209857
3558,4243,17.51436385969551,0,0,0,0,0,0,0,1,0,0.0002083067452727944,8.591857681233457e-06,0.0002083067452727944,17.34136285969551
3559,692,41.55032933164346,0,0,0,4,18,0,0,0,0,0.0002083067452727944,8.591857681233457e-06,0.0002083067452727944,-1
3560,9409,45.22143668489029,0,0,0,0,0,0,0,1,0,0.0002083067452727944,8.591857681233457e-06,0.0002083067452727944,45.21868568536065
3561,2165,10.50094114970942,0,0,0,0,0,0,0,1,0,0.0002083067452727944,8.591857681233457e-06,0.0002083067452727944,10.32794014970941
3562,9937,46.05741229738556,0,0,0,0,0,0,0,1,0,0.0002083067452727944,8.591857681233457e-06,0.0002083067452727944,45.88441129738555
3563,6783,34.12781212126127,0,0,0,0,0,0,0,1,0,0.0002083067452727944,8.591857681233457e-06,0.0002083067452727944,33.95481112114335
3564,0,39.03000715565248,0,0,0,3,21,0,0,0,0,0.0002083067452727944,8.591857681233457e-06,0.0002083067452727944,-1
3565,10046,47.93081012896118,0,0,0,0,0,0,0,1,0,0.0002083067452727944,8.591857681233457e-06,0.0002083067452727944,47.9280591289611
3566,6865,30.91411957739977,0,0,0,0,0,0,0,1,0,0.0002083067452727944,8.591857681233457e-06,0.0002083067452727944,30.74111857739974
3567,9432,43.60486823524816,0,0,0,0,0,0,0,1,0,0.0002083067452727944,8.591857681233457e-06,0.0002083067452727944,43.60211723524818
3568,8916,38.95206788418037,0,0,0,0,0,0,0,1,0,0.0002083067452727944,8.591857681233457e-06,0.0002083067452727944,38.94931688418038
3569,6649,31.79522599563229,0,0,0,0,0,0,0,1,0,0.0002083067452727944,8.591857681233457e-06,0.0002083067452727944,31.62222499563224
3570,0,5.623890452302069,0,0,0,2,17,0,0,0,0,0.0002083067452727944,8.591857681233457e-06,0.0002083067452727944,-1
3571,10475,46.29963229233353,0,0,0,0,0,0,0,1,0,0.0002083067452727944,8.591857681233457e-06,0.0002083067452727944,46.29688129233344
3572,620,8.931657970323419,0,0,0,1,9,0,0,0,0,0.0002083067452727944,8.591857681233457e-06,0.0002083067452727944,-1
3573,0,0.002751,0,0,0,0,0,0,0,0,0,0.0002083067452727944,8.591857681233457e-06,0.0002083067452727944,-1
3574,720,30.88159318302103,0,0,0,2,7,0,0,0,0,0.0002083067452727944,8.591857681233457e-06,0.0002083067452727944,-1
3575,11226,50.94812572543196,0,0,0,0,0,0,0,1,0,0.0002083067452727944,8.591857681233457e-06,0.0002083067452727944,50.77512472543189
3576,6311,29.10550664780527,0,0,0,0,0,0,0,1,0,0.0002083067452727944,8.591857681233457e-06,0.0002083067452727944,29.10275564780525
3577,7592,36.49975597698786,0,0,0,0,0,0,0,1,0,0.0002083067452727944,8.591857681233457e-06,0.0002083067452727944,36.49700497698782
3578,9676,43.25381912506144,0,0,0,0,0,0,0,1,0,0.0002083067452727944,8.591857681233457e-06,0.0002083067452727944,43.08081812506146
3579,5842,23.83415264996162,0,0,0,0,0,0,0,1,0,0.0002083067452727944,8.591857681233457e-06,0.0002083067452727944,23.8314016499616
3580,11778,49.30668087421571,0,0,0,0,0,0,0,1,0,0.0002083067452727944,8.591857681233457e-06,0.0002083067452727944,49.30392987421558
3581,8529,37.55736673083842,0,0,0,0,0,0,0,1,0,0.0002083067452727944,8.591857681233457e-06,0.0002083067452727944,37.38436573083843
3582,5394,26.12564888207468,0,0,0,0,0,0,0,1,0,0.0002083067452727944,8.591857681233457e-06,0.0002083067452727944,26.1228978820747
3583,3859,17.11149464374134,0,0,0,0,0,0,0,1,0,0.0002083067452727944,8.591857681233457e-06,0.0002083067452727944,16.93849364374134
3584,11289,52.10338574853811,0,0,0,0,0,0,0,1,0,0.0002083067452727944,8.591857681233457e-06,0.0002083067452727944,51.930384748538
3585,2260,10.44845122529076,0,0,0,0,0,0,0,1,0,0.0002083067452727944,8.591857681233457e-06,0.0002083067452727944,10.27545022529076
3586,9981,42.9540809124138,0,0,0,0,0,0,0,1,0,0.0002083067452727944,8.591857681233457e-06,0.0002083067452727944,42.95132991241387
3587,7410,35.20661119192743,0,0,0,0,0,0,0,1,0,0.0002083067452727944,8.591857681233457e-06,0.0002083067452727944,35.2038601919274
3588,8005,33.25949836488948,0,0,0,0,0,0,0,1,0,0.0002083067452727944,8.591857681233457e-06,0.0002083067452727944,33.25674736488948
3589,9176,40.26251749575367,0,0,0,0,0,0,0,1,0,0.0002083067452727944,8.591857681233457e-06,0.0002083067452727944,40.08951649575364
3590,8215,35.02403519959593,0,0,0,0,0,0,0,1,0,0.0002083067452727944,8.591857681233457e-06,0.0002083067452727944,34.85103419959594
3591,7999,35.35784936277086,0,0,0,0,0,0,0,1,0,0.0002083067452727944,8.591857681233457e-06,0.0002083067452727944,35.18484836277084
3592,1769,47.62583182943202,0,0,0,3,29,0,0,0,0,0.0002083067452727944,8.591857681233457e-06,0.0002083067452727944,-1
3593,8980,41.13241964621862,0,0,0,0,0,0,0,1,0,0.0002083067452727944,8.591857681233457e-06,0.0002083067452727944,40.95941864621857
3594,9685,43.0318174575319,0,0,0,0,0,0,0,1,0,0.0002083067452727944,8.591857681233457e-06,0.0002083067452727944,43.02906645684413
3595,10025,47.54285103823067,0,0,0,0,0,0,0,1,0,0.0002083067452727944,8.591857681233457e-06,0.0002083067452727944,47.54010003844504
3596,1647,22.63744100203825,0,0,0,1,7,0,0,0,0,0.0002083067452727944,8.591857681233457e-06,0.0002083067452727944,-1
3597,11064,50.2661081401334,0,0,0,0,0,0,0,1,0,0.0002083067452727944,8.591857681233457e-06,0.0002083067452727944,50.26335714013347
3598,10036,48.02365890151297,0,0,0,0,0,0,0,1,0,0.0002083067452727944,8.591857681233457e-06,0.0002083067452727944,47.85065790145931
3599,5752,26.50780522155186,0,0,0,0,0,0,0,1,0,0.0002083067452727944,8.591857681233457e-06,0.0002083067452727944,26.50505422155184
3600,8057,36.85340457161619,0,0,0,0,0,0,0,1,0,0.0002083067452727944,8.591857681233457e-06,0.0002083067452727944,36.68040357161617
3601,8044,37.66195273413792,0,0,0,0,0,0,0,1,0,0.0002083067452727944,8.591857681233457e-06,0.0002083067452727944,37.65920173410605
3602,5710,24.46704449512322,0,0,0,0,0,0,0,1,0,0.0002083067452727944,8.591857681233457e-06,0.0002083067452727944,24.29404349512322
3603,1237,39.61530749860428,0,0,0,3,25,0,0,0,0,0.0002083067452727944,8.591857681233457e-06,0.0002083067452727944,-1
3604,10239,51.36008876433969,0,0,0,0,0,0,0,1,0,0.0002083067452727944,8.591857681233457e-06,0.0002083067452727944,51.18708776414834
3605,9821,42.76217301335596,0,0,0,0,0,0,0,1,0,0.0002083067452727944,8.591857681233457e-06,0.0002083067452727944,42.58917201335597
3606,4183,18.45039411721009,0,0,0,0,0,0,0,1,0,0.0002083067452727944,8.591857681233457e-06,0.0002083067452727944,18.27739311721009
3607,10449,48.77237771450946,0,0,0,0,0,0,0,1,0,0.0002083067452727944,8.591857681233457e-06,0.0002083067452727944,48.59937671450941
3608,8152,34.96883979497738,0,0,0,0,0,0,0,1,0,0.0002083067452727944,8.591857681233457e-06,0.0002083067452727944,34.79583879497734
3609,8276,35.86271463124289,0,0,0,0,0,0,0,1,0,0.0002083067452727944,8.591857681233457e-06,0.0002083067452727944,35.68971363124291
3610,4167,18.82991891567782,0,0,0,0,0,0,0,1,0,0.0002083067452727944,8.591857681233457e-06,0.0002083067452727944,18.82716791567779
3611,8120,34.15157707826818,0,0,0,0,0,0,0,1,0,0.0002083067452727944,8.591857681233457e-06,0.0002083067452727944,34.1488260782682
3612,11609,49.93953075797421,0,0,0,0,0,0,0,1,0,0.0002083067452727944,8.591857681233457e-06,0.0002083067452727944,49.7665297579742
3613,10218,43.37078260411083,0,0,0,0,0,0,0,1,0,0.0002083067452727944,8.591857681233457e-06,0.0002083067452727944,43.36803160411081
3614,11037,51.60913535185473,0,0,0,0,0,0,0,1,0,0.0002083067452727944,8.591857681233457e-06,0.0002083067452727944,51.60638435179879
3615,4832,19.61927256840484,0,0,0,0,0,0,0,1,0,0.0002083067452727944,8.591857681233457e-06,0.0002083067452727944,19.61652156840485
3616,9042,43.04074326390561,0,0,0,0,0,0,0,1,0,0.0002083067452727944,8.591857681233457e-06,0.0002083067452727944,42.86774226390558
3617,7817,34.62401378252231,0,0,0,0,0,0,0,1,0,0.0002083067452727944,8.591857681233457e-06,0.0002083067452727944,34.45101278252228
3618,7471,38.87033112618875,0,0,0,0,0,0,0,1,0,0.0002083067452727944,8.591857681233457e-06,0.0002083067452727944,38.69733012618877
3619,1121,5.691210072451821,0,0,0,0,0,0,0,1,0,0.0002083067452727944,8.591857681233457e-06,0.0002083067452727944,5.518209072451819
3620,7288,33.40720855856177,0,0,0,0,0,0,0,1,0,0.0002083067452727944,8.591857681233457e-06,0.0002083067452727944,33.40445755856177
3621,6429,29.41081693596145,0,0,0,0,0,0,0,1,0,0.0002083067452727944,8.591857681233457e-06,0.0002083067452727944,29.23781593596149
3622,9296,45.9209281780819,0,0,0,0,0,0,0,1,0,0.0002083067452727944,8.591857681233457e-06,0.0002083067452727944,45.74792717808182
3623,11206,50.10907911457975,0,0,0,0,0,0,0,1,0,0.0002083067452727944,8.591857681233457e-06,0.0002083067452727944,49.93607811457979
3624,600,6.918973788156844,0,0,0,1,7,0,0,0,0,0.0002083067452727944,8.591857681233457e-06,0.0002083067452727944,-1
3625,11590,49.81139990437843,0,0,0,0,0,0,0,1,0,0.0002083067452727944,8.591857681233457e-06,0.0002083067452727944,49.80864890437841
3626,9542,41.93435928498656,0,0,0,0,0,0,0,1,0,0.0002083067452727944,8.591857681233457e-06,0.0002083067452727944,41.76135828498655
3627,10104,46.78497041857545,0,0,0,0,0,0,0,1,0,0.0002083067452727944,8.591857681233457e-06,0.0002083067452727944,46.6119694185754
3628,605,28.96362958792094,0,0,0,3,26,0,0,0,0,0.0002083067452727944,8.591857681233457e-06,0.0002083067452727944,-1
3629,10349,48.66593739103168,0,0,0,0,0,0,0,1,0,0.0002083067452727944,8.591857681233457e-06,0.0002083067452727944,48.49293639103169
3630,8684,39.98746892221592,0,0,0,0,0,0,0,1,0,0.0002083067452727944,8.591857681233457e-06,0.0002083067452727944,39.81446792221588
3631,8848,37.64975973941304,0,0,0,0,0,0,0,1,0,0.0002083067452727944,8.591857681233457e-06,0.0002083067452727944,37.47675873941301
3632,10653,49.95484413619102,0,0,0,0,0,0,0,1,0,0.0002083067452727944,8.591857681233457e-06,0.0002083067452727944,49.78184313619093
3633,3745,15.61587993639281,0,0,0,0,0,0,0,1,0,0.0002083067452727944,8.591857681233457e-06,0.0002083067452727944,15.4428789363928
3634,6577,30.32765266896176,0,0,0,0,0,0,0,1,0,0.0002083067452727944,8.591857681233457e-06,0.0002083067452727944,30.15465166896172
3635,10309,49.88052873912362,0,0,0,0,0,0,0,1,0,0.0002083067452727944,8.591857681233457e-06,0.0002083067452727944,49.70752773912358
3636,0,0.513524606232267,0,0,0,1,4,0,0,0,0,0.0002083067452727944,8.591857681233457e-06,0.0002083067452727944,-1
3637,7897,32.8111614947256,0,0,0,0,0,0,0,1,0,0.0002083067452727944,8.591857681233457e-06,0.0002083067452727944,32.63816049472557
3638,11746,50.66329035683665,0,0,0,0,0,0,0,1,0,0.0002083067452727944,8.591857681233457e-06,0.0002083067452727944,50.66053935683656
3639,0,0.002751,0,0,0,0,0,0,0,0,0,0.0002083067452727944,8.591857681233457e-06,0.0002083067452727944,-1
3640,8372,39.42354895353795,0,0,0,0,0,0,0,1,0,0.0002083067452727944,8.591857681233457e-06,0.0002083067452727944,39.25054795362186
3641,2,10.62815747882823,0,0,0,1,7,0,0,0,0,0.0002083067452727944,8.591857681233457e-06,0.0002083067452727944,-1
3642,9741,44.92207516187226,0,0,0,0,0,0,0,1,0,0.0002083067452727944,8.591857681233457e-06,0.0002083067452727944,44.74907416187225
3643,9338,41.65971444296459,0,0,0,0,0,0,0,1,0,0.0002083067452727944,8.591857681233457e-06,0.0002083067452727944,41.48671344296461
3644,8214,34.98089360243419,0,0,0,0,0,0,0,1,0,0.0002083067452727944,8.591857681233457e-06,0.0002083067452727944,34.80789260243428
3645,2340,10.3284552816342,0,0,0,0,0,0,0,1,0,0.0002083067452727944,8.591857681233457e-06,0.0002083067452727944,10.15545428163419
3646,10261,44.8753939765033,0,0,0,0,0,0,0,1,0,0.0002083067452727944,8.591857681233457e-06,0.0002083067452727944,44.70239297650328
3647,9764,43.22041373208666,0,0,0,0,0,0,0,1,0,0.0002083067452727944,8.591857681233457e-06,0.0002083067452727944,43.21766273208664
3648,7711,36.44372825870399,0,0,0,0,0,0,0,1,0,0.0002083067452727944,8.591857681233457e-06,0.0002083067452727944,36.44097725870396
3649,6110,29.01156456765561,0,0,0,0,0,0,0,1,0,0.0002083067452727944,8.591857681233457e-06,0.0002083067452727944,28.83856356765559
3650,7077,33.10469457372037,0,0,0,0,0,0,0,1,0,0.0002083067452727944,8.591857681233457e-06,0.0002083067452727944,32.93169357372037
3651,5950,25.22091551540253,0,0,0,0,0,0,0,1,0,0.0002083067452727944,8.591857681233457e-06,0.0002083067452727944,25.04791451540254
3652,8923,43.48094126315671,0,0,0,0,0,0,0,1,0,0.0002083067452727944,8.591857681233457e-06,0.0002083067452727944,43.30794026315659
3653,6127,25.16711648204472,0,0,0,0,0,0,0,1,0,0.0002083067452727944,8.591857681233457e-06,0.0002083067452727944,24.99411548204471
3654,10980,49.77279063420112,0,0,0,0,0,0,0,1,0,0.0002083067452727944,8.591857681233457e-06,0.0002083067452727944,49.59978963420114
3655,11157,48.65071095616477,0,0,0,0,0,0,0,1,0,0.0002083067452727944,8.591857681233457e-06,0.0002083067452727944,48.4777099561647
3656,8699,41.66788071366218,0,0,0,0,0,0,0,1,0,0.0002083067452727944,8.591857681233457e-06,0.0002083067452727944,41.49487971366204
3657,11965,50.63666285080667,0,0,0,0,0,0,0,1,0,0.0002083067452727944,8.591857681233457e-06,0.0002083067452727944,50.63391185080675
3658,9115,42.09045604753462,0,0,0,0,0,0,0,1,0,0.0002083067452727944,8.591857681233457e-06,0.0002083067452727944,41.91745504753462
3659,8,1.548177287005742,0,0,0,0,0,0,0,0,0,0.0002083067452727944,8.591857681233457e-06,0.0002083067452727944,-1
3660,4336,20.58407447489304,0,0,0,0,0,0,0,1,0,0.0002083067452727944,8.591857681233457e-06,0.0002083067452727944,20.41107347489306
3661,8225,34.75180661485243,0,0,0,0,0,0,0,1,0,0.0002083067452727944,8.591857681233457e-06,0.0002083067452727944,34.57880561485242
3662,7854,35.11394978498674,0,0,0,0,0,0,0,1,0,0.0002083067452727944,8.591857681233457e-06,0.0002083067452727944,34.94094878498669
3663,9515,44.24109540773016,0,0,0,0,0,0,0,1,0,0.0002083067452727944,8.591857681233457e-06,0.0002083067452727944,44.06809440773011
3664,8687,37.30914378005561,0,0,0,0,0,0,0,1,0,0.0002083067452727944,8.591857681233457e-06,0.0002083067452727944,37.13614278005561
3665,1155,13.20326622595018,0,0,0,1,10,0,0,0,0,0.0002083067452727944,8.591857681233457e-06,0.0002083067452727944,-1
3666,10792,49.77663774694392,0,0,0,0,0,0,0,1,0,0.0002083067452727944,8.591857681233457e-06,0.0002083067452727944,49.77388674694385
3667,9136,41.44151591802782,0,0,0,0,0,0,0,1,0,0.0002083067452727944,8.591857681233457e-06,0.0002083067452727944,41.26851491802782
3668,3100,12.64029681708776,0,0,0,0,0,0,0,1,0,0.0002083067452727944,8.591857681233457e-06,0.0002083067452727944,12.63754581708777
3669,8623,36.85347656839076,0,0,0,0,0,0,0,1,0,0.0002083067452727944,8.591857681233457e-06,0.0002083067452727944,36.85072556839072
3670,9624,47.53334868425167,0,0,0,0,0,0,0,1,0,0.0002083067452727944,8.591857681233457e-06,0.0002083067452727944,47.53059768425177
3671,379,23.83805188488696,0,0,0,2,12,0,0,0,0,0.0002083067452727944,8.591857681233457e-06,0.0002083067452727944,-1
3672,8639,40.91917833705176,0,0,0,0,0,0,0,1,0,0.0002083067452727944,8.591857681233457e-06,0.0002083067452727944,40.74617733705166
3673,4511,23.01564406238116,0,0,0,0,0,0,0,1,0,0.0002083067452727944,8.591857681233457e-06,0.0002083067452727944,23.01289306236193
3674,10383,44.93236773790026,0,0,0,0,0,0,0,1,0,0.0002083067452727944,8.591857681233457e-06,0.0002083067452727944,44.92961673790027
3675,9285,41.93319035694822,0,0,0,0,0,0,0,1,0,0.0002083067452727944,8.591857681233457e-06,0.0002083067452727944,41.76018935694817
3676,8532,37.71559828867241,0,0,0,0,0,0,0,1,0,0.0002083067452727944,8.591857681233457e-06,0.0002083067452727944,37.71284728867242
3677,3250,13.71977217015258,0,0,0,0,0,0,0,1,0,0.0002083067452727944,8.591857681233457e-06,0.0002083067452727944,13.71702117015258
3678,3108,13.85541349326649,0,0,0,0,0,0,0,1,0,0.0002083067452727944,8.591857681233457e-06,0.0002083067452727944,13.68241249326647
3679,3376,15.41372517936293,0,0,0,0,0,0,0,1,0,0.0002083067452727944,8.591857681233457e-06,0.0002083067452727944,15.24072417936294
3680,475,22.51898418006752,0,0,0,1,5,0,0,0,0,0.0002083067452727944,8.591857681233457e-06,0.0002083067452727944,-1
3681,9856,45.99487215758844,0,0,0,0,0,0,0,1,0,0.0002083067452727944,8.591857681233457e-06,0.0002083067452727944,45.82187115758847
3682,8211,36.32185555423507,0,0,0,0,0,0,0,1,0,0.0002083067452727944,8.591857681233457e-06,0.0002083067452727944,36.31910455423505
3683,2262,36.65434922462877,0,0,0,2,14,0,0,0,0,0.0002083067452727944,8.591857681233457e-06,0.0002083067452727944,-1
3684,6148,30.79239828371383,0,0,0,0,0,0,0,1,0,0.0002083067452727944,8.591857681233457e-06,0.0002083067452727944,30.61939728371379
3685,8815,42.60530464425341,0,0,0,0,0,0,0,1,0,0.0002083067452727944,8.591857681233457e-06,0.0002083067452727944,42.43230364425337
3686,9419,40.3704216804588,0,0,0,0,0,0,0,1,0,0.0002083067452727944,8.591857681233457e-06,0.0002083067452727944,40.19742068045882
3687,1663,8.257819507934254,0,0,0,0,0,0,0,1,0,0.0002083067452727944,8.591857681233457e-06,0.0002083067452727944,8.255068507934258
3688,11747,52.13745391216551,0,0,0,0,0,0,0,1,0,0.0002083067452727944,8.591857681233457e-06,0.0002083067452727944,52.13470291216542
3689,10506,50.02362985678359,0,0,0,0,0,0,0,1,0,0.0002083067452727944,8.591857681233457e-06,0.0002083067452727944,50.02087885678353
3690,10181,44.3013713753648,0,0,0,0,0,0,0,1,0,0.0002083067452727944,8.591857681233457e-06,0.0002083067452727944,44.12837037536484
3691,5587,24.23836957181923,0,0,0,0,0,0,0,1,0,0.0002083067452727944,8.591857681233457e-06,0.0002083067452727944,24.23561857181924
3692,10912,46.29770215329322,0,0,0,0,0,0,0,1,0,0.0002083067452727944,8.591857681233457e-06,0.0002083067452727944,46.29495115329324
3693,7143,30.09337352548228,0,0,0,0,0,0,0,1,0,0.0002083067452727944,8.591857681233457e-06,0.0002083067452727944,29.92037252548229
3694,4204,17.70260157831789,0,0,0,0,0,0,0,1,0,0.0002083067452727944,8.591857681233457e-06,0.0002083067452727944,17.69985057831788
3695,4116,20.5393236761409,0,0,0,0,0,0,0,1,0,0.0002083067452727944,8.591857681233457e-06,0.0002083067452727944,20.53657267614089
3696,7999,41.34957632993467,0,0,0,0,0,0,0,1,0,0.0002083067452727944,8.591857681233457e-06,0.0002083067452727944,41.17657532993455
3697,1210,5.848435748793348,0,0,0,0,0,0,0,1,0,0.0002083067452727944,8.591857681233457e-06,0.0002083067452727944,5.675434748793347
3698,5594,25.55852681180913,0,0,0,0,0,0,0,1,0,0.0002083067452727944,8.591857681233457e-06,0.0002083067452727944,25.55577581180915
3699,2507,11.89755045461012,0,0,0,0,0,0,0,1,0,0.0002083067452727944,8.591857681233457e-06,0.0002083067452727944,11.72454945461013
3700,936,20.84479870600755,0,0,0,1,9,0,0,0,0,0.0002083067452727944,8.591857681233457e-06,0.0002083067452727944,-1
3701,243,2.925625545667952,0,0,0,0,0,0,0,0,0,0.0002083067452727944,8.591857681233457e-06,0.0002083067452727944,-1
3702,5875,25.32834394175258,0,0,0,0,0,0,0,1,0,0.0002083067452727944,8.591857681233457e-06,0.0002083067452727944,25.15534294175255
3703,9711,42.25643489194103,0,0,0,0,0,0,0,1,0,0.0002083067452727944,8.591857681233457e-06,0.0002083067452727944,42.08343389193774
3704,5572,24.97899081294251,0,0,0,0,0,0,0,1,0,0.0002083067452727944,8.591857681233457e-06,0.0002083067452727944,24.8059898129425
3705,12038,51.95905984436772,0,0,0,0,0,0,0,1,0,0.0002083067452727944,8.591857681233457e-06,0.0002083067452727944,51.95630884436771
3706,10794,51.20422141926606,0,0,0,0,0,0,0,1,0,0.0002083067452727944,8.591857681233457e-06,0.0002083067452727944,51.2014704192659
3707,11761,51.37177251078811,0,0,0,0,0,0,0,1,0,0.0002083067452727944,8.591857681233457e-06,0.0002083067452727944,51.36902151078817
3708,9228,39.84886771443213,0,0,0,0,0,0,0,1,0,0.0002083067452727944,8.591857681233457e-06,0.0002083067452727944,39.67586671443215
3709,10544,49.17519758767908,0,0,0,0,0,0,0,1,0,0.0002083067452727944,8.591857681233457e-06,0.0002083067452727944,49.00219658767902
3710,9286,44.47108777705188,0,0,0,0,0,0,0,1,0,0.0002083067452727944,8.591857681233457e-06,0.0002083067452727944,44.29808677705201
3711,426,5.062720838958127,0,0,0,1,8,0,0,0,0,0.0002083067452727944,8.591857681233457e-06,0.0002083067452727944,-1
3712,10370,48.61534845135806,0,0,0,0,0,0,0,1,0,0.0002083067452727944,8.591857681233457e-06,0.0002083067452727944,48.61259745135796
3713,386,50.10246372086164,0,0,0,3,29,0,0,0,0,0.0002083067452727944,8.591857681233457e-06,0.0002083067452727944,-1
3714,7959,41.45021117417169,0,0,0,0,0,0,0,1,0,0.0002083067452727944,8.591857681233457e-06,0.0002083067452727944,41.2772101740382
3715,26,16.49965753152071,0,0,0,2,17,0,0,0,0,0.0002083067452727944,8.591857681233457e-06,0.0002083067452727944,-1
3716,10955,49.42942314169469,0,0,0,0,0,0,0,1,0,0.0002083067452727944,8.591857681233457e-06,0.0002083067452727944,49.42667214169452
3717,4917,23.15900175185305,0,0,0,0,0,0,0,1,0,0.0002083067452727944,8.591857681233457e-06,0.0002083067452727944,22.98600075185303
3718,8106,33.7254255561643,0,0,0,0,0,0,0,1,0,0.0002083067452727944,8.591857681233457e-06,0.0002083067452727944,33.72267455616432
3719,1943,9.134533183965162,0,0,0,0,0,0,0,1,0,0.0002083067452727944,8.591857681233457e-06,0.0002083067452727944,8.961532183965167
3720,7049,31.22624774413884,0,0,0,0,0,0,0,1,0,0.0002083067452727944,8.591857681233457e-06,0.0002083067452727944,31.05324674413884
3721,10690,45.91277706719261,0,0,0,0,0,0,0,1,0,0.0002083067452727944,8.591857681233457e-06,0.0002083067452727944,45.91002606719263
3722,5126,22.38252454239732,0,0,0,0,0,0,0,1,0,0.0002083067452727944,8.591857681233457e-06,0.0002083067452727944,22.37977354239734
3723,6082,26.85645806433726,0,0,0,0,0,0,0,1,0,0.0002083067452727944,8.591857681233457e-06,0.0002083067452727944,26.68345706433728
3724,11182,47.65022870699118,0,0,0,0,0,0,0,1,0,0.0002083067452727944,8.591857681233457e-06,0.0002083067452727944,47.64747770699112
3725,5142,23.42102914229547,0,0,0,0,0,0,0,1,0,0.0002083067452727944,8.591857681233457e-06,0.0002083067452727944,23.24802814229545
3726,440,22.8969879674391,0,0,0,2,11,0,0,0,0,0.0002083067452727944,8.591857681233457e-06,0.0002083067452727944,-1
3727,0,36.05815350266671,0,0,0,3,32,0,0,0,0,0.0002083067452727944,8.591857681233457e-06,0.0002083067452727944,-1
3728,253,2.52792992760682,0,0,0,0,0,0,0,0,0,0.0002083067452727944,8.591857681233457e-06,0.0002083067452727944,-1
3729,9981,42.56352370924029,0,0,0,0,0,0,0,1,0,0.0002083067452727944,8.591857681233457e-06,0.0002083067452727944,42.56077270924032
3730,8399,37.52544384883012,0,0,0,0,0,0,0,1,0,0.0002083067452727944,8.591857681233457e-06,0.0002083067452727944,37.52269284883015
3731,11381,52.32085818329002,0,0,0,0,0,0,0,1,0,0.0002083067452727944,8.591857681233457e-06,0.0002083067452727944,52.14785718328996
3732,6855,30.78149770563268,0,0,0,0,0,0,0,1,0,0.0002083067452727944,8.591857681233457e-06,0.0002083067452727944,30.60849670563269
3733,6257,27.65706349879494,0,0,0,0,0,0,0,1,0,0.0002083067452727944,8.591857681233457e-06,0.0002083067452727944,27.65431249879493
3734,9185,43.00857153807867,0,0,0,0,0,0,0,1,0,0.0002083067452727944,8.591857681233457e-06,0.0002083067452727944,42.83557053807871
3735,86,5.780117452267977,0,0,0,1,7,0,0,0,0,0.0002083067452727944,8.591857681233457e-06,0.0002083067452727944,-1
3736,7272,29.70080227619106,0,0,0,0,0,0,0,1,0,0.0002083067452727944,8.591857681233457e-06,0.0002083067452727944,29.52780127619107
3737,998,30.88847320925443,0,0,0,3,30,0,0,0,0,0.0002083067452727944,8.591857681233457e-06,0.0002083067452727944,-1
3738,11488,54.5638557190377,0,0,0,0,0,0,0,1,0,0.0002083067452727944,8.591857681233457e-06,0.0002083067452727944,54.39085471903753
3739,6845,29.74561162762115,0,0,0,0,0,0,0,1,0,0.0002083067452727944,8.591857681233457e-06,0.0002083067452727944,29.57261062762115
3740,8738,42.76602738055197,0,0,0,0,0,0,0,1,0,0.0002083067452727944,8.591857681233457e-06,0.0002083067452727944,42.76327638053613
3741,8002,35.63443756920397,0,0,0,0,0,0,0,1,0,0.0002083067452727944,8.591857681233457e-06,0.0002083067452727944,35.63168656920399
3742,5536,27.44541632417108,0,0,0,0,0,0,0,1,0,0.0002083067452727944,8.591857681233457e-06,0.0002083067452727944,27.44266532415183
3743,11097,46.4909726423755,0,0,0,0,0,0,0,1,0,0.0002083067452727944,8.591857681233457e-06,0.0002083067452727944,46.31797164237548
3744,7600,32.5509077363107,0,0,0,0,0,0,0,1,0,0.0002083067452727944,8.591857681233457e-06,0.0002083067452727944,32.37790673631073
3745,978,27.95964031183789,0,0,0,1,8,0,0,0,0,0.0002083067452727944,8.591857681233457e-06,0.0002083067452727944,-1
3746,102,2.327371888081508,0,0,0,0,0,0,0,0,0,0.0002083067452727944,8.591857681233457e-06,0.0002083067452727944,-1
3747,0,1.881817064740337,0,0,0,1,7,0,0,0,0,0.0002083067452727944,8.591857681233457e-06,0.0002083067452727944,-1
3748,9269,42.59337724863473,0,0,0,0,0,0,0,1,0,0.0002083067452727944,8.591857681233457e-06,0.0002083067452727944,42.42037624863468
3749,364,13.21960132938515,0,0,0,2,13,0,0,0,0,0.0002083067452727944,8.591857681233457e-06,0.0002083067452727944,-1
3750,7974,38.17180326518381,0,0,0,0,0,0,0,1,0,0.0002083067452727944,8.591857681233457e-06,0.0002083067452727944,37.9988022651838
3751,9702,44.17281935480186,0,0,0,0,1,0,0,1,0,0.0002083067452727944,8.591857681233457e-06,0.0002083067452727944,44.17006835484842
3752,8721,36.24632707914036,0,0,0,0,0,0,0,1,0,0.0002083067452727944,8.591857681233457e-06,0.0002083067452727944,36.24357607918418
3753,10440,47.2236119885124,0,0,0,0,0,0,0,1,0,0.0002083067452727944,8.591857681233457e-06,0.0002083067452727944,47.05061098851234
3754,6455,31.51083372939117,0,0,0,0,0,0,0,1,0,0.0002083067452727944,8.591857681233457e-06,0.0002083067452727944,31.50808272939114
3755,6911,30.89451872158056,0,0,0,0,0,0,0,1,0,0.0002083067452727944,8.591857681233457e-06,0.0002083067452727944,30.89176772158056
3756,9763,45.30181536138787,0,0,0,0,0,0,0,1,0,0.0002083067452727944,8.591857681233457e-06,0.0002083067452727944,45.12881436138782
3757,10429,47.73984461970547,0,0,0,0,0,0,0,1,0,0.0002083067452727944,8.591857681233457e-06,0.0002083067452727944,47.73709361970546
3758,0,13.95133491053161,0,0,0,2,7,0,0,0,0,0.0002083067452727944,8.591857681233457e-06,0.0002083067452727944,-1
3759,9734,44.87234376379974,0,0,0,0,0,0,0,1,0,0.0002083067452727944,8.591857681233457e-06,0.0002083067452727944,44.69934276379971
3760,6701,31.09075580773773,0,0,0,0,0,0,0,1,0,0.0002083067452727944,8.591857681233457e-06,0.0002083067452727944,30.91775480773773
3761,5224,25.59627019712443,0,0,0,0,0,0,0,1,0,0.0002083067452727944,8.591857681233457e-06,0.0002083067452727944,25.4232691971505
3762,11373,52.71525289888685,0,0,0,0,0,0,0,1,0,0.0002083067452727944,8.591857681233457e-06,0.0002083067452727944,52.54225189888668
3763,5121,20.10784104920487,0,0,0,0,0,0,0,1,0,0.0002083067452727944,8.591857681233457e-06,0.0002083067452727944,19.93484004920489
3764,5161,22.30135848325746,0,0,0,0,0,0,0,1,0,0.0002083067452727944,8.591857681233457e-06,0.0002083067452727944,22.12835748325746
3765,5251,24.12838558497053,0,0,0,0,0,0,0,1,0,0.0002083067452727944,8.591857681233457e-06,0.0002083067452727944,23.95538458497052
3766,2565,11.34101331539249,0,0,0,0,0,0,0,1,0,0.0002083067452727944,8.591857681233457e-06,0.0002083067452727944,11.16801231539248
3767,25,32.09981890781564,0,0,0,3,24,0,0,0,0,0.0002083067452727944,8.591857681233457e-06,0.0002083067452727944,-1
3768,117,19.62010586433369,0,0,0,2,19,0,0,0,0,0.0002083067452727944,8.591857681233457e-06,0.0002083067452727944,-1
3769,11304,53.3902783522863,0,0,0,0,0,0,0,1,0,0.0002083067452727944,8.591857681233457e-06,0.0002083067452727944,53.21727735228616
3770,5354,26.64052963767493,0,0,0,0,0,0,0,1,0,0.0002083067452727944,8.591857681233457e-06,0.0002083067452727944,26.46752863767493
3771,10470,50.65907885311601,0,0,0,0,0,0,0,1,0,0.0002083067452727944,8.591857681233457e-06,0.0002083067452727944,50.656327853116
3772,10058,46.83857523585963,0,0,0,0,0,0,0,1,0,0.0002083067452727944,8.591857681233457e-06,0.0002083067452727944,46.66557423585944
3773,3723,15.30644228811457,0,0,0,0,0,0,0,1,0,0.0002083067452727944,8.591857681233457e-06,0.0002083067452727944,15.13344128811456
3774,3746,18.73686065739949,0,0,0,0,0,0,0,1,0,0.0002083067452727944,8.591857681233457e-06,0.0002083067452727944,18.56385965739949
3775,1325,26.67096344006865,0,0,0,3,24,0,0,0,0,0.0002083067452727944,8.591857681233457e-06,0.0002083067452727944,-1
3776,6819,26.94341016326356,0,0,0,0,0,0,0,1,0,0.0002083067452727944,8.591857681233457e-06,0.0002083067452727944,26.94065916326357
3777,8669,38.43087945047337,0,0,0,0,0,0,0,1,0,0.0002083067452727944,8.591857681233457e-06,0.0002083067452727944,38.25787845047338
3778,12071,51.27186180468598,0,0,0,0,0,0,0,1,0,0.0002083067452727944,8.591857681233457e-06,0.0002083067452727944,51.09886080468581
3779,9263,44.20133115629473,0,0,0,0,0,0,0,1,0,0.0002083067452727944,8.591857681233457e-06,0.0002083067452727944,44.19858015613158
3780,233,5.409236241610441,0,0,0,1,8,0,0,0,0,0.0002083067452727944,8.591857681233457e-06,0.0002083067452727944,-1
3781,8577,40.6123937679253,0,0,0,0,0,0,0,1,0,0.0002083067452727944,8.591857681233457e-06,0.0002083067452727944,40.43939276792528
3782,10683,49.05386583148028,0,0,0,0,0,0,0,1,0,0.0002083067452727944,8.591857681233457e-06,0.0002083067452727944,48.88086483148025
3783,0,1.522377276205466,0,0,0,1,7,0,0,0,0,0.0002083067452727944,8.591857681233457e-06,0.0002083067452727944,-1
3784,5761,24.48472889951,0,0,0,0,0,0,0,1,0,0.0002083067452727944,8.591857681233457e-06,0.0002083067452727944,24.31172789951001
3785,7568,33.12017918686513,0,0,0,0,0,0,0,1,0,0.0002083067452727944,8.591857681233457e-06,0.0002083067452727944,32.94717818686515
3786,7953,39.9983080659774,0,0,0,0,0,0,0,1,0,0.0002083067452727944,8.591857681233457e-06,0.0002083067452727944,39.99555706597736
3787,8510,39.48192903637922,0,0,0,0,0,0,0,1,0,0.0002083067452727944,8.591857681233457e-06,0.0002083067452727944,39.30892803637924
3788,4130,18.72898049794267,0,0,0,0,0,0,0,1,0,0.0002083067452727944,8.591857681233457e-06,0.0002083067452727944,18.55597949794267
3789,237,5.969298168398585,0,0,0,1,7,0,0,0,0,0.0002083067452727944,8.591857681233457e-06,0.0002083067452727944,-1
3790,737,14.70241741571972,0,0,0,1,9,0,0,0,0,0.0002083067452727944,8.591857681233457e-06,0.0002083067452727944,-1
3791,2780,13.72944568029528,0,0,0,0,0,0,0,1,0,0.0002083067452727944,8.591857681233457e-06,0.0002083067452727944,13.55644468029527
3792,5881,25.80305289965987,0,0,0,0,0,0,0,1,0,0.0002083067452727944,8.591857681233457e-06,0.0002083067452727944,25.80030189965987
3793,10487,46.79972636599072,0,0,0,0,0,0,0,1,0,0.0002083067452727944,8.591857681233457e-06,0.0002083067452727944,46.62672536599072
3794,7297,32.05356247588939,0,0,0,0,0,0,0,1,0,0.0002083067452727944,8.591857681233457e-06,0.0002083067452727944,31.88056147588936
3795,7901,34.65615078915073,0,0,0,0,0,0,0,1,0,0.0002083067452727944,8.591857681233457e-06,0.0002083067452727944,34.65339978915074
3796,4476,20.49195542159388,0,0,0,0,0,0,0,1,0,0.0002083067452727944,8.591857681233457e-06,0.0002083067452727944,20.31895442159389
3797,11013,46.06687942258124,0,0,0,0,0,0,0,1,0,0.0002083067452727944,8.591857681233457e-06,0.0002083067452727944,45.8938784225812
3798,2,5.126324731831664,0,0,0,1,9,0,0,0,0,0.0002083067452727944,8.591857681233457e-06,0.0002083067452727944,-1
3799,8686,37.83861236364202,0,0,0,0,0,0,0,1,0,0.0002083067452727944,8.591857681233457e-06,0.0002083067452727944,37.6656113636662
3800,2154,46.09632019004764,0,0,0,5,16,0,0,0,0,0.0002083067452727944,8.591857681233457e-06,0.0002083067452727944,-1
3801,792,17.15139744290122,0,0,0,1,13,0,0,0,0,0.0002083067452727944,8.591857681233457e-06,0.0002083067452727944,-1
3802,6412,29.26360573468974,0,0,0,0,0,0,0,1,0,0.0002083067452727944,8.591857681233457e-06,0.0002083067452727944,29.09060473468974
3803,8137,33.7764166611776,0,0,0,0,0,0,0,1,0,0.0002083067452727944,8.591857681233457e-06,0.0002083067452727944,33.60341566117761
3804,9918,42.72209362151927,0,0,0,0,0,0,0,1,0,0.0002083067452727944,8.591857681233457e-06,0.0002083067452727944,42.54909262151927
3805,10526,46.69280057054711,0,0,0,0,0,0,0,1,0,0.0002083067452727944,8.591857681233457e-06,0.0002083067452727944,46.5197995705471
3806,7877,35.84320979520302,0,0,0,0,0,0,0,1,0,0.0002083067452727944,8.591857681233457e-06,0.0002083067452727944,35.84045879520306
3807,8629,37.24560554994145,0,0,0,0,0,0,0,1,0,0.0002083067452727944,8.591857681233457e-06,0.0002083067452727944,37.07260454994142
3808,4544,18.92576711144864,0,0,0,0,0,0,0,1,0,0.0002083067452727944,8.591857681233457e-06,0.0002083067452727944,18.75276611144865
3809,9857,44.11827392120535,0,0,0,0,0,0,0,1,0,0.0002083067452727944,8.591857681233457e-06,0.0002083067452727944,44.11552292120519
3810,8844,40.03526210318947,0,0,0,0,0,0,0,1,0,0.0002083067452727944,8.591857681233457e-06,0.0002083067452727944,39.86226110318945
3811,850,30.31715224508882,0,0,0,1,8,0,0,0,0,0.0002083067452727944,8.591857681233457e-06,0.0002083067452727944,-1
3812,6065,28.05455954614808,0,0,0,0,0,0,0,1,0,0.0002083067452727944,8.591857681233457e-06,0.0002083067452727944,27.88155854614805
3813,10042,42.48966164077227,0,0,0,0,0,0,0,1,0,0.0002083067452727944,8.591857681233457e-06,0.0002083067452727944,42.31666064077233
3814,8098,36.96907900240477,0,0,0,0,0,0,0,1,0,0.0002083067452727944,8.591857681233457e-06,0.0002083067452727944,36.79607800240478
3815,1998,9.948192181436101,0,0,0,0,0,0,0,1,0,0.0002083067452727944,8.591857681233457e-06,0.0002083067452727944,9.775191181436098
3816,3929,17.65712537187554,0,0,0,0,0,0,0,1,0,0.0002083067452727944,8.591857681233457e-06,0.0002083067452727944,17.48412437187555
3817,6677,31.97510257829662,0,0,0,0,0,0,0,1,0,0.0002083067452727944,8.591857681233457e-06,0.0002083067452727944,31.97235157829657
3818,10305,51.20640080386581,0,0,0,0,0,0,0,1,0,0.0002083067452727944,8.591857681233457e-06,0.0002083067452727944,51.03339980386574
3819,9504,42.49256043444393,0,0,0,0,0,0,0,1,0,0.0002083067452727944,8.591857681233457e-06,0.0002083067452727944,42.31955943444387
3820,1070,54.55900639392417,0,0,0,4,29,0,0,0,0,0.0002083067452727944,8.591857681233457e-06,0.0002083067452727944,-1
3821,7979,33.65825655634486,0,0,0,0,0,0,0,1,0,0.0002083067452727944,8.591857681233457e-06,0.0002083067452727944,33.48525555634489
3822,6592,30.20805856215217,0,0,0,0,0,0,0,1,0,0.0002083067452727944,8.591857681233457e-06,0.0002083067452727944,30.03505756215216
3823,5796,24.69483525036956,0,0,0,0,0,0,0,1,0,0.0002083067452727944,8.591857681233457e-06,0.0002083067452727944,24.52183425036953
3824,5141,23.62398345443794,0,0,0,0,0,0,0,1,0,0.0002083067452727944,8.591857681233457e-06,0.0002083067452727944,23.45098245443793
3825,9632,40.41809604947052,0,0,0,0,0,0,0,1,0,0.0002083067452727944,8.591857681233457e-06,0.0002083067452727944,40.41534504947046
3826,7307,33.30426458291385,0,0,0,0,0,0,0,1,0,0.0002083067452727944,8.591857681233457e-06,0.0002083067452727944,33.13126358291387
3827,127,1.796752481003765,0,0,0,0,0,0,0,0,0,0.0002083067452727944,8.591857681233457e-06,0.0002083067452727944,-1
3828,6326,26.86678487708251,0,0,0,0,0,0,0,1,0,0.0002083067452727944,8.591857681233457e-06,0.0002083067452727944,26.69378387708247
3829,8645,42.36959920049606,0,0,0,0,0,0,0,1,0,0.0002083067452727944,8.591857681233457e-06,0.0002083067452727944,42.19659820050035
3830,5722,24.78838327663475,0,0,0,0,0,0,0,1,0,0.0002083067452727944,8.591857681233457e-06,0.0002083067452727944,24.78563227663474
3831,9405,42.96909734421592,0,0,0,0,0,0,0,1,0,0.0002083067452727944,8.591857681233457e-06,0.0002083067452727944,42.79609634421598
3832,4706,22.88993291328836,0,0,0,0,0,0,0,1,0,0.0002083067452727944,8.591857681233457e-06,0.0002083067452727944,22.71693191328837
3833,3583,15.90160691803929,0,0,0,0,0,0,0,1,0,0.0002083067452727944,8.591857681233457e-06,0.0002083067452727944,15.89885591803929
3834,10499,45.4824931454696,0,0,0,0,0,0,0,1,0,0.0002083067452727944,8.591857681233457e-06,0.0002083067452727944,45.3094921454927
3835,9572,42.11736086467089,0,0,0,0,0,0,0,1,0,0.0002083067452727944,8.591857681233457e-06,0.0002083067452727944,41.94435986467074
3836,4301,19.07947577736206,0,0,0,0,0,0,0,1,0,0.0002083067452727944,8.591857681233457e-06,0.0002083067452727944,19.07672477736207
3837,0,16.6675476800121,0,0,0,2,11,0,0,0,0,0.0002083067452727944,8.591857681233457e-06,0.0002083067452727944,-1
3838,4797,22.29239564178252,0,0,0,0,0,0,0,1,0,0.0002083067452727944,8.591857681233457e-06,0.0002083067452727944,22.28964464178252
3839,5854,26.74507679891139,0,0,0,0,0,0,0,1,0,0.0002083067452727944,8.591857681233457e-06,0.0002083067452727944,26.57207579891137
3840,7235,31.6580954080231,0,0,0,0,0,0,0,1,0,0.0002083067452727944,8.591857681233457e-06,0.0002083067452727944,31.48509440802312
3841,10415,49.84076985619507,0,0,0,0,0,0,0,1,0,0.0002083067452727944,8.591857681233457e-06,0.0002083067452727944,49.66776885619493
3842,2683,13.3863741056526,0,0,0,0,0,0,0,1,0,0.0002083067452727944,8.591857681233457e-06,0.0002083067452727944,13.21337310565262
3843,6439,29.03160280552171,0,0,0,0,0,0,0,1,0,0.0002083067452727944,8.591857681233457e-06,0.0002083067452727944,28.85860180552169
3844,5787,25.58534757743045,0,0,0,0,0,0,0,1,0,0.0002083067452727944,8.591857681233457e-06,0.0002083067452727944,25.58259657743048
3845,3447,14.52323552680796,0,0,0,0,0,0,0,1,0,0.0002083067452727944,8.591857681233457e-06,0.0002083067452727944,14.52048452680796
3846,9412,44.44173669110866,0,0,0,0,0,0,0,1,0,0.0002083067452727944,8.591857681233457e-06,0.0002083067452727944,44.26873569110865
3847,5484,25.06040813673325,0,0,0,0,0,0,0,1,0,0.0002083067452727944,8.591857681233457e-06,0.0002083067452727944,24.88740713673326
3848,8953,39.5409878818223,0,0,0,0,0,0,0,1,0,0.0002083067452727944,8.591857681233457e-06,0.0002083067452727944,39.3679868818222
3849,9222,37.788166206471,0,0,0,0,0,0,0,1,0,0.0002083067452727944,8.591857681233457e-06,0.0002083067452727944,37.78541520647094
3850,9715,44.74420312703277,0,0,0,0,0,0,0,1,0,0.0002083067452727944,8.591857681233457e-06,0.0002083067452727944,44.57120212703276
3851,7506,32.36690022754905,0,0,0,0,0,0,0,1,0,0.0002083067452727944,8.591857681233457e-06,0.0002083067452727944,32.36414922754904
3852,7866,39.63403586150843,0,0,0,0,0,0,0,1,0,0.0002083067452727944,8.591857681233457e-06,0.0002083067452727944,39.46103486150844
3853,5622,28.28500209925677,0,0,0,0,0,0,0,1,0,0.0002083067452727944,8.591857681233457e-06,0.0002083067452727944,28.11200109925672
3854,11851,53.20381821601789,0,0,0,0,0,0,0,1,0,0.0002083067452727944,8.591857681233457e-06,0.0002083067452727944,53.03081721601773
3855,74,15.99003565683806,0,0,0,2,13,0,0,0,0,0.0002083067452727944,8.591857681233457e-06,0.0002083067452727944,-1
3856,7107,31.31225261183447,0,0,0,0,0,0,0,1,0,0.0002083067452727944,8.591857681233457e-06,0.0002083067452727944,31.1392516118345
3857,10768,48.81568484702223,0,0,0,0,0,0,0,1,0,0.0002083067452727944,8.591857681233457e-06,0.0002083067452727944,48.64268384702218
3858,3510,16.45721030405478,0,0,0,0,0,0,0,1,0,0.0002083067452727944,8.591857681233457e-06,0.0002083067452727944,16.28420930405479
3859,8868,38.53081363120258,0,0,0,0,0,0,0,1,0,0.0002083067452727944,8.591857681233457e-06,0.0002083067452727944,38.52806263120259
3860,4729,23.45455805100604,0,0,0,0,0,0,0,1,0,0.0002083067452727944,8.591857681233457e-06,0.0002083067452727944,23.45180705100606
3861,6229,25.97148410325279,0,0,0,0,0,0,0,1,0,0.0002083067452727944,8.591857681233457e-06,0.0002083067452727944,25.7984831032528
3862,8371,36.69587764478743,0,0,0,0,0,0,0,1,0,0.0002083067452727944,8.591857681233457e-06,0.0002083067452727944,36.52287664478741
3863,5771,30.18120177536003,0,0,0,0,0,0,0,1,0,0.0002083067452727944,8.591857681233457e-06,0.0002083067452727944,30.00820077535995
3864,11166,48.86408362479281,0,0,0,0,0,0,0,1,0,0.0002083067452727944,8.591857681233457e-06,0.0002083067452727944,48.69108262479276
3865,4450,21.87167839764501,0,0,0,0,0,0,0,1,0,0.0002083067452727944,8.591857681233457e-06,0.0002083067452727944,21.868927397645
3866,9065,43.15576311889155,0,0,0,0,0,0,0,1,0,0.0002083067452727944,8.591857681233457e-06,0.0002083067452727944,43.15301211889145
3867,8919,38.58888324546681,0,0,0,0,0,0,0,1,0,0.0002083067452727944,8.591857681233457e-06,0.0002083067452727944,38.4158822454667
3868,11881,50.052143615051,0,0,0,0,0,0,0,1,0,0.0002083067452727944,8.591857681233457e-06,0.0002083067452727944,50.04939261505097
3869,6115,29.12144217910545,0,0,0,0,0,0,0,1,0,0.0002083067452727944,8.591857681233457e-06,0.0002083067452727944,29.11869117911029
3870,6727,29.99807845171275,0,0,0,0,0,0,0,1,0,0.0002083067452727944,8.591857681233457e-06,0.0002083067452727944,29.99532745171277
3871,7820,32.6735109193565,0,0,0,0,0,0,0,1,0,0.0002083067452727944,8.591857681233457e-06,0.0002083067452727944,32.50050991935647
3872,11674,51.4203470719503,0,0,0,0,0,0,0,1,0,0.0002083067452727944,8.591857681233457e-06,0.0002083067452727944,51.24734607195018
3873,9426,47.03654024355715,0,0,0,0,0,0,0,1,0,0.0002083067452727944,8.591857681233457e-06,0.0002083067452727944,46.86353924348466
3874,910,6.142356340887711,0,0,0,1,10,0,0,0,0,0.0002083067452727944,8.591857681233457e-06,0.0002083067452727944,-1
3875,9952,44.80417475875926,0,0,0,0,0,0,0,1,0,0.0002083067452727944,8.591857681233457e-06,0.0002083067452727944,44.63117375875918
3876,9051,39.6448551817332,0,0,0,0,0,0,0,1,0,0.0002083067452727944,8.591857681233457e-06,0.0002083067452727944,39.47185418173319
3877,7300,31.43488636170209,0,0,0,0,0,0,0,1,0,0.0002083067452727944,8.591857681233457e-06,0.0002083067452727944,31.43213536170212
3878,9745,47.11317252246479,0,0,0,0,0,0,0,1,0,0.0002083067452727944,8.591857681233457e-06,0.0002083067452727944,46.94017152246467
3879,9246,41.11360501107839,0,0,0,0,0,0,0,1,0,0.0002083067452727944,8.591857681233457e-06,0.0002083067452727944,40.94060401107836
3880,8679,39.10173626328305,0,0,0,0,0,0,0,1,0,0.0002083067452727944,8.591857681233457e-06,0.0002083067452727944,39.09898526328301
3881,8925,38.10731742773657,0,0,0,0,0,0,0,1,0,0.0002083067452727944,8.591857681233457e-06,0.0002083067452727944,38.10456642773656
3882,7051,30.9097110678031,0,0,0,0,0,0,0,1,0,0.0002083067452727944,8.591857681233457e-06,0.0002083067452727944,30.73671006780313
3883,7184,32.95647167071949,0,0,0,0,0,0,0,1,0,0.0002083067452727944,8.591857681233457e-06,0.0002083067452727944,32.78347067071949
3884,0,0.002751,0,0,0,0,0,0,0,0,0,0.0002083067452727944,8.591857681233457e-06,0.0002083067452727944,-1
3885,8314,36.03839698559622,0,0,0,0,0,0,0,1,0,0.0002083067452727944,8.591857681233457e-06,0.0002083067452727944,36.0356459855962
3886,153,7.44722484703447,0,0,0,1,10,0,0,0,0,0.0002083067452727944,8.591857681233457e-06,0.0002083067452727944,-1
3887,1183,31.73973525826955,0,0,0,1,9,0,0,0,0,0.0002083067452727944,8.591857681233457e-06,0.0002083067452727944,-1
3888,11649,51.79909363733618,0,0,0,0,0,0,0,1,0,0.0002083067452727944,8.591857681233457e-06,0.0002083067452727944,51.62609263741008
3889,623,6.316403614445933,0,0,0,1,6,0,0,0,0,0.0002083067452727944,8.591857681233457e-06,0.0002083067452727944,-1
3890,4972,22.47753014820437,0,0,0,0,0,0,0,1,0,0.0002083067452727944,8.591857681233457e-06,0.0002083067452727944,22.47477914820438
3891,9312,39.79457777274223,0,0,0,0,0,0,0,1,0,0.0002083067452727944,8.591857681233457e-06,0.0002083067452727944,39.79182677274225
3892,9457,42.16300536845924,0,0,0,0,0,0,0,1,0,0.0002083067452727944,8.591857681233457e-06,0.0002083067452727944,41.99000436845925
3893,5329,26.32586166977138,0,0,0,0,0,0,0,1,0,0.0002083067452727944,8.591857681233457e-06,0.0002083067452727944,26.32311066977137
3894,11532,48.23697738179205,0,0,0,0,0,0,0,1,0,0.0002083067452727944,8.591857681233457e-06,0.0002083067452727944,48.23422638179202
3895,1315,5.934624809713198,0,0,0,0,0,0,0,1,0,0.0002083067452727944,8.591857681233457e-06,0.0002083067452727944,5.761623809713195
3896,8073,38.3548886603738,0,0,0,0,0,0,0,1,0,0.0002083067452727944,8.591857681233457e-06,0.0002083067452727944,38.18188766037379
3897,5837,27.98265841720604,0,0,0,0,0,0,0,1,0,0.0002083067452727944,8.591857681233457e-06,0.0002083067452727944,27.80965741720604
3898,10297,45.19604043387508,0,0,0,0,0,0,0,1,0,0.0002083067452727944,8.591857681233457e-06,0.0002083067452727944,45.19328943387514
3899,5243,23.99411562175969,0,0,0,0,0,0,0,1,0,0.0002083067452727944,8.591857681233457e-06,0.0002083067452727944,23.82111462175967
3900,0,1.330086038874366,0,0,0,1,7,0,0,0,0,0.0002083067452727944,8.591857681233457e-06,0.0002083067452727944,-1
3901,10086,47.46180463053868,0,0,0,0,0,0,0,1,0,0.0002083067452727944,8.591857681233457e-06,0.0002083067452727944,47.28880363053865
3902,4785,22.01595115574529,0,0,0,0,0,0,0,1,0,0.0002083067452727944,8.591857681233457e-06,0.0002083067452727944,21.84295015574527
3903,6577,33.00192917643016,0,0,0,0,0,0,0,1,0,0.0002083067452727944,8.591857681233457e-06,0.0002083067452727944,32.82892817643017
3904,8816,41.64930730106511,0,0,0,0,0,0,0,1,0,0.0002083067452727944,8.591857681233457e-06,0.0002083067452727944,41.47630630108157
3905,9073,39.5783366043417,0,0,0,0,0,0,0,1,0,0.0002083067452727944,8.591857681233457e-06,0.0002083067452727944,39.40533560434165
3906,10837,47.91395377306995,0,0,0,0,0,0,0,1,0,0.0002083067452727944,8.591857681233457e-06,0.0002083067452727944,47.74095277306987
3907,9412,39.97178394909382,0,0,0,0,0,0,0,1,0,0.0002083067452727944,8.591857681233457e-06,0.0002083067452727944,39.96903294909376
3908,7649,36.87134156696609,0,0,0,0,0,0,0,1,0,0.0002083067452727944,8.591857681233457e-06,0.0002083067452727944,36.69834056696613
3909,8663,40.35262775091668,0,0,0,0,0,0,0,1,0,0.0002083067452727944,8.591857681233457e-06,0.0002083067452727944,40.17962675091668
3910,3656,18.25714977902186,0,0,0,0,0,0,0,1,0,0.0002083067452727944,8.591857681233457e-06,0.0002083067452727944,18.08414877902187
3911,8614,39.14975461273284,0,0,0,0,0,0,0,1,0,0.0002083067452727944,8.591857681233457e-06,0.0002083067452727944,38.97675361273274
3912,10315,48.12765487302321,0,0,0,0,0,0,0,1,0,0.0002083067452727944,8.591857681233457e-06,0.0002083067452727944,47.95465387302313
3913,4467,19.45856416314012,0,0,0,0,0,0,0,1,0,0.0002083067452727944,8.591857681233457e-06,0.0002083067452727944,19.28556316314013
3914,30,45.37475972889435,0,0,0,1,7,0,0,0,0,0.0002083067452727944,8.591857681233457e-06,0.0002083067452727944,-1
3915,9228,43.06745420284233,0,0,0,0,0,0,0,1,0,0.0002083067452727944,8.591857681233457e-06,0.0002083067452727944,42.89445320284233
3916,5699,23.07312480885597,0,0,0,0,0,0,0,1,0,0.0002083067452727944,8.591857681233457e-06,0.0002083067452727944,22.90012380885599
3917,7861,33.81053280414839,0,0,0,0,0,0,0,1,0,0.0002083067452727944,8.591857681233457e-06,0.0002083067452727944,33.80778180414834
3918,9430,42.02331165353034,0,0,0,0,0,0,0,1,0,0.0002083067452727944,8.591857681233457e-06,0.0002083067452727944,41.85031065353025
3919,5253,22.38560936893812,0,0,0,0,0,0,0,1,0,0.0002083067452727944,8.591857681233457e-06,0.0002083067452727944,22.21260836893813
3920,9767,44.19896583086101,0,0,0,0,0,0,0,1,0,0.0002083067452727944,8.591857681233457e-06,0.0002083067452727944,44.19621483086101
3921,9415,43.49887803058173,0,0,0,0,0,0,0,1,0,0.0002083067452727944,8.591857681233457e-06,0.0002083067452727944,43.32587703058171
3922,4627,18.93077632378543,0,0,0,0,0,0,0,1,0,0.0002083067452727944,8.591857681233457e-06,0.0002083067452727944,18.92802532378544
3923,5511,24.41920598058929,0,0,0,0,0,0,0,1,0,0.0002083067452727944,8.591857681233457e-06,0.0002083067452727944,24.24620498058926
3924,9993,46.44859072830828,0,0,0,0,0,0,0,1,0,0.0002083067452727944,8.591857681233457e-06,0.0002083067452727944,46.27558972827454
3925,10489,48.855412211936,0,0,0,0,0,0,0,1,0,0.0002083067452727944,8.591857681233457e-06,0.0002083067452727944,48.68241121193596
3926,6416,28.6200352430348,0,0,0,0,0,0,0,1,0,0.0002083067452727944,8.591857681233457e-06,0.0002083067452727944,28.44703424303479
3927,10278,43.92905567317306,0,0,0,0,0,0,0,1,0,0.0002083067452727944,8.591857681233457e-06,0.0002083067452727944,43.75605467317304
3928,10935,46.9804056291612,0,0,0,0,0,0,0,1,0,0.0002083067452727944,8.591857681233457e-06,0.0002083067452727944,46.8074046291612
3929,55,1.718716270162344,0,0,0,0,0,0,0,0,0,0.0002083067452727944,8.591857681233457e-06,0.0002083067452727944,-1
3930,4138,19.93846355453077,0,0,0,0,0,0,0,1,0,0.0002083067452727944,8.591857681233457e-06,0.0002083067452727944,19.76546255454605
3931,3849,17.88243040271995,0,0,0,0,0,0,0,1,0,0.0002083067452727944,8.591857681233457e-06,0.0002083067452727944,17.70942940271993
3932,10984,49.9059274498194,0,0,0,0,0,0,0,1,0,0.0002083067452727944,8.591857681233457e-06,0.0002083067452727944,49.90317644981936
3933,4388,20.30275467541145,0,0,0,0,0,0,0,1,0,0.0002083067452727944,8.591857681233457e-06,0.0002083067452727944,20.12975367541145
3934,8280,33.66307523519392,0,0,0,0,0,0,0,1,0,0.0002083067452727944,8.591857681233457e-06,0.0002083067452727944,33.49007423519392
3935,789,20.11926633914752,0,0,0,1,12,0,0,0,0,0.0002083067452727944,8.591857681233457e-06,0.0002083067452727944,-1
3936,11915,51.96041524446776,0,0,0,0,0,0,0,1,0,0.0002083067452727944,8.591857681233457e-06,0.0002083067452727944,51.78741424446777
3937,10272,46.49296412583811,0,0,0,0,0,0,0,1,0,0.0002083067452727944,8.591857681233457e-06,0.0002083067452727944,46.31996312583808
3938,7975,37.88390777313548,0,0,0,0,0,0,0,1,0,0.0002083067452727944,8.591857681233457e-06,0.0002083067452727944,37.88115677313103
3939,7617,34.47940028769145,0,0,0,0,0,0,0,1,0,0.0002083067452727944,8.591857681233457e-06,0.0002083067452727944,34.30639928769143
3940,3996,20.79876752015213,0,0,0,0,0,0,0,1,0,0.0002083067452727944,8.591857681233457e-06,0.0002083067452727944,20.79601652015214
3941,10392,46.42986844418127,0,0,0,0,0,0,0,1,0,0.0002083067452727944,8.591857681233457e-06,0.0002083067452727944,46.42711744418128
3942,5717,25.34587239384797,0,0,0,0,0,0,0,1,0,0.0002083067452727944,8.591857681233457e-06,0.0002083067452727944,25.17287139384794
3943,7265,34.66716851090268,0,0,0,0,0,0,0,1,0,0.0002083067452727944,8.591857681233457e-06,0.0002083067452727944,34.49416751090263
3944,8880,41.19262507391591,0,0,0,0,0,0,0,1,0,0.0002083067452727944,8.591857681233457e-06,0.0002083067452727944,41.01962407391598
3945,7725,36.32568212287281,0,0,0,0,0,0,0,1,0,0.0002083067452727944,8.591857681233457e-06,0.0002083067452727944,36.15268112287276
3946,8229,33.72779006247147,0,0,0,0,0,0,0,1,0,0.0002083067452727944,8.591857681233457e-06,0.0002083067452727944,33.55478906247142
3947,10668,48.84590422671246,0,0,0,0,0,0,0,1,0,0.0002083067452727944,8.591857681233457e-06,0.0002083067452727944,48.67290322671246
3948,7431,34.07723628918868,0,0,0,0,0,0,0,1,0,0.0002083067452727944,8.591857681233457e-06,0.0002083067452727944,33.90423528918868
3949,7250,31.30905513545851,0,0,0,0,0,0,0,1,0,0.0002083067452727944,8.591857681233457e-06,0.0002083067452727944,31.13605413545853
3950,8235,36.19054210137789,0,0,0,0,0,0,0,1,0,0.0002083067452727944,8.591857681233457e-06,0.0002083067452727944,36.01754110137784
3951,4970,22.46512772809769,0,0,0,0,0,0,0,1,0,0.0002083067452727944,8.591857681233457e-06,0.0002083067452727944,22.46237672809769
3952,7809,35.42760636965751,0,0,0,0,0,0,0,1,0,0.0002083067452727944,8.591857681233457e-06,0.0002083067452727944,35.42485536965749
3953,8147,39.54244467978349,0,0,0,0,0,0,0,1,0,0.0002083067452727944,8.591857681233457e-06,0.0002083067452727944,39.53969367978351
3954,11743,53.48761120609025,0,0,0,0,0,0,0,1,0,0.0002083067452727944,8.591857681233457e-06,0.0002083067452727944,53.31461020609017
3955,9641,43.39165728206685,0,0,0,0,0,0,0,1,0,0.0002083067452727944,8.591857681233457e-06,0.0002083067452727944,43.38890628206676
3956,6063,26.61855824435814,0,0,0,0,0,0,0,1,0,0.0002083067452727944,8.591857681233457e-06,0.0002083067452727944,26.44555724435817
3957,5278,22.18275046509282,0,0,0,0,0,0,0,1,0,0.0002083067452727944,8.591857681233457e-06,0.0002083067452727944,22.0097494650928
3958,11125,52.23077234366295,0,0,0,0,0,0,0,1,0,0.0002083067452727944,8.591857681233457e-06,0.0002083067452727944,52.2280213438993
3959,10006,44.963242522703,0,0,0,0,0,0,0,1,0,0.0002083067452727944,8.591857681233457e-06,0.0002083067452727944,44.96049152270291
3960,6749,29.13260644683277,0,0,0,0,0,0,0,1,0,0.0002083067452727944,8.591857681233457e-06,0.0002083067452727944,28.95960544683279
3961,8990,38.14206374881638,0,0,0,0,0,0,0,1,0,0.0002083067452727944,8.591857681233457e-06,0.0002083067452727944,38.13931274881634
3962,1569,6.743741506506396,0,0,0,0,0,0,0,1,0,0.0002083067452727944,8.591857681233457e-06,0.0002083067452727944,6.570740506506395
3963,5229,23.08119861923445,0,0,0,0,0,0,0,1,0,0.0002083067452727944,8.591857681233457e-06,0.0002083067452727944,23.07844761923446
3964,10900,49.92551675420525,0,0,0,0,0,0,0,1,0,0.0002083067452727944,8.591857681233457e-06,0.0002083067452727944,49.75251575420521
3965,8795,38.34617212296823,0,0,0,0,0,0,0,1,0,0.0002083067452727944,8.591857681233457e-06,0.0002083067452727944,38.17317112296825
3966,10392,44.71466082326334,0,0,0,0,0,0,0,1,0,0.0002083067452727944,8.591857681233457e-06,0.0002083067452727944,44.71190982326328
3967,10768,48.76570581381585,0,0,0,0,0,0,0,1,0,0.0002083067452727944,8.591857681233457e-06,0.0002083067452727944,48.59270481381586
3968,5814,27.64736712728376,0,0,0,0,0,0,0,1,0,0.0002083067452727944,8.591857681233457e-06,0.0002083067452727944,27.47436612728378
3969,7020,32.22163892082482,0,0,0,0,0,0,0,1,0,0.0002083067452727944,8.591857681233457e-06,0.0002083067452727944,32.2188879208248
3970,9220,40.7335571624009,0,0,0,0,0,0,0,1,0,0.0002083067452727944,8.591857681233457e-06,0.0002083067452727944,40.73080616240085
3971,9797,47.0616816426089,0,0,0,0,0,0,0,1,0,0.0002083067452727944,8.591857681233457e-06,0.0002083067452727944,46.88868064220941
3972,9810,46.62148937439055,0,0,0,0,0,0,0,1,0,0.0002083067452727944,8.591857681233457e-06,0.0002083067452727944,46.44848837439051
3973,7745,34.17594854084815,0,0,0,0,0,0,0,1,0,0.0002083067452727944,8.591857681233457e-06,0.0002083067452727944,34.00294754084815
3974,11015,47.09406054744305,0,0,0,0,0,0,0,1,0,0.0002083067452727944,8.591857681233457e-06,0.0002083067452727944,46.92105954744295
3975,0,23.38219016786859,0,0,0,2,14,0,0,0,0,0.0002083067452727944,8.591857681233457e-06,0.0002083067452727944,-1
3976,5244,26.77583577452456,0,0,0,0,0,0,0,1,0,0.0002083067452727944,8.591857681233457e-06,0.0002083067452727944,26.77308477446434
3977,5494,25.36027664212249,0,0,0,0,0,0,0,1,0,0.0002083067452727944,8.591857681233457e-06,0.0002083067452727944,25.3575256421225
3978,7648,33.67982669969943,0,0,0,0,0,0,0,1,0,0.0002083067452727944,8.591857681233457e-06,0.0002083067452727944,33.50682569969941
3979,306,2.509350445448131,0,0,0,0,0,0,0,0,0,0.0002083067452727944,8.591857681233457e-06,0.0002083067452727944,-1
3980,49,37.29010321012068,0,0,0,1,5,0,0,0,0,0.0002083067452727944,8.591857681233457e-06,0.0002083067452727944,-1
3981,11060,49.1415583985635,0,0,0,0,0,0,0,1,0,0.0002083067452727944,8.591857681233457e-06,0.0002083067452727944,48.96855739856351
3982,734,12.62620503493801,0,0,0,2,16,0,0,0,0,0.0002083067452727944,8.591857681233457e-06,0.0002083067452727944,-1
3983,352,2.993863451775898,0,0,0,0,0,0,0,0,0,0.0002083067452727944,8.591857681233457e-06,0.0002083067452727944,-1
3984,9180,39.24639392665543,0,0,0,0,0,0,0,1,0,0.0002083067452727944,8.591857681233457e-06,0.0002083067452727944,39.2436429266555
3985,11813,50.67839048044103,0,0,0,0,0,0,0,1,0,0.0002083067452727944,8.591857681233457e-06,0.0002083067452727944,50.67563948044096
3986,9312,42.83452961675027,0,0,0,0,0,0,0,1,0,0.0002083067452727944,8.591857681233457e-06,0.0002083067452727944,42.6615286167503
3987,5796,25.25834138073787,0,0,0,0,0,0,0,1,0,0.0002083067452727944,8.591857681233457e-06,0.0002083067452727944,25.25559038073783
3988,7523,33.64118453305552,0,0,0,0,0,0,0,1,0,0.0002083067452727944,8.591857681233457e-06,0.0002083067452727944,33.46818353305555
3989,8439,40.03773821998313,0,0,0,0,0,0,0,1,0,0.0002083067452727944,8.591857681233457e-06,0.0002083067452727944,39.86473721998314
3990,10901,47.89906362733948,0,0,0,0,0,0,0,1,0,0.0002083067452727944,8.591857681233457e-06,0.0002083067452727944,47.89631262733946
3991,2790,12.1766960256667,0,0,0,0,0,0,0,1,0,0.0002083067452727944,8.591857681233457e-06,0.0002083067452727944,12.00369502566671
3992,9365,44.33661564351164,0,0,0,0,0,0,0,1,0,0.0002083067452727944,8.591857681233457e-06,0.0002083067452727944,44.16361464351153
3993,10985,47.73293511613166,0,0,0,0,0,0,0,1,0,0.0002083067452727944,8.591857681233457e-06,0.0002083067452727944,47.73018411613165
3994,9595,44.6913133462521,0,0,0,0,0,0,0,1,0,0.0002083067452727944,8.591857681233457e-06,0.0002083067452727944,44.68856234625207
3995,701,3.817323988907812,0,0,0,0,0,0,0,1,0,0.0002083067452727944,8.591857681233457e-06,0.0002083067452727944,3.644322988907813
3996,7893,40.37223325965484,0,0,0,0,0,0,0,1,0,0.0002083067452727944,8.591857681233457e-06,0.0002083067452727944,40.19923225965479
3997,11173,49.39226102901139,0,0,0,0,0,0,0,1,0,0.0002083067452727944,8.591857681233457e-06,0.0002083067452727944,49.38951002901133
3998,10568,44.32024085711288,0,0,0,0,0,0,0,1,0,0.0002083067452727944,8.591857681233457e-06,0.0002083067452727944,44.31748985711291
3999,0,24.71694387485788,0,0,0,2,15,0,0,0,0,0.0002083067452727944,8.591857681233457e-06,0.0002083067452727944,-1
4000,9706,42.26339215963582,0,0,0,0,0,0,0,1,0,0.0002083067452727944,8.591857681233457e-06,0.0002083067452727944,42.26064115963582
4001,11725,50.03460851723735,0,0,0,0,0,0,0,1,0,0.0002083067452727944,8.591857681233457e-06,0.0002083067452727944,50.03185751723719
4002,8888,38.16818436501059,0,0,0,0,0,0,0,1,0,0.0002083067452727944,8.591857681233457e-06,0.0002083067452727944,37.9951833650106
4003,4073,18.12180814676675,0,0,0,0,0,0,0,1,0,0.0002083067452727944,8.591857681233457e-06,0.0002083067452727944,17.94880714676675
4004,56,1.847338435063984,0,0,0,0,0,0,0,0,0,0.0002083067452727944,8.591857681233457e-06,0.0002083067452727944,-1
4005,3674,18.54269664591959,0,0,0,0,0,0,0,1,0,0.0002083067452727944,8.591857681233457e-06,0.0002083067452727944,18.53994564591962
4006,5937,25.32492394870708,0,0,0,0,0,0,0,1,0,0.0002083067452727944,8.591857681233457e-06,0.0002083067452727944,25.32217294870706
4007,7068,30.90323375317039,0,0,0,0,0,0,0,1,0,0.0002083067452727944,8.591857681233457e-06,0.0002083067452727944,30.73023275317035
4008,5238,21.76277931473345,0,0,0,0,0,0,0,1,0,0.0002083067452727944,8.591857681233457e-06,0.0002083067452727944,21.58977831473346
4009,4201,18.59432370522053,0,0,0,0,0,0,0,1,0,0.0002083067452727944,8.591857681233457e-06,0.0002083067452727944,18.42132270522054
4010,0,4.774802023491004,0,0,0,1,5,0,0,0,0,0.0002083067452727944,8.591857681233457e-06,0.0002083067452727944,-1
4011,4246,22.40998826630258,0,0,0,0,0,0,0,1,0,0.0002083067452727944,8.591857681233457e-06,0.0002083067452727944,22.2369872663026
4012,3518,17.25757103581945,0,0,0,0,0,0,0,1,0,0.0002083067452727944,8.591857681233457e-06,0.0002083067452727944,17.08457003581944
4013,8351,41.82872429167826,0,0,0,0,0,0,0,1,0,0.0002083067452727944,8.591857681233457e-06,0.0002083067452727944,41.65572329161858
4014,7435,33.76991542489583,0,0,0,0,0,0,0,1,0,0.0002083067452727944,8.591857681233457e-06,0.0002083067452727944,33.59691442490981
4015,4791,22.75984563117005,0,0,0,0,0,0,0,1,0,0.0002083067452727944,8.591857681233457e-06,0.0002083067452727944,22.75709463117004
4016,12116,52.93492648395583,0,0,0,0,0,0,0,1,0,0.0002083067452727944,8.591857681233457e-06,0.0002083067452727944,52.76192548395576
4017,5860,25.48793195693339,0,0,0,0,0,0,0,1,0,0.0002083067452727944,8.591857681233457e-06,0.0002083067452727944,25.3149309569334
4018,10130,47.63269262561963,0,0,0,0,0,0,0,1,0,0.0002083067452727944,8.591857681233457e-06,0.0002083067452727944,47.45969162561955
4019,0,25.51712215674235,0,0,0,3,26,0,0,0,0,0.0002083067452727944,8.591857681233457e-06,0.0002083067452727944,-1
4020,9423,39.8371871963684,0,0,0,0,0,0,0,1,0,0.0002083067452727944,8.591857681233457e-06,0.0002083067452727944,39.66418619636835
4021,8810,39.01600751986368,0,0,0,0,0,0,0,1,0,0.0002083067452727944,8.591857681233457e-06,0.0002083067452727944,38.84300651986369
4022,802,36.61791557704013,0,0,0,3,20,0,0,0,0,0.0002083067452727944,8.591857681233457e-06,0.0002083067452727944,-1
4023,12311,50.84370973246618,0,0,0,0,0,0,0,1,0,0.0002083067452727944,8.591857681233457e-06,0.0002083067452727944,50.67070873246615
4024,9518,43.34163544786283,0,0,0,0,0,0,0,1,0,0.0002083067452727944,8.591857681233457e-06,0.0002083067452727944,43.16863444786278
4025,9736,46.68963166887178,0,0,0,0,0,0,0,1,0,0.0002083067452727944,8.591857681233457e-06,0.0002083067452727944,46.516630668467
4026,11343,51.93346087827721,0,0,0,0,0,0,0,1,0,0.0002083067452727944,8.591857681233457e-06,0.0002083067452727944,51.9307098781244
4027,9788,44.61277539160884,0,0,0,0,0,0,0,1,0,0.0002083067452727944,8.591857681233457e-06,0.0002083067452727944,44.43977439160883
4028,6626,33.03987533933488,0,0,0,0,0,0,0,1,0,0.0002083067452727944,8.591857681233457e-06,0.0002083067452727944,33.03712433933482
4029,1094,10.65301197307133,0,0,0,1,5,0,0,0,0,0.0002083067452727944,8.591857681233457e-06,0.0002083067452727944,-1
4030,0,1.601314315792884,0,0,0,1,5,0,0,0,0,0.0002083067452727944,8.591857681233457e-06,0.0002083067452727944,-1
4031,8500,38.54139287109233,0,0,0,0,0,0,0,1,0,0.0002083067452727944,8.591857681233457e-06,0.0002083067452727944,38.36839187109234
4032,9236,42.67722126436627,0,0,0,0,0,0,0,1,0,0.0002083067452727944,8.591857681233457e-06,0.0002083067452727944,42.67447026436625
4033,11220,51.03902279432391,0,0,0,0,0,0,0,1,0,0.0002083067452727944,8.591857681233457e-06,0.0002083067452727944,50.86602179432381
4034,11807,51.18444042135298,0,0,0,0,0,0,0,1,0,0.0002083067452727944,8.591857681233457e-06,0.0002083067452727944,51.01143942135293
4035,7687,32.95229227234848,0,0,0,0,0,0,0,1,0,0.0002083067452727944,8.591857681233457e-06,0.0002083067452727944,32.94954127234848
4036,8303,41.74164784819698,0,0,0,0,0,0,0,1,0,0.0002083067452727944,8.591857681233457e-06,0.0002083067452727944,41.73889684826312
4037,5237,21.22930756774256,0,0,0,0,0,0,0,1,0,0.0002083067452727944,8.591857681233457e-06,0.0002083067452727944,21.05630656774257
4038,6308,25.92674809514704,0,0,0,0,0,0,0,1,0,0.0002083067452727944,8.591857681233457e-06,0.0002083067452727944,25.75374709514707
4039,11404,49.78060668730887,0,0,0,0,0,0,0,1,0,0.0002083067452727944,8.591857681233457e-06,0.0002083067452727944,49.60760568730873
4040,4324,19.25913695526416,0,0,0,0,0,0,0,1,0,0.0002083067452727944,8.591857681233457e-06,0.0002083067452727944,19.08613595526417
4041,1717,7.918412740722117,0,0,0,0,0,0,0,1,0,0.0002083067452727944,8.591857681233457e-06,0.0002083067452727944,7.745411740722123
4042,9783,48.40563242315979,0,0,0,0,0,0,0,1,0,0.0002083067452727944,8.591857681233457e-06,0.0002083067452727944,48.23263142315968
4043,6658,31.84408537829929,0,0,0,0,0,0,0,1,0,0.0002083067452727944,8.591857681233457e-06,0.0002083067452727944,31.84133437829926
4044,10862,51.99187256168894,0,0,0,0,0,0,0,1,0,0.0002083067452727944,8.591857681233457e-06,0.0002083067452727944,51.98912156168461
4045,6045,29.04280736497773,0,0,0,0,0,0,0,1,0,0.0002083067452727944,8.591857681233457e-06,0.0002083067452727944,28.86980636497772
4046,6998,36.03781733310426,0,0,0,0,0,0,0,1,0,0.0002083067452727944,8.591857681233457e-06,0.0002083067452727944,36.03506633310421
4047,8761,38.62545981055182,0,0,0,0,0,0,0,1,0,0.0002083067452727944,8.591857681233457e-06,0.0002083067452727944,38.45245881055175
4048,9025,40.9141810603728,0,0,0,0,0,0,0,1,0,0.0002083067452727944,8.591857681233457e-06,0.0002083067452727944,40.91143006037281
4049,8038,35.46525593585069,0,0,0,0,0,0,0,1,0,0.0002083067452727944,8.591857681233457e-06,0.0002083067452727944,35.29225493585064
4050,8978,39.39789378156024,0,0,0,0,0,0,0,1,0,0.0002083067452727944,8.591857681233457e-06,0.0002083067452727944,39.22489278156029
4051,5396,23.07201628861879,0,0,0,0,0,0,0,1,0,0.0002083067452727944,8.591857681233457e-06,0.0002083067452727944,23.0692652886188
4052,9416,43.19780595676526,0,0,0,0,0,0,0,1,0,0.0002083067452727944,8.591857681233457e-06,0.0002083067452727944,43.02480495676534
4053,11366,50.66864159206251,0,0,0,0,0,0,0,1,0,0.0002083067452727944,8.591857681233457e-06,0.0002083067452727944,50.4956405920681
4054,9222,42.89207473749132,0,0,0,0,0,0,0,1,0,0.0002083067452727944,8.591857681233457e-06,0.0002083067452727944,42.71907373749126
4055,7579,34.15459991023193,0,0,0,0,0,0,0,1,0,0.0002083067452727944,8.591857681233457e-06,0.0002083067452727944,33.98159891023187
4056,8706,38.97591704552224,0,0,0,0,0,0,0,1,0,0.0002083067452727944,8.591857681233457e-06,0.0002083067452727944,38.97316604552221
4057,5579,24.05335213227362,0,0,0,0,0,0,0,1,0,0.0002083067452727944,8.591857681233457e-06,0.0002083067452727944,24.05060113227361
4058,6995,30.73944465241889,0,0,0,0,0,0,0,1,0,0.0002083067452727944,8.591857681233457e-06,0.0002083067452727944,30.5664436524189
4059,8252,33.99594039035783,0,0,0,0,0,0,0,1,0,0.0002083067452727944,8.591857681233457e-06,0.0002083067452727944,33.82293939035778
4060,9616,42.10519523567544,0,0,0,0,0,0,0,1,0,0.0002083067452727944,8.591857681233457e-06,0.0002083067452727944,41.93219423567543
4061,6999,33.16345306258894,0,0,0,0,0,0,0,1,0,0.0002083067452727944,8.591857681233457e-06,0.0002083067452727944,32.99045206258894
4062,1830,41.08391408790784,0,0,0,3,18,0,0,0,0,0.0002083067452727944,8.591857681233457e-06,0.0002083067452727944,-1
4063,6321,33.48377841587638,0,0,0,0,0,0,0,1,0,0.0002083067452727944,8.591857681233457e-06,0.0002083067452727944,33.31077741587639
4064,4091,19.50139384964254,0,0,0,0,0,0,0,1,0,0.0002083067452727944,8.591857681233457e-06,0.0002083067452727944,19.49864284964251
4065,10063,46.41645891496475,0,0,0,0,0,0,0,1,0,0.0002083067452727944,8.591857681233457e-06,0.0002083067452727944,46.2434579149646
4066,5160,21.51736070743451,0,0,0,0,0,0,0,1,0,0.0002083067452727944,8.591857681233457e-06,0.0002083067452727944,21.34435970743449
4067,15,18.42315142182733,0,0,0,4,29,0,0,0,0,0.0002083067452727944,8.591857681233457e-06,0.0002083067452727944,-1
4068,3323,16.1005027023288,0,0,0,0,0,0,0,1,0,0.0002083067452727944,8.591857681233457e-06,0.0002083067452727944,15.92750170232879
4069,5390,25.75976204660732,0,0,0,0,0,0,0,1,0,0.0002083067452727944,8.591857681233457e-06,0.0002083067452727944,25.5867610466073
4070,10106,44.17112098291706,0,0,0,0,0,0,0,1,0,0.0002083067452727944,8.591857681233457e-06,0.0002083067452727944,44.16836998291713
4071,5961,29.69928253081452,0,0,0,0,0,0,0,1,0,0.0002083067452727944,8.591857681233457e-06,0.0002083067452727944,29.52628153081453
4072,7532,33.40805871980588,0,0,0,0,0,0,0,1,0,0.0002083067452727944,8.591857681233457e-06,0.0002083067452727944,33.23505771980585
4073,8929,41.29265284250474,0,0,0,0,0,0,0,1,0,0.0002083067452727944,8.591857681233457e-06,0.0002083067452727944,41.11965184250475
4074,9528,43.95591061421431,0,0,0,0,0,0,0,1,0,0.0002083067452727944,8.591857681233457e-06,0.0002083067452727944,43.78290961421418
4075,9939,43.22506621644051,0,0,0,0,0,0,0,1,0,0.0002083067452727944,8.591857681233457e-06,0.0002083067452727944,43.22231521644046
4076,8420,39.55315595089743,0,0,0,0,0,0,0,1,0,0.0002083067452727944,8.591857681233457e-06,0.0002083067452727944,39.55040495089739
4077,6275,31.06763178490312,0,0,0,0,0,0,0,1,0,0.0002083067452727944,8.591857681233457e-06,0.0002083067452727944,30.89463078490311
4078,2452,10.9551369389634,0,0,0,0,0,0,0,1,0,0.0002083067452727944,8.591857681233457e-06,0.0002083067452727944,10.7821359389634
4079,8083,37.51696992353934,0,0,0,0,0,0,0,1,0,0.0002083067452727944,8.591857681233457e-06,0.0002083067452727944,37.34396892353928
4080,5569,25.44854739744146,0,0,0,0,0,0,0,1,0,0.0002083067452727944,8.591857681233457e-06,0.0002083067452727944,25.44579639744144
4081,2822,13.41587183963142,0,0,0,0,0,0,0,1,0,0.0002083067452727944,8.591857681233457e-06,0.0002083067452727944,13.24287083963141
4082,9905,44.07289980611599,0,0,0,0,0,0,0,1,0,0.0002083067452727944,8.591857681233457e-06,0.0002083067452727944,43.89989880611599
4083,4132,19.70305484796864,0,0,0,0,0,0,0,1,0,0.0002083067452727944,8.591857681233457e-06,0.0002083067452727944,19.70030384796864
4084,6329,28.55857683126974,0,0,0,0,0,0,0,1,0,0.0002083067452727944,8.591857681233457e-06,0.0002083067452727944,28.38557583126973
4085,6813,30.69832739115497,0,0,0,0,0,0,0,1,0,0.0002083067452727944,8.591857681233457e-06,0.0002083067452727944,30.52532639115496
4086,10518,46.45527731164378,0,0,0,0,0,0,0,1,0,0.0002083067452727944,8.591857681233457e-06,0.0002083067452727944,46.45252631164379
4087,4999,24.55628984177173,0,0,0,0,0,0,0,1,0,0.0002083067452727944,8.591857681233457e-06,0.0002083067452727944,24.38328884177172
4088,6983,30.22477118981782,0,0,0,0,0,0,0,1,0,0.0002083067452727944,8.591857681233457e-06,0.0002083067452727944,30.05177018981784
4089,12064,50.22351052226844,0,0,0,0,0,0,0,1,0,0.0002083067452727944,8.591857681233457e-06,0.0002083067452727944,50.05050952226835
4090,3388,14.23299078910887,0,0,0,0,0,0,0,1,0,0.0002083067452727944,8.591857681233457e-06,0.0002083067452727944,14.23023978910889
4091,8263,36.75544679608475,0,0,0,0,0,0,0,1,0,0.0002083067452727944,8.591857681233457e-06,0.0002083067452727944,36.58244579608476
4092,1379,7.217748682001738,0,0,0,0,0,0,0,1,0,0.0002083067452727944,8.591857681233457e-06,0.0002083067452727944,7.044747682001741
4093,7410,31.73178062534828,0,0,0,0,0,0,0,1,0,0.0002083067452727944,8.591857681233457e-06,0.0002083067452727944,31.5587796253483
4094,6593,27.8496527370816,0,0,0,0,0,0,0,1,0,0.0002083067452727944,8.591857681233457e-06,0.0002083067452727944,27.84690173708161
4095,7862,32.02951572302355,0,0,0,0,0,0,0,1,0,0.0002083067452727944,8.591857681233457e-06,0.0002083067452727944,31.85651472302356
4096,10176,45.11753655017191,0,0,0,0,0,0,0,1,0,0.0002083067452727944,8.591857681233457e-06,0.0002083067452727944,44.94453555017197
4097,10724,48.56254910280445,0,0,0,0,0,0,0,1,0,0.0002083067452727944,8.591857681233457e-06,0.0002083067452727944,48.55979810280446
4098,6322,25.61754901808266,0,0,0,0,0,0,0,1,0,0.0002083067452727944,8.591857681233457e-06,0.0002083067452727944,25.44454801808264
4099,6,30.16206303353985,0,0,0,3,19,0,0,0,0,0.0002083067452727944,8.591857681233457e-06,0.0002083067452727944,-1
4100,9770,45.18851304909655,0,0,0,0,0,0,0,1,0,0.0002083067452727944,8.591857681233457e-06,0.0002083067452727944,45.01551204909656
4101,10002,48.35448188439079,0,0,0,0,0,0,0,1,0,0.0002083067452727944,8.591857681233457e-06,0.0002083067452727944,48.18148088438936
4102,7584,34.52197719185428,0,0,0,0,0,0,0,1,0,0.0002083067452727944,8.591857681233457e-06,0.0002083067452727944,34.34897619185429
4103,8157,35.53657528082557,0,0,0,0,0,0,0,1,0,0.0002083067452727944,8.591857681233457e-06,0.0002083067452727944,35.36357428082555
4104,5054,20.44084063973329,0,0,0,0,0,0,0,1,0,0.0002083067452727944,8.591857681233457e-06,0.0002083067452727944,20.26783963973327
4105,4547,21.00277178924635,0,0,0,0,0,0,0,1,0,0.0002083067452727944,8.591857681233457e-06,0.0002083067452727944,21.00002078924732
4106,12118,51.92260901268839,0,0,0,0,0,0,0,1,0,0.0002083067452727944,8.591857681233457e-06,0.0002083067452727944,51.91985801268834
4107,9720,43.20436450424818,0,0,0,0,0,0,0,1,0,0.0002083067452727944,8.591857681233457e-06,0.0002083067452727944,43.03136350424816
4108,10308,47.01330231034355,0,0,0,0,0,0,0,1,0,0.0002083067452727944,8.591857681233457e-06,0.0002083067452727944,46.84030131071772
4109,10553,50.74563037456793,0,0,0,0,0,0,0,1,0,0.0002083067452727944,8.591857681233457e-06,0.0002083067452727944,50.57262937456792
4110,8557,40.14711359161901,0,0,0,0,0,0,0,1,0,0.0002083067452727944,8.591857681233457e-06,0.0002083067452727944,39.974112591619
4111,3827,17.26526696359343,0,0,0,0,0,0,0,1,0,0.0002083067452727944,8.591857681233457e-06,0.0002083067452727944,17.09226596359341
4112,7528,38.01012095112333,0,0,0,0,0,0,0,1,0,0.0002083067452727944,8.591857681233457e-06,0.0002083067452727944,37.83711995112358
4113,138,2.624825552683077,0,0,0,0,0,0,0,0,0,0.0002083067452727944,8.591857681233457e-06,0.0002083067452727944,-1
4114,4343,18.07303523531936,0,0,0,0,0,0,0,1,0,0.0002083067452727944,8.591857681233457e-06,0.0002083067452727944,17.90003423531938
4115,5315,22.66503252170104,0,0,0,0,0,0,0,1,0,0.0002083067452727944,8.591857681233457e-06,0.0002083067452727944,22.66228152170103
4116,0,1.022560741764748,0,0,0,1,5,0,0,0,0,0.0002083067452727944,8.591857681233457e-06,0.0002083067452727944,-1
4117,11304,50.63210053746388,0,0,0,0,0,0,0,1,0,0.0002083067452727944,8.591857681233457e-06,0.0002083067452727944,50.45909953746374
4118,6082,29.31939881083754,0,0,0,0,0,0,0,1,0,0.0002083067452727944,8.591857681233457e-06,0.0002083067452727944,29.14639781074749
4119,10794,50.24675174208134,0,0,0,0,0,0,0,1,0,0.0002083067452727944,8.591857681233457e-06,0.0002083067452727944,50.0737507420814
4120,8801,39.12133456392203,0,0,0,0,0,0,0,1,0,0.0002083067452727944,8.591857681233457e-06,0.0002083067452727944,38.94833356392201
4121,10853,47.34893708261716,0,0,0,0,0,0,0,1,0,0.0002083067452727944,8.591857681233457e-06,0.0002083067452727944,47.17593608261711
4122,8770,39.92504381009043,0,0,0,0,0,0,0,1,0,0.0002083067452727944,8.591857681233457e-06,0.0002083067452727944,39.92229281009042
4123,10262,48.00022623624717,0,0,0,0,0,0,0,1,0,0.0002083067452727944,8.591857681233457e-06,0.0002083067452727944,47.99747523624713
4124,7929,35.87539949006162,0,0,0,0,0,0,0,1,0,0.0002083067452727944,8.591857681233457e-06,0.0002083067452727944,35.70239849006156
4125,2,1.7790745370063,0,0,0,0,0,0,0,0,0,0.0002083067452727944,8.591857681233457e-06,0.0002083067452727944,-1
4126,5342,25.77275685212184,0,0,0,0,0,0,0,1,0,0.0002083067452727944,8.591857681233457e-06,0.0002083067452727944,25.77000585212181
4127,7126,33.33686006314782,0,0,0,0,0,0,0,1,0,0.0002083067452727944,8.591857681233457e-06,0.0002083067452727944,33.16385906314778
4128,6046,27.06978811413332,0,0,0,0,0,0,0,1,0,0.0002083067452727944,8.591857681233457e-06,0.0002083067452727944,26.89678711406203
4129,6247,27.08695160710072,0,0,0,0,0,0,0,1,0,0.0002083067452727944,8.591857681233457e-06,0.0002083067452727944,26.91395060710072
4130,11115,49.27768795051808,0,0,0,0,0,0,0,1,0,0.0002083067452727944,8.591857681233457e-06,0.0002083067452727944,49.10468695051812
4131,5570,23.1457957873729,0,0,0,0,0,0,0,1,0,0.0002083067452727944,8.591857681233457e-06,0.0002083067452727944,22.97279478737289
4132,10602,47.00516535228187,0,0,0,0,0,0,0,1,0,0.0002083067452727944,8.591857681233457e-06,0.0002083067452727944,46.83216435228186
4133,5397,23.63142014218235,0,0,0,0,0,0,0,1,0,0.0002083067452727944,8.591857681233457e-06,0.0002083067452727944,23.45841914218235
4134,9085,44.53108389375949,0,0,0,0,0,0,0,1,0,0.0002083067452727944,8.591857681233457e-06,0.0002083067452727944,44.35808289359076
4135,10041,42.25784051183751,0,0,0,0,0,0,0,1,0,0.0002083067452727944,8.591857681233457e-06,0.0002083067452727944,42.08483951183752
4136,6469,28.39008963955965,0,0,0,0,0,0,0,1,0,0.0002083067452727944,8.591857681233457e-06,0.0002083067452727944,28.38733863955965
4137,7684,35.22520744625582,0,0,0,0,0,0,0,1,0,0.0002083067452727944,8.591857681233457e-06,0.0002083067452727944,35.05220644625579
4138,9329,42.74755845118413,0,0,0,0,0,0,0,1,0,0.0002083067452727944,8.591857681233457e-06,0.0002083067452727944,42.57455745118419
4139,10776,49.68273136582403,0,0,0,0,0,0,0,1,0,0.0002083067452727944,8.591857681233457e-06,0.0002083067452727944,49.67998036580277
4140,6134,28.04907230301639,0,0,0,0,0,0,0,1,0,0.0002083067452727944,8.591857681233457e-06,0.0002083067452727944,27.87607130301638
4141,8571,37.59443266965675,0,0,0,0,0,0,0,1,0,0.0002083067452727944,8.591857681233457e-06,0.0002083067452727944,37.59168166965666
4142,8293,39.70250834088348,0,0,0,0,0,0,0,1,0,0.0002083067452727944,8.591857681233457e-06,0.0002083067452727944,39.52950734088343
4143,7928,38.51676126384096,0,0,0,0,0,0,0,1,0,0.0002083067452727944,8.591857681233457e-06,0.0002083067452727944,38.34376026384097
4144,9923,45.92967792552935,0,0,0,0,0,0,0,1,0,0.0002083067452727944,8.591857681233457e-06,0.0002083067452727944,45.92692692552931
4145,3241,14.8141849102237,0,0,0,0,0,0,0,1,0,0.0002083067452727944,8.591857681233457e-06,0.0002083067452727944,14.81143391022372
4146,132,2.187608353471013,0,0,0,0,0,0,0,0,0,0.0002083067452727944,8.591857681233457e-06,0.0002083067452727944,-1
4147,5471,24.01533083132069,0,0,0,0,0,0,0,1,0,0.0002083067452727944,8.591857681233457e-06,0.0002083067452727944,23.84232983132069
4148,2455,10.6254563362813,0,0,0,0,0,0,0,1,0,0.0002083067452727944,8.591857681233457e-06,0.0002083067452727944,10.6227053362813
4149,9921,41.03933168162862,0,0,0,0,0,0,0,1,0,0.0002083067452727944,8.591857681233457e-06,0.0002083067452727944,41.03658068162858
4150,4764,21.74283873874951,0,0,0,0,0,0,0,1,0,0.0002083067452727944,8.591857681233457e-06,0.0002083067452727944,21.56983773874948
4151,7714,37.3209579652054,0,0,0,0,0,0,0,1,0,0.0002083067452727944,8.591857681233457e-06,0.0002083067452727944,37.1479569652568
4152,5218,23.0873888057187,0,0,0,0,0,0,0,1,0,0.0002083067452727944,8.591857681233457e-06,0.0002083067452727944,22.91438780571868
4153,6123,27.59336546901406,0,0,0,0,0,0,0,1,0,0.0002083067452727944,8.591857681233457e-06,0.0002083067452727944,27.420364469014
4154,53,15.07737503169547,0,0,0,2,13,0,0,0,0,0.0002083067452727944,8.591857681233457e-06,0.0002083067452727944,-1
4155,10596,53.12590565836806,0,0,0,0,0,0,0,1,0,0.0002083067452727944,8.591857681233457e-06,0.0002083067452727944,52.95290465834669
4156,3436,18.17131866395863,0,0,0,0,0,0,0,1,0,0.0002083067452727944,8.591857681233457e-06,0.0002083067452727944,18.16856766395861
4157,5322,25.55230089532822,0,0,0,0,0,0,0,1,0,0.0002083067452727944,8.591857681233457e-06,0.0002083067452727944,25.54954989532823
4158,70,1.517907832913655,0,0,0,0,0,0,0,0,0,0.0002083067452727944,8.591857681233457e-06,0.0002083067452727944,-1
4159,8483,36.87393939636918,0,0,0,0,0,0,0,1,0,0.0002083067452727944,8.591857681233457e-06,0.0002083067452727944,36.87118839636917
4160,5596,28.07830221895676,0,0,0,0,0,0,0,1,0,0.0002083067452727944,8.591857681233457e-06,0.0002083067452727944,28.07555121895674
4161,8281,36.32546587069735,0,0,0,0,0,0,0,1,0,0.0002083067452727944,8.591857681233457e-06,0.0002083067452727944,36.15246487069737
4162,10234,48.32039289425642,0,0,0,0,0,0,0,1,0,0.0002083067452727944,8.591857681233457e-06,0.0002083067452727944,48.14739189435024
4163,11109,51.47732546178037,0,0,0,0,0,0,0,1,0,0.0002083067452727944,8.591857681233457e-06,0.0002083067452727944,51.47457446178041
4164,9515,47.24808356030567,0,0,0,0,0,0,0,1,0,0.0002083067452727944,8.591857681233457e-06,0.0002083067452727944,47.07508256030547
4165,10656,46.52686689042163,0,0,0,0,0,0,0,1,0,0.0002083067452727944,8.591857681233457e-06,0.0002083067452727944,46.35386589042159
4166,11211,51.10513179409485,0,0,0,0,0,0,0,1,0,0.0002083067452727944,8.591857681233457e-06,0.0002083067452727944,51.10238079409591
4167,11227,51.39831662560488,0,0,0,0,0,0,0,1,0,0.0002083067452727944,8.591857681233457e-06,0.0002083067452727944,51.39556562560479
4168,3266,13.37459535151534,0,0,0,0,0,0,0,1,0,0.0002083067452727944,8.591857681233457e-06,0.0002083067452727944,13.20159435151535
4169,7380,32.41836584789043,0,0,0,0,0,0,0,1,0,0.0002083067452727944,8.591857681233457e-06,0.0002083067452727944,32.24536484789041
4170,12066,53.3202129319696,0,0,0,0,0,0,0,1,0,0.0002083067452727944,8.591857681233457e-06,0.0002083067452727944,53.14721193196947
4171,4962,22.3359571383494,0,0,0,0,0,0,0,1,0,0.0002083067452727944,8.591857681233457e-06,0.0002083067452727944,22.33320613834938
4172,5815,26.76818078521381,0,0,0,0,0,0,0,1,0,0.0002083067452727944,8.591857681233457e-06,0.0002083067452727944,26.59517978521383
4173,11351,52.58609288066369,0,0,0,0,0,0,0,1,0,0.0002083067452727944,8.591857681233457e-06,0.0002083067452727944,52.41309188022271
4174,7057,33.35878085233236,0,0,0,0,0,0,0,1,0,0.0002083067452727944,8.591857681233457e-06,0.0002083067452727944,33.18577985233235
4175,6002,27.33002512393604,0,0,0,0,0,0,0,1,0,0.0002083067452727944,8.591857681233457e-06,0.0002083067452727944,27.32727412393603
4176,4781,22.70638227979044,0,0,0,0,0,0,0,1,0,0.0002083067452727944,8.591857681233457e-06,0.0002083067452727944,22.53338127979044
4177,8070,37.79615951541722,0,0,0,0,0,0,0,1,0,0.0002083067452727944,8.591857681233457e-06,0.0002083067452727944,37.79340851541726
4178,0,0.002751,0,0,0,0,0,0,0,0,0,0.0002083067452727944,8.591857681233457e-06,0.0002083067452727944,-1
4179,4528,20.69166494288875,0,0,0,0,0,0,0,1,0,0.0002083067452727944,8.591857681233457e-06,0.0002083067452727944,20.51866394288875
4180,6924,35.5961279849782,0,0,0,0,0,0,0,1,0,0.0002083067452727944,8.591857681233457e-06,0.0002083067452727944,35.42312698497822
4181,10176,48.98014982408881,0,0,0,0,0,0,0,1,0,0.0002083067452727944,8.591857681233457e-06,0.0002083067452727944,48.97739882413308
4182,11606,53.32946320457868,0,0,0,0,0,0,0,1,0,0.0002083067452727944,8.591857681233457e-06,0.0002083067452727944,53.15646220457855
4183,10385,44.008486543888,0,0,0,0,0,0,0,1,0,0.0002083067452727944,8.591857681233457e-06,0.0002083067452727944,43.83548554388807
4184,8467,36.54006128108272,0,0,0,0,0,0,0,1,0,0.0002083067452727944,8.591857681233457e-06,0.0002083067452727944,36.36706028108267
4185,8650,39.12218656132156,0,0,0,0,0,0,0,1,0,0.0002083067452727944,8.591857681233457e-06,0.0002083067452727944,38.94918556132166
4186,7808,36.58051305360773,0,0,0,0,0,0,0,1,0,0.0002083067452727944,8.591857681233457e-06,0.0002083067452727944,36.40751205360773
4187,3192,17.9198579560441,0,0,0,0,0,0,0,1,0,0.0002083067452727944,8.591857681233457e-06,0.0002083067452727944,17.74685695604409
4188,8987,42.12208630717372,0,0,0,0,0,0,0,1,0,0.0002083067452727944,8.591857681233457e-06,0.0002083067452727944,42.11933530717369
4189,9723,44.11105731209559,0,0,0,0,0,0,0,1,0,0.0002083067452727944,8.591857681233457e-06,0.0002083067452727944,44.10830631209561
4190,6819,32.3276087381965,0,0,0,0,0,0,0,1,0,0.0002083067452727944,8.591857681233457e-06,0.0002083067452727944,32.15460773819647
4191,2489,14.96692579854563,0,0,0,0,0,0,0,1,0,0.0002083067452727944,8.591857681233457e-06,0.0002083067452727944,14.79392479854563
4192,4374,18.95013173423349,0,0,0,0,0,0,0,1,0,0.0002083067452727944,8.591857681233457e-06,0.0002083067452727944,18.7771307342335
4193,11872,52.96704399788663,0,0,0,0,0,0,0,1,0,0.0002083067452727944,8.591857681233457e-06,0.0002083067452727944,52.79404299788663
4194,8158,36.9818907472041,0,0,0,0,0,0,0,1,0,0.0002083067452727944,8.591857681233457e-06,0.0002083067452727944,36.8088897472041
4195,1071,13.18320196761466,0,0,0,1,4,0,0,0,0,0.0002083067452727944,8.591857681233457e-06,0.0002083067452727944,-1
4196,8661,40.58320978791888,0,0,0,0,0,0,0,1,0,0.0002083067452727944,8.591857681233457e-06,0.0002083067452727944,40.58045878791356
4197,9099,45.06193061633434,0,0,0,0,0,0,0,1,0,0.0002083067452727944,8.591857681233457e-06,0.0002083067452727944,44.88892961633435
4198,286,17.62083045051612,0,0,0,3,12,0,0,0,0,0.0002083067452727944,8.591857681233457e-06,0.0002083067452727944,-1
4199,5974,26.1594387618955,0,0,0,0,0,0,0,1,0,0.0002083067452727944,8.591857681233457e-06,0.0002083067452727944,26.15668776189548
4200,6098,27.95376415257467,0,0,0,0,0,0,0,1,0,0.0002083067452727944,8.591857681233457e-06,0.0002083067452727944,27.95101315257465
4201,6705,28.55819787564685,0,0,0,0,0,0,0,1,0,0.0002083067452727944,8.591857681233457e-06,0.0002083067452727944,28.38519687564683
4202,10636,47.32683099761,0,0,0,0,0,0,0,1,0,0.0002083067452727944,8.591857681233457e-06,0.0002083067452727944,47.15382999761
4203,6602,29.69297476192173,0,0,0,0,0,0,0,1,0,0.0002083067452727944,8.591857681233457e-06,0.0002083067452727944,29.51997376192169
4204,3841,15.32059346199937,0,0,0,0,0,0,0,1,0,0.0002083067452727944,8.591857681233457e-06,0.0002083067452727944,15.14759246199937
4205,7629,34.54490517637654,0,0,0,0,0,0,0,1,0,0.0002083067452727944,8.591857681233457e-06,0.0002083067452727944,34.37190417637652
4206,9914,43.07170298784739,0,0,0,0,0,0,0,1,0,0.0002083067452727944,8.591857681233457e-06,0.0002083067452727944,43.06895198784742
4207,0,19.39852484036686,0,0,0,3,19,0,0,0,0,0.0002083067452727944,8.591857681233457e-06,0.0002083067452727944,-1
4208,1495,21.03943258434985,0,0,0,3,13,0,0,0,0,0.0002083067452727944,8.591857681233457e-06,0.0002083067452727944,-1
4209,34,1.962025710019849,0,0,0,0,0,0,0,0,0,0.0002083067452727944,8.591857681233457e-06,0.0002083067452727944,-1
4210,6986,36.87093378838608,0,0,0,0,0,0,0,1,0,0.0002083067452727944,8.591857681233457e-06,0.0002083067452727944,36.86818278838595
4211,7710,36.40508815734692,0,0,0,0,0,0,0,1,0,0.0002083067452727944,8.591857681233457e-06,0.0002083067452727944,36.40233715734696
4212,10761,47.41383469516069,0,0,0,0,0,0,0,1,0,0.0002083067452727944,8.591857681233457e-06,0.0002083067452727944,47.24083369516062
4213,9680,43.44443201223381,0,0,0,0,0,0,0,1,0,0.0002083067452727944,8.591857681233457e-06,0.0002083067452727944,43.27143101223384
4214,804,21.99099859720372,0,0,0,2,16,0,0,0,0,0.0002083067452727944,8.591857681233457e-06,0.0002083067452727944,-1
4215,5494,22.48560404716299,0,0,0,0,0,0,0,1,0,0.0002083067452727944,8.591857681233457e-06,0.0002083067452727944,22.48285304716301
4216,9759,41.07817194932067,0,0,0,0,0,0,0,1,0,0.0002083067452727944,8.591857681233457e-06,0.0002083067452727944,40.90517094932068
4217,7126,30.29508620447207,0,0,0,0,0,0,0,1,0,0.0002083067452727944,8.591857681233457e-06,0.0002083067452727944,30.29233520447209
4218,5696,24.37428950444047,0,0,0,0,0,0,0,1,0,0.0002083067452727944,8.591857681233457e-06,0.0002083067452727944,24.37153850444044
4219,11854,54.518659446463,0,0,0,0,0,0,0,1,0,0.0002083067452727944,8.591857681233457e-06,0.0002083067452727944,54.34565844646294
4220,11381,47.96385880096015,0,0,0,0,0,0,0,1,0,0.0002083067452727944,8.591857681233457e-06,0.0002083067452727944,47.79085780096006
4221,9219,42.27365269389033,0,0,0,0,0,0,0,1,0,0.0002083067452727944,8.591857681233457e-06,0.0002083067452727944,42.10065169389036
4222,5208,23.00805069139568,0,0,0,0,0,0,0,1,0,0.0002083067452727944,8.591857681233457e-06,0.0002083067452727944,22.83504969139569
4223,0,0.002751,0,0,0,0,0,0,0,0,0,0.0002083067452727944,8.591857681233457e-06,0.0002083067452727944,-1
4224,8264,41.31443486531484,0,0,0,0,0,0,0,1,0,0.0002083067452727944,8.591857681233457e-06,0.0002083067452727944,41.1414338653148
4225,9403,43.83414920401972,0,0,0,0,0,0,0,1,0,0.0002083067452727944,8.591857681233457e-06,0.0002083067452727944,43.66114820401966
4226,11141,48.70725562462352,0,0,0,0,0,0,0,1,0,0.0002083067452727944,8.591857681233457e-06,0.0002083067452727944,48.53425462462344
4227,7449,32.32182702242493,0,0,0,0,0,0,0,1,0,0.0002083067452727944,8.591857681233457e-06,0.0002083067452727944,32.14882602242488
4228,9823,43.57697118794425,0,0,0,0,0,0,0,1,0,0.0002083067452727944,8.591857681233457e-06,0.0002083067452727944,43.40397018794424
4229,8837,42.87332781981406,0,0,0,0,0,0,0,1,0,0.0002083067452727944,8.591857681233457e-06,0.0002083067452727944,42.70032681981407
4230,9381,41.75924146216816,0,0,0,0,0,0,0,1,0,0.0002083067452727944,8.591857681233457e-06,0.0002083067452727944,41.58624046216821
4231,10651,49.70921721117542,0,0,0,0,0,0,0,1,0,0.0002083067452727944,8.591857681233457e-06,0.0002083067452727944,49.53621621117532
4232,7297,33.84816875132367,0,0,0,0,0,0,0,1,0,0.0002083067452727944,8.591857681233457e-06,0.0002083067452727944,33.67516775132364
4233,6278,26.7295769903261,0,0,0,0,0,0,0,1,0,0.0002083067452727944,8.591857681233457e-06,0.0002083067452727944,26.72682599032606
4234,9585,38.52179325711134,0,0,0,0,0,0,0,1,0,0.0002083067452727944,8.591857681233457e-06,0.0002083067452727944,38.34879225711132
4235,4851,20.75461507127345,0,0,0,0,0,0,0,1,0,0.0002083067452727944,8.591857681233457e-06,0.0002083067452727944,20.58161407127346
4236,5020,22.37704587786887,0,0,0,0,0,0,0,1,0,0.0002083067452727944,8.591857681233457e-06,0.0002083067452727944,22.37429487786886
4237,5838,26.41683804959706,0,0,0,0,0,0,0,1,0,0.0002083067452727944,8.591857681233457e-06,0.0002083067452727944,26.41408704959706
4238,8711,38.73334186238887,0,0,0,0,0,0,0,1,0,0.0002083067452727944,8.591857681233457e-06,0.0002083067452727944,38.56034086237861
4239,8480,37.34382661982027,0,0,0,0,0,0,0,1,0,0.0002083067452727944,8.591857681233457e-06,0.0002083067452727944,37.34107561982033
4240,8703,41.68686418990256,0,0,0,0,0,0,0,1,0,0.0002083067452727944,8.591857681233457e-06,0.0002083067452727944,41.68411318990254
4241,2201,11.93363764175649,0,0,0,0,0,0,0,1,0,0.0002083067452727944,8.591857681233457e-06,0.0002083067452727944,11.93088664175648
4242,11295,52.79430735510448,0,0,0,0,0,0,0,1,0,0.0002083067452727944,8.591857681233457e-06,0.0002083067452727944,52.62130635510444
4243,6658,29.32036992541975,0,0,0,0,0,0,0,1,0,0.0002083067452727944,8.591857681233457e-06,0.0002083067452727944,29.14736892541974
4244,10330,47.6819342824093,0,0,0,0,0,0,0,1,0,0.0002083067452727944,8.591857681233457e-06,0.0002083067452727944,47.67918328228088
4245,9713,46.97286698366689,0,0,0,0,0,0,0,1,0,0.0002083067452727944,8.591857681233457e-06,0.0002083067452727944,46.97011598366679
4246,5897,24.65207236240002,0,0,0,0,0,0,0,1,0,0.0002083067452727944,8.591857681233457e-06,0.0002083067452727944,24.4790713624
4247,8629,44.03065294667897,0,0,0,0,0,0,0,1,0,0.0002083067452727944,8.591857681233457e-06,0.0002083067452727944,44.02790194677551
4248,8947,42.93131857170086,0,0,0,0,0,0,0,1,0,0.0002083067452727944,8.591857681233457e-06,0.0002083067452727944,42.75831757170069
4249,6309,28.23428904577724,0,0,0,0,0,0,0,1,0,0.0002083067452727944,8.591857681233457e-06,0.0002083067452727944,28.23153804577725
4250,5892,28.27747199967094,0,0,0,0,0,0,0,1,0,0.0002083067452727944,8.591857681233457e-06,0.0002083067452727944,28.10447099967091
4251,4564,19.8287764685302,0,0,0,0,0,0,0,1,0,0.0002083067452727944,8.591857681233457e-06,0.0002083067452727944,19.65577546853017
4252,10705,50.39075452897933,0,0,0,0,0,0,0,1,0,0.0002083067452727944,8.591857681233457e-06,0.0002083067452727944,50.2177535289793
4253,8379,38.55303605411999,0,0,0,0,0,0,0,1,0,0.0002083067452727944,8.591857681233457e-06,0.0002083067452727944,38.38003505411992
4254,9311,46.35494569386797,0,0,0,0,0,0,0,1,0,0.0002083067452727944,8.591857681233457e-06,0.0002083067452727944,46.35219469402129
4255,10073,52.01876690789256,0,0,0,0,0,0,0,1,0,0.0002083067452727944,8.591857681233457e-06,0.0002083067452727944,51.84576590991258
4256,3402,16.03331466940901,0,0,0,0,0,0,0,1,0,0.0002083067452727944,8.591857681233457e-06,0.0002083067452727944,15.86031366940901
4257,8887,41.13724750143434,0,0,0,0,0,0,0,1,0,0.0002083067452727944,8.591857681233457e-06,0.0002083067452727944,41.13449650143433
4258,7743,35.9585203768851,0,0,0,0,0,0,0,1,0,0.0002083067452727944,8.591857681233457e-06,0.0002083067452727944,35.78551937688508
4259,52,5.306396968085846,0,0,0,1,7,0,0,0,0,0.0002083067452727944,8.591857681233457e-06,0.0002083067452727944,-1
4260,8902,41.40851119963609,0,0,0,0,0,0,0,1,0,0.0002083067452727944,8.591857681233457e-06,0.0002083067452727944,41.23551019963597
4261,7009,30.00554985129584,0,0,0,0,0,0,0,1,0,0.0002083067452727944,8.591857681233457e-06,0.0002083067452727944,29.83254885129586
4262,9282,44.76601633507956,0,0,0,0,0,0,0,1,0,0.0002083067452727944,8.591857681233457e-06,0.0002083067452727944,44.59301533507946
4263,6918,30.22423363328176,0,0,0,0,0,0,0,1,0,0.0002083067452727944,8.591857681233457e-06,0.0002083067452727944,30.22148263328182
4264,8750,43.35146043566593,0,0,0,0,0,0,0,1,0,0.0002083067452727944,8.591857681233457e-06,0.0002083067452727944,43.17845943566592
4265,5192,23.46744921011075,0,0,0,0,0,0,0,1,0,0.0002083067452727944,8.591857681233457e-06,0.0002083067452727944,23.29444821011074
4266,468,17.6362843740687,0,0,0,2,12,0,0,0,0,0.0002083067452727944,8.591857681233457e-06,0.0002083067452727944,-1
4267,9139,45.65623798463285,0,0,0,0,0,0,0,1,0,0.0002083067452727944,8.591857681233457e-06,0.0002083067452727944,45.4832369846328
4268,11449,49.76123486269238,0,0,0,0,0,0,0,1,0,0.0002083067452727944,8.591857681233457e-06,0.0002083067452727944,49.75848386269238
4269,6646,34.03194596391097,0,0,0,0,0,0,0,1,0,0.0002083067452727944,8.591857681233457e-06,0.0002083067452727944,33.85894496391088
4270,11270,51.29982833267241,0,0,0,0,0,0,0,1,0,0.0002083067452727944,8.591857681233457e-06,0.0002083067452727944,51.12682733267232
4271,3719,17.93811697782942,0,0,0,0,0,0,0,1,0,0.0002083067452727944,8.591857681233457e-06,0.0002083067452727944,17.76511597783447
4272,6985,33.88308762958091,0,0,0,0,0,0,0,1,0,0.0002083067452727944,8.591857681233457e-06,0.0002083067452727944,33.71008662958089
4273,6349,29.34124108460028,0,0,0,0,0,0,0,1,0,0.0002083067452727944,8.591857681233457e-06,0.0002083067452727944,29.1682400846003
4274,8210,35.79099002290405,0,0,0,0,0,0,0,1,0,0.0002083067452727944,8.591857681233457e-06,0.0002083067452727944,35.78823902290407
4275,1063,33.86203987677059,0,0,0,1,7,0,0,0,0,0.0002083067452727944,8.591857681233457e-06,0.0002083067452727944,-1
4276,5681,24.75330649625452,0,0,0,0,0,0,0,1,0,0.0002083067452727944,8.591857681233457e-06,0.0002083067452727944,24.58030549625455
4277,10177,45.98570199610226,0,0,0,0,0,0,0,1,0,0.0002083067452727944,8.591857681233457e-06,0.0002083067452727944,45.98295099610229
4278,9744,41.10010775737809,0,0,0,0,0,0,0,1,0,0.0002083067452727944,8.591857681233457e-06,0.0002083067452727944,40.92710675737804
4279,9286,38.87115751873952,0,0,0,0,0,0,0,1,0,0.0002083067452727944,8.591857681233457e-06,0.0002083067452727944,38.69815651873952
4280,3602,16.65185374466442,0,0,0,0,0,0,0,1,0,0.0002083067452727944,8.591857681233457e-06,0.0002083067452727944,16.47885274466443
4281,8729,41.30122677294425,0,0,0,0,0,0,0,1,0,0.0002083067452727944,8.591857681233457e-06,0.0002083067452727944,41.29847577359904
4282,10278,47.2979092739093,0,0,0,0,0,0,0,1,0,0.0002083067452727944,8.591857681233457e-06,0.0002083067452727944,47.12490827390933
4283,6234,27.97399020198027,0,0,0,0,0,0,0,1,0,0.0002083067452727944,8.591857681233457e-06,0.0002083067452727944,27.80098920198026
4284,5195,24.28380492292127,0,0,0,0,0,0,0,1,0,0.0002083067452727944,8.591857681233457e-06,0.0002083067452727944,24.28105392292128
4285,10173,43.57512565933175,0,0,0,0,0,0,0,1,0,0.0002083067452727944,8.591857681233457e-06,0.0002083067452727944,43.57237465933174
4286,10113,45.54162034982686,0,0,0,0,0,0,0,1,0,0.0002083067452727944,8.591857681233457e-06,0.0002083067452727944,45.36861934990714
4287,8655,39.85090936656911,0,0,0,0,0,0,0,1,0,0.0002083067452727944,8.591857681233457e-06,0.0002083067452727944,39.67790836640609
4288,7218,30.42391404015762,0,0,0,0,0,0,0,1,0,0.0002083067452727944,8.591857681233457e-06,0.0002083067452727944,30.42116304015761
4289,34,21.98890085824729,0,0,0,1,6,0,0,0,0,0.0002083067452727944,8.591857681233457e-06,0.0002083067452727944,-1
4290,12810,52.46151425343835,0,0,0,0,0,0,0,1,0,0.0002083067452727944,8.591857681233457e-06,0.0002083067452727944,52.45876325343831
4291,6425,28.25290114681174,0,0,0,0,0,0,0,1,0,0.0002083067452727944,8.591857681233457e-06,0.0002083067452727944,28.25015014681174
4292,6650,31.97215844439743,0,0,0,0,0,0,0,1,0,0.0002083067452727944,8.591857681233457e-06,0.0002083067452727944,31.79915744439743
4293,5616,24.80711120039367,0,0,0,0,0,0,0,1,0,0.0002083067452727944,8.591857681233457e-06,0.0002083067452727944,24.80436020039366
4294,9139,46.41002508237663,0,0,0,0,0,0,0,1,0,0.0002083067452727944,8.591857681233457e-06,0.0002083067452727944,46.23702408237656
4295,9228,43.00225946030612,0,0,0,0,0,0,0,1,0,0.0002083067452727944,8.591857681233457e-06,0.0002083067452727944,42.82925846030609
4296,10568,48.98107773788642,0,0,0,0,0,0,0,1,0,0.0002083067452727944,8.591857681233457e-06,0.0002083067452727944,48.80807673788649
4297,6982,32.97481953294749,0,0,0,0,0,0,0,1,0,0.0002083067452727944,8.591857681233457e-06,0.0002083067452727944,32.80181853294741
4298,10435,47.9863125206556,0,0,0,0,0,0,0,1,0,0.0002083067452727944,8.591857681233457e-06,0.0002083067452727944,47.98356152065557
4299,6266,31.61876665094547,0,0,0,0,0,0,0,1,0,0.0002083067452727944,8.591857681233457e-06,0.0002083067452727944,31.61601565096591
4300,9469,43.00499565085499,0,0,0,0,0,0,0,1,0,0.0002083067452727944,8.591857681233457e-06,0.0002083067452727944,42.831994650855
4301,7638,36.08241764296703,0,0,0,0,0,0,0,1,0,0.0002083067452727944,8.591857681233457e-06,0.0002083067452727944,35.90941664296697
4302,10018,42.90914570894149,0,0,0,0,0,0,0,1,0,0.0002083067452727944,8.591857681233457e-06,0.0002083067452727944,42.73614470894142
4303,6976,30.41393389835136,0,0,0,0,0,0,0,1,0,0.0002083067452727944,8.591857681233457e-06,0.0002083067452727944,30.24093289835134
4304,10950,49.55353636271743,0,0,0,0,0,0,0,1,0,0.0002083067452727944,8.591857681233457e-06,0.0002083067452727944,49.38053536271735
4305,9463,43.61057013136538,0,0,0,0,0,0,0,1,0,0.0002083067452727944,8.591857681233457e-06,0.0002083067452727944,43.4375691313654
4306,9264,43.51875493978855,0,0,0,0,0,0,0,1,0,0.0002083067452727944,8.591857681233457e-06,0.0002083067452727944,43.34575393978858
4307,9901,41.89959829092886,0,0,0,0,0,0,0,1,0,0.0002083067452727944,8.591857681233457e-06,0.0002083067452727944,41.7265972909288
4308,9898,44.39283690682016,0,0,0,0,0,0,0,1,0,0.0002083067452727944,8.591857681233457e-06,0.0002083067452727944,44.21983590682012
4309,9268,44.20664008644333,0,0,0,0,0,0,0,1,0,0.0002083067452727944,8.591857681233457e-06,0.0002083067452727944,44.03363908644331
4310,3200,15.57589284706997,0,0,0,0,0,0,0,1,0,0.0002083067452727944,8.591857681233457e-06,0.0002083067452727944,15.40289184706997
4311,9044,40.28722418163993,0,0,0,0,0,0,0,1,0,0.0002083067452727944,8.591857681233457e-06,0.0002083067452727944,40.11422318163992
4312,9733,45.05160155779603,0,0,0,0,0,0,0,1,0,0.0002083067452727944,8.591857681233457e-06,0.0002083067452727944,44.87860055781412
4313,8601,38.95948957948178,0,0,0,0,0,0,0,1,0,0.0002083067452727944,8.591857681233457e-06,0.0002083067452727944,38.7864885794818
4314,11233,51.62467841650671,0,0,0,0,0,0,0,1,0,0.0002083067452727944,8.591857681233457e-06,0.0002083067452727944,51.62192741650664
4315,10810,48.92181439964269,0,0,0,0,0,0,0,1,0,0.0002083067452727944,8.591857681233457e-06,0.0002083067452727944,48.74881339964257
4316,759,60.57493212459438,0,0,0,1,9,0,0,0,0,0.0002083067452727944,8.591857681233457e-06,0.0002083067452727944,-1
4317,5041,21.6548031356808,0,0,0,0,0,0,0,1,0,0.0002083067452727944,8.591857681233457e-06,0.0002083067452727944,21.65205213568083
4318,5777,26.65923535188072,0,0,0,0,0,0,0,1,0,0.0002083067452727944,8.591857681233457e-06,0.0002083067452727944,26.48623435188072
4319,62,2.218050100228711,0,0,0,0,0,0,0,0,0,0.0002083067452727944,8.591857681233457e-06,0.0002083067452727944,-1
4320,10396,43.85159668196977,0,0,0,0,0,0,0,1,0,0.0002083067452727944,8.591857681233457e-06,0.0002083067452727944,43.67859568196976
4321,7432,30.71540963909121,0,0,0,0,0,0,0,1,0,0.0002083067452727944,8.591857681233457e-06,0.0002083067452727944,30.71265863909122
4322,4719,20.05738075955233,0,0,0,0,0,0,0,1,0,0.0002083067452727944,8.591857681233457e-06,0.0002083067452727944,20.05462975955231
4323,9338,40.33534283911945,0,0,0,0,0,0,0,1,0,0.0002083067452727944,8.591857681233457e-06,0.0002083067452727944,40.16234183911935
4324,10540,50.77156845483904,0,0,0,0,0,0,0,1,0,0.0002083067452727944,8.591857681233457e-06,0.0002083067452727944,50.59856745461272
4325,8642,37.31413390285138,0,0,0,0,0,0,0,1,0,0.0002083067452727944,8.591857681233457e-06,0.0002083067452727944,37.31138290285142
4326,162,15.06667934102446,0,0,0,2,10,0,0,0,0,0.0002083067452727944,8.591857681233457e-06,0.0002083067452727944,-1
4327,10556,49.92536389623118,0,0,0,0,0,0,0,1,0,0.0002083067452727944,8.591857681233457e-06,0.0002083067452727944,49.92261289623119
4328,7640,35.47537143455338,0,0,0,0,0,0,0,1,0,0.0002083067452727944,8.591857681233457e-06,0.0002083067452727944,35.30237043455339
4329,8148,33.25706322949283,0,0,0,0,0,0,0,1,0,0.0002083067452727944,8.591857681233457e-06,0.0002083067452727944,33.25431222949283
4330,11193,48.42707431970641,0,0,0,0,0,0,0,1,0,0.0002083067452727944,8.591857681233457e-06,0.0002083067452727944,48.42432331970637
4331,0,4.880834325610642,0,0,0,2,13,0,0,0,0,0.0002083067452727944,8.591857681233457e-06,0.0002083067452727944,-1
4332,11682,50.17104574638122,0,0,0,0,0,0,0,1,0,0.0002083067452727944,8.591857681233457e-06,0.0002083067452727944,49.99804474638128
4333,9271,46.60272768796569,0,0,0,0,0,0,0,1,0,0.0002083067452727944,8.591857681233457e-06,0.0002083067452727944,46.42972668796774
4334,7314,32.00282404273381,0,0,0,0,0,0,0,1,0,0.0002083067452727944,8.591857681233457e-06,0.0002083067452727944,32.0000730427338
4335,5805,25.4077907684379,0,0,0,0,0,0,0,1,0,0.0002083067452727944,8.591857681233457e-06,0.0002083067452727944,25.2347897684379
4336,6349,30.82846497362767,0,0,0,0,0,0,0,1,0,0.0002083067452727944,8.591857681233457e-06,0.0002083067452727944,30.65546397362766
4337,0,1.484912811766285,0,0,0,1,5,0,0,0,0,0.0002083067452727944,8.591857681233457e-06,0.0002083067452727944,-1
4338,123,24.95817986359525,0,0,0,3,19,0,0,0,0,0.0002083067452727944,8.591857681233457e-06,0.0002083067452727944,-1
4339,43,59.10881132957622,0,0,0,1,9,0,0,0,0,0.0002083067452727944,8.591857681233457e-06,0.0002083067452727944,-1
4340,7901,38.67825339335187,0,0,0,0,0,0,0,1,0,0.0002083067452727944,8.591857681233457e-06,0.0002083067452727944,38.67550239335188
4341,0,1.638736645630261,0,0,0,1,7,0,0,0,0,0.0002083067452727944,8.591857681233457e-06,0.0002083067452727944,-1
4342,8133,37.20753330262317,0,0,0,0,0,0,0,1,0,0.0002083067452727944,8.591857681233457e-06,0.0002083067452727944,37.03453230262318
4343,9489,44.79235383002186,0,0,0,0,0,0,0,1,0,0.0002083067452727944,8.591857681233457e-06,0.0002083067452727944,44.61935283002191
4344,10137,42.51898722903802,0,0,0,0,0,0,0,1,0,0.0002083067452727944,8.591857681233457e-06,0.0002083067452727944,42.34598622903807
4345,10378,45.75959757183475,0,0,0,0,0,0,0,1,0,0.0002083067452727944,8.591857681233457e-06,0.0002083067452727944,45.58659657184558
4346,11107,53.28196190505481,0,0,0,0,0,0,0,1,0,0.0002083067452727944,8.591857681233457e-06,0.0002083067452727944,53.10896090505469
4347,7425,33.12852812927678,0,0,0,0,0,0,0,1,0,0.0002083067452727944,8.591857681233457e-06,0.0002083067452727944,32.95552712927672
4348,2945,12.68204442322453,0,0,0,0,0,0,0,1,0,0.0002083067452727944,8.591857681233457e-06,0.0002083067452727944,12.50904342322452
4349,1858,8.13903373698709,0,0,0,0,0,0,0,1,0,0.0002083067452727944,8.591857681233457e-06,0.0002083067452727944,7.96603273698709
4350,5421,30.43191775008699,0,0,0,0,0,0,0,1,0,0.0002083067452727944,8.591857681233457e-06,0.0002083067452727944,30.42916675008695
4351,2021,9.277614171333934,0,0,0,0,0,0,0,1,0,0.0002083067452727944,8.591857681233457e-06,0.0002083067452727944,9.274863171333934
4352,10033,45.04404003070758,0,0,0,0,0,0,0,1,0,0.0002083067452727944,8.591857681233457e-06,0.0002083067452727944,45.04128903070755
4353,6360,25.51360375820197,0,0,0,0,0,0,0,1,0,0.0002083067452727944,8.591857681233457e-06,0.0002083067452727944,25.510852758202
4354,9861,43.37928705003154,0,0,0,0,0,0,0,1,0,0.0002083067452727944,8.591857681233457e-06,0.0002083067452727944,43.2062860500316
4355,8574,39.20322270801815,0,0,0,0,0,0,0,1,0,0.0002083067452727944,8.591857681233457e-06,0.0002083067452727944,39.03022170801811
4356,5307,24.11949427193926,0,0,0,0,0,0,0,1,0,0.0002083067452727944,8.591857681233457e-06,0.0002083067452727944,23.94649327193921
4357,8953,41.11607320467195,0,0,0,0,0,0,0,1,0,0.0002083067452727944,8.591857681233457e-06,0.0002083067452727944,41.11332220467194
4358,10540,44.12478921121748,0,0,0,0,1,0,0,1,0,0.0002083067452727944,8.591857681233457e-06,0.0002083067452727944,43.95178821126109
4359,6181,27.285276955607,0,0,0,0,0,0,0,1,0,0.0002083067452727944,8.591857681233457e-06,0.0002083067452727944,27.11227595560701
4360,11222,51.94973703691728,0,0,0,0,0,0,0,1,0,0.0002083067452727944,8.591857681233457e-06,0.0002083067452727944,51.94698603691737
4361,6849,30.16437817764191,0,0,0,0,0,0,0,1,0,0.0002083067452727944,8.591857681233457e-06,0.0002083067452727944,30.16162717764194
4362,8739,40.72093702597132,0,0,0,0,0,0,0,1,0,0.0002083067452727944,8.591857681233457e-06,0.0002083067452727944,40.71818602597129
4363,3287,13.86185984396661,0,0,0,0,0,0,0,1,0,0.0002083067452727944,8.591857681233457e-06,0.0002083067452727944,13.6888588439666
4364,0,1.85850622023642,0,0,0,1,5,0,0,0,0,0.0002083067452727944,8.591857681233457e-06,0.0002083067452727944,-1
4365,11209,51.84747038163537,0,0,0,0,0,0,0,1,0,0.0002083067452727944,8.591857681233457e-06,0.0002083067452727944,51.84471938163526
4366,10442,46.38158052971583,0,0,0,0,0,0,0,1,0,0.0002083067452727944,8.591857681233457e-06,0.0002083067452727944,46.37882952971586
4367,6054,30.13549199709099,0,0,0,0,0,0,0,1,0,0.0002083067452727944,8.591857681233457e-06,0.0002083067452727944,29.96249099709103
4368,11430,50.2521767074438,0,0,0,0,0,0,0,1,0,0.0002083067452727944,8.591857681233457e-06,0.0002083067452727944,50.07917570744373
4369,7282,33.8051919661043,0,0,0,0,0,0,0,1,0,0.0002083067452727944,8.591857681233457e-06,0.0002083067452727944,33.63219096610435
4370,10999,49.0990298187951,0,0,0,0,0,0,0,1,0,0.0002083067452727944,8.591857681233457e-06,0.0002083067452727944,49.09627881879506
4371,402,5.670021082829328,0,0,0,1,8,0,0,0,0,0.0002083067452727944,8.591857681233457e-06,0.0002083067452727944,-1
4372,11491,53.03386917611726,0,0,0,0,0,0,0,1,0,0.0002083067452727944,8.591857681233457e-06,0.0002083067452727944,52.86086817611725
4373,5529,27.13811852028861,0,0,0,0,0,0,0,1,0,0.0002083067452727944,8.591857681233457e-06,0.0002083067452727944,27.13536752028861
4374,2988,13.55218829371231,0,0,0,0,0,0,0,1,0,0.0002083067452727944,8.591857681233457e-06,0.0002083067452727944,13.37918729371231
4375,9212,40.43703752077678,0,0,0,0,0,0,0,1,0,0.0002083067452727944,8.591857681233457e-06,0.0002083067452727944,40.26403652077666
4376,10880,48.43100742140429,0,0,0,0,0,0,0,1,0,0.0002083067452727944,8.591857681233457e-06,0.0002083067452727944,48.25800642140417
4377,10289,44.83608982218699,0,0,0,0,0,0,0,1,0,0.0002083067452727944,8.591857681233457e-06,0.0002083067452727944,44.66308882218694
4378,10923,48.96279822214454,0,0,0,0,0,0,0,1,0,0.0002083067452727944,8.591857681233457e-06,0.0002083067452727944,48.96004722341826
4379,8664,39.92007135579372,0,0,0,0,1,0,0,1,0,0.0002083067452727944,8.591857681233457e-06,0.0002083067452727944,39.91732035579243
4380,10467,45.82284348337053,0,0,0,0,0,0,0,1,0,0.0002083067452727944,8.591857681233457e-06,0.0002083067452727944,45.82009248337052
4381,11223,50.96640390255717,0,0,0,0,0,0,0,1,0,0.0002083067452727944,8.591857681233457e-06,0.0002083067452727944,50.79340290255714
4382,5503,27.06403049931496,0,0,0,0,0,0,0,1,0,0.0002083067452727944,8.591857681233457e-06,0.0002083067452727944,27.06127949931498
4383,8194,35.34879275834368,0,0,0,0,0,0,0,1,0,0.0002083067452727944,8.591857681233457e-06,0.0002083067452727944,35.34604175834372
4384,11709,52.77291989090897,0,0,0,0,0,0,0,1,0,0.0002083067452727944,8.591857681233457e-06,0.0002083067452727944,52.59991889090882
4385,8501,41.0359444354572,0,0,0,0,0,0,0,1,0,0.0002083067452727944,8.591857681233457e-06,0.0002083067452727944,41.03319343545717
4386,9455,45.15087641560036,0,0,0,0,0,0,0,1,0,0.0002083067452727944,8.591857681233457e-06,0.0002083067452727944,44.97787541558578
4387,11721,54.82886895333652,0,0,0,0,0,0,0,1,0,0.0002083067452727944,8.591857681233457e-06,0.0002083067452727944,54.65586795333647
4388,698,41.79957038073767,0,0,0,3,15,0,0,0,0,0.0002083067452727944,8.591857681233457e-06,0.0002083067452727944,-1
4389,11184,47.95513720299272,0,0,0,0,0,0,0,1,0,0.0002083067452727944,8.591857681233457e-06,0.0002083067452727944,47.95238620299268
4390,10415,46.95464947782555,0,0,0,0,0,0,0,1,0,0.0002083067452727944,8.591857681233457e-06,0.0002083067452727944,46.78164847782551
4391,9757,41.78033833213838,0,0,0,0,0,0,0,1,0,0.0002083067452727944,8.591857681233457e-06,0.0002083067452727944,41.60733733213828
4392,8888,41.09672765680322,0,0,0,0,0,0,0,1,0,0.0002083067452727944,8.591857681233457e-06,0.0002083067452727944,40.92372665680323
4393,9699,40.3485891221033,0,0,0,0,0,0,0,1,0,0.0002083067452727944,8.591857681233457e-06,0.0002083067452727944,40.34583812210337
4394,7779,36.58865585911602,0,0,0,0,0,0,0,1,0,0.0002083067452727944,8.591857681233457e-06,0.0002083067452727944,36.41565485911598
4395,7785,31.76955179817046,0,0,0,0,0,0,0,1,0,0.0002083067452727944,8.591857681233457e-06,0.0002083067452727944,31.59655079817048
4396,9181,43.0892408925557,0,0,0,0,0,0,0,1,0,0.0002083067452727944,8.591857681233457e-06,0.0002083067452727944,42.91623989255539
4397,6194,31.70788050425889,0,0,0,0,0,0,0,1,0,0.0002083067452727944,8.591857681233457e-06,0.0002083067452727944,31.53487950425887
4398,4031,19.4027730455921,0,0,0,0,0,0,0,1,0,0.0002083067452727944,8.591857681233457e-06,0.0002083067452727944,19.22977204559209
4399,11227,47.64272996644213,0,0,0,0,0,0,0,1,0,0.0002083067452727944,8.591857681233457e-06,0.0002083067452727944,47.63997896644204
4400,4992,23.88005393650344,0,0,0,0,0,0,0,1,0,0.0002083067452727944,8.591857681233457e-06,0.0002083067452727944,23.70705293652686
4401,8773,42.39761021924202,0,0,0,0,0,0,0,1,0,0.0002083067452727944,8.591857681233457e-06,0.0002083067452727944,42.39485921924195
4402,10659,49.38448687575104,0,0,0,0,0,0,0,1,0,0.0002083067452727944,8.591857681233457e-06,0.0002083067452727944,49.21148587575094
4403,211,2.874719854719944,0,0,0,1,5,0,0,0,0,0.0002083067452727944,8.591857681233457e-06,0.0002083067452727944,-1
4404,10400,47.1082753544888,0,0,0,0,0,0,0,1,0,0.0002083067452727944,8.591857681233457e-06,0.0002083067452727944,46.93527435448878
4405,6314,31.38992953625176,0,0,0,0,0,0,0,1,0,0.0002083067452727944,8.591857681233457e-06,0.0002083067452727944,31.38717853625176
4406,2091,57.25411484832026,0,0,0,5,24,0,0,0,0,0.0002083067452727944,8.591857681233457e-06,0.0002083067452727944,-1
4407,10143,44.08396128949083,0,0,0,0,0,0,0,1,0,0.0002083067452727944,8.591857681233457e-06,0.0002083067452727944,44.08121028949081
4408,9042,39.70585127320216,0,0,0,0,0,0,0,1,0,0.0002083067452727944,8.591857681233457e-06,0.0002083067452727944,39.53285027320224
4409,7354,33.20662980347792,0,0,0,0,0,0,0,1,0,0.0002083067452727944,8.591857681233457e-06,0.0002083067452727944,33.03362880347785
4410,6692,31.46324842434666,0,0,0,0,0,0,0,1,0,0.0002083067452727944,8.591857681233457e-06,0.0002083067452727944,31.46049742434663
4411,6232,29.81542237506433,0,0,0,0,0,0,0,1,0,0.0002083067452727944,8.591857681233457e-06,0.0002083067452727944,29.64242137506433
4412,7941,35.4950368700097,0,0,0,0,0,0,0,1,0,0.0002083067452727944,8.591857681233457e-06,0.0002083067452727944,35.32203587000966
4413,10610,49.85078522640487,0,0,0,0,0,0,0,1,0,0.0002083067452727944,8.591857681233457e-06,0.0002083067452727944,49.84803422640478
4414,5155,24.47297045526958,0,0,0,0,0,0,0,1,0,0.0002083067452727944,8.591857681233457e-06,0.0002083067452727944,24.29996945526959
4415,57,12.89518962401762,0,0,0,1,6,0,0,0,0,0.0002083067452727944,8.591857681233457e-06,0.0002083067452727944,-1
4416,6363,30.80973385341508,0,0,0,0,0,0,0,1,0,0.0002083067452727944,8.591857681233457e-06,0.0002083067452727944,30.63673285341502
4417,0,1.711512891734507,0,0,0,1,9,0,0,0,0,0.0002083067452727944,8.591857681233457e-06,0.0002083067452727944,-1
4418,9570,43.78165085120584,0,0,0,0,0,0,0,1,0,0.0002083067452727944,8.591857681233457e-06,0.0002083067452727944,43.60864985120575
4419,7268,35.18349026641138,0,0,0,0,0,0,0,1,0,0.0002083067452727944,8.591857681233457e-06,0.0002083067452727944,35.1807392664118
4420,5549,26.2544350532674,0,0,0,0,0,0,0,1,0,0.0002083067452727944,8.591857681233457e-06,0.0002083067452727944,26.08143405326739
4421,8155,34.82509017593321,0,0,0,0,0,0,0,1,0,0.0002083067452727944,8.591857681233457e-06,0.0002083067452727944,34.65208917593323
4422,8681,36.20810972928218,0,0,0,0,0,0,0,1,0,0.0002083067452727944,8.591857681233457e-06,0.0002083067452727944,36.03510872928212
4423,0,11.83608968931587,0,0,0,2,16,0,0,0,0,0.0002083067452727944,8.591857681233457e-06,0.0002083067452727944,-1
4424,8860,38.79387356477503,0,0,0,0,0,0,0,1,0,0.0002083067452727944,8.591857681233457e-06,0.0002083067452727944,38.62087256477501
4425,10829,48.58893405321086,0,0,0,0,0,0,0,1,0,0.0002083067452727944,8.591857681233457e-06,0.0002083067452727944,48.58618305321078
4426,939,10.01861161056437,0,0,0,2,12,0,0,0,0,0.0002083067452727944,8.591857681233457e-06,0.0002083067452727944,-1
4427,9648,44.85269240238374,0,0,0,0,0,0,0,1,0,0.0002083067452727944,8.591857681233457e-06,0.0002083067452727944,44.67969140238372
4428,11766,52.35840588664095,0,0,0,0,0,0,0,1,0,0.0002083067452727944,8.591857681233457e-06,0.0002083067452727944,52.35565488664094
4429,10610,50.29778084816014,0,0,0,0,0,0,0,1,0,0.0002083067452727944,8.591857681233457e-06,0.0002083067452727944,50.12477984816024
4430,11719,50.6242708342317,0,0,0,0,0,0,0,1,0,0.0002083067452727944,8.591857681233457e-06,0.0002083067452727944,50.45126983423175
4431,3465,15.88783429150384,0,0,0,0,0,0,0,1,0,0.0002083067452727944,8.591857681233457e-06,0.0002083067452727944,15.71483329150384
4432,4850,22.58484033138854,0,0,0,0,0,0,0,1,0,0.0002083067452727944,8.591857681233457e-06,0.0002083067452727944,22.58208933138851
4433,8467,39.22798452245332,0,0,0,0,0,0,0,1,0,0.0002083067452727944,8.591857681233457e-06,0.0002083067452727944,39.22523352245338
4434,2458,11.34784020723116,0,0,0,0,0,0,0,1,0,0.0002083067452727944,8.591857681233457e-06,0.0002083067452727944,11.17483920723115
4435,6574,31.18378889058071,0,0,0,0,0,0,0,1,0,0.0002083067452727944,8.591857681233457e-06,0.0002083067452727944,31.18103789058072
4436,7796,34.82428974284441,0,0,0,0,0,0,0,1,0,0.0002083067452727944,8.591857681233457e-06,0.0002083067452727944,34.65128874284445
4437,6967,32.92545409080565,0,0,0,0,0,0,0,1,0,0.0002083067452727944,8.591857681233457e-06,0.0002083067452727944,32.92270309080566
4438,11101,48.96107678770665,0,0,0,0,0,0,0,1,0,0.0002083067452727944,8.591857681233457e-06,0.0002083067452727944,48.78807578788805
4439,9532,42.6613200627709,0,0,0,0,0,0,0,1,0,0.0002083067452727944,8.591857681233457e-06,0.0002083067452727944,42.65856906276618
4440,11920,49.06754252691454,0,0,0,0,0,0,0,1,0,0.0002083067452727944,8.591857681233457e-06,0.0002083067452727944,48.89454152691447
4441,11502,49.21774859778279,0,0,0,0,0,0,0,1,0,0.0002083067452727944,8.591857681233457e-06,0.0002083067452727944,49.04474759778281
4442,7310,36.70197800899941,0,0,0,0,0,0,0,1,0,0.0002083067452727944,8.591857681233457e-06,0.0002083067452727944,36.52897700899941
4443,9607,48.30451051646491,0,0,0,0,0,0,0,1,0,0.0002083067452727944,8.591857681233457e-06,0.0002083067452727944,48.30175951651136
4444,8941,40.44168964279469,0,0,0,0,0,0,0,1,0,0.0002083067452727944,8.591857681233457e-06,0.0002083067452727944,40.26868864279471
4445,0,36.92471902194625,0,0,0,3,26,0,0,0,0,0.0002083067452727944,8.591857681233457e-06,0.0002083067452727944,-1
4446,7527,32.03264234899495,0,0,0,0,0,0,0,1,0,0.0002083067452727944,8.591857681233457e-06,0.0002083067452727944,31.85964134899492
4447,11236,48.68762019532559,0,0,0,0,0,0,0,1,0,0.0002083067452727944,8.591857681233457e-06,0.0002083067452727944,48.68486919532559
4448,7194,33.78602524506534,0,0,0,0,0,0,0,1,0,0.0002083067452727944,8.591857681233457e-06,0.0002083067452727944,33.61302424506525
4449,10207,45.31869140033655,0,0,0,0,0,0,0,1,0,0.0002083067452727944,8.591857681233457e-06,0.0002083067452727944,45.14569040033651
4450,9292,41.65556828726264,0,0,0,0,0,0,0,1,0,0.0002083067452727944,8.591857681233457e-06,0.0002083067452727944,41.4825672872626
4451,8075,34.34039018140922,0,0,0,0,0,0,0,1,0,0.0002083067452727944,8.591857681233457e-06,0.0002083067452727944,34.16738918140915
4452,8781,40.2820869033045,0,0,0,0,0,0,0,1,0,0.0002083067452727944,8.591857681233457e-06,0.0002083067452727944,40.10908590330447
4453,5347,27.19330628417856,0,0,0,0,0,0,0,1,0,0.0002083067452727944,8.591857681233457e-06,0.0002083067452727944,27.02030528417852
4454,0,37.58741491275446,0,0,0,2,10,0,0,0,0,0.0002083067452727944,8.591857681233457e-06,0.0002083067452727944,-1
4455,990,21.14332999310312,0,0,0,1,11,0,0,0,0,0.0002083067452727944,8.591857681233457e-06,0.0002083067452727944,-1
4456,7617,32.68092244520906,0,0,0,0,0,0,0,1,0,0.0002083067452727944,8.591857681233457e-06,0.0002083067452727944,32.50792144520901
4457,6949,27.45114813605993,0,0,0,0,0,0,0,1,0,0.0002083067452727944,8.591857681233457e-06,0.0002083067452727944,27.44839713605994
4458,11454,51.54097726557303,0,0,0,0,0,0,0,1,0,0.0002083067452727944,8.591857681233457e-06,0.0002083067452727944,51.53822626557299
4459,2141,11.09387136605185,0,0,0,0,0,0,0,1,0,0.0002083067452727944,8.591857681233457e-06,0.0002083067452727944,11.09112036605185
4460,11785,51.57243272159676,0,0,0,0,0,0,0,1,0,0.0002083067452727944,8.591857681233457e-06,0.0002083067452727944,51.39943172178465
4461,10498,50.60176581875695,0,0,0,0,0,0,0,1,0,0.0002083067452727944,8.591857681233457e-06,0.0002083067452727944,50.59901481875692
4462,6550,29.32175013290233,0,0,0,0,0,0,0,1,0,0.0002083067452727944,8.591857681233457e-06,0.0002083067452727944,29.14874913290238
4463,5713,27.56116628799388,0,0,0,0,0,0,0,1,0,0.0002083067452727944,8.591857681233457e-06,0.0002083067452727944,27.3881652879939
4464,7208,33.77908161676575,0,0,0,0,0,0,0,1,0,0.0002083067452727944,8.591857681233457e-06,0.0002083067452727944,33.60608061677426
4465,2806,15.18483970402734,0,0,0,0,0,0,0,1,0,0.0002083067452727944,8.591857681233457e-06,0.0002083067452727944,15.01183870402732
4466,7820,35.00142026292158,0,0,0,0,0,0,0,1,0,0.0002083067452727944,8.591857681233457e-06,0.0002083067452727944,34.9986692629216
4467,4547,20.69778991777205,0,0,0,0,0,0,0,1,0,0.0002083067452727944,8.591857681233457e-06,0.0002083067452727944,20.69503891777206
4468,6732,31.39413525271599,0,0,0,0,0,0,0,1,0,0.0002083067452727944,8.591857681233457e-06,0.0002083067452727944,31.39138425271597
4469,10197,45.68679585955221,0,0,0,0,0,0,0,1,0,0.0002083067452727944,8.591857681233457e-06,0.0002083067452727944,45.51379485955213
4470,10348,44.06952937328841,0,0,0,0,0,0,0,1,0,0.0002083067452727944,8.591857681233457e-06,0.0002083067452727944,44.06677837328848
4471,9694,45.46800928948532,0,0,0,0,0,0,0,1,0,0.0002083067452727944,8.591857681233457e-06,0.0002083067452727944,45.29500828948526
4472,10183,43.76980724722107,0,0,0,0,0,0,0,1,0,0.0002083067452727944,8.591857681233457e-06,0.0002083067452727944,43.59680624722103
4473,4596,22.89715172434684,0,0,0,0,0,0,0,1,0,0.0002083067452727944,8.591857681233457e-06,0.0002083067452727944,22.72415072434684
4474,10,1.692769474028961,0,0,0,0,0,0,0,0,0,0.0002083067452727944,8.591857681233457e-06,0.0002083067452727944,-1
4475,5730,25.02253609594463,0,0,0,0,0,0,0,1,0,0.0002083067452727944,8.591857681233457e-06,0.0002083067452727944,25.01978509594463
4476,4518,21.16757293756949,0,0,0,0,0,0,0,1,0,0.0002083067452727944,8.591857681233457e-06,0.0002083067452727944,20.99457193756949
4477,7935,35.04359531172616,0,0,0,0,0,0,0,1,0,0.0002083067452727944,8.591857681233457e-06,0.0002083067452727944,35.04084431172617
4478,2745,14.47265287756218,0,0,0,0,0,0,0,1,0,0.0002083067452727944,8.591857681233457e-06,0.0002083067452727944,14.46990187756218
4479,10632,47.50598804407601,0,0,0,0,0,0,0,1,0,0.0002083067452727944,8.591857681233457e-06,0.0002083067452727944,47.503237044076
4480,6059,30.26891868145125,0,0,0,0,0,0,0,1,0,0.0002083067452727944,8.591857681233457e-06,0.0002083067452727944,30.09591768145129
4481,7882,35.97879201581766,0,0,0,0,0,0,0,1,0,0.0002083067452727944,8.591857681233457e-06,0.0002083067452727944,35.97604101581759
4482,9567,41.24707155709311,0,0,0,0,0,0,0,1,0,0.0002083067452727944,8.591857681233457e-06,0.0002083067452727944,41.24432055709313
4483,10400,51.60436788429828,0,0,0,0,0,0,0,1,0,0.0002083067452727944,8.591857681233457e-06,0.0002083067452727944,51.43136688429815
4484,6747,26.81130271183086,0,0,0,0,0,0,0,1,0,0.0002083067452727944,8.591857681233457e-06,0.0002083067452727944,26.80855171183085
4485,9056,43.74682881541935,0,0,0,0,0,0,0,1,0,0.0002083067452727944,8.591857681233457e-06,0.0002083067452727944,43.57382781541942
4486,9819,46.04277516946709,0,0,0,0,0,0,0,1,0,0.0002083067452727944,8.591857681233457e-06,0.0002083067452727944,46.0400241694671
4487,5449,26.87476403788274,0,0,0,0,0,0,0,1,0,0.0002083067452727944,8.591857681233457e-06,0.0002083067452727944,26.70176303788271
4488,7498,30.8647056966924,0,0,0,0,0,0,0,1,0,0.0002083067452727944,8.591857681233457e-06,0.0002083067452727944,30.86195469669238
4489,11090,45.57128873345152,0,0,0,0,0,0,0,1,0,0.0002083067452727944,8.591857681233457e-06,0.0002083067452727944,45.56853773345153
4490,3851,15.6699399177541,0,0,0,0,0,0,0,1,0,0.0002083067452727944,8.591857681233457e-06,0.0002083067452727944,15.66718891775411
4491,8620,39.93242747913848,0,0,0,0,0,0,0,1,0,0.0002083067452727944,8.591857681233457e-06,0.0002083067452727944,39.92967647913838
4492,5734,25.36489975339143,0,0,0,0,0,0,0,1,0,0.0002083067452727944,8.591857681233457e-06,0.0002083067452727944,25.19189875339143
4493,10393,47.48843114962109,0,0,0,0,0,0,0,1,0,0.0002083067452727944,8.591857681233457e-06,0.0002083067452727944,47.31543014953006
4494,9577,45.30116741115231,0,0,0,0,0,0,0,1,0,0.0002083067452727944,8.591857681233457e-06,0.0002083067452727944,45.12816641115225
4495,8510,35.98470532876923,0,0,0,0,0,0,0,1,0,0.0002083067452727944,8.591857681233457e-06,0.0002083067452727944,35.98195432876918
4496,9104,40.97262971381196,0,0,0,0,0,0,0,1,0,0.0002083067452727944,8.591857681233457e-06,0.0002083067452727944,40.96987871403182
4497,2659,14.9052401863317,0,0,0,0,0,0,0,1,0,0.0002083067452727944,8.591857681233457e-06,0.0002083067452727944,14.73223918633169
4498,10648,47.26342839410531,0,0,0,0,0,0,0,1,0,0.0002083067452727944,8.591857681233457e-06,0.0002083067452727944,47.26067739151758
4499,9353,40.66711325576751,0,0,0,0,0,0,0,1,0,0.0002083067452727944,8.591857681233457e-06,0.0002083067452727944,40.49411225576748
4500,7815,34.29918338997089,0,0,0,0,0,0,0,1,0,0.0002083067452727944,8.591857681233457e-06,0.0002083067452727944,34.12618238997086
4501,10097,45.66551298543231,0,0,0,0,0,0,0,1,0,0.0002083067452727944,8.591857681233457e-06,0.0002083067452727944,45.49251198543633
4502,6902,33.02363874972873,0,0,0,0,0,0,0,1,0,0.0002083067452727944,8.591857681233457e-06,0.0002083067452727944,32.85063774972875
4503,228,3.439169386916024,0,0,0,1,6,0,0,0,0,0.0002083067452727944,8.591857681233457e-06,0.0002083067452727944,-1
4504,10467,49.05771523634176,0,0,0,0,0,0,0,1,0,0.0002083067452727944,8.591857681233457e-06,0.0002083067452727944,48.88471423634169
4505,5785,26.86616692386011,0,0,0,0,0,0,0,1,0,0.0002083067452727944,8.591857681233457e-06,0.0002083067452727944,26.69316592386015
4506,11367,49.97282683460579,0,0,0,0,0,0,0,1,0,0.0002083067452727944,8.591857681233457e-06,0.0002083067452727944,49.79982583460574
4507,3088,15.83786588652362,0,0,0,0,0,0,0,1,0,0.0002083067452727944,8.591857681233457e-06,0.0002083067452727944,15.83511488652361
4508,3255,17.33186321163427,0,0,0,0,0,0,0,1,0,0.0002083067452727944,8.591857681233457e-06,0.0002083067452727944,17.15886221163427
4509,9565,44.27524888309847,0,0,0,0,0,0,0,1,0,0.0002083067452727944,8.591857681233457e-06,0.0002083067452727944,44.10224788309847
4510,293,16.29279019307557,0,0,0,1,7,0,0,0,0,0.0002083067452727944,8.591857681233457e-06,0.0002083067452727944,-1
4511,9980,43.03379826746048,0,0,0,0,0,0,0,1,0,0.0002083067452727944,8.591857681233457e-06,0.0002083067452727944,43.03104726746039
4512,6200,30.5144949941723,0,0,0,0,0,0,0,1,0,0.0002083067452727944,8.591857681233457e-06,0.0002083067452727944,30.34149399417228
4513,5705,24.04720868639103,0,0,0,0,0,0,0,1,0,0.0002083067452727944,8.591857681233457e-06,0.0002083067452727944,23.87420768639103
4514,7306,35.93731364055961,0,0,0,0,0,0,0,1,0,0.0002083067452727944,8.591857681233457e-06,0.0002083067452727944,35.76431264055955
4515,11840,52.29854062485827,0,0,0,0,0,0,0,1,0,0.0002083067452727944,8.591857681233457e-06,0.0002083067452727944,52.12553962485828
4516,3616,16.50436965265817,0,0,0,0,0,0,0,1,0,0.0002083067452727944,8.591857681233457e-06,0.0002083067452727944,16.50161865265816
4517,10661,47.9570047992773,0,0,0,0,0,0,0,1,0,0.0002083067452727944,8.591857681233457e-06,0.0002083067452727944,47.78400379927724
4518,4752,20.74583322191317,0,0,0,0,0,0,0,1,0,0.0002083067452727944,8.591857681233457e-06,0.0002083067452727944,20.57283222191317
4519,306,2.595612600697805,0,0,0,0,0,0,0,0,0,0.0002083067452727944,8.591857681233457e-06,0.0002083067452727944,-1
4520,8680,41.07089493135466,0,0,0,0,0,0,0,1,0,0.0002083067452727944,8.591857681233457e-06,0.0002083067452727944,41.06814393135465
4521,9985,44.6549343025184,0,0,0,0,0,0,0,1,0,0.0002083067452727944,8.591857681233457e-06,0.0002083067452727944,44.65218330251842
4522,6797,33.71285431441293,0,0,0,0,0,0,0,1,0,0.0002083067452727944,8.591857681233457e-06,0.0002083067452727944,33.53985331441109
4523,5358,25.62512109823031,0,0,0,0,0,0,0,1,0,0.0002083067452727944,8.591857681233457e-06,0.0002083067452727944,25.45212009823028
4524,11156,48.43857068205172,0,0,0,0,0,0,0,1,0,0.0002083067452727944,8.591857681233457e-06,0.0002083067452727944,48.26556968197143
4525,8175,35.23830588301126,0,0,0,0,0,0,0,1,0,0.0002083067452727944,8.591857681233457e-06,0.0002083067452727944,35.23555488301123
4526,9708,45.09187677516613,0,0,0,0,0,0,0,1,0,0.0002083067452727944,8.591857681233457e-06,0.0002083067452727944,45.08912577516606
4527,158,2.318993325418644,0,0,0,1,3,0,0,0,0,0.0002083067452727944,8.591857681233457e-06,0.0002083067452727944,-1
4528,8436,36.02249772439369,0,0,0,0,0,0,0,1,0,0.0002083067452727944,8.591857681233457e-06,0.0002083067452727944,35.84949672439367
4529,10182,46.95716105820538,0,0,0,0,0,0,0,1,0,0.0002083067452727944,8.591857681233457e-06,0.0002083067452727944,46.95441005820541
4530,7924,37.49452387362646,0,0,0,0,0,0,0,1,0,0.0002083067452727944,8.591857681233457e-06,0.0002083067452727944,37.4917728736265
4531,9717,44.15198074863063,0,0,0,0,0,0,0,1,0,0.0002083067452727944,8.591857681233457e-06,0.0002083067452727944,43.97897974863049
4532,9354,43.36163151471738,0,0,0,0,0,0,0,1,0,0.0002083067452727944,8.591857681233457e-06,0.0002083067452727944,43.35888051471733
4533,8327,37.5357124834288,0,0,0,0,0,0,0,1,0,0.0002083067452727944,8.591857681233457e-06,0.0002083067452727944,37.3627114834288
4534,1188,43.29290808597915,0,0,0,4,28,0,0,0,0,0.0002083067452727944,8.591857681233457e-06,0.0002083067452727944,-1
4535,4243,18.23895101487928,0,0,0,0,0,0,0,1,0,0.0002083067452727944,8.591857681233457e-06,0.0002083067452727944,18.06595001487929
4536,5926,28.21645026467584,0,0,0,0,0,0,0,1,0,0.0002083067452727944,8.591857681233457e-06,0.0002083067452727944,28.04344926467581
4537,6300,25.60446970628545,0,0,0,0,0,0,0,1,0,0.0002083067452727944,8.591857681233457e-06,0.0002083067452727944,25.60171870628544
4538,31,54.56434749409323,0,0,0,3,24,0,0,0,0,0.0002083067452727944,8.591857681233457e-06,0.0002083067452727944,-1
4539,7424,32.26176647102352,0,0,0,0,0,0,0,1,0,0.0002083067452727944,8.591857681233457e-06,0.0002083067452727944,32.08876547102353
4540,5883,24.82203502651249,0,0,0,0,0,0,0,1,0,0.0002083067452727944,8.591857681233457e-06,0.0002083067452727944,24.81928402651248
4541,1982,9.67452942903582,0,0,0,0,0,0,0,1,0,0.0002083067452727944,8.591857681233457e-06,0.0002083067452727944,9.501528429035819
4542,6945,31.96909784378109,0,0,0,0,0,0,0,1,0,0.0002083067452727944,8.591857681233457e-06,0.0002083067452727944,31.79609684378107
4543,6655,31.49891372425742,0,0,0,0,0,0,0,1,0,0.0002083067452727944,8.591857681233457e-06,0.0002083067452727944,31.3259127242575
4544,3437,15.23631553086251,0,0,0,0,0,0,0,1,0,0.0002083067452727944,8.591857681233457e-06,0.0002083067452727944,15.06331453086251
4545,7632,31.69596982596395,0,0,0,0,0,0,0,1,0,0.0002083067452727944,8.591857681233457e-06,0.0002083067452727944,31.52296882596397
4546,37,1.87584715009436,0,0,0,0,0,0,0,0,0,0.0002083067452727944,8.591857681233457e-06,0.0002083067452727944,-1
4547,11258,49.27312456170388,0,0,0,0,0,0,0,1,0,0.0002083067452727944,8.591857681233457e-06,0.0002083067452727944,49.10012356170379
4548,10866,53.97638091101727,0,0,0,0,0,0,0,1,0,0.0002083067452727944,8.591857681233457e-06,0.0002083067452727944,53.80337991100897
4549,6432,32.45334171535244,0,0,0,0,0,0,0,1,0,0.0002083067452727944,8.591857681233457e-06,0.0002083067452727944,32.45059071535239
4550,11774,48.63538541965872,0,0,0,0,0,0,0,1,0,0.0002083067452727944,8.591857681233457e-06,0.0002083067452727944,48.4623844196587
4551,1922,7.972925796785852,0,0,0,0,0,0,0,1,0,0.0002083067452727944,8.591857681233457e-06,0.0002083067452727944,7.970174796785848
4552,3998,17.90438726029886,0,0,0,0,0,0,0,1,0,0.0002083067452727944,8.591857681233457e-06,0.0002083067452727944,17.90163626029888
4553,8076,37.15862839203163,0,0,0,0,0,0,0,1,0,0.0002083067452727944,8.591857681233457e-06,0.0002083067452727944,36.98562739203161
4554,3841,16.75460908378981,0,0,0,0,0,0,0,1,0,0.0002083067452727944,8.591857681233457e-06,0.0002083067452727944,16.5816080837898
4555,150,12.1021050397686,0,0,0,2,17,0,0,0,0,0.0002083067452727944,8.591857681233457e-06,0.0002083067452727944,-1
4556,271,56.62541278342326,0,0,0,2,17,0,0,0,0,0.0002083067452727944,8.591857681233457e-06,0.0002083067452727944,-1
4557,10878,47.64109505993428,0,0,0,0,0,0,0,1,0,0.0002083067452727944,8.591857681233457e-06,0.0002083067452727944,47.63834405993433
4558,9629,44.87307836565619,0,0,0,0,0,0,0,1,0,0.0002083067452727944,8.591857681233457e-06,0.0002083067452727944,44.87032736565626
4559,10332,47.69967257334001,0,0,0,0,0,0,0,1,0,0.0002083067452727944,8.591857681233457e-06,0.0002083067452727944,47.69692157333996
4560,10044,48.40443394010053,0,0,0,0,0,0,0,1,0,0.0002083067452727944,8.591857681233457e-06,0.0002083067452727944,48.4016829400889
4561,3851,17.09374807809878,0,0,0,0,0,0,0,1,0,0.0002083067452727944,8.591857681233457e-06,0.0002083067452727944,17.0909970780988
4562,880,13.94125760941604,0,0,0,1,8,0,0,0,0,0.0002083067452727944,8.591857681233457e-06,0.0002083067452727944,-1
4563,7336,32.01696489375127,0,0,0,0,0,0,0,1,0,0.0002083067452727944,8.591857681233457e-06,0.0002083067452727944,32.0142138937513
4564,683,22.46597015663466,0,0,0,2,9,0,0,0,0,0.0002083067452727944,8.591857681233457e-06,0.0002083067452727944,-1
4565,3600,17.70853841994261,0,0,0,0,0,0,0,1,0,0.0002083067452727944,8.591857681233457e-06,0.0002083067452727944,17.70578741994261
4566,1328,11.29303011407635,0,0,0,1,3,0,0,0,0,0.0002083067452727944,8.591857681233457e-06,0.0002083067452727944,-1
4567,9907,44.47328871373165,0,0,0,0,0,0,0,1,0,0.0002083067452727944,8.591857681233457e-06,0.0002083067452727944,44.30028771373154
4568,10222,45.31497918321654,0,0,0,0,0,0,0,1,0,0.0002083067452727944,8.591857681233457e-06,0.0002083067452727944,45.14197818321653
4569,7418,33.82183597815288,0,0,0,0,0,0,0,1,0,0.0002083067452727944,8.591857681233457e-06,0.0002083067452727944,33.64883497815285
4570,9899,43.98393257842642,0,0,0,0,0,0,0,1,0,0.0002083067452727944,8.591857681233457e-06,0.0002083067452727944,43.8109315784265
4571,5921,28.8274389597951,0,0,0,0,0,0,0,1,0,0.0002083067452727944,8.591857681233457e-06,0.0002083067452727944,28.82468795979511
4572,3303,14.94026552155219,0,0,0,0,0,0,0,1,0,0.0002083067452727944,8.591857681233457e-06,0.0002083067452727944,14.93751452155219
4573,9855,43.61986794437588,0,0,0,0,0,0,0,1,0,0.0002083067452727944,8.591857681233457e-06,0.0002083067452727944,43.61711694468518
4574,1234,23.99180893236423,0,0,0,2,18,0,0,0,0,0.0002083067452727944,8.591857681233457e-06,0.0002083067452727944,-1
4575,4866,21.54221686282456,0,0,0,0,0,0,0,1,0,0.0002083067452727944,8.591857681233457e-06,0.0002083067452727944,21.53946586282458
4576,7546,31.78598042220184,0,0,0,0,0,0,0,1,0,0.0002083067452727944,8.591857681233457e-06,0.0002083067452727944,31.61297942220184
4577,11289,50.93713630149182,0,0,0,0,0,0,0,1,0,0.0002083067452727944,8.591857681233457e-06,0.0002083067452727944,50.93438530149181
4578,11218,53.08840643383619,0,0,0,0,0,0,0,1,0,0.0002083067452727944,8.591857681233457e-06,0.0002083067452727944,52.91540543383606
4579,11289,51.32195546698127,0,0,0,0,0,0,0,1,0,0.0002083067452727944,8.591857681233457e-06,0.0002083067452727944,51.1489544669813
4580,556,5.297430259311793,0,0,0,1,6,0,0,0,0,0.0002083067452727944,8.591857681233457e-06,0.0002083067452727944,-1
4581,415,7.447581142544399,0,0,0,1,5,0,0,0,0,0.0002083067452727944,8.591857681233457e-06,0.0002083067452727944,-1
4582,4181,19.64928901781516,0,0,0,0,0,0,0,1,0,0.0002083067452727944,8.591857681233457e-06,0.0002083067452727944,19.64653801781512
4583,10720,48.9063701878569,0,0,0,0,0,0,0,1,0,0.0002083067452727944,8.591857681233457e-06,0.0002083067452727944,48.73336918785692
4584,6698,28.72613161105763,0,0,0,0,0,0,0,1,0,0.0002083067452727944,8.591857681233457e-06,0.0002083067452727944,28.55313061105766
4585,9596,47.11408749303317,0,0,0,0,0,0,0,1,0,0.0002083067452727944,8.591857681233457e-06,0.0002083067452727944,46.94108649303318
4586,6259,27.10551976381077,0,0,0,0,0,0,0,1,0,0.0002083067452727944,8.591857681233457e-06,0.0002083067452727944,26.93251876381074
4587,6898,31.24526181401247,0,0,0,0,0,0,0,1,0,0.0002083067452727944,8.591857681233457e-06,0.0002083067452727944,31.07226081401247
4588,8703,38.01037404652423,0,0,0,0,0,0,0,1,0,0.0002083067452727944,8.591857681233457e-06,0.0002083067452727944,37.83737304652423
4589,1704,21.42089827328268,0,0,0,1,4,0,0,0,0,0.0002083067452727944,8.591857681233457e-06,0.0002083067452727944,-1
4590,8068,37.74781576344547,0,0,0,0,0,0,0,1,0,0.0002083067452727944,8.591857681233457e-06,0.0002083067452727944,37.74506476344543
4591,10127,44.32480488289858,0,0,0,0,0,0,0,1,0,0.0002083067452727944,8.591857681233457e-06,0.0002083067452727944,44.15180388289863
4592,4826,20.40018538854732,0,0,0,0,0,0,0,1,0,0.0002083067452727944,8.591857681233457e-06,0.0002083067452727944,20.22718438854733
4593,0,0.173001,0,0,0,0,0,0,0,0,0,0.0002083067452727944,8.591857681233457e-06,0.0002083067452727944,-1
4594,10812,49.09412006631812,0,0,0,0,0,0,0,1,0,0.0002083067452727944,8.591857681233457e-06,0.0002083067452727944,48.92111906631816
4595,282,2.517102151491435,0,0,0,0,0,0,0,0,0,0.0002083067452727944,8.591857681233457e-06,0.0002083067452727944,-1
4596,9216,43.60196756846575,0,0,0,0,0,0,0,1,0,0.0002083067452727944,8.591857681233457e-06,0.0002083067452727944,43.4289665684657
4597,119,11.60669133002306,0,0,0,1,5,0,0,0,0,0.0002083067452727944,8.591857681233457e-06,0.0002083067452727944,-1
4598,11763,52.70763015561102,0,0,0,0,0,0,0,1,0,0.0002083067452727944,8.591857681233457e-06,0.0002083067452727944,52.53462915561099
4599,10533,45.85418361069856,0,0,0,0,0,0,0,1,0,0.0002083067452727944,8.591857681233457e-06,0.0002083067452727944,45.68118261069841
4600,6523,30.7313044473342,0,0,0,0,0,0,0,1,0,0.0002083067452727944,8.591857681233457e-06,0.0002083067452727944,30.72855344733418
4601,9902,42.35261762465854,0,0,0,0,0,0,0,1,0,0.0002083067452727944,8.591857681233457e-06,0.0002083067452727944,42.34986662465858
4602,4776,21.96951498833164,0,0,0,0,0,0,0,1,0,0.0002083067452727944,8.591857681233457e-06,0.0002083067452727944,21.79651398833165
4603,7903,39.12786797649005,0,0,0,0,0,0,0,1,0,0.0002083067452727944,8.591857681233457e-06,0.0002083067452727944,39.12511697649008
4604,9662,41.59333199031664,0,0,0,0,0,0,0,1,0,0.0002083067452727944,8.591857681233457e-06,0.0002083067452727944,41.59058099031658
4605,7410,37.00356345846914,0,0,0,0,0,0,0,1,0,0.0002083067452727944,8.591857681233457e-06,0.0002083067452727944,36.83056245850656
4606,9196,42.58933151467541,0,0,0,0,0,0,0,1,0,0.0002083067452727944,8.591857681233457e-06,0.0002083067452727944,42.41633051467534
4607,8759,37.77679964774602,0,0,0,0,0,0,0,1,0,0.0002083067452727944,8.591857681233457e-06,0.0002083067452727944,37.60379864774607
4608,10410,45.19452321249974,0,0,0,0,0,0,0,1,0,0.0002083067452727944,8.591857681233457e-06,0.0002083067452727944,45.02152221249969
4609,9262,40.59370023081834,0,0,0,0,0,0,0,1,0,0.0002083067452727944,8.591857681233457e-06,0.0002083067452727944,40.42069923081833
4610,6943,31.39646960219179,0,0,0,0,0,0,0,1,0,0.0002083067452727944,8.591857681233457e-06,0.0002083067452727944,31.22346860219178
4611,6380,28.47564491521489,0,0,0,0,0,0,0,1,0,0.0002083067452727944,8.591857681233457e-06,0.0002083067452727944,28.30264391521488
4612,7198,32.63513202890746,0,0,0,0,0,0,0,1,0,0.0002083067452727944,8.591857681233457e-06,0.0002083067452727944,32.63238102890747
4613,8293,37.70465872574675,0,0,0,0,0,0,0,1,0,0.0002083067452727944,8.591857681233457e-06,0.0002083067452727944,37.5316577257467
4614,9519,44.35767329359386,0,0,0,0,0,0,0,1,0,0.0002083067452727944,8.591857681233457e-06,0.0002083067452727944,44.35492229359387
4615,5306,22.8682373458831,0,0,0,0,0,0,0,1,0,0.0002083067452727944,8.591857681233457e-06,0.0002083067452727944,22.8654863458831
4616,10321,49.23780911617487,0,0,0,0,0,0,0,1,0,0.0002083067452727944,8.591857681233457e-06,0.0002083067452727944,49.06480811617481
4617,10479,43.91104723302769,0,0,0,0,0,0,0,1,0,0.0002083067452727944,8.591857681233457e-06,0.0002083067452727944,43.90829623302769
4618,2356,9.826407919092455,0,0,0,0,0,0,0,1,0,0.0002083067452727944,8.591857681233457e-06,0.0002083067452727944,9.653406919092445
4619,6867,32.13039948398393,0,0,0,0,0,0,0,1,0,0.0002083067452727944,8.591857681233457e-06,0.0002083067452727944,31.95739848398393
4620,8439,38.45041804763208,0,0,0,0,0,0,0,1,0,0.0002083067452727944,8.591857681233457e-06,0.0002083067452727944,38.2774170476321
4621,3812,17.577313428706,0,0,0,0,0,0,0,1,0,0.0002083067452727944,8.591857681233457e-06,0.0002083067452727944,17.404312428706
4622,10172,43.71267890107032,0,0,0,0,0,0,0,1,0,0.0002083067452727944,8.591857681233457e-06,0.0002083067452727944,43.70992790107027
4623,5617,23.91385137340395,0,0,0,0,0,0,0,1,0,0.0002083067452727944,8.591857681233457e-06,0.0002083067452727944,23.91110037340397
4624,10335,46.48151946105649,0,0,0,0,0,0,0,1,0,0.0002083067452727944,8.591857681233457e-06,0.0002083067452727944,46.47876846105654
4625,338,19.18465153631107,0,0,0,2,13,0,0,0,0,0.0002083067452727944,8.591857681233457e-06,0.0002083067452727944,-1
4626,8036,35.46262405251942,0,0,0,0,0,0,0,1,0,0.0002083067452727944,8.591857681233457e-06,0.0002083067452727944,35.45987305251946
4627,862,17.0922071261787,0,0,0,2,10,0,0,0,0,0.0002083067452727944,8.591857681233457e-06,0.0002083067452727944,-1
4628,8004,34.43626674675885,0,0,0,0,0,0,0,1,0,0.0002083067452727944,8.591857681233457e-06,0.0002083067452727944,34.43351574675883
4629,11679,51.01205767848138,0,0,0,0,0,0,0,1,0,0.0002083067452727944,8.591857681233457e-06,0.0002083067452727944,50.83905667848143
4630,9051,37.47279080440678,0,0,0,0,0,0,0,1,0,0.0002083067452727944,8.591857681233457e-06,0.0002083067452727944,37.29978980440676
4631,8061,34.98469039486913,0,0,0,0,0,0,0,1,0,0.0002083067452727944,8.591857681233457e-06,0.0002083067452727944,34.81168939486909
4632,10195,45.53316964041317,0,0,0,0,0,0,0,1,0,0.0002083067452727944,8.591857681233457e-06,0.0002083067452727944,45.53041864041318
4633,8880,39.21602012160446,0,0,0,0,0,0,0,1,0,0.0002083067452727944,8.591857681233457e-06,0.0002083067452727944,39.04301912160437
4634,0,0.173001,0,0,0,0,0,0,0,0,0,0.0002083067452727944,8.591857681233457e-06,0.0002083067452727944,-1
4635,9922,42.70144424505076,0,0,0,0,0,0,0,1,0,0.0002083067452727944,8.591857681233457e-06,0.0002083067452727944,42.69869324505074
4636,9262,43.54073378711866,0,0,0,0,0,0,0,1,0,0.0002083067452727944,8.591857681233457e-06,0.0002083067452727944,43.53798278711861
4637,56,2.238002234068018,0,0,0,1,4,0,0,0,0,0.0002083067452727944,8.591857681233457e-06,0.0002083067452727944,-1
4638,5341,21.56251952189683,0,0,0,0,0,0,0,1,0,0.0002083067452727944,8.591857681233457e-06,0.0002083067452727944,21.38951852189685
4639,7716,34.01528835670149,0,0,0,0,0,0,0,1,0,0.0002083067452727944,8.591857681233457e-06,0.0002083067452727944,33.84228735670145
4640,10719,47.33142508694927,0,0,0,0,0,0,0,1,0,0.0002083067452727944,8.591857681233457e-06,0.0002083067452727944,47.32867408694931
4641,8529,40.53125777658754,0,0,0,0,0,0,0,1,0,0.0002083067452727944,8.591857681233457e-06,0.0002083067452727944,40.52850677658754
4642,8761,40.41230062960848,0,0,0,0,0,0,0,1,0,0.0002083067452727944,8.591857681233457e-06,0.0002083067452727944,40.23929962960835
4643,4409,19.36656263890911,0,0,0,0,0,0,0,1,0,0.0002083067452727944,8.591857681233457e-06,0.0002083067452727944,19.19356163890907
4644,9094,37.63777344912198,0,0,0,0,0,0,0,1,0,0.0002083067452727944,8.591857681233457e-06,0.0002083067452727944,37.464772449122
4645,2476,12.43894436225618,0,0,0,0,0,0,0,1,0,0.0002083067452727944,8.591857681233457e-06,0.0002083067452727944,12.26594336225617
4646,4923,25.21452400565007,0,0,0,0,0,0,0,1,0,0.0002083067452727944,8.591857681233457e-06,0.0002083067452727944,25.04152300564617
4647,5100,25.07719972082973,0,0,0,0,0,0,0,1,0,0.0002083067452727944,8.591857681233457e-06,0.0002083067452727944,25.07444872082975
4648,7082,32.91136124142805,0,0,0,0,0,0,0,1,0,0.0002083067452727944,8.591857681233457e-06,0.0002083067452727944,32.73836024142808
4649,6655,30.2423934630655,0,0,0,0,0,0,0,1,0,0.0002083067452727944,8.591857681233457e-06,0.0002083067452727944,30.23964246306551
4650,7237,36.41806833219566,0,0,0,0,0,0,0,1,0,0.0002083067452727944,8.591857681233457e-06,0.0002083067452727944,36.24506733219717
4651,8844,39.95486686675407,0,0,0,0,0,0,0,1,0,0.0002083067452727944,8.591857681233457e-06,0.0002083067452727944,39.78186586675404
4652,10041,43.5376103955304,0,0,0,0,0,0,0,1,0,0.0002083067452727944,8.591857681233457e-06,0.0002083067452727944,43.3646093955303
4653,5480,22.64586115017027,0,0,0,0,0,0,0,1,0,0.0002083067452727944,8.591857681233457e-06,0.0002083067452727944,22.64311015017028
4654,8348,39.12916590844064,0,0,0,0,0,0,0,1,0,0.0002083067452727944,8.591857681233457e-06,0.0002083067452727944,38.95616490844066
4655,5672,23.69375164179038,0,0,0,0,0,0,0,1,0,0.0002083067452727944,8.591857681233457e-06,0.0002083067452727944,23.52075064179039
4656,5372,22.15047365688589,0,0,0,0,0,0,0,1,0,0.0002083067452727944,8.591857681233457e-06,0.0002083067452727944,21.97747265688588
4657,11540,49.63701304101172,0,0,0,0,0,0,0,1,0,0.0002083067452727944,8.591857681233457e-06,0.0002083067452727944,49.46401204101171
4658,9286,39.61477292934305,0,0,0,0,0,0,0,1,0,0.0002083067452727944,8.591857681233457e-06,0.0002083067452727944,39.44177192934304
4659,2137,9.753276882345636,0,0,0,0,0,0,0,1,0,0.0002083067452727944,8.591857681233457e-06,0.0002083067452727944,9.580275882345633
4660,9728,42.90427577393442,0,0,0,0,0,0,0,1,0,0.0002083067452727944,8.591857681233457e-06,0.0002083067452727944,42.90152477393432
4661,5688,24.9041484263629,0,0,0,0,0,0,0,1,0,0.0002083067452727944,8.591857681233457e-06,0.0002083067452727944,24.90139742636293
4662,3186,14.72440414896263,0,0,0,0,0,0,0,1,0,0.0002083067452727944,8.591857681233457e-06,0.0002083067452727944,14.55140314896263
4663,9179,42.0654039832859,0,0,0,0,0,0,0,1,0,0.0002083067452727944,8.591857681233457e-06,0.0002083067452727944,41.89240298328586
4664,12567,52.80459749846131,0,0,0,0,0,0,0,1,0,0.0002083067452727944,8.591857681233457e-06,0.0002083067452727944,52.63159649846128
4665,6126,29.88501076866913,0,0,0,0,0,0,0,1,0,0.0002083067452727944,8.591857681233457e-06,0.0002083067452727944,29.71200976866916
4666,2870,33.07857539960129,0,0,0,5,21,0,0,0,0,0.0002083067452727944,8.591857681233457e-06,0.0002083067452727944,-1
4667,9290,40.68556023415665,0,0,0,0,0,0,0,1,0,0.0002083067452727944,8.591857681233457e-06,0.0002083067452727944,40.6828092341567
4668,6609,33.14147654256467,0,0,0,0,0,0,0,1,0,0.0002083067452727944,8.591857681233457e-06,0.0002083067452727944,33.13872554256467
4669,7754,36.23060578664302,0,0,0,0,0,0,0,1,0,0.0002083067452727944,8.591857681233457e-06,0.0002083067452727944,36.22785478664304
4670,8686,40.59538366275532,0,0,0,0,0,0,0,1,0,0.0002083067452727944,8.591857681233457e-06,0.0002083067452727944,40.42238266275534
4671,11590,50.49410563328615,0,0,0,0,0,0,0,1,0,0.0002083067452727944,8.591857681233457e-06,0.0002083067452727944,50.49135463328615
4672,0,1.057954083260715,0,0,0,1,7,0,0,0,0,0.0002083067452727944,8.591857681233457e-06,0.0002083067452727944,-1
4673,1875,8.73161825374871,0,0,0,0,0,0,0,1,0,0.0002083067452727944,8.591857681233457e-06,0.0002083067452727944,8.558617253748702
4674,6948,29.72450090122042,0,0,0,0,0,0,0,1,0,0.0002083067452727944,8.591857681233457e-06,0.0002083067452727944,29.72174990122042
4675,7577,31.92734234602394,0,0,0,0,0,0,0,1,0,0.0002083067452727944,8.591857681233457e-06,0.0002083067452727944,31.92459134602394
4676,0,1.653355443717131,0,0,0,0,0,0,0,0,0,0.0002083067452727944,8.591857681233457e-06,0.0002083067452727944,-1
4677,7246,36.06975079690079,0,0,0,0,0,0,0,1,0,0.0002083067452727944,8.591857681233457e-06,0.0002083067452727944,35.89674979690081
4678,8271,35.50015808378866,0,0,0,0,0,0,0,1,0,0.0002083067452727944,8.591857681233457e-06,0.0002083067452727944,35.32715708378864
4679,3987,17.06530282555683,0,0,0,0,0,0,0,1,0,0.0002083067452727944,8.591857681233457e-06,0.0002083067452727944,16.89230182555684
4680,4246,17.8359458175854,0,0,0,0,0,0,0,1,0,0.0002083067452727944,8.591857681233457e-06,0.0002083067452727944,17.83319481758539
4681,10306,49.28861251776004,0,0,0,0,0,0,0,1,0,0.0002083067452727944,8.591857681233457e-06,0.0002083067452727944,49.11561151775987
4682,6041,28.4383668933574,0,0,0,0,0,0,0,1,0,0.0002083067452727944,8.591857681233457e-06,0.0002083067452727944,28.43561589335735
4683,8235,39.04030553517735,0,0,0,0,0,0,0,1,0,0.0002083067452727944,8.591857681233457e-06,0.0002083067452727944,38.86730453517732
4684,2370,12.21545284761093,0,0,0,0,0,0,0,1,0,0.0002083067452727944,8.591857681233457e-06,0.0002083067452727944,12.21270184761094
4685,8903,38.88376529074411,0,0,0,0,0,0,0,1,0,0.0002083067452727944,8.591857681233457e-06,0.0002083067452727944,38.710764290744
4686,11201,49.91172495237569,0,0,0,0,0,0,0,1,0,0.0002083067452727944,8.591857681233457e-06,0.0002083067452727944,49.73872395237557
4687,11577,49.42730152380347,0,0,0,0,0,0,0,1,0,0.0002083067452727944,8.591857681233457e-06,0.0002083067452727944,49.42455052380347
4688,4598,19.19665510491698,0,0,0,0,0,0,0,1,0,0.0002083067452727944,8.591857681233457e-06,0.0002083067452727944,19.02365410491701
4689,11273,46.52523398911904,0,0,0,0,0,0,0,1,0,0.0002083067452727944,8.591857681233457e-06,0.0002083067452727944,46.35223298911899
4690,6890,31.15069855157816,0,0,0,0,0,0,0,1,0,0.0002083067452727944,8.591857681233457e-06,0.0002083067452727944,31.14794755157816
4691,143,36.69893902566804,0,0,0,3,17,0,0,0,0,0.0002083067452727944,8.591857681233457e-06,0.0002083067452727944,-1
4692,8712,38.04700887078062,0,0,0,0,0,0,0,1,0,0.0002083067452727944,8.591857681233457e-06,0.0002083067452727944,37.87400787078049
4693,9558,43.44282266467594,0,0,0,0,0,0,0,1,0,0.0002083067452727944,8.591857681233457e-06,0.0002083067452727944,43.26982166467594
4694,136,2.75677362600547,0,0,0,0,0,0,0,0,0,0.0002083067452727944,8.591857681233457e-06,0.0002083067452727944,-1
4695,9930,44.25538135368507,0,0,0,0,0,0,0,1,0,0.0002083067452727944,8.591857681233457e-06,0.0002083067452727944,44.25263035360374
4696,10490,49.15728220171149,0,0,0,0,0,0,0,1,0,0.0002083067452727944,8.591857681233457e-06,0.0002083067452727944,48.98428120171145
4697,9035,39.87108573552213,0,0,0,0,0,0,0,1,0,0.0002083067452727944,8.591857681233457e-06,0.0002083067452727944,39.86833473552208
4698,8542,38.87882059226944,0,0,0,0,0,0,0,1,0,0.0002083067452727944,8.591857681233457e-06,0.0002083067452727944,38.70581959226945
4699,11423,47.70657347648661,0,0,0,0,0,0,0,1,0,0.0002083067452727944,8.591857681233457e-06,0.0002083067452727944,47.53357247648657
4700,7923,37.23082118544118,0,0,0,0,0,0,0,1,0,0.0002083067452727944,8.591857681233457e-06,0.0002083067452727944,37.05782018544122
4701,4,10.40733710444595,0,0,0,1,11,0,0,0,0,0.0002083067452727944,8.591857681233457e-06,0.0002083067452727944,-1
4702,6365,26.62325853648929,0,0,0,0,0,0,0,1,0,0.0002083067452727944,8.591857681233457e-06,0.0002083067452727944,26.45025753648927
4703,6967,34.65688716567458,0,0,0,0,0,0,0,1,0,0.0002083067452727944,8.591857681233457e-06,0.0002083067452727944,34.48388616567456
4704,8991,41.94573412277922,0,0,0,0,0,0,0,1,0,0.0002083067452727944,8.591857681233457e-06,0.0002083067452727944,41.77273312277916
4705,3910,19.71965222517288,0,0,0,0,0,0,0,1,0,0.0002083067452727944,8.591857681233457e-06,0.0002083067452727944,19.54665122517288
4706,5493,25.95846991395292,0,0,0,0,0,0,0,1,0,0.0002083067452727944,8.591857681233457e-06,0.0002083067452727944,25.7854689139529
4707,10716,46.41620511672936,0,0,0,0,0,0,0,1,0,0.0002083067452727944,8.591857681233457e-06,0.0002083067452727944,46.41345411672926
4708,5570,26.72424938853747,0,0,0,0,0,0,0,1,0,0.0002083067452727944,8.591857681233457e-06,0.0002083067452727944,26.72149838853746
4709,4473,20.35200846324448,0,0,0,0,0,0,0,1,0,0.0002083067452727944,8.591857681233457e-06,0.0002083067452727944,20.17900746324449
4710,5872,26.605651406555,0,0,0,0,0,0,0,1,0,0.0002083067452727944,8.591857681233457e-06,0.0002083067452727944,26.602900406555
4711,11223,48.6858819130001,0,0,0,0,0,0,0,1,0,0.0002083067452727944,8.591857681233457e-06,0.0002083067452727944,48.51288091299997
4712,9714,45.78397728846695,0,0,0,0,0,0,0,1,0,0.0002083067452727944,8.591857681233457e-06,0.0002083067452727944,45.61097628846692
4713,7563,32.92187857261382,0,0,0,0,0,0,0,1,0,0.0002083067452727944,8.591857681233457e-06,0.0002083067452727944,32.7488775726138
4714,7322,33.18278033353964,0,0,0,0,0,0,0,1,0,0.0002083067452727944,8.591857681233457e-06,0.0002083067452727944,33.18002933353962
4715,4424,19.90320675894453,0,0,0,0,0,0,0,1,0,0.0002083067452727944,8.591857681233457e-06,0.0002083067452727944,19.90045575894453
4716,8885,38.15738054379575,0,0,0,0,0,0,0,1,0,0.0002083067452727944,8.591857681233457e-06,0.0002083067452727944,38.15462954379577
4717,6530,29.91995873983166,0,0,0,0,0,0,0,1,0,0.0002083067452727944,8.591857681233457e-06,0.0002083067452727944,29.74695773941934
4718,1858,8.574431843340415,0,0,0,0,0,0,0,1,0,0.0002083067452727944,8.591857681233457e-06,0.0002083067452727944,8.40143084334041
4719,7954,41.36033094841132,0,0,0,0,0,0,0,1,0,0.0002083067452727944,8.591857681233457e-06,0.0002083067452727944,41.18732994834409
4720,10119,48.38973102614229,0,0,0,0,0,0,0,1,0,0.0002083067452727944,8.591857681233457e-06,0.0002083067452727944,48.21673002614219
4721,6393,30.69202851542467,0,0,0,0,0,0,0,1,0,0.0002083067452727944,8.591857681233457e-06,0.0002083067452727944,30.51902751542467
4722,10730,46.83669897270969,0,0,0,0,0,0,0,1,0,0.0002083067452727944,8.591857681233457e-06,0.0002083067452727944,46.66369797270965
4723,8067,33.84143169174909,0,0,0,0,0,0,0,1,0,0.0002083067452727944,8.591857681233457e-06,0.0002083067452727944,33.66843069174912
4724,2708,12.20883993586846,0,0,0,0,0,0,0,1,0,0.0002083067452727944,8.591857681233457e-06,0.0002083067452727944,12.20608893586846
4725,0,0.002751,0,0,0,0,0,0,0,0,0,0.0002083067452727944,8.591857681233457e-06,0.0002083067452727944,-1
4726,1994,9.274003973431007,0,0,0,0,0,0,0,1,0,0.0002083067452727944,8.591857681233457e-06,0.0002083067452727944,9.101002973431001
4727,1342,6.582256269922285,0,0,0,0,0,0,0,1,0,0.0002083067452727944,8.591857681233457e-06,0.0002083067452727944,6.409255269922284
4728,9611,42.12326639908387,0,0,0,0,0,0,0,1,0,0.0002083067452727944,8.591857681233457e-06,0.0002083067452727944,41.95026539908388
4729,9003,41.58478101871579,0,0,0,0,0,0,0,1,0,0.0002083067452727944,8.591857681233457e-06,0.0002083067452727944,41.41178001871574
4730,8895,41.6309000343703,0,0,0,0,0,0,0,1,0,0.0002083067452727944,8.591857681233457e-06,0.0002083067452727944,41.45789903443179
4731,8133,36.75453480454576,0,0,0,0,0,0,0,1,0,0.0002083067452727944,8.591857681233457e-06,0.0002083067452727944,36.75178380453424
4732,10868,49.8951223902713,0,0,0,0,0,0,0,1,0,0.0002083067452727944,8.591857681233457e-06,0.0002083067452727944,49.72212139027969
4733,3111,13.3918790884979,0,0,0,0,0,0,0,1,0,0.0002083067452727944,8.591857681233457e-06,0.0002083067452727944,13.21887808849789
4734,8680,40.01949330264271,0,0,0,0,0,0,0,1,0,0.0002083067452727944,8.591857681233457e-06,0.0002083067452727944,39.84649230264265
4735,8708,35.89603451553914,0,0,0,0,0,0,0,1,0,0.0002083067452727944,8.591857681233457e-06,0.0002083067452727944,35.89328351553913
4736,9433,43.66978689901497,0,0,0,0,0,0,0,1,0,0.0002083067452727944,8.591857681233457e-06,0.0002083067452727944,43.49678589901501
4737,8906,41.45776465808586,0,0,0,0,0,0,0,1,0,0.0002083067452727944,8.591857681233457e-06,0.0002083067452727944,41.28476365808572
4738,5093,21.8796657514361,0,0,0,0,0,0,0,1,0,0.0002083067452727944,8.591857681233457e-06,0.0002083067452727944,21.87691475143611
4739,59,2.776110450701811,0,0,0,0,0,0,0,0,0,0.0002083067452727944,8.591857681233457e-06,0.0002083067452727944,-1
4740,3252,13.82951858150379,0,0,0,0,0,0,0,1,0,0.0002083067452727944,8.591857681233457e-06,0.0002083067452727944,13.65651758150378
4741,5363,23.24076769723786,0,0,0,0,0,0,0,1,0,0.0002083067452727944,8.591857681233457e-06,0.0002083067452727944,23.06776669723785
4742,6041,26.90218228346557,0,0,0,0,0,0,0,1,0,0.0002083067452727944,8.591857681233457e-06,0.0002083067452727944,26.72918128346558
4743,10767,46.57322931085545,0,0,0,0,0,0,0,1,0,0.0002083067452727944,8.591857681233457e-06,0.0002083067452727944,46.57047831085555
4744,8706,40.23392758522745,0,0,0,0,0,0,0,1,0,0.0002083067452727944,8.591857681233457e-06,0.0002083067452727944,40.06092658522738
4745,8527,37.29605827351572,0,0,0,0,0,0,0,1,0,0.0002083067452727944,8.591857681233457e-06,0.0002083067452727944,37.29330727351574
4746,6977,29.22542876478014,0,0,0,0,0,0,0,1,0,0.0002083067452727944,8.591857681233457e-06,0.0002083067452727944,29.05242776478015
4747,9366,40.820771406503,0,0,0,0,0,0,0,1,0,0.0002083067452727944,8.591857681233457e-06,0.0002083067452727944,40.64777040650299
4748,3408,15.56249132440217,0,0,0,0,0,0,0,1,0,0.0002083067452727944,8.591857681233457e-06,0.0002083067452727944,15.55974032440217
4749,6721,28.55126332629547,0,0,0,0,0,0,0,1,0,0.0002083067452727944,8.591857681233457e-06,0.0002083067452727944,28.54851232629546
4750,9316,38.9228733845074,0,0,0,0,0,0,0,1,0,0.0002083067452727944,8.591857681233457e-06,0.0002083067452727944,38.92012238450744
4751,9246,44.05729221365149,0,0,0,0,0,0,0,1,0,0.0002083067452727944,8.591857681233457e-06,0.0002083067452727944,44.05454121365155
4752,9168,41.9738931503515,0,0,0,0,0,0,0,1,0,0.0002083067452727944,8.591857681233457e-06,0.0002083067452727944,41.80089215035139
4753,7402,36.53454005574023,0,0,0,0,0,0,0,1,0,0.0002083067452727944,8.591857681233457e-06,0.0002083067452727944,36.53178905574018
4754,9413,41.58010831293295,0,0,0,0,0,0,0,1,0,0.0002083067452727944,8.591857681233457e-06,0.0002083067452727944,41.40710731293292
4755,10234,45.33682524925658,0,0,0,0,0,0,0,1,0,0.0002083067452727944,8.591857681233457e-06,0.0002083067452727944,45.16382424925659
4756,9801,40.27192768133961,0,0,0,0,0,0,0,1,0,0.0002083067452727944,8.591857681233457e-06,0.0002083067452727944,40.26917668133964
4757,1120,43.94062664058986,0,0,0,1,6,0,0,0,0,0.0002083067452727944,8.591857681233457e-06,0.0002083067452727944,-1
4758,11270,53.36344347392881,0,0,0,0,0,0,0,1,0,0.0002083067452727944,8.591857681233457e-06,0.0002083067452727944,53.19044247392876
4759,8272,37.05737750845619,0,0,0,0,0,0,0,1,0,0.0002083067452727944,8.591857681233457e-06,0.0002083067452727944,37.0546265084562
4760,8711,39.75774399563782,0,0,0,0,0,0,0,1,0,0.0002083067452727944,8.591857681233457e-06,0.0002083067452727944,39.75499299563784
4761,323,20.67413027215926,0,0,0,2,16,0,0,0,0,0.0002083067452727944,8.591857681233457e-06,0.0002083067452727944,-1
4762,4256,19.32205837909425,0,0,0,0,0,0,0,1,0,0.0002083067452727944,8.591857681233457e-06,0.0002083067452727944,19.14905737909429
4763,6868,32.38241378333391,0,0,0,0,0,0,0,1,0,0.0002083067452727944,8.591857681233457e-06,0.0002083067452727944,32.2094127833339
4764,0,0.002751,0,0,0,0,0,0,0,0,0,0.0002083067452727944,8.591857681233457e-06,0.0002083067452727944,-1
4765,3994,20.92967513499029,0,0,0,0,0,0,0,1,0,0.0002083067452727944,8.591857681233457e-06,0.0002083067452727944,20.75667413499027
4766,8817,40.45401100075878,0,0,0,0,0,0,0,1,0,0.0002083067452727944,8.591857681233457e-06,0.0002083067452727944,40.28101000075861
4767,7989,39.48141956387524,0,0,0,0,0,0,0,1,0,0.0002083067452727944,8.591857681233457e-06,0.0002083067452727944,39.30841856387523
4768,10863,48.11617455026624,0,0,0,0,0,0,0,1,0,0.0002083067452727944,8.591857681233457e-06,0.0002083067452727944,48.11342355026608
4769,5825,28.66892819529335,0,0,0,0,0,0,0,1,0,0.0002083067452727944,8.591857681233457e-06,0.0002083067452727944,28.49592719529333
4770,140,25.44247428700673,0,0,0,1,7,0,0,0,0,0.0002083067452727944,8.591857681233457e-06,0.0002083067452727944,-1
4771,8987,42.59849580234988,0,0,0,0,0,0,0,1,0,0.0002083067452727944,8.591857681233457e-06,0.0002083067452727944,42.42549480234975
4772,7617,31.98896375524706,0,0,0,0,0,0,0,1,0,0.0002083067452727944,8.591857681233457e-06,0.0002083067452727944,31.81596275524706
4773,0,38.79517387140726,0,0,0,0,2,0,0,0,0,0.0002083067452727944,8.591857681233457e-06,0.0002083067452727944,-1
4774,943,8.812546065523309,0,0,0,1,9,0,0,0,0,0.0002083067452727944,8.591857681233457e-06,0.0002083067452727944,-1
4775,4047,18.47663535100041,0,0,0,0,0,0,0,1,0,0.0002083067452727944,8.591857681233457e-06,0.0002083067452727944,18.30363435100038
4776,5598,25.60406339476847,0,0,0,0,0,0,0,1,0,0.0002083067452727944,8.591857681233457e-06,0.0002083067452727944,25.43106239476849
4777,10925,49.70434820978312,0,0,0,0,0,0,0,1,0,0.0002083067452727944,8.591857681233457e-06,0.0002083067452727944,49.53134720978308
4778,5898,27.01521827996716,0,0,0,0,0,0,0,1,0,0.0002083067452727944,8.591857681233457e-06,0.0002083067452727944,26.84221727996716
4779,11173,49.41905287045851,0,0,0,0,0,0,0,1,0,0.0002083067452727944,8.591857681233457e-06,0.0002083067452727944,49.24605187045846
4780,909,39.99791593612935,0,0,0,3,14,0,0,0,0,0.0002083067452727944,8.591857681233457e-06,0.0002083067452727944,-1
4781,43,56.96926991725907,0,0,0,1,12,0,0,0,0,0.0002083067452727944,8.591857681233457e-06,0.0002083067452727944,-1
4782,5311,22.59884085042168,0,0,0,0,0,0,0,1,0,0.0002083067452727944,8.591857681233457e-06,0.0002083067452727944,22.42583985042168
4783,7253,34.75396084163518,0,0,0,0,0,0,0,1,0,0.0002083067452727944,8.591857681233457e-06,0.0002083067452727944,34.75120984163519
4784,11739,52.03128640631688,0,0,0,0,0,0,0,1,0,0.0002083067452727944,8.591857681233457e-06,0.0002083067452727944,51.85828540631692
4785,9210,41.23295916239842,0,0,0,0,0,0,0,1,0,0.0002083067452727944,8.591857681233457e-06,0.0002083067452727944,41.05995816239839
4786,6405,29.0045664938227,0,0,0,0,0,0,0,1,0,0.0002083067452727944,8.591857681233457e-06,0.0002083067452727944,29.00181549382268
4787,3972,17.42901537417925,0,0,0,0,0,0,0,1,0,0.0002083067452727944,8.591857681233457e-06,0.0002083067452727944,17.42626437417927
4788,1646,7.252914401938773,0,0,0,0,0,0,0,1,0,0.0002083067452727944,8.591857681233457e-06,0.0002083067452727944,7.250163401938773
4789,0,1.034464275333896,0,0,0,1,5,0,0,0,0,0.0002083067452727944,8.591857681233457e-06,0.0002083067452727944,-1
4790,10458,48.70429791707461,0,0,0,0,0,0,0,1,0,0.0002083067452727944,8.591857681233457e-06,0.0002083067452727944,48.53129691707461
4791,9708,41.71232452675515,0,0,0,0,0,0,0,1,0,0.0002083067452727944,8.591857681233457e-06,0.0002083067452727944,41.5393235267551
4792,6335,30.37929216273726,0,0,0,0,0,0,0,1,0,0.0002083067452727944,8.591857681233457e-06,0.0002083067452727944,30.20629116273729
4793,7661,32.68824085903803,0,0,0,0,0,0,0,1,0,0.0002083067452727944,8.591857681233457e-06,0.0002083067452727944,32.51523985903802
4794,8132,36.89408656961908,0,0,0,0,0,0,0,1,0,0.0002083067452727944,8.591857681233457e-06,0.0002083067452727944,36.89133556961904
4795,11332,51.68843199141338,0,0,0,0,0,0,0,1,0,0.0002083067452727944,8.591857681233457e-06,0.0002083067452727944,51.51543099141334
4796,8095,39.26910093709588,0,0,0,0,0,0,0,1,0,0.0002083067452727944,8.591857681233457e-06,0.0002083067452727944,39.09609993709581
4797,3265,18.47475348108352,0,0,0,0,0,0,0,1,0,0.0002083067452727944,8.591857681233457e-06,0.0002083067452727944,18.30175248107714
4798,6606,31.93820862325361,0,0,0,0,0,0,0,1,0,0.0002083067452727944,8.591857681233457e-06,0.0002083067452727944,31.76520762325361
4799,10268,45.11497107904604,0,0,0,0,0,0,0,1,0,0.0002083067452727944,8.591857681233457e-06,0.0002083067452727944,44.94197007914683
4800,10098,42.90637715874091,0,0,0,0,0,0,0,1,0,0.0002083067452727944,8.591857681233457e-06,0.0002083067452727944,42.90362615874096
4801,10554,44.09177063306522,0,0,0,0,0,0,0,1,0,0.0002083067452727944,8.591857681233457e-06,0.0002083067452727944,43.91876963306522
4802,9207,37.92489164047871,0,0,0,0,0,0,0,1,0,0.0002083067452727944,8.591857681233457e-06,0.0002083067452727944,37.75189064047873
4803,7326,29.87683049678391,0,0,0,0,0,0,0,1,0,0.0002083067452727944,8.591857681233457e-06,0.0002083067452727944,29.87407949678391
4804,277,4.442546667362592,0,0,0,1,10,0,0,0,0,0.0002083067452727944,8.591857681233457e-06,0.0002083067452727944,-1
4805,6178,24.23536379953126,0,0,0,0,0,0,0,1,0,0.0002083067452727944,8.591857681233457e-06,0.0002083067452727944,24.23261279953125
4806,9424,43.60069477424754,0,0,0,0,0,0,0,1,0,0.0002083067452727944,8.591857681233457e-06,0.0002083067452727944,43.59794377424758
4807,6,42.21015790264482,0,0,0,2,17,0,0,0,0,0.0002083067452727944,8.591857681233457e-06,0.0002083067452727944,-1
4808,8495,41.58819047870011,0,0,0,0,0,0,0,1,0,0.0002083067452727944,8.591857681233457e-06,0.0002083067452727944,41.41518947870001
4809,10283,44.56661966858979,0,0,0,0,0,0,0,1,0,0.0002083067452727944,8.591857681233457e-06,0.0002083067452727944,44.3936186686219
4810,11329,49.09780328904184,0,0,0,0,0,0,0,1,0,0.0002083067452727944,8.591857681233457e-06,0.0002083067452727944,49.0950522890418
4811,9602,46.93043632895036,0,0,0,0,0,0,0,1,0,0.0002083067452727944,8.591857681233457e-06,0.0002083067452727944,46.75743532895029
4812,6625,29.89641759880841,0,0,0,0,0,0,0,1,0,0.0002083067452727944,8.591857681233457e-06,0.0002083067452727944,29.72341659880838
4813,8281,40.42153366556575,0,0,0,0,0,0,0,1,0,0.0002083067452727944,8.591857681233457e-06,0.0002083067452727944,40.2485326655657
4814,8206,40.22784032508984,0,0,0,0,0,0,0,1,0,0.0002083067452727944,8.591857681233457e-06,0.0002083067452727944,40.05483932508985
4815,6446,28.31543831090559,0,0,0,0,0,0,0,1,0,0.0002083067452727944,8.591857681233457e-06,0.0002083067452727944,28.14243731090561
4816,7933,33.89245897563742,0,0,0,0,0,0,0,1,0,0.0002083067452727944,8.591857681233457e-06,0.0002083067452727944,33.71945797563743
4817,11879,51.75298800667964,0,0,0,0,0,0,0,1,0,0.0002083067452727944,8.591857681233457e-06,0.0002083067452727944,51.75023700667975
4818,6981,32.28380952632969,0,0,0,0,0,0,0,1,0,0.0002083067452727944,8.591857681233457e-06,0.0002083067452727944,32.1108085263297
4819,879,45.48060904562776,0,0,0,3,31,0,0,0,0,0.0002083067452727944,8.591857681233457e-06,0.0002083067452727944,-1
4820,7535,34.12398010689646,0,0,0,0,0,0,0,1,0,0.0002083067452727944,8.591857681233457e-06,0.0002083067452727944,33.95097910689646
4821,11142,49.80764503104018,0,0,0,0,0,0,0,1,0,0.0002083067452727944,8.591857681233457e-06,0.0002083067452727944,49.63464403145888
4822,11569,49.57088636763531,0,0,0,0,0,0,0,1,0,0.0002083067452727944,8.591857681233457e-06,0.0002083067452727944,49.39788536763525
4823,7441,35.13372855969814,0,0,0,0,0,0,0,1,0,0.0002083067452727944,8.591857681233457e-06,0.0002083067452727944,34.96072755969804
4824,8735,40.13652578817415,0,0,0,0,0,0,0,1,0,0.0002083067452727944,8.591857681233457e-06,0.0002083067452727944,40.13377478817419
4825,9715,43.21530035025543,0,0,0,0,0,0,0,1,0,0.0002083067452727944,8.591857681233457e-06,0.0002083067452727944,43.2125493502554
4826,8801,38.35067786206896,0,0,0,0,0,0,0,1,0,0.0002083067452727944,8.591857681233457e-06,0.0002083067452727944,38.17767686206896
4827,9852,46.26736991229391,0,0,0,0,0,0,0,1,0,0.0002083067452727944,8.591857681233457e-06,0.0002083067452727944,46.09436891251224
4828,1083,58.33651333066124,0,0,0,0,0,0,0,0,0,0.0002083067452727944,8.591857681233457e-06,0.0002083067452727944,-1
4829,384,17.41029862694223,0,0,0,2,15,0,0,0,0,0.0002083067452727944,8.591857681233457e-06,0.0002083067452727944,-1
4830,7483,35.12488286740695,0,0,0,0,0,0,0,1,0,0.0002083067452727944,8.591857681233457e-06,0.0002083067452727944,34.9518818674069
4831,8896,39.52924649878182,0,0,0,0,0,0,0,1,0,0.0002083067452727944,8.591857681233457e-06,0.0002083067452727944,39.35624549868875
4832,6146,26.0734316065583,0,0,0,0,0,0,0,1,0,0.0002083067452727944,8.591857681233457e-06,0.0002083067452727944,25.90043060655829
4833,669,26.88539562486591,0,0,0,3,12,0,0,0,0,0.0002083067452727944,8.591857681233457e-06,0.0002083067452727944,-1
4834,7174,32.48418095831092,0,0,0,0,0,0,0,1,0,0.0002083067452727944,8.591857681233457e-06,0.0002083067452727944,32.31117995831088
4835,2131,16.81230738444098,0,0,0,1,9,0,0,0,0,0.0002083067452727944,8.591857681233457e-06,0.0002083067452727944,-1
4836,7298,32.48355453853426,0,0,0,0,0,0,0,1,0,0.0002083067452727944,8.591857681233457e-06,0.0002083067452727944,32.31055353853424
4837,0,1.121640487574003,0,0,0,1,6,0,0,0,0,0.0002083067452727944,8.591857681233457e-06,0.0002083067452727944,-1
4838,20,1.754032253044149,0,0,0,0,0,0,0,0,0,0.0002083067452727944,8.591857681233457e-06,0.0002083067452727944,-1
4839,0,35.49083628816103,0,0,0,2,13,0,0,0,0,0.0002083067452727944,8.591857681233457e-06,0.0002083067452727944,-1
4840,7714,35.60221004640727,0,0,0,0,0,0,0,1,0,0.0002083067452727944,8.591857681233457e-06,0.0002083067452727944,35.59945904640727
4841,5963,27.43299844036719,0,0,0,0,0,0,0,1,0,0.0002083067452727944,8.591857681233457e-06,0.0002083067452727944,27.43024744036715
4842,6630,28.53494494513734,0,0,0,0,0,0,0,1,0,0.0002083067452727944,8.591857681233457e-06,0.0002083067452727944,28.53219394513735
4843,565,7.293066406677924,0,0,0,1,8,0,0,0,0,0.0002083067452727944,8.591857681233457e-06,0.0002083067452727944,-1
4844,7954,38.05672832908849,0,0,0,0,0,0,0,1,0,0.0002083067452727944,8.591857681233457e-06,0.0002083067452727944,38.05397732908981
4845,3722,16.59751651583755,0,0,0,0,0,0,0,1,0,0.0002083067452727944,8.591857681233457e-06,0.0002083067452727944,16.42451551583754
4846,7445,32.76238674023167,0,0,0,0,0,0,0,1,0,0.0002083067452727944,8.591857681233457e-06,0.0002083067452727944,32.75963574023168
4847,7309,32.40292225603461,0,0,0,0,0,0,0,1,0,0.0002083067452727944,8.591857681233457e-06,0.0002083067452727944,32.22992125603461
4848,9053,43.89229469808787,0,0,0,0,0,0,0,1,0,0.0002083067452727944,8.591857681233457e-06,0.0002083067452727944,43.71929369808777
4849,8371,40.37305101078302,0,0,0,0,0,0,0,1,0,0.0002083067452727944,8.591857681233457e-06,0.0002083067452727944,40.20005001078302
4850,11024,50.77449648270397,0,0,0,0,0,0,0,1,0,0.0002083067452727944,8.591857681233457e-06,0.0002083067452727944,50.6014954827039
4851,8001,36.26273103181403,0,0,0,0,0,0,0,1,0,0.0002083067452727944,8.591857681233457e-06,0.0002083067452727944,36.08973003179009
4852,4039,17.31870971992645,0,0,0,0,0,0,0,1,0,0.0002083067452727944,8.591857681233457e-06,0.0002083067452727944,17.14570871992645
4853,6647,33.46341228496787,0,0,0,0,0,0,0,1,0,0.0002083067452727944,8.591857681233457e-06,0.0002083067452727944,33.29041128496787
4854,8268,41.39197182642042,0,0,0,0,0,0,0,1,0,0.0002083067452727944,8.591857681233457e-06,0.0002083067452727944,41.38922082642042
4855,10427,46.75441173396246,0,0,0,0,0,0,0,1,0,0.0002083067452727944,8.591857681233457e-06,0.0002083067452727944,46.58141073396226
4856,11290,51.02864664686387,0,0,0,0,0,0,0,1,0,0.0002083067452727944,8.591857681233457e-06,0.0002083067452727944,50.8556456468639
4857,6365,30.65246620934562,0,0,0,0,0,0,0,1,0,0.0002083067452727944,8.591857681233457e-06,0.0002083067452727944,30.47946520934559
4858,7762,34.11856865115282,0,0,0,0,0,0,0,1,0,0.0002083067452727944,8.591857681233457e-06,0.0002083067452727944,34.1158176511528
4859,9437,44.21260244447888,0,0,0,0,0,0,0,1,0,0.0002083067452727944,8.591857681233457e-06,0.0002083067452727944,44.20985144447882
4860,6068,28.75770151814141,0,0,0,0,0,0,0,1,0,0.0002083067452727944,8.591857681233457e-06,0.0002083067452727944,28.75495051814146
4861,11305,51.61956522111167,0,0,0,0,0,0,0,1,0,0.0002083067452727944,8.591857681233457e-06,0.0002083067452727944,51.44656422111157
4862,10419,44.36570190059249,0,0,0,0,0,0,0,1,0,0.0002083067452727944,8.591857681233457e-06,0.0002083067452727944,44.19270090059248
4863,2518,40.63238158558614,0,0,0,3,12,0,0,0,0,0.0002083067452727944,8.591857681233457e-06,0.0002083067452727944,-1
4864,9913,43.9948127283597,0,0,0,0,0,0,0,1,0,0.0002083067452727944,8.591857681233457e-06,0.0002083067452727944,43.82181172835959
4865,9715,47.10369353017669,0,0,0,0,0,0,0,1,0,0.0002083067452727944,8.591857681233457e-06,0.0002083067452727944,46.9306925301766
4866,6002,26.03956291884921,0,0,0,0,0,0,0,1,0,0.0002083067452727944,8.591857681233457e-06,0.0002083067452727944,25.86656191884918
4867,7110,30.47548016160842,0,0,0,0,0,0,0,1,0,0.0002083067452727944,8.591857681233457e-06,0.0002083067452727944,30.3024791616084
4868,9480,48.71233851534307,0,0,0,0,0,0,0,1,0,0.0002083067452727944,8.591857681233457e-06,0.0002083067452727944,48.70958751534089
4869,10215,44.36154436659047,0,0,0,0,0,0,0,1,0,0.0002083067452727944,8.591857681233457e-06,0.0002083067452727944,44.18854336659047
4870,3631,15.48423060594423,0,0,0,0,0,0,0,1,0,0.0002083067452727944,8.591857681233457e-06,0.0002083067452727944,15.31122960594423
4871,9371,41.45768536210429,0,0,0,0,0,0,0,1,0,0.0002083067452727944,8.591857681233457e-06,0.0002083067452727944,41.28468436210425
4872,1735,26.50163701875296,0,0,0,3,22,0,0,0,0,0.0002083067452727944,8.591857681233457e-06,0.0002083067452727944,-1
4873,7582,33.3985465106225,0,0,0,0,0,0,0,1,0,0.0002083067452727944,8.591857681233457e-06,0.0002083067452727944,33.22554551062248
4874,2588,12.6614733971198,0,0,0,0,0,0,0,1,0,0.0002083067452727944,8.591857681233457e-06,0.0002083067452727944,12.48847239711979
4875,12635,52.73533786859666,0,0,0,0,0,0,0,1,0,0.0002083067452727944,8.591857681233457e-06,0.0002083067452727944,52.5623368685966
4876,5345,26.30388928519698,0,0,0,0,0,0,0,1,0,0.0002083067452727944,8.591857681233457e-06,0.0002083067452727944,26.13088828519692
4877,10914,50.22044511783035,0,0,0,0,0,0,0,1,0,0.0002083067452727944,8.591857681233457e-06,0.0002083067452727944,50.21769411783025
4878,6776,30.30680295721994,0,0,0,0,0,0,0,1,0,0.0002083067452727944,8.591857681233457e-06,0.0002083067452727944,30.30405195721995
4879,7373,32.38765135525446,0,0,0,0,0,0,0,1,0,0.0002083067452727944,8.591857681233457e-06,0.0002083067452727944,32.21465035525446
4880,5874,25.70002960518793,0,0,0,0,0,0,0,1,0,0.0002083067452727944,8.591857681233457e-06,0.0002083067452727944,25.52702860518792
4881,3557,17.13404601574848,0,0,0,0,0,0,0,1,0,0.0002083067452727944,8.591857681233457e-06,0.0002083067452727944,16.96104501574848
4882,10342,47.15651921511292,0,0,0,0,0,0,0,1,0,0.0002083067452727944,8.591857681233457e-06,0.0002083067452727944,47.15376821511288
4883,6038,26.4902119883853,0,0,0,0,0,0,0,1,0,0.0002083067452727944,8.591857681233457e-06,0.0002083067452727944,26.48746098838531
4884,38,2.392763172743665,0,0,0,0,0,0,0,0,0,0.0002083067452727944,8.591857681233457e-06,0.0002083067452727944,-1
4885,10951,52.33634574473724,0,0,0,0,0,0,0,1,0,0.0002083067452727944,8.591857681233457e-06,0.0002083067452727944,52.3335947447373
4886,9753,44.48910684870945,0,0,0,0,0,0,0,1,0,0.0002083067452727944,8.591857681233457e-06,0.0002083067452727944,44.31610584870934
4887,6292,30.88754641049373,0,0,0,0,0,0,0,1,0,0.0002083067452727944,8.591857681233457e-06,0.0002083067452727944,30.71454541049372
4888,3193,13.91107399213964,0,0,0,0,0,0,0,1,0,0.0002083067452727944,8.591857681233457e-06,0.0002083067452727944,13.90832299213964
4889,6210,26.73567561250441,0,0,0,0,0,0,0,1,0,0.0002083067452727944,8.591857681233457e-06,0.0002083067452727944,26.56267461250442
4890,8577,39.92798966421221,0,0,0,0,0,0,0,1,0,0.0002083067452727944,8.591857681233457e-06,0.0002083067452727944,39.92523866421219
4891,8454,38.10907822990124,0,0,0,0,0,0,0,1,0,0.0002083067452727944,8.591857681233457e-06,0.0002083067452727944,37.9360772299012
4892,7897,34.50775287309902,0,0,0,0,0,0,0,1,0,0.0002083067452727944,8.591857681233457e-06,0.0002083067452727944,34.50500187309907
4893,10619,46.90406769682836,0,0,0,0,0,0,0,1,0,0.0002083067452727944,8.591857681233457e-06,0.0002083067452727944,46.73106669682834
4894,7325,34.9834316190052,0,0,0,0,0,0,0,1,0,0.0002083067452727944,8.591857681233457e-06,0.0002083067452727944,34.81043061900516
4895,316,4.957254034431863,0,0,0,1,8,0,0,0,0,0.0002083067452727944,8.591857681233457e-06,0.0002083067452727944,-1
4896,6160,31.07650402684634,0,0,0,0,0,0,0,1,0,0.0002083067452727944,8.591857681233457e-06,0.0002083067452727944,30.90350302684631
4897,272,6.09143869837113,0,0,0,2,13,0,0,0,0,0.0002083067452727944,8.591857681233457e-06,0.0002083067452727944,-1
4898,8644,42.59206365167485,0,0,0,0,0,0,0,1,0,0.0002083067452727944,8.591857681233457e-06,0.0002083067452727944,42.41906265167472
4899,10063,47.86403736346201,0,0,0,0,0,0,0,1,0,0.0002083067452727944,8.591857681233457e-06,0.0002083067452727944,47.69103636346187
4900,3811,17.45303541890727,0,0,0,0,0,0,0,1,0,0.0002083067452727944,8.591857681233457e-06,0.0002083067452727944,17.45028441890726
4901,9695,48.56053759609921,0,0,0,0,0,0,0,1,0,0.0002083067452727944,8.591857681233457e-06,0.0002083067452727944,48.55778659609913
4902,6341,29.11419506307586,0,0,0,0,0,0,0,1,0,0.0002083067452727944,8.591857681233457e-06,0.0002083067452727944,28.94119406307586
4903,9449,42.48359990055992,0,0,0,0,0,0,0,1,0,0.0002083067452727944,8.591857681233457e-06,0.0002083067452727944,42.31059890055982
4904,1382,29.82512550545371,0,0,0,2,15,0,0,0,0,0.0002083067452727944,8.591857681233457e-06,0.0002083067452727944,-1
4905,0,0.7981621802206234,0,0,0,1,5,0,0,0,0,0.0002083067452727944,8.591857681233457e-06,0.0002083067452727944,-1
4906,9939,44.18310681411901,0,0,0,0,0,0,0,1,0,0.0002083067452727944,8.591857681233457e-06,0.0002083067452727944,44.0101058143354
4907,3628,14.64358791191626,0,0,0,0,0,0,0,1,0,0.0002083067452727944,8.591857681233457e-06,0.0002083067452727944,14.64083691191627
4908,8510,36.95408398237721,0,0,0,0,0,0,0,1,0,0.0002083067452727944,8.591857681233457e-06,0.0002083067452727944,36.78108298237717
4909,5467,26.84640004643678,0,0,0,0,0,0,0,1,0,0.0002083067452727944,8.591857681233457e-06,0.0002083067452727944,26.67339904643678
4910,10232,42.57565891385592,0,0,0,0,0,0,0,1,0,0.0002083067452727944,8.591857681233457e-06,0.0002083067452727944,42.57290791385591
4911,8575,38.89492444488599,0,0,0,0,0,0,0,1,0,0.0002083067452727944,8.591857681233457e-06,0.0002083067452727944,38.72192344488597
4912,8449,39.46557504109474,0,0,0,0,0,0,0,1,0,0.0002083067452727944,8.591857681233457e-06,0.0002083067452727944,39.46282404109474
4913,10018,45.08841586480023,0,0,0,0,0,0,0,1,0,0.0002083067452727944,8.591857681233457e-06,0.0002083067452727944,45.08566486389491
4914,10222,47.64338868208773,0,0,0,0,0,0,0,1,0,0.0002083067452727944,8.591857681233457e-06,0.0002083067452727944,47.64063768208763
4915,6902,29.76058149303423,0,0,0,0,0,0,0,1,0,0.0002083067452727944,8.591857681233457e-06,0.0002083067452727944,29.7578304930343
4916,5239,22.4704924034945,0,0,0,0,0,0,0,1,0,0.0002083067452727944,8.591857681233457e-06,0.0002083067452727944,22.29749140349449
4917,7005,31.45986370155693,0,0,0,0,0,0,0,1,0,0.0002083067452727944,8.591857681233457e-06,0.0002083067452727944,31.45711270155692
4918,11041,51.58025128080756,0,0,0,0,0,0,0,1,0,0.0002083067452727944,8.591857681233457e-06,0.0002083067452727944,51.40725028060345
4919,877,13.90774604093782,0,0,0,1,11,0,0,0,0,0.0002083067452727944,8.591857681233457e-06,0.0002083067452727944,-1
4920,1844,10.1573169115919,0,0,0,0,0,0,0,1,0,0.0002083067452727944,8.591857681233457e-06,0.0002083067452727944,9.984315911591882
4921,11097,44.88804052268163,0,0,0,0,0,0,0,1,0,0.0002083067452727944,8.591857681233457e-06,0.0002083067452727944,44.8852895226817
4922,10924,52.49785692662866,0,0,0,0,0,0,0,1,0,0.0002083067452727944,8.591857681233457e-06,0.0002083067452727944,52.32485592662864
4923,9154,42.56659079256418,0,0,0,0,0,0,0,1,0,0.0002083067452727944,8.591857681233457e-06,0.0002083067452727944,42.39358979256414
4924,11134,50.30715133555117,0,0,0,0,0,0,0,1,0,0.0002083067452727944,8.591857681233457e-06,0.0002083067452727944,50.13415033555123
4925,6630,29.90825610990208,0,0,0,0,0,0,0,1,0,0.0002083067452727944,8.591857681233457e-06,0.0002083067452727944,29.9055051099021
4926,6651,28.2335268421794,0,0,0,0,0,0,0,1,0,0.0002083067452727944,8.591857681233457e-06,0.0002083067452727944,28.2307758421794
4927,5831,26.68268042331907,0,0,0,0,0,0,0,1,0,0.0002083067452727944,8.591857681233457e-06,0.0002083067452727944,26.50967942331907
4928,10302,45.1361715911532,0,0,0,0,0,0,0,1,0,0.0002083067452727944,8.591857681233457e-06,0.0002083067452727944,44.96317059115314
4929,149,1.837271014273399,0,0,0,0,0,0,0,0,0,0.0002083067452727944,8.591857681233457e-06,0.0002083067452727944,-1
4930,10707,47.41487320788315,0,0,0,0,0,0,0,1,0,0.0002083067452727944,8.591857681233457e-06,0.0002083067452727944,47.24187220788302
4931,2004,10.02979715932048,0,0,0,0,0,0,0,1,0,0.0002083067452727944,8.591857681233457e-06,0.0002083067452727944,9.856796159320485
4932,10920,49.73751836394422,0,0,0,0,0,0,0,1,0,0.0002083067452727944,8.591857681233457e-06,0.0002083067452727944,49.56451736394413
4933,10763,48.98991966061791,0,0,0,0,0,0,0,1,0,0.0002083067452727944,8.591857681233457e-06,0.0002083067452727944,48.98716866061788
4934,6494,32.32052461013114,0,0,0,0,0,0,0,1,0,0.0002083067452727944,8.591857681233457e-06,0.0002083067452727944,32.14752361013114
4935,8612,36.66662879249208,0,0,0,0,0,0,0,1,0,0.0002083067452727944,8.591857681233457e-06,0.0002083067452727944,36.49362779249212
4936,10885,52.84265230521105,0,0,0,0,0,0,0,1,0,0.0002083067452727944,8.591857681233457e-06,0.0002083067452727944,52.6696513051817
4937,11145,47.797451027504,0,0,0,0,0,0,0,1,0,0.0002083067452727944,8.591857681233457e-06,0.0002083067452727944,47.62445002750398
4938,7967,38.13455202173887,0,0,0,0,0,0,0,1,0,0.0002083067452727944,8.591857681233457e-06,0.0002083067452727944,37.96155102174717
4939,11637,50.46284324797448,0,0,0,0,0,0,0,1,0,0.0002083067452727944,8.591857681233457e-06,0.0002083067452727944,50.28984224797452
4940,9981,42.11075635242736,0,0,0,0,0,0,0,1,0,0.0002083067452727944,8.591857681233457e-06,0.0002083067452727944,41.93775535242731
4941,11033,51.14494213832796,0,0,0,0,0,0,0,1,0,0.0002083067452727944,8.591857681233457e-06,0.0002083067452727944,50.97194113832789
4942,10954,50.42799703393117,0,0,0,0,0,0,0,1,0,0.0002083067452727944,8.591857681233457e-06,0.0002083067452727944,50.42524603392155
4943,14,26.5360250920138,0,0,0,2,16,0,0,0,0,0.0002083067452727944,8.591857681233457e-06,0.0002083067452727944,-1
4944,4361,18.25445455527764,0,0,0,0,0,0,0,1,0,0.0002083067452727944,8.591857681233457e-06,0.0002083067452727944,18.25170355527764
4945,301,5.46099620795682,0,0,0,1,7,0,0,0,0,0.0002083067452727944,8.591857681233457e-06,0.0002083067452727944,-1
4946,0,1.004378337205336,0,0,0,1,4,0,0,0,0,0.0002083067452727944,8.591857681233457e-06,0.0002083067452727944,-1
4947,9047,42.17204823896339,0,0,0,0,0,0,0,1,0,0.0002083067452727944,8.591857681233457e-06,0.0002083067452727944,42.16929723896347
4948,7390,33.75494602000925,0,0,0,0,0,0,0,1,0,0.0002083067452727944,8.591857681233457e-06,0.0002083067452727944,33.58194502000984
4949,5427,24.34763337574602,0,0,0,0,0,0,0,1,0,0.0002083067452727944,8.591857681233457e-06,0.0002083067452727944,24.34488237574601
4950,2710,11.36298734275137,0,0,0,0,0,0,0,1,0,0.0002083067452727944,8.591857681233457e-06,0.0002083067452727944,11.36023634275136
4951,8522,38.69660869404029,0,0,0,0,0,0,0,1,0,0.0002083067452727944,8.591857681233457e-06,0.0002083067452727944,38.69385769404033
4952,7339,36.9576596642878,0,0,0,0,0,0,0,1,0,0.0002083067452727944,8.591857681233457e-06,0.0002083067452727944,36.95490866428781
4953,8526,34.20577057067082,0,0,0,0,0,0,0,1,0,0.0002083067452727944,8.591857681233457e-06,0.0002083067452727944,34.2030195706708
4954,7464,35.40088945182303,0,0,0,0,0,0,0,1,0,0.0002083067452727944,8.591857681233457e-06,0.0002083067452727944,35.22788845182303
4955,9811,44.83459807912659,0,0,0,0,0,0,0,1,0,0.0002083067452727944,8.591857681233457e-06,0.0002083067452727944,44.66159707912657
4956,11995,51.91591722513718,0,0,0,0,0,0,0,1,0,0.0002083067452727944,8.591857681233457e-06,0.0002083067452727944,51.74291622513719
4957,4212,19.03357213427418,0,0,0,0,0,0,0,1,0,0.0002083067452727944,8.591857681233457e-06,0.0002083067452727944,18.8605711342742
4958,1135,7.806094698706188,0,0,0,1,4,0,0,0,0,0.0002083067452727944,8.591857681233457e-06,0.0002083067452727944,-1
4959,5521,21.23850228814884,0,0,0,0,0,0,0,1,0,0.0002083067452727944,8.591857681233457e-06,0.0002083067452727944,21.23575128814883
4960,7119,31.13712773191546,0,0,0,0,0,0,0,1,0,0.0002083067452727944,8.591857681233457e-06,0.0002083067452727944,31.13437673191542
4961,11203,50.89370809800096,0,0,0,0,0,0,0,1,0,0.0002083067452727944,8.591857681233457e-06,0.0002083067452727944,50.89095709800096
4962,7917,34.59570183183691,0,0,0,0,0,0,0,1,0,0.0002083067452727944,8.591857681233457e-06,0.0002083067452727944,34.42270083183686
4963,4790,20.20795104703299,0,0,0,0,0,0,0,1,0,0.0002083067452727944,8.591857681233457e-06,0.0002083067452727944,20.034950047033
4964,100,2.764995755424752,0,0,0,0,0,0,0,0,0,0.0002083067452727944,8.591857681233457e-06,0.0002083067452727944,-1
4965,7011,30.59493641477204,0,0,0,0,0,0,0,1,0,0.0002083067452727944,8.591857681233457e-06,0.0002083067452727944,30.59218541477202
4966,9272,41.95654065498906,0,0,0,0,0,0,0,1,0,0.0002083067452727944,8.591857681233457e-06,0.0002083067452727944,41.95378965498899
4967,10855,48.71082415107906,0,0,0,0,0,0,0,1,0,0.0002083067452727944,8.591857681233457e-06,0.0002083067452727944,48.53782315108085
4968,8298,39.85914337287944,0,0,0,0,0,0,0,1,0,0.0002083067452727944,8.591857681233457e-06,0.0002083067452727944,39.6861423728794
4969,6275,28.39955048981116,0,0,0,0,0,0,0,1,0,0.0002083067452727944,8.591857681233457e-06,0.0002083067452727944,28.22654948981117
4970,334,20.85730858409993,0,0,0,2,18,0,0,0,0,0.0002083067452727944,8.591857681233457e-06,0.0002083067452727944,-1
4971,10873,46.44000802791452,0,0,0,0,0,0,0,1,0,0.0002083067452727944,8.591857681233457e-06,0.0002083067452727944,46.26700702791444
4972,10280,49.15073926640471,0,0,0,0,0,0,0,1,0,0.0002083067452727944,8.591857681233457e-06,0.0002083067452727944,48.97773826640464
4973,10493,47.94268119317691,0,0,0,0,0,0,0,1,0,0.0002083067452727944,8.591857681233457e-06,0.0002083067452727944,47.76968019317685
4974,11825,51.96571930623352,0,0,0,0,0,0,0,1,0,0.0002083067452727944,8.591857681233457e-06,0.0002083067452727944,51.96296830623351
4975,1424,14.3083611289532,0,0,0,1,7,0,0,0,0,0.0002083067452727944,8.591857681233457e-06,0.0002083067452727944,-1
4976,5700,23.85817858350771,0,0,0,0,0,0,0,1,0,0.0002083067452727944,8.591857681233457e-06,0.0002083067452727944,23.6851775835077
4977,4674,20.3628957572674,0,0,0,0,0,0,0,1,0,0.0002083067452727944,8.591857681233457e-06,0.0002083067452727944,20.36014475726739
4978,2947,12.14123561686999,0,0,0,0,0,0,0,1,0,0.0002083067452727944,8.591857681233457e-06,0.0002083067452727944,11.96823461686998
4979,10950,50.52650714880141,0,0,0,0,0,0,0,1,0,0.0002083067452727944,8.591857681233457e-06,0.0002083067452727944,50.35350614880142
4980,9973,44.42228056686557,0,0,0,0,0,0,0,1,0,0.0002083067452727944,8.591857681233457e-06,0.0002083067452727944,44.24927956686551
4981,8543,38.45946351648681,0,0,0,0,0,0,0,1,0,0.0002083067452727944,8.591857681233457e-06,0.0002083067452727944,38.28646251648677
4982,10413,45.82592445125872,0,0,0,0,0,0,0,1,0,0.0002083067452727944,8.591857681233457e-06,0.0002083067452727944,45.65292345125863
4983,5905,27.33602038742037,0,0,0,0,0,0,0,1,0,0.0002083067452727944,8.591857681233457e-06,0.0002083067452727944,27.16301938742034
4984,5452,29.03501627633612,0,0,0,0,0,0,0,1,0,0.0002083067452727944,8.591857681233457e-06,0.0002083067452727944,29.03226527669291
4985,10783,50.92456856411937,0,0,0,0,0,0,0,1,0,0.0002083067452727944,8.591857681233457e-06,0.0002083067452727944,50.75156756411921
4986,9728,39.88178490512139,0,0,0,0,0,0,0,1,0,0.0002083067452727944,8.591857681233457e-06,0.0002083067452727944,39.87903390512142
4987,9463,43.22868275890644,0,0,0,0,0,0,0,1,0,0.0002083067452727944,8.591857681233457e-06,0.0002083067452727944,43.05568175890644
4988,11139,46.23872185611081,0,0,0,0,0,0,0,1,0,0.0002083067452727944,8.591857681233457e-06,0.0002083067452727944,46.2359708561108
4989,10264,47.09904669963107,0,0,0,0,0,0,0,1,0,0.0002083067452727944,8.591857681233457e-06,0.0002083067452727944,46.92604569963103
4990,9068,38.32633263050108,0,0,0,0,0,0,0,1,0,0.0002083067452727944,8.591857681233457e-06,0.0002083067452727944,38.15333163050109
4991,9994,49.71372319000094,0,0,0,0,0,0,0,1,0,0.0002083067452727944,8.591857681233457e-06,0.0002083067452727944,49.54072219025818
4992,5051,24.19031923044676,0,0,0,0,0,0,0,1,0,0.0002083067452727944,8.591857681233457e-06,0.0002083067452727944,24.01731823043344
4993,3747,18.15168364082876,0,0,0,0,0,0,0,1,0,0.0002083067452727944,8.591857681233457e-06,0.0002083067452727944,18.14893264082875
4994,7940,38.4033819944048,0,0,0,0,0,0,0,1,0,0.0002083067452727944,8.591857681233457e-06,0.0002083067452727944,38.40063099440938
4995,10832,49.34521231184331,0,0,0,0,0,0,0,1,0,0.0002083067452727944,8.591857681233457e-06,0.0002083067452727944,49.17221131183224
4996,9192,40.49318363377719,0,0,0,0,0,0,0,1,0,0.0002083067452727944,8.591857681233457e-06,0.0002083067452727944,40.32018263377714
4997,5955,27.42566016213102,0,0,0,0,0,0,0,1,0,0.0002083067452727944,8.591857681233457e-06,0.0002083067452727944,27.25265916213102
4998,8830,41.58365514586701,0,0,0,0,0,0,0,1,0,0.0002083067452727944,8.591857681233457e-06,0.0002083067452727944,41.41065414586687
4999,2674,11.55313747065031,0,0,0,0,0,0,0,1,0,0.0002083067452727944,8.591857681233457e-06,0.0002083067452727944,11.55038647065031
