event,photons,edep_MeV,gamma_nuclear,electron_nuclear,muon_nuclear,neutrons,protons,charged_pions,secondary_muons,primary_decay_e,primary_nuclear,primary_death_ns,primary_range_mm,primary_stop_ns,primary_decay_e_ke_MeV
0,5731,25.55668524977775,0,0,0,0,0,0,0,1,0,5406.086372870262,1.587399297688804e-06,3.848597048716521e-05,24.53468642977781
1,10275,46.26928249207584,0,0,0,0,0,0,0,1,0,4706.927334229864,1.587399297688804e-06,3.848597048716521e-05,45.24728367207578
2,7782,41.27295275223284,0,0,0,0,0,0,0,1,0,1586.662286487219,1.587399297688804e-06,3.848597048716521e-05,40.25095393225036
3,11490,50.07669969785688,0,0,0,0,0,0,0,1,0,50.39345828977402,1.587399297688804e-06,3.848597048716521e-05,49.05470087785677
4,7656,37.79144208648778,0,0,0,0,0,0,0,1,0,1423.832826433423,1.587399297688804e-06,3.848597048716521e-05,36.76944326648765
5,11839,52.91744189643498,0,0,0,0,0,0,0,1,0,78.95059124168203,1.587399297688804e-06,3.848597048716521e-05,51.8954430764349
6,9231,45.69566755141072,0,0,0,0,0,0,0,1,0,1199.475343849847,1.587399297688804e-06,3.848597048716521e-05,44.67366873141065
7,9696,44.74899694557438,0,0,0,0,0,0,0,1,0,6080.060494747495,1.587399297688804e-06,3.848597048716521e-05,43.72699812557429
8,8328,37.86587782275453,0,0,0,0,0,0,0,1,0,446.3266582037172,1.587399297688804e-06,3.848597048716521e-05,36.84387900275451
9,659,4.49878837724765,0,0,0,0,0,0,0,1,0,2554.847227380903,1.587399297688804e-06,3.848597048716521e-05,3.476789557247655
10,9329,40.04573460997756,0,0,0,0,0,0,0,1,0,3901.80511456298,1.587399297688804e-06,3.848597048716521e-05,39.02373578997754
11,7608,38.66031794811625,0,0,0,0,0,0,0,1,0,396.1595119131407,1.587399297688804e-06,3.848597048716521e-05,37.63831912811623
12,6996,32.53263823225971,0,0,0,0,0,0,0,1,0,1598.163866208519,1.587399297688804e-06,3.848597048716521e-05,31.51063941226725
13,8987,38.75165242186467,0,0,0,0,0,0,0,1,0,625.0593491579713,1.587399297688804e-06,3.848597048716521e-05,37.72965360186455
14,11453,53.3030526525601,0,0,0,0,0,0,0,1,0,2152.384472746772,1.587399297688804e-06,3.848597048716521e-05,52.28105383251278
15,10705,49.25952403549469,0,0,0,0,0,0,0,1,0,2305.641554924282,1.587399297688804e-06,3.848597048716521e-05,48.23752521549464
16,2474,15.41180533139938,0,0,0,0,0,0,0,1,0,1168.099789811454,1.587399297688804e-06,3.848597048716521e-05,14.38980651139937
17,8299,39.15340962431786,0,0,0,0,0,0,0,1,0,117.9534918849481,1.587399297688804e-06,3.848597048716521e-05,38.13141080431771
18,7962,38.10142392865408,0,0,0,0,0,0,0,1,0,3833.992611360152,1.587399297688804e-06,3.848597048716521e-05,37.07942510865402
19,4042,20.91645448638046,0,0,0,0,0,0,0,1,0,5420.998252001447,1.587399297688804e-06,3.848597048716521e-05,19.89445566639619
20,9188,41.49194341019486,0,0,0,0,0,0,0,1,0,917.5866453077539,1.587399297688804e-06,3.848597048716521e-05,40.46994459019468
21,5103,23.52217172191419,0,0,0,0,0,0,0,1,0,2778.439547189523,1.587399297688804e-06,3.848597048716521e-05,22.50017290191416
22,6285,30.01731887403312,0,0,0,0,0,0,0,1,0,2554.79160239255,1.587399297688804e-06,3.848597048716521e-05,28.99532005403312
23,10094,46.15626733104811,0,0,0,0,0,0,0,1,0,628.9796841194142,1.587399297688804e-06,3.848597048716521e-05,45.13426851104801
24,4710,21.93163393178685,0,0,0,0,0,0,0,1,0,830.9042314925907,1.587399297688804e-06,3.848597048716521e-05,20.90963511178683
25,8755,46.38497362334219,0,0,0,0,0,0,0,1,0,2267.274173445568,1.587399297688804e-06,3.848597048716521e-05,45.36297480334195
26,3561,15.91511552794993,0,0,0,0,0,0,0,1,0,94.57230068272763,1.587399297688804e-06,3.848597048716521e-05,14.89311670794996
27,11780,53.13013412903261,0,0,0,0,0,0,0,1,0,559.3812803672313,1.587399297688804e-06,3.848597048716521e-05,52.10813530903251
28,11130,50.67235535653851,0,0,0,0,0,0,0,1,0,292.3255492015178,1.587399297688804e-06,3.848597048716521e-05,49.65035653647953
29,10024,46.45095866911345,0,0,0,0,0,0,0,1,0,625.3513702488168,1.587399297688804e-06,3.848597048716521e-05,45.42895984911345
30,8598,37.43752237459292,0,0,0,0,0,0,0,1,0,1359.691652397426,1.587399297688804e-06,3.848597048716521e-05,36.41552355459283
31,9298,40.74070971020528,0,0,0,0,0,0,0,1,0,338.4463149472268,1.587399297688804e-06,3.848597048716521e-05,39.71871089020523
32,10898,50.19525344017682,0,0,0,0,0,0,0,1,0,1314.168078160323,1.587399297688804e-06,3.848597048716521e-05,49.17325462017676
33,6916,32.61002679701033,0,0,0,0,0,0,0,1,0,880.1223325234126,1.587399297688804e-06,3.848597048716521e-05,31.58802797701034
34,7596,37.63838933123933,0,0,0,0,0,0,0,1,0,271.4777873328912,1.587399297688804e-06,3.848597048716521e-05,36.61639051123926
35,9065,41.94917985194832,0,0,0,0,0,0,0,1,0,453.4016519915003,1.587399297688804e-06,3.848597048716521e-05,40.92718103194841
36,11910,53.01220350647294,0,0,0,0,0,0,0,1,0,265.3736481232109,1.587399297688804e-06,3.848597048716521e-05,51.99020468643057
37,11712,52.03500567157356,0,0,0,0,0,0,0,1,0,771.7976550719867,1.587399297688804e-06,3.848597048716521e-05,51.01300685157339
38,9852,44.19430033002353,0,0,0,0,0,0,0,1,0,5447.597533912623,1.587399297688804e-06,3.848597048716521e-05,43.17230151002347
39,8493,34.86485068497296,0,0,0,0,0,0,0,1,0,2992.421665184645,1.587399297688804e-06,3.848597048716521e-05,33.84285186497289
40,8935,39.86443694593062,0,0,0,0,0,0,0,1,0,361.6662204862665,1.587399297688804e-06,3.848597048716521e-05,38.84243812593058
41,9706,48.74962769967627,0,0,0,0,0,0,0,1,0,1691.199681227051,1.587399297688804e-06,3.848597048716521e-05,47.72762887967629
42,10798,50.50345528197723,0,0,0,0,0,0,0,1,0,246.7474153051537,1.587399297688804e-06,3.848597048716521e-05,49.48145646197713
43,4282,21.37408677660294,0,0,0,0,0,0,0,1,0,6240.229207881334,1.587399297688804e-06,3.848597048716521e-05,20.35208795664992
44,3079,13.68312904536708,0,0,0,0,0,0,0,1,0,9471.685997902869,1.587399297688804e-06,3.848597048716521e-05,12.66113022536707
45,10365,46.57171597372803,0,0,0,0,0,0,0,1,0,161.4541186375484,1.587399297688804e-06,3.848597048716521e-05,45.54971715372796
46,10311,45.82393912470126,0,0,0,0,0,0,0,1,0,3834.381097653478,1.587399297688804e-06,3.848597048716521e-05,44.80194030470119
47,10671,48.68172201115566,0,0,0,0,0,0,0,1,0,343.0979376904944,1.587399297688804e-06,3.848597048716521e-05,47.65972319115556
48,0,1e-06,0,0,0,0,0,0,0,0,0,10351.48530908789,1.587399297688804e-06,3.848597048716521e-05,-1
49,4750,21.43960637192712,0,0,0,0,0,0,0,1,0,6647.975331240307,1.587399297688804e-06,3.848597048716521e-05,20.41760755192709
50,7827,34.95055774326352,0,0,0,0,0,0,0,1,0,1800.603735422484,1.587399297688804e-06,3.848597048716521e-05,33.92855892326343
51,6439,32.08244337883219,0,0,0,0,0,0,0,1,0,437.5786759192944,1.587399297688804e-06,3.848597048716521e-05,31.06044455890392
52,10690,49.7236364677933,0,0,0,0,0,0,0,1,0,341.2817505286841,1.587399297688804e-06,3.848597048716521e-05,48.70163764779318
53,5060,23.38558943305386,0,0,0,0,0,0,0,1,0,215.8892315137665,1.587399297688804e-06,3.848597048716521e-05,22.36359061305386
54,9191,41.76024523888923,0,0,0,0,0,0,0,1,0,462.4826086298663,1.587399297688804e-06,3.848597048716521e-05,40.73824641888913
55,5078,21.75193848102113,0,0,0,0,0,0,0,1,0,2954.733355618413,1.587399297688804e-06,3.848597048716521e-05,20.72993966102112
56,11066,49.42538878559157,0,0,0,0,0,0,0,1,0,8133.999537296466,1.587399297688804e-06,3.848597048716521e-05,48.40338996559142
57,10450,45.04395027343337,0,0,0,0,0,0,0,1,0,190.096885350441,1.587399297688804e-06,3.848597048716521e-05,44.02195145343332
58,6260,30.51820994609962,0,0,0,0,0,0,0,1,0,1206.987437954311,1.587399297688804e-06,3.848597048716521e-05,29.49621112629908
59,7544,31.181578810729,0,0,0,0,0,0,0,1,0,4605.340181780322,1.587399297688804e-06,3.848597048716521e-05,30.159579990729
60,4843,23.12992372972991,0,0,0,0,0,0,0,1,0,821.9585432724913,1.587399297688804e-06,3.848597048716521e-05,22.10792490972988
61,9502,42.63619055478474,0,0,0,0,0,0,0,1,0,3341.506492578585,1.587399297688804e-06,3.848597048716521e-05,41.61419173478455
62,8435,41.44659442421018,0,0,0,0,0,0,0,1,0,385.6498827174097,1.587399297688804e-06,3.848597048716521e-05,40.42459560421006
63,10312,45.82195677383081,0,0,0,0,0,0,0,1,0,4187.730905984189,1.587399297688804e-06,3.848597048716521e-05,44.79995795383063
64,4364,19.32754261892876,0,0,0,0,0,0,0,1,0,3477.487651804652,1.587399297688804e-06,3.848597048716521e-05,18.30554379892875
65,9496,41.20033538058688,0,0,0,0,0,0,0,1,0,582.8255914526121,1.587399297688804e-06,3.848597048716521e-05,40.17833656058686
66,11187,51.33179255419842,0,0,0,0,0,0,0,1,0,1926.900894444537,1.587399297688804e-06,3.848597048716521e-05,50.30979373419834
67,3273,17.03122238240042,0,0,0,0,0,0,0,1,0,3205.406552273816,1.587399297688804e-06,3.848597048716521e-05,16.0092235624004
68,8768,41.62618923600191,0,0,0,0,0,0,0,1,0,2261.505397544405,1.587399297688804e-06,3.848597048716521e-05,40.60419041600184
69,11140,53.20138748233361,0,0,0,0,0,0,0,1,0,361.1335926055824,1.587399297688804e-06,3.848597048716521e-05,52.17938866027175
70,7127,31.72907516651503,0,0,0,0,0,0,0,1,0,2052.056486415491,1.587399297688804e-06,3.848597048716521e-05,30.70707634651502
71,6449,30.45768773564276,0,0,0,0,0,0,0,1,0,777.1625320374031,1.587399297688804e-06,3.848597048716521e-05,29.43568891564277
72,6897,32.83945637143457,0,0,0,0,0,0,0,1,0,94.61680572809055,1.587399297688804e-06,3.848597048716521e-05,31.81745755143461
73,3467,15.23230866308579,0,0,0,0,0,0,0,1,0,1507.260569289949,1.587399297688804e-06,3.848597048716521e-05,14.21030984308579
74,9731,43.59707050159366,0,0,0,0,0,0,0,1,0,4151.50703506042,1.587399297688804e-06,3.848597048716521e-05,42.57507168159355
75,11303,49.48143584388594,0,0,0,0,0,0,0,1,0,40.92706349989067,1.587399297688804e-06,3.848597048716521e-05,48.4594370238859
76,8480,39.01938695632158,0,0,0,0,0,0,0,1,0,3269.647665953106,1.587399297688804e-06,3.848597048716521e-05,37.99738813632156
77,7047,32.71263928700681,0,0,0,0,0,0,0,1,0,6122.540300100597,1.587399297688804e-06,3.848597048716521e-05,31.69064046700676
78,3181,15.85056245243204,0,0,0,0,0,0,0,1,0,532.5497671345483,1.587399297688804e-06,3.848597048716521e-05,14.82856363243202
79,10175,48.23029431193347,0,0,0,0,0,0,0,1,0,1631.130573931467,1.587399297688804e-06,3.848597048716521e-05,47.20829549193338
80,7620,36.38510891326813,0,0,0,0,0,0,0,1,0,3693.936637713973,1.587399297688804e-06,3.848597048716521e-05,35.36311009326806
81,11062,52.98739281393669,0,0,0,0,0,0,0,1,0,1362.535754077613,1.587399297688804e-06,3.848597048716521e-05,51.96539399393664
82,10281,47.93378249960833,0,0,0,0,0,0,0,1,0,2540.631296085804,1.587399297688804e-06,3.848597048716521e-05,46.9117836794878
83,10976,50.95559423444031,0,0,0,0,0,0,0,1,0,4366.399457223162,1.587399297688804e-06,3.848597048716521e-05,49.93359541444029
84,7767,35.29655359136324,0,0,0,0,0,0,0,1,0,1136.709166394868,1.587399297688804e-06,3.848597048716521e-05,34.27455477136315
85,3184,14.83009221304109,0,0,0,0,0,0,0,1,0,1587.741091100769,1.587399297688804e-06,3.848597048716521e-05,13.80809339304108
86,6171,31.48778936896245,0,0,0,0,0,0,0,1,0,1793.148406304033,1.587399297688804e-06,3.848597048716521e-05,30.46579054896242
87,11491,51.96265999022845,0,0,0,0,0,0,0,1,0,3274.846484876388,1.587399297688804e-06,3.848597048716521e-05,50.94066117025969
88,8816,40.79927757928102,0,0,0,0,0,0,0,1,0,155.9106812210668,1.587399297688804e-06,3.848597048716521e-05,39.77727875930782
89,9435,45.13026040012064,0,0,0,0,0,0,0,1,0,3613.701444262474,1.587399297688804e-06,3.848597048716521e-05,44.1082615801205
90,11625,53.09027582116564,0,0,0,0,0,0,0,1,0,2366.004624942467,1.587399297688804e-06,3.848597048716521e-05,52.06827700115741
91,9913,48.46711349392551,0,0,0,0,0,0,0,1,0,2498.469817534625,1.587399297688804e-06,3.848597048716521e-05,47.44511467392528
92,4170,18.7029924660654,0,0,0,0,0,0,0,1,0,3737.590375899721,1.587399297688804e-06,3.848597048716521e-05,17.6809936460654
93,9207,44.77155323980109,0,0,0,0,0,0,0,1,0,736.7379074505576,1.587399297688804e-06,3.848597048716521e-05,43.74955441980093
94,7795,34.43402122489372,0,0,0,0,0,0,0,1,0,1533.695679232559,1.587399297688804e-06,3.848597048716521e-05,33.41202240489362
95,8603,39.72405432025991,0,0,0,0,0,0,0,1,0,1261.808738713246,1.587399297688804e-06,3.848597048716521e-05,38.70205550040219
96,7538,35.33917558645569,0,0,0,0,0,0,0,1,0,630.332304182455,1.587399297688804e-06,3.848597048716521e-05,34.31717676645568
97,10456,47.87432559738195,0,0,0,0,0,0,0,1,0,4276.956169438112,1.587399297688804e-06,3.848597048716521e-05,46.85232677738296
98,6859,37.76575434460936,0,0,0,0,0,0,0,1,0,2627.996208908946,1.587399297688804e-06,3.848597048716521e-05,36.74375552460931
99,6736,30.48499591770042,0,0,0,0,0,0,0,1,0,506.7798057565267,1.587399297688804e-06,3.848597048716521e-05,29.4629970977004
100,8829,44.671321827768,0,0,0,0,0,0,0,1,0,1188.717823938528,1.587399297688804e-06,3.848597048716521e-05,43.64932300775293
101,12275,51.71901626061008,0,0,0,0,0,0,0,1,0,1298.706706450552,1.587399297688804e-06,3.848597048716521e-05,50.69701744060999
102,8808,41.98524068226182,0,0,0,0,0,0,0,1,0,716.2749379147303,1.587399297688804e-06,3.848597048716521e-05,40.9632418622617
103,10541,51.13163167777346,0,0,0,0,0,0,0,1,0,1291.050243486809,1.587399297688804e-06,3.848597048716521e-05,50.10963285777419
104,5137,23.33165284680703,0,0,0,0,0,0,0,1,0,1356.127835597603,1.587399297688804e-06,3.848597048716521e-05,22.309654026807
105,10276,48.29443348725273,0,0,0,0,0,0,0,1,0,1251.94651829653,1.587399297688804e-06,3.848597048716521e-05,47.27243466725273
106,10902,51.29894314151308,0,0,0,0,0,0,0,1,0,13.97085034618067,1.587399297688804e-06,3.848597048716521e-05,50.27694432151299
107,2136,9.924145099060944,0,0,0,0,0,0,0,1,0,235.5025991094747,1.587399297688804e-06,3.848597048716521e-05,8.902146279060938
108,9960,42.65771426377027,0,0,0,0,0,0,0,1,0,889.6594517330074,1.587399297688804e-06,3.848597048716521e-05,41.63571544377027
109,8446,39.84206473050354,0,0,0,0,0,0,0,1,0,1820.394603390049,1.587399297688804e-06,3.848597048716521e-05,38.82006591050343
110,3611,14.5581804293846,0,0,0,0,0,0,0,1,0,2026.55416758901,1.587399297688804e-06,3.848597048716521e-05,13.5361816093846
111,5175,23.97706283257649,0,0,0,0,0,0,0,1,0,488.8364083758643,1.587399297688804e-06,3.848597048716521e-05,22.95506401257647
112,11900,50.72979458990306,0,0,0,0,0,0,0,1,0,635.6317407258896,1.587399297688804e-06,3.848597048716521e-05,49.70779576990302
113,11173,50.43935684705158,0,0,0,0,0,0,0,1,0,6429.116771402982,1.587399297688804e-06,3.848597048716521e-05,49.41735802705147
114,10590,49.51761365280376,0,0,0,0,0,0,0,1,0,558.3461528102,1.587399297688804e-06,3.848597048716521e-05,48.49561483280369
115,8340,38.96718838234684,0,0,0,0,0,0,0,1,0,694.4011960754624,1.587399297688804e-06,3.848597048716521e-05,37.94518956234678
116,9281,41.00583534410433,0,0,0,0,0,0,0,1,0,1104.832964415642,1.587399297688804e-06,3.848597048716521e-05,39.98383652410426
117,6017,31.48062592976319,0,0,0,0,0,0,0,1,0,1431.433008785641,1.587399297688804e-06,3.848597048716521e-05,30.45862710976317
118,11837,53.3059022253509,0,0,0,0,0,0,0,1,0,1803.444236692637,1.587399297688804e-06,3.848597048716521e-05,52.28390340535068
119,8443,41.4448791905211,0,0,0,0,0,0,0,1,0,9692.857885700485,1.587399297688804e-06,3.848597048716521e-05,40.42288037052294
120,7371,38.67224156209897,0,0,0,0,0,0,0,1,0,7603.497045236537,1.587399297688804e-06,3.848597048716521e-05,37.65024274206593
121,10326,51.08813687034299,0,0,0,0,0,0,0,1,0,4631.585093428845,1.587399297688804e-06,3.848597048716521e-05,50.06613805037498
122,7395,38.50534513588325,0,0,0,0,0,0,0,1,0,913.8523904990794,1.587399297688804e-06,3.848597048716521e-05,37.48334631588328
123,9501,41.92618367321846,0,0,0,0,0,0,0,1,0,7397.028416194909,1.587399297688804e-06,3.848597048716521e-05,40.90418485321843
124,7634,34.1666158498783,0,0,0,0,0,0,0,1,0,701.0861674447251,1.587399297688804e-06,3.848597048716521e-05,33.14461702987823
125,4872,21.45012618652117,0,0,0,0,0,0,0,1,0,3189.554641256055,1.587399297688804e-06,3.848597048716521e-05,20.42812736652116
126,2090,9.464453366173101,0,0,0,0,0,0,0,1,0,4945.479409505175,1.587399297688804e-06,3.848597048716521e-05,8.442454546173096
127,3774,20.80614873985326,0,0,0,0,0,0,0,1,0,4448.779670409464,1.587399297688804e-06,3.848597048716521e-05,19.78414991985326
128,9469,44.70925986130776,0,0,0,0,0,0,0,1,0,5574.427445133581,1.587399297688804e-06,3.848597048716521e-05,43.68726104095054
129,11362,47.33636550298431,0,0,0,0,0,0,0,1,0,165.7801443449259,1.587399297688804e-06,3.848597048716521e-05,46.31436668298419
130,8432,37.53680370002921,0,0,0,0,0,0,0,1,0,925.3642242474873,1.587399297688804e-06,3.848597048716521e-05,36.51480488002915
131,11222,49.73637884960248,0,0,0,0,0,0,0,1,0,2883.071787510899,1.587399297688804e-06,3.848597048716521e-05,48.7143800296024
132,7375,32.9465338717365,0,0,0,0,0,0,0,1,0,5141.327477505788,1.587399297688804e-06,3.848597048716521e-05,31.92453505173646
133,3191,16.53726878098031,0,0,0,0,0,0,0,1,0,2365.609974283211,1.587399297688804e-06,3.848597048716521e-05,15.51526996098031
134,11166,49.96742601841257,0,0,0,0,0,0,0,1,0,1809.513524059588,1.587399297688804e-06,3.848597048716521e-05,48.9454271984
135,7771,32.40557921566094,0,0,0,0,0,0,0,1,0,5038.082036663774,1.587399297688804e-06,3.848597048716521e-05,31.38358039566089
136,7593,38.40635378395837,0,0,0,0,0,0,0,1,0,109.2392230116445,1.587399297688804e-06,3.848597048716521e-05,37.38435496392395
137,9990,43.06979763122417,0,0,0,0,0,0,0,1,0,643.5886386600422,1.587399297688804e-06,3.848597048716521e-05,42.04779881122419
138,7222,33.96288891047661,0,0,0,0,0,0,0,1,0,345.082032638169,1.587399297688804e-06,3.848597048716521e-05,32.94089009047656
139,8498,38.44413080898801,0,0,0,0,0,0,0,1,0,4744.63805688848,1.587399297688804e-06,3.848597048716521e-05,37.42213198898798
140,11005,48.20091578564173,0,0,0,0,0,0,0,1,0,1396.319948395657,1.587399297688804e-06,3.848597048716521e-05,47.1789169656416
141,6386,28.31153227792283,0,0,0,0,0,0,0,1,0,2101.530924000292,1.587399297688804e-06,3.848597048716521e-05,27.2895334579228
142,8484,37.84242735663239,0,0,0,0,0,0,0,1,0,357.3684233265105,1.587399297688804e-06,3.848597048716521e-05,36.82042853663236
143,9314,43.44958816826385,0,0,0,0,0,0,0,1,0,4101.524350733203,1.587399297688804e-06,3.848597048716521e-05,42.42758934826375
144,6279,29.44845589791971,0,0,0,0,0,0,0,1,0,767.4373904328515,1.587399297688804e-06,3.848597048716521e-05,28.42645707791966
145,11394,50.78936777933137,0,0,0,0,0,0,0,1,0,787.248557729744,1.587399297688804e-06,3.848597048716521e-05,49.76736895933117
146,11585,49.75960646735923,0,0,0,0,0,0,0,1,0,898.3142434441808,1.587399297688804e-06,3.848597048716521e-05,48.73760764735908
147,2048,11.62394658427555,0,0,0,0,0,0,0,1,0,583.6970841263262,1.587399297688804e-06,3.848597048716521e-05,10.60194776427555
148,11587,50.19120105430843,0,0,0,0,0,0,0,1,0,5642.654066708857,1.587399297688804e-06,3.848597048716521e-05,49.16920223430834
149,8408,40.25799197112064,0,0,0,0,0,0,0,1,0,754.1207972564579,1.587399297688804e-06,3.848597048716521e-05,39.23599315111681
150,1554,7.448600401059179,0,0,0,0,0,0,0,1,0,575.1449504619117,1.587399297688804e-06,3.848597048716521e-05,6.426601581059178
151,5916,26.55869597403163,0,0,0,0,0,0,0,1,0,2038.125354523105,1.587399297688804e-06,3.848597048716521e-05,25.53669715403161
152,6305,26.47105713763687,0,0,0,0,0,0,0,1,0,931.750039675528,1.587399297688804e-06,3.848597048716521e-05,25.44905831763684
153,6538,29.49292057940336,0,0,0,0,0,0,0,1,0,3638.52335491026,1.587399297688804e-06,3.848597048716521e-05,28.47092175940334
154,8652,38.45452504168431,0,0,0,0,0,0,0,1,0,904.9163652780775,1.587399297688804e-06,3.848597048716521e-05,37.43252622168434
155,10159,49.17055696518578,0,0,0,0,0,0,0,1,0,18.59604969873875,1.587399297688804e-06,3.848597048716521e-05,48.14855814513903
156,7358,35.19258178268064,0,0,0,0,0,0,0,1,0,1119.035750058959,1.587399297688804e-06,3.848597048716521e-05,34.1705829628286
157,8928,41.22568706127804,0,0,0,0,0,0,0,1,0,1371.3762738372,1.587399297688804e-06,3.848597048716521e-05,40.20368824127799
158,5978,30.61982191447059,0,0,0,0,0,0,0,1,0,1914.03174625422,1.587399297688804e-06,3.848597048716521e-05,29.59782309447054
159,7091,31.63536723643451,0,0,0,0,0,0,0,1,0,783.2941704213847,1.587399297688804e-06,3.848597048716521e-05,30.61336841643452
160,9712,47.18070591587359,0,0,0,0,0,0,0,1,0,2365.085417367615,1.587399297688804e-06,3.848597048716521e-05,46.15870709587362
161,8736,39.58908706739507,0,0,0,0,0,0,0,1,0,4478.811538018859,1.587399297688804e-06,3.848597048716521e-05,38.56708824739498
162,8499,38.76838110922876,0,0,0,0,0,0,0,1,0,35.93855722671958,1.587399297688804e-06,3.848597048716521e-05,37.7463822892287
163,8261,39.25529174177073,0,0,0,0,0,0,0,1,0,1801.757270201259,1.587399297688804e-06,3.848597048716521e-05,38.2332929217707
164,3669,18.25226912087402,0,0,0,0,0,0,0,1,0,1067.626384425125,1.587399297688804e-06,3.848597048716521e-05,17.23027030087401
165,6201,33.67701109597098,0,0,0,0,0,0,0,1,0,172.604992650073,1.587399297688804e-06,3.848597048716521e-05,32.65501227588148
166,3893,17.5721774198411,0,0,0,0,0,0,0,1,0,849.5446747065188,1.587399297688804e-06,3.848597048716521e-05,16.55017859984111
167,3507,17.5744771379694,0,0,0,0,0,0,0,1,0,2635.405573271581,1.587399297688804e-06,3.848597048716521e-05,16.5524783179694
168,6447,29.57032256552352,0,0,0,0,0,0,0,1,0,977.0665713686793,1.587399297688804e-06,3.848597048716521e-05,28.54832374552347
169,5490,26.38424956653536,0,0,0,0,0,0,0,1,0,3221.960292530602,1.587399297688804e-06,3.848597048716521e-05,25.36225074653535
170,9884,46.42091816581734,0,0,0,0,0,0,0,1,0,2406.033287202461,1.587399297688804e-06,3.848597048716521e-05,45.39891934534565
171,11294,50.79397652573891,0,0,0,0,0,0,0,1,0,600.5828174803181,1.587399297688804e-06,3.848597048716521e-05,49.77197770573891
172,3464,18.1906670363683,0,0,0,0,0,0,0,1,0,2516.315414828409,1.587399297688804e-06,3.848597048716521e-05,17.16866821636828
173,6301,26.35773469817477,0,0,0,0,0,0,0,1,0,4569.818543077855,1.587399297688804e-06,3.848597048716521e-05,25.33573587817476
174,6135,31.35006774637141,0,0,0,0,0,0,0,1,0,9.939758290903963,1.587399297688804e-06,3.848597048716521e-05,30.32806892637138
175,2442,15.27315972897078,0,0,0,0,0,0,0,1,0,2710.073053490997,1.587399297688804e-06,3.848597048716521e-05,14.25116090897078
176,11280,51.8807802055851,0,0,0,0,0,0,0,1,0,5054.704244460614,1.587399297688804e-06,3.848597048716521e-05,50.85878138558488
177,9025,43.74324039234829,0,0,0,0,0,0,0,1,0,1319.984942620061,1.587399297688804e-06,3.848597048716521e-05,42.72124157234821
178,2593,12.77492534930966,0,0,0,0,0,0,0,1,0,2012.179796143497,1.587399297688804e-06,3.848597048716521e-05,11.75292652930967
179,10892,51.44140701952547,0,0,0,0,0,0,0,1,0,173.49458164799,1.587399297688804e-06,3.848597048716521e-05,50.41940819952527
180,10178,45.47909730159684,0,0,0,0,0,0,0,1,0,1138.543834044462,1.587399297688804e-06,3.848597048716521e-05,44.45709848159673
181,9018,39.59590748505031,0,0,0,0,0,0,0,1,0,868.51725249903,1.587399297688804e-06,3.848597048716521e-05,38.57390866505028
182,11135,50.35447267777701,0,0,0,0,0,0,0,1,0,3467.246323206707,1.587399297688804e-06,3.848597048716521e-05,49.33247385777699
183,5648,27.81950789992373,0,0,0,0,0,0,0,1,0,1530.025769209975,1.587399297688804e-06,3.848597048716521e-05,26.7975090799237
184,6167,27.91993764962113,0,0,0,0,0,0,0,1,0,950.5201172797268,1.587399297688804e-06,3.848597048716521e-05,26.89793882962105
185,6196,30.905124278905,0,0,0,0,0,0,0,1,0,258.668886394882,1.587399297688804e-06,3.848597048716521e-05,29.88312545890499
186,6314,34.40981552694472,0,0,0,0,0,0,0,1,0,363.533753442199,1.587399297688804e-06,3.848597048716521e-05,33.38781670694467
187,12083,49.96220202872006,0,0,0,0,0,0,0,1,0,420.1528706350318,1.587399297688804e-06,3.848597048716521e-05,48.94020320871998
188,5820,25.11225742926671,0,0,0,0,0,0,0,1,0,476.2667608763685,1.587399297688804e-06,3.848597048716521e-05,24.0902586092667
189,10117,43.21266013485639,0,0,0,0,0,0,0,1,0,1095.600365571109,1.587399297688804e-06,3.848597048716521e-05,42.19066131485632
190,10061,43.43705176124926,0,0,0,0,0,0,0,1,0,3.353091345586123,1.587399297688804e-06,3.848597048716521e-05,42.41505294124914
191,3644,19.62812768338651,0,0,0,0,0,0,0,1,0,914.6127279303842,1.587399297688804e-06,3.848597048716521e-05,18.60612886338651
192,6903,32.93423835631177,0,0,0,0,0,0,0,1,0,128.7566166778914,1.587399297688804e-06,3.848597048716521e-05,31.91223953631164
193,7052,33.71606696096794,0,0,0,0,0,0,0,1,0,141.9815280571001,1.587399297688804e-06,3.848597048716521e-05,32.69406814117283
194,8847,41.460242814727,0,0,0,0,0,0,0,1,0,2823.922812246811,1.587399297688804e-06,3.848597048716521e-05,40.43824399472694
195,10666,49.71482354907686,0,0,0,0,0,0,0,1,0,1803.033914563617,1.587399297688804e-06,3.848597048716521e-05,48.69282472907689
196,10233,46.55217073299133,0,0,0,0,0,0,0,1,0,2098.172373676852,1.587399297688804e-06,3.848597048716521e-05,45.53017191291675
197,7308,35.81638933133801,0,0,0,0,0,0,0,1,0,6883.150621988658,1.587399297688804e-06,3.848597048716521e-05,34.79439051133799
198,10346,48.65646484477598,0,0,0,0,0,0,0,1,0,1679.865573010068,1.587399297688804e-06,3.848597048716521e-05,47.63446602478477
199,4088,19.15350638526041,0,0,0,0,0,0,0,1,0,8682.590492397176,1.587399297688804e-06,3.848597048716521e-05,18.13150756526039
200,10523,46.95176367393173,0,0,0,0,0,0,0,1,0,47.77331413410598,1.587399297688804e-06,3.848597048716521e-05,45.92976485393176
201,10676,47.84403889725875,0,0,0,0,0,0,0,1,0,2446.323921444811,1.587399297688804e-06,3.848597048716521e-05,46.82204007725871
202,5213,25.15951398741597,0,0,0,0,0,0,0,1,0,2060.184294905459,1.587399297688804e-06,3.848597048716521e-05,24.13751516741593
203,9123,39.72420397021063,0,0,0,0,0,0,0,1,0,1353.673464498563,1.587399297688804e-06,3.848597048716521e-05,38.70220515021055
204,6872,30.52662041152724,0,0,0,0,0,0,0,1,0,5693.519506180518,1.587399297688804e-06,3.848597048716521e-05,29.50462159152726
205,11169,48.39826311785061,0,0,0,0,0,0,0,1,0,4998.959858641636,1.587399297688804e-06,3.848597048716521e-05,47.37626429785052
206,5252,26.12706542077063,0,0,0,0,0,0,0,1,0,2152.633516363367,1.587399297688804e-06,3.848597048716521e-05,25.10506660077059
207,11217,53.10044754808371,0,0,0,0,0,0,0,1,0,830.1928941262844,1.587399297688804e-06,3.848597048716521e-05,52.07844872808355
208,7612,35.91639109290639,0,0,0,0,0,0,0,1,0,1263.923876722767,1.587399297688804e-06,3.848597048716521e-05,34.89439227292144
209,9720,43.36471212899717,0,0,0,0,0,0,0,1,0,306.340238639586,1.587399297688804e-06,3.848597048716521e-05,42.34271330899715
210,10701,48.75679569094139,0,0,0,0,0,0,0,1,0,5310.518642948786,1.587399297688804e-06,3.848597048716521e-05,47.7347968709413
211,10305,53.25339828826336,0,0,0,0,0,0,0,1,0,5732.468465848079,1.587399297688804e-06,3.848597048716521e-05,52.23139946826335
212,7484,35.01220059977363,0,0,0,0,0,0,0,1,0,1003.079692637696,1.587399297688804e-06,3.848597048716521e-05,33.99020177974853
213,11735,51.33875755148591,0,0,0,0,0,0,0,1,0,3587.614253890777,1.587399297688804e-06,3.848597048716521e-05,50.3167587314857
214,5622,26.0500924876076,0,0,0,0,0,0,0,1,0,962.4407721657456,1.587399297688804e-06,3.848597048716521e-05,25.02809366760758
215,9750,43.74774971025313,0,0,0,0,0,0,0,1,0,1560.943763313593,1.587399297688804e-06,3.848597048716521e-05,42.72575089025305
216,9012,41.80901072771468,0,0,0,0,0,0,0,1,0,2842.45752998126,1.587399297688804e-06,3.848597048716521e-05,40.78701190775005
217,7463,35.76604705267859,0,0,0,0,0,0,0,1,0,1127.235953124974,1.587399297688804e-06,3.848597048716521e-05,34.74404823267859
218,8572,38.68461257830037,0,0,0,0,0,0,0,1,0,792.867990361524,1.587399297688804e-06,3.848597048716521e-05,37.66261375830027
219,9473,45.29526304837738,0,0,0,0,0,0,0,1,0,3714.127474914445,1.587399297688804e-06,3.848597048716521e-05,44.27326422837726
220,6199,27.16900970214838,0,0,0,0,0,0,0,1,0,3740.796098374607,1.587399297688804e-06,3.848597048716521e-05,26.14701088214836
221,7397,34.15457166497558,0,0,0,0,0,0,0,1,0,7163.619465016072,1.587399297688804e-06,3.848597048716521e-05,33.13257284492208
222,5491,25.85896568038208,0,0,0,0,0,0,0,1,0,1878.506260620833,1.587399297688804e-06,3.848597048716521e-05,24.83696686038204
223,9947,42.72647836325898,0,0,0,0,0,0,0,1,0,133.9434821389192,1.587399297688804e-06,3.848597048716521e-05,41.70447954325895
224,8194,36.66234946599888,0,0,0,0,0,0,0,1,0,1814.680863872542,1.587399297688804e-06,3.848597048716521e-05,35.64035064599886
225,5231,24.60516529603635,0,0,0,0,0,0,0,1,0,1984.776639688145,1.587399297688804e-06,3.848597048716521e-05,23.58316647603634
226,2725,12.2814111460713,0,0,0,0,0,0,0,1,0,2420.837774453827,1.587399297688804e-06,3.848597048716521e-05,11.25941232607129
227,8368,39.34003025789905,0,0,0,0,0,0,0,1,0,731.7283922568022,1.587399297688804e-06,3.848597048716521e-05,38.31803143789897
228,10230,45.69928237391798,0,0,0,0,0,0,0,1,0,923.6123532558821,1.587399297688804e-06,3.848597048716521e-05,44.67728355391779
229,8776,38.92009216169468,0,0,0,0,0,0,0,1,0,4725.499719510411,1.587399297688804e-06,3.848597048716521e-05,37.8980933416946
230,11117,48.19741391882219,0,0,0,0,0,0,0,1,0,2578.097748975855,1.587399297688804e-06,3.848597048716521e-05,47.17541509882208
231,4592,21.86374157620971,0,0,0,0,0,0,0,1,0,176.0096584309928,1.587399297688804e-06,3.848597048716521e-05,20.8417427562097
232,4578,22.0453042377382,0,0,0,0,0,0,0,1,0,7175.599334887963,1.587399297688804e-06,3.848597048716521e-05,21.0233054177382
233,10103,45.78477999000989,0,0,0,0,0,0,0,1,0,662.4959626621173,1.587399297688804e-06,3.848597048716521e-05,44.76278117000986
234,10073,50.09816531233766,0,0,0,0,0,0,0,1,0,4208.140144851704,1.587399297688804e-06,3.848597048716521e-05,49.0761664923699
235,11405,52.47862184443564,0,0,0,0,0,0,0,1,0,6036.857420399707,1.587399297688804e-06,3.848597048716521e-05,51.45662302443564
236,7788,33.44606876941146,0,0,0,0,0,0,0,1,0,766.4884077441842,1.587399297688804e-06,3.848597048716521e-05,32.4240699494114
237,7623,38.3963930336366,0,0,0,0,0,0,0,1,0,5522.698756897873,1.587399297688804e-06,3.848597048716521e-05,37.37439421363657
238,7033,32.97279684082559,0,0,0,0,0,0,0,1,0,28.19498659285803,1.587399297688804e-06,3.848597048716521e-05,31.95079802082556
239,9917,45.91376228256266,0,0,0,0,0,0,0,1,0,1183.497434424659,1.587399297688804e-06,3.848597048716521e-05,44.8917634625627
240,5805,31.41840060189858,0,0,0,0,0,0,0,1,0,80.63309353477388,1.587399297688804e-06,3.848597048716521e-05,30.39640178189861
241,8846,46.25831789310807,0,0,0,0,0,0,0,1,0,3235.021998411309,1.587399297688804e-06,3.848597048716521e-05,45.23631907263401
242,9405,45.65210993755751,0,0,0,0,0,0,0,1,0,1976.986259594091,1.587399297688804e-06,3.848597048716521e-05,44.63011111755737
243,11038,49.64308230614154,0,0,0,0,0,0,0,1,0,301.9853964834898,1.587399297688804e-06,3.848597048716521e-05,48.62108348614144
244,8996,41.98995745154288,0,0,0,0,0,0,0,1,0,5769.811246617151,1.587399297688804e-06,3.848597048716521e-05,40.96795863163491
245,9807,45.53714174967923,0,0,0,0,0,0,0,1,0,4638.463012743322,1.587399297688804e-06,3.848597048716521e-05,44.51514292966202
246,11740,51.12537512632458,0,0,0,0,0,0,0,1,0,1329.810170668501,1.587399297688804e-06,3.848597048716521e-05,50.10337630632448
247,3372,15.0147208396629,0,0,0,0,0,0,0,1,0,298.6211479137893,1.587399297688804e-06,3.848597048716521e-05,13.9927220196629
248,5805,26.84598938856253,0,0,0,0,0,0,0,1,0,1836.970601806846,1.587399297688804e-06,3.848597048716521e-05,25.82399056856254
249,6593,30.08582320777424,0,0,0,0,0,0,0,1,0,2395.399561746797,1.587399297688804e-06,3.848597048716521e-05,29.06382438777421
250,9933,47.86820101738338,0,0,0,0,0,0,0,1,0,2859.469342036577,1.587399297688804e-06,3.848597048716521e-05,46.84620219714949
251,9759,42.46426775265937,0,0,0,0,0,0,0,1,0,592.6621840214245,1.587399297688804e-06,3.848597048716521e-05,41.44226893265926
252,11477,51.0065933231312,0,0,0,0,0,0,0,1,0,3938.597993577331,1.587399297688804e-06,3.848597048716521e-05,49.98459450313112
253,10815,49.9523615819914,0,0,0,0,0,0,0,1,0,3542.536858923509,1.587399297688804e-06,3.848597048716521e-05,48.93036276199137
254,9372,45.28072858698658,0,0,0,0,0,0,0,1,0,5952.901865351505,1.587399297688804e-06,3.848597048716521e-05,44.25872976698775
255,9335,42.96449250476179,0,0,0,0,0,0,0,1,0,331.84019150419,1.587399297688804e-06,3.848597048716521e-05,41.94249368476171
256,2694,11.34960034412354,0,0,0,0,0,0,0,1,0,1559.552567192394,1.587399297688804e-06,3.848597048716521e-05,10.32760152412353
257,8600,41.07280044290378,0,0,0,0,0,0,0,1,0,1705.465774596016,1.587399297688804e-06,3.848597048716521e-05,40.05080162290371
258,3689,17.4968956843176,0,0,0,0,0,0,0,1,0,1941.459872792658,1.587399297688804e-06,3.848597048716521e-05,16.47489686431759
259,6094,28.00680264697828,0,0,0,0,0,0,0,1,0,4071.066874445381,1.587399297688804e-06,3.848597048716521e-05,26.98480382697826
260,8205,38.0735160018401,0,0,0,0,0,0,0,1,0,3440.163158681566,1.587399297688804e-06,3.848597048716521e-05,37.05151718184003
261,9417,44.34465610896939,0,0,0,0,0,0,0,1,0,5350.305660102365,1.587399297688804e-06,3.848597048716521e-05,43.32265728896944
262,4391,22.36682027713375,0,0,0,0,0,0,0,1,0,2292.712002381731,1.587399297688804e-06,3.848597048716521e-05,21.34482145713375
263,9729,47.53292981448144,0,0,0,0,0,0,0,1,0,922.9407637745329,1.587399297688804e-06,3.848597048716521e-05,46.51093099425468
264,7515,34.92016458370986,0,0,0,0,0,0,0,1,0,1426.019122319497,1.587399297688804e-06,3.848597048716521e-05,33.89816576370983
265,9178,40.98672026270933,0,0,0,0,0,0,0,1,0,100.439139387992,1.587399297688804e-06,3.848597048716521e-05,39.96472144270922
266,10623,47.96037606027502,0,0,0,0,0,0,0,1,0,3498.407041286322,1.587399297688804e-06,3.848597048716521e-05,46.93837724027489
267,9294,41.19180076534519,0,0,0,0,0,0,0,1,0,3520.611913958362,1.587399297688804e-06,3.848597048716521e-05,40.16980194534512
268,5598,26.01964338824991,0,0,0,0,0,0,0,1,0,3167.756234622548,1.587399297688804e-06,3.848597048716521e-05,24.99764456824991
269,6223,29.26485982736632,0,0,0,0,0,0,0,1,0,9328.014651879397,1.587399297688804e-06,3.848597048716521e-05,28.24286100736845
270,3548,17.14385453927166,0,0,0,0,0,0,0,1,0,2807.286340176212,1.587399297688804e-06,3.848597048716521e-05,16.12185571927166
271,9033,37.61904609627632,0,0,0,0,0,0,0,1,0,3198.502744143609,1.587399297688804e-06,3.848597048716521e-05,36.59704727627625
272,10950,48.8936852318685,0,0,0,0,0,0,0,1,0,6300.663468627547,1.587399297688804e-06,3.848597048716521e-05,47.87168641186842
273,9949,44.65742716079923,0,0,0,0,0,0,0,1,0,2973.574847044039,1.587399297688804e-06,3.848597048716521e-05,43.63542834079917
274,2443,11.14154583235889,0,0,0,0,0,0,0,1,0,1468.67876796097,1.587399297688804e-06,3.848597048716521e-05,10.11954701235888
275,9676,43.88325070236608,0,0,0,0,0,0,0,1,0,6873.880136060802,1.587399297688804e-06,3.848597048716521e-05,42.86125188236586
276,8848,42.9685402398348,0,0,0,0,0,0,0,1,0,2242.829219776183,1.587399297688804e-06,3.848597048716521e-05,41.94654141983467
277,8934,44.8740014083665,0,0,0,0,0,0,0,1,0,381.2961409357802,1.587399297688804e-06,3.848597048716521e-05,43.85200258836641
278,10139,45.9946316841236,0,0,0,0,0,0,0,1,0,3615.514514393459,1.587399297688804e-06,3.848597048716521e-05,44.97263286412358
279,10706,48.19867424728642,0,0,0,0,0,0,0,1,0,2455.777944910686,1.587399297688804e-06,3.848597048716521e-05,47.17667542728626
280,12385,50.81672775950277,0,0,0,0,0,0,0,1,0,252.932809871927,1.587399297688804e-06,3.848597048716521e-05,49.79472893950273
281,7003,35.40917812142993,0,0,0,0,0,0,0,1,0,4463.074870639904,1.587399297688804e-06,3.848597048716521e-05,34.38717930142987
282,5052,25.91914853415937,0,0,0,0,0,0,0,1,0,212.744669570487,1.587399297688804e-06,3.848597048716521e-05,24.89714971413868
283,5835,24.88188394924693,0,0,0,0,0,0,0,1,0,2140.077894711242,1.587399297688804e-06,3.848597048716521e-05,23.85988512924692
284,7938,37.36054756700845,0,0,0,0,0,0,0,1,0,5145.638763781193,1.587399297688804e-06,3.848597048716521e-05,36.33854874700841
285,1644,9.016371881631565,0,0,0,0,0,0,0,1,0,7971.77966447495,1.587399297688804e-06,3.848597048716521e-05,7.994373061631569
286,3311,18.7877783087797,0,0,0,0,0,0,0,1,0,328.3801411099674,1.587399297688804e-06,3.848597048716521e-05,17.76577948876059
287,10305,47.41044453994643,0,0,0,0,0,0,0,1,0,1285.176773667638,1.587399297688804e-06,3.848597048716521e-05,46.38844571994633
288,8206,38.85160655717463,0,0,0,0,0,0,0,1,0,121.6247983700662,1.587399297688804e-06,3.848597048716521e-05,37.82960773717465
289,6784,30.37978674710178,0,0,0,0,0,0,0,1,0,4004.623262127989,1.587399297688804e-06,3.848597048716521e-05,29.35778792710177
290,12029,52.27822650672407,0,0,0,0,0,0,0,1,0,632.4861094282513,1.587399297688804e-06,3.848597048716521e-05,51.25622768672392
291,7535,34.69265256194286,0,0,0,0,0,0,0,1,0,3087.376948638601,1.587399297688804e-06,3.848597048716521e-05,33.67065374194277
292,8745,40.96881867267102,0,0,0,0,0,0,0,1,0,337.537870476135,1.587399297688804e-06,3.848597048716521e-05,39.9468198526709
293,11540,51.04509094186278,0,0,0,0,0,0,0,1,0,3642.448863824103,1.587399297688804e-06,3.848597048716521e-05,50.02309212186265
294,9055,44.25269874010966,0,0,0,0,0,0,0,1,0,266.5448027054709,1.587399297688804e-06,3.848597048716521e-05,43.23069992010962
295,9986,46.45619579768203,0,0,0,0,0,0,0,1,0,91.79233116809894,1.587399297688804e-06,3.848597048716521e-05,45.43419697768829
296,10007,48.44468020930556,0,0,0,0,0,0,0,1,0,999.0502698218812,1.587399297688804e-06,3.848597048716521e-05,47.42268138930537
297,753,4.253977617414552,0,0,0,0,0,0,0,1,0,1788.138250093634,1.587399297688804e-06,3.848597048716521e-05,3.231978797414558
298,7700,34.43978256932636,0,0,0,0,0,0,0,1,0,3091.607187096811,1.587399297688804e-06,3.848597048716521e-05,33.41778374932623
299,7627,38.6531985931162,0,0,0,0,0,0,0,1,0,1492.381244385825,1.587399297688804e-06,3.848597048716521e-05,37.63119977311616
300,9784,45.84315578725389,0,0,0,0,0,0,0,1,0,1204.461878709809,1.587399297688804e-06,3.848597048716521e-05,44.82115696725376
301,7573,33.99365977086457,0,0,0,0,0,0,0,1,0,1570.674929630644,1.587399297688804e-06,3.848597048716521e-05,32.97166095086454
302,10745,48.31778050907388,0,0,0,0,0,0,0,1,0,1400.669854371697,1.587399297688804e-06,3.848597048716521e-05,47.29578168907383
303,4054,20.58564422707558,0,0,0,0,0,0,0,1,0,2933.786848601068,1.587399297688804e-06,3.848597048716521e-05,19.56364540707556
304,6085,29.79781916688061,0,0,0,0,0,0,0,1,0,1149.457659824743,1.587399297688804e-06,3.848597048716521e-05,28.77582034688058
305,10015,45.69058343254574,0,0,0,0,0,0,0,1,0,732.6033883784625,1.587399297688804e-06,3.848597048716521e-05,44.66858461254566
306,3362,16.06150275520915,0,0,0,0,0,0,0,1,0,1074.697257092241,1.587399297688804e-06,3.848597048716521e-05,15.03950393520914
307,6861,30.23018620783735,0,0,0,0,0,0,0,1,0,228.8914467022441,1.587399297688804e-06,3.848597048716521e-05,29.20818738783733
308,10299,49.79091005043649,0,0,0,0,0,0,0,1,0,30.90154774720673,1.587399297688804e-06,3.848597048716521e-05,48.76891123043645
309,6587,32.62173988104942,0,0,0,0,0,0,0,1,0,334.9137475258577,1.587399297688804e-06,3.848597048716521e-05,31.59974106104938
310,4795,20.44692344462871,0,0,0,0,0,0,0,1,0,2253.175472043208,1.587399297688804e-06,3.848597048716521e-05,19.42492462462869
311,8893,38.95428089728257,0,0,0,0,0,0,0,1,0,2261.842350002054,1.587399297688804e-06,3.848597048716521e-05,37.93228207728252
312,10872,49.12373773711501,0,0,0,0,0,0,0,1,0,1061.878656467067,1.587399297688804e-06,3.848597048716521e-05,48.10173891711494
313,10724,49.62835514619421,0,0,0,0,0,0,0,1,0,1024.909425572895,1.587399297688804e-06,3.848597048716521e-05,48.60635632619406
314,6266,28.83133700799526,0,0,0,0,0,0,0,1,0,4284.193167385229,1.587399297688804e-06,3.848597048716521e-05,27.80933818799522
315,10516,43.64105438698564,0,0,0,0,0,0,0,1,0,6010.028735139285,1.587399297688804e-06,3.848597048716521e-05,42.61905556698562
316,9963,47.8010839241591,0,0,0,0,0,0,0,1,0,1747.149503013303,1.587399297688804e-06,3.848597048716521e-05,46.77908510415902
317,8214,38.43621648185857,0,0,0,0,0,0,0,1,0,172.0996703064386,1.587399297688804e-06,3.848597048716521e-05,37.41421766185849
318,6636,33.95657560949407,0,0,0,0,0,0,0,1,0,2485.630691030011,1.587399297688804e-06,3.848597048716521e-05,32.93457678949405
319,10623,50.14338402007272,0,0,0,0,0,0,0,1,0,6051.077167848878,1.587399297688804e-06,3.848597048716521e-05,49.12138520007266
320,8779,44.28451422350816,0,0,0,0,0,0,0,1,0,9122.813335485138,1.587399297688804e-06,3.848597048716521e-05,43.26251540350803
321,2897,14.23094485970391,0,0,0,0,0,0,0,1,0,39.43194192662787,1.587399297688804e-06,3.848597048716521e-05,13.20894603970391
322,8306,39.56548789352497,0,0,0,0,0,0,0,1,0,4750.238890072615,1.587399297688804e-06,3.848597048716521e-05,38.5434890735225
323,6093,27.05158086037903,0,0,0,0,0,0,0,1,0,3093.541822316156,1.587399297688804e-06,3.848597048716521e-05,26.02958204037902
324,6068,28.40325393184503,0,0,0,0,0,0,0,1,0,1539.557984479252,1.587399297688804e-06,3.848597048716521e-05,27.38125511184499
325,7358,33.89038483937439,0,0,0,0,0,0,0,1,0,316.4674535869531,1.587399297688804e-06,3.848597048716521e-05,32.86838601937429
326,11110,47.12816579668952,0,0,0,0,0,0,0,1,0,4663.964710165443,1.587399297688804e-06,3.848597048716521e-05,46.10616697668954
327,2722,13.59561226325881,0,0,0,0,0,0,0,1,0,2536.34603794188,1.587399297688804e-06,3.848597048716521e-05,12.5736134432588
328,9715,44.55071320338044,0,0,0,0,0,0,0,1,0,2292.75604623667,1.587399297688804e-06,3.848597048716521e-05,43.52871438338029
329,8571,38.74202089877907,0,0,0,0,0,0,0,1,0,2065.971401320052,1.587399297688804e-06,3.848597048716521e-05,37.72002207877902
330,8707,42.5389597367768,0,0,0,0,0,0,0,1,0,1412.872032530183,1.587399297688804e-06,3.848597048716521e-05,41.5169609167767
331,2701,13.48778129762318,0,0,0,0,0,0,0,1,0,5544.567292075132,1.587399297688804e-06,3.848597048716521e-05,12.46578247762319
332,4179,17.9854711485047,0,0,0,0,0,0,0,1,0,4489.96773006591,1.587399297688804e-06,3.848597048716521e-05,16.9634723285047
333,11480,51.45937674294942,0,0,0,0,0,0,0,1,0,1524.138543916869,1.587399297688804e-06,3.848597048716521e-05,50.43737792294921
334,7544,33.10847089319872,0,0,0,0,0,0,0,1,0,4.967351135077311,1.587399297688804e-06,3.848597048716521e-05,32.08647207319868
335,9192,38.99007428564444,0,0,0,0,0,0,0,1,0,585.862498052953,1.587399297688804e-06,3.848597048716521e-05,37.96807546564438
336,8820,38.83628131580452,0,0,0,0,0,0,0,1,0,637.0813722415415,1.587399297688804e-06,3.848597048716521e-05,37.81428249580446
337,8532,39.80846737602081,0,0,0,0,0,0,0,1,0,1183.937728037581,1.587399297688804e-06,3.848597048716521e-05,38.78646855602306
338,7254,34.55793101077023,0,0,0,0,0,0,0,1,0,5767.589404470227,1.587399297688804e-06,3.848597048716521e-05,33.53593219077016
339,10896,49.40339424735954,0,0,0,0,0,0,0,1,0,1696.040659470178,1.587399297688804e-06,3.848597048716521e-05,48.38139542735942
340,6474,34.69880569830861,0,0,0,0,0,0,0,1,0,3261.945633539507,1.587399297688804e-06,3.848597048716521e-05,33.67680687830858
341,8303,36.77134094906144,0,0,0,0,0,0,0,1,0,14.48875391060274,1.587399297688804e-06,3.848597048716521e-05,35.7493421290613
342,6003,27.53827954497918,0,0,0,0,0,0,0,1,0,6274.069294278323,1.587399297688804e-06,3.848597048716521e-05,26.51628072497916
343,2801,13.90130311095964,0,0,0,0,0,0,0,1,0,3413.195017637325,1.587399297688804e-06,3.848597048716521e-05,12.87930429095963
344,6078,28.73056878777816,0,0,0,0,0,0,0,1,0,812.5129451933618,1.587399297688804e-06,3.848597048716521e-05,27.70856996777814
345,8676,38.79429172599263,0,0,0,0,0,0,0,1,0,997.647952330499,1.587399297688804e-06,3.848597048716521e-05,37.77229290599259
346,8540,35.56640366652105,0,0,0,0,0,0,0,1,0,4031.290505282214,1.587399297688804e-06,3.848597048716521e-05,34.54440484652101
347,3537,18.79855913544321,0,0,0,0,0,0,0,1,0,4070.550358588432,1.587399297688804e-06,3.848597048716521e-05,17.77656031544317
348,11245,48.97848563234651,0,0,0,0,0,0,0,1,0,4925.354469834793,1.587399297688804e-06,3.848597048716521e-05,47.95648681234637
349,7894,35.7816663624553,0,0,0,0,0,0,0,1,0,372.5149975473374,1.587399297688804e-06,3.848597048716521e-05,34.75966754245522
350,4908,23.61541632464797,0,0,0,0,0,0,0,1,0,4449.408781812035,1.587399297688804e-06,3.848597048716521e-05,22.59341750464792
351,3451,16.08038913788436,0,0,0,0,0,0,0,1,0,2986.911278968498,1.587399297688804e-06,3.848597048716521e-05,15.05839031788437
352,1448,6.963256675883613,0,0,0,0,0,0,0,1,0,2714.631939542806,1.587399297688804e-06,3.848597048716521e-05,5.941257855883621
353,9358,41.83887160694899,0,0,0,0,0,0,0,1,0,2737.403484767373,1.587399297688804e-06,3.848597048716521e-05,40.81687278694891
354,9487,45.47987200426137,0,0,0,0,0,0,0,1,0,5543.295017821135,1.587399297688804e-06,3.848597048716521e-05,44.45787318426125
355,7924,37.4197721645687,0,0,0,0,0,0,0,1,0,308.2608259271395,1.587399297688804e-06,3.848597048716521e-05,36.39777334456868
356,5235,22.91680842166283,0,0,0,0,0,0,0,1,0,1180.912588351084,1.587399297688804e-06,3.848597048716521e-05,21.89480960166282
357,3280,18.81082955129683,0,0,0,0,0,0,0,1,0,6201.974240829561,1.587399297688804e-06,3.848597048716521e-05,17.78883073129679
358,11390,51.55610739929869,0,0,0,0,0,0,0,1,0,3064.036635023759,1.587399297688804e-06,3.848597048716521e-05,50.53410857929862
359,8063,39.05335730160994,0,0,0,0,0,0,0,1,0,461.7537327783634,1.587399297688804e-06,3.848597048716521e-05,38.03135848160176
360,7504,37.72454279894995,0,0,0,0,0,0,0,1,0,512.7225988013813,1.587399297688804e-06,3.848597048716521e-05,36.70254397894989
361,10212,46.84006715823658,0,0,0,0,0,0,0,1,0,4564.733503612441,1.587399297688804e-06,3.848597048716521e-05,45.81806833816557
362,6124,25.69374326948909,0,0,0,0,0,0,0,1,0,673.9170579771504,1.587399297688804e-06,3.848597048716521e-05,24.6717444494891
363,0,1e-06,0,0,0,0,0,0,0,0,0,10146.72229364236,1.587399297688804e-06,3.848597048716521e-05,-1
364,9914,45.84535608033823,0,0,0,0,0,0,0,1,0,3172.62623154756,1.587399297688804e-06,3.848597048716521e-05,44.82335726033808
365,8547,40.39577618734241,0,0,0,0,0,0,0,1,0,363.2435221957692,1.587399297688804e-06,3.848597048716521e-05,39.37377736734223
366,6378,28.6645205790086,0,0,0,0,0,0,0,1,0,686.7099963213981,1.587399297688804e-06,3.848597048716521e-05,27.64252175900856
367,7270,30.14879844544867,0,0,0,0,0,0,0,1,0,3586.925928423676,1.587399297688804e-06,3.848597048716521e-05,29.12679962544867
368,9878,46.96397207700926,0,0,0,0,0,0,0,1,0,3288.027401874652,1.587399297688804e-06,3.848597048716521e-05,45.94197325700917
369,7017,33.32022438789403,0,0,0,0,0,0,0,1,0,5103.715822995901,1.587399297688804e-06,3.848597048716521e-05,32.29822556767676
370,5526,29.76022718851697,0,0,0,0,0,0,0,1,0,2190.019329713158,1.587399297688804e-06,3.848597048716521e-05,28.738228368517
371,6986,29.3915591820858,0,0,0,0,0,0,0,1,0,1688.210896352002,1.587399297688804e-06,3.848597048716521e-05,28.36956036208579
372,6331,30.4910439885031,0,0,0,0,0,0,0,1,0,1362.235397690549,1.587399297688804e-06,3.848597048716521e-05,29.46904516845649
373,5766,30.7225544325116,0,0,0,0,0,0,0,1,0,73.13305697441805,1.587399297688804e-06,3.848597048716521e-05,29.70055561251156
374,11218,51.64069189631887,0,0,0,0,0,0,0,1,0,4365.822651679207,1.587399297688804e-06,3.848597048716521e-05,50.61869307631891
375,8961,40.14864082656544,0,0,0,0,0,0,0,1,0,2692.689160183009,1.587399297688804e-06,3.848597048716521e-05,39.12664200656531
376,5207,24.84260409211287,0,0,0,0,0,0,0,1,0,1558.729763489622,1.587399297688804e-06,3.848597048716521e-05,23.82060527211285
377,9818,40.71310297298974,0,0,0,0,0,0,0,1,0,2553.098169265877,1.587399297688804e-06,3.848597048716521e-05,39.69110415298977
378,8691,43.67918291016272,0,0,0,0,0,0,0,1,0,3240.370870482052,1.587399297688804e-06,3.848597048716521e-05,42.65718409035831
379,8533,37.20666197221269,0,0,0,0,0,0,0,1,0,529.0889376726565,1.587399297688804e-06,3.848597048716521e-05,36.18466315221258
380,11717,50.05708483933275,0,0,0,0,0,0,0,1,0,667.5890638091249,1.587399297688804e-06,3.848597048716521e-05,49.03508601933278
381,5251,23.03743781318776,0,0,0,0,0,0,0,1,0,3800.411387854774,1.587399297688804e-06,3.848597048716521e-05,22.01543899318777
382,12127,51.72877836284057,0,0,0,0,0,0,0,1,0,1000.632236059279,1.587399297688804e-06,3.848597048716521e-05,50.70677954284056
383,10973,50.46516636032012,0,0,0,0,0,0,0,1,0,1109.989266177836,1.587399297688804e-06,3.848597048716521e-05,49.44316754273243
384,9485,42.06155652408967,0,0,0,0,0,0,0,1,0,3126.191699789289,1.587399297688804e-06,3.848597048716521e-05,41.03955770408956
385,5853,25.7453753200586,0,0,0,0,0,0,0,1,0,628.7404043642885,1.587399297688804e-06,3.848597048716521e-05,24.72337650005864
386,9755,46.09453300940379,0,0,0,0,0,0,0,1,0,245.5707918831281,1.587399297688804e-06,3.848597048716521e-05,45.07253418940366
387,9178,43.08402695489982,0,0,0,0,0,0,0,1,0,2535.366031760181,1.587399297688804e-06,3.848597048716521e-05,42.06202813489976
388,10137,44.19779390075475,0,0,0,0,0,0,0,1,0,8857.042388656915,1.587399297688804e-06,3.848597048716521e-05,43.1757950807547
389,7376,33.81315882935739,0,0,0,0,0,0,0,1,0,643.2475534256625,1.587399297688804e-06,3.848597048716521e-05,32.79116000935732
390,8590,40.34513985470149,0,0,0,0,0,0,0,1,0,2328.421473087392,1.587399297688804e-06,3.848597048716521e-05,39.32314103471268
391,8488,39.57973994032505,0,0,0,0,0,0,0,1,0,69.86978187568855,1.587399297688804e-06,3.848597048716521e-05,38.55774112032486
392,5495,23.51698413355858,0,0,0,0,0,0,0,1,0,3760.899707989219,1.587399297688804e-06,3.848597048716521e-05,22.49498531355854
393,10689,48.59242426415433,0,0,0,0,0,0,0,1,0,3528.975901665999,1.587399297688804e-06,3.848597048716521e-05,47.57042544415415
394,11146,50.06881153687473,0,0,0,0,0,0,0,1,0,1949.340404770609,1.587399297688804e-06,3.848597048716521e-05,49.04681271687464
395,10054,46.2521069550974,0,0,0,0,0,0,0,1,0,3683.924766055557,1.587399297688804e-06,3.848597048716521e-05,45.23010813509726
396,7588,33.32323902330854,0,0,0,0,0,0,0,1,0,2178.782672036981,1.587399297688804e-06,3.848597048716521e-05,32.3012402033085
397,9681,49.24274989874959,0,0,0,0,0,0,0,1,0,2874.780216267029,1.587399297688804e-06,3.848597048716521e-05,48.22075107874927
398,9364,44.01723319648701,0,0,0,0,0,0,0,1,0,2305.039981652179,1.587399297688804e-06,3.848597048716521e-05,42.99523437648681
399,7639,32.92888740448395,0,0,0,0,0,0,0,1,0,172.9826416919586,1.587399297688804e-06,3.848597048716521e-05,31.90688858448392
400,8229,40.91010711685032,0,0,0,0,0,0,0,1,0,2771.143342998998,1.587399297688804e-06,3.848597048716521e-05,39.88810829687327
401,11267,51.00743747922224,0,0,0,0,0,0,0,1,0,1332.846364534845,1.587399297688804e-06,3.848597048716521e-05,49.98543865922212
402,7964,39.90962054672637,0,0,0,0,0,0,0,1,0,6008.598024216072,1.587399297688804e-06,3.848597048716521e-05,38.88762172672631
403,7206,33.90869260964286,0,0,0,0,0,0,0,1,0,745.5484867639414,1.587399297688804e-06,3.848597048716521e-05,32.88669378964279
404,8198,36.68701969994078,0,0,0,0,0,0,0,1,0,1820.372842998138,1.587399297688804e-06,3.848597048716521e-05,35.66502087994073
405,6977,34.93992581057626,0,0,0,0,0,0,0,1,0,629.6522019037648,1.587399297688804e-06,3.848597048716521e-05,33.91792699055205
406,9378,44.09507994217629,0,0,0,0,0,0,0,1,0,251.2359705784712,1.587399297688804e-06,3.848597048716521e-05,43.07308112217623
407,4172,22.41731726313611,0,0,0,0,0,0,0,1,0,2167.071897732091,1.587399297688804e-06,3.848597048716521e-05,21.3953184431361
408,6749,35.05899532873443,0,0,0,0,0,0,0,1,0,5720.714871299369,1.587399297688804e-06,3.848597048716521e-05,34.0369965087344
409,6527,30.54170539069385,0,0,0,0,0,0,0,1,0,199.3136002743121,1.587399297688804e-06,3.848597048716521e-05,29.51970657069385
410,10674,45.62925784886505,0,0,0,0,0,0,0,1,0,196.2155096176821,1.587399297688804e-06,3.848597048716521e-05,44.60725902886499
411,11076,47.70145395098615,0,0,0,0,0,0,0,1,0,5294.22238264083,1.587399297688804e-06,3.848597048716521e-05,46.67945513098615
412,10121,48.40441340652842,0,0,0,0,0,0,0,1,0,5421.196845222261,1.587399297688804e-06,3.848597048716521e-05,47.38241458701771
413,8838,42.15468317640243,0,0,0,0,0,0,0,1,0,2377.000443571477,1.587399297688804e-06,3.848597048716521e-05,41.13268435640231
414,9662,43.58121645290195,0,0,0,0,0,0,0,1,0,4226.091204140546,1.587399297688804e-06,3.848597048716521e-05,42.55921763290191
415,10517,47.01774269828754,0,0,0,0,0,0,0,1,0,3964.131414734234,1.587399297688804e-06,3.848597048716521e-05,45.99574387828752
416,11094,52.26518559070681,0,0,0,0,0,0,0,1,0,2394.214433008719,1.587399297688804e-06,3.848597048716521e-05,51.24318677070673
417,5869,27.78799203384969,0,0,0,0,0,0,0,1,0,1096.036219186757,1.587399297688804e-06,3.848597048716521e-05,26.76599321384965
418,9083,42.29293486010626,0,0,0,0,0,0,0,1,0,440.7921689942016,1.587399297688804e-06,3.848597048716521e-05,41.27093604010622
419,8796,38.06327201437355,0,0,0,0,0,0,0,1,0,62.99761671969104,1.587399297688804e-06,3.848597048716521e-05,37.04127319437347
420,3758,19.0926994135038,0,0,0,0,0,0,0,1,0,1029.841391171022,1.587399297688804e-06,3.848597048716521e-05,18.07070059350378
421,7447,38.41375892982985,0,0,0,0,0,0,0,1,0,828.1790374410366,1.587399297688804e-06,3.848597048716521e-05,37.39176010982977
422,9139,43.78298295962314,0,0,0,0,0,0,0,1,0,1999.88251565039,1.587399297688804e-06,3.848597048716521e-05,42.76098413962313
423,7550,36.1761118309317,0,0,0,0,0,0,0,1,0,1956.587858552904,1.587399297688804e-06,3.848597048716521e-05,35.15411301093161
424,6536,31.79383874672055,0,0,0,0,0,0,0,1,0,243.2975181375124,1.587399297688804e-06,3.848597048716521e-05,30.77183992677762
425,11168,49.95258325772764,0,0,0,0,0,0,0,1,0,3522.147226648904,1.587399297688804e-06,3.848597048716521e-05,48.93058443772742
426,11077,50.10060472586453,0,0,0,0,0,0,0,1,0,500.759515748179,1.587399297688804e-06,3.848597048716521e-05,49.07860590586451
427,7272,30.33869579743354,0,0,0,0,0,0,0,1,0,430.9651355810551,1.587399297688804e-06,3.848597048716521e-05,29.31669697743352
428,7721,35.37400812455564,0,0,0,0,0,0,0,1,0,487.8485608995047,1.587399297688804e-06,3.848597048716521e-05,34.3520093045556
429,9651,45.14363341247403,0,0,0,0,0,0,0,1,0,1406.243524207552,1.587399297688804e-06,3.848597048716521e-05,44.12163459247398
430,7372,33.40058847416003,0,0,0,0,0,0,0,1,0,4635.290963548757,1.587399297688804e-06,3.848597048716521e-05,32.37858965416
431,3980,18.68930328543915,0,0,0,0,0,0,0,1,0,5579.344106617295,1.587399297688804e-06,3.848597048716521e-05,17.66730446543913
432,12032,53.33246720195299,0,0,0,0,0,0,0,1,0,471.4446375365021,1.587399297688804e-06,3.848597048716521e-05,52.31046838195285
433,8344,37.48464449125263,0,0,0,0,0,0,0,1,0,4589.258255800136,1.587399297688804e-06,3.848597048716521e-05,36.46264567125257
434,4945,24.87234693317442,0,0,0,0,0,0,0,1,0,3531.138097548845,1.587399297688804e-06,3.848597048716521e-05,23.85034811317438
435,3889,18.33078761289011,0,0,0,0,0,0,0,1,0,1198.838473447714,1.587399297688804e-06,3.848597048716521e-05,17.30878879289013
436,9305,42.60961609426581,0,0,0,0,0,0,0,1,0,978.1740758708418,1.587399297688804e-06,3.848597048716521e-05,41.58761727426575
437,8120,42.28302433923346,0,0,0,0,0,0,0,1,0,395.8351041666695,1.587399297688804e-06,3.848597048716521e-05,41.26102551923341
438,4507,23.89748911501496,0,0,0,0,0,0,0,1,0,646.0439350674347,1.587399297688804e-06,3.848597048716521e-05,22.87549029501498
439,2022,11.45587756498966,0,0,0,0,0,0,0,1,0,51.09750306701703,1.587399297688804e-06,3.848597048716521e-05,10.43387874498967
440,6506,29.7971845243644,0,0,0,0,0,0,0,1,0,9589.604953901237,1.587399297688804e-06,3.848597048716521e-05,28.7751857043644
441,3056,16.19015590498891,0,0,0,0,0,0,0,1,0,987.4902897179495,1.587399297688804e-06,3.848597048716521e-05,15.16815708498889
442,11087,52.08975407369655,0,0,0,0,0,0,0,1,0,2392.114087048546,1.587399297688804e-06,3.848597048716521e-05,51.06775525369633
443,10596,48.84186391716843,0,0,0,0,0,0,0,1,0,4151.221898404928,1.587399297688804e-06,3.848597048716521e-05,47.81986509716832
444,10170,44.34694751267804,0,0,0,0,0,0,0,1,0,790.9304711838666,1.587399297688804e-06,3.848597048716521e-05,43.32494869267801
445,7033,34.17197503001192,0,0,0,0,0,0,0,1,0,1119.491461781879,1.587399297688804e-06,3.848597048716521e-05,33.1499762100118
446,4375,18.51732514017106,0,0,0,0,0,0,0,1,0,8.43806403182364,1.587399297688804e-06,3.848597048716521e-05,17.49532632017107
447,8783,38.28165938016764,0,0,0,0,0,0,0,1,0,204.4797590013705,1.587399297688804e-06,3.848597048716521e-05,37.2596605601676
448,4930,24.33091907338431,0,0,0,0,0,0,0,1,0,597.3494215317453,1.587399297688804e-06,3.848597048716521e-05,23.30892025338435
449,3712,17.13272208073484,0,0,0,0,0,0,0,1,0,1653.682739715934,1.587399297688804e-06,3.848597048716521e-05,16.11072326073484
450,6637,30.23657438845063,0,0,0,0,0,0,0,1,0,123.494133322863,1.587399297688804e-06,3.848597048716521e-05,29.21457556845063
451,5118,23.07401309475102,0,0,0,0,0,0,0,1,0,183.0171492220359,1.587399297688804e-06,3.848597048716521e-05,22.052014274751
452,6014,28.16420902181773,0,0,0,0,0,0,0,1,0,3563.519673890816,1.587399297688804e-06,3.848597048716521e-05,27.14221020181773
453,10386,48.15241279815569,0,0,0,0,0,0,0,1,0,11.45060463009945,1.587399297688804e-06,3.848597048716521e-05,47.1304139781556
454,7549,35.20818749484715,0,0,0,0,0,0,0,1,0,4401.217205967271,1.587399297688804e-06,3.848597048716521e-05,34.1861886748471
455,9104,43.74027007392672,0,0,0,0,0,0,0,1,0,2348.208301158842,1.587399297688804e-06,3.848597048716521e-05,42.71827125392671
456,9900,45.16912616512806,0,0,0,0,0,0,0,1,0,3.446445743886541,1.587399297688804e-06,3.848597048716521e-05,44.14712734562906
457,3747,18.22135451492168,0,0,0,0,0,0,0,1,0,246.1455823568179,1.587399297688804e-06,3.848597048716521e-05,17.19935569492166
458,9642,43.11044749641572,0,0,0,0,0,0,0,1,0,2505.066416754692,1.587399297688804e-06,3.848597048716521e-05,42.08844867641565
459,10177,51.17972430162245,0,0,0,0,0,0,0,1,0,2273.971388854501,1.587399297688804e-06,3.848597048716521e-05,50.15772548081809
460,5995,29.64046088495372,0,0,0,0,0,0,0,1,0,6726.003336051683,1.587399297688804e-06,3.848597048716521e-05,28.61846206495378
461,7159,32.97159411636459,0,0,0,0,0,0,0,1,0,759.6356631805003,1.587399297688804e-06,3.848597048716521e-05,31.94959529636456
462,7266,34.00060284794826,0,0,0,0,0,0,0,1,0,82.10585344150417,1.587399297688804e-06,3.848597048716521e-05,32.97860402794819
463,8142,36.0366854505013,0,0,0,0,0,0,0,1,0,8487.253530921727,1.587399297688804e-06,3.848597048716521e-05,35.01468663050128
464,4205,19.86382898447947,0,0,0,0,0,0,0,1,0,2850.077268413321,1.587399297688804e-06,3.848597048716521e-05,18.84183016447944
465,7139,30.2804903834185,0,0,0,0,0,0,0,1,0,2423.060480424258,1.587399297688804e-06,3.848597048716521e-05,29.2584915634185
466,11154,53.10079548271312,0,0,0,0,0,0,0,1,0,411.8360791700518,1.587399297688804e-06,3.848597048716521e-05,52.07879666271309
467,2810,14.6414073785395,0,0,0,0,0,0,0,1,0,138.4121713884055,1.587399297688804e-06,3.848597048716521e-05,13.6194085585395
468,9504,42.62893902308761,0,0,0,0,0,0,0,1,0,6507.351831084561,1.587399297688804e-06,3.848597048716521e-05,41.60694020308752
469,10221,47.5745005385758,0,0,0,0,0,0,0,1,0,3306.463514220916,1.587399297688804e-06,3.848597048716521e-05,46.55250171857574
470,7996,39.45122921802358,0,0,0,0,0,0,0,1,0,4723.671705241851,1.587399297688804e-06,3.848597048716521e-05,38.4292303980078
471,8267,39.15532000832644,0,0,0,0,0,0,0,1,0,3214.925850505681,1.587399297688804e-06,3.848597048716521e-05,38.13332118832636
472,7787,36.41668593258297,0,0,0,0,0,0,0,1,0,6224.472823411009,1.587399297688804e-06,3.848597048716521e-05,35.39468711258291
473,5460,28.36090906353847,0,0,0,0,0,0,0,1,0,6587.222434063822,1.587399297688804e-06,3.848597048716521e-05,27.33891024353849
474,10969,46.75742816734447,0,0,0,0,0,0,0,1,0,2771.764695806692,1.587399297688804e-06,3.848597048716521e-05,45.73542934734443
475,5947,27.4928696476172,0,0,0,0,0,0,0,1,0,1447.73826897475,1.587399297688804e-06,3.848597048716521e-05,26.47087082761719
476,10120,47.86086125770746,0,0,0,0,0,0,0,1,0,1244.602494590494,1.587399297688804e-06,3.848597048716521e-05,46.83886243760012
477,10592,45.59019175203007,0,0,0,0,0,0,0,1,0,4065.93754531701,1.587399297688804e-06,3.848597048716521e-05,44.56819293203002
478,9678,42.33321919465615,0,0,0,0,0,0,0,1,0,3327.141115909874,1.587399297688804e-06,3.848597048716521e-05,41.31122037465612
479,6216,30.36417799996166,0,0,0,0,0,0,0,1,0,140.0665100055531,1.587399297688804e-06,3.848597048716521e-05,29.34217917996177
480,9487,44.6805892529621,0,0,0,0,0,0,0,1,0,599.3318608303543,1.587399297688804e-06,3.848597048716521e-05,43.65859043296196
481,10750,50.17283618085288,0,0,0,0,0,0,0,1,0,954.1548487400389,1.587399297688804e-06,3.848597048716521e-05,49.15083736085286
482,5440,25.30536712437024,0,0,0,0,0,0,0,1,0,1227.469231641497,1.587399297688804e-06,3.848597048716521e-05,24.28336830437022
483,9776,45.62077894358679,0,0,0,0,0,0,0,1,0,721.1804316039439,1.587399297688804e-06,3.848597048716521e-05,44.59878012364587
484,10774,49.90373181401436,0,0,0,0,0,0,0,1,0,3499.909523249983,1.587399297688804e-06,3.848597048716521e-05,48.88173299401435
485,10794,49.52605144213071,0,0,0,0,0,0,0,1,0,1124.318113495187,1.587399297688804e-06,3.848597048716521e-05,48.50405262215182
486,1703,10.0857215660354,0,0,0,0,0,0,0,1,0,3571.000348129175,1.587399297688804e-06,3.848597048716521e-05,9.063722746035406
487,2081,12.02519050713819,0,0,0,0,0,0,0,1,0,782.588187329309,1.587399297688804e-06,3.848597048716521e-05,11.00319168713818
488,10205,46.04162008196634,0,0,0,0,0,0,0,1,0,3851.769016479428,1.587399297688804e-06,3.848597048716521e-05,45.01962126192078
489,11583,49.67912897614903,0,0,0,0,0,0,0,1,0,691.0964929705375,1.587399297688804e-06,3.848597048716521e-05,48.65713015614899
490,8426,39.24476927014788,0,0,0,0,0,0,0,1,0,1162.594936093089,1.587399297688804e-06,3.848597048716521e-05,38.22277045014786
491,8378,38.18728857101227,0,0,0,0,0,0,0,1,0,1284.967111733175,1.587399297688804e-06,3.848597048716521e-05,37.1652897510121
492,1935,10.0319270218422,0,0,0,0,0,0,0,1,0,391.9796799257537,1.587399297688804e-06,3.848597048716521e-05,9.009928201842191
493,9933,47.31717733172614,0,0,0,0,0,0,0,1,0,1580.256460912202,1.587399297688804e-06,3.848597048716521e-05,46.29517851172609
494,11110,50.33252891277638,0,0,0,0,0,0,0,1,0,3920.367790707583,1.587399297688804e-06,3.848597048716521e-05,49.31053009277638
495,6241,28.03074492200204,0,0,0,0,0,0,0,1,0,777.8031838543201,1.587399297688804e-06,3.848597048716521e-05,27.00874610200205
496,11833,51.38643400693413,0,0,0,0,0,0,0,1,0,861.4859928129184,1.587399297688804e-06,3.848597048716521e-05,50.36443518693399
497,5742,26.52932348512101,0,0,0,0,0,0,0,1,0,1284.602115857275,1.587399297688804e-06,3.848597048716521e-05,25.50732466512107
498,3180,15.04837364921509,0,0,0,0,0,0,0,1,0,237.1980160834512,1.587399297688804e-06,3.848597048716521e-05,14.02637482921509
499,10184,48.18127682042254,0,0,0,0,0,0,0,1,0,1156.186930934131,1.587399297688804e-06,3.848597048716521e-05,47.15927800042245
500,11050,52.43197960602694,0,0,0,0,0,0,0,1,0,1212.89406577285,1.587399297688804e-06,3.848597048716521e-05,51.40998078602689
501,6822,36.14777515916063,0,0,0,0,0,0,0,1,0,1602.945995704016,1.587399297688804e-06,3.848597048716521e-05,35.12577633921666
502,6767,30.67352652941257,0,0,0,0,0,0,0,1,0,852.9009165011705,1.587399297688804e-06,3.848597048716521e-05,29.65152770941257
503,8855,36.56776873066156,0,0,0,0,0,0,0,1,0,630.1596048832965,1.587399297688804e-06,3.848597048716521e-05,35.54576991066146
504,10907,51.04578630995466,0,0,0,0,0,0,0,1,0,5742.106202716896,1.587399297688804e-06,3.848597048716521e-05,50.02378748995452
505,10818,51.52767516841286,0,0,0,0,0,0,0,1,0,4320.067360780138,1.587399297688804e-06,3.848597048716521e-05,50.50567634841279
506,3827,17.39904368572505,0,0,0,0,0,0,0,1,0,2326.316420148648,1.587399297688804e-06,3.848597048716521e-05,16.37704486572504
507,7175,35.68383660271258,0,0,0,0,0,0,0,1,0,6121.564596674226,1.587399297688804e-06,3.848597048716521e-05,34.66183778271255
508,10974,47.48344258774626,0,0,0,0,0,0,0,1,0,4526.897117136474,1.587399297688804e-06,3.848597048716521e-05,46.46144376774618
509,9419,41.29729475319608,0,0,0,0,0,0,0,1,0,300.4907997771369,1.587399297688804e-06,3.848597048716521e-05,40.27529593319596
510,9669,43.52035407709963,0,0,0,0,0,0,0,1,0,3380.984223736401,1.587399297688804e-06,3.848597048716521e-05,42.49835525709957
511,10374,48.40179378565089,0,0,0,0,0,0,0,1,0,2450.568566107886,1.587399297688804e-06,3.848597048716521e-05,47.37979496565992
512,8917,39.06647091832216,0,0,0,0,0,0,0,1,0,2113.590050368792,1.587399297688804e-06,3.848597048716521e-05,38.04447209832213
513,11494,52.17475992091318,0,0,0,0,0,0,0,1,0,1784.391925849775,1.587399297688804e-06,3.848597048716521e-05,51.15276110091317
514,6008,27.90388109976826,0,0,0,0,0,0,0,1,0,833.891677587876,1.587399297688804e-06,3.848597048716521e-05,26.8818822797683
515,8199,36.42377968452193,0,0,0,0,0,0,0,1,0,535.3077742868992,1.587399297688804e-06,3.848597048716521e-05,35.40178086452188
516,5811,27.18299929810642,0,0,0,0,0,0,0,1,0,6316.881888992991,1.587399297688804e-06,3.848597048716521e-05,26.16100047810641
517,5892,26.94174751238437,0,0,0,0,0,0,0,1,0,2608.81728037342,1.587399297688804e-06,3.848597048716521e-05,25.91974869238433
518,7718,36.25070891424699,0,0,0,0,0,0,0,1,0,3606.247057156379,1.587399297688804e-06,3.848597048716521e-05,35.22871009424691
519,7949,37.73818559433465,0,0,0,0,0,0,0,1,0,3348.653100698652,1.587399297688804e-06,3.848597048716521e-05,36.71618677433467
520,8906,41.70512669799657,0,0,0,0,0,0,0,1,0,18.63730285691284,1.587399297688804e-06,3.848597048716521e-05,40.6831278779966
521,8150,36.25938113895785,0,0,0,0,0,0,0,1,0,6430.353258761585,1.587399297688804e-06,3.848597048716521e-05,35.23738231895975
522,8756,42.16368883493443,0,0,0,0,0,0,0,1,0,241.872094820913,1.587399297688804e-06,3.848597048716521e-05,41.14169001493443
523,8432,35.59182025593164,0,0,0,0,0,0,0,1,0,2103.17288143814,1.587399297688804e-06,3.848597048716521e-05,34.56982143593162
524,7374,36.58714336571015,0,0,0,0,0,0,0,1,0,52.99004069140316,1.587399297688804e-06,3.848597048716521e-05,35.56514454571012
525,8702,43.85134747161678,0,0,0,0,0,0,0,1,0,1.060773370570379,1.587399297688804e-06,3.848597048716521e-05,42.82934865161663
526,5091,22.75887481482882,0,0,0,0,0,0,0,1,0,5338.128672585537,1.587399297688804e-06,3.848597048716521e-05,21.73687599482882
527,11465,53.30245673364769,0,0,0,0,0,0,0,1,0,835.4809318071395,1.587399297688804e-06,3.848597048716521e-05,52.28045791364757
528,7295,33.85389787493336,0,0,0,0,0,0,0,1,0,3518.285630765594,1.587399297688804e-06,3.848597048716521e-05,32.83189905493334
529,9787,45.29059408919147,0,0,0,0,0,0,0,1,0,1315.018924479723,1.587399297688804e-06,3.848597048716521e-05,44.26859526919142
530,5696,26.7648801949227,0,0,0,0,0,0,0,1,0,2126.08274374113,1.587399297688804e-06,3.848597048716521e-05,25.74288137492267
531,10857,53.32957494387061,0,0,0,0,0,0,0,1,0,46.14434507396768,1.587399297688804e-06,3.848597048716521e-05,52.30757612366499
532,6353,29.22284814351438,0,0,0,0,0,0,0,1,0,1159.305106336643,1.587399297688804e-06,3.848597048716521e-05,28.20084932351439
533,4771,25.22702227040609,0,0,0,0,0,0,0,1,0,1320.477205270126,1.587399297688804e-06,3.848597048716521e-05,24.20502345040083
534,5593,27.70891624959593,0,0,0,0,0,0,0,1,0,3104.180791332311,1.587399297688804e-06,3.848597048716521e-05,26.68691742959593
535,9332,42.4520424128871,0,0,0,0,0,0,0,1,0,4132.644384048802,1.587399297688804e-06,3.848597048716521e-05,41.43004359288697
536,7120,33.60836302107116,0,0,0,0,0,0,0,1,0,3944.819937611539,1.587399297688804e-06,3.848597048716521e-05,32.58636420107113
537,3570,18.01438722452316,0,0,0,0,0,0,0,1,0,943.7294948076874,1.587399297688804e-06,3.848597048716521e-05,16.99238840452315
538,7900,37.46755236026038,0,0,0,0,0,0,0,1,0,1179.112090831921,1.587399297688804e-06,3.848597048716521e-05,36.44555354026027
539,9648,41.31567281470069,0,0,0,0,0,0,0,1,0,3059.362357669651,1.587399297688804e-06,3.848597048716521e-05,40.29367399470071
540,10699,47.54677061349015,0,0,0,0,0,0,0,1,0,9.920010751519142,1.587399297688804e-06,3.848597048716521e-05,46.52477179349003
541,7363,31.92068275999301,0,0,0,0,0,0,0,1,0,1595.890655009844,1.587399297688804e-06,3.848597048716521e-05,30.89868393999302
542,10973,48.13968823002268,0,0,0,0,0,0,0,1,0,3449.711545807693,1.587399297688804e-06,3.848597048716521e-05,47.11768941002271
543,7540,37.0768419235537,0,0,0,0,0,0,0,1,0,1518.62855018558,1.587399297688804e-06,3.848597048716521e-05,36.05484310355363
544,8395,44.64228506773396,0,0,0,0,0,0,0,1,0,195.0739577650257,1.587399297688804e-06,3.848597048716521e-05,43.62028624773388
545,12997,52.52048191855481,0,0,0,0,0,0,0,1,0,260.3792532135412,1.587399297688804e-06,3.848597048716521e-05,51.49848309855466
546,5678,25.46482648948063,0,0,0,0,0,0,0,1,0,6370.817090321038,1.587399297688804e-06,3.848597048716521e-05,24.44282766948064
547,6336,32.61066909655045,0,0,0,0,0,0,0,1,0,165.7103519969608,1.587399297688804e-06,3.848597048716521e-05,31.58867027655037
548,1019,5.280528575024916,0,0,0,0,0,0,0,1,0,1953.101377424304,1.587399297688804e-06,3.848597048716521e-05,4.258529755024925
549,4657,22.13827953396226,0,0,0,0,0,0,0,1,0,818.7144548945298,1.587399297688804e-06,3.848597048716521e-05,21.11628071396224
550,8210,38.04267387621884,0,0,0,0,0,0,0,1,0,2529.605811074845,1.587399297688804e-06,3.848597048716521e-05,37.02067505623471
551,9132,38.50092913032362,0,0,0,0,0,0,0,1,0,495.717689062371,1.587399297688804e-06,3.848597048716521e-05,37.4789303103236
552,9290,45.77038259222855,0,0,0,0,0,0,0,1,0,2.343536271838347,1.587399297688804e-06,3.848597048716521e-05,44.74838377223183
553,10945,48.74599410600365,0,0,0,0,0,0,0,1,0,6961.546980393309,1.587399297688804e-06,3.848597048716521e-05,47.72399528600354
554,10449,45.54677497475122,0,0,0,0,0,0,0,1,0,1709.475581237373,1.587399297688804e-06,3.848597048716521e-05,44.52477615475117
555,3556,17.33746187444365,0,0,0,0,0,0,0,1,0,1432.203416858688,1.587399297688804e-06,3.848597048716521e-05,16.31546305444364
556,6842,31.95428986102473,0,0,0,0,0,0,0,1,0,624.7929521089156,1.587399297688804e-06,3.848597048716521e-05,30.93229104102472
557,11129,50.37856079881812,0,0,0,0,0,0,0,1,0,1338.907993205275,1.587399297688804e-06,3.848597048716521e-05,49.35656197881803
558,8195,37.68925491658315,0,0,0,0,0,0,0,1,0,2087.519856086894,1.587399297688804e-06,3.848597048716521e-05,36.6672560965831
559,6423,27.72840630824946,0,0,0,0,0,0,0,1,0,4520.567775128321,1.587399297688804e-06,3.848597048716521e-05,26.70640748824945
560,11333,52.08066818600808,0,0,0,0,0,0,0,1,0,2454.975534961435,1.587399297688804e-06,3.848597048716521e-05,51.05866936598726
561,4971,22.47656755871013,0,0,0,0,0,0,0,1,0,1206.624499406917,1.587399297688804e-06,3.848597048716521e-05,21.45456873871015
562,3975,17.40076360068562,0,0,0,0,0,0,0,1,0,702.315272996343,1.587399297688804e-06,3.848597048716521e-05,16.37876478068561
563,11304,50.69655924414524,0,0,0,0,0,0,0,1,0,3391.053975148276,1.587399297688804e-06,3.848597048716521e-05,49.67456042414508
564,10581,49.58526343807803,0,0,0,0,0,0,0,1,0,1157.316520822491,1.587399297688804e-06,3.848597048716521e-05,48.56326461807795
565,7433,32.46813463403232,0,0,0,0,0,0,0,1,0,225.9892458140483,1.587399297688804e-06,3.848597048716521e-05,31.44613581403239
566,10174,47.43894031348424,0,0,0,0,0,0,0,1,0,901.9734822881253,1.587399297688804e-06,3.848597048716521e-05,46.41694149348415
567,10063,45.32484475390526,0,0,0,0,0,0,0,1,0,4395.57235927987,1.587399297688804e-06,3.848597048716521e-05,44.30284593390518
568,7818,36.26099340634298,0,0,0,0,0,0,0,1,0,5250.733228905005,1.587399297688804e-06,3.848597048716521e-05,35.23899458634289
569,4217,20.87280806984581,0,0,0,0,0,0,0,1,0,197.6928886140587,1.587399297688804e-06,3.848597048716521e-05,19.85080924984577
570,11394,51.37001833383343,0,0,0,0,0,0,0,1,0,429.1288255485042,1.587399297688804e-06,3.848597048716521e-05,50.34801951383334
571,2198,10.45689013418863,0,0,0,0,0,0,0,1,0,4548.64200184662,1.587399297688804e-06,3.848597048716521e-05,9.434891314188613
572,10547,45.74977476649438,0,0,0,0,0,0,0,1,0,1153.201710067887,1.587399297688804e-06,3.848597048716521e-05,44.72777594649421
573,9649,46.51571587694549,0,0,0,0,0,0,0,1,0,351.7411687859488,1.587399297688804e-06,3.848597048716521e-05,45.49371705694544
574,10457,50.15980552916204,0,0,0,0,0,0,0,1,0,3138.057050542483,1.587399297688804e-06,3.848597048716521e-05,49.137806709162
575,6821,32.97613158722331,0,0,0,0,0,0,0,1,0,3409.692536616436,1.587399297688804e-06,3.848597048716521e-05,31.95413276722332
576,7520,32.79343399699057,0,0,0,0,0,0,0,1,0,2298.532787861795,1.587399297688804e-06,3.848597048716521e-05,31.77143517699052
577,10395,50.70394790492301,0,0,0,0,0,0,0,1,0,871.4902617322633,1.587399297688804e-06,3.848597048716521e-05,49.68194908492293
578,9682,48.14278041406249,0,0,0,0,0,0,0,1,0,398.4449764339504,1.587399297688804e-06,3.848597048716521e-05,47.12078159406237
579,8925,43.83382697510275,0,0,0,0,0,0,0,1,0,2728.667248269761,1.587399297688804e-06,3.848597048716521e-05,42.81182815510271
580,8556,37.74388053030462,0,0,0,0,0,0,0,1,0,643.5109673387707,1.587399297688804e-06,3.848597048716521e-05,36.72188171019239
581,8119,43.31013595573582,0,0,0,0,0,0,0,1,0,559.2652505565234,1.587399297688804e-06,3.848597048716521e-05,42.28813713573575
582,9368,43.09926342255821,0,0,0,0,0,0,0,1,0,718.1023531075587,1.587399297688804e-06,3.848597048716521e-05,42.0772646025581
583,10447,52.37017191079329,0,0,0,0,0,0,0,1,0,3114.584196429933,1.587399297688804e-06,3.848597048716521e-05,51.34817309079322
584,6030,28.82469888564116,0,0,0,0,0,0,0,1,0,1502.098836218141,1.587399297688804e-06,3.848597048716521e-05,27.80270006564112
585,8000,38.64387377117023,0,0,0,0,0,0,0,1,0,2382.199262730519,1.587399297688804e-06,3.848597048716521e-05,37.62187495088703
586,5680,24.62271455297694,0,0,0,0,0,0,0,1,0,4282.747746006144,1.587399297688804e-06,3.848597048716521e-05,23.60071573297692
587,9624,41.49228963242907,0,0,0,0,0,0,0,1,0,2276.578544038918,1.587399297688804e-06,3.848597048716521e-05,40.47029081242893
588,4678,19.81490750285484,0,0,0,0,0,0,0,1,0,3431.462979036083,1.587399297688804e-06,3.848597048716521e-05,18.79290868285488
589,3630,18.9503438350987,0,0,0,0,0,0,0,1,0,406.6870526652094,1.587399297688804e-06,3.848597048716521e-05,17.92834501509869
590,7458,37.8437414444367,0,0,0,0,0,0,0,1,0,2048.533364629537,1.587399297688804e-06,3.848597048716521e-05,36.8217426243253
591,8586,37.82937053860365,0,0,0,0,0,0,0,1,0,346.9067048727586,1.587399297688804e-06,3.848597048716521e-05,36.80737171855287
592,8153,40.78463661121766,0,0,0,0,0,0,0,1,0,4899.514871158528,1.587399297688804e-06,3.848597048716521e-05,39.76263779126781
593,6013,26.99058069009478,0,0,0,0,0,0,0,1,0,1538.486605059648,1.587399297688804e-06,3.848597048716521e-05,25.96858187009476
594,6799,30.10772695544805,0,0,0,0,0,0,0,1,0,69.13595910286223,1.587399297688804e-06,3.848597048716521e-05,29.08572813544803
595,9293,45.08065617040248,0,0,0,0,0,0,0,1,0,2822.869977547799,1.587399297688804e-06,3.848597048716521e-05,44.05865735042305
596,11200,48.35462188491179,0,0,0,0,0,0,0,1,0,2828.524014580482,1.587399297688804e-06,3.848597048716521e-05,47.33262306491179
597,9996,47.41292998867214,0,0,0,0,0,0,0,1,0,1133.649767946644,1.587399297688804e-06,3.848597048716521e-05,46.39093116867416
598,6247,34.75049068468609,0,0,0,0,0,0,0,1,0,4299.815857431391,1.587399297688804e-06,3.848597048716521e-05,33.72849186468605
599,10572,49.03561451853283,0,0,0,0,0,0,0,1,0,6772.119835086139,1.587399297688804e-06,3.848597048716521e-05,48.01361569853277
600,6615,30.5881342672469,0,0,0,0,0,0,0,1,0,2022.665671897599,1.587399297688804e-06,3.848597048716521e-05,29.56613544724691
601,9522,48.7075066116752,0,0,0,0,0,0,0,1,0,731.8032673913582,1.587399297688804e-06,3.848597048716521e-05,47.68550779165825
602,10646,49.42764385327666,0,0,0,0,0,0,0,1,0,373.2940159762184,1.587399297688804e-06,3.848597048716521e-05,48.40564503327666
603,9682,45.1092661070473,0,0,0,0,0,0,0,1,0,1621.479900490109,1.587399297688804e-06,3.848597048716521e-05,44.08726728704723
604,9018,40.26412415727741,0,0,0,0,0,0,0,1,0,2094.647091144137,1.587399297688804e-06,3.848597048716521e-05,39.24212533727735
605,11931,52.04548270897487,0,0,0,0,0,0,0,1,0,3521.41133061721,1.587399297688804e-06,3.848597048716521e-05,51.02348388897494
606,10255,44.52706967267956,0,0,0,0,0,0,0,1,0,1599.234593024797,1.587399297688804e-06,3.848597048716521e-05,43.50507085267938
607,5124,23.21457341604617,0,0,0,0,0,0,0,1,0,3532.126844158651,1.587399297688804e-06,3.848597048716521e-05,22.19257459604616
608,10842,47.12491479760177,0,0,0,0,0,0,0,1,0,4636.764339011057,1.587399297688804e-06,3.848597048716521e-05,46.10291597760175
609,9238,43.10909723933234,0,0,0,0,0,0,0,1,0,3922.890962604064,1.587399297688804e-06,3.848597048716521e-05,42.08709841933224
610,0,1e-06,0,0,0,0,0,0,0,0,0,11100.88051463366,1.587399297688804e-06,3.848597048716521e-05,-1
611,6757,30.85208299688378,0,0,0,0,0,0,0,1,0,1457.707380590934,1.587399297688804e-06,3.848597048716521e-05,29.83008417688374
612,6638,29.19532432230963,0,0,0,0,0,0,0,1,0,50.68116821146016,1.587399297688804e-06,3.848597048716521e-05,28.1733255023096
613,851,4.69535699106811,0,0,0,0,0,0,0,1,0,2817.882905864187,1.587399297688804e-06,3.848597048716521e-05,3.673358171068114
614,7067,33.57799679074265,0,0,0,0,0,0,0,1,0,1027.728774976787,1.587399297688804e-06,3.848597048716521e-05,32.55599797074254
615,10196,46.6670219265797,0,0,0,0,0,0,0,1,0,3718.806439124598,1.587399297688804e-06,3.848597048716521e-05,45.64502310635706
616,9525,48.23592744336469,0,0,0,0,0,0,0,1,0,3712.235647589519,1.587399297688804e-06,3.848597048716521e-05,47.21392862336101
617,5310,25.97070947450998,0,0,0,0,0,0,0,1,0,47.4609899846984,1.587399297688804e-06,3.848597048716521e-05,24.94871065450996
618,9638,50.23873631319889,0,0,0,0,0,0,0,1,0,1159.98209570881,1.587399297688804e-06,3.848597048716521e-05,49.21673749378268
619,11481,50.27010748043337,0,0,0,0,0,0,0,1,0,109.6842788309901,1.587399297688804e-06,3.848597048716521e-05,49.24810866043322
620,3542,15.54939330365209,0,0,0,0,0,0,0,1,0,1773.531140607771,1.587399297688804e-06,3.848597048716521e-05,14.52739448365211
621,6293,27.03766116538324,0,0,0,0,0,0,0,1,0,310.0182918014451,1.587399297688804e-06,3.848597048716521e-05,26.01566234538324
622,7320,32.7560293223015,0,0,0,0,0,0,0,1,0,317.7958305977584,1.587399297688804e-06,3.848597048716521e-05,31.7340305023015
623,6375,31.05279788736113,0,0,0,0,0,0,0,1,0,2335.853582335528,1.587399297688804e-06,3.848597048716521e-05,30.03079906736117
624,7701,32.78770891661618,0,0,0,0,0,0,0,1,0,771.6887305688649,1.587399297688804e-06,3.848597048716521e-05,31.76571009661614
625,11368,52.92701782505183,0,0,0,0,0,0,0,1,0,1383.32075329954,1.587399297688804e-06,3.848597048716521e-05,51.90501900505182
626,8555,38.68457191242594,0,0,0,0,0,0,0,1,0,1499.12918024516,1.587399297688804e-06,3.848597048716521e-05,37.66257309242589
627,5691,25.98630397330028,0,0,0,0,0,0,0,1,0,1023.496305495339,1.587399297688804e-06,3.848597048716521e-05,24.96430515330028
628,6227,27.84498319187664,0,0,0,0,0,0,0,1,0,4772.621620432709,1.587399297688804e-06,3.848597048716521e-05,26.8229843718766
629,10734,51.20208580535422,0,0,0,0,0,0,0,1,0,2767.306112988129,1.587399297688804e-06,3.848597048716521e-05,50.18008698535409
630,7402,32.31908586774753,0,0,0,0,0,0,0,1,0,753.5957014257674,1.587399297688804e-06,3.848597048716521e-05,31.29708704774753
631,10813,48.88870386317819,0,0,0,0,0,0,0,1,0,473.1768974687251,1.587399297688804e-06,3.848597048716521e-05,47.86670504317807
632,7179,33.64110174542277,0,0,0,0,0,0,0,1,0,1395.289735241743,1.587399297688804e-06,3.848597048716521e-05,32.61910292542272
633,7244,34.54686871338544,0,0,0,0,0,0,0,1,0,798.5279543853359,1.587399297688804e-06,3.848597048716521e-05,33.52486989338536
634,9567,43.25730855453922,0,0,0,0,0,0,0,1,0,3160.063301425567,1.587399297688804e-06,3.848597048716521e-05,42.23530973453909
635,10153,49.97971760016939,0,0,0,0,0,0,0,1,0,8259.929118386217,1.587399297688804e-06,3.848597048716521e-05,48.9577187801693
636,7819,34.32989888615738,0,0,0,0,0,0,0,1,0,4222.067334178697,1.587399297688804e-06,3.848597048716521e-05,33.30790006615739
637,4982,32.63216686272647,0,0,0,0,0,0,0,1,0,853.0100454508399,1.587399297688804e-06,3.848597048716521e-05,31.61016804272758
638,10064,48.6557748793531,0,0,0,0,0,0,0,1,0,1401.756781762583,1.587399297688804e-06,3.848597048716521e-05,47.63377605933209
639,8557,42.61406180321266,0,0,0,0,0,0,0,1,0,712.7171099818033,1.587399297688804e-06,3.848597048716521e-05,41.59206298321262
640,5495,27.24453245550364,0,0,0,0,0,0,0,1,0,2818.42452262579,1.587399297688804e-06,3.848597048716521e-05,26.2225336355036
641,11909,53.03176424802297,0,0,0,0,0,0,0,1,0,7652.348918178398,1.587399297688804e-06,3.848597048716521e-05,52.00976542802292
642,11281,49.64060993585839,0,0,0,0,0,0,0,1,0,134.9942767962976,1.587399297688804e-06,3.848597048716521e-05,48.61861111585831
643,6264,27.09493683715768,0,0,0,0,0,0,0,1,0,3429.979612065843,1.587399297688804e-06,3.848597048716521e-05,26.07293801715768
644,9856,48.212267190898,0,0,0,0,0,0,0,1,0,2964.063976415227,1.587399297688804e-06,3.848597048716521e-05,47.19026837089802
645,11567,50.79798574199438,0,0,0,0,0,0,0,1,0,2634.797457801678,1.587399297688804e-06,3.848597048716521e-05,49.77598692199435
646,10703,50.83223682249953,0,0,0,0,0,0,0,1,0,66.41858924267758,1.587399297688804e-06,3.848597048716521e-05,49.81023800249931
647,10848,47.00970940684469,0,0,0,0,0,0,0,1,0,393.447811908371,1.587399297688804e-06,3.848597048716521e-05,45.98771058684454
648,7539,34.83658717666561,0,0,0,0,0,0,0,1,0,3402.927718731075,1.587399297688804e-06,3.848597048716521e-05,33.81458835666559
649,8734,37.86151525634785,0,0,0,0,0,0,0,1,0,4576.411876255446,1.587399297688804e-06,3.848597048716521e-05,36.8395164363478
650,8200,38.74477125194147,0,0,0,0,0,0,0,1,0,1389.003049694016,1.587399297688804e-06,3.848597048716521e-05,37.72277243194143
651,9801,47.12109147565437,0,0,0,0,0,0,0,1,0,7653.255194630653,1.587399297688804e-06,3.848597048716521e-05,46.09909265565428
652,9861,40.24078475285364,0,0,0,0,0,0,0,1,0,1430.948901664089,1.587399297688804e-06,3.848597048716521e-05,39.21878593285357
653,10040,46.75695376828845,0,0,0,0,0,0,0,1,0,3020.085903427158,1.587399297688804e-06,3.848597048716521e-05,45.73495494828833
654,6140,30.87361236236529,0,0,0,0,0,0,0,1,0,1599.189704792323,1.587399297688804e-06,3.848597048716521e-05,29.85161354236526
655,8875,38.45399567303661,0,0,0,0,0,0,0,1,0,1468.654997463551,1.587399297688804e-06,3.848597048716521e-05,37.43199685303654
656,10338,48.36096535562962,0,0,0,0,0,0,0,1,0,157.0630086898335,1.587399297688804e-06,3.848597048716521e-05,47.33896653562947
657,11113,50.13610100270725,0,0,0,0,0,0,0,1,0,700.5548548878918,1.587399297688804e-06,3.848597048716521e-05,49.11410218269649
658,7786,35.60538679618404,0,0,0,0,0,0,0,1,0,851.9567638280682,1.587399297688804e-06,3.848597048716521e-05,34.58338797618399
659,9840,41.07247420106255,0,0,0,0,0,0,0,1,0,2206.567656904446,1.587399297688804e-06,3.848597048716521e-05,40.05047538106247
660,9812,50.19561748283692,0,0,0,0,0,0,0,1,0,4981.359853741323,1.587399297688804e-06,3.848597048716521e-05,49.1736186628838
661,11730,51.9178181869039,0,0,0,0,0,0,0,1,0,522.3523665214077,1.587399297688804e-06,3.848597048716521e-05,50.89581936690372
662,10168,46.29851534743745,0,0,0,0,0,0,0,1,0,3697.13563774256,1.587399297688804e-06,3.848597048716521e-05,45.27651652740022
663,7375,34.38912429821175,0,0,0,0,0,0,0,1,0,3279.142096039732,1.587399297688804e-06,3.848597048716521e-05,33.3671254782117
664,4410,20.48533117938486,0,0,0,0,0,0,0,1,0,1149.442768653647,1.587399297688804e-06,3.848597048716521e-05,19.46333235938488
665,4597,22.16403551049781,0,0,0,0,0,0,0,1,0,6459.616976844383,1.587399297688804e-06,3.848597048716521e-05,21.14203669042236
666,9236,41.97271972252837,0,0,0,0,0,0,0,1,0,506.4686931608822,1.587399297688804e-06,3.848597048716521e-05,40.95072090252838
667,0,1e-06,0,0,0,0,0,0,0,0,0,15780.5004966705,1.587399297688804e-06,3.848597048716521e-05,-1
668,10102,43.43861864750441,0,0,0,0,0,0,0,1,0,4278.066959059305,1.587399297688804e-06,3.848597048716521e-05,42.41661982750426
669,7707,34.81343618853155,0,0,0,0,0,0,0,1,0,3267.696317994503,1.587399297688804e-06,3.848597048716521e-05,33.79143736853142
670,4320,20.0076444350243,0,0,0,0,0,0,0,1,0,78.0394371780047,1.587399297688804e-06,3.848597048716521e-05,18.98564561502428
671,8070,38.21491116112518,0,0,0,0,0,0,0,1,0,7639.786633679523,1.587399297688804e-06,3.848597048716521e-05,37.19291234112513
672,8886,41.02505199233741,0,0,0,0,0,0,0,1,0,441.5779673378423,1.587399297688804e-06,3.848597048716521e-05,40.00305317233738
673,9308,38.49255810982118,0,0,0,0,0,0,0,1,0,667.0643882818599,1.587399297688804e-06,3.848597048716521e-05,37.47055928982115
674,4444,19.63293154989253,0,0,0,0,0,0,0,1,0,2514.994545607311,1.587399297688804e-06,3.848597048716521e-05,18.61093272989254
675,9055,39.61110650887684,0,0,0,0,0,0,0,1,0,2185.432235815262,1.587399297688804e-06,3.848597048716521e-05,38.58910768894705
676,7706,33.3920378773947,0,0,0,0,0,0,0,1,0,647.3652708756106,1.587399297688804e-06,3.848597048716521e-05,32.37003905739473
677,11676,50.46907935321495,0,0,0,0,0,0,0,1,0,9.396147490320155,1.587399297688804e-06,3.848597048716521e-05,49.44708053321476
678,9621,47.2198754696099,0,0,0,0,0,0,0,1,0,1661.014038030086,1.587399297688804e-06,3.848597048716521e-05,46.19787664962688
679,3976,19.93450872021615,0,0,0,0,0,0,0,1,0,2377.593763512806,1.587399297688804e-06,3.848597048716521e-05,18.91250990021611
680,9022,43.73758184183932,0,0,0,0,0,0,0,1,0,90.88159488289423,1.587399297688804e-06,3.848597048716521e-05,42.71558302164279
681,8217,37.51044743839043,0,0,0,0,0,0,0,1,0,11.03114077667697,1.587399297688804e-06,3.848597048716521e-05,36.48844861839049
682,9058,41.61491892498068,0,0,0,0,0,0,0,1,0,2450.891083690259,1.587399297688804e-06,3.848597048716521e-05,40.59292010498071
683,11205,48.98773736480965,0,0,0,0,0,0,0,1,0,2205.372772291149,1.587399297688804e-06,3.848597048716521e-05,47.96573854480957
684,9762,45.47250706459752,0,0,0,0,0,0,0,1,0,738.2333005887201,1.587399297688804e-06,3.848597048716521e-05,44.45050824459742
685,10593,47.9147869803612,0,0,0,0,0,0,0,1,0,7030.070995454499,1.587399297688804e-06,3.848597048716521e-05,46.89278816036109
686,4755,23.94980143454945,0,0,0,0,0,0,0,1,0,643.1509875586248,1.587399297688804e-06,3.848597048716521e-05,22.92780261454946
687,12385,52.82468057511988,0,0,0,0,0,0,0,1,0,674.7740916336905,1.587399297688804e-06,3.848597048716521e-05,51.80268175511971
688,9222,40.21495464749056,0,0,0,0,0,0,0,1,0,752.7797739244686,1.587399297688804e-06,3.848597048716521e-05,39.19295582749042
689,9301,48.07186694358696,0,0,0,0,0,0,0,1,0,1951.360910404867,1.587399297688804e-06,3.848597048716521e-05,47.04986812358693
690,7601,34.64628058550181,0,0,0,0,0,0,0,1,0,659.6177065715449,1.587399297688804e-06,3.848597048716521e-05,33.62428176550183
691,5638,27.19229796459662,0,0,0,0,0,0,0,1,0,3212.929825903199,1.587399297688804e-06,3.848597048716521e-05,26.17029914459667
692,9691,44.61444964828663,0,0,0,0,0,0,0,1,0,2666.952548486866,1.587399297688804e-06,3.848597048716521e-05,43.59245082828658
693,7673,36.15168212473162,0,0,0,0,0,0,0,1,0,383.6952022475891,1.587399297688804e-06,3.848597048716521e-05,35.12968330473154
694,5092,26.48338581542594,0,0,0,0,0,0,0,1,0,650.9234915017331,1.587399297688804e-06,3.848597048716521e-05,25.46138699542592
695,7464,35.27039355474726,0,0,0,0,0,0,0,1,0,490.5311100645415,1.587399297688804e-06,3.848597048716521e-05,34.24839473474717
696,7387,34.73373457667668,0,0,0,0,0,0,0,1,0,357.0634342188978,1.587399297688804e-06,3.848597048716521e-05,33.71173575671521
697,0,1e-06,0,0,0,0,0,0,0,0,0,11678.19023020078,1.587399297688804e-06,3.848597048716521e-05,-1
698,6470,31.119333112333,0,0,0,0,0,0,0,1,0,1986.695681253217,1.587399297688804e-06,3.848597048716521e-05,30.09733429233302
699,9375,42.49026402274508,0,0,0,0,0,0,0,1,0,626.0954930136389,1.587399297688804e-06,3.848597048716521e-05,41.46826520274499
700,8435,41.29536289368164,0,0,0,0,0,0,0,1,0,2306.39420378124,1.587399297688804e-06,3.848597048716521e-05,40.27336407368153
701,8934,44.56596539977693,0,0,0,0,0,0,0,1,0,1485.34191872959,1.587399297688804e-06,3.848597048716521e-05,43.54396657982446
702,8835,41.59187095318475,0,0,0,0,0,0,0,1,0,1247.985880316564,1.587399297688804e-06,3.848597048716521e-05,40.56987213326796
703,11173,50.52189720666768,0,0,0,0,0,0,0,1,0,436.7992256149145,1.587399297688804e-06,3.848597048716521e-05,49.49989838666756
704,7171,33.71752390042077,0,0,0,0,0,0,0,1,0,5411.161181426103,1.587399297688804e-06,3.848597048716521e-05,32.69552508042072
705,7746,36.21584267873202,0,0,0,0,0,0,0,1,0,1002.806298415944,1.587399297688804e-06,3.848597048716521e-05,35.1938438587319
706,4790,20.70728968592825,0,0,0,0,0,0,0,1,0,258.7392130323315,1.587399297688804e-06,3.848597048716521e-05,19.68529086592823
707,4493,21.92632251766317,0,0,0,0,0,0,0,1,0,656.9504851573944,1.587399297688804e-06,3.848597048716521e-05,20.90432369766316
708,6589,33.30708514230856,0,0,0,0,0,0,0,1,0,1289.063203788611,1.587399297688804e-06,3.848597048716521e-05,32.28508632230859
709,7801,33.63388547051127,0,0,0,0,0,0,0,1,0,2688.509782346615,1.587399297688804e-06,3.848597048716521e-05,32.61188665051125
710,7784,36.87371050581044,0,0,0,0,0,0,0,1,0,7477.893958088259,1.587399297688804e-06,3.848597048716521e-05,35.85171168579117
711,4782,25.63590856223184,0,0,0,0,0,0,0,1,0,2724.14307943555,1.587399297688804e-06,3.848597048716521e-05,24.61390974216082
712,9197,43.39555434740669,0,0,0,0,0,0,0,1,0,373.6107336713587,1.587399297688804e-06,3.848597048716521e-05,42.37355552740656
713,9795,44.52258902956765,0,0,0,0,0,0,0,1,0,1437.081618640391,1.587399297688804e-06,3.848597048716521e-05,43.50059020956765
714,8460,38.41531421020463,0,0,0,0,0,0,0,1,0,188.8814320178183,1.587399297688804e-06,3.848597048716521e-05,37.3933153902045
715,11766,52.12046890619646,0,0,0,0,0,0,0,1,0,270.0764130938163,1.587399297688804e-06,3.848597048716521e-05,51.09847008619643
716,5993,26.50774839871807,0,0,0,0,0,0,0,1,0,115.9293571415795,1.587399297688804e-06,3.848597048716521e-05,25.48574957871806
717,8693,38.22629995859161,0,0,0,0,0,0,0,1,0,1093.254953351068,1.587399297688804e-06,3.848597048716521e-05,37.20430113859147
718,10724,49.00645441742757,0,0,0,0,0,0,0,1,0,7015.591088996121,1.587399297688804e-06,3.848597048716521e-05,47.98445559770047
719,3139,17.38781260017077,0,0,0,0,0,0,0,1,0,1112.726377304875,1.587399297688804e-06,3.848597048716521e-05,16.36581378014536
720,5304,24.11841493128119,0,0,0,0,0,0,0,1,0,2687.493456645438,1.587399297688804e-06,3.848597048716521e-05,23.09641611128118
721,8562,37.81376348024589,0,0,0,0,0,0,0,1,0,1883.112079408082,1.587399297688804e-06,3.848597048716521e-05,36.79176466024583
722,11623,48.73847036963348,0,0,0,0,0,0,0,1,0,1299.865944813033,1.587399297688804e-06,3.848597048716521e-05,47.71647154963342
723,5497,28.78543275383782,0,0,0,0,0,0,0,1,0,890.1176548801088,1.587399297688804e-06,3.848597048716521e-05,27.76343393383783
724,10870,48.50102887871229,0,0,0,0,0,0,0,1,0,1769.895275213635,1.587399297688804e-06,3.848597048716521e-05,47.47903005871225
725,11845,53.1237127820571,0,0,0,0,0,0,0,1,0,942.7415882072057,1.587399297688804e-06,3.848597048716521e-05,52.10171396205703
726,7849,34.68057921511299,0,0,0,0,0,0,0,1,0,3191.953839706568,1.587399297688804e-06,3.848597048716521e-05,33.65858039511289
727,10135,44.90696882659698,0,0,0,0,0,0,0,1,0,3947.105364734639,1.587399297688804e-06,3.848597048716521e-05,43.88497000659683
728,8694,39.05756017985927,0,0,0,0,0,0,0,1,0,41.47461132266879,1.587399297688804e-06,3.848597048716521e-05,38.03556135985914
729,9747,45.71845255332381,0,0,0,0,0,0,0,1,0,3849.415830260785,1.587399297688804e-06,3.848597048716521e-05,44.69645373332376
730,8608,44.33376034073088,0,0,0,0,0,0,0,1,0,1137.077284360001,1.587399297688804e-06,3.848597048716521e-05,43.31176152073079
731,11156,50.44930668523609,0,0,0,0,0,0,0,1,0,2564.872715398065,1.587399297688804e-06,3.848597048716521e-05,49.42730786523602
732,6371,28.81767845659302,0,0,0,0,0,0,0,1,0,1000.459150781676,1.587399297688804e-06,3.848597048716521e-05,27.79567963659299
733,9866,47.03830103818761,0,0,0,0,0,0,0,1,0,353.7694854016465,1.587399297688804e-06,3.848597048716521e-05,46.01630221818748
734,7077,35.04187620028114,0,0,0,0,0,0,0,1,0,2147.921280860773,1.587399297688804e-06,3.848597048716521e-05,34.01987738028107
735,7328,36.33420545774269,0,0,0,0,0,0,0,1,0,668.5005484522675,1.587399297688804e-06,3.848597048716521e-05,35.31220663774267
736,8987,39.70766708864463,0,0,0,0,0,0,0,1,0,3011.698180058937,1.587399297688804e-06,3.848597048716521e-05,38.68566826864458
737,6968,35.43735530731865,0,0,0,0,0,0,0,1,0,2713.631369769528,1.587399297688804e-06,3.848597048716521e-05,34.41535648792672
738,8257,37.58775523753854,0,0,0,0,0,0,0,1,0,1848.17898095707,1.587399297688804e-06,3.848597048716521e-05,36.56575641753857
739,9718,41.83669328968918,0,0,0,0,0,0,0,1,0,1871.025223801161,1.587399297688804e-06,3.848597048716521e-05,40.81469446968907
740,7742,38.9485999345473,0,0,0,0,0,0,0,1,0,1145.294610891553,1.587399297688804e-06,3.848597048716521e-05,37.9266011145065
741,8551,38.98037159326183,0,0,0,0,0,0,0,1,0,2352.6249252072,1.587399297688804e-06,3.848597048716521e-05,37.9583727732618
742,6147,29.0546898201912,0,0,0,0,0,0,0,1,0,2346.37804157543,1.587399297688804e-06,3.848597048716521e-05,28.03269100019118
743,10231,49.04937800236713,0,0,0,0,0,0,0,1,0,303.9391400197442,1.587399297688804e-06,3.848597048716521e-05,48.02737918236519
744,8584,43.25832406655369,0,0,0,0,0,0,0,1,0,5314.632910758756,1.587399297688804e-06,3.848597048716521e-05,42.2363252464006
745,10715,50.66580440745368,0,0,0,0,0,0,0,1,0,5593.296713930788,1.587399297688804e-06,3.848597048716521e-05,49.64380558745358
746,3426,16.0392644259792,0,0,0,0,0,0,0,1,0,154.2390998467379,1.587399297688804e-06,3.848597048716521e-05,15.01726560597918
747,9548,47.65790446220242,0,0,0,0,0,0,0,1,0,1492.340466818758,1.587399297688804e-06,3.848597048716521e-05,46.63590564220235
748,7951,40.85088715280568,0,0,0,0,0,0,0,1,0,1672.050089192988,1.587399297688804e-06,3.848597048716521e-05,39.82888833280076
749,7553,33.07804650630655,0,0,0,0,0,0,0,1,0,163.9234689546637,1.587399297688804e-06,3.848597048716521e-05,32.05604768630653
750,6440,29.20786455910726,0,0,0,0,0,0,0,1,0,1299.251827040725,1.587399297688804e-06,3.848597048716521e-05,28.18586573910727
751,11825,52.25266797654858,0,0,0,0,0,0,0,1,0,352.0853237704029,1.587399297688804e-06,3.848597048716521e-05,51.23066915637641
752,8099,44.83965696831201,0,0,0,0,0,0,0,1,0,2793.222959944781,1.587399297688804e-06,3.848597048716521e-05,43.81765814831186
753,6875,30.63198062815638,0,0,0,0,0,0,0,1,0,1650.762811331072,1.587399297688804e-06,3.848597048716521e-05,29.60998180815639
754,7749,39.63327246645244,0,0,0,0,0,0,0,1,0,2744.737434498963,1.587399297688804e-06,3.848597048716521e-05,38.61127364645246
755,6640,31.47391284884759,0,0,0,0,0,0,0,1,0,1585.010324333274,1.587399297688804e-06,3.848597048716521e-05,30.45191402884757
756,10635,47.34777284596793,0,0,0,0,0,0,0,1,0,1628.306408597739,1.587399297688804e-06,3.848597048716521e-05,46.32577402596782
757,10040,46.88565218510061,0,0,0,0,0,0,0,1,0,1418.441171441604,1.587399297688804e-06,3.848597048716521e-05,45.86365336514955
758,10294,48.14977542667343,0,0,0,0,0,0,0,1,0,2928.413425010341,1.587399297688804e-06,3.848597048716521e-05,47.12777660667332
759,5809,25.08017184030592,0,0,0,0,0,0,0,1,0,24.89233224282313,1.587399297688804e-06,3.848597048716521e-05,24.05817302030588
760,8897,42.4800922446243,0,0,0,0,0,0,0,1,0,2978.483629865641,1.587399297688804e-06,3.848597048716521e-05,41.4580934246243
761,8319,37.9598017736103,0,0,0,0,0,0,0,1,0,578.5590841704829,1.587399297688804e-06,3.848597048716521e-05,36.93780295361025
762,11529,51.37110860857009,0,0,0,0,0,0,0,1,0,9126.796664976417,1.587399297688804e-06,3.848597048716521e-05,50.34910978857008
763,8548,39.64505786892431,0,0,0,0,0,0,0,1,0,5411.060878815359,1.587399297688804e-06,3.848597048716521e-05,38.6230590489242
764,8199,38.71052401795775,0,0,0,0,0,0,0,1,0,1075.4754360175,1.587399297688804e-06,3.848597048716521e-05,37.68852519795769
765,10560,47.8597614247017,0,0,0,0,0,0,0,1,0,409.7553140612405,1.587399297688804e-06,3.848597048716521e-05,46.83776260470142
766,9101,41.82044539426654,0,0,0,0,0,0,0,1,0,865.939719986276,1.587399297688804e-06,3.848597048716521e-05,40.79844657426645
767,9991,43.97474226473157,0,0,0,0,0,0,0,1,0,1250.594244178269,1.587399297688804e-06,3.848597048716521e-05,42.95274344473147
768,3270,15.43679936195886,0,0,0,0,0,0,0,1,0,1120.549464066864,1.587399297688804e-06,3.848597048716521e-05,14.41480054195886
769,7010,34.82385343977039,0,0,0,0,0,0,0,1,0,2925.877681360172,1.587399297688804e-06,3.848597048716521e-05,33.8018546197703
770,8173,38.53871526355563,0,0,0,0,0,0,0,1,0,2987.68049384358,1.587399297688804e-06,3.848597048716521e-05,37.51671644355557
771,11703,49.95513449734484,0,0,0,0,0,0,0,1,0,272.0219332640521,1.587399297688804e-06,3.848597048716521e-05,48.93313567734479
772,9463,41.50195438094634,0,0,0,0,0,0,0,1,0,877.6086670824984,1.587399297688804e-06,3.848597048716521e-05,40.47995556094628
773,6651,32.97950760728673,0,0,0,0,0,0,0,1,0,880.9279130692607,1.587399297688804e-06,3.848597048716521e-05,31.95750878717816
774,6944,36.82394522030985,0,0,0,0,0,0,0,1,0,4687.254513723704,1.587399297688804e-06,3.848597048716521e-05,35.80194640030972
775,9741,48.87296052443826,0,0,0,0,0,0,0,1,0,2373.644609350602,1.587399297688804e-06,3.848597048716521e-05,47.85096170443815
776,7344,33.37087774852448,0,0,0,0,0,0,0,1,0,14.83067824459191,1.587399297688804e-06,3.848597048716521e-05,32.34887892852436
777,11085,53.15961069299834,0,0,0,0,0,0,0,1,0,1095.125477014914,1.587399297688804e-06,3.848597048716521e-05,52.13761187299826
778,2208,11.93208555190959,0,0,0,0,0,0,0,1,0,6515.088752261579,1.587399297688804e-06,3.848597048716521e-05,10.91008673190959
779,2504,11.38356150384098,0,0,0,0,0,0,0,1,0,306.4184553230771,1.587399297688804e-06,3.848597048716521e-05,10.36156268384098
780,8459,36.27307521356726,0,0,0,0,0,0,0,1,0,9182.686839415199,1.587399297688804e-06,3.848597048716521e-05,35.25107639356719
781,7891,36.31419422424859,0,0,0,0,0,0,0,1,0,347.3088098354262,1.587399297688804e-06,3.848597048716521e-05,35.29219540424851
782,8004,39.8567312295388,0,0,0,0,0,0,0,1,0,1650.736267946022,1.587399297688804e-06,3.848597048716521e-05,38.83473240953868
783,1775,9.025862067903464,0,0,0,0,0,0,0,1,0,965.7351181050489,1.587399297688804e-06,3.848597048716521e-05,8.003863247903462
784,9669,43.38902332207126,0,0,0,0,0,0,0,1,0,1013.320289622308,1.587399297688804e-06,3.848597048716521e-05,42.36702450207121
785,8469,39.43375943351706,0,0,0,0,0,0,0,1,0,2647.538484905579,1.587399297688804e-06,3.848597048716521e-05,38.41176061351695
786,10557,46.3572439413273,0,0,0,0,0,0,0,1,0,3057.606547294369,1.587399297688804e-06,3.848597048716521e-05,45.33524512132726
787,9231,44.40017950124896,0,0,0,0,0,0,0,1,0,2280.863540277525,1.587399297688804e-06,3.848597048716521e-05,43.3781806812488
788,5012,23.25753664977799,0,0,0,0,0,0,0,1,0,334.3748896613529,1.587399297688804e-06,3.848597048716521e-05,22.23553782977796
789,12259,53.25109555727825,0,0,0,0,0,0,0,1,0,5053.869809889003,1.587399297688804e-06,3.848597048716521e-05,52.22909673727814
790,10315,48.70104734225264,0,0,0,0,0,0,0,1,0,1669.133237586157,1.587399297688804e-06,3.848597048716521e-05,47.67904852221665
791,10972,48.13237356543385,0,0,0,0,0,0,0,1,0,1507.409938382853,1.587399297688804e-06,3.848597048716521e-05,47.11037474543388
792,11494,53.00788848366121,0,0,0,0,0,0,0,1,0,40.39911804820821,1.587399297688804e-06,3.848597048716521e-05,51.98588966366119
793,9411,42.65989056246821,0,0,0,0,0,0,0,1,0,477.4319478396179,1.587399297688804e-06,3.848597048716521e-05,41.63789174246818
794,6416,30.45114533852736,0,0,0,0,0,0,0,1,0,279.8795642829991,1.587399297688804e-06,3.848597048716521e-05,29.42914651852734
795,6762,31.06410538696633,0,0,0,0,0,0,0,1,0,7081.005096956032,1.587399297688804e-06,3.848597048716521e-05,30.04210656696632
796,7117,32.07891891388158,0,0,0,0,0,0,0,1,0,2374.330034685588,1.587399297688804e-06,3.848597048716521e-05,31.05692009388158
797,4421,19.94360730132957,0,0,0,0,0,0,0,1,0,2947.082761492236,1.587399297688804e-06,3.848597048716521e-05,18.92160848132957
798,10139,48.01129559299651,0,0,0,0,0,0,0,1,0,3352.796531045818,1.587399297688804e-06,3.848597048716521e-05,46.98929677299662
799,11123,51.1449762368752,0,0,0,0,0,0,0,1,0,428.4470211155516,1.587399297688804e-06,3.848597048716521e-05,50.12297741687518
800,10121,47.47280428723052,0,0,0,0,0,0,0,1,0,1162.087986997948,1.587399297688804e-06,3.848597048716521e-05,46.45080546723031
801,6458,30.84665510621197,0,0,0,0,0,0,0,1,0,6817.92392476753,1.587399297688804e-06,3.848597048716521e-05,29.82465628621195
802,9045,45.01532620637762,0,0,0,0,0,0,0,1,0,3064.763051945905,1.587399297688804e-06,3.848597048716521e-05,43.99332738628291
803,11029,52.68673043086585,0,0,0,0,0,0,0,1,0,280.2633584967641,1.587399297688804e-06,3.848597048716521e-05,51.66473161081343
804,8714,40.08690920820021,0,0,0,0,0,0,0,1,0,2007.05506185572,1.587399297688804e-06,3.848597048716521e-05,39.0649103882001
805,5199,25.24534242211814,0,0,0,0,0,0,0,1,0,753.1079099415289,1.587399297688804e-06,3.848597048716521e-05,24.22334360211811
806,9205,39.61755238091699,0,0,0,0,0,0,0,1,0,4544.930224448254,1.587399297688804e-06,3.848597048716521e-05,38.59555356091685
807,5900,26.55033305912053,0,0,0,0,0,0,0,1,0,185.3512045775668,1.587399297688804e-06,3.848597048716521e-05,25.52833423912056
808,6366,28.93941543449632,0,0,0,0,0,0,0,1,0,1804.021569968547,1.587399297688804e-06,3.848597048716521e-05,27.91741661449633
809,6686,30.39729951033182,0,0,0,0,0,0,0,1,0,1712.139520514939,1.587399297688804e-06,3.848597048716521e-05,29.3753006903318
810,10366,46.78969897309332,0,0,0,0,0,0,0,1,0,1207.19328110859,1.587399297688804e-06,3.848597048716521e-05,45.7677001530933
811,8266,40.22657987430456,0,0,0,0,0,0,0,1,0,455.3102261200551,1.587399297688804e-06,3.848597048716521e-05,39.20458105430448
812,11265,51.43606646143351,0,0,0,0,0,0,0,1,0,4601.504994444734,1.587399297688804e-06,3.848597048716521e-05,50.41406764143341
813,10058,44.61431860901924,0,0,0,0,0,0,0,1,0,681.9394065066663,1.587399297688804e-06,3.848597048716521e-05,43.59231978901907
814,7278,35.16582470199283,0,0,0,0,0,0,0,1,0,1199.27686177062,1.587399297688804e-06,3.848597048716521e-05,34.14382588199271
815,8611,38.10762012139045,0,0,0,0,0,0,0,1,0,446.1773300148347,1.587399297688804e-06,3.848597048716521e-05,37.08562130139039
816,6944,30.82235857322788,0,0,0,0,0,0,0,1,0,3147.451605764603,1.587399297688804e-06,3.848597048716521e-05,29.80035975322785
817,9501,42.63044858277824,0,0,0,0,0,0,0,1,0,69.59429988690114,1.587399297688804e-06,3.848597048716521e-05,41.60844976277819
818,8643,41.99501144301215,0,0,0,0,0,0,0,1,0,5421.760014886351,1.587399297688804e-06,3.848597048716521e-05,40.97301262281569
819,7863,36.32415023565915,0,0,0,0,0,0,0,1,0,118.4646128914973,1.587399297688804e-06,3.848597048716521e-05,35.30215141565914
820,11420,49.92706799949928,0,0,0,0,0,0,0,1,0,2.892863010079516,1.587399297688804e-06,3.848597048716521e-05,48.9050691794992
821,9998,49.44238697258638,0,0,0,0,0,0,0,1,0,6642.269813499286,1.587399297688804e-06,3.848597048716521e-05,48.42038815258626
822,8630,44.22989547451072,0,0,0,0,0,0,0,1,0,2165.001636753374,1.587399297688804e-06,3.848597048716521e-05,43.20789665451068
823,10584,50.29024862547356,0,0,0,0,0,0,0,1,0,6247.082898235835,1.587399297688804e-06,3.848597048716521e-05,49.26824980547656
824,8927,48.54052947622126,0,0,0,0,0,0,0,1,0,2140.600850400179,1.587399297688804e-06,3.848597048716521e-05,47.5185306561984
825,7016,32.88948406213407,0,0,0,0,0,0,0,1,0,716.2436537131665,1.587399297688804e-06,3.848597048716521e-05,31.86748524213403
826,11291,51.45486269704408,0,0,0,0,0,0,0,1,0,2105.648534585818,1.587399297688804e-06,3.848597048716521e-05,50.43286387700034
827,9575,40.57986146918424,0,0,0,0,0,0,0,1,0,2160.29589754442,1.587399297688804e-06,3.848597048716521e-05,39.55786264918424
828,9072,42.57853134487722,0,0,0,0,0,0,0,1,0,288.3644699001495,1.587399297688804e-06,3.848597048716521e-05,41.55653252487718
829,10877,52.74254067998217,0,0,0,0,0,0,0,1,0,1665.501662704294,1.587399297688804e-06,3.848597048716521e-05,51.72054185997079
830,10749,51.26729454544218,0,0,0,0,0,0,0,1,0,554.9690786908271,1.587399297688804e-06,3.848597048716521e-05,50.24529572544207
831,11527,51.78386292457621,0,0,0,0,0,0,0,1,0,1328.0503956774,1.587399297688804e-06,3.848597048716521e-05,50.7618641045762
832,0,1e-06,0,0,0,0,0,0,0,0,0,10365.10184816753,1.587399297688804e-06,3.848597048716521e-05,-1
833,11159,49.99799060617937,0,0,0,0,0,0,0,1,0,6949.052519172158,1.587399297688804e-06,3.848597048716521e-05,48.97599178617934
834,6585,31.93780319622594,0,0,0,0,0,0,0,1,0,2569.916398157661,1.587399297688804e-06,3.848597048716521e-05,30.91580437622595
835,11361,53.05321198345968,0,0,0,0,0,0,0,1,0,722.7881803246427,1.587399297688804e-06,3.848597048716521e-05,52.03121316342319
836,2224,11.05300536445897,0,0,0,0,0,0,0,1,0,645.2485329825104,1.587399297688804e-06,3.848597048716521e-05,10.03100654445897
837,10433,51.47846485845677,0,0,0,0,0,0,0,1,0,5265.09825336765,1.587399297688804e-06,3.848597048716521e-05,50.45646603845665
838,7942,38.88511210005385,0,0,0,0,0,0,0,1,0,2487.878163609773,1.587399297688804e-06,3.848597048716521e-05,37.86311328005374
839,9149,43.03373832194205,0,0,0,0,0,0,0,1,0,2893.107440428086,1.587399297688804e-06,3.848597048716521e-05,42.01173950194194
840,9829,50.35901677857613,0,0,0,0,0,0,0,1,0,2006.843038952902,1.587399297688804e-06,3.848597048716521e-05,49.33701795845669
841,11493,49.76885349508592,0,0,0,0,0,0,0,1,0,761.6878867105868,1.587399297688804e-06,3.848597048716521e-05,48.74685467508481
842,7602,35.05313363561287,0,0,0,0,0,0,0,1,0,95.02034876513352,1.587399297688804e-06,3.848597048716521e-05,34.03113481561277
843,7471,32.64959795863874,0,0,0,0,0,0,0,1,0,2845.23196272053,1.587399297688804e-06,3.848597048716521e-05,31.6275991386387
844,4806,23.06089123434494,0,0,0,0,0,0,0,1,0,652.8509510676463,1.587399297688804e-06,3.848597048716521e-05,22.03889241434493
845,10842,52.07852100708526,0,0,0,0,0,0,0,1,0,359.3075239957425,1.587399297688804e-06,3.848597048716521e-05,51.05652218707524
846,9040,38.03316591305703,0,0,0,0,0,0,0,1,0,501.9611945475343,1.587399297688804e-06,3.848597048716521e-05,37.0111670930569
847,8852,43.17259376056592,0,0,0,0,0,0,0,1,0,1744.300910442551,1.587399297688804e-06,3.848597048716521e-05,42.15059494069437
848,11217,51.54962191961682,0,0,0,0,0,0,0,1,0,3531.424819456953,1.587399297688804e-06,3.848597048716521e-05,50.52762309961671
849,11264,48.37035631450293,0,0,0,0,0,0,0,1,0,1258.648039998568,1.587399297688804e-06,3.848597048716521e-05,47.34835749450298
850,9058,45.81234913613534,0,0,0,0,0,0,0,1,0,651.9872682981024,1.587399297688804e-06,3.848597048716521e-05,44.79035031613527
851,11829,52.83352084560714,0,0,0,0,0,0,0,1,0,341.2359687794529,1.587399297688804e-06,3.848597048716521e-05,51.81152202560707
852,9533,43.74793478442086,0,0,0,0,0,0,0,1,0,2493.449508929657,1.587399297688804e-06,3.848597048716521e-05,42.72593596442076
853,6697,30.98636173343121,0,0,0,0,0,0,0,1,0,3797.650230069198,1.587399297688804e-06,3.848597048716521e-05,29.9643629134312
854,10880,47.89860952059708,0,0,0,0,0,0,0,1,0,2809.977056665446,1.587399297688804e-06,3.848597048716521e-05,46.87661070059697
855,4710,22.37134292689053,0,0,0,0,0,0,0,1,0,1445.757889951534,1.587399297688804e-06,3.848597048716521e-05,21.34934410689054
856,3938,19.34138007671221,0,0,0,0,0,0,0,1,0,3472.408896860841,1.587399297688804e-06,3.848597048716521e-05,18.31938125671218
857,8999,44.39638658786464,0,0,0,0,0,0,0,1,0,740.7289354505625,1.587399297688804e-06,3.848597048716521e-05,43.37438776786448
858,9336,38.38590137421004,0,0,0,0,0,0,0,1,0,438.3099042024628,1.587399297688804e-06,3.848597048716521e-05,37.36390255421001
859,11547,49.4883065881213,0,0,0,0,0,0,0,1,0,2599.341197922386,1.587399297688804e-06,3.848597048716521e-05,48.46630776812126
860,9666,43.73236540170696,0,0,0,0,0,0,0,1,0,3174.602349984816,1.587399297688804e-06,3.848597048716521e-05,42.71036658170699
861,6064,26.82109439380794,0,0,0,0,0,0,0,1,0,1671.821383696683,1.587399297688804e-06,3.848597048716521e-05,25.79909557380794
862,7988,38.62713084109776,0,0,0,0,0,0,0,1,0,5819.846531139417,1.587399297688804e-06,3.848597048716521e-05,37.60513202109773
863,11348,51.86512038133047,0,0,0,0,0,0,0,1,0,4343.842020632395,1.587399297688804e-06,3.848597048716521e-05,50.84312156133038
864,10549,47.24957353991287,0,0,0,0,0,0,0,1,0,9306.522622865996,1.587399297688804e-06,3.848597048716521e-05,46.22757471991277
865,10942,50.85639229542871,0,0,0,0,0,0,0,1,0,1141.229713914167,1.587399297688804e-06,3.848597048716521e-05,49.83439347542872
866,4008,18.12771676108411,0,0,0,0,0,0,0,1,0,1212.853395199261,1.587399297688804e-06,3.848597048716521e-05,17.10571794108412
867,9725,47.52210827928594,0,0,0,0,0,0,0,1,0,2001.767455134621,1.587399297688804e-06,3.848597048716521e-05,46.50010945928596
868,8082,38.78749037951731,0,0,0,0,0,0,0,1,0,1593.893512187906,1.587399297688804e-06,3.848597048716521e-05,37.76549155930288
869,4319,22.31041778068276,0,0,0,0,0,0,0,1,0,2805.673134326116,1.587399297688804e-06,3.848597048716521e-05,21.28841896068273
870,10661,46.00807169991743,0,0,0,0,0,0,0,1,0,127.1683436077846,1.587399297688804e-06,3.848597048716521e-05,44.98607287991746
871,10866,48.65734648615222,0,0,0,0,0,0,0,1,0,260.4514546190713,1.587399297688804e-06,3.848597048716521e-05,47.6353476661522
872,5515,23.79064323989594,0,0,0,0,0,0,0,1,0,1146.597116912062,1.587399297688804e-06,3.848597048716521e-05,22.76864441989591
873,0,1e-06,0,0,0,0,0,0,0,0,0,11736.76720140807,1.587399297688804e-06,3.848597048716521e-05,-1
874,10518,49.88180179389323,0,0,0,0,0,0,0,1,0,2835.184900291729,1.587399297688804e-06,3.848597048716521e-05,48.85980297387007
875,7624,38.52446651445167,0,0,0,0,0,0,0,1,0,328.7948173376898,1.587399297688804e-06,3.848597048716521e-05,37.50246769466676
876,9384,43.62357918071496,0,0,0,0,0,0,0,1,0,797.4724812079919,1.587399297688804e-06,3.848597048716521e-05,42.60158036071487
877,6757,34.67102170538315,0,0,0,0,0,0,0,1,0,1530.143704161714,1.587399297688804e-06,3.848597048716521e-05,33.64902288538303
878,4775,27.16666030044362,0,0,0,0,0,0,0,1,0,385.3902919248462,1.587399297688804e-06,3.848597048716521e-05,26.14466148037712
879,5222,26.39421520818665,0,0,0,0,0,0,0,1,0,4937.026030120443,1.587399297688804e-06,3.848597048716521e-05,25.37221638810589
880,7068,34.56677466971584,0,0,0,0,0,0,0,1,0,557.7381805362832,1.587399297688804e-06,3.848597048716521e-05,33.54477584971586
881,5584,23.99236114110677,0,0,0,0,0,0,0,1,0,1234.732165210743,1.587399297688804e-06,3.848597048716521e-05,22.97036232110676
882,6722,32.79760219585097,0,0,0,0,0,0,0,1,0,58.07823768896684,1.587399297688804e-06,3.848597048716521e-05,31.7756033758509
883,6035,26.87279770150337,0,0,0,0,0,0,0,1,0,1228.43522292714,1.587399297688804e-06,3.848597048716521e-05,25.85079888150336
884,10717,49.20094671679615,0,0,0,0,0,0,0,1,0,161.5646583446773,1.587399297688804e-06,3.848597048716521e-05,48.17894789679602
885,7629,32.58604842451805,0,0,0,0,0,0,0,1,0,427.1998214286544,1.587399297688804e-06,3.848597048716521e-05,31.56404960451801
886,8231,35.42463695511582,0,0,0,0,0,0,0,1,0,726.91241118835,1.587399297688804e-06,3.848597048716521e-05,34.40263813511574
887,6244,26.87320269788628,0,0,0,0,0,0,0,1,0,3052.04312454321,1.587399297688804e-06,3.848597048716521e-05,25.85120387788628
888,10944,49.40382395510528,0,0,0,0,0,0,0,1,0,2890.767422084874,1.587399297688804e-06,3.848597048716521e-05,48.38182513514178
889,7012,33.42523989604882,0,0,0,0,0,0,0,1,0,2174.517540751898,1.587399297688804e-06,3.848597048716521e-05,32.40324107604877
890,6360,28.56165176044166,0,0,0,0,0,0,0,1,0,2151.962819028579,1.587399297688804e-06,3.848597048716521e-05,27.53965294044165
891,5729,25.14712939079907,0,0,0,0,0,0,0,1,0,25.40385267829207,1.587399297688804e-06,3.848597048716521e-05,24.12513057079902
892,8917,42.47958039710647,0,0,0,0,0,0,0,1,0,2852.432580817433,1.587399297688804e-06,3.848597048716521e-05,41.45758157710645
893,10321,46.05848806824405,0,0,0,0,0,0,0,1,0,430.3903824651573,1.587399297688804e-06,3.848597048716521e-05,45.03648924824389
894,11658,51.39769136227611,0,0,0,0,0,0,0,1,0,3574.153248852948,1.587399297688804e-06,3.848597048716521e-05,50.375692542276
895,10865,45.63643903630054,0,0,0,0,0,0,0,1,0,6701.727762897915,1.587399297688804e-06,3.848597048716521e-05,44.61444021630041
896,9513,42.95214792804182,0,0,0,0,0,0,0,1,0,4024.421688848663,1.587399297688804e-06,3.848597048716521e-05,41.93014910804178
897,5359,25.71221076786791,0,0,0,0,0,0,0,1,0,3312.300004085405,1.587399297688804e-06,3.848597048716521e-05,24.69021194786793
898,10618,45.63755953264227,0,0,0,0,0,0,0,1,0,4843.739762683584,1.587399297688804e-06,3.848597048716521e-05,44.61556071264212
899,10584,51.69580453333667,0,0,0,0,0,0,0,1,0,3095.655023550093,1.587399297688804e-06,3.848597048716521e-05,50.67380571334022
900,10679,47.88016869547758,0,0,0,0,0,0,0,1,0,497.0028431363575,1.587399297688804e-06,3.848597048716521e-05,46.85816987574508
901,6136,27.75862469654956,0,0,0,0,0,0,0,1,0,6407.985874351994,1.587399297688804e-06,3.848597048716521e-05,26.73662587654953
902,7308,32.59933720420445,0,0,0,0,0,0,0,1,0,1051.603392838254,1.587399297688804e-06,3.848597048716521e-05,31.57733838420438
903,8035,36.81651950018203,0,0,0,0,0,0,0,1,0,1353.478501683787,1.587399297688804e-06,3.848597048716521e-05,35.7945206801819
904,10953,48.28256206471765,0,0,0,0,0,0,0,1,0,781.8550367832743,1.587399297688804e-06,3.848597048716521e-05,47.2605632447176
905,10741,48.81529567742526,0,0,0,0,0,0,0,1,0,5222.836421934532,1.587399297688804e-06,3.848597048716521e-05,47.79329685742513
906,8008,36.84664981538339,0,0,0,0,0,0,0,1,0,2971.382143150057,1.587399297688804e-06,3.848597048716521e-05,35.82465099538341
907,5967,27.21013241829343,0,0,0,0,0,0,0,1,0,1624.930333831958,1.587399297688804e-06,3.848597048716521e-05,26.18813359829344
908,8571,40.26669597793363,0,0,0,0,0,0,0,1,0,1561.888408354005,1.587399297688804e-06,3.848597048716521e-05,39.24469715793344
909,9463,43.16799852354067,0,0,0,0,0,0,0,1,0,918.2757429692508,1.587399297688804e-06,3.848597048716521e-05,42.14599970354067
910,9956,44.08937000384441,0,0,0,0,0,0,0,1,0,9816.934283387083,1.587399297688804e-06,3.848597048716521e-05,43.06737118384433
911,10188,47.43949989052725,0,0,0,0,0,0,0,1,0,1991.982867880395,1.587399297688804e-06,3.848597048716521e-05,46.41750107052725
912,10522,48.39945873658307,0,0,0,0,0,0,0,1,0,269.4728982212071,1.587399297688804e-06,3.848597048716521e-05,47.37745991658288
913,10682,44.69873962435511,0,0,0,0,0,0,0,1,0,3573.850871465496,1.587399297688804e-06,3.848597048716521e-05,43.67674080435494
914,6719,32.05989952945525,0,0,0,0,0,0,0,1,0,1118.646252770734,1.587399297688804e-06,3.848597048716521e-05,31.03790070945527
915,5223,24.63839566046043,0,0,0,0,0,0,0,1,0,169.2087127445401,1.587399297688804e-06,3.848597048716521e-05,23.61639684046044
916,3978,17.41671404933871,0,0,0,0,0,0,0,1,0,117.5296912346643,1.587399297688804e-06,3.848597048716521e-05,16.39471522933867
917,7155,34.07377989202713,0,0,0,0,0,0,0,1,0,4359.601190574881,1.587399297688804e-06,3.848597048716521e-05,33.05178107202707
918,8481,39.86719761719675,0,0,0,0,0,0,0,1,0,2935.707996894768,1.587399297688804e-06,3.848597048716521e-05,38.84519879719667
919,8953,43.63666519668617,0,0,0,0,0,0,0,1,0,5098.113656595911,1.587399297688804e-06,3.848597048716521e-05,42.61466637671141
920,9825,45.18737867269602,0,0,0,0,0,0,0,1,0,412.6358436235926,1.587399297688804e-06,3.848597048716521e-05,44.16537985269596
921,10125,46.75103682242012,0,0,0,0,0,0,0,1,0,229.3105273216097,1.587399297688804e-06,3.848597048716521e-05,45.7290380024201
922,8942,41.41900909375933,0,0,0,0,0,0,0,1,0,6193.027876815731,1.587399297688804e-06,3.848597048716521e-05,40.39701027375929
923,10643,45.87826467532912,0,0,0,0,0,0,0,1,0,4509.751459080438,1.587399297688804e-06,3.848597048716521e-05,44.85626585532908
924,8701,39.81896024030857,0,0,0,0,0,0,0,1,0,5635.7752489018,1.587399297688804e-06,3.848597048716521e-05,38.79696142030856
925,11098,51.67735435457101,0,0,0,0,0,0,0,1,0,290.8151883778285,1.587399297688804e-06,3.848597048716521e-05,50.65535553457094
926,11640,50.25439515668502,0,0,0,0,0,0,0,1,0,2365.508394107164,1.587399297688804e-06,3.848597048716521e-05,49.23239633668487
927,6918,30.867139799679,0,0,0,0,0,0,0,1,0,1707.297893935825,1.587399297688804e-06,3.848597048716521e-05,29.84514097967899
928,8777,41.95575935937195,0,0,0,0,0,0,0,1,0,2586.399922967451,1.587399297688804e-06,3.848597048716521e-05,40.93376053937197
929,8984,41.10950158663044,0,0,0,0,0,0,0,1,0,22.83222113755146,1.587399297688804e-06,3.848597048716521e-05,40.08750276663038
930,9707,43.82637705736246,0,0,0,0,0,0,0,1,0,796.1545064719381,1.587399297688804e-06,3.848597048716521e-05,42.80437823736233
931,1442,8.281968721668399,0,0,0,0,0,0,0,1,0,77.1524155937248,1.587399297688804e-06,3.848597048716521e-05,7.259969901668404
932,8380,40.17467636881779,0,0,0,0,0,0,0,1,0,3705.270493328293,1.587399297688804e-06,3.848597048716521e-05,39.15267754881865
933,7654,34.59544739635329,0,0,0,0,0,0,0,1,0,3105.175877343401,1.587399297688804e-06,3.848597048716521e-05,33.57344857635319
934,8318,43.88120993133231,0,0,0,0,0,0,0,1,0,2935.198620489602,1.587399297688804e-06,3.848597048716521e-05,42.85921111133224
935,3184,13.86382353400509,0,0,0,0,0,0,0,1,0,7743.112212218488,1.587399297688804e-06,3.848597048716521e-05,12.8418247140051
936,5412,24.4372160166004,0,0,0,0,0,0,0,1,0,231.9738817536876,1.587399297688804e-06,3.848597048716521e-05,23.41521719660034
937,4547,20.86397153554878,0,0,0,0,0,0,0,1,0,383.581241633491,1.587399297688804e-06,3.848597048716521e-05,19.84197271554876
938,9935,47.03207221716981,0,0,0,0,0,0,0,1,0,2585.281999992164,1.587399297688804e-06,3.848597048716521e-05,46.01007339705451
939,11717,53.03233961877585,0,0,0,0,0,0,0,1,0,5187.486734102567,1.587399297688804e-06,3.848597048716521e-05,52.01034079877576
940,0,1e-06,0,0,0,0,0,0,0,0,0,20642.36701266983,1.587399297688804e-06,3.848597048716521e-05,-1
941,10315,48.02883309722782,0,0,0,0,0,0,0,1,0,912.2365886493465,1.587399297688804e-06,3.848597048716521e-05,47.00683427713142
942,6778,31.79481336670633,0,0,0,0,0,0,0,1,0,802.4662984573163,1.587399297688804e-06,3.848597048716521e-05,30.77281454670625
943,10651,45.74523925383403,0,0,0,0,0,0,0,1,0,798.6199157650517,1.587399297688804e-06,3.848597048716521e-05,44.72324043383396
944,10083,50.19395156923752,0,0,0,0,0,0,0,1,0,1874.624828576339,1.587399297688804e-06,3.848597048716521e-05,49.17195274923439
945,4579,21.01878693620894,0,0,0,0,0,0,0,1,0,255.2877119510476,1.587399297688804e-06,3.848597048716521e-05,19.99678811620892
946,9401,44.67344413630357,0,0,0,0,0,0,0,1,0,2617.204428414928,1.587399297688804e-06,3.848597048716521e-05,43.65144531630354
947,3627,17.16362965603962,0,0,0,0,0,0,0,1,0,292.6484413736873,1.587399297688804e-06,3.848597048716521e-05,16.14163083602939
948,4828,24.86495605996691,0,0,0,0,0,0,0,1,0,83.98415489455347,1.587399297688804e-06,3.848597048716521e-05,23.84295723996692
949,6123,30.38784121230166,0,0,0,0,0,0,0,1,0,417.8928483736666,1.587399297688804e-06,3.848597048716521e-05,29.36584239230162
950,7682,36.82655653669799,0,0,0,0,0,0,0,1,0,997.3494670454186,1.587399297688804e-06,3.848597048716521e-05,35.80455771669794
951,3650,16.35612049485788,0,0,0,0,0,0,0,1,0,656.1140896538035,1.587399297688804e-06,3.848597048716521e-05,15.33412167485789
952,519,4.237886713166371,0,0,0,0,0,0,0,1,0,8696.572597129703,1.587399297688804e-06,3.848597048716521e-05,3.215887893166371
953,3989,19.89549830098831,0,0,0,0,0,0,0,1,0,73.68630609655399,1.587399297688804e-06,3.848597048716521e-05,18.87349948098829
954,8233,38.30032207819136,0,0,0,0,0,0,0,1,0,466.5541897693118,1.587399297688804e-06,3.848597048716521e-05,37.27832325819126
955,9624,48.66271721610973,0,0,0,0,0,0,0,1,0,3727.414543165065,1.587399297688804e-06,3.848597048716521e-05,47.64071839610963
956,11433,48.67916393256895,0,0,0,0,0,0,0,1,0,3278.985354785787,1.587399297688804e-06,3.848597048716521e-05,47.65716511256888
957,10702,46.30260978202008,0,0,0,0,0,0,0,1,0,7178.317842255796,1.587399297688804e-06,3.848597048716521e-05,45.28061096201996
958,8454,37.66957408868372,0,0,0,0,0,0,0,1,0,5761.670993621586,1.587399297688804e-06,3.848597048716521e-05,36.64757526868362
959,11368,50.09224991586097,0,0,0,0,0,0,0,1,0,2081.741175203211,1.587399297688804e-06,3.848597048716521e-05,49.07025109586076
960,4865,22.9473136752461,0,0,0,0,0,0,0,1,0,289.5142809610192,1.587399297688804e-06,3.848597048716521e-05,21.92531485524606
961,6751,32.20209028006452,0,0,0,0,0,0,0,1,0,4229.131168076224,1.587399297688804e-06,3.848597048716521e-05,31.18009146006451
962,4532,19.88100227433733,0,0,0,0,0,0,0,1,0,277.198029758126,1.587399297688804e-06,3.848597048716521e-05,18.85900345433733
963,10677,48.84729611811763,0,0,0,0,0,0,0,1,0,5028.462586408773,1.587399297688804e-06,3.848597048716521e-05,47.82529729811748
964,9563,44.93464053334064,0,0,0,0,0,0,0,1,0,1285.755620722346,1.587399297688804e-06,3.848597048716521e-05,43.91264171334052
965,8657,38.4470328227818,0,0,0,0,0,0,0,1,0,5900.802997895087,1.587399297688804e-06,3.848597048716521e-05,37.42503400278166
966,8182,39.93482318187722,0,0,0,0,0,0,0,1,0,2153.801036404617,1.587399297688804e-06,3.848597048716521e-05,38.91282436187711
967,6612,28.51047418091817,0,0,0,0,0,0,0,1,0,338.6516662680669,1.587399297688804e-06,3.848597048716521e-05,27.48847536091817
968,8450,36.68384388483106,0,0,0,0,0,0,0,1,0,598.6004055275481,1.587399297688804e-06,3.848597048716521e-05,35.66184506483093
969,4690,21.98617650470322,0,0,0,0,0,0,0,1,0,1331.117297037175,1.587399297688804e-06,3.848597048716521e-05,20.96417768470322
970,4879,24.43292822297697,0,0,0,0,0,0,0,1,0,1667.879823773531,1.587399297688804e-06,3.848597048716521e-05,23.41092940297699
971,10848,49.41760667207085,0,0,0,0,0,0,0,1,0,788.2717505455632,1.587399297688804e-06,3.848597048716521e-05,48.39560785180836
972,10272,48.58437300708438,0,0,0,0,0,0,0,1,0,1737.048566157711,1.587399297688804e-06,3.848597048716521e-05,47.562374187038
973,11496,52.69085019012979,0,0,0,0,0,0,0,1,0,2790.425640000756,1.587399297688804e-06,3.848597048716521e-05,51.6688513701296
974,10222,47.40702304874655,0,0,0,0,0,0,0,1,0,927.476996084692,1.587399297688804e-06,3.848597048716521e-05,46.38502422874645
975,9053,40.51698777336929,0,0,0,0,0,0,0,1,0,1359.200515622316,1.587399297688804e-06,3.848597048716521e-05,39.49498895336922
976,9909,48.05886891880385,0,0,0,0,0,0,0,1,0,759.3975092324331,1.587399297688804e-06,3.848597048716521e-05,47.03687009859184
977,3568,17.8818943231861,0,0,0,0,0,0,0,1,0,132.3307984389808,1.587399297688804e-06,3.848597048716521e-05,16.85989550318609
978,5292,22.93311024838916,0,0,0,0,0,0,0,1,0,568.0049823570139,1.587399297688804e-06,3.848597048716521e-05,21.91111142838916
979,8585,37.91546531522109,0,0,0,0,0,0,0,1,0,8631.947099095993,1.587399297688804e-06,3.848597048716521e-05,36.89346649522098
980,11815,51.98774211554192,0,0,0,0,0,0,0,1,0,172.4857480742202,1.587399297688804e-06,3.848597048716521e-05,50.96574329554185
981,10097,47.08704005135656,0,0,0,0,0,0,0,1,0,2175.429558123255,1.587399297688804e-06,3.848597048716521e-05,46.06504123135647
982,9101,43.15777858768858,0,0,0,0,0,0,0,1,0,2299.4387576042,1.587399297688804e-06,3.848597048716521e-05,42.13577976768853
983,10775,49.13436470336314,0,0,0,0,0,0,0,1,0,3698.044692972833,1.587399297688804e-06,3.848597048716521e-05,48.11236588336294
984,6226,28.70747058879652,0,0,0,0,0,0,0,1,0,4703.325941953116,1.587399297688804e-06,3.848597048716521e-05,27.68547176879654
985,11808,52.96749710651789,0,0,0,0,0,0,0,1,0,466.3353997955293,1.587399297688804e-06,3.848597048716521e-05,51.94549828651782
986,10490,52.06393709984129,0,0,0,0,0,0,0,1,0,2891.779521778979,1.587399297688804e-06,3.848597048716521e-05,51.04193827984126
987,4655,22.23721368872612,0,0,0,0,0,0,0,1,0,1035.355432937787,1.587399297688804e-06,3.848597048716521e-05,21.21521486872606
988,6768,27.21109891784112,0,0,0,0,0,0,0,1,0,5266.437502913337,1.587399297688804e-06,3.848597048716521e-05,26.18910009784108
989,6766,32.30655971772317,0,0,0,0,0,0,0,1,0,839.7446011259932,1.587399297688804e-06,3.848597048716521e-05,31.28456089772322
990,6960,29.74474800820812,0,0,0,0,0,0,0,1,0,2094.262048395115,1.587399297688804e-06,3.848597048716521e-05,28.72274918820811
991,6025,25.85943744952035,0,0,0,0,0,0,0,1,0,1049.068720877732,1.587399297688804e-06,3.848597048716521e-05,24.83743862952033
992,2101,10.21688901939345,0,0,0,0,0,0,0,1,0,805.3076938085295,1.587399297688804e-06,3.848597048716521e-05,9.194890199393445
993,10660,51.38540953649154,0,0,0,0,0,0,0,1,0,898.5945204236954,1.587399297688804e-06,3.848597048716521e-05,50.36341071649149
994,7809,35.79711749360941,0,0,0,0,0,0,0,1,0,2523.356864585191,1.587399297688804e-06,3.848597048716521e-05,34.77511867360928
995,8907,40.92663391444498,0,0,0,0,0,0,0,1,0,1015.648887073606,1.587399297688804e-06,3.848597048716521e-05,39.90463509444496
996,1567,8.875044640838718,0,0,0,0,0,0,0,1,0,2464.089552258497,1.587399297688804e-06,3.848597048716521e-05,7.853045820838722
997,4962,27.35463143167384,0,0,0,0,0,0,0,1,0,1175.869521991644,1.587399297688804e-06,3.848597048716521e-05,26.33263261173266
998,3964,24.89194568901252,0,0,0,0,0,0,0,1,0,1602.125186198417,1.587399297688804e-06,3.848597048716521e-05,23.86994686901254
999,11173,48.62354849056575,0,0,0,0,0,0,0,1,0,4668.222827250791,1.587399297688804e-06,3.848597048716521e-05,47.60154967056559
1000,4556,20.21143650339233,0,0,0,0,0,0,0,1,0,2332.296994913185,1.587399297688804e-06,3.848597048716521e-05,19.18943768339233
1001,6574,32.48546160847488,0,0,0,0,0,0,0,1,0,480.4795414523994,1.587399297688804e-06,3.848597048716521e-05,31.46346278847483
1002,9219,43.2973797622515,0,0,0,0,0,0,0,1,0,675.3638083135043,1.587399297688804e-06,3.848597048716521e-05,42.27538094225145
1003,9373,42.73119109370625,0,0,0,0,0,0,0,1,0,793.6756443707978,1.587399297688804e-06,3.848597048716521e-05,41.7091922737061
1004,5579,24.60767364706344,0,0,0,0,0,0,0,1,0,806.9668920386179,1.587399297688804e-06,3.848597048716521e-05,23.58567482706342
1005,8263,35.8454972106137,0,0,0,0,0,0,0,1,0,134.7957405374015,1.587399297688804e-06,3.848597048716521e-05,34.82349839061359
1006,9333,42.59503465963514,0,0,0,0,0,0,0,1,0,196.5290760836119,1.587399297688804e-06,3.848597048716521e-05,41.57303583963505
1007,7575,35.96856408072276,0,0,0,0,0,0,0,1,0,4110.753128930366,1.587399297688804e-06,3.848597048716521e-05,34.94656526072261
1008,6622,29.64799771753638,0,0,0,0,0,0,0,1,0,2823.400640881938,1.587399297688804e-06,3.848597048716521e-05,28.62599889753636
1009,9886,44.25886225136889,0,0,0,0,0,0,0,1,0,2595.782166574306,1.587399297688804e-06,3.848597048716521e-05,43.23686343136879
1010,11922,52.83145054743596,0,0,0,0,0,0,0,1,0,92.23136543251252,1.587399297688804e-06,3.848597048716521e-05,51.80945172743586
1011,8766,41.63954501213991,0,0,0,0,0,0,0,1,0,3299.329373405692,1.587399297688804e-06,3.848597048716521e-05,40.61754619213982
1012,10920,48.99415051329418,0,0,0,0,0,0,0,1,0,2245.851163438444,1.587399297688804e-06,3.848597048716521e-05,47.97215169329406
1013,8936,41.36956993738631,0,0,0,0,0,0,0,1,0,3002.060592900286,1.587399297688804e-06,3.848597048716521e-05,40.34757111738624
1014,6737,32.244747064618,0,0,0,0,0,0,0,1,0,3750.01104189458,1.587399297688804e-06,3.848597048716521e-05,31.22274824461793
1015,6170,27.18344853320506,0,0,0,0,0,0,0,1,0,1797.558858236735,1.587399297688804e-06,3.848597048716521e-05,26.16144971327187
1016,7063,33.65387937706333,0,0,0,0,0,0,0,1,0,2636.068791978057,1.587399297688804e-06,3.848597048716521e-05,32.63188055704996
1017,7273,34.09304147553137,0,0,0,0,0,0,0,1,0,7295.511366734874,1.587399297688804e-06,3.848597048716521e-05,33.07104265553129
1018,9559,42.58986957559907,0,0,0,0,0,0,0,1,0,461.8802199502751,1.587399297688804e-06,3.848597048716521e-05,41.5678707555989
1019,6738,30.80750331946525,0,0,0,0,0,0,0,1,0,1127.692517334429,1.587399297688804e-06,3.848597048716521e-05,29.78550449946523
1020,10425,47.78865778134222,0,0,0,0,0,0,0,1,0,1010.57331621081,1.587399297688804e-06,3.848597048716521e-05,46.7666589613421
1021,6414,29.28629323150724,0,0,0,0,0,0,0,1,0,7339.502909038115,1.587399297688804e-06,3.848597048716521e-05,28.26429441150724
1022,9451,43.78205504029749,0,0,0,0,0,0,0,1,0,1186.922509080105,1.587399297688804e-06,3.848597048716521e-05,42.76005622029741
1023,8321,36.91490653830134,0,0,0,0,0,0,0,1,0,1234.593826827595,1.587399297688804e-06,3.848597048716521e-05,35.89290771830128
1024,10294,48.3217891418203,0,0,0,0,0,0,0,1,0,1886.693630488309,1.587399297688804e-06,3.848597048716521e-05,47.29979032182017
1025,6185,25.38788568450518,0,0,0,0,0,0,0,1,0,308.1907283578693,1.587399297688804e-06,3.848597048716521e-05,24.36588686450515
1026,9847,46.85294288468589,0,0,0,0,0,0,0,1,0,2516.157976669283,1.587399297688804e-06,3.848597048716521e-05,45.8309440646858
1027,6366,31.05856749228431,0,0,0,0,0,0,0,1,0,479.0716420827097,1.587399297688804e-06,3.848597048716521e-05,30.03656867232576
1028,1204,6.462047588343665,0,0,0,0,0,0,0,1,0,7162.735011175365,1.587399297688804e-06,3.848597048716521e-05,5.44004876834367
1029,8434,36.81163877309328,0,0,0,0,0,0,0,1,0,137.416080856171,1.587399297688804e-06,3.848597048716521e-05,35.78963995309322
1030,8921,38.67092418957319,0,0,0,0,0,0,0,1,0,1966.546006608858,1.587399297688804e-06,3.848597048716521e-05,37.6489253695732
1031,2553,11.51289699537307,0,0,0,0,0,0,0,1,0,3324.799709059416,1.587399297688804e-06,3.848597048716521e-05,10.49089817537307
1032,6807,33.25930381771231,0,0,0,0,0,0,0,1,0,5072.267682981766,1.587399297688804e-06,3.848597048716521e-05,32.23730499772419
1033,6109,26.97193199827331,0,0,0,0,0,0,0,1,0,4017.60204686793,1.587399297688804e-06,3.848597048716521e-05,25.94993317827328
1034,6598,30.41450518287963,0,0,0,0,0,0,0,1,0,178.4736386146159,1.587399297688804e-06,3.848597048716521e-05,29.39250636287967
1035,4851,26.40857593382557,0,0,0,0,0,0,0,1,0,323.5433876610483,1.587399297688804e-06,3.848597048716521e-05,25.38657711382551
1036,8746,41.17950769248247,0,0,0,0,0,0,0,1,0,1396.232696968245,1.587399297688804e-06,3.848597048716521e-05,40.15750887248237
1037,9233,42.48462119872891,0,0,0,0,0,0,0,1,0,690.2123612754128,1.587399297688804e-06,3.848597048716521e-05,41.46262237872878
1038,10321,45.76840573118238,0,0,0,0,0,0,0,1,0,2653.919016169525,1.587399297688804e-06,3.848597048716521e-05,44.74640691118231
1039,9326,47.14332299804695,0,0,0,0,0,0,0,1,0,1445.094920984991,1.587399297688804e-06,3.848597048716521e-05,46.12132417804688
1040,7677,32.71079290832047,0,0,0,0,0,0,0,1,0,3464.910721890518,1.587399297688804e-06,3.848597048716521e-05,31.68879408832044
1041,10269,48.84698059048804,0,0,0,0,0,0,0,1,0,442.8829773508801,1.587399297688804e-06,3.848597048716521e-05,47.82498177059647
1042,10889,46.28184342838907,0,0,0,0,0,0,0,1,0,9033.671275385488,1.587399297688804e-06,3.848597048716521e-05,45.25984460838905
1043,8956,42.71833801067686,0,0,0,0,0,0,0,1,0,5868.744905340861,1.587399297688804e-06,3.848597048716521e-05,41.69633919067682
1044,9852,47.99518749967528,0,0,0,0,0,0,0,1,0,1123.471831025357,1.587399297688804e-06,3.848597048716521e-05,46.97318867967515
1045,8361,38.39931259634713,0,0,0,0,0,0,0,1,0,536.1683139950758,1.587399297688804e-06,3.848597048716521e-05,37.37731377634716
1046,9499,43.73947941009012,0,0,0,0,0,0,0,1,0,334.3299969701109,1.587399297688804e-06,3.848597048716521e-05,42.71748059009001
1047,9527,48.72020565700331,0,0,0,0,0,0,0,1,0,1093.215635713825,1.587399297688804e-06,3.848597048716521e-05,47.69820683697062
1048,5128,25.51628154784026,0,0,0,0,0,0,0,1,0,2630.094126231468,1.587399297688804e-06,3.848597048716521e-05,24.49428272784029
1049,5702,27.25238557174965,0,0,0,0,0,0,0,1,0,3676.7763046348,1.587399297688804e-06,3.848597048716521e-05,26.23038675174964
1050,10265,43.1376395284928,0,0,0,0,0,0,0,1,0,3604.463511870691,1.587399297688804e-06,3.848597048716521e-05,42.11564070849269
1051,5645,27.82287627622723,0,0,0,0,0,0,0,1,0,799.150334404058,1.587399297688804e-06,3.848597048716521e-05,26.80087745622724
1052,5716,29.76673022595121,0,0,0,0,0,0,0,1,0,6811.40965833556,1.587399297688804e-06,3.848597048716521e-05,28.7447314059512
1053,10383,52.16222934702463,0,0,0,0,0,0,0,1,0,4866.475403982416,1.587399297688804e-06,3.848597048716521e-05,51.1402305270272
1054,11174,51.32189084641767,0,0,0,0,0,0,0,1,0,2134.088902000469,1.587399297688804e-06,3.848597048716521e-05,50.29989202641753
1055,8747,39.3989225318937,0,0,0,0,0,0,0,1,0,3751.010910332017,1.587399297688804e-06,3.848597048716521e-05,38.37692371189364
1056,8416,40.44110086610736,0,0,0,0,0,0,0,1,0,2608.965839472628,1.587399297688804e-06,3.848597048716521e-05,39.41910204608936
1057,10070,45.13802711964738,0,0,0,0,0,0,0,1,0,4196.067694530977,1.587399297688804e-06,3.848597048716521e-05,44.11602829964736
1058,7631,38.21733007771751,0,0,0,0,0,0,0,1,0,1396.38169338333,1.587399297688804e-06,3.848597048716521e-05,37.19533125771747
1059,5254,22.93381978057495,0,0,0,0,0,0,0,1,0,2737.693187196907,1.587399297688804e-06,3.848597048716521e-05,21.91182096057492
1060,11242,51.64781703200924,0,0,0,0,0,0,0,1,0,2365.575098176635,1.587399297688804e-06,3.848597048716521e-05,50.62581821200916
1061,6217,30.39999392970289,0,0,0,0,0,0,0,1,0,135.32010452638,1.587399297688804e-06,3.848597048716521e-05,29.37799510970285
1062,9991,49.32520483183712,0,0,0,0,0,0,0,1,0,5053.71406143819,1.587399297688804e-06,3.848597048716521e-05,48.303206011754
1063,9578,42.26928333294398,0,0,0,0,0,0,0,1,0,1051.656783176409,1.587399297688804e-06,3.848597048716521e-05,41.24728451294381
1064,9287,44.6204209428086,0,0,0,0,0,0,0,1,0,4528.210978662885,1.587399297688804e-06,3.848597048716521e-05,43.59842212280846
1065,10798,46.56474813357505,0,0,0,0,0,0,0,1,0,691.1314382145223,1.587399297688804e-06,3.848597048716521e-05,45.54274931357495
1066,6655,29.32237507318903,0,0,0,0,0,0,0,1,0,1649.243899697043,1.587399297688804e-06,3.848597048716521e-05,28.30037625318902
1067,10508,46.23790466347719,0,0,0,0,0,0,0,1,0,563.3609501436696,1.587399297688804e-06,3.848597048716521e-05,45.21590584444001
1068,7114,33.55567578061572,0,0,0,0,0,0,0,1,0,3860.722656798709,1.587399297688804e-06,3.848597048716521e-05,32.53367696061567
1069,11334,53.08808713395591,0,0,0,0,0,0,0,1,0,554.2175425002075,1.587399297688804e-06,3.848597048716521e-05,52.06608831391622
1070,11890,52.81377300433518,0,0,0,0,0,0,0,1,0,576.3652111400221,1.587399297688804e-06,3.848597048716521e-05,51.79177418433503
1071,7663,31.56882168223633,0,0,0,0,0,0,0,1,0,476.3811995621206,1.587399297688804e-06,3.848597048716521e-05,30.54682286223631
1072,10733,51.62020328325602,0,0,0,0,0,0,0,1,0,1080.838687066895,1.587399297688804e-06,3.848597048716521e-05,50.59820446325603
1073,11392,52.33750206514372,0,0,0,0,0,0,0,1,0,2439.29200890714,1.587399297688804e-06,3.848597048716521e-05,51.3155032449225
1074,4515,19.75857283355482,0,0,0,0,0,0,0,1,0,2939.732964834075,1.587399297688804e-06,3.848597048716521e-05,18.73657401355479
1075,9475,43.27932144536026,0,0,0,0,0,0,0,1,0,318.817218056085,1.587399297688804e-06,3.848597048716521e-05,42.25732262536028
1076,9326,41.48411005678184,0,0,0,0,0,0,0,1,0,731.3240320113619,1.587399297688804e-06,3.848597048716521e-05,40.46211123678177
1077,11678,52.56994192569165,0,0,0,0,0,0,0,1,0,2418.716703718031,1.587399297688804e-06,3.848597048716521e-05,51.5479431055805
1078,6165,33.21802929972919,0,0,0,0,0,0,0,1,0,544.1467559922955,1.587399297688804e-06,3.848597048716521e-05,32.19603048007463
1079,9340,42.01052001270684,0,0,0,0,0,0,0,1,0,5407.102256168648,1.587399297688804e-06,3.848597048716521e-05,40.98852119264475
1080,9299,40.67194384706463,0,0,0,0,0,0,0,1,0,3145.853320019131,1.587399297688804e-06,3.848597048716521e-05,39.64994502706468
1081,5063,24.1517965153055,0,0,0,0,0,0,0,1,0,2769.960941811413,1.587399297688804e-06,3.848597048716521e-05,23.12979769530549
1082,12238,50.39425481296161,0,0,0,0,0,0,0,1,0,457.7608208549922,1.587399297688804e-06,3.848597048716521e-05,49.3722559929616
1083,8009,36.59821064402411,0,0,0,0,0,0,0,1,0,5582.118552269954,1.587399297688804e-06,3.848597048716521e-05,35.57621182402408
1084,4259,17.92490791087939,0,0,0,0,0,0,0,1,0,2452.527786075719,1.587399297688804e-06,3.848597048716521e-05,16.90290909087941
1085,9901,47.37977564409562,0,0,0,0,0,0,0,1,0,2721.585830377105,1.587399297688804e-06,3.848597048716521e-05,46.35777682409545
1086,8994,40.27691454583498,0,0,0,0,0,0,0,1,0,1833.790898281938,1.587399297688804e-06,3.848597048716521e-05,39.25491572542338
1087,10334,49.03296324967003,0,0,0,0,0,0,0,1,0,3664.087177119799,1.587399297688804e-06,3.848597048716521e-05,48.01096442966998
1088,9488,42.3606408082758,0,0,0,0,0,0,0,1,0,1231.132536783399,1.587399297688804e-06,3.848597048716521e-05,41.3386419883515
1089,9726,42.38939586832554,0,0,0,0,0,0,0,1,0,2856.083210425815,1.587399297688804e-06,3.848597048716521e-05,41.36739704832551
1090,9797,43.15737438401172,0,0,0,0,0,0,0,1,0,2005.862559616543,1.587399297688804e-06,3.848597048716521e-05,42.13537556401167
1091,5355,23.30278405447676,0,0,0,0,0,0,0,1,0,7251.468495002908,1.587399297688804e-06,3.848597048716521e-05,22.28078523447677
1092,0,1e-06,0,0,0,0,0,0,0,0,0,10626.64507606027,1.587399297688804e-06,3.848597048716521e-05,-1
1093,9811,44.42701978180811,0,0,0,0,0,0,0,1,0,993.9550709170225,1.587399297688804e-06,3.848597048716521e-05,43.40502096180819
1094,6050,27.10400709515355,0,0,0,0,0,0,0,1,0,3528.113367899883,1.587399297688804e-06,3.848597048716521e-05,26.08200827515356
1095,6640,30.00828024600328,0,0,0,0,0,0,0,1,0,1345.349774664843,1.587399297688804e-06,3.848597048716521e-05,28.98628142600327
1096,7433,38.44436638016897,0,0,0,0,0,0,0,1,0,946.2541158839975,1.587399297688804e-06,3.848597048716521e-05,37.4223675601689
1097,6812,31.15067799481981,0,0,0,0,0,0,0,1,0,2581.835733914958,1.587399297688804e-06,3.848597048716521e-05,30.12867917481979
1098,11083,50.61782235935891,0,0,0,0,0,0,0,1,0,4179.651929520934,1.587399297688804e-06,3.848597048716521e-05,49.59582353935885
1099,9761,44.26900897699272,0,0,0,0,0,0,0,1,0,1094.494786177278,1.587399297688804e-06,3.848597048716521e-05,43.24701015699261
1100,5231,25.82121559511005,0,0,0,0,0,0,0,1,0,2844.023293481887,1.587399297688804e-06,3.848597048716521e-05,24.79921677518135
1101,7898,38.15929697372165,0,0,0,0,0,0,0,1,0,2662.006959018561,1.587399297688804e-06,3.848597048716521e-05,37.13729815383151
1102,12264,50.46140724732829,0,0,0,0,0,0,0,1,0,320.0929156627889,1.587399297688804e-06,3.848597048716521e-05,49.43940842732822
1103,6612,32.50833557566959,0,0,0,0,0,0,0,1,0,4163.507249502685,1.587399297688804e-06,3.848597048716521e-05,31.48633675566957
1104,7082,30.62706548977519,0,0,0,0,0,0,0,1,0,5021.466563798212,1.587399297688804e-06,3.848597048716521e-05,29.60506666977523
1105,9862,42.70798752244718,0,0,0,0,0,0,0,1,0,3144.500094286274,1.587399297688804e-06,3.848597048716521e-05,41.6859887024471
1106,7079,31.48082915549893,0,0,0,0,0,0,0,1,0,2412.525924434593,1.587399297688804e-06,3.848597048716521e-05,30.45883033549891
1107,8632,40.83241334859343,0,0,0,0,0,0,0,1,0,3720.77799468692,1.587399297688804e-06,3.848597048716521e-05,39.81041452859333
1108,9862,45.2641701114187,0,0,0,0,0,0,0,1,0,2040.808518997572,1.587399297688804e-06,3.848597048716521e-05,44.24217129141862
1109,6878,33.52485406902993,0,0,0,0,0,0,0,1,0,713.2993533371158,1.587399297688804e-06,3.848597048716521e-05,32.50285524902985
1110,5064,21.66822205903519,0,0,0,0,0,0,0,1,0,668.5265347323718,1.587399297688804e-06,3.848597048716521e-05,20.64622323903516
1111,4773,23.11519702242465,0,0,0,0,0,0,0,1,0,947.2790764547213,1.587399297688804e-06,3.848597048716521e-05,22.09319820242461
1112,3184,16.24753937253384,0,0,0,0,0,0,0,1,0,1330.246706676254,1.587399297688804e-06,3.848597048716521e-05,15.22554055253384
1113,11816,50.62177237177544,0,0,0,0,0,0,0,1,0,156.6481057799977,1.587399297688804e-06,3.848597048716521e-05,49.59977355177529
1114,9025,42.47325478823023,0,0,0,0,0,0,0,1,0,2702.447695761678,1.587399297688804e-06,3.848597048716521e-05,41.45125596823016
1115,11024,48.38302306368678,0,0,0,0,0,0,0,1,0,3996.77289765417,1.587399297688804e-06,3.848597048716521e-05,47.36102424368446
1116,3134,13.3211980102531,0,0,0,0,0,0,0,1,0,1721.407581293029,1.587399297688804e-06,3.848597048716521e-05,12.2991991902531
1117,11118,49.00040770569548,0,0,0,0,0,0,0,1,0,1036.841173452296,1.587399297688804e-06,3.848597048716521e-05,47.97840888569532
1118,4782,20.91727026021686,0,0,0,0,0,0,0,1,0,8737.169300608848,1.587399297688804e-06,3.848597048716521e-05,19.89527144021684
1119,5547,28.67397108505754,0,0,0,0,0,0,0,1,0,2336.539250672768,1.587399297688804e-06,3.848597048716521e-05,27.65197226505751
1120,9107,39.62099411464096,0,0,0,0,0,0,0,1,0,3210.878044551156,1.587399297688804e-06,3.848597048716521e-05,38.59899529464094
1121,6794,30.47713429520034,0,0,0,0,0,0,0,1,0,833.0104365133651,1.587399297688804e-06,3.848597048716521e-05,29.45513547520034
1122,8987,40.97333868797249,0,0,0,0,0,0,0,1,0,5907.116101978786,1.587399297688804e-06,3.848597048716521e-05,39.95133986797241
1123,10835,50.29741321632608,0,0,0,0,0,0,0,1,0,261.7120790064326,1.587399297688804e-06,3.848597048716521e-05,49.27541439632598
1124,8902,38.69658055156808,0,0,0,0,0,0,0,1,0,634.9948999630548,1.587399297688804e-06,3.848597048716521e-05,37.674581731568
1125,4166,19.10296534170111,0,0,0,0,0,0,0,1,0,1686.80283075289,1.587399297688804e-06,3.848597048716521e-05,18.0809665217011
1126,6906,32.98811059519453,0,0,0,0,0,0,0,1,0,402.1296931784759,1.587399297688804e-06,3.848597048716521e-05,31.96611177519449
1127,11506,52.36542751609343,0,0,0,0,0,0,0,1,0,1037.477793782176,1.587399297688804e-06,3.848597048716521e-05,51.34342869609342
1128,5865,25.65105826198521,0,0,0,0,0,0,0,1,0,8002.27605961737,1.587399297688804e-06,3.848597048716521e-05,24.62905944198521
1129,6451,28.27399986722895,0,0,0,0,0,0,0,1,0,227.9385996350859,1.587399297688804e-06,3.848597048716521e-05,27.25200104722897
1130,8358,40.57056011104559,0,0,0,0,0,0,0,1,0,2805.758233520926,1.587399297688804e-06,3.848597048716521e-05,39.54856129104556
1131,9103,41.47283121105554,0,0,0,0,0,0,0,1,0,1424.91027422822,1.587399297688804e-06,3.848597048716521e-05,40.45083239106528
1132,4623,20.58963076268832,0,0,0,0,0,0,0,1,0,2578.805072949059,1.587399297688804e-06,3.848597048716521e-05,19.56763194268832
1133,5343,23.60509891627627,0,0,0,0,0,0,0,1,0,4514.489287418557,1.587399297688804e-06,3.848597048716521e-05,22.58310009627626
1134,9500,43.18927099987647,0,0,0,0,0,0,0,1,0,5502.000436442156,1.587399297688804e-06,3.848597048716521e-05,42.16727218014304
1135,11023,51.50591278205346,0,0,0,0,0,0,0,1,0,819.3419751149174,1.587399297688804e-06,3.848597048716521e-05,50.48391396205331
1136,7964,35.97428101165242,0,0,0,0,0,0,0,1,0,1594.604821898591,1.587399297688804e-06,3.848597048716521e-05,34.95228219165239
1137,10155,46.18165590252481,0,0,0,0,0,0,0,1,0,6479.827905651255,1.587399297688804e-06,3.848597048716521e-05,45.15965708252473
1138,7712,31.80219284658813,0,0,0,0,0,0,0,1,0,1099.725897052431,1.587399297688804e-06,3.848597048716521e-05,30.78019402658813
1139,10344,48.9602027110713,0,0,0,0,1,0,0,1,0,3015.462104874989,1.587399297688804e-06,3.848597048716521e-05,47.93820389137528
1140,8212,35.86492995333575,0,0,0,0,0,0,0,1,0,1393.666231178666,1.587399297688804e-06,3.848597048716521e-05,34.84293113333568
1141,6815,28.93918144546888,0,0,0,0,0,0,0,1,0,1484.008273651189,1.587399297688804e-06,3.848597048716521e-05,27.9171826254689
1142,8261,38.1648303294094,0,0,0,0,0,0,0,1,0,6987.948217205609,1.587399297688804e-06,3.848597048716521e-05,37.14283150940937
1143,11587,49.52393668648447,0,0,0,0,0,0,0,1,0,5885.616869065055,1.587399297688804e-06,3.848597048716521e-05,48.50193786648449
1144,7588,35.73051212723281,0,0,0,0,0,0,0,1,0,4293.924868935606,1.587399297688804e-06,3.848597048716521e-05,34.70851330723277
1145,9909,42.52338014100951,0,0,0,0,0,0,0,1,0,619.7124348090751,1.587399297688804e-06,3.848597048716521e-05,41.5013813210095
1146,4132,18.716480827874,0,0,0,0,0,0,0,1,0,586.3162261519451,1.587399297688804e-06,3.848597048716521e-05,17.69448200787398
1147,4333,22.06098190300851,0,0,0,0,0,0,0,1,0,60.03531177259578,1.587399297688804e-06,3.848597048716521e-05,21.03898308300848
1148,11266,49.31062585482712,0,0,0,0,0,0,0,1,0,109.3639298925198,1.587399297688804e-06,3.848597048716521e-05,48.28862703482716
1149,11951,53.04563952772568,0,0,0,0,0,0,0,1,0,3663.315329054235,1.587399297688804e-06,3.848597048716521e-05,52.02364070772567
1150,9093,46.85285268946333,0,0,0,0,0,0,0,1,0,1375.353442549854,1.587399297688804e-06,3.848597048716521e-05,45.83085386946333
1151,10238,47.40390582549245,0,0,0,0,0,0,0,1,0,3572.128700718146,1.587399297688804e-06,3.848597048716521e-05,46.3819070054924
1152,8857,39.50015849366999,0,0,0,0,0,0,0,1,0,682.9427994041723,1.587399297688804e-06,3.848597048716521e-05,38.47815967366995
1153,8552,42.33411627775784,0,0,0,0,0,0,0,1,0,4690.804143460815,1.587399297688804e-06,3.848597048716521e-05,41.31211745775778
1154,10668,49.01264715607708,0,0,0,0,0,0,0,1,0,489.542324383953,1.587399297688804e-06,3.848597048716521e-05,47.99064833607703
1155,10016,44.84642379628164,0,0,0,0,0,0,0,1,0,3637.477643887279,1.587399297688804e-06,3.848597048716521e-05,43.82442497628143
1156,10032,43.03449427311364,0,0,0,0,0,0,0,1,0,137.9245090496451,1.587399297688804e-06,3.848597048716521e-05,42.01249545311353
1157,9252,44.08087123676138,0,0,0,0,0,0,0,1,0,2982.466848489171,1.587399297688804e-06,3.848597048716521e-05,43.05887241676125
1158,6491,31.97772367218168,0,0,0,0,0,0,0,1,0,1657.633932625593,1.587399297688804e-06,3.848597048716521e-05,30.95572485218167
1159,8216,38.79714545817475,0,0,0,0,0,0,0,1,0,4308.610176792336,1.587399297688804e-06,3.848597048716521e-05,37.77514663818924
1160,10215,44.04930939178866,0,0,0,0,0,0,0,1,0,55.86673293788685,1.587399297688804e-06,3.848597048716521e-05,43.02731057178858
1161,8028,44.76560451233446,0,0,0,0,0,0,0,1,0,6239.326138545175,1.587399297688804e-06,3.848597048716521e-05,43.74360569235779
1162,10769,49.43178322887561,0,0,0,0,0,0,0,1,0,2905.336095762309,1.587399297688804e-06,3.848597048716521e-05,48.40978440887555
1163,11179,47.28542415623701,0,0,0,0,0,0,0,1,0,604.4499812762215,1.587399297688804e-06,3.848597048716521e-05,46.26342533623689
1164,11757,51.87948602245775,0,0,0,0,0,0,0,1,0,3077.854786998244,1.587399297688804e-06,3.848597048716521e-05,50.85748720245769
1165,6586,29.93547780970277,0,0,0,0,0,0,0,1,0,455.696379334765,1.587399297688804e-06,3.848597048716521e-05,28.91347898970277
1166,6563,31.52660771435681,0,0,0,0,0,0,0,1,0,1684.205699250077,1.587399297688804e-06,3.848597048716521e-05,30.50460889433376
1167,10896,51.1441137126446,0,0,0,0,0,0,0,1,0,1897.292886520174,1.587399297688804e-06,3.848597048716521e-05,50.12211489275803
1168,3499,17.24133529698383,0,0,0,0,0,0,0,1,0,1608.045238019639,1.587399297688804e-06,3.848597048716521e-05,16.21933647698385
1169,7388,36.71578239648969,0,0,0,0,0,0,0,1,0,3677.243622284978,1.587399297688804e-06,3.848597048716521e-05,35.69378357636055
1170,10950,49.65327834691635,0,0,0,0,0,0,0,1,0,1140.040851438124,1.587399297688804e-06,3.848597048716521e-05,48.63127952691626
1171,9441,41.63278404273109,0,0,0,0,0,0,0,1,0,4726.917215818574,1.587399297688804e-06,3.848597048716521e-05,40.61078522264336
1172,8710,39.41480806774661,0,0,0,0,0,0,0,1,0,951.7633721595942,1.587399297688804e-06,3.848597048716521e-05,38.39280924774659
1173,11065,51.75960564688949,0,0,0,0,0,0,0,1,0,4.947399006225533,1.587399297688804e-06,3.848597048716521e-05,50.73760682688953
1174,8798,42.00429738582462,0,0,0,0,0,0,0,1,0,503.5487345387365,1.587399297688804e-06,3.848597048716521e-05,40.98229856582445
1175,8996,41.44377865236849,0,0,0,0,0,0,0,1,0,830.5076335279629,1.587399297688804e-06,3.848597048716521e-05,40.42177983236847
1176,9172,44.80984030671755,0,0,0,0,0,0,0,1,0,123.5786836914153,1.587399297688804e-06,3.848597048716521e-05,43.78784148671748
1177,10745,49.60561475374914,0,0,0,0,0,0,0,1,0,1056.619423907593,1.587399297688804e-06,3.848597048716521e-05,48.58361593378561
1178,8990,42.00872590233963,0,0,0,0,0,0,0,1,0,6088.121371509064,1.587399297688804e-06,3.848597048716521e-05,40.98672708233949
1179,9836,45.91508442078407,0,0,0,0,0,0,0,1,0,924.8801658280643,1.587399297688804e-06,3.848597048716521e-05,44.89308560078394
1180,8616,43.2514036857444,0,0,0,0,0,0,0,1,0,6824.130638638523,1.587399297688804e-06,3.848597048716521e-05,42.22940486574442
1181,6192,29.94522057474204,0,0,0,0,0,0,0,1,0,1453.641277790473,1.587399297688804e-06,3.848597048716521e-05,28.92322175474203
1182,9917,44.53624346493846,0,0,0,0,0,0,0,1,0,54.09017090776467,1.587399297688804e-06,3.848597048716521e-05,43.51424464493842
1183,7193,38.04463469246259,0,0,0,0,0,0,0,1,0,5097.11612637027,1.587399297688804e-06,3.848597048716521e-05,37.02263587260283
1184,4261,22.26665336919725,0,0,0,0,0,0,0,1,0,644.8966496724798,1.587399297688804e-06,3.848597048716521e-05,21.24465454919722
1185,4910,21.3195966999944,0,0,0,0,0,0,0,1,0,1381.93572255854,1.587399297688804e-06,3.848597048716521e-05,20.29759787999441
1186,4248,17.11091653719721,0,0,0,0,0,0,0,1,0,1530.565968516921,1.587399297688804e-06,3.848597048716521e-05,16.08891771719719
1187,4360,22.76632447266483,0,0,0,0,0,0,0,1,0,2341.046898309819,1.587399297688804e-06,3.848597048716521e-05,21.74432565266482
1188,6570,30.47049086737921,0,0,0,0,0,0,0,1,0,3158.334266469326,1.587399297688804e-06,3.848597048716521e-05,29.44849204737922
1189,10187,47.38187362623155,0,0,0,0,0,0,0,1,0,998.0297713260574,1.587399297688804e-06,3.848597048716521e-05,46.35987480623145
1190,5827,23.95966016135344,0,0,0,0,0,0,0,1,0,1575.249555810473,1.587399297688804e-06,3.848597048716521e-05,22.93766134135344
1191,7496,33.86744850868032,0,0,0,0,0,0,0,1,0,2845.421321294733,1.587399297688804e-06,3.848597048716521e-05,32.84544968868024
1192,5748,26.45579364957784,0,0,0,0,0,0,0,1,0,694.9264072772841,1.587399297688804e-06,3.848597048716521e-05,25.43379482957784
1193,9588,43.4304356174422,0,0,0,0,0,0,0,1,0,1072.202688963693,1.587399297688804e-06,3.848597048716521e-05,42.40843679744201
1194,11121,52.14248874897346,0,0,0,0,0,0,0,1,0,1807.929754141511,1.587399297688804e-06,3.848597048716521e-05,51.12048992897343
1195,10370,46.5755001066094,0,0,0,0,0,0,0,1,0,385.0917602979566,1.587399297688804e-06,3.848597048716521e-05,45.5535012866093
1196,11834,50.3995617879023,0,0,0,0,0,0,0,1,0,3263.477638220184,1.587399297688804e-06,3.848597048716521e-05,49.37756296790228
1197,8968,42.85551185049063,0,0,0,0,0,0,0,1,0,4013.164731462698,1.587399297688804e-06,3.848597048716521e-05,41.83351303049056
1198,9188,46.71844885087003,0,0,0,0,0,0,0,1,0,249.7992578452462,1.587399297688804e-06,3.848597048716521e-05,45.69645003086983
1199,8967,40.4314875810323,0,0,0,0,0,0,0,1,0,62.72777495484191,1.587399297688804e-06,3.848597048716521e-05,39.40948876103221
1200,0,1e-06,0,0,0,0,0,0,0,0,0,11560.91385955629,1.587399297688804e-06,3.848597048716521e-05,-1
1201,10206,48.91933129387223,0,0,0,0,0,0,0,1,0,217.9513850993852,1.587399297688804e-06,3.848597048716521e-05,47.89733247386257
1202,10052,48.6126737641461,0,0,0,0,0,0,0,1,0,2379.718844225012,1.587399297688804e-06,3.848597048716521e-05,47.59067494414605
1203,2662,11.39177939683783,0,0,0,0,0,0,0,1,0,1342.795338296668,1.587399297688804e-06,3.848597048716521e-05,10.36978057683783
1204,10229,46.06796653354787,0,0,0,0,0,0,0,1,0,486.2824387616683,1.587399297688804e-06,3.848597048716521e-05,45.04596771354788
1205,11397,52.73818190225141,0,0,0,0,0,0,0,1,0,5835.186023388652,1.587399297688804e-06,3.848597048716521e-05,51.71618308225538
1206,4942,20.51333285078418,0,0,0,0,0,0,0,1,0,6744.302999969914,1.587399297688804e-06,3.848597048716521e-05,19.49133403078415
1207,4616,23.77924277410545,0,0,0,0,0,0,0,1,0,344.3960224080438,1.587399297688804e-06,3.848597048716521e-05,22.75724395410543
1208,10038,48.65674654890861,0,0,0,0,0,0,0,1,0,939.8803428558675,1.587399297688804e-06,3.848597048716521e-05,47.6347477287893
1209,7883,36.45734062989363,0,0,0,0,0,0,0,1,0,766.7549988725985,1.587399297688804e-06,3.848597048716521e-05,35.4353418098935
1210,10688,48.37306946924888,0,0,0,0,0,0,0,1,0,2383.304678595979,1.587399297688804e-06,3.848597048716521e-05,47.35107064924887
1211,10623,44.8091210174221,0,0,0,0,0,0,0,1,0,4445.806927477091,1.587399297688804e-06,3.848597048716521e-05,43.78712219742197
1212,6152,28.45753398547584,0,0,0,0,0,0,0,1,0,3001.469161128423,1.587399297688804e-06,3.848597048716521e-05,27.43553516547584
1213,8316,34.64085599562641,0,0,0,0,0,0,0,1,0,2240.096650866187,1.587399297688804e-06,3.848597048716521e-05,33.61885717562628
1214,8854,39.55728089407634,0,0,0,0,0,0,0,1,0,3007.273567727144,1.587399297688804e-06,3.848597048716521e-05,38.53528207407631
1215,6986,32.51846010229134,0,0,0,0,0,0,0,1,0,1779.370621391071,1.587399297688804e-06,3.848597048716521e-05,31.49646128229129
1216,8367,38.65476388913694,0,0,0,0,0,0,0,1,0,5208.779726912116,1.587399297688804e-06,3.848597048716521e-05,37.6327650691369
1217,11885,51.04745049362202,0,0,0,0,0,0,0,1,0,2874.131794714498,1.587399297688804e-06,3.848597048716521e-05,50.02545167362198
1218,3214,15.64324489270535,0,0,0,0,0,0,0,1,0,332.0309885337192,1.587399297688804e-06,3.848597048716521e-05,14.62124607270536
1219,10954,49.24322237816173,0,0,0,0,0,0,0,1,0,2297.572398756323,1.587399297688804e-06,3.848597048716521e-05,48.22122355816164
1220,6194,29.61410946805844,0,0,0,0,0,0,0,1,0,530.1129872160218,1.587399297688804e-06,3.848597048716521e-05,28.59211064805841
1221,6493,30.32215510853327,0,0,0,0,0,0,0,1,0,928.0243984040145,1.587399297688804e-06,3.848597048716521e-05,29.30015628853325
1222,8316,37.34333461158968,0,0,0,0,0,0,0,1,0,3049.349321132245,1.587399297688804e-06,3.848597048716521e-05,36.3213357915897
1223,10285,43.44427298809219,0,0,0,0,0,0,0,1,0,8067.065011164344,1.587399297688804e-06,3.848597048716521e-05,42.42227416809212
1224,8603,39.16546796697583,0,0,0,0,0,0,0,1,0,312.9810559707259,1.587399297688804e-06,3.848597048716521e-05,38.14346914697578
1225,0,1e-06,0,0,0,0,0,0,0,0,0,10320.8606714034,1.587399297688804e-06,3.848597048716521e-05,-1
1226,6745,34.12666002063989,0,0,0,0,1,0,0,1,0,413.5610383035564,1.587399297688804e-06,3.848597048716521e-05,33.1046612006399
1227,5762,29.96242293355892,0,0,0,0,0,0,0,1,0,612.7008285169886,1.587399297688804e-06,3.848597048716521e-05,28.94042411355891
1228,9868,47.09223377558718,0,0,0,0,0,0,0,1,0,3007.287925081409,1.587399297688804e-06,3.848597048716521e-05,46.07023495558694
1229,7382,31.16384092642743,0,0,0,0,0,0,0,1,0,3063.106748126816,1.587399297688804e-06,3.848597048716521e-05,30.14184210642738
1230,8695,42.13314347095072,0,0,0,0,0,0,0,1,0,1382.829233301565,1.587399297688804e-06,3.848597048716521e-05,41.11114465095061
1231,8259,37.88100651025661,0,0,0,0,0,0,0,1,0,3869.548367113831,1.587399297688804e-06,3.848597048716521e-05,36.85900769025659
1232,9580,45.04722345805482,0,0,0,0,0,0,0,1,0,3377.342037084872,1.587399297688804e-06,3.848597048716521e-05,44.02522463814056
1233,10279,49.38874787422385,0,0,0,0,0,0,0,1,0,4512.940480603655,1.587399297688804e-06,3.848597048716521e-05,48.36674905407395
1234,8033,37.29839829781649,0,0,0,0,0,0,0,1,0,2967.561953034404,1.587399297688804e-06,3.848597048716521e-05,36.27639947781643
1235,8015,37.07739549420076,0,0,0,0,0,0,0,1,0,720.0048569248842,1.587399297688804e-06,3.848597048716521e-05,36.05539667420076
1236,9200,47.57830345770348,0,0,0,0,0,0,0,1,0,849.7967833351695,1.587399297688804e-06,3.848597048716521e-05,46.55630463770335
1237,6695,32.00558540467785,0,0,0,0,0,0,0,1,0,237.3287831548826,1.587399297688804e-06,3.848597048716521e-05,30.98358658467784
1238,7640,34.79573294302855,0,0,0,0,0,0,0,1,0,977.9481800666067,1.587399297688804e-06,3.848597048716521e-05,33.77373412302857
1239,9682,44.87231553030188,0,0,0,0,0,0,0,1,0,340.7851583860072,1.587399297688804e-06,3.848597048716521e-05,43.85031671030182
1240,9232,41.81523165604233,0,0,0,0,0,0,0,1,0,432.280011762893,1.587399297688804e-06,3.848597048716521e-05,40.79323283604237
1241,9018,39.47769821530532,0,0,0,0,0,0,0,1,0,1003.911677386463,1.587399297688804e-06,3.848597048716521e-05,38.45569939530517
1242,5846,27.41083975246818,0,0,0,0,0,0,0,1,0,2178.478928741077,1.587399297688804e-06,3.848597048716521e-05,26.38884093253382
1243,4191,19.98134089378554,0,0,0,0,0,0,0,1,0,7691.931181902173,1.587399297688804e-06,3.848597048716521e-05,18.95934207378555
1244,10874,52.52929155836951,0,0,0,0,0,0,0,1,0,224.6775677962311,1.587399297688804e-06,3.848597048716521e-05,51.50729273836942
1245,11437,49.90647726136536,0,0,0,0,0,0,0,1,0,5524.280109970132,1.587399297688804e-06,3.848597048716521e-05,48.88447844136532
1246,7711,39.53940640599902,0,0,0,0,0,0,0,1,0,4702.141666230101,1.587399297688804e-06,3.848597048716521e-05,38.51740758599892
1247,9747,46.71696806371678,0,0,0,0,0,0,0,1,0,3528.640933766744,1.587399297688804e-06,3.848597048716521e-05,45.694969242721
1248,7771,38.44065172805514,0,0,0,0,0,0,0,1,0,1352.637594420817,1.587399297688804e-06,3.848597048716521e-05,37.41865290805503
1249,7833,36.37054521120024,0,0,0,0,0,0,0,1,0,926.4568485469342,1.587399297688804e-06,3.848597048716521e-05,35.34854639120019
1250,6921,31.85926963534471,0,0,0,0,0,0,0,1,0,296.0947829324131,1.587399297688804e-06,3.848597048716521e-05,30.83727081534472
1251,9316,41.92010291904668,0,0,0,0,0,0,0,1,0,1302.189689344027,1.587399297688804e-06,3.848597048716521e-05,40.89810409904654
1252,10983,52.13584824578657,0,0,0,0,0,0,0,1,0,1027.350838242013,1.587399297688804e-06,3.848597048716521e-05,51.11384942579308
1253,9118,40.32967373879926,0,0,0,0,0,0,0,1,0,2351.61763553833,1.587399297688804e-06,3.848597048716521e-05,39.30767491879917
1254,11196,51.05053180308775,0,0,0,0,0,0,0,1,0,360.9529028001516,1.587399297688804e-06,3.848597048716521e-05,50.02853298308776
1255,7346,33.96166536081993,0,0,0,0,0,0,0,1,0,395.3735499909642,1.587399297688804e-06,3.848597048716521e-05,32.93966654081986
1256,7115,31.97808152770729,0,0,0,0,0,0,0,1,0,898.3561446891684,1.587399297688804e-06,3.848597048716521e-05,30.95608270770726
1257,6339,32.01638553467448,0,0,0,0,0,0,0,1,0,2088.722343621876,1.587399297688804e-06,3.848597048716521e-05,30.99438671467989
1258,5885,26.81280333576031,0,0,0,0,0,0,0,1,0,4864.221368631027,1.587399297688804e-06,3.848597048716521e-05,25.79080451576027
1259,10593,48.54231887088574,0,0,0,0,0,0,0,1,0,172.4924572516143,1.587399297688804e-06,3.848597048716521e-05,47.52032005088562
1260,5738,25.1696294341513,0,0,0,0,0,0,0,1,0,502.2634016289915,1.587399297688804e-06,3.848597048716521e-05,24.14763061415124
1261,9358,45.67694564684683,0,0,0,0,0,0,0,1,0,363.6593881086279,1.587399297688804e-06,3.848597048716521e-05,44.65494682684675
1262,8908,42.03229538443198,0,0,0,0,0,0,0,1,0,625.4910878886815,1.587399297688804e-06,3.848597048716521e-05,41.01029656489309
1263,11196,51.33090797154095,0,0,0,0,1,0,0,1,0,308.8244106203425,1.587399297688804e-06,3.848597048716521e-05,50.30890915149561
1264,6294,29.47908424215528,0,0,0,0,0,0,0,1,0,1926.775458458269,1.587399297688804e-06,3.848597048716521e-05,28.45708542215528
1265,4373,21.64980205304673,0,0,0,0,0,0,0,1,0,922.2562624170714,1.587399297688804e-06,3.848597048716521e-05,20.62780323304674
1266,6883,33.1506603376103,0,0,0,0,0,0,0,1,0,80.97314156708212,1.587399297688804e-06,3.848597048716521e-05,32.12866151761026
1267,4400,20.61794621212684,0,0,0,0,0,0,0,1,0,926.2983133544492,1.587399297688804e-06,3.848597048716521e-05,19.59594739212684
1268,7900,35.27591775791607,0,0,0,0,0,0,0,1,0,714.7898697240799,1.587399297688804e-06,3.848597048716521e-05,34.25391893791599
1269,6212,28.84934678749368,0,0,0,0,0,0,0,1,0,845.3668738330102,1.587399297688804e-06,3.848597048716521e-05,27.8273479674937
1270,9948,47.46327576487386,0,0,0,0,0,0,0,1,0,2293.630065386299,1.587399297688804e-06,3.848597048716521e-05,46.44127694487359
1271,10569,45.69240435106753,0,0,0,0,0,0,0,1,0,2494.559771691271,1.587399297688804e-06,3.848597048716521e-05,44.67040553106738
1272,8288,39.06779271045819,0,0,0,0,0,0,0,1,0,1042.245896317669,1.587399297688804e-06,3.848597048716521e-05,38.0457938904582
1273,5524,24.43269217669789,0,0,0,0,0,0,0,1,0,894.872716290952,1.587399297688804e-06,3.848597048716521e-05,23.41069335669788
1274,3137,14.71056325851524,0,0,0,0,0,0,0,1,0,691.2674850034548,1.587399297688804e-06,3.848597048716521e-05,13.68856443851524
1275,7721,38.20018837985787,0,0,0,0,0,0,0,1,0,1387.968503624374,1.587399297688804e-06,3.848597048716521e-05,37.17818955985778
1276,7775,34.93093726308858,0,0,0,0,0,0,0,1,0,475.03433738952,1.587399297688804e-06,3.848597048716521e-05,33.90893844308853
1277,7889,39.21623187252489,0,0,0,0,0,0,0,1,0,2007.12463895625,1.587399297688804e-06,3.848597048716521e-05,38.19423305252485
1278,1128,6.117968095782319,0,0,0,0,0,0,0,1,0,2693.34484084738,1.587399297688804e-06,3.848597048716521e-05,5.095969275782324
1279,10530,48.01340290144898,0,0,0,0,0,0,0,1,0,7383.957122595451,1.587399297688804e-06,3.848597048716521e-05,46.99140408144891
1280,10451,49.99357030015573,0,0,0,0,0,0,0,1,0,1110.604459327248,1.587399297688804e-06,3.848597048716521e-05,48.97157148015566
1281,9958,51.494115994723,0,0,0,0,0,0,0,1,0,80.84766168900818,1.587399297688804e-06,3.848597048716521e-05,50.47211717472292
1282,4520,23.87146905965814,0,0,0,0,0,0,0,1,0,1684.357295525842,1.587399297688804e-06,3.848597048716521e-05,22.84947023965814
1283,9259,38.73146410814933,0,0,0,0,0,0,0,1,0,4434.839020064318,1.587399297688804e-06,3.848597048716521e-05,37.70946528814923
1284,2125,9.509860655248568,0,0,0,0,0,0,0,1,0,956.8785470235208,1.587399297688804e-06,3.848597048716521e-05,8.487861835248554
1285,11828,53.21969802496567,0,0,0,0,0,0,0,1,0,3284.80321354321,1.587399297688804e-06,3.848597048716521e-05,52.19769920496562
1286,8229,36.6136979314683,0,0,0,0,0,0,0,1,0,1617.121159547516,1.587399297688804e-06,3.848597048716521e-05,35.59169911146817
1287,10520,47.64323870475994,0,0,0,0,0,0,0,1,0,1886.216848504008,1.587399297688804e-06,3.848597048716521e-05,46.62123988475978
1288,11642,52.6017676766045,0,0,0,0,0,0,0,1,0,5095.192881798674,1.587399297688804e-06,3.848597048716521e-05,51.5797688566045
1289,7381,34.13898357112985,0,0,0,0,0,0,0,1,0,1111.684771734948,1.587399297688804e-06,3.848597048716521e-05,33.11698475112979
1290,11094,52.32706385643027,0,0,0,0,0,0,0,1,0,476.7295489523954,1.587399297688804e-06,3.848597048716521e-05,51.30506503643014
1291,6015,27.07455404804764,0,0,0,0,0,0,0,1,0,456.5135424409812,1.587399297688804e-06,3.848597048716521e-05,26.05255522804766
1292,10989,51.92250768892316,0,0,0,0,0,0,0,1,0,2909.008246644351,1.587399297688804e-06,3.848597048716521e-05,50.90050886892304
1293,6374,31.84558339844396,0,0,0,0,0,0,0,1,0,146.3294289212139,1.587399297688804e-06,3.848597048716521e-05,30.82358457844394
1294,10469,48.5961730547706,0,0,0,0,0,0,0,1,0,4769.959008086213,1.587399297688804e-06,3.848597048716521e-05,47.57417423477051
1295,10834,49.7876206002914,0,0,0,0,0,0,0,1,0,1485.678572613585,1.587399297688804e-06,3.848597048716521e-05,48.76562178029115
1296,10000,46.62449832496445,0,0,0,0,0,0,0,1,0,753.1367966258978,1.587399297688804e-06,3.848597048716521e-05,45.60249950496441
1297,4973,25.20527560260485,0,0,0,0,0,0,0,1,0,2399.025314139128,1.587399297688804e-06,3.848597048716521e-05,24.18327678260484
1298,0,1e-06,0,0,0,0,0,0,0,0,0,11786.66953247592,1.587399297688804e-06,3.848597048716521e-05,-1
1299,5789,25.14904010123237,0,0,0,0,0,0,0,1,0,978.1318573085634,1.587399297688804e-06,3.848597048716521e-05,24.12704128123239
1300,8429,44.29471938841206,0,0,0,0,0,0,0,1,0,1242.149039847047,1.587399297688804e-06,3.848597048716521e-05,43.27272056841193
1301,10906,48.88531531552049,0,0,0,0,0,0,0,1,0,3266.826106830005,1.587399297688804e-06,3.848597048716521e-05,47.86331649552049
1302,8842,40.78377587616642,0,0,0,0,0,0,0,1,0,2918.819429514075,1.587399297688804e-06,3.848597048716521e-05,39.76177705616595
1303,7950,36.77548375641182,0,0,0,0,0,0,0,1,0,3367.035128461295,1.587399297688804e-06,3.848597048716521e-05,35.7534849364117
1304,9659,46.29375437991255,0,0,0,0,0,0,0,1,0,235.9070443482113,1.587399297688804e-06,3.848597048716521e-05,45.27175555991237
1305,3779,17.90791757189961,0,0,0,0,0,0,0,1,0,746.092024257669,1.587399297688804e-06,3.848597048716521e-05,16.88591875189961
1306,10653,47.94454831392362,0,0,0,0,0,0,0,1,0,325.6417993321739,1.587399297688804e-06,3.848597048716521e-05,46.92254949392345
1307,6086,28.84037868525381,0,0,0,0,0,0,0,1,0,1007.468707941659,1.587399297688804e-06,3.848597048716521e-05,27.8183798652538
1308,6480,30.39253582448591,0,0,0,0,0,0,0,1,0,1019.178736070568,1.587399297688804e-06,3.848597048716521e-05,29.37053700448592
1309,8566,38.14027603678759,0,0,0,0,0,0,0,1,0,1827.235059363068,1.587399297688804e-06,3.848597048716521e-05,37.11827721678755
1310,7162,32.40309767701891,0,0,0,0,0,0,0,1,0,9227.956881439797,1.587399297688804e-06,3.848597048716521e-05,31.3810988570189
1311,4632,19.79526604068333,0,0,0,0,0,0,0,1,0,576.4476556996996,1.587399297688804e-06,3.848597048716521e-05,18.77326722068332
1312,11285,49.09997975425554,0,0,0,0,0,0,0,1,0,1974.975894067107,1.587399297688804e-06,3.848597048716521e-05,48.07798093425552
1313,5766,28.14557961167245,0,0,0,0,0,0,0,1,0,6043.875293414354,1.587399297688804e-06,3.848597048716521e-05,27.1235807916724
1314,7500,33.69215787234723,0,0,0,0,0,0,0,1,0,3766.490969017065,1.587399297688804e-06,3.848597048716521e-05,32.67015905234719
1315,9630,44.02288445034385,0,0,0,0,0,0,0,1,0,3827.733415392776,1.587399297688804e-06,3.848597048716521e-05,43.00088563034381
1316,5789,28.0647871376838,0,0,0,0,0,0,0,1,0,268.0087169953256,1.587399297688804e-06,3.848597048716521e-05,27.04278831768378
1317,10046,45.11199315018852,0,0,0,0,0,0,0,1,0,1605.340413618409,1.587399297688804e-06,3.848597048716521e-05,44.08999433018842
1318,9441,41.87681056798269,0,0,0,0,0,0,0,1,0,3472.166269975598,1.587399297688804e-06,3.848597048716521e-05,40.85481174798255
1319,10099,44.30017666341252,0,0,0,0,0,0,0,1,0,11.81558307270739,1.587399297688804e-06,3.848597048716521e-05,43.27817784341241
1320,9262,42.21985883047662,0,0,0,0,0,0,0,1,0,253.8935887455175,1.587399297688804e-06,3.848597048716521e-05,41.19786001047659
1321,12380,53.34002783401724,0,0,0,0,0,0,0,1,0,1857.940198415113,1.587399297688804e-06,3.848597048716521e-05,52.31802901401706
1322,3838,18.04357815939889,0,0,0,0,0,0,0,1,0,3273.993666117444,1.587399297688804e-06,3.848597048716521e-05,17.02157933939886
1323,8306,42.86241457783743,0,0,0,0,0,0,0,1,0,1277.677509618704,1.587399297688804e-06,3.848597048716521e-05,41.8404157578374
1324,6765,35.19288708906014,0,0,0,0,0,0,0,1,0,2937.016731503839,1.587399297688804e-06,3.848597048716521e-05,34.17088826913303
1325,6010,29.8335160904639,0,0,0,0,0,0,0,1,0,1498.649092402622,1.587399297688804e-06,3.848597048716521e-05,28.8115172704639
1326,10363,45.80920441417541,0,0,0,0,0,0,0,1,0,2575.193850206558,1.587399297688804e-06,3.848597048716521e-05,44.78720559417537
1327,9317,47.60939780562362,0,0,0,0,0,0,0,1,0,1274.985754362864,1.587399297688804e-06,3.848597048716521e-05,46.58739898562351
1328,10765,49.7960705256213,0,0,0,0,0,0,0,1,0,2121.308699608591,1.587399297688804e-06,3.848597048716521e-05,48.77407170562115
1329,9121,43.89469941446036,0,0,0,0,0,0,0,1,0,3786.790641516464,1.587399297688804e-06,3.848597048716521e-05,42.87270059446028
1330,10776,51.49724971882114,0,0,0,0,0,0,0,1,0,2316.346233351309,1.587399297688804e-06,3.848597048716521e-05,50.47525089882109
1331,9251,47.4165323199286,0,0,0,0,0,0,0,1,0,1571.007795076356,1.587399297688804e-06,3.848597048716521e-05,46.39453349992854
1332,8825,39.46132067893456,0,0,0,0,0,0,0,1,0,3222.280028787233,1.587399297688804e-06,3.848597048716521e-05,38.43932185893451
1333,5351,22.9130049371456,0,0,0,0,0,0,0,1,0,4337.827662532798,1.587399297688804e-06,3.848597048716521e-05,21.89100611714558
1334,10091,44.14357018368828,0,0,0,0,0,0,0,1,0,320.3945721824294,1.587399297688804e-06,3.848597048716521e-05,43.12157136368822
1335,10975,52.21909007691805,0,0,0,0,0,0,0,1,0,3072.557534531537,1.587399297688804e-06,3.848597048716521e-05,51.19709125691786
1336,11395,50.0253850951589,0,0,0,0,0,0,0,1,0,1944.373400052623,1.587399297688804e-06,3.848597048716521e-05,49.00338627515886
1337,7146,38.61450136674679,0,0,0,0,0,0,0,1,0,786.4764760752447,1.587399297688804e-06,3.848597048716521e-05,37.59250254674671
1338,7056,34.97746438835354,0,0,0,0,0,0,0,1,0,2124.056251760923,1.587399297688804e-06,3.848597048716521e-05,33.95546556833822
1339,4274,20.04901159144145,0,0,0,0,0,0,0,1,0,1522.173537258036,1.587399297688804e-06,3.848597048716521e-05,19.02701277144143
1340,10232,44.70200505215151,0,0,0,0,0,0,0,1,0,921.9043257124542,1.587399297688804e-06,3.848597048716521e-05,43.68000623215143
1341,8991,40.47531633539116,0,0,0,0,0,0,0,1,0,4412.130314845826,1.587399297688804e-06,3.848597048716521e-05,39.45331751539103
1342,9704,47.70168151727894,0,0,0,0,0,0,0,1,0,527.4414431089242,1.587399297688804e-06,3.848597048716521e-05,46.67968269727891
1343,8737,44.47171712020776,0,0,0,0,0,0,0,1,0,1921.313085817091,1.587399297688804e-06,3.848597048716521e-05,43.4497183002077
1344,8260,40.45076709179502,0,0,0,0,0,0,0,1,0,3419.085711579902,1.587399297688804e-06,3.848597048716521e-05,39.42876827179492
1345,9758,42.91290248307447,0,0,0,0,0,0,0,1,0,2063.733168629093,1.587399297688804e-06,3.848597048716521e-05,41.89090366307441
1346,11812,51.6426057372719,0,0,0,0,0,0,0,1,0,8464.705733833347,1.587399297688804e-06,3.848597048716521e-05,50.62060691727181
1347,1663,8.803972529803801,0,0,0,0,0,0,0,1,0,3375.821737088528,1.587399297688804e-06,3.848597048716521e-05,7.781973709803808
1348,8360,40.99258228221533,0,0,0,0,0,0,0,1,0,304.706330482847,1.587399297688804e-06,3.848597048716521e-05,39.97058346221533
1349,11661,51.56061897570851,0,0,0,0,0,0,0,1,0,6.020215437794517,1.587399297688804e-06,3.848597048716521e-05,50.53862015570844
1350,7243,34.27038029019774,0,0,0,0,0,0,0,1,0,2000.87523707313,1.587399297688804e-06,3.848597048716521e-05,33.24838147019774
1351,1872,9.617155934723638,0,0,0,0,0,0,0,1,0,66.59397051784897,1.587399297688804e-06,3.848597048716521e-05,8.595157114723643
1352,10384,47.60889251012953,0,0,0,0,0,0,0,1,0,319.3612617792364,1.587399297688804e-06,3.848597048716521e-05,46.58689369012935
1353,7998,41.46253875869508,0,0,0,0,0,0,0,1,0,433.4197848140218,1.587399297688804e-06,3.848597048716521e-05,40.4405399386949
1354,11817,51.68473853470386,0,0,0,0,0,0,0,1,0,5435.806621250656,1.587399297688804e-06,3.848597048716521e-05,50.66273971470363
1355,10581,47.11051366479428,0,0,0,0,0,0,0,1,0,1157.593340498586,1.587399297688804e-06,3.848597048716521e-05,46.08851484479427
1356,7155,33.1025054679035,0,0,0,0,0,0,0,1,0,4251.458103422583,1.587399297688804e-06,3.848597048716521e-05,32.08050664790347
1357,7921,35.25764372623162,0,0,0,0,0,0,0,1,0,446.2860995915055,1.587399297688804e-06,3.848597048716521e-05,34.23564490623153
1358,7404,32.22188433543024,0,0,0,0,0,0,0,1,0,424.872462389874,1.587399297688804e-06,3.848597048716521e-05,31.19988551543026
1359,4592,20.84561926911544,0,0,0,0,0,0,0,1,0,1315.101297980504,1.587399297688804e-06,3.848597048716521e-05,19.82362044911541
1360,9280,45.11011984055535,0,0,0,0,0,0,0,1,0,430.115955681877,1.587399297688804e-06,3.848597048716521e-05,44.08812102055528
1361,9395,43.55838855997372,0,0,0,0,0,0,0,1,0,607.8785248726645,1.587399297688804e-06,3.848597048716521e-05,42.53638973997372
1362,10693,48.05246255264922,0,0,0,0,0,0,0,1,0,501.6636117144351,1.587399297688804e-06,3.848597048716521e-05,47.03046373264911
1363,7119,33.75015238839557,0,0,0,0,0,0,0,1,0,464.0071241816597,1.587399297688804e-06,3.848597048716521e-05,32.72815356839555
1364,11036,49.74658923380171,0,0,0,0,0,0,0,1,0,1300.110312796924,1.587399297688804e-06,3.848597048716521e-05,48.72459041384617
1365,7853,35.38780360604003,0,0,0,0,0,0,0,1,0,909.6768418278607,1.587399297688804e-06,3.848597048716521e-05,34.36580478603996
1366,8964,38.48099072339017,0,0,0,0,0,0,0,1,0,4233.894493840652,1.587399297688804e-06,3.848597048716521e-05,37.45899190339014
1367,5064,22.01535243284762,0,0,0,0,0,0,0,1,0,8.997157679644499,1.587399297688804e-06,3.848597048716521e-05,20.99335361284758
1368,8959,43.84938001983796,0,0,0,0,0,0,0,1,0,1907.932544698542,1.587399297688804e-06,3.848597048716521e-05,42.82738119983789
1369,7739,37.19142491613741,0,0,0,0,0,0,0,1,0,607.9061585171918,1.587399297688804e-06,3.848597048716521e-05,36.1694260961373
1370,7572,33.8614442886856,0,0,0,0,0,0,0,1,0,260.8679900580615,1.587399297688804e-06,3.848597048716521e-05,32.83944546868553
1371,5216,24.6809288569966,0,0,0,0,0,0,0,1,0,321.5207272236502,1.587399297688804e-06,3.848597048716521e-05,23.65893003699661
1372,6329,28.76867219209463,0,0,0,0,0,0,0,1,0,2819.720027670263,1.587399297688804e-06,3.848597048716521e-05,27.74667337209464
1373,8985,44.41080792677749,0,0,0,0,0,0,0,1,0,1726.357812135239,1.587399297688804e-06,3.848597048716521e-05,43.38880910677734
1374,9991,46.42029838042232,0,0,0,0,0,0,0,1,0,336.3194568312309,1.587399297688804e-06,3.848597048716521e-05,45.39829956042211
1375,9038,40.45374332597539,0,0,0,0,0,0,0,1,0,3107.659232172946,1.587399297688804e-06,3.848597048716521e-05,39.43174450546399
1376,7929,33.29429401771882,0,0,0,0,0,0,0,1,0,3684.472001813381,1.587399297688804e-06,3.848597048716521e-05,32.27229519771873
1377,10502,44.65565833031201,0,0,0,0,0,0,0,1,0,3120.9789130249,1.587399297688804e-06,3.848597048716521e-05,43.63365951031199
1378,10487,47.97176715886673,0,0,0,0,0,0,0,1,0,418.9536037620193,1.587399297688804e-06,3.848597048716521e-05,46.94976833886709
1379,5492,25.65582632826711,0,0,0,0,0,0,0,1,0,3566.956765764492,1.587399297688804e-06,3.848597048716521e-05,24.63382750826708
1380,5730,24.53585641263789,0,0,0,0,0,0,0,1,0,2876.948119981578,1.587399297688804e-06,3.848597048716521e-05,23.51385759263786
1381,8901,43.37034390253382,0,0,0,0,0,0,0,1,0,4217.824463899864,1.587399297688804e-06,3.848597048716521e-05,42.34834508235238
1382,6375,31.54997675462744,0,0,0,0,0,0,0,1,0,2465.004583410304,1.587399297688804e-06,3.848597048716521e-05,30.52797793462744
1383,10138,47.60940957998806,0,0,0,0,0,0,0,1,0,1364.974408428528,1.587399297688804e-06,3.848597048716521e-05,46.5874107599879
1384,10783,50.85173392490487,0,0,0,0,0,0,0,1,0,1856.030427611149,1.587399297688804e-06,3.848597048716521e-05,49.8297351049048
1385,7278,34.40852476529567,0,0,0,0,0,0,0,1,0,20.76020609816662,1.587399297688804e-06,3.848597048716521e-05,33.38652594529557
1386,6692,32.5569847748891,0,0,0,0,0,0,0,1,0,1419.155716294511,1.587399297688804e-06,3.848597048716521e-05,31.53498595488912
1387,7628,36.73793148158366,0,0,0,0,0,0,0,1,0,665.6873821186776,1.587399297688804e-06,3.848597048716521e-05,35.71593266158366
1388,6912,30.32109534545343,0,0,0,0,0,0,0,1,0,630.7391123845777,1.587399297688804e-06,3.848597048716521e-05,29.29909652545343
1389,7251,30.90288899713248,0,0,0,0,0,0,0,1,0,648.7970013871892,1.587399297688804e-06,3.848597048716521e-05,29.88089017713245
1390,3724,18.57910327697979,0,0,0,0,0,0,0,1,0,5383.967099433584,1.587399297688804e-06,3.848597048716521e-05,17.55710445697978
1391,3436,17.9502128180623,0,0,0,0,0,0,0,1,0,1634.481714618333,1.587399297688804e-06,3.848597048716521e-05,16.92821399806232
1392,10165,42.16887246043564,0,0,0,0,0,0,0,1,0,3917.799747248425,1.587399297688804e-06,3.848597048716521e-05,41.14687364043555
1393,8180,40.40986103212524,0,0,0,0,0,0,0,1,0,1257.885101540832,1.587399297688804e-06,3.848597048716521e-05,39.3878622121251
1394,11125,49.21360372157875,0,0,0,0,0,0,0,1,0,174.6272613579116,1.587399297688804e-06,3.848597048716521e-05,48.19160490157874
1395,10449,50.15335632445421,0,0,0,0,0,0,0,1,0,63.94986346049194,1.587399297688804e-06,3.848597048716521e-05,49.13135750447242
1396,11549,51.36724064665958,0,0,0,0,0,0,0,1,0,3107.175289282196,1.587399297688804e-06,3.848597048716521e-05,50.34524182665944
1397,7750,34.94176862261457,0,0,0,0,0,0,0,1,0,3363.627890936008,1.587399297688804e-06,3.848597048716521e-05,33.91976980261456
1398,10203,49.91039479944421,0,0,0,0,0,0,0,1,0,2380.014734677132,1.587399297688804e-06,3.848597048716521e-05,48.88839597944416
1399,3808,17.9359574699914,0,0,0,0,0,0,0,1,0,3283.568795039791,1.587399297688804e-06,3.848597048716521e-05,16.91395864999139
1400,10454,49.59061573694579,0,0,0,0,0,0,0,1,0,5156.666842782321,1.587399297688804e-06,3.848597048716521e-05,48.56861691694571
1401,7425,38.18772663656711,0,0,0,0,0,0,0,1,0,245.2331970548619,1.587399297688804e-06,3.848597048716521e-05,37.16572781656703
1402,8789,39.80903317431867,0,0,0,0,0,0,0,1,0,5242.956498337711,1.587399297688804e-06,3.848597048716521e-05,38.78703435431852
1403,10897,50.79051497990124,0,0,0,0,0,0,0,1,0,2351.053556193015,1.587399297688804e-06,3.848597048716521e-05,49.76851615990108
1404,8924,46.69190465182381,0,0,0,0,0,0,0,1,0,602.9500421276317,1.587399297688804e-06,3.848597048716521e-05,45.66990583182366
1405,9876,44.97730915998051,0,0,0,0,0,0,0,1,0,808.3449723959561,1.587399297688804e-06,3.848597048716521e-05,43.95531033998034
1406,9037,43.29151682447907,0,0,0,0,0,0,0,1,0,5044.334501614479,1.587399297688804e-06,3.848597048716521e-05,42.26951800445901
1407,11210,51.23313970778741,0,0,0,0,0,0,0,1,0,106.2630107628791,1.587399297688804e-06,3.848597048716521e-05,50.21114088777461
1408,8872,39.61309350599917,0,0,0,0,0,0,0,1,0,321.6798641370392,1.587399297688804e-06,3.848597048716521e-05,38.59109468599902
1409,8164,37.13363069708727,0,0,0,0,0,0,0,1,0,425.7610364128536,1.587399297688804e-06,3.848597048716521e-05,36.11163187708731
1410,7863,36.29961475523009,0,0,0,0,0,0,0,1,0,1559.000893903398,1.587399297688804e-06,3.848597048716521e-05,35.27761593523002
1411,6596,28.94976786599502,0,0,0,0,0,0,0,1,0,2098.955739213932,1.587399297688804e-06,3.848597048716521e-05,27.92776904599501
1412,10345,47.41670144897893,0,0,0,0,0,0,0,1,0,74.66783331546408,1.587399297688804e-06,3.848597048716521e-05,46.39470262897886
1413,9712,46.10760122093526,0,0,0,0,0,0,0,1,0,847.6739377881233,1.587399297688804e-06,3.848597048716521e-05,45.08560240093524
1414,9379,43.91198496164785,0,0,0,0,0,0,0,1,0,438.3940414101295,1.587399297688804e-06,3.848597048716521e-05,42.88998614164777
1415,5645,25.0595837176542,0,0,0,0,0,0,0,1,0,2238.935042571344,1.587399297688804e-06,3.848597048716521e-05,24.03758489765418
1416,10833,48.35407499604813,0,0,0,0,0,0,0,1,0,2922.834106463161,1.587399297688804e-06,3.848597048716521e-05,47.33207617589404
1417,6502,28.34865543092272,0,0,0,0,0,0,0,1,0,1029.906365315848,1.587399297688804e-06,3.848597048716521e-05,27.32665661092273
1418,6798,29.7808146022259,0,0,0,0,1,0,0,1,0,2437.253720081446,1.587399297688804e-06,3.848597048716521e-05,28.75881578224016
1419,8062,39.46496576961608,0,0,0,0,0,0,0,1,0,4365.988138751007,1.587399297688804e-06,3.848597048716521e-05,38.44296694961609
1420,7380,34.47205878496874,0,0,0,0,0,0,0,1,0,2124.883577592449,1.587399297688804e-06,3.848597048716521e-05,33.45005996505372
1421,5507,24.78106742682843,0,0,0,0,0,0,0,1,0,436.1293252723945,1.587399297688804e-06,3.848597048716521e-05,23.75906860682843
1422,11343,52.63737685300255,0,0,0,0,0,0,0,1,0,885.8069668983378,1.587399297688804e-06,3.848597048716521e-05,51.61537803300258
1423,7591,34.58755013548508,0,0,0,0,0,0,0,1,0,1133.831704382341,1.587399297688804e-06,3.848597048716521e-05,33.56555131548505
1424,806,4.932725532502048,0,0,0,0,0,0,0,1,0,907.2356140276862,1.587399297688804e-06,3.848597048716521e-05,3.910726712502052
1425,6993,34.05743363297647,0,0,0,0,0,0,0,1,0,736.8859773691421,1.587399297688804e-06,3.848597048716521e-05,33.03543481297642
1426,9430,42.62283668697631,0,0,0,0,0,0,0,1,0,2404.944602406404,1.587399297688804e-06,3.848597048716521e-05,41.60083786697624
1427,7770,36.97635047540481,0,0,0,0,0,0,0,1,0,563.7270144784464,1.587399297688804e-06,3.848597048716521e-05,35.95435165540476
1428,3669,17.35595655717107,0,0,0,0,0,0,0,1,0,1292.987194855403,1.587399297688804e-06,3.848597048716521e-05,16.33395773717105
1429,9186,40.9197999577115,0,0,0,0,0,0,0,1,0,135.5171348905706,1.587399297688804e-06,3.848597048716521e-05,39.89780113771136
1430,5199,25.98933449963368,0,0,0,0,0,0,0,1,0,5082.418677710177,1.587399297688804e-06,3.848597048716521e-05,24.96733567963368
1431,7795,37.82968659116051,0,0,0,0,0,0,0,1,0,113.0576742506449,1.587399297688804e-06,3.848597048716521e-05,36.8076877711604
1432,9143,43.21849664692401,0,0,0,0,0,0,0,1,0,192.2739676728293,1.587399297688804e-06,3.848597048716521e-05,42.19649782692392
1433,11275,50.51499358879689,0,0,0,0,0,0,0,1,0,8933.665699808009,1.587399297688804e-06,3.848597048716521e-05,49.49299476879674
1434,3243,14.29173587741821,0,0,0,0,0,0,0,1,0,4862.264880393825,1.587399297688804e-06,3.848597048716521e-05,13.26973705741821
1435,5875,28.95652989090868,0,0,0,0,0,0,0,1,0,5877.799375412717,1.587399297688804e-06,3.848597048716521e-05,27.93453107090867
1436,5790,29.34404803189385,0,0,0,0,0,0,0,1,0,1793.499544112001,1.587399297688804e-06,3.848597048716521e-05,28.32204921189382
1437,9659,42.43228385904186,0,0,0,0,0,0,0,1,0,118.9094832074021,1.587399297688804e-06,3.848597048716521e-05,41.41028503904181
1438,8850,41.0758402445942,0,0,0,0,0,0,0,1,0,1153.358108832302,1.587399297688804e-06,3.848597048716521e-05,40.05384142459416
1439,9952,44.11660409902343,0,0,0,0,0,0,0,1,0,1349.291068133944,1.587399297688804e-06,3.848597048716521e-05,43.09460527907243
1440,10316,48.91567774588017,0,0,0,0,0,0,0,1,0,5645.456780947311,1.587399297688804e-06,3.848597048716521e-05,47.89367892588005
1441,6208,27.4544504784269,0,0,0,0,0,0,0,1,0,470.7948380989604,1.587399297688804e-06,3.848597048716521e-05,26.43245165842685
1442,9049,43.33120355120295,0,0,0,0,0,0,0,1,0,1179.387584253244,1.587399297688804e-06,3.848597048716521e-05,42.30920473120285
1443,3817,19.56256682003712,0,0,0,0,0,0,0,1,0,40.66637788151341,1.587399297688804e-06,3.848597048716521e-05,18.54056800003713
1444,11125,46.67051863941531,0,0,0,0,0,0,0,1,0,477.8693653559643,1.587399297688804e-06,3.848597048716521e-05,45.64851981941524
1445,11229,52.18626575882944,0,0,0,0,0,0,0,1,0,505.5797726643851,1.587399297688804e-06,3.848597048716521e-05,51.16426693882939
1446,4670,22.54450839200117,0,0,0,0,0,0,0,1,0,223.7345724194633,1.587399297688804e-06,3.848597048716521e-05,21.52250957200119
1447,10433,45.75794023964775,0,0,0,0,0,0,0,1,0,2975.815070395031,1.587399297688804e-06,3.848597048716521e-05,44.73594141964766
1448,8016,36.59844040206553,0,0,0,0,0,0,0,1,0,1518.720259201011,1.587399297688804e-06,3.848597048716521e-05,35.57644158206548
1449,6882,30.92578736097495,0,0,0,0,0,0,0,1,0,1249.239047149271,1.587399297688804e-06,3.848597048716521e-05,29.90378854097489
1450,9500,50.45923625225059,0,0,0,0,0,0,0,1,0,616.9681569117644,1.587399297688804e-06,3.848597048716521e-05,49.43723743225457
1451,9423,46.88536050366404,0,0,0,0,0,0,0,1,0,772.662229815585,1.587399297688804e-06,3.848597048716521e-05,45.86336168366397
1452,8884,40.14147339040127,0,0,0,0,0,0,0,1,0,2507.668528937064,1.587399297688804e-06,3.848597048716521e-05,39.11947457040126
1453,9328,40.17706199076959,0,0,0,0,0,0,0,1,0,511.4951673168654,1.587399297688804e-06,3.848597048716521e-05,39.15506317076944
1454,9666,45.24287047340444,0,0,0,0,0,0,0,1,0,1324.807191229605,1.587399297688804e-06,3.848597048716521e-05,44.22087165340438
1455,7461,35.84179338948479,0,0,0,0,0,0,0,1,0,121.0574598883272,1.587399297688804e-06,3.848597048716521e-05,34.81979456948471
1456,9234,40.82991937111341,0,0,0,0,0,0,0,1,0,5066.177933482956,1.587399297688804e-06,3.848597048716521e-05,39.80792055111336
1457,6533,28.85161665284793,0,0,0,0,0,0,0,1,0,219.5057607642664,1.587399297688804e-06,3.848597048716521e-05,27.82961783284795
1458,8273,36.36106740359114,0,0,0,0,0,0,0,1,0,873.5947390974517,1.587399297688804e-06,3.848597048716521e-05,35.33906858359107
1459,3325,15.60120093909343,0,0,0,0,0,0,0,1,0,1157.363249259234,1.587399297688804e-06,3.848597048716521e-05,14.57920211909345
1460,9526,44.50992860052418,0,0,0,0,0,0,0,1,0,3311.637414665024,1.587399297688804e-06,3.848597048716521e-05,43.48792978052408
1461,6138,26.32659007592194,0,0,0,0,0,0,0,1,0,450.2049816223827,1.587399297688804e-06,3.848597048716521e-05,25.30459125592193
1462,8968,42.10271156830268,0,0,0,0,0,0,0,1,0,368.848229033868,1.587399297688804e-06,3.848597048716521e-05,41.08071274811128
1463,6789,35.37548267654321,0,0,0,0,0,0,0,1,0,4674.004983767449,1.587399297688804e-06,3.848597048716521e-05,34.35348385654319
1464,10170,48.77580493452029,0,0,0,0,0,0,0,1,0,5343.848618987702,1.587399297688804e-06,3.848597048716521e-05,47.75380611452022
1465,7473,37.38540658121848,0,0,0,0,0,0,0,1,0,1758.362069578726,1.587399297688804e-06,3.848597048716521e-05,36.36340776139766
1466,4835,23.46241176849483,0,0,0,0,0,0,0,1,0,1021.277171756527,1.587399297688804e-06,3.848597048716521e-05,22.44041294849482
1467,8352,43.67689663160673,0,0,0,0,0,0,0,1,0,468.7878373118701,1.587399297688804e-06,3.848597048716521e-05,42.65489781160668
1468,3388,16.7992664430986,0,0,0,0,0,0,0,1,0,127.8982368693126,1.587399297688804e-06,3.848597048716521e-05,15.77726762309858
1469,7913,36.52646499712714,0,0,0,0,0,0,0,1,0,2088.08871442344,1.587399297688804e-06,3.848597048716521e-05,35.50446617732123
1470,8465,37.16765281533006,0,0,0,0,0,0,0,1,0,3565.034623619173,1.587399297688804e-06,3.848597048716521e-05,36.14565399533001
1471,6105,27.22605309865689,0,0,0,0,0,0,0,1,0,6767.383311359554,1.587399297688804e-06,3.848597048716521e-05,26.20405427865686
1472,4438,18.91233363967644,0,0,0,0,0,0,0,1,0,2925.078147873359,1.587399297688804e-06,3.848597048716521e-05,17.89033481967642
1473,7541,37.98249261484681,0,0,0,0,0,0,0,1,0,1686.323054535952,1.587399297688804e-06,3.848597048716521e-05,36.96049379484678
1474,9508,47.18581999400196,0,0,0,0,0,0,0,1,0,1832.625697646283,1.587399297688804e-06,3.848597048716521e-05,46.16382117400546
1475,9599,44.36286247140253,0,0,0,0,0,0,0,1,0,3325.754141908353,1.587399297688804e-06,3.848597048716521e-05,43.34086365140252
1476,9029,40.21870050743539,0,0,0,0,0,0,0,1,0,1679.319668238315,1.587399297688804e-06,3.848597048716521e-05,39.19670168743528
1477,9920,47.5699565417458,0,0,0,0,0,0,0,1,0,2786.292684878196,1.587399297688804e-06,3.848597048716521e-05,46.54795772174575
1478,7618,31.54324270274461,0,0,0,0,0,0,0,1,0,2151.623331790422,1.587399297688804e-06,3.848597048716521e-05,30.52124388274466
1479,10148,48.58430815536142,0,0,0,0,0,0,0,1,0,3932.457873444338,1.587399297688804e-06,3.848597048716521e-05,47.56230933536134
1480,9622,43.74442770337613,0,0,0,0,0,0,0,1,0,3116.38381067087,1.587399297688804e-06,3.848597048716521e-05,42.72242888337613
1481,10617,46.28251290858014,0,0,0,0,0,0,0,1,0,2031.756448014121,1.587399297688804e-06,3.848597048716521e-05,45.26051408858002
1482,11365,52.05654416504753,0,0,0,0,0,0,0,1,0,2967.295848381029,1.587399297688804e-06,3.848597048716521e-05,51.03454534504736
1483,9260,42.18118463200087,0,0,0,0,0,0,0,1,0,3250.689799803558,1.587399297688804e-06,3.848597048716521e-05,41.15918581200078
1484,11356,52.62027407895229,0,0,0,0,0,0,0,1,0,637.7170957180858,1.587399297688804e-06,3.848597048716521e-05,51.59827525895224
1485,4898,24.02138338375697,0,0,0,0,0,0,0,1,0,5587.570737093534,1.587399297688804e-06,3.848597048716521e-05,22.99938456375694
1486,10895,48.09513045606723,0,0,0,0,0,0,0,1,0,4321.22501648054,1.587399297688804e-06,3.848597048716521e-05,47.07313163606729
1487,5923,28.65861684574364,0,0,0,0,0,0,0,1,0,1486.879958107572,1.587399297688804e-06,3.848597048716521e-05,27.63661802574362
1488,10822,49.22104016523635,0,0,0,0,0,0,0,1,0,3468.557082266499,1.587399297688804e-06,3.848597048716521e-05,48.19904134580052
1489,8132,39.03174807861567,0,0,0,0,0,0,0,1,0,212.7051516365378,1.587399297688804e-06,3.848597048716521e-05,38.00974925861562
1490,9566,45.61524383177203,0,0,0,0,0,0,0,1,0,62.69676937452904,1.587399297688804e-06,3.848597048716521e-05,44.59324501177206
1491,8150,38.73722896665214,0,0,0,0,0,0,0,1,0,178.8038184524742,1.587399297688804e-06,3.848597048716521e-05,37.71523014665205
1492,11234,49.22312915000281,0,0,0,0,0,0,0,1,0,2238.283341890535,1.587399297688804e-06,3.848597048716521e-05,48.20113033000272
1493,1258,7.239936979758562,0,0,0,0,0,0,0,1,0,12.64358369334462,1.587399297688804e-06,3.848597048716521e-05,6.217938159758567
1494,3430,15.98744214946693,0,0,0,0,0,0,0,1,0,345.9655001172445,1.587399297688804e-06,3.848597048716521e-05,14.96544332946692
1495,3858,20.34938721883093,0,0,0,0,0,0,0,1,0,604.3521539589611,1.587399297688804e-06,3.848597048716521e-05,19.32738839876856
1496,9713,43.504284955751,0,0,0,0,0,0,0,1,0,1626.40865321717,1.587399297688804e-06,3.848597048716521e-05,42.48228613575091
1497,9654,42.42233498313741,0,0,0,0,0,0,0,1,0,6971.857778557165,1.587399297688804e-06,3.848597048716521e-05,41.40033616313731
1498,3630,17.50860244171501,0,0,0,0,0,0,0,1,0,4254.546972605651,1.587399297688804e-06,3.848597048716521e-05,16.48660362171499
1499,9766,43.91450971559347,0,0,0,0,0,0,0,1,0,3295.927112123026,1.587399297688804e-06,3.848597048716521e-05,42.89251089559338
1500,8737,42.41896809025276,0,0,0,0,0,0,0,1,0,237.2824880870519,1.587399297688804e-06,3.848597048716521e-05,41.39696927011068
1501,8665,39.87793724339508,0,0,0,0,1,0,0,1,0,3547.902719012839,1.587399297688804e-06,3.848597048716521e-05,38.85593842339493
1502,7155,33.4758992094809,0,0,0,0,0,0,0,1,0,599.9250146109515,1.587399297688804e-06,3.848597048716521e-05,32.45390038948084
1503,8793,41.79227778966869,0,0,0,0,0,0,0,1,0,3181.470690097354,1.587399297688804e-06,3.848597048716521e-05,40.77027896966834
1504,10679,47.93549254137238,0,0,0,0,0,0,0,1,0,668.3764164408584,1.587399297688804e-06,3.848597048716521e-05,46.91349372137226
1505,9965,42.79198639622808,0,0,0,0,0,0,0,1,0,123.2349683758766,1.587399297688804e-06,3.848597048716521e-05,41.76998757622795
1506,10518,46.24224565813069,0,0,0,0,0,0,0,1,0,2015.061302915337,1.587399297688804e-06,3.848597048716521e-05,45.22024683813064
1507,10736,48.00945142691339,0,0,0,0,0,0,0,1,0,861.8269752919912,1.587399297688804e-06,3.848597048716521e-05,46.98745260691332
1508,9541,46.10040525399553,0,0,0,0,0,0,0,1,0,1709.488373516368,1.587399297688804e-06,3.848597048716521e-05,45.0784064339955
1509,7490,33.71882197321924,0,0,0,0,0,0,0,1,0,443.2265828212106,1.587399297688804e-06,3.848597048716521e-05,32.69682315321928
1510,10919,52.03284886311781,0,0,0,0,0,0,0,1,0,572.294719654528,1.587399297688804e-06,3.848597048716521e-05,51.01085004311776
1511,10496,43.21390023843868,0,0,0,0,0,0,0,1,0,666.3239877631621,1.587399297688804e-06,3.848597048716521e-05,42.19190141843861
1512,8569,39.57887496533945,0,0,0,0,0,0,0,1,0,3241.996620597116,1.587399297688804e-06,3.848597048716521e-05,38.5568761453393
1513,10868,51.77772090891341,0,0,0,0,0,0,0,1,0,3052.266024564156,1.587399297688804e-06,3.848597048716521e-05,50.75572208891322
1514,11135,52.27712434864058,0,0,0,0,0,0,0,1,0,6008.852038028695,1.587399297688804e-06,3.848597048716521e-05,51.25512552864053
1515,11012,50.73539599013877,0,0,0,0,0,0,0,1,0,1763.91971157504,1.587399297688804e-06,3.848597048716521e-05,49.71339717020435
1516,9048,41.61054011926532,0,0,0,0,0,0,0,1,0,7822.337238914732,1.587399297688804e-06,3.848597048716521e-05,40.58854129926515
1517,7542,37.13964161813882,0,0,0,0,0,0,0,1,0,3320.069603474185,1.587399297688804e-06,3.848597048716521e-05,36.11764279813875
1518,5047,21.84002557613507,0,0,0,0,0,0,0,1,0,817.0935897833907,1.587399297688804e-06,3.848597048716521e-05,20.81802675613509
1519,10759,46.60085191503819,0,0,0,0,0,0,0,1,0,1374.800848230188,1.587399297688804e-06,3.848597048716521e-05,45.57885309503803
1520,10746,53.09078781097139,0,0,0,0,0,0,0,1,0,1647.80748210819,1.587399297688804e-06,3.848597048716521e-05,52.06878899097115
1521,10316,45.60888405619709,0,0,0,0,0,0,0,1,0,8360.826069636698,1.587399297688804e-06,3.848597048716521e-05,44.58688523619696
1522,9784,41.89994993226811,0,0,0,0,0,0,0,1,0,1084.245747120184,1.587399297688804e-06,3.848597048716521e-05,40.87795111226809
1523,6175,28.55504092379311,0,0,0,0,0,0,0,1,0,3203.355062341773,1.587399297688804e-06,3.848597048716521e-05,27.53304210379308
1524,6498,29.42352960240691,0,0,0,0,0,0,0,1,0,1509.912775496133,1.587399297688804e-06,3.848597048716521e-05,28.40153078240687
1525,10269,46.4002020201702,0,0,0,0,0,0,0,1,0,4165.055131057956,1.587399297688804e-06,3.848597048716521e-05,45.37820320017019
1526,11886,51.36855194126333,0,0,0,0,0,0,0,1,0,891.5537609606212,1.587399297688804e-06,3.848597048716521e-05,50.34655312126329
1527,7792,34.67077857933076,0,0,0,0,0,0,0,1,0,3775.751744505173,1.587399297688804e-06,3.848597048716521e-05,33.64877975933076
1528,6370,30.36285162728043,0,0,0,0,0,0,0,1,0,4222.381224405151,1.587399297688804e-06,3.848597048716521e-05,29.34085280728038
1529,4876,22.31130227560931,0,0,0,0,0,0,0,1,0,634.2067711052827,1.587399297688804e-06,3.848597048716521e-05,21.2893034556093
1530,9417,41.99362354039632,0,0,0,0,0,0,0,1,0,1376.851820228363,1.587399297688804e-06,3.848597048716521e-05,40.97162472039615
1531,7436,32.70012346200157,0,0,0,0,0,0,0,1,0,908.7097132839547,1.587399297688804e-06,3.848597048716521e-05,31.67812464200153
1532,9330,46.11252610373352,0,0,0,0,0,0,0,1,0,2625.106148056786,1.587399297688804e-06,3.848597048716521e-05,45.09052728413252
1533,11328,53.2825002375212,0,0,0,0,0,0,0,1,0,813.9800159369278,1.587399297688804e-06,3.848597048716521e-05,52.26050141752118
1534,11508,51.44633951930571,0,0,0,0,0,0,0,1,0,3066.791246867062,1.587399297688804e-06,3.848597048716521e-05,50.42434069902271
1535,9553,42.68887108694407,0,0,0,0,0,0,0,1,0,9939.226244489248,1.587399297688804e-06,3.848597048716521e-05,41.66687226694401
1536,4358,19.64268382679125,0,0,0,0,0,0,0,1,0,2416.270167777821,1.587399297688804e-06,3.848597048716521e-05,18.62068500679124
1537,9998,43.57025284997695,0,0,0,0,0,0,0,1,0,2295.832710215099,1.587399297688804e-06,3.848597048716521e-05,42.54825402997689
1538,9715,45.02131484603554,0,0,0,0,0,0,0,1,0,659.9424610512718,1.587399297688804e-06,3.848597048716521e-05,43.9993160260354
1539,6117,29.55452731823031,0,0,0,0,0,0,0,1,0,730.4789807698476,1.587399297688804e-06,3.848597048716521e-05,28.53252849823228
1540,11374,53.08301775830701,0,0,0,0,0,0,0,1,0,1412.234475119743,1.587399297688804e-06,3.848597048716521e-05,52.06101893830687
1541,4014,17.43575857356301,0,0,0,0,0,0,0,1,0,3416.249778386685,1.587399297688804e-06,3.848597048716521e-05,16.413759753563
1542,11014,51.21141752797561,0,0,0,0,0,0,0,1,0,4350.185134495942,1.587399297688804e-06,3.848597048716521e-05,50.18941870797547
1543,7761,33.33309157253806,0,0,0,0,0,0,0,1,0,606.1173100009629,1.587399297688804e-06,3.848597048716521e-05,32.31109275253804
1544,9094,43.32425300490141,0,0,0,0,0,0,0,1,0,1291.439797928485,1.587399297688804e-06,3.848597048716521e-05,42.30225418490144
1545,11736,52.1952071884642,0,0,0,0,0,0,0,1,0,1858.610918440081,1.587399297688804e-06,3.848597048716521e-05,51.1732083684641
1546,8620,39.02087719754201,0,0,0,0,0,0,0,1,0,135.0613864570433,1.587399297688804e-06,3.848597048716521e-05,37.99887837754196
1547,4681,21.44020296844577,0,0,0,0,0,0,0,1,0,3316.437422299708,1.587399297688804e-06,3.848597048716521e-05,20.41820414844575
1548,7519,36.05212669713216,0,0,0,0,0,0,0,1,0,4801.848055004474,1.587399297688804e-06,3.848597048716521e-05,35.0301278771321
1549,6058,27.45841608128641,0,0,0,0,0,0,0,1,0,1854.654302655351,1.587399297688804e-06,3.848597048716521e-05,26.43641726128643
1550,4467,20.10217565128601,0,0,0,0,0,0,0,1,0,4537.742101271456,1.587399297688804e-06,3.848597048716521e-05,19.08017683128602
1551,8672,39.19552693267378,0,0,0,0,0,0,0,1,0,3238.84508245802,1.587399297688804e-06,3.848597048716521e-05,38.17352811267369
1552,10899,49.58139243412339,0,0,0,0,0,0,0,1,0,24.86565026822355,1.587399297688804e-06,3.848597048716521e-05,48.55939361412342
1553,7204,36.14163066441813,0,0,0,0,0,0,0,1,0,4506.551373148473,1.587399297688804e-06,3.848597048716521e-05,35.11963184441807
1554,5917,28.34791423666944,0,0,0,0,0,0,0,1,0,1003.899589023883,1.587399297688804e-06,3.848597048716521e-05,27.32591541666947
1555,7722,36.48188802105233,0,0,0,0,0,0,0,1,0,32.67593110268442,1.587399297688804e-06,3.848597048716521e-05,35.45988920105222
1556,5729,26.22151740546216,0,0,0,0,0,0,0,1,0,2009.687971783281,1.587399297688804e-06,3.848597048716521e-05,25.19951858546216
1557,7166,31.96151169569004,0,0,0,0,0,0,0,1,0,619.1171245349939,1.587399297688804e-06,3.848597048716521e-05,30.93951287569005
1558,8887,42.52326011679518,0,0,0,0,0,0,0,1,0,1361.059683595387,1.587399297688804e-06,3.848597048716521e-05,41.50126129679516
1559,11056,51.58547849516498,0,0,0,0,0,0,0,1,0,2074.918475250937,1.587399297688804e-06,3.848597048716521e-05,50.56347967516489
1560,11568,52.6725832702718,0,0,0,0,0,0,0,1,0,248.147142087366,1.587399297688804e-06,3.848597048716521e-05,51.65058445027179
1561,5842,28.67329654067554,0,0,0,0,0,0,0,1,0,803.7534665340362,1.587399297688804e-06,3.848597048716521e-05,27.6512977206756
1562,10480,45.65589044614761,0,0,0,0,0,0,0,1,0,1044.48599045209,1.587399297688804e-06,3.848597048716521e-05,44.63389162614759
1563,8730,39.49495195395897,0,0,0,0,0,0,0,1,0,2396.575030788314,1.587399297688804e-06,3.848597048716521e-05,38.47295313395895
1564,10167,47.1608908505998,0,0,0,0,0,0,0,1,0,243.2318616327595,1.587399297688804e-06,3.848597048716521e-05,46.13889203058982
1565,12569,53.16319424435053,0,0,0,0,0,0,0,1,0,168.0753842605642,1.587399297688804e-06,3.848597048716521e-05,52.14119542435049
1566,6129,29.19370660703838,0,0,0,0,0,0,0,1,0,2608.529212169293,1.587399297688804e-06,3.848597048716521e-05,28.17170778703838
1567,6241,27.3429952851187,0,0,0,0,0,0,0,1,0,7710.585620398669,1.587399297688804e-06,3.848597048716521e-05,26.32099646511869
1568,7922,36.74811102507418,0,0,0,0,0,0,0,1,0,1565.515353800222,1.587399297688804e-06,3.848597048716521e-05,35.7261122050741
1569,7103,36.18284056005348,0,0,0,0,0,0,0,1,0,1952.708870015637,1.587399297688804e-06,3.848597048716521e-05,35.16084174004035
1570,8146,33.79888736170883,0,0,0,0,0,0,0,1,0,1302.497188297504,1.587399297688804e-06,3.848597048716521e-05,32.77688854170877
1571,6873,32.0693857464023,0,0,0,0,0,0,0,1,0,765.8963922365094,1.587399297688804e-06,3.848597048716521e-05,31.04738692640849
1572,11102,52.59132604088807,0,0,0,0,0,0,0,1,0,2235.75125888668,1.587399297688804e-06,3.848597048716521e-05,51.56932722096426
1573,5991,25.29116825214237,0,0,0,0,0,0,0,1,0,4549.521531546736,1.587399297688804e-06,3.848597048716521e-05,24.26916943214237
1574,6972,29.4443417358003,0,0,0,0,0,0,0,1,0,1320.568362052685,1.587399297688804e-06,3.848597048716521e-05,28.4223429158003
1575,9399,44.68918406871446,0,0,0,0,0,0,0,1,0,525.814016607245,1.587399297688804e-06,3.848597048716521e-05,43.6671852487144
1576,6949,30.05795760084875,0,0,0,0,0,0,0,1,0,8832.035453979333,1.587399297688804e-06,3.848597048716521e-05,29.03595878084869
1577,10230,47.32295615901306,0,0,0,0,0,0,0,1,0,1823.731491701024,1.587399297688804e-06,3.848597048716521e-05,46.30095733901308
1578,4485,22.71680897933091,0,0,0,0,0,0,0,1,0,896.8076754929442,1.587399297688804e-06,3.848597048716521e-05,21.69481015933089
1579,6213,31.8860710649627,0,0,0,0,0,0,0,1,0,1070.937515818851,1.587399297688804e-06,3.848597048716521e-05,30.86407224496269
1580,6596,30.03869193592721,0,0,0,0,0,0,0,1,0,4405.858414193715,1.587399297688804e-06,3.848597048716521e-05,29.01669311592718
1581,8709,40.99564921490359,0,0,0,0,0,0,0,1,0,956.5019948014483,1.587399297688804e-06,3.848597048716521e-05,39.97365039490351
1582,5992,30.45433072896055,0,0,0,0,0,0,0,1,0,3593.232360284315,1.587399297688804e-06,3.848597048716521e-05,29.43233190896045
1583,11452,51.87819438670456,0,0,0,0,0,0,0,1,0,4673.352650053447,1.587399297688804e-06,3.848597048716521e-05,50.85619556671007
1584,9809,47.33907836929221,0,0,0,0,0,0,0,1,0,2287.753491958807,1.587399297688804e-06,3.848597048716521e-05,46.31707954933737
1585,1564,8.250613979477844,0,0,0,0,0,0,0,1,0,1279.451747642218,1.587399297688804e-06,3.848597048716521e-05,7.228615159477843
1586,5781,28.29055956612523,0,0,0,0,0,0,0,1,0,895.8368533480334,1.587399297688804e-06,3.848597048716521e-05,27.26856074612528
1587,6553,31.0018662475965,0,0,0,0,0,0,0,1,0,822.4089351951792,1.587399297688804e-06,3.848597048716521e-05,29.97986742757784
1588,9947,41.91830868972556,0,0,0,0,0,0,0,1,0,306.2091741977039,1.587399297688804e-06,3.848597048716521e-05,40.89630986972546
1589,6923,31.7811038642831,0,0,0,0,0,0,0,1,0,322.9300504602522,1.587399297688804e-06,3.848597048716521e-05,30.7591050442831
1590,10555,46.94454071543846,0,0,0,0,0,0,0,1,0,1127.827131629941,1.587399297688804e-06,3.848597048716521e-05,45.92254189543836
1591,9277,40.58985151270664,0,0,0,0,0,0,0,1,0,509.1115949490901,1.587399297688804e-06,3.848597048716521e-05,39.56785269270663
1592,11466,52.57404003232669,0,0,0,0,0,0,0,1,0,676.843275329635,1.587399297688804e-06,3.848597048716521e-05,51.55204121232651
1593,3532,15.68243957247708,0,0,0,0,0,0,0,1,0,2853.092102906278,1.587399297688804e-06,3.848597048716521e-05,14.66044075247708
1594,4558,23.79031696288016,0,0,0,0,0,0,0,1,0,954.316139530279,1.587399297688804e-06,3.848597048716521e-05,22.76831814288014
1595,8270,41.64007715657135,0,0,0,0,0,0,0,1,0,360.865368362877,1.587399297688804e-06,3.848597048716521e-05,40.61807833657127
1596,9883,49.0857492458954,0,0,0,0,0,0,0,1,0,3311.865735518753,1.587399297688804e-06,3.848597048716521e-05,48.06375042589525
1597,9152,39.04285803704635,0,0,0,0,0,0,0,1,0,2702.017379840469,1.587399297688804e-06,3.848597048716521e-05,38.02085921704629
1598,6269,29.37572741880019,0,0,0,0,0,0,0,1,0,1315.148398945969,1.587399297688804e-06,3.848597048716521e-05,28.35372859880021
1599,10968,49.82213285019992,0,0,0,0,0,0,0,1,0,1063.219416037384,1.587399297688804e-06,3.848597048716521e-05,48.80013403019985
1600,9923,42.80623451688278,0,0,0,0,0,0,0,1,0,1092.225210591974,1.587399297688804e-06,3.848597048716521e-05,41.78423569688272
1601,7118,30.52321355338988,0,0,0,0,0,0,0,1,0,1844.197202259657,1.587399297688804e-06,3.848597048716521e-05,29.50121473338987
1602,9962,47.23479580287323,0,0,0,0,0,0,0,1,0,3996.676225235621,1.587399297688804e-06,3.848597048716521e-05,46.21279698287312
1603,9400,43.40985557236233,0,0,0,0,0,0,0,1,0,44.85874743137396,1.587399297688804e-06,3.848597048716521e-05,42.38785675236229
1604,9753,47.46959765678413,0,0,0,0,0,0,0,1,0,7660.707097243679,1.587399297688804e-06,3.848597048716521e-05,46.44759883678414
1605,8287,39.33594375256254,0,0,0,0,0,0,0,1,0,2781.104039416394,1.587399297688804e-06,3.848597048716521e-05,38.31394493256246
1606,8893,40.47053072032264,0,0,0,0,0,0,0,1,0,667.7618730479456,1.587399297688804e-06,3.848597048716521e-05,39.44853190032261
1607,11361,50.76199616393,0,0,0,0,0,0,0,1,0,139.0349063784691,1.587399297688804e-06,3.848597048716521e-05,49.73999734392984
1608,5874,27.93249507555002,0,0,0,0,0,0,0,1,0,469.8590297183419,1.587399297688804e-06,3.848597048716521e-05,26.91049625554999
1609,6522,31.53502291250894,0,0,0,0,0,0,0,1,0,1512.29236166353,1.587399297688804e-06,3.848597048716521e-05,30.51302409250889
1610,6034,27.27108229404036,0,0,0,0,0,0,0,1,0,4708.499570185317,1.587399297688804e-06,3.848597048716521e-05,26.24908347404041
1611,11379,52.65255565949007,0,0,0,0,0,0,0,1,0,1707.984806594981,1.587399297688804e-06,3.848597048716521e-05,51.63055683948999
1612,9317,45.27460258770951,0,0,0,0,0,0,0,1,0,3988.345695307407,1.587399297688804e-06,3.848597048716521e-05,44.25260376769735
1613,5669,29.42767116884658,0,0,0,0,0,0,0,1,0,1635.634493668647,1.587399297688804e-06,3.848597048716521e-05,28.40567234884657
1614,11097,52.0250022223593,0,0,0,0,0,0,0,1,0,664.5409374211371,1.587399297688804e-06,3.848597048716521e-05,51.00300340235921
1615,8213,36.29325823314873,0,0,0,0,0,0,0,1,0,2252.440037363378,1.587399297688804e-06,3.848597048716521e-05,35.27125941314859
1616,5662,24.25272285598098,0,0,0,0,0,0,0,1,0,1926.918927363007,1.587399297688804e-06,3.848597048716521e-05,23.23072403598101
1617,8305,39.23979608208451,0,0,0,0,0,0,0,1,0,4186.515665764682,1.587399297688804e-06,3.848597048716521e-05,38.21779726207951
1618,10752,46.86684385884567,0,0,0,0,0,0,0,1,0,177.3966156434367,1.587399297688804e-06,3.848597048716521e-05,45.84484503884565
1619,9203,41.56319252678562,0,0,0,0,0,0,0,1,0,540.3038107092517,1.587399297688804e-06,3.848597048716521e-05,40.54119370712005
1620,11687,51.69592399050428,0,0,0,0,0,0,0,1,0,40.5318708890802,1.587399297688804e-06,3.848597048716521e-05,50.67392517050416
1621,2942,13.93594356594956,0,0,0,0,0,0,0,1,0,2098.238454730538,1.587399297688804e-06,3.848597048716521e-05,12.91394474594955
1622,8698,41.97703907920293,0,0,0,0,0,0,0,1,0,679.1501741993762,1.587399297688804e-06,3.848597048716521e-05,40.95504025920295
1623,4535,23.48095698074302,0,0,0,0,0,0,0,1,0,1621.375415727066,1.587399297688804e-06,3.848597048716521e-05,22.45895816074155
1624,5680,28.22611811599417,0,0,0,0,0,0,0,1,0,604.1484334155672,1.587399297688804e-06,3.848597048716521e-05,27.20411929599416
1625,9478,42.86563397688695,0,0,0,0,0,0,0,1,0,2233.25981034607,1.587399297688804e-06,3.848597048716521e-05,41.8436351568846
1626,6051,26.78077287965808,0,0,0,0,0,0,0,1,0,5850.41929944833,1.587399297688804e-06,3.848597048716521e-05,25.75877405965807
1627,7874,37.90736787461306,0,0,0,0,0,0,0,1,0,4817.745402506872,1.587399297688804e-06,3.848597048716521e-05,36.88536905461298
1628,5792,26.32743991125593,0,0,0,0,0,0,0,1,0,433.2065767305783,1.587399297688804e-06,3.848597048716521e-05,25.30544109125594
1629,10097,43.70527250930985,0,0,0,0,0,0,0,1,0,1402.97450444893,1.587399297688804e-06,3.848597048716521e-05,42.68327368930975
1630,4732,24.44087790654322,0,0,0,0,0,0,0,1,0,505.8664339960631,1.587399297688804e-06,3.848597048716521e-05,23.41887908654321
1631,1569,8.157953697294328,0,0,0,0,0,0,0,1,0,472.3315974891248,1.587399297688804e-06,3.848597048716521e-05,7.135954877294325
1632,7620,35.88607067786178,0,0,0,0,0,0,0,1,0,1438.255068195045,1.587399297688804e-06,3.848597048716521e-05,34.86407185786162
1633,8744,41.9994588518609,0,0,0,0,0,0,0,1,0,1081.888870204403,1.587399297688804e-06,3.848597048716521e-05,40.97746003180072
1634,4870,23.19602889984898,0,0,0,0,0,0,0,1,0,2885.640142819364,1.587399297688804e-06,3.848597048716521e-05,22.17403007984894
1635,6007,31.29435778733817,0,0,0,0,0,0,0,1,0,342.5979673180718,1.587399297688804e-06,3.848597048716521e-05,30.272358967005
1636,7752,35.84793315429845,0,0,0,0,0,0,0,1,0,2156.863306289898,1.587399297688804e-06,3.848597048716521e-05,34.82593433429837
1637,10133,46.68383521141121,0,0,0,0,0,0,0,1,0,2731.864305897355,1.587399297688804e-06,3.848597048716521e-05,45.66183639141108
1638,11454,51.52212239949147,0,0,0,0,0,0,0,1,0,527.8197212813395,1.587399297688804e-06,3.848597048716521e-05,50.50012357949143
1639,4159,19.7159423496712,0,0,0,0,0,0,0,1,0,759.9383969595015,1.587399297688804e-06,3.848597048716521e-05,18.69394352967119
1640,7719,35.76462070324541,0,0,0,0,0,0,0,1,0,554.2819043515292,1.587399297688804e-06,3.848597048716521e-05,34.7426218832562
1641,4740,19.7661587250891,0,0,0,0,0,0,0,1,0,1638.787869262275,1.587399297688804e-06,3.848597048716521e-05,18.74415990508909
1642,8835,37.65313704326745,0,0,0,0,0,0,0,1,0,4112.377461892797,1.587399297688804e-06,3.848597048716521e-05,36.63113822326741
1643,6727,32.54093298567586,0,0,0,0,0,0,0,1,0,505.5818213717141,1.587399297688804e-06,3.848597048716521e-05,31.51893416567583
1644,5736,30.6602818590789,0,0,0,0,0,0,0,1,0,9433.147079684553,1.587399297688804e-06,3.848597048716521e-05,29.6382830390499
1645,11402,52.621809473263,0,0,0,0,0,0,0,1,0,1475.964636570089,1.587399297688804e-06,3.848597048716521e-05,51.59981065326289
1646,11378,49.0983354875589,0,0,0,0,0,0,0,1,0,318.6059082966501,1.587399297688804e-06,3.848597048716521e-05,48.07633666755879
1647,7146,35.0221701879535,0,0,0,0,0,0,0,1,0,2021.147003146643,1.587399297688804e-06,3.848597048716521e-05,34.00017136795336
1648,8629,38.4564375797767,0,0,0,0,0,0,0,1,0,5159.336217524422,1.587399297688804e-06,3.848597048716521e-05,37.43443875977666
1649,3890,17.40405674571191,0,0,0,0,0,0,0,1,0,66.23395440543061,1.587399297688804e-06,3.848597048716521e-05,16.38205792571192
1650,11973,53.0356515797337,0,0,0,0,0,0,0,1,0,2742.999094647056,1.587399297688804e-06,3.848597048716521e-05,52.01365275973367
1651,9930,45.35641794120929,0,0,0,0,0,0,0,1,0,4132.606565507139,1.587399297688804e-06,3.848597048716521e-05,44.3344191212092
1652,9768,45.68968864940977,0,0,0,0,0,0,0,1,0,108.8202700238857,1.587399297688804e-06,3.848597048716521e-05,44.66768982940957
1653,9300,45.02616166150755,0,0,0,0,0,0,0,1,0,2029.793474959114,1.587399297688804e-06,3.848597048716521e-05,44.00416284150743
1654,5388,25.70287868622981,0,0,0,0,0,0,0,1,0,2182.292599527604,1.587399297688804e-06,3.848597048716521e-05,24.68087986622979
1655,8380,37.17990119206485,0,0,0,0,0,0,0,1,0,4234.518722610275,1.587399297688804e-06,3.848597048716521e-05,36.15790237206483
1656,9806,42.83926372844541,0,0,0,0,0,0,0,1,0,1886.94013100545,1.587399297688804e-06,3.848597048716521e-05,41.81726490844532
1657,7445,38.63372725117617,0,0,0,0,0,0,0,1,0,507.2657700786658,1.587399297688804e-06,3.848597048716521e-05,37.6117284311762
1658,8622,39.01036904773667,0,0,0,0,0,0,0,1,0,1046.337337798313,1.587399297688804e-06,3.848597048716521e-05,37.98837022773668
1659,7145,32.16324384106134,0,0,0,0,0,0,0,1,0,455.07488311192,1.587399297688804e-06,3.848597048716521e-05,31.14124502106133
1660,4157,21.02162596811342,0,0,0,0,0,0,0,1,0,1377.029266102141,1.587399297688804e-06,3.848597048716521e-05,19.99962714811344
1661,9443,42.50931489789559,0,0,0,0,0,0,0,1,0,345.0441590961441,1.587399297688804e-06,3.848597048716521e-05,41.48731607791755
1662,8648,40.20559749631382,0,0,0,0,0,0,0,1,0,1872.604505753606,1.587399297688804e-06,3.848597048716521e-05,39.18359867631382
1663,8549,40.5447531751633,0,0,0,0,0,0,0,1,0,67.94695300779135,1.587399297688804e-06,3.848597048716521e-05,39.52275435516327
1664,7988,35.14930375518964,0,0,0,0,0,0,0,1,0,2408.5252926019,1.587399297688804e-06,3.848597048716521e-05,34.12730493518961
1665,1808,8.946082533302061,0,0,0,0,0,0,0,1,0,860.8725279700488,1.587399297688804e-06,3.848597048716521e-05,7.924083713302058
1666,9943,45.73853771048237,0,0,0,0,0,0,0,1,0,1386.424345959953,1.587399297688804e-06,3.848597048716521e-05,44.71653889094453
1667,2890,12.97711429239378,0,0,0,0,0,0,0,1,0,4378.327794662409,1.587399297688804e-06,3.848597048716521e-05,11.95511547239377
1668,6714,31.2053993179817,0,0,0,0,0,0,0,1,0,22.62219220161312,1.587399297688804e-06,3.848597048716521e-05,30.18340049798172
1669,7384,33.40113518494115,0,0,0,0,0,0,0,1,0,2185.89961620494,1.587399297688804e-06,3.848597048716521e-05,32.37913636494108
1670,3283,17.26829079100842,0,0,0,0,0,0,0,1,0,300.0848650946065,1.587399297688804e-06,3.848597048716521e-05,16.24629197100841
1671,8869,38.7480076562822,0,0,0,0,0,0,0,1,0,5188.032005148394,1.587399297688804e-06,3.848597048716521e-05,37.7260088362822
1672,9791,46.9465093667382,0,0,0,0,0,0,0,1,0,123.6263467908917,1.587399297688804e-06,3.848597048716521e-05,45.92451054721852
1673,9824,47.38993988312623,0,0,0,0,0,0,0,1,0,1606.155672401271,1.587399297688804e-06,3.848597048716521e-05,46.36794106312617
1674,8048,39.38414122815175,0,0,0,0,0,0,0,1,0,4109.420998331927,1.587399297688804e-06,3.848597048716521e-05,38.36214240815161
1675,11455,51.14105586275545,0,0,0,0,0,0,0,1,0,91.91399769306278,1.587399297688804e-06,3.848597048716521e-05,50.11905704275536
1676,10528,46.13610731552706,0,0,0,0,0,0,0,1,0,1529.114400790145,1.587399297688804e-06,3.848597048716521e-05,45.11410849552696
1677,5585,24.21400961624212,0,0,0,0,0,0,0,1,0,1357.39720617346,1.587399297688804e-06,3.848597048716521e-05,23.1920107962421
1678,10380,49.7649070247169,0,0,0,0,0,0,0,1,0,296.0425108383492,1.587399297688804e-06,3.848597048716521e-05,48.74290820496445
1679,11200,52.77366298818695,0,0,0,0,0,0,0,1,0,3241.73385779363,1.587399297688804e-06,3.848597048716521e-05,51.75166416813411
1680,12286,52.58893251263423,0,0,0,0,0,0,0,1,0,105.1917638399095,1.587399297688804e-06,3.848597048716521e-05,51.5669336926342
1681,10494,48.20796896475935,0,0,0,0,0,0,0,1,0,1511.305570800612,1.587399297688804e-06,3.848597048716521e-05,47.18597014475919
1682,7232,31.02617182502865,0,0,0,0,0,0,0,1,0,1870.842055953683,1.587399297688804e-06,3.848597048716521e-05,30.00417300502865
1683,10393,46.90604404484721,0,0,0,0,0,0,0,1,0,4662.072770800514,1.587399297688804e-06,3.848597048716521e-05,45.88404522484714
1684,5510,27.67615046421901,0,0,0,0,0,0,0,1,0,247.2455061089965,1.587399297688804e-06,3.848597048716521e-05,26.65415164421901
1685,10162,46.3302191824769,0,0,0,0,0,0,0,1,0,7500.07403544006,1.587399297688804e-06,3.848597048716521e-05,45.30822036237149
1686,0,1e-06,0,0,0,0,0,0,0,0,0,10641.10515978216,1.587399297688804e-06,3.848597048716521e-05,-1
1687,10848,50.94046503958233,0,0,0,0,0,0,0,1,0,454.4522401950933,1.587399297688804e-06,3.848597048716521e-05,49.91846621958219
1688,10137,46.63350071498432,0,0,0,0,0,0,0,1,0,1707.911477667391,1.587399297688804e-06,3.848597048716521e-05,45.61150189498427
1689,10112,46.06838385485162,0,0,0,0,0,0,0,1,0,210.8924508400443,1.587399297688804e-06,3.848597048716521e-05,45.04638503485159
1690,12201,52.44470419795827,0,0,0,0,0,0,0,1,0,4591.321707916057,1.587399297688804e-06,3.848597048716521e-05,51.4227053779581
1691,6060,28.31905563620221,0,0,0,0,0,0,0,1,0,7134.493049282549,1.587399297688804e-06,3.848597048716521e-05,27.29705681620219
1692,6883,30.83503364987103,0,0,0,0,0,0,0,1,0,1898.108570137751,1.587399297688804e-06,3.848597048716521e-05,29.813034829871
1693,7671,35.7545204797928,0,0,0,0,0,0,0,1,0,6244.112570873195,1.587399297688804e-06,3.848597048716521e-05,34.7325216597927
1694,7499,30.52489257776928,0,0,0,0,0,0,0,1,0,1002.33405094594,1.587399297688804e-06,3.848597048716521e-05,29.50289375776927
1695,11133,48.62319106809291,0,0,0,0,0,0,0,1,0,3213.17803421649,1.587399297688804e-06,3.848597048716521e-05,47.60119224809291
1696,9701,47.80197288398033,0,0,0,0,0,0,0,1,0,3602.301800091273,1.587399297688804e-06,3.848597048716521e-05,46.77997406398021
1697,11540,52.77758684208036,0,0,0,0,0,0,0,1,0,3152.404658554839,1.587399297688804e-06,3.848597048716521e-05,51.75558802208031
1698,8513,39.03930996647158,0,0,0,0,0,0,0,1,0,907.6681358924801,1.587399297688804e-06,3.848597048716521e-05,38.01731114647146
1699,8606,38.57571469830081,0,0,0,0,0,0,0,1,0,392.4899801127807,1.587399297688804e-06,3.848597048716521e-05,37.55371587830079
1700,3981,19.30019487973754,0,0,0,0,0,0,0,1,0,1085.561445997206,1.587399297688804e-06,3.848597048716521e-05,18.27819605973754
1701,8526,38.90325191900035,0,0,0,0,0,0,0,1,0,241.5551670605379,1.587399297688804e-06,3.848597048716521e-05,37.88125309900023
1702,8786,37.78967580184496,0,0,0,0,0,0,0,1,0,4637.704304017496,1.587399297688804e-06,3.848597048716521e-05,36.76767698184484
1703,0,1e-06,0,0,0,0,0,0,0,0,0,13727.2392529848,1.587399297688804e-06,3.848597048716521e-05,-1
1704,8193,34.89399051814775,0,0,0,0,0,0,0,1,0,4722.371579646818,1.587399297688804e-06,3.848597048716521e-05,33.87199169814772
1705,7300,35.53278873954672,0,0,0,0,0,0,0,1,0,1574.707821092376,1.587399297688804e-06,3.848597048716521e-05,34.51078991954667
1706,10765,50.14520677739141,0,0,0,0,0,0,0,1,0,442.2019122982819,1.587399297688804e-06,3.848597048716521e-05,49.12320795838646
1707,9245,39.56650576445365,0,0,0,0,0,0,0,1,0,318.9042743368342,1.587399297688804e-06,3.848597048716521e-05,38.54450694445353
1708,8575,40.04618698955427,0,0,0,0,0,0,0,1,0,1605.667497334416,1.587399297688804e-06,3.848597048716521e-05,39.02418816955117
1709,7173,30.79474456303206,0,0,0,0,0,0,0,1,0,3604.537203432695,1.587399297688804e-06,3.848597048716521e-05,29.77274574303202
1710,5572,27.14982162853642,0,0,0,0,0,0,0,1,0,1611.536825446597,1.587399297688804e-06,3.848597048716521e-05,26.1278228085364
1711,12312,52.45796596445663,0,0,0,0,0,0,0,1,0,528.2894607843727,1.587399297688804e-06,3.848597048716521e-05,51.43596714445643
1712,10440,49.04111633206529,0,0,0,0,0,0,0,1,0,1133.365750237515,1.587399297688804e-06,3.848597048716521e-05,48.01911751205994
1713,9807,49.00914402021385,0,0,0,0,0,0,0,1,0,530.4999010596962,1.587399297688804e-06,3.848597048716521e-05,47.98714520021359
1714,4870,23.61492014365427,0,0,0,0,0,0,0,1,0,7107.066454530092,1.587399297688804e-06,3.848597048716521e-05,22.59292132365427
1715,4889,22.23491611126481,0,0,0,0,0,0,0,1,0,707.9726959346407,1.587399297688804e-06,3.848597048716521e-05,21.21291729126481
1716,10386,45.633048206765,0,0,0,0,0,0,0,1,0,2831.771213974635,1.587399297688804e-06,3.848597048716521e-05,44.6110493867648
1717,6164,27.16273827854192,0,0,0,0,0,0,0,1,0,4497.602104123251,1.587399297688804e-06,3.848597048716521e-05,26.14073945854192
1718,10990,51.50587808817898,0,0,0,0,0,0,0,1,0,1495.161334205409,1.587399297688804e-06,3.848597048716521e-05,50.48387926817883
1719,10192,44.42863011212056,0,0,0,0,0,0,0,1,0,2148.322827767208,1.587399297688804e-06,3.848597048716521e-05,43.40663129212055
1720,4416,22.92335951664218,0,0,0,0,0,0,0,1,0,1495.619368674326,1.587399297688804e-06,3.848597048716521e-05,21.9013606966422
1721,11545,49.51330152547775,0,0,0,0,0,0,0,1,0,1361.680155984979,1.587399297688804e-06,3.848597048716521e-05,48.49130270547769
1722,12003,48.48743192859962,0,0,0,0,0,0,0,1,0,1251.630776204014,1.587399297688804e-06,3.848597048716521e-05,47.4654331085995
1723,6713,32.28994010703911,0,0,0,0,0,0,0,1,0,3549.468822250302,1.587399297688804e-06,3.848597048716521e-05,31.26794128703909
1724,1883,9.101409945374483,0,0,0,0,0,0,0,1,0,12.81793514587963,1.587399297688804e-06,3.848597048716521e-05,8.079411125374474
1725,10604,48.50163519699911,0,0,0,0,0,0,0,1,0,485.8286657843652,1.587399297688804e-06,3.848597048716521e-05,47.4796363769991
1726,7409,33.63909274924975,0,0,0,0,0,0,0,1,0,1825.21750205995,1.587399297688804e-06,3.848597048716521e-05,32.6170939292498
1727,8648,41.45590962766394,0,0,0,0,0,0,0,1,0,602.1052560672848,1.587399297688804e-06,3.848597048716521e-05,40.43391080766383
1728,11548,53.20275236691858,0,0,0,0,0,0,0,1,0,275.8096448133277,1.587399297688804e-06,3.848597048716521e-05,52.18075354691842
1729,5967,27.54368762101587,0,0,0,0,0,0,0,1,0,271.8942376905036,1.587399297688804e-06,3.848597048716521e-05,26.52168880101586
1730,8804,41.26957101718293,0,0,0,0,0,0,0,1,0,171.2824592353229,1.587399297688804e-06,3.848597048716521e-05,40.24757219718285
1731,6001,29.17763695406714,0,0,0,0,0,0,0,1,0,4883.654842445665,1.587399297688804e-06,3.848597048716521e-05,28.15563813406716
1732,4132,20.49128126824357,0,0,0,0,0,0,0,1,0,5466.967573007072,1.587399297688804e-06,3.848597048716521e-05,19.46928244824354
1733,10860,49.60234519370621,0,0,0,0,0,0,0,1,0,294.0168913557898,1.587399297688804e-06,3.848597048716521e-05,48.58034637370596
1734,7278,33.90051611130477,0,0,0,0,0,0,0,1,0,621.7772984228636,1.587399297688804e-06,3.848597048716521e-05,32.87851729130476
1735,6909,31.71215534082357,0,0,0,0,0,0,0,1,0,8204.299850003576,1.587399297688804e-06,3.848597048716521e-05,30.69015652082357
1736,8678,37.93562193858434,0,0,0,0,0,0,0,1,0,4218.493390469645,1.587399297688804e-06,3.848597048716521e-05,36.91362311858432
1737,10592,48.4781683823856,0,0,0,0,0,0,0,1,0,1296.925989975704,1.587399297688804e-06,3.848597048716521e-05,47.45616956238545
1738,5860,27.90915625025892,0,0,0,0,0,0,0,1,0,443.4517933676713,1.587399297688804e-06,3.848597048716521e-05,26.8871574302589
1739,8261,37.32761264760673,0,0,0,0,0,0,0,1,0,3569.123266860207,1.587399297688804e-06,3.848597048716521e-05,36.30561382760666
1740,4494,20.34945692562118,0,0,0,0,0,0,0,1,0,1254.364079947978,1.587399297688804e-06,3.848597048716521e-05,19.32745810562119
1741,7007,31.26645164785872,0,0,0,0,0,0,0,1,0,2954.311790904509,1.587399297688804e-06,3.848597048716521e-05,30.24445282785871
1742,9202,43.68791825135472,0,0,0,0,0,0,0,1,0,463.1099772799349,1.587399297688804e-06,3.848597048716521e-05,42.6659194313546
1743,9800,51.19651641736707,0,0,0,0,0,0,0,1,0,1406.322229476866,1.587399297688804e-06,3.848597048716521e-05,50.17451759741909
1744,3940,19.84717510214788,0,0,0,0,0,0,0,1,0,131.1131355866356,1.587399297688804e-06,3.848597048716521e-05,18.82517628214789
1745,7622,33.50316256654813,0,0,0,0,0,0,0,1,0,2962.278491420708,1.587399297688804e-06,3.848597048716521e-05,32.48116374654806
1746,8681,40.56830847580527,0,0,0,0,0,0,0,1,0,3923.700420383002,1.587399297688804e-06,3.848597048716521e-05,39.5463096558052
1747,8029,38.28751023542447,0,0,0,0,0,0,0,1,0,2114.704717093295,1.587399297688804e-06,3.848597048716521e-05,37.26551141547711
1748,5577,29.01519023425603,0,0,0,0,0,0,0,1,0,221.9648437191711,1.587399297688804e-06,3.848597048716521e-05,27.9931914142434
1749,8687,37.65363045142247,0,0,0,0,0,0,0,1,0,2908.78919016901,1.587399297688804e-06,3.848597048716521e-05,36.63163163142242
1750,9327,42.32843825026243,0,0,0,0,0,0,0,1,0,1003.356815634621,1.587399297688804e-06,3.848597048716521e-05,41.30643943026243
1751,6215,31.36152996527201,0,0,0,0,0,0,0,1,0,3739.506450141224,1.587399297688804e-06,3.848597048716521e-05,30.339531145272
1752,11807,49.38942257850453,0,0,0,0,0,0,0,1,0,2363.460913581092,1.587399297688804e-06,3.848597048716521e-05,48.36742375850446
1753,10379,51.90195646577958,0,0,0,0,0,0,0,1,0,243.6074922475503,1.587399297688804e-06,3.848597048716521e-05,50.87995764577957
1754,6001,27.35354422715508,0,0,0,0,0,0,0,1,0,3002.412270851102,1.587399297688804e-06,3.848597048716521e-05,26.33154540715506
1755,11073,49.82621468861906,0,0,0,0,0,0,0,1,0,1210.923294341571,1.587399297688804e-06,3.848597048716521e-05,48.80421586861899
1756,10234,47.5188448542679,0,0,0,0,0,0,0,1,0,830.7695572350175,1.587399297688804e-06,3.848597048716521e-05,46.4968460342729
1757,7160,31.56034833756533,0,0,0,0,0,0,0,1,0,815.7374754821711,1.587399297688804e-06,3.848597048716521e-05,30.5383495175653
1758,1655,9.098367630392328,0,0,0,0,0,0,0,1,0,4047.658809081156,1.587399297688804e-06,3.848597048716521e-05,8.076368810392324
1759,8599,44.17274273499908,0,0,0,0,0,0,0,1,0,1282.569880928621,1.587399297688804e-06,3.848597048716521e-05,43.15074391499895
1760,5615,29.20158151858294,0,0,0,0,0,0,0,1,0,180.0007666169438,1.587399297688804e-06,3.848597048716521e-05,28.17958269859835
1761,6393,34.81453226709399,0,0,0,0,0,0,0,1,0,3816.269324501132,1.587399297688804e-06,3.848597048716521e-05,33.7925334470939
1762,8446,36.32012436989373,0,0,0,0,0,0,0,1,0,2947.679423442198,1.587399297688804e-06,3.848597048716521e-05,35.29812554989365
1763,11089,52.41919259742243,0,0,0,0,0,0,0,1,0,1861.993103384824,1.587399297688804e-06,3.848597048716521e-05,51.3971937774222
1764,7750,37.21834521933412,0,0,0,0,0,0,0,1,0,3399.399927760163,1.587399297688804e-06,3.848597048716521e-05,36.19634639933402
1765,8694,41.69890918178863,0,0,0,0,0,0,0,1,0,714.7212307224415,1.587399297688804e-06,3.848597048716521e-05,40.67691036178854
1766,3916,18.98348183023549,0,0,0,0,0,0,0,1,0,849.6556818549095,1.587399297688804e-06,3.848597048716521e-05,17.96148301023546
1767,6850,31.97262547853326,0,0,0,0,0,0,0,1,0,1761.757363517969,1.587399297688804e-06,3.848597048716521e-05,30.95062665853328
1768,8235,35.21542868045051,0,0,0,0,0,0,0,1,0,296.5024660539158,1.587399297688804e-06,3.848597048716521e-05,34.19342986045047
1769,8196,36.48541095269658,0,0,0,0,0,0,0,1,0,5010.839580698281,1.587399297688804e-06,3.848597048716521e-05,35.46341213269653
1770,8495,36.76145851452971,0,0,0,0,0,0,0,1,0,2622.909025391947,1.587399297688804e-06,3.848597048716521e-05,35.73945969452966
1771,9849,41.53114450385966,0,0,0,0,0,0,0,1,0,2323.756673001842,1.587399297688804e-06,3.848597048716521e-05,40.50914568385947
1772,10282,47.94206892133496,0,0,0,0,0,0,0,1,0,267.5192729258573,1.587399297688804e-06,3.848597048716521e-05,46.92007010133486
1773,11108,52.0769877196863,0,0,0,0,0,0,0,1,0,801.174820350909,1.587399297688804e-06,3.848597048716521e-05,51.05498889960524
1774,7815,35.63219589791436,0,0,0,0,0,0,0,1,0,1998.248605249008,1.587399297688804e-06,3.848597048716521e-05,34.61019707791431
1775,5379,25.37470820772729,0,0,0,0,0,0,0,1,0,2346.960591498646,1.587399297688804e-06,3.848597048716521e-05,24.35270938772726
1776,6612,32.01058616457264,0,0,0,0,0,0,0,1,0,3.767787596947184,1.587399297688804e-06,3.848597048716521e-05,30.98858734457266
1777,5240,22.9355699105266,0,0,0,0,0,0,0,1,0,2858.664728470769,1.587399297688804e-06,3.848597048716521e-05,21.91357109052657
1778,8741,37.5154147798467,0,0,0,0,0,0,0,1,0,849.860913944524,1.587399297688804e-06,3.848597048716521e-05,36.49341595984655
1779,3212,14.71678622747338,0,0,0,0,0,0,0,1,0,121.7202272667772,1.587399297688804e-06,3.848597048716521e-05,13.69478740747337
1780,10279,49.11527280691855,0,0,0,0,0,0,0,1,0,2999.83237075011,1.587399297688804e-06,3.848597048716521e-05,48.09327398691851
1781,6745,31.07441665726382,0,0,0,0,0,0,0,1,0,105.3873062903951,1.587399297688804e-06,3.848597048716521e-05,30.05241783726382
1782,5115,24.27479342674191,0,0,0,0,0,0,0,1,0,2737.960538278571,1.587399297688804e-06,3.848597048716521e-05,23.25279460674188
1783,9075,40.66142411908336,0,0,0,0,0,0,0,1,0,86.9838528401619,1.587399297688804e-06,3.848597048716521e-05,39.63942529908326
1784,9319,47.68542067570269,0,0,0,0,0,0,0,1,0,1399.564558264427,1.587399297688804e-06,3.848597048716521e-05,46.66342185570246
1785,8888,41.47869230560096,0,0,0,0,0,0,0,1,0,1087.798259805729,1.587399297688804e-06,3.848597048716521e-05,40.45669348560084
1786,9412,45.54501349916152,0,0,0,0,0,0,0,1,0,6184.86719050314,1.587399297688804e-06,3.848597048716521e-05,44.52301467916152
1787,7082,30.83495275999457,0,0,0,0,0,0,0,1,0,3427.041750344106,1.587399297688804e-06,3.848597048716521e-05,29.81295393999459
1788,11042,50.35591495700503,0,0,0,0,0,0,0,1,0,4109.793903875302,1.587399297688804e-06,3.848597048716521e-05,49.33391613700502
1789,10887,53.10832648934269,0,0,0,0,0,0,0,1,0,1399.109772143293,1.587399297688804e-06,3.848597048716521e-05,52.0863276693427
1790,7527,32.99782735043073,0,0,0,0,0,0,0,1,0,4212.588039074911,1.587399297688804e-06,3.848597048716521e-05,31.97582853043073
1791,11647,52.79096908528415,0,0,0,0,0,0,0,1,0,452.4342824873793,1.587399297688804e-06,3.848597048716521e-05,51.7689702652841
1792,10775,51.13157581519708,0,0,0,0,0,0,0,1,0,2064.010603349046,1.587399297688804e-06,3.848597048716521e-05,50.1095769951969
1793,3849,18.41023057784524,0,0,0,0,0,0,0,1,0,2069.635510498753,1.587399297688804e-06,3.848597048716521e-05,17.3882317578452
1794,8790,40.51954936733908,0,0,0,0,0,0,0,1,0,935.4699358955178,1.587399297688804e-06,3.848597048716521e-05,39.49755054733902
1795,10437,46.9972520653799,0,0,0,0,0,0,0,1,0,3376.667413589143,1.587399297688804e-06,3.848597048716521e-05,45.97525324537989
1796,7350,32.33136738592366,0,0,0,0,0,0,0,1,0,496.6324305714719,1.587399297688804e-06,3.848597048716521e-05,31.30936856592364
1797,2161,11.77907864813629,0,0,0,0,0,0,0,1,0,3104.607375029085,1.587399297688804e-06,3.848597048716521e-05,10.75707982813629
1798,9638,42.66260591950295,0,0,0,0,0,0,0,1,0,2639.644402190976,1.587399297688804e-06,3.848597048716521e-05,41.64060709950279
1799,5109,23.45042120527974,0,0,0,0,0,0,0,1,0,3060.501187999582,1.587399297688804e-06,3.848597048716521e-05,22.42842238527973
1800,4037,21.22704851656422,0,0,0,0,0,0,0,1,0,5019.729647612742,1.587399297688804e-06,3.848597048716521e-05,20.20504969656423
1801,10455,47.27533742347766,0,0,0,0,0,0,0,1,0,1471.693478824719,1.587399297688804e-06,3.848597048716521e-05,46.2533386034776
1802,875,5.516937618704916,0,0,0,0,0,0,0,1,0,2663.899906817445,1.587399297688804e-06,3.848597048716521e-05,4.49493879870492
1803,10588,48.870250397108,0,0,0,0,0,0,0,1,0,534.9780480458994,1.587399297688804e-06,3.848597048716521e-05,47.8482515771078
1804,7325,34.29701849014899,0,0,0,0,0,0,0,1,0,649.5179929813352,1.587399297688804e-06,3.848597048716521e-05,33.27501967014896
1805,9663,44.32578630824396,0,0,0,0,0,0,0,1,0,1433.088795196319,1.587399297688804e-06,3.848597048716521e-05,43.30378748824396
1806,9630,48.08185029186886,0,0,0,0,0,0,0,1,0,636.7231412357239,1.587399297688804e-06,3.848597048716521e-05,47.05985147186872
1807,7990,37.72168942620011,0,0,0,0,0,0,0,1,0,1333.123637253879,1.587399297688804e-06,3.848597048716521e-05,36.69969060677064
1808,7238,32.2903047240677,0,0,0,0,0,0,0,1,0,272.3203743306146,1.587399297688804e-06,3.848597048716521e-05,31.26830590406765
1809,6607,31.39038682225612,0,0,0,0,0,0,0,1,0,424.816702876822,1.587399297688804e-06,3.848597048716521e-05,30.36838800224235
1810,5854,26.76941429535132,0,0,0,0,0,0,0,1,0,1570.102756962997,1.587399297688804e-06,3.848597048716521e-05,25.74741547535129
1811,3752,18.29878083776567,0,0,0,0,0,0,0,1,0,789.3132427615063,1.587399297688804e-06,3.848597048716521e-05,17.27678201776564
1812,11264,48.56654906438892,0,0,0,0,0,0,0,1,0,664.1139845805359,1.587399297688804e-06,3.848597048716521e-05,47.54455024438885
1813,10727,46.01729060691613,0,0,0,0,0,0,0,1,0,4321.338937709927,1.587399297688804e-06,3.848597048716521e-05,44.99529178691605
1814,4547,20.62477259668876,0,0,0,0,0,0,0,1,0,2528.754124929862,1.587399297688804e-06,3.848597048716521e-05,19.60277377668875
1815,8973,39.15561736966237,0,0,0,0,0,0,0,1,0,487.4097095192431,1.587399297688804e-06,3.848597048716521e-05,38.13361854966239
1816,4792,21.82372042274791,0,0,0,0,0,0,0,1,0,5852.824505502507,1.587399297688804e-06,3.848597048716521e-05,20.80172160274793
1817,3204,15.801327428495,0,0,0,0,0,0,0,1,0,707.9571743722366,1.587399297688804e-06,3.848597048716521e-05,14.779328608495
1818,6820,31.64589580048463,0,0,0,0,0,0,0,1,0,7567.647680282919,1.587399297688804e-06,3.848597048716521e-05,30.62389698048461
1819,7315,34.56055152846152,0,0,0,0,0,0,0,1,0,439.2342622337453,1.587399297688804e-06,3.848597048716521e-05,33.53855270846149
1820,9321,40.68221548667415,0,0,0,0,0,0,0,1,0,175.6901447353439,1.587399297688804e-06,3.848597048716521e-05,39.66021666667402
1821,8728,42.07445459240737,0,0,0,0,0,0,0,1,0,487.9685731159807,1.587399297688804e-06,3.848597048716521e-05,41.05245577240724
1822,10466,48.73802386880763,0,0,0,0,0,0,0,1,0,1616.022695889284,1.587399297688804e-06,3.848597048716521e-05,47.7160250488076
1823,4846,24.15032453256828,0,0,0,0,0,0,0,1,0,524.7167125272805,1.587399297688804e-06,3.848597048716521e-05,23.12832571256832
1824,8929,40.68716263140865,0,0,0,0,0,0,0,1,0,5232.46464442773,1.587399297688804e-06,3.848597048716521e-05,39.6651638114085
1825,4342,19.70866176654515,0,0,0,0,0,0,0,1,0,714.5025551058792,1.587399297688804e-06,3.848597048716521e-05,18.68666294654516
1826,9656,44.21092278272708,0,0,0,0,0,0,0,1,0,464.0133285644359,1.587399297688804e-06,3.848597048716521e-05,43.18892396272705
1827,10720,47.84772208240749,0,0,0,0,0,0,0,1,0,1159.589087906188,1.587399297688804e-06,3.848597048716521e-05,46.82572326240742
1828,11478,47.98269455895925,0,0,0,0,0,0,0,1,0,1202.376416027983,1.587399297688804e-06,3.848597048716521e-05,46.96069573895918
1829,7844,38.48241475918736,0,0,0,0,0,0,0,1,0,1961.840182245166,1.587399297688804e-06,3.848597048716521e-05,37.46041593918721
1830,5573,26.8501170838836,0,0,0,0,0,0,0,1,0,1007.598355239941,1.587399297688804e-06,3.848597048716521e-05,25.82811826388359
1831,7559,35.61860115196334,0,0,0,0,0,0,0,1,0,4546.277348328861,1.587399297688804e-06,3.848597048716521e-05,34.59660233186015
1832,9742,44.32931648002348,0,0,0,0,0,0,0,1,0,79.04682544377341,1.587399297688804e-06,3.848597048716521e-05,43.30731766002339
1833,3557,17.01459773405213,0,0,0,0,0,0,0,1,0,5296.834966356131,1.587399297688804e-06,3.848597048716521e-05,15.99259891405213
1834,10805,50.47724694246369,0,0,0,0,0,0,0,1,0,3678.521565735896,1.587399297688804e-06,3.848597048716521e-05,49.45524812246362
1835,9541,46.87276210808201,0,0,0,0,0,0,0,1,0,2374.566105756585,1.587399297688804e-06,3.848597048716521e-05,45.85076328817531
1836,9749,40.50954271974199,0,0,0,0,0,0,0,1,0,1848.017958454011,1.587399297688804e-06,3.848597048716521e-05,39.48754389974192
1837,11300,50.15258086488334,0,0,0,0,1,0,0,1,0,1554.65681919953,1.587399297688804e-06,3.848597048716521e-05,49.13058204488193
1838,9716,44.3433493724286,0,0,0,0,0,0,0,1,0,7276.413979795864,1.587399297688804e-06,3.848597048716521e-05,43.32135055242851
1839,5156,22.598001951027,0,0,0,0,0,0,0,1,0,536.7155876482346,1.587399297688804e-06,3.848597048716521e-05,21.57600313102701
1840,5772,26.76511875691444,0,0,0,0,0,0,0,1,0,719.8890119809171,1.587399297688804e-06,3.848597048716521e-05,25.7431199369144
1841,11159,50.60894624881672,0,0,0,0,0,0,0,1,0,587.5411052918789,1.587399297688804e-06,3.848597048716521e-05,49.58694742881666
1842,8609,39.91603176011316,0,0,0,0,0,0,0,1,0,508.0651484448518,1.587399297688804e-06,3.848597048716521e-05,38.89403294011305
1843,7959,35.35912740018221,0,0,0,0,0,0,0,1,0,119.8326676855159,1.587399297688804e-06,3.848597048716521e-05,34.33712858018224
1844,0,1e-06,0,0,0,0,0,0,0,0,0,11217.91118597102,1.587399297688804e-06,3.848597048716521e-05,-1
1845,11067,53.00298023175142,0,0,0,0,0,0,0,1,0,201.9306818045783,1.587399297688804e-06,3.848597048716521e-05,51.98098141175144
1846,6761,30.35184077904659,0,0,0,0,0,0,0,1,0,2522.991655802345,1.587399297688804e-06,3.848597048716521e-05,29.32984195904657
1847,8608,39.0801984725917,0,0,0,0,0,0,0,1,0,2346.012756545763,1.587399297688804e-06,3.848597048716521e-05,38.05819965259161
1848,9586,42.37632650429206,0,0,0,0,0,0,0,1,0,999.8739247369087,1.587399297688804e-06,3.848597048716521e-05,41.35432768429199
1849,8021,38.92459540800093,0,0,0,0,0,0,0,1,0,2690.227037029049,1.587399297688804e-06,3.848597048716521e-05,37.90259658800077
1850,6044,27.74138609558251,0,0,0,0,0,0,0,1,0,3588.239352169167,1.587399297688804e-06,3.848597048716521e-05,26.71938727558248
1851,7176,30.55145109864425,0,0,0,0,0,0,0,1,0,3230.173906407407,1.587399297688804e-06,3.848597048716521e-05,29.52945227864426
1852,3145,15.46435042243078,0,0,0,0,0,0,0,1,0,7149.93314417503,1.587399297688804e-06,3.848597048716521e-05,14.44235160243076
1853,9750,45.2587185629063,0,0,0,0,0,0,0,1,0,3379.115410123331,1.587399297688804e-06,3.848597048716521e-05,44.23671974290622
1854,8153,36.97479648792376,0,0,0,0,0,0,0,1,0,1877.261897429096,1.587399297688804e-06,3.848597048716521e-05,35.95279766792375
1855,10651,49.60538816211745,0,0,0,0,0,0,0,1,0,743.2127392600688,1.587399297688804e-06,3.848597048716521e-05,48.5833893421173
1856,4200,20.95835147971487,0,0,0,0,0,0,0,1,0,1319.978602690782,1.587399297688804e-06,3.848597048716521e-05,19.93635265971487
1857,12168,52.95834634501269,0,0,0,0,0,0,0,1,0,5706.866653776474,1.587399297688804e-06,3.848597048716521e-05,51.93634752501253
1858,6300,27.73013533809145,0,0,0,0,0,0,0,1,0,805.0022222837331,1.587399297688804e-06,3.848597048716521e-05,26.70813651809144
1859,7664,37.36457846464076,0,0,0,0,0,0,0,1,0,2784.542950164875,1.587399297688804e-06,3.848597048716521e-05,36.34257964464066
1860,5398,26.72853547018065,0,0,0,0,0,0,0,1,0,1266.750575408256,1.587399297688804e-06,3.848597048716521e-05,25.70653665018061
1861,10672,50.86264306984075,0,0,0,0,0,0,0,1,0,281.6198001004261,1.587399297688804e-06,3.848597048716521e-05,49.84064425013705
1862,8489,42.76746655671249,0,0,0,0,0,0,0,1,0,511.5472958426618,1.587399297688804e-06,3.848597048716521e-05,41.74546773693076
1863,6441,30.86487776469628,0,0,0,0,0,0,0,1,0,2502.957334598787,1.587399297688804e-06,3.848597048716521e-05,29.84287894469629
1864,11437,52.85074146428469,0,0,0,0,0,0,0,1,0,155.2419025061378,1.587399297688804e-06,3.848597048716521e-05,51.8287426442846
1865,9045,39.84373778456513,0,0,0,0,0,0,0,1,0,865.2333301828531,1.587399297688804e-06,3.848597048716521e-05,38.82173896456509
1866,4343,21.04597789912654,0,0,0,0,0,0,0,1,0,1663.03785610236,1.587399297688804e-06,3.848597048716521e-05,20.02397907912651
1867,8476,39.0436922272624,0,0,0,0,0,0,0,1,0,2344.047504622526,1.587399297688804e-06,3.848597048716521e-05,38.02169340726234
1868,5741,24.44429004273244,0,0,0,0,0,0,0,1,0,291.2586533340621,1.587399297688804e-06,3.848597048716521e-05,23.42229122273243
1869,6120,26.75930412690152,0,0,0,0,0,0,0,1,0,5093.295586473952,1.587399297688804e-06,3.848597048716521e-05,25.73730530690146
1870,10231,42.25016529999982,0,0,0,0,0,0,0,1,0,654.7786266316671,1.587399297688804e-06,3.848597048716521e-05,41.2281664799997
1871,10148,44.75891964293545,0,0,0,0,0,0,0,1,0,179.9363298019439,1.587399297688804e-06,3.848597048716521e-05,43.73692082294492
1872,9094,48.65193239880811,0,0,0,0,0,0,0,1,0,330.0271162266025,1.587399297688804e-06,3.848597048716521e-05,47.62993357811689
1873,10398,47.58925693910995,0,0,0,0,0,0,0,1,0,665.1819339882102,1.587399297688804e-06,3.848597048716521e-05,46.56725811910997
1874,7944,34.36742835703308,0,0,0,0,0,0,0,1,0,3799.274025084231,1.587399297688804e-06,3.848597048716521e-05,33.34542953703303
1875,7785,36.50938261319795,0,0,0,0,0,0,0,1,0,440.8352266224182,1.587399297688804e-06,3.848597048716521e-05,35.48738379319794
1876,8755,37.5537755599637,0,0,0,0,0,0,0,1,0,3134.867853694997,1.587399297688804e-06,3.848597048716521e-05,36.53177673996358
1877,1920,11.50514322571828,0,0,0,0,0,0,0,1,0,7219.731901405411,1.587399297688804e-06,3.848597048716521e-05,10.48314440571829
1878,9516,47.55110182155092,0,0,0,0,0,0,0,1,0,1548.873017531812,1.587399297688804e-06,3.848597048716521e-05,46.52910300155072
1879,3503,16.60205446293078,0,0,0,0,0,0,0,1,0,1036.106730918167,1.587399297688804e-06,3.848597048716521e-05,15.58005564293077
1880,9298,46.2169015793307,0,0,0,0,0,0,0,1,0,335.5739188222172,1.587399297688804e-06,3.848597048716521e-05,45.19490276001355
1881,8510,37.34871193834928,0,0,0,0,0,0,0,1,0,982.4029993521996,1.587399297688804e-06,3.848597048716521e-05,36.32671311834919
1882,11697,50.71489672139104,0,0,0,0,0,0,0,1,0,820.4470527756978,1.587399297688804e-06,3.848597048716521e-05,49.69289790139101
1883,10678,50.00389569672433,0,0,0,0,0,0,0,1,0,780.6375481207155,1.587399297688804e-06,3.848597048716521e-05,48.98189687672694
1884,11072,48.95684576924226,0,0,0,0,0,0,0,1,0,93.446171009878,1.587399297688804e-06,3.848597048716521e-05,47.93484694924216
1885,9033,40.28082735409515,0,0,0,0,0,0,0,1,0,697.9738813809483,1.587399297688804e-06,3.848597048716521e-05,39.25882853409511
1886,5154,24.29870914239135,0,0,0,0,0,0,0,1,0,3579.268554413187,1.587399297688804e-06,3.848597048716521e-05,23.27671032239137
1887,6479,29.152616443801,0,0,0,0,0,0,0,1,0,2603.006610813493,1.587399297688804e-06,3.848597048716521e-05,28.13061762380096
1888,12010,52.76675121941423,0,0,0,0,0,0,0,1,0,7853.393764912323,1.587399297688804e-06,3.848597048716521e-05,51.74475239941594
1889,9771,45.94280761652199,0,0,0,0,0,0,0,1,0,496.9639962185671,1.587399297688804e-06,3.848597048716521e-05,44.92080879652179
1890,10063,45.86045895378134,0,0,0,0,0,0,0,1,0,3147.972044997925,1.587399297688804e-06,3.848597048716521e-05,44.83846013378134
1891,4873,20.82771174766631,0,0,0,0,0,0,0,1,0,235.4996565820722,1.587399297688804e-06,3.848597048716521e-05,19.80571292766629
1892,11117,52.69683338835019,0,0,0,0,0,0,0,1,0,4172.810635560659,1.587399297688804e-06,3.848597048716521e-05,51.67483456835021
1893,9881,45.5675560073355,0,0,0,0,0,0,0,1,0,3120.686767429986,1.587399297688804e-06,3.848597048716521e-05,44.54555718733549
1894,8373,37.58437881507612,0,0,0,0,0,0,0,1,0,2104.429881936811,1.587399297688804e-06,3.848597048716521e-05,36.56237999507607
1895,8374,40.17299522938294,0,0,0,0,0,0,0,1,0,690.8594428356012,1.587399297688804e-06,3.848597048716521e-05,39.15099640910938
1896,10332,49.23016054043237,0,0,0,0,0,0,0,1,0,3564.813332193771,1.587399297688804e-06,3.848597048716521e-05,48.20816172043234
1897,11541,52.77259976873373,0,0,0,0,0,0,0,1,0,252.8992318641598,1.587399297688804e-06,3.848597048716521e-05,51.75060094873373
1898,8869,43.91936160650018,0,0,0,0,0,0,0,1,0,4143.688315312619,1.587399297688804e-06,3.848597048716521e-05,42.89736278650017
1899,5224,23.99368076771509,0,0,0,0,0,0,0,1,0,4150.92494734167,1.587399297688804e-06,3.848597048716521e-05,22.97168194771508
1900,8703,41.16449796378829,0,0,0,0,0,0,0,1,0,128.724643381399,1.587399297688804e-06,3.848597048716521e-05,40.14249914378821
1901,8680,37.60275756309419,0,0,0,0,0,0,0,1,0,1259.665896376958,1.587399297688804e-06,3.848597048716521e-05,36.58075874309408
1902,10860,50.50039594345737,0,0,0,0,0,0,0,1,0,1683.821762036413,1.587399297688804e-06,3.848597048716521e-05,49.47839712345239
1903,6128,27.42055653838671,0,0,0,0,0,0,0,1,0,946.0421730726271,1.587399297688804e-06,3.848597048716521e-05,26.39855771838674
1904,7686,35.7473509164457,0,0,0,0,0,0,0,1,0,49.75443436919159,1.587399297688804e-06,3.848597048716521e-05,34.72535209644563
1905,8802,41.85816440659001,0,0,0,0,0,0,0,1,0,6046.619644131999,1.587399297688804e-06,3.848597048716521e-05,40.83616558661667
1906,8603,39.50186176361408,0,0,0,0,0,0,0,1,0,3370.677798733414,1.587399297688804e-06,3.848597048716521e-05,38.47986294361409
1907,9523,42.93395540133004,0,0,0,0,0,0,0,1,0,3636.527716352083,1.587399297688804e-06,3.848597048716521e-05,41.91195658133003
1908,9930,44.08498181519318,0,0,0,0,0,0,0,1,0,1220.861843358131,1.587399297688804e-06,3.848597048716521e-05,43.06298299519313
1909,5762,28.16268702302822,0,0,0,0,0,0,0,1,0,1383.558474297019,1.587399297688804e-06,3.848597048716521e-05,27.14068820307847
1910,9312,44.0216851970548,0,0,0,0,0,0,0,1,0,1484.577281859735,1.587399297688804e-06,3.848597048716521e-05,42.99968637705472
1911,7759,33.57042863216182,0,0,0,0,0,0,0,1,0,1310.761517052447,1.587399297688804e-06,3.848597048716521e-05,32.54842981216184
1912,9885,44.30068772207431,0,0,0,0,0,0,0,1,0,2132.907520344646,1.587399297688804e-06,3.848597048716521e-05,43.27868890207423
1913,7539,34.49699941517203,0,0,0,0,0,0,0,1,0,328.8197008337447,1.587399297688804e-06,3.848597048716521e-05,33.47500059517198
1914,7991,36.35755979535822,0,0,0,0,0,0,0,1,0,3344.873801001637,1.587399297688804e-06,3.848597048716521e-05,35.33556097537105
1915,7642,36.08174104449164,0,0,0,0,0,0,0,1,0,1986.836518531539,1.587399297688804e-06,3.848597048716521e-05,35.05974222449162
1916,11249,50.77253684265325,0,0,0,0,0,0,0,1,0,6408.497827541388,1.587399297688804e-06,3.848597048716521e-05,49.75053802265314
1917,9601,45.37205097754896,0,0,0,0,0,0,0,1,0,518.7354957031577,1.587399297688804e-06,3.848597048716521e-05,44.35005215742632
1918,9627,44.71462720577134,0,0,0,0,0,0,0,1,0,2171.388537538086,1.587399297688804e-06,3.848597048716521e-05,43.69262838577129
1919,3626,17.37471548862032,0,0,0,0,0,0,0,1,0,3787.587377903563,1.587399297688804e-06,3.848597048716521e-05,16.35271666862031
1920,11145,51.45641650377242,0,0,0,0,0,0,0,1,0,271.741533713216,1.587399297688804e-06,3.848597048716521e-05,50.43441768377232
1921,1365,8.233292261811492,0,0,0,0,0,0,0,1,0,2584.642452038791,1.587399297688804e-06,3.848597048716521e-05,7.21129344181149
1922,11262,51.2528837635788,0,0,0,0,0,0,0,1,0,3786.43671435008,1.587399297688804e-06,3.848597048716521e-05,50.23088494357877
1923,6871,35.20988771821792,0,0,0,0,0,0,0,1,0,110.0495620361953,1.587399297688804e-06,3.848597048716521e-05,34.1878888982179
1924,6219,27.98333381998337,0,0,0,0,0,0,0,1,0,325.7721135232644,1.587399297688804e-06,3.848597048716521e-05,26.9613349999834
1925,9855,47.28241665155677,0,0,0,0,0,0,0,1,0,624.4820067478862,1.587399297688804e-06,3.848597048716521e-05,46.26041783156002
1926,10427,47.30063570666844,0,0,0,0,0,0,0,1,0,2829.53722685116,1.587399297688804e-06,3.848597048716521e-05,46.27863688666838
1927,5030,21.77166726528707,0,0,0,0,0,0,0,1,0,2015.544358781755,1.587399297688804e-06,3.848597048716521e-05,20.74966844528707
1928,8433,39.61809058805702,0,0,0,0,0,0,0,1,0,2959.558726356465,1.587399297688804e-06,3.848597048716521e-05,38.59609176806124
1929,6032,26.42784966593082,0,0,0,0,0,0,0,1,0,2758.547011022998,1.587399297688804e-06,3.848597048716521e-05,25.40585084593085
1930,7165,35.52313374937842,0,0,0,0,0,0,0,1,0,460.3378663586176,1.587399297688804e-06,3.848597048716521e-05,34.5011349293783
1931,10237,42.37898385636905,0,0,0,0,0,0,0,1,0,1135.442203331484,1.587399297688804e-06,3.848597048716521e-05,41.35698503636899
1932,11960,51.35151874090709,0,0,0,0,0,0,0,1,0,2613.346850032527,1.587399297688804e-06,3.848597048716521e-05,50.32951992090704
1933,8363,38.488749134649,0,0,0,0,0,0,0,1,0,601.7332108233086,1.587399297688804e-06,3.848597048716521e-05,37.46675031464891
1934,7098,34.53429289169537,0,0,0,0,0,0,0,1,0,2165.139346253409,1.587399297688804e-06,3.848597048716521e-05,33.51229407169529
1935,8669,38.25208963970745,0,0,0,0,0,0,0,1,0,1738.753904444673,1.587399297688804e-06,3.848597048716521e-05,37.23009081970731
1936,6519,30.76303480136474,0,0,0,0,0,0,0,1,0,679.5255054662928,1.587399297688804e-06,3.848597048716521e-05,29.74103598136477
1937,6229,28.48639442383499,0,0,0,0,0,0,0,1,0,6366.654136895818,1.587399297688804e-06,3.848597048716521e-05,27.46439560383494
1938,11504,51.71656332036519,0,0,0,0,0,0,0,1,0,77.51277620183082,1.587399297688804e-06,3.848597048716521e-05,50.69456450036503
1939,6727,31.65530584187197,0,0,0,0,0,0,0,1,0,1436.305954439098,1.587399297688804e-06,3.848597048716521e-05,30.63330702187194
1940,10640,49.54483328578211,0,0,0,0,0,0,0,1,0,24.65749885762474,1.587399297688804e-06,3.848597048716521e-05,48.52283446578195
1941,6379,30.77242061841047,0,0,0,0,0,0,0,1,0,934.8834446465102,1.587399297688804e-06,3.848597048716521e-05,29.75042179841048
1942,7357,32.25933604757667,0,0,0,0,0,0,0,1,0,5718.186767928116,1.587399297688804e-06,3.848597048716521e-05,31.23733722757668
1943,6269,25.60653727709993,0,0,0,0,0,0,0,1,0,7118.945770015668,1.587399297688804e-06,3.848597048716521e-05,24.58453845709992
1944,12168,53.05347889425801,0,0,0,0,0,0,0,1,0,4240.015990653654,1.587399297688804e-06,3.848597048716521e-05,52.03148007425794
1945,8931,44.87494068900685,0,0,0,0,0,0,0,1,0,1655.398931921441,1.587399297688804e-06,3.848597048716521e-05,43.85294186899046
1946,10097,46.59306454879982,0,0,0,0,0,0,0,1,0,189.3041172093558,1.587399297688804e-06,3.848597048716521e-05,45.57106572879979
1947,8460,39.07460236882682,0,0,0,0,0,0,0,1,0,1018.816806971067,1.587399297688804e-06,3.848597048716521e-05,38.05260354882678
1948,6813,31.41685386324241,0,0,0,0,0,0,0,1,0,3753.986222221267,1.587399297688804e-06,3.848597048716521e-05,30.3948550432424
1949,3770,16.89026574034387,0,0,0,0,0,0,0,1,0,486.4702817560134,1.587399297688804e-06,3.848597048716521e-05,15.86826692034386
1950,7517,37.24349189383622,0,0,0,0,0,0,0,1,0,440.1433085641557,1.587399297688804e-06,3.848597048716521e-05,36.2214930738362
1951,5690,29.03915269679571,0,0,0,0,0,0,0,1,0,1997.004284550501,1.587399297688804e-06,3.848597048716521e-05,28.01715387679573
1952,11439,50.47894989101712,0,0,0,0,0,0,0,1,0,115.4899465285619,1.587399297688804e-06,3.848597048716521e-05,49.45695107101704
1953,10759,50.77736105229191,0,0,0,0,0,0,0,1,0,115.0325390937794,1.587399297688804e-06,3.848597048716521e-05,49.75536223229178
1954,10961,49.06593198137746,0,0,0,0,0,0,0,1,0,4532.708956573599,1.587399297688804e-06,3.848597048716521e-05,48.04393316137737
1955,9290,43.92991687365765,0,0,0,0,0,0,0,1,0,2288.80525812901,1.587399297688804e-06,3.848597048716521e-05,42.90791805365758
1956,10391,48.74746847399523,0,0,0,0,0,0,0,1,0,1748.386789920422,1.587399297688804e-06,3.848597048716521e-05,47.72546965399512
1957,9076,39.83596209614017,0,0,0,0,0,0,0,1,0,70.62468371827684,1.587399297688804e-06,3.848597048716521e-05,38.81396327614021
1958,3240,16.78150872539275,0,0,0,0,0,0,0,1,0,9606.926463822629,1.587399297688804e-06,3.848597048716521e-05,15.75950990547547
1959,9589,46.7054033265787,0,0,0,0,0,0,0,1,0,126.7189761022378,1.587399297688804e-06,3.848597048716521e-05,45.68340450657861
1960,7643,36.80775861080667,0,0,0,0,0,0,0,1,0,5326.90573290929,1.587399297688804e-06,3.848597048716521e-05,35.7857597908066
1961,8854,40.76198048584421,0,0,0,0,0,0,0,1,0,414.9628775226965,1.587399297688804e-06,3.848597048716521e-05,39.73998166584405
1962,6928,31.83351785360875,0,0,0,0,0,0,0,1,0,861.7774781325589,1.587399297688804e-06,3.848597048716521e-05,30.81151903360878
1963,11323,49.86402837267904,0,0,0,0,0,0,0,1,0,6589.588610535322,1.587399297688804e-06,3.848597048716521e-05,48.84202955267906
1964,11114,48.9126462318926,0,0,0,0,0,0,0,1,0,2840.191034863722,1.587399297688804e-06,3.848597048716521e-05,47.89064741189251
1965,2368,13.90938887327171,0,0,0,0,0,0,0,1,0,307.6627522932272,1.587399297688804e-06,3.848597048716521e-05,12.88739005327171
1966,5630,25.17413763404284,0,0,0,0,0,0,0,1,0,1453.854160927351,1.587399297688804e-06,3.848597048716521e-05,24.15213881404278
1967,4999,22.86450130135837,0,0,0,0,0,0,0,1,0,256.6743417489647,1.587399297688804e-06,3.848597048716521e-05,21.84250248135836
1968,11153,48.06055420179596,0,0,0,0,0,0,0,1,0,4353.376697292614,1.587399297688804e-06,3.848597048716521e-05,47.03855538179586
1969,4126,20.63210663976831,0,0,0,0,0,0,0,1,0,621.2572755819805,1.587399297688804e-06,3.848597048716521e-05,19.61010781976829
1970,9520,40.92304749551329,0,0,0,0,0,0,0,1,0,1865.396548094951,1.587399297688804e-06,3.848597048716521e-05,39.90104867551326
1971,6825,32.82860600206333,0,0,0,0,0,0,0,1,0,606.2561647621886,1.587399297688804e-06,3.848597048716521e-05,31.80660718206328
1972,8583,39.01513390187553,0,0,0,0,0,0,0,1,0,1938.952038193343,1.587399297688804e-06,3.848597048716521e-05,37.99313508187532
1973,9933,47.09957519221695,0,0,0,0,0,0,0,1,0,500.524505001046,1.587399297688804e-06,3.848597048716521e-05,46.07757637218255
1974,10191,45.12905733210614,0,0,0,0,0,0,0,1,0,1003.251716077966,1.587399297688804e-06,3.848597048716521e-05,44.10705851210606
1975,8274,41.03991331192022,0,0,0,0,0,0,0,1,0,3194.947510447917,1.587399297688804e-06,3.848597048716521e-05,40.01791449203263
1976,8591,41.26921549917994,0,0,0,0,0,0,0,1,0,4001.220237164696,1.587399297688804e-06,3.848597048716521e-05,40.24721667917991
1977,9857,44.13514366990078,0,0,0,0,0,0,0,1,0,428.5106108293907,1.587399297688804e-06,3.848597048716521e-05,43.11314484990076
1978,7398,31.22592838049269,0,0,0,0,0,0,0,1,0,1273.032003414111,1.587399297688804e-06,3.848597048716521e-05,30.20392956049268
1979,2365,14.11958135090582,0,0,0,0,0,0,0,1,0,3091.406937483383,1.587399297688804e-06,3.848597048716521e-05,13.09758253090473
1980,5029,25.64632420860507,0,0,0,0,0,0,0,1,0,1047.70572877493,1.587399297688804e-06,3.848597048716521e-05,24.62432538860506
1981,6467,28.1659630224696,0,0,0,0,0,0,0,1,0,352.8104460339748,1.587399297688804e-06,3.848597048716521e-05,27.1439642024696
1982,11471,49.84470764438919,0,0,0,0,0,0,0,1,0,140.4134484986144,1.587399297688804e-06,3.848597048716521e-05,48.82270882438912
1983,8249,36.35690903037619,0,0,0,0,0,0,0,1,0,1481.679783098904,1.587399297688804e-06,3.848597048716521e-05,35.33491021037614
1984,6661,29.4892016366949,0,0,0,0,0,0,0,1,0,3230.543752948883,1.587399297688804e-06,3.848597048716521e-05,28.46720281669488
1985,6758,33.44442019915722,0,0,0,0,0,0,0,1,0,208.8411674384361,1.587399297688804e-06,3.848597048716521e-05,32.42242137915499
1986,9298,45.27254570689394,0,0,0,0,0,0,0,1,0,1607.88643736138,1.587399297688804e-06,3.848597048716521e-05,44.25054688689391
1987,2765,13.58011367153099,0,0,0,0,0,0,0,1,0,4660.179422938691,1.587399297688804e-06,3.848597048716521e-05,12.55811485153099
1988,5568,26.44294720720669,0,0,0,0,0,0,0,1,0,1933.560307177406,1.587399297688804e-06,3.848597048716521e-05,25.42094838720668
1989,9803,44.80286683859001,0,0,0,0,0,0,0,1,0,2356.306841022257,1.587399297688804e-06,3.848597048716521e-05,43.78086801858996
1990,7662,33.29596552037976,0,0,0,0,0,0,0,1,0,3560.276237247704,1.587399297688804e-06,3.848597048716521e-05,32.27396670037975
1991,9109,40.32920036257342,0,0,0,0,0,0,0,1,0,587.7177435391404,1.587399297688804e-06,3.848597048716521e-05,39.30720154257342
1992,11250,51.51777740181215,0,0,0,0,0,0,0,1,0,281.8213319901402,1.587399297688804e-06,3.848597048716521e-05,50.4957785818121
1993,9427,44.97699423027354,0,0,0,0,0,0,0,1,0,654.4004518137945,1.587399297688804e-06,3.848597048716521e-05,43.95499541027334
1994,11020,47.00586691558615,0,0,0,0,0,0,0,1,0,1735.923473570275,1.587399297688804e-06,3.848597048716521e-05,45.98386809558609
1995,10851,51.79274740782293,0,0,0,0,0,0,0,1,0,369.5366530342164,1.587399297688804e-06,3.848597048716521e-05,50.7707485878227
1996,9497,48.43467908368019,0,0,0,0,0,0,0,1,0,901.2543180427366,1.587399297688804e-06,3.848597048716521e-05,47.41268026368012
1997,8487,40.38445609131681,0,0,0,0,0,0,0,1,0,2391.262717872507,1.587399297688804e-06,3.848597048716521e-05,39.3624572713167
1998,8315,40.3324506928906,0,0,0,0,0,0,0,1,0,175.9097522407457,1.587399297688804e-06,3.848597048716521e-05,39.31045187289057
1999,8982,41.94107759434234,0,0,0,0,0,0,0,1,0,1390.599353517893,1.587399297688804e-06,3.848597048716521e-05,40.9190787743423
2000,9457,41.40730452772979,0,0,0,0,0,0,0,1,0,947.4352567290872,1.587399297688804e-06,3.848597048716521e-05,40.38530570772971
2001,11286,49.13467821210876,0,0,0,0,0,0,0,1,0,1866.518304537232,1.587399297688804e-06,3.848597048716521e-05,48.11267939210877
2002,7078,30.79264341797625,0,0,0,0,0,0,0,1,0,1247.177439074699,1.587399297688804e-06,3.848597048716521e-05,29.77064459797624
2003,8199,40.11769416930377,0,0,0,0,0,0,0,1,0,203.659191750934,1.587399297688804e-06,3.848597048716521e-05,39.09569534942825
2004,10812,51.37165253156658,0,0,0,0,0,0,0,1,0,2750.444191510863,1.587399297688804e-06,3.848597048716521e-05,50.34965371156644
2005,7994,35.42180615033215,0,0,0,0,0,0,0,1,0,2871.604660862387,1.587399297688804e-06,3.848597048716521e-05,34.39980733033203
2006,9804,43.20796576674881,0,0,0,0,0,0,0,1,0,1145.783754690711,1.587399297688804e-06,3.848597048716521e-05,42.18596694674876
2007,6526,32.37993110972009,0,0,0,0,0,0,0,1,0,2583.153299517339,1.587399297688804e-06,3.848597048716521e-05,31.35793228969784
2008,4500,20.91741081348065,0,0,0,0,0,0,0,1,0,4293.940004735716,1.587399297688804e-06,3.848597048716521e-05,19.89541199348063
2009,5022,24.48088253070037,0,0,0,0,0,0,0,1,0,1835.881792578208,1.587399297688804e-06,3.848597048716521e-05,23.45888371070033
2010,10461,49.71166378312287,0,0,0,0,0,0,0,1,0,348.3433878793095,1.587399297688804e-06,3.848597048716521e-05,48.68966496312281
2011,7010,33.54731682312382,0,0,0,0,0,0,0,1,0,1565.263736946169,1.587399297688804e-06,3.848597048716521e-05,32.52531800312372
2012,8474,38.16047414119235,0,0,0,0,0,0,0,1,0,99.26852982314573,1.587399297688804e-06,3.848597048716521e-05,37.13847532119232
2013,5179,26.44612372905436,0,0,0,0,0,0,0,1,0,2669.697650510501,1.587399297688804e-06,3.848597048716521e-05,25.42412490905436
2014,7086,32.12519817293082,0,0,0,0,0,0,0,1,0,303.4100535361075,1.587399297688804e-06,3.848597048716521e-05,31.1031993529308
2015,7795,36.36210461329427,0,0,0,0,0,0,0,1,0,1772.526063586451,1.587399297688804e-06,3.848597048716521e-05,35.34010579329416
2016,11730,51.68249817426064,0,0,0,0,0,0,0,1,0,1560.167460398314,1.587399297688804e-06,3.848597048716521e-05,50.66049935426047
2017,9251,44.88679581897043,0,0,0,0,0,0,0,1,0,691.9553579772657,1.587399297688804e-06,3.848597048716521e-05,43.86479699897046
2018,9028,40.31063158905508,0,0,0,0,0,0,0,1,0,3448.644536353224,1.587399297688804e-06,3.848597048716521e-05,39.28863276905506
2019,9651,46.05505280520205,0,0,0,0,0,0,0,1,0,2609.544585690698,1.587399297688804e-06,3.848597048716521e-05,45.03305398520202
2020,8919,43.2098443200031,0,0,0,0,0,0,0,1,0,4301.168342084764,1.587399297688804e-06,3.848597048716521e-05,42.18784550000307
2021,6434,29.27270055316341,0,0,0,0,0,0,0,1,0,4152.584365609178,1.587399297688804e-06,3.848597048716521e-05,28.25070173316341
2022,8205,38.01633119069145,0,0,0,0,0,0,0,1,0,3515.037472202476,1.587399297688804e-06,3.848597048716521e-05,36.99433237069131
2023,11632,51.10194894518242,0,0,0,0,0,0,0,1,0,885.6537724843026,1.587399297688804e-06,3.848597048716521e-05,50.07995012518232
2024,10920,47.75146816234653,0,0,0,0,0,0,0,1,0,2950.589176170619,1.587399297688804e-06,3.848597048716521e-05,46.72946934234636
2025,5968,30.42375280188933,0,0,0,0,0,0,0,1,0,892.9786725313373,1.587399297688804e-06,3.848597048716521e-05,29.4017539818893
2026,9954,44.16940311784465,0,0,0,0,0,0,0,1,0,5967.404829283285,1.587399297688804e-06,3.848597048716521e-05,43.14740429784457
2027,9861,44.30420245682903,0,0,0,0,0,0,0,1,0,8164.153205101721,1.587399297688804e-06,3.848597048716521e-05,43.28220363682883
2028,9616,42.36199320214482,0,0,0,0,0,0,0,1,0,1982.760299150896,1.587399297688804e-06,3.848597048716521e-05,41.33999438214478
2029,5951,29.7890277784731,0,0,0,0,0,0,0,1,0,2839.105012559691,1.587399297688804e-06,3.848597048716521e-05,28.76702895847308
2030,9203,38.15949967342954,0,0,0,0,0,0,0,1,0,3153.837519051046,1.587399297688804e-06,3.848597048716521e-05,37.13750085342943
2031,7137,30.67719275889192,0,0,0,0,0,0,0,1,0,447.2196712995786,1.587399297688804e-06,3.848597048716521e-05,29.65519393889192
2032,10375,46.06348468337777,0,0,0,0,0,0,0,1,0,3181.133445289789,1.587399297688804e-06,3.848597048716521e-05,45.04148586352381
2033,8795,41.41619238107391,0,0,0,0,0,0,0,1,0,5368.616070240455,1.587399297688804e-06,3.848597048716521e-05,40.39419356107376
2034,3416,15.80633310261586,0,0,0,0,0,0,0,1,0,8723.192266384585,1.587399297688804e-06,3.848597048716521e-05,14.78433428261585
2035,8402,39.35144869304476,0,0,0,0,0,0,0,1,0,406.0141812356486,1.587399297688804e-06,3.848597048716521e-05,38.32944987304459
2036,11754,53.12017599754257,0,0,0,0,0,0,0,1,0,3938.953216056033,1.587399297688804e-06,3.848597048716521e-05,52.0981771775425
2037,6713,33.96311625203523,0,0,0,0,0,0,0,1,0,970.393587508649,1.587399297688804e-06,3.848597048716521e-05,32.94111743203422
2038,9736,49.22556293857116,0,0,0,0,0,0,0,1,0,235.2742755636683,1.587399297688804e-06,3.848597048716521e-05,48.20356411857104
2039,10276,47.08344881622602,0,0,0,0,0,0,0,1,0,1049.374785353503,1.587399297688804e-06,3.848597048716521e-05,46.06144999622599
2040,4753,23.2469663341518,0,0,0,0,0,0,0,1,0,601.1571933647417,1.587399297688804e-06,3.848597048716521e-05,22.2249675141518
2041,8986,42.37868142822248,0,0,0,0,0,0,0,1,0,85.63772863007769,1.587399297688804e-06,3.848597048716521e-05,41.35668260822239
2042,9943,47.10803660758459,0,0,0,0,0,0,0,1,0,4252.298643228127,1.587399297688804e-06,3.848597048716521e-05,46.08603778763288
2043,2715,13.85941749408179,0,0,0,0,0,0,0,1,0,1081.259759117596,1.587399297688804e-06,3.848597048716521e-05,12.8374186740818
2044,2652,12.86667444375336,0,0,0,0,0,0,0,1,0,229.1669732577411,1.587399297688804e-06,3.848597048716521e-05,11.84467562375336
2045,3211,17.06470970449734,0,0,0,0,0,0,0,1,0,255.1141183550997,1.587399297688804e-06,3.848597048716521e-05,16.04271088449731
2046,9566,43.9953187871825,0,0,0,0,0,0,0,1,0,614.1525480495897,1.587399297688804e-06,3.848597048716521e-05,42.97331996718236
2047,6060,26.15130083606661,0,0,0,0,0,0,0,1,0,6803.116358760679,1.587399297688804e-06,3.848597048716521e-05,25.12930201606661
2048,10664,48.69239038016123,0,0,0,0,0,0,0,1,0,2604.148348360326,1.587399297688804e-06,3.848597048716521e-05,47.67039156028541
2049,3924,17.82210866417089,0,0,0,0,0,0,0,1,0,1822.548940430928,1.587399297688804e-06,3.848597048716521e-05,16.8001098441709
2050,8958,38.40511431563217,0,0,0,0,0,0,0,1,0,1413.713296380011,1.587399297688804e-06,3.848597048716521e-05,37.38311549563213
2051,10342,48.97678027989492,0,0,0,0,0,0,0,1,0,3403.883820840816,1.587399297688804e-06,3.848597048716521e-05,47.95478145989981
2052,9623,46.93019622538768,0,0,0,0,0,0,0,1,0,3177.79715366248,1.587399297688804e-06,3.848597048716521e-05,45.90819740535726
2053,10492,50.17128297212772,0,0,0,0,0,0,0,1,0,362.1486809143273,1.587399297688804e-06,3.848597048716521e-05,49.14928415212757
2054,11909,51.98094901678517,0,0,0,0,0,0,0,1,0,1236.959401187965,1.587399297688804e-06,3.848597048716521e-05,50.95895019678512
2055,11380,50.37435163208244,0,0,0,0,0,0,0,1,0,2205.717736619909,1.587399297688804e-06,3.848597048716521e-05,49.35235281208242
2056,6308,29.15386115364685,0,0,0,0,0,0,0,1,0,3.188701003913642,1.587399297688804e-06,3.848597048716521e-05,28.13186233364687
2057,10247,49.8786396521012,0,0,0,0,0,0,0,1,0,5720.744404826952,1.587399297688804e-06,3.848597048716521e-05,48.85664083210109
2058,4279,20.35151213991773,0,0,0,0,0,0,0,1,0,1435.897391550177,1.587399297688804e-06,3.848597048716521e-05,19.32951331994735
2059,6883,31.16782361530105,0,0,0,0,0,0,0,1,0,1192.041292899382,1.587399297688804e-06,3.848597048716521e-05,30.14582479530108
2060,5394,23.34534267663035,0,0,0,0,0,0,0,1,0,145.7253121897315,1.587399297688804e-06,3.848597048716521e-05,22.32334385663033
2061,7863,39.27545695255418,0,0,0,0,0,0,0,1,0,1099.139204871005,1.587399297688804e-06,3.848597048716521e-05,38.25345813247784
2062,5283,23.44116423149825,0,0,0,0,0,0,0,1,0,2533.52735984328,1.587399297688804e-06,3.848597048716521e-05,22.41916541149823
2063,8002,33.9422914916631,0,0,0,0,0,0,0,1,0,8.788759063718759,1.587399297688804e-06,3.848597048716521e-05,32.92029267166304
2064,7487,35.87943679490719,0,0,0,0,0,0,0,1,0,51.94675737300375,1.587399297688804e-06,3.848597048716521e-05,34.85743797484683
2065,11404,53.088419980359,0,0,0,0,0,0,0,1,0,3595.443817915504,1.587399297688804e-06,3.848597048716521e-05,52.06642116035889
2066,11442,52.43628362793273,0,0,0,0,0,0,0,1,0,4817.409354165942,1.587399297688804e-06,3.848597048716521e-05,51.41428480793252
2067,7304,34.25892700231988,0,0,0,0,0,0,0,1,0,697.2891756628037,1.587399297688804e-06,3.848597048716521e-05,33.23692818231973
2068,7665,35.17247161433896,0,0,0,0,0,0,0,1,0,35.35937056861362,1.587399297688804e-06,3.848597048716521e-05,34.15047279433897
2069,8888,41.27225822151733,0,0,0,0,0,0,0,1,0,6162.425313134768,1.587399297688804e-06,3.848597048716521e-05,40.25025940151727
2070,10917,53.28092838235154,0,0,0,0,0,0,0,1,0,1003.325891359454,1.587399297688804e-06,3.848597048716521e-05,52.25892956250426
2071,5553,23.2944379574074,0,0,0,0,0,0,0,1,0,4630.070286211235,1.587399297688804e-06,3.848597048716521e-05,22.27243913740738
2072,7725,34.73709755861824,0,0,0,0,0,0,0,1,0,6198.024367140046,1.587399297688804e-06,3.848597048716521e-05,33.71509873867613
2073,7634,38.28359309889449,0,0,0,0,0,0,0,1,0,467.6148981983431,1.587399297688804e-06,3.848597048716521e-05,37.26159427889438
2074,4955,23.69102450092163,0,0,0,0,0,0,0,1,0,3346.818139532162,1.587399297688804e-06,3.848597048716521e-05,22.66902568092164
2075,5255,29.99632453632338,0,0,0,0,0,0,0,1,0,4547.188943943148,1.587399297688804e-06,3.848597048716521e-05,28.97432571632026
2076,8163,36.39161859887712,0,0,0,0,0,0,0,1,0,546.9586462683901,1.587399297688804e-06,3.848597048716521e-05,35.36961977887704
2077,8737,39.64373473454926,0,0,0,0,0,0,0,1,0,196.9764550713529,1.587399297688804e-06,3.848597048716521e-05,38.62173591454916
2078,8129,34.1758522586552,0,0,0,0,0,0,0,1,0,4332.551557843321,1.587399297688804e-06,3.848597048716521e-05,33.15385343865516
2079,3676,16.06802667434262,0,0,0,0,0,0,0,1,0,4273.312400063183,1.587399297688804e-06,3.848597048716521e-05,15.04602785434263
2080,9104,44.29820503983514,0,0,0,0,0,0,0,1,0,4273.761194708967,1.587399297688804e-06,3.848597048716521e-05,43.27620621984006
2081,10752,46.46106149700807,0,0,0,0,0,0,0,1,0,57.27161242027845,1.587399297688804e-06,3.848597048716521e-05,45.43906267700793
2082,9325,41.40554697366177,0,0,0,0,0,0,0,1,0,5064.490618781196,1.587399297688804e-06,3.848597048716521e-05,40.38354815366176
2083,10345,51.73776647071978,0,0,0,0,0,0,0,1,0,1169.565050445757,1.587399297688804e-06,3.848597048716521e-05,50.71576765071967
2084,2977,14.44402630858162,0,0,0,0,0,0,0,1,0,712.2077893553263,1.587399297688804e-06,3.848597048716521e-05,13.4220274885816
2085,11612,51.95705359823162,0,0,0,0,0,0,0,1,0,1790.852606933772,1.587399297688804e-06,3.848597048716521e-05,50.9350547782315
2086,5421,25.00546503159939,0,0,0,0,0,0,0,1,0,139.3544085437231,1.587399297688804e-06,3.848597048716521e-05,23.98346621159937
2087,8083,37.3248079335698,0,0,0,0,0,0,0,1,0,850.0497751156205,1.587399297688804e-06,3.848597048716521e-05,36.3028091135697
2088,0,1e-06,0,0,0,0,0,0,0,0,0,12190.34329808515,1.587399297688804e-06,3.848597048716521e-05,-1
2089,10708,51.52549367820293,0,0,0,0,0,0,0,1,0,300.4986735890023,1.587399297688804e-06,3.848597048716521e-05,50.50349485820284
2090,11109,48.52751215638656,0,0,0,0,0,0,0,1,0,365.9850559471719,1.587399297688804e-06,3.848597048716521e-05,47.50551333638649
2091,1356,7.703361286679184,0,0,0,0,0,0,0,1,0,416.9279557895314,1.587399297688804e-06,3.848597048716521e-05,6.681362466679193
2092,9987,45.14704190983868,0,0,0,0,0,0,0,1,0,2842.241143071132,1.587399297688804e-06,3.848597048716521e-05,44.12504308983861
2093,10342,48.33224863265691,0,0,0,0,0,0,0,1,0,302.4850019438828,1.587399297688804e-06,3.848597048716521e-05,47.31024981265674
2094,6176,28.74385730454685,0,0,0,0,0,0,0,1,0,2478.347662202617,1.587399297688804e-06,3.848597048716521e-05,27.72185848414779
2095,9137,39.54934921968496,0,0,0,0,0,0,0,1,0,1125.334159490736,1.587399297688804e-06,3.848597048716521e-05,38.52735039968484
2096,10710,49.22875910781024,0,0,0,0,0,0,0,1,0,2489.201585976396,1.587399297688804e-06,3.848597048716521e-05,48.20676028801368
2097,2563,14.23912777467184,0,0,0,0,0,0,0,1,0,225.060921485908,1.587399297688804e-06,3.848597048716521e-05,13.21712895467185
2098,7894,37.45612509171028,0,0,0,0,0,0,0,1,0,337.6839626998661,1.587399297688804e-06,3.848597048716521e-05,36.43412627171018
2099,10418,45.96903911518048,0,0,0,0,0,0,0,1,0,1287.622689042314,1.587399297688804e-06,3.848597048716521e-05,44.94704029518043
2100,7841,33.29645933479433,0,0,0,0,0,0,0,1,0,1223.588077434991,1.587399297688804e-06,3.848597048716521e-05,32.27446051479424
2101,9620,44.20913982798356,0,0,0,0,0,0,0,1,0,6573.627684093425,1.587399297688804e-06,3.848597048716521e-05,43.18714100798341
2102,10088,46.74849824999347,0,0,0,0,0,0,0,1,0,550.9378942265162,1.587399297688804e-06,3.848597048716521e-05,45.72649942989865
2103,7641,36.69065331415724,0,0,0,0,0,0,0,1,0,945.7747222584934,1.587399297688804e-06,3.848597048716521e-05,35.66865449415722
2104,6331,32.13292638464328,0,0,0,0,0,0,0,1,0,672.8312132784642,1.587399297688804e-06,3.848597048716521e-05,31.11092756464326
2105,10306,45.29537909218394,0,0,0,0,0,0,0,1,0,890.9406295529278,1.587399297688804e-06,3.848597048716521e-05,44.27338027218392
2106,4901,24.38359356560658,0,0,0,0,0,0,0,1,0,2764.538135016963,1.587399297688804e-06,3.848597048716521e-05,23.36159474568326
2107,5379,26.6092734574919,0,0,0,0,0,0,0,1,0,2053.466441596524,1.587399297688804e-06,3.848597048716521e-05,25.5872746374919
2108,9575,46.97318017332904,0,0,0,0,0,0,0,1,0,1175.967040354554,1.587399297688804e-06,3.848597048716521e-05,45.95118135332894
2109,11398,49.71492224501593,0,0,0,0,0,0,0,1,0,3569.105767583312,1.587399297688804e-06,3.848597048716521e-05,48.69292342501593
2110,12026,52.78491961392109,0,0,0,0,0,0,0,1,0,2966.196909663347,1.587399297688804e-06,3.848597048716521e-05,51.76292079392104
2111,4685,22.02623596759115,0,0,0,0,0,0,0,1,0,173.7332464558433,1.587399297688804e-06,3.848597048716521e-05,21.00423714759118
2112,8682,42.36987715187215,0,0,0,0,0,0,0,1,0,604.2029157244956,1.587399297688804e-06,3.848597048716521e-05,41.34787833187195
2113,7193,34.86005053500165,0,0,0,0,0,0,0,1,0,539.0556110371492,1.587399297688804e-06,3.848597048716521e-05,33.83805171500162
2114,6767,31.91623599804626,0,0,0,0,0,0,0,1,0,2704.356184768171,1.587399297688804e-06,3.848597048716521e-05,30.89423717804624
2115,4785,22.37750834170908,0,0,0,0,0,0,0,1,0,2670.11429858932,1.587399297688804e-06,3.848597048716521e-05,21.35550952170907
2116,5350,24.88377656508287,0,0,0,0,0,0,0,1,0,1444.975121681666,1.587399297688804e-06,3.848597048716521e-05,23.86177774508286
2117,6587,31.36293422633067,0,0,0,0,0,0,0,1,0,623.1468833257495,1.587399297688804e-06,3.848597048716521e-05,30.34093540633069
2118,5743,24.69327126573364,0,0,0,0,0,0,0,1,0,718.0109808598447,1.587399297688804e-06,3.848597048716521e-05,23.67127244573363
2119,8696,42.1828150862473,0,0,0,0,1,0,0,1,0,1449.147798393489,1.587399297688804e-06,3.848597048716521e-05,41.16081626624703
2120,8570,38.10618996609708,0,0,0,0,0,0,0,1,0,475.9486267247337,1.587399297688804e-06,3.848597048716521e-05,37.08419114609702
2121,3703,17.47283790732417,0,0,0,0,0,0,0,1,0,10.86501944313323,1.587399297688804e-06,3.848597048716521e-05,16.45083908732415
2122,10448,46.50769027675818,0,0,0,0,0,0,0,1,0,3872.521557958749,1.587399297688804e-06,3.848597048716521e-05,45.48569145675796
2123,8349,39.92193039535688,0,0,0,0,0,0,0,1,0,2309.250070680358,1.587399297688804e-06,3.848597048716521e-05,38.89993157535675
2124,9263,43.03889677421938,0,0,0,0,0,0,0,1,0,2876.177750143013,1.587399297688804e-06,3.848597048716521e-05,42.01689795421925
2125,8340,39.68208831415445,0,0,0,0,0,0,0,1,0,1247.681617549154,1.587399297688804e-06,3.848597048716521e-05,38.66008949415448
2126,2528,13.88133899723917,0,0,0,0,0,0,0,1,0,3648.223990485727,1.587399297688804e-06,3.848597048716521e-05,12.85934017723916
2127,2424,12.01611291067145,0,0,0,0,0,0,0,1,0,436.8325672862414,1.587399297688804e-06,3.848597048716521e-05,10.99411409067145
2128,8689,40.59053614499797,0,0,0,0,0,0,0,1,0,3887.245136121063,1.587399297688804e-06,3.848597048716521e-05,39.5685373249979
2129,4880,22.36974413113369,0,0,0,0,0,0,0,1,0,2572.837327330836,1.587399297688804e-06,3.848597048716521e-05,21.34774531113369
2130,768,6.489518080660321,0,0,0,0,0,0,0,1,0,5366.981626933418,1.587399297688804e-06,3.848597048716521e-05,5.467519260660318
2131,11105,51.06590521532875,0,0,0,0,0,0,0,1,0,2388.75445143387,1.587399297688804e-06,3.848597048716521e-05,50.04390639532869
2132,11104,51.8229194484173,0,0,0,0,0,0,0,1,0,1237.128427553024,1.587399297688804e-06,3.848597048716521e-05,50.80092062824781
2133,11699,52.8746553531554,0,0,0,0,0,0,0,1,0,9.843668438111855,1.587399297688804e-06,3.848597048716521e-05,51.85265653315527
2134,9533,43.73796476072771,0,0,0,0,0,0,0,1,0,3171.319024599793,1.587399297688804e-06,3.848597048716521e-05,42.71596594072768
2135,5031,23.9151987151774,0,0,0,0,0,0,0,1,0,2175.702980052712,1.587399297688804e-06,3.848597048716521e-05,22.8931998951774
2136,10715,50.31650998270283,0,0,0,0,0,0,0,1,0,6610.84504764131,1.587399297688804e-06,3.848597048716521e-05,49.29451116277795
2137,7952,36.87633483484252,0,0,0,0,0,0,0,1,0,1663.964103691004,1.587399297688804e-06,3.848597048716521e-05,35.85433601484257
2138,8217,37.90832910184122,0,0,0,0,0,0,0,1,0,1582.916066938273,1.587399297688804e-06,3.848597048716521e-05,36.8863302818412
2139,7416,34.12123219875685,0,0,0,0,0,0,0,1,0,2927.567001538946,1.587399297688804e-06,3.848597048716521e-05,33.09923337875675
2140,5861,28.32477842118885,0,0,0,0,0,0,0,1,0,3665.145126601255,1.587399297688804e-06,3.848597048716521e-05,27.30277960118889
2141,7893,36.54281410173967,0,0,0,0,0,0,0,1,0,1888.860104464123,1.587399297688804e-06,3.848597048716521e-05,35.52081528173961
2142,9956,46.03163680521203,0,0,0,0,0,0,0,1,0,873.4280535485523,1.587399297688804e-06,3.848597048716521e-05,45.00963798521188
2143,6943,33.71601164844886,0,0,0,0,0,0,0,1,0,1263.255921949907,1.587399297688804e-06,3.848597048716521e-05,32.69401282844876
2144,9339,47.33595245443612,0,0,0,0,0,0,0,1,0,2340.469934622904,1.587399297688804e-06,3.848597048716521e-05,46.31395363443602
2145,7237,31.71567418670817,0,0,0,0,0,0,0,1,0,617.4092310138376,1.587399297688804e-06,3.848597048716521e-05,30.69367536670814
2146,7852,35.00971861307303,0,0,0,0,0,0,0,1,0,5322.054566553153,1.587399297688804e-06,3.848597048716521e-05,33.98771979307288
2147,10357,43.89781750737438,0,0,0,0,0,0,0,1,0,520.1301535505763,1.587399297688804e-06,3.848597048716521e-05,42.87581868737433
2148,9083,45.75699576258963,0,0,0,0,0,0,0,1,0,136.7643712404233,1.587399297688804e-06,3.848597048716521e-05,44.73499694241746
2149,6187,28.46355012488779,0,0,0,0,0,0,0,1,0,6203.146463616507,1.587399297688804e-06,3.848597048716521e-05,27.44155130488781
2150,6884,33.76631951812189,0,0,0,0,0,0,0,1,0,435.5007290598193,1.587399297688804e-06,3.848597048716521e-05,32.74432069793726
2151,5897,26.40751110999734,0,0,0,0,0,0,0,1,0,3527.024818983994,1.587399297688804e-06,3.848597048716521e-05,25.38551228999731
2152,11707,52.40292208404065,0,0,0,0,0,0,0,1,0,5890.283084290725,1.587399297688804e-06,3.848597048716521e-05,51.38092326404063
2153,8938,39.35721383030506,0,0,0,0,0,0,0,1,0,1984.723363009415,1.587399297688804e-06,3.848597048716521e-05,38.33521501030497
2154,6969,33.48344002126218,0,0,0,0,0,0,0,1,0,1458.304848197738,1.587399297688804e-06,3.848597048716521e-05,32.46144120126213
2155,6246,32.77370414827173,0,0,0,0,0,0,0,1,0,829.1390484789214,1.587399297688804e-06,3.848597048716521e-05,31.75170532828117
2156,7027,32.04901294308733,0,0,0,0,0,0,0,1,0,4673.522793169215,1.587399297688804e-06,3.848597048716521e-05,31.02701412308731
2157,8323,38.48762649545954,0,0,0,0,0,0,0,1,0,3491.036125212425,1.587399297688804e-06,3.848597048716521e-05,37.46562767543975
2158,8943,39.90563913534001,0,0,0,0,0,0,0,1,0,1485.841878322446,1.587399297688804e-06,3.848597048716521e-05,38.88364031533995
2159,10578,48.26853690533851,0,0,0,0,0,0,0,1,0,27.5428204770584,1.587399297688804e-06,3.848597048716521e-05,47.24653808533847
2160,9692,43.63637326980437,0,0,0,0,0,0,0,1,0,2796.683046132309,1.587399297688804e-06,3.848597048716521e-05,42.61437444980425
2161,6726,30.01888880650962,0,0,0,0,0,0,0,1,0,266.3123089314552,1.587399297688804e-06,3.848597048716521e-05,28.99688998650964
2162,10725,52.75054927291714,0,0,0,0,0,0,0,1,0,5787.224647206465,1.587399297688804e-06,3.848597048716521e-05,51.72855045291698
2163,8257,37.21934864833187,0,0,0,0,0,0,0,1,0,1286.34987683818,1.587399297688804e-06,3.848597048716521e-05,36.19734982833189
2164,9352,45.18859637976207,0,0,0,0,0,0,0,1,0,2851.203355856911,1.587399297688804e-06,3.848597048716521e-05,44.16659755976193
2165,9054,43.04541678997136,0,0,0,0,0,0,0,1,0,3061.455926181746,1.587399297688804e-06,3.848597048716521e-05,42.0234179699713
2166,8979,41.68419044750981,0,0,0,0,0,0,0,1,0,37.46113609811621,1.587399297688804e-06,3.848597048716521e-05,40.66219162750983
2167,5856,30.09815469279837,0,0,0,0,0,0,0,1,0,1534.66148111845,1.587399297688804e-06,3.848597048716521e-05,29.07615587279831
2168,5738,28.61253508729158,0,0,0,0,0,0,0,1,0,580.2034457511306,1.587399297688804e-06,3.848597048716521e-05,27.59053626729158
2169,6466,30.5626221317852,0,0,0,0,0,0,0,1,0,3210.862162429728,1.587399297688804e-06,3.848597048716521e-05,29.54062331178522
2170,3350,16.60228762340261,0,0,0,0,0,0,0,1,0,266.7554280276102,1.587399297688804e-06,3.848597048716521e-05,15.58028880340262
2171,7771,37.29892527916185,0,0,0,0,0,0,0,1,0,2945.599770306114,1.587399297688804e-06,3.848597048716521e-05,36.27692645916174
2172,11941,53.07903522479739,0,0,0,0,0,0,0,1,0,2853.706573952732,1.587399297688804e-06,3.848597048716521e-05,52.05703640479734
2173,6745,33.82712510082963,0,0,0,0,0,0,0,1,0,1943.624339182261,1.587399297688804e-06,3.848597048716521e-05,32.80512628092247
2174,7969,34.93029249285115,0,0,0,0,0,0,0,1,0,122.5395264374406,1.587399297688804e-06,3.848597048716521e-05,33.90829367285103
2175,4972,22.45657931516284,0,0,0,0,0,0,0,1,0,1573.680784172763,1.587399297688804e-06,3.848597048716521e-05,21.43458049516286
2176,8143,37.90709482875177,0,0,0,0,0,0,0,1,0,6053.275900755575,1.587399297688804e-06,3.848597048716521e-05,36.88509600875172
2177,5667,26.63188723204098,0,0,0,0,0,0,0,1,0,2374.895165107892,1.587399297688804e-06,3.848597048716521e-05,25.60988841204099
2178,8517,43.55209361549488,0,0,0,0,0,0,0,1,0,3218.954562858915,1.587399297688804e-06,3.848597048716521e-05,42.53009479549478
2179,11256,53.18694095197699,0,0,0,0,0,0,0,1,0,1085.790664773549,1.587399297688804e-06,3.848597048716521e-05,52.16494213197678
2180,9529,42.60238447044663,0,0,0,0,0,0,0,1,0,1073.524227051274,1.587399297688804e-06,3.848597048716521e-05,41.58038565044661
2181,10668,47.71707678030753,0,0,0,0,0,0,0,1,0,4057.364629784208,1.587399297688804e-06,3.848597048716521e-05,46.69507796030743
2182,8806,41.20910125806603,0,0,0,0,0,0,0,1,0,612.9644818761933,1.587399297688804e-06,3.848597048716521e-05,40.18710243806605
2183,9064,44.6729069407458,0,0,0,0,0,0,0,1,0,2861.442758783387,1.587399297688804e-06,3.848597048716521e-05,43.65090812074574
2184,10238,49.2317047107843,0,0,0,0,0,0,0,1,0,969.576791980753,1.587399297688804e-06,3.848597048716521e-05,48.20970589078421
2185,3800,17.27862909495914,0,0,0,0,0,0,0,1,0,3691.722899982082,1.587399297688804e-06,3.848597048716521e-05,16.25663027495915
2186,8634,37.24039841655542,0,0,0,0,0,0,0,1,0,1384.598122325441,1.587399297688804e-06,3.848597048716521e-05,36.21839959655534
2187,6307,30.01407678388791,0,0,0,0,0,0,0,1,0,75.06157325621848,1.587399297688804e-06,3.848597048716521e-05,28.99207796389472
2188,10461,46.31285868132743,0,0,0,0,0,0,0,1,0,3871.593934558161,1.587399297688804e-06,3.848597048716521e-05,45.29085986132741
2189,11680,52.17807111224155,0,0,0,0,0,0,0,1,0,6432.716745617252,1.587399297688804e-06,3.848597048716521e-05,51.15607229224147
2190,6283,27.23987420750436,0,0,0,0,0,0,0,1,0,1114.862768398079,1.587399297688804e-06,3.848597048716521e-05,26.21787538750437
2191,11289,48.9938233329261,0,0,0,0,0,0,0,1,0,2355.883973934011,1.587399297688804e-06,3.848597048716521e-05,47.97182451292606
2192,0,1e-06,0,0,0,0,0,0,0,0,0,12435.74464741396,1.587399297688804e-06,3.848597048716521e-05,-1
2193,6761,28.55721033358464,0,0,0,0,0,0,0,1,0,313.5254185048353,1.587399297688804e-06,3.848597048716521e-05,27.53521151358468
2194,11751,50.71190209900342,0,0,0,0,0,0,0,1,0,740.6755344895063,1.587399297688804e-06,3.848597048716521e-05,49.68990327900329
2195,10790,48.58245036849198,0,0,0,0,0,0,0,1,0,1576.563530860359,1.587399297688804e-06,3.848597048716521e-05,47.56045154861385
2196,4759,22.94142597855728,0,0,0,0,0,0,0,1,0,5687.395940112618,1.587399297688804e-06,3.848597048716521e-05,21.91942715855729
2197,7548,37.24634969697684,0,0,0,0,0,0,0,1,0,388.8594267016054,1.587399297688804e-06,3.848597048716521e-05,36.22435087697674
2198,3611,19.37374270320308,0,0,0,0,0,0,0,1,0,952.3605828050656,1.587399297688804e-06,3.848597048716521e-05,18.35174388320305
2199,8528,38.29450612563553,0,0,0,0,0,0,0,1,0,4581.8243403877,1.587399297688804e-06,3.848597048716521e-05,37.27250730577413
2200,10610,49.85746285409562,0,0,0,0,0,0,0,1,0,1273.755345199827,1.587399297688804e-06,3.848597048716521e-05,48.83546403409549
2201,10057,45.98195162410029,0,0,0,0,0,0,0,1,0,333.9744917791348,1.587399297688804e-06,3.848597048716521e-05,44.95995280421785
2202,9439,43.69494404715618,0,0,0,0,0,0,0,1,0,4404.414333933082,1.587399297688804e-06,3.848597048716521e-05,42.67294522715607
2203,8011,35.42705917043935,0,0,0,0,1,0,0,1,0,482.5569574877904,1.587399297688804e-06,3.848597048716521e-05,34.40506035048411
2204,9271,42.48564502765606,0,0,0,0,0,0,0,1,0,3647.062257280612,1.587399297688804e-06,3.848597048716521e-05,41.46364620765596
2205,8021,36.34870673696264,0,0,0,0,0,0,0,1,0,8902.115898233718,1.587399297688804e-06,3.848597048716521e-05,35.32670791696253
2206,10849,49.43574975042711,0,0,0,0,0,0,0,1,0,4895.065321402013,1.587399297688804e-06,3.848597048716521e-05,48.41375093042704
2207,11360,52.96292048055336,0,0,0,0,0,0,0,1,0,182.6780780971201,1.587399297688804e-06,3.848597048716521e-05,51.94092166055333
2208,7919,38.77754819976634,0,0,0,0,0,0,0,1,0,1020.248695103647,1.587399297688804e-06,3.848597048716521e-05,37.75554937976631
2209,8846,38.90723075811346,0,0,0,0,0,0,0,1,0,2001.760228117786,1.587399297688804e-06,3.848597048716521e-05,37.8852319381134
2210,9611,45.03364918604748,0,0,0,0,0,0,0,1,0,3950.665088882225,1.587399297688804e-06,3.848597048716521e-05,44.01165036605217
2211,1667,8.673048723857548,0,0,0,0,0,0,0,1,0,550.4943832522169,1.587399297688804e-06,3.848597048716521e-05,7.651049903857541
2212,5809,27.6688242293353,0,0,0,0,0,0,0,1,0,450.2918066020446,1.587399297688804e-06,3.848597048716521e-05,26.64682540933527
2213,8870,42.61000986456956,0,0,0,0,0,0,0,1,0,1427.480994586243,1.587399297688804e-06,3.848597048716521e-05,41.58801104456953
2214,9626,45.66830043803915,0,0,0,0,0,0,0,1,0,1886.269500445346,1.587399297688804e-06,3.848597048716521e-05,44.64630161803906
2215,9364,40.29746407001971,0,0,0,0,0,0,0,1,0,1227.260743347199,1.587399297688804e-06,3.848597048716521e-05,39.27546525001959
2216,6216,33.10972522459417,0,0,0,0,0,0,0,1,0,4074.346776921112,1.587399297688804e-06,3.848597048716521e-05,32.08772640459004
2217,10130,47.45264044288248,0,0,0,0,0,0,0,1,0,5928.656637368803,1.587399297688804e-06,3.848597048716521e-05,46.4306416228823
2218,4834,23.9279990204929,0,0,0,0,0,0,0,1,0,1042.122722382938,1.587399297688804e-06,3.848597048716521e-05,22.90600020049288
2219,9517,41.8231694597005,0,0,0,0,0,0,0,1,0,5400.000695693206,1.587399297688804e-06,3.848597048716521e-05,40.8011706397005
2220,9767,45.62224193493454,0,0,0,0,0,0,0,1,0,805.1546143251902,1.587399297688804e-06,3.848597048716521e-05,44.60024311493459
2221,10497,45.76423897007128,0,0,0,0,0,0,0,1,0,3302.622032535721,1.587399297688804e-06,3.848597048716521e-05,44.74224015007132
2222,11177,48.18023992528767,0,0,0,0,0,0,0,1,0,3887.847248528521,1.587399297688804e-06,3.848597048716521e-05,47.15824110528767
2223,11564,49.35042441453004,0,0,0,0,0,0,0,1,0,2733.093267396645,1.587399297688804e-06,3.848597048716521e-05,48.32842559452993
2224,8471,42.5459435108412,0,0,0,0,0,0,0,1,0,3619.400735899575,1.587399297688804e-06,3.848597048716521e-05,41.52394469084106
2225,11617,52.87424245821258,0,0,0,0,0,0,0,1,0,3528.735253663649,1.587399297688804e-06,3.848597048716521e-05,51.85224363821255
2226,1475,7.618959355115297,0,0,0,0,0,0,0,1,0,384.905823991196,1.587399297688804e-06,3.848597048716521e-05,6.596960535115307
2227,7581,33.46960563749163,0,0,0,0,0,0,0,1,0,9583.233859244134,1.587399297688804e-06,3.848597048716521e-05,32.4476068174916
2228,4672,22.20028200978759,0,0,0,0,0,0,0,1,0,1754.693064542141,1.587399297688804e-06,3.848597048716521e-05,21.17828318978759
2229,8657,38.83252372153666,0,0,0,0,0,0,0,1,0,1954.231116803052,1.587399297688804e-06,3.848597048716521e-05,37.81052490153656
2230,8811,38.43455001636281,0,0,0,0,0,0,0,1,0,4437.174389330171,1.587399297688804e-06,3.848597048716521e-05,37.41255119636273
2231,3506,16.61364881928419,0,0,0,0,0,0,0,1,0,1931.886483150972,1.587399297688804e-06,3.848597048716521e-05,15.5916499992842
2232,4701,24.57982154677443,0,0,0,0,0,0,0,1,0,3220.541106058445,1.587399297688804e-06,3.848597048716521e-05,23.5578227267744
2233,9113,42.29736772862388,0,0,0,0,0,0,0,1,0,3095.885462316025,1.587399297688804e-06,3.848597048716521e-05,41.27536890865559
2234,9180,43.41573214902503,0,0,0,0,0,0,0,1,0,398.8275333344075,1.587399297688804e-06,3.848597048716521e-05,42.39373332902497
2235,4955,21.8905842742811,0,0,0,0,0,0,0,1,0,8476.65621703511,1.587399297688804e-06,3.848597048716521e-05,20.8685854542811
2236,10279,47.38608047681589,0,0,0,0,0,0,0,1,0,333.8384543233075,1.587399297688804e-06,3.848597048716521e-05,46.3640816568157
2237,8584,39.65798206907602,0,0,0,0,0,0,0,1,0,1921.5467493223,1.587399297688804e-06,3.848597048716521e-05,38.63598324907598
2238,10893,52.71046308910718,0,0,0,0,0,0,0,1,0,1887.504003321368,1.587399297688804e-06,3.848597048716521e-05,51.68846426925613
2239,9063,41.01710731137581,0,0,0,0,0,0,0,1,0,543.2403733104391,1.587399297688804e-06,3.848597048716521e-05,39.99510849137575
2240,8983,43.69472962724294,0,0,0,0,0,0,0,1,0,4353.520911978675,1.587399297688804e-06,3.848597048716521e-05,42.67273080724285
2241,8176,38.83405100178704,0,0,0,0,0,0,0,1,0,1133.261586838458,1.587399297688804e-06,3.848597048716521e-05,37.81205218176686
2242,3609,18.99663321762834,0,0,0,0,0,0,0,1,0,1086.460724448237,1.587399297688804e-06,3.848597048716521e-05,17.97463439762831
2243,9632,42.94032013438569,0,0,0,0,0,0,0,1,0,3880.584527929786,1.587399297688804e-06,3.848597048716521e-05,41.91832131438555
2244,11536,52.70200012988786,0,0,0,0,0,0,0,1,0,387.4426627000444,1.587399297688804e-06,3.848597048716521e-05,51.68000130988771
2245,12251,51.73160719767565,0,0,0,0,0,0,0,1,0,1492.237151208787,1.587399297688804e-06,3.848597048716521e-05,50.70960837767548
2246,12138,52.83799867636754,0,0,0,0,0,0,0,1,0,4462.369194368506,1.587399297688804e-06,3.848597048716521e-05,51.81599985636751
2247,6271,30.75012936272643,0,0,0,0,0,0,0,1,0,1301.762467312931,1.587399297688804e-06,3.848597048716521e-05,29.72813054272643
2248,9803,46.77519819302785,0,0,0,0,0,0,0,1,0,360.8512849328059,1.587399297688804e-06,3.848597048716521e-05,45.75319937302768
2249,10912,49.34614242029109,0,0,0,0,0,0,0,1,0,458.6942031826043,1.587399297688804e-06,3.848597048716521e-05,48.32414360029088
2250,5242,26.93074933361276,0,0,0,0,0,0,0,1,0,1862.589133593541,1.587399297688804e-06,3.848597048716521e-05,25.90875051361277
2251,7421,32.26373391503297,0,0,0,0,0,0,0,1,0,1339.424172442969,1.587399297688804e-06,3.848597048716521e-05,31.24173509503298
2252,6072,27.73204965662486,0,0,0,0,0,0,0,1,0,307.7481505601708,1.587399297688804e-06,3.848597048716521e-05,26.71005083662488
2253,7825,38.22703183612499,0,0,0,0,0,0,0,1,0,580.3334074304026,1.587399297688804e-06,3.848597048716521e-05,37.20503301612493
2254,6483,31.7872709034277,0,0,0,0,0,0,0,1,0,33.73102035322309,1.587399297688804e-06,3.848597048716521e-05,30.76527208342768
2255,7810,35.21580509461123,0,0,0,0,0,0,0,1,0,379.1125793845361,1.587399297688804e-06,3.848597048716521e-05,34.19380627461116
2256,7955,36.08350994590537,0,0,0,0,0,0,0,1,0,54.6685182535298,1.587399297688804e-06,3.848597048716521e-05,35.06151112590528
2257,5951,29.83222810667065,0,0,0,0,0,0,0,1,0,8213.730563117073,1.587399297688804e-06,3.848597048716521e-05,28.81022928667061
2258,8274,36.54954240497151,0,0,0,0,0,0,0,1,0,2102.46133417022,1.587399297688804e-06,3.848597048716521e-05,35.52754358497147
2259,11030,48.32879356561513,0,0,0,0,0,0,0,1,0,1595.838543412577,1.587399297688804e-06,3.848597048716521e-05,47.30679474561508
2260,7669,35.32368118935116,0,0,0,0,0,0,0,1,0,322.8508748007404,1.587399297688804e-06,3.848597048716521e-05,34.30168236935106
2261,8718,39.88232542989336,0,0,0,0,0,0,0,1,0,415.4931886368622,1.587399297688804e-06,3.848597048716521e-05,38.86032660989328
2262,8391,41.84486376559521,0,0,0,0,0,0,0,1,0,4420.467465437259,1.587399297688804e-06,3.848597048716521e-05,40.82286494545742
2263,5219,25.23526907480823,0,0,0,0,0,0,0,1,0,51.14933011968466,1.587399297688804e-06,3.848597048716521e-05,24.21327025480819
2264,7423,34.3555461705877,0,0,0,0,0,0,0,1,0,102.1013695006843,1.587399297688804e-06,3.848597048716521e-05,33.33354735058763
2265,4944,23.03277658291762,0,0,0,0,0,0,0,1,0,427.6946591199271,1.587399297688804e-06,3.848597048716521e-05,22.01077776291759
2266,9343,43.89063673276905,0,0,0,0,0,0,0,1,0,3179.356380044776,1.587399297688804e-06,3.848597048716521e-05,42.86863791288904
2267,8276,41.96198574655708,0,0,0,0,0,0,0,1,0,870.4422142072581,1.587399297688804e-06,3.848597048716521e-05,40.93998692655702
2268,8583,41.43926473388559,0,0,0,0,0,0,0,1,0,4532.927373333366,1.587399297688804e-06,3.848597048716521e-05,40.41726591388552
2269,10979,51.39045127371013,0,0,0,0,0,0,0,1,0,2990.048534700704,1.587399297688804e-06,3.848597048716521e-05,50.36845245370998
2270,4662,22.98845032085576,0,0,0,0,0,0,0,1,0,630.7046179258651,1.587399297688804e-06,3.848597048716521e-05,21.96645150085577
2271,7051,32.90227302492225,0,0,0,0,0,0,0,1,0,288.5094403934623,1.587399297688804e-06,3.848597048716521e-05,31.88027420492222
2272,4938,23.27617248030223,0,0,0,0,0,0,0,1,0,21.22381490444534,1.587399297688804e-06,3.848597048716521e-05,22.25417366030219
2273,7558,37.18356262149461,0,0,0,0,0,0,0,1,0,6460.64883962469,1.587399297688804e-06,3.848597048716521e-05,36.16156380149455
2274,5898,26.75842852226268,0,0,0,0,0,0,0,1,0,4334.347749473597,1.587399297688804e-06,3.848597048716521e-05,25.73642970226266
2275,10930,49.80728638057554,0,0,0,0,0,0,0,1,0,157.7043759636659,1.587399297688804e-06,3.848597048716521e-05,48.7852875605754
2276,7452,37.82267904818059,0,0,0,0,0,0,0,1,0,1037.226846162276,1.587399297688804e-06,3.848597048716521e-05,36.8006802281805
2277,6974,29.89140542639595,0,0,0,0,0,0,0,1,0,955.3782762316337,1.587399297688804e-06,3.848597048716521e-05,28.86940660639596
2278,11099,48.67792713735693,0,0,0,0,0,0,0,1,0,745.9050583498749,1.587399297688804e-06,3.848597048716521e-05,47.65592831735686
2279,8862,38.91846638074501,0,0,0,0,0,0,0,1,0,2396.162180534562,1.587399297688804e-06,3.848597048716521e-05,37.89646756074495
2280,2840,12.80831742425194,0,0,0,0,0,0,0,1,0,259.8334585318072,1.587399297688804e-06,3.848597048716521e-05,11.78631860425197
2281,5513,24.28842158312859,0,0,0,0,0,0,0,1,0,2301.793146144001,1.587399297688804e-06,3.848597048716521e-05,23.26642276312859
2282,7702,36.51359084369243,0,0,0,0,0,0,0,1,0,2371.65957273297,1.587399297688804e-06,3.848597048716521e-05,35.49159202369586
2283,3488,18.93775441434063,0,0,0,0,0,0,0,1,0,1329.472162388701,1.587399297688804e-06,3.848597048716521e-05,17.91575559431323
2284,8377,35.47677972151507,0,0,0,0,0,0,0,1,0,5938.417146378158,1.587399297688804e-06,3.848597048716521e-05,34.45478090151505
2285,8274,36.92748460158251,0,0,0,0,0,0,0,1,0,4209.040357668015,1.587399297688804e-06,3.848597048716521e-05,35.90548578158248
2286,5212,24.49179914572439,0,0,0,0,0,0,0,1,0,6043.202076166947,1.587399297688804e-06,3.848597048716521e-05,23.46980032572436
2287,10082,48.52409297034769,0,0,0,0,0,0,0,1,0,4292.26116506866,1.587399297688804e-06,3.848597048716521e-05,47.50209415034757
2288,10972,48.7356336187645,0,0,0,0,0,0,0,1,0,50.92189836314645,1.587399297688804e-06,3.848597048716521e-05,47.7136347987644
2289,4479,20.92837806428984,0,0,0,0,0,0,0,1,0,404.0449975617088,1.587399297688804e-06,3.848597048716521e-05,19.90637924428977
2290,6850,34.29027584709358,0,0,0,0,0,0,0,1,0,2824.163652035326,1.587399297688804e-06,3.848597048716521e-05,33.2682770270936
2291,6501,35.01031423460974,0,0,0,0,0,0,0,1,0,6139.53030398676,1.587399297688804e-06,3.848597048716521e-05,33.98831541460906
2292,3061,13.90526806918281,0,0,0,0,0,0,0,1,0,6593.684731910358,1.587399297688804e-06,3.848597048716521e-05,12.8832692491828
2293,10187,45.6409044698776,0,0,0,0,0,0,0,1,0,8235.358553380731,1.587399297688804e-06,3.848597048716521e-05,44.6189056498774
2294,9569,41.58645237669657,0,0,0,0,0,0,0,1,0,6024.045538143125,1.587399297688804e-06,3.848597048716521e-05,40.56445355669649
2295,5120,24.93248191977041,0,0,0,0,0,0,0,1,0,5146.287150610744,1.587399297688804e-06,3.848597048716521e-05,23.91048309977038
2296,8296,35.85494100916763,0,0,0,0,0,0,0,1,0,1980.764953068755,1.587399297688804e-06,3.848597048716521e-05,34.83294218916757
2297,11607,51.6230450469151,0,0,0,0,0,0,0,1,0,469.0867500890347,1.587399297688804e-06,3.848597048716521e-05,50.60104622691507
2298,10719,47.62950619975212,0,0,0,0,0,0,0,1,0,334.1870441012454,1.587399297688804e-06,3.848597048716521e-05,46.60750737975212
2299,11830,52.63437716458906,0,0,0,0,0,0,0,1,0,2795.037384024614,1.587399297688804e-06,3.848597048716521e-05,51.61237834458896
2300,4782,23.65471579177734,0,0,0,0,0,0,0,1,0,2876.314332038528,1.587399297688804e-06,3.848597048716521e-05,22.63271697177731
2301,7353,34.26843219131658,0,0,0,0,0,0,0,1,0,995.5710695069389,1.587399297688804e-06,3.848597048716521e-05,33.24643337131651
2302,7925,38.29794471206056,0,0,0,0,0,0,0,1,0,4779.799019674328,1.587399297688804e-06,3.848597048716521e-05,37.27594589209224
2303,8445,40.60061311559338,0,0,0,0,0,0,0,1,0,2190.954345120247,1.587399297688804e-06,3.848597048716521e-05,39.57861429559332
2304,8889,42.68733669210719,0,0,0,0,0,0,0,1,0,1252.49517114819,1.587399297688804e-06,3.848597048716521e-05,41.66533787250908
2305,4637,20.46795083024182,0,0,0,0,0,0,0,1,0,188.3065738398589,1.587399297688804e-06,3.848597048716521e-05,19.44595201024178
2306,9608,42.90391484951958,0,0,0,0,0,0,0,1,0,4551.341767945323,1.587399297688804e-06,3.848597048716521e-05,41.88191602951947
2307,11274,49.35474767987363,0,0,0,0,0,0,0,1,0,453.1183067630002,1.587399297688804e-06,3.848597048716521e-05,48.33274885987351
2308,3764,17.88104694013744,0,0,0,0,0,0,0,1,0,2328.833207560178,1.587399297688804e-06,3.848597048716521e-05,16.85904812013747
2309,6795,32.56317400210786,0,0,0,0,0,0,0,1,0,3728.584429955055,1.587399297688804e-06,3.848597048716521e-05,31.54117518210778
2310,6578,29.40674758934387,0,0,0,0,0,0,0,1,0,262.1665122487781,1.587399297688804e-06,3.848597048716521e-05,28.38474876934386
2311,12162,51.35257072183806,0,0,0,0,0,0,0,1,0,3426.250817868203,1.587399297688804e-06,3.848597048716521e-05,50.33057190183792
2312,5700,23.60221088784268,0,0,0,0,0,0,0,1,0,4546.625382285988,1.587399297688804e-06,3.848597048716521e-05,22.58021206784264
2313,10437,47.06346838346261,0,0,0,0,0,0,0,1,0,1461.44997815431,1.587399297688804e-06,3.848597048716521e-05,46.04146956346251
2314,11003,48.2549752478882,0,0,0,0,0,0,0,1,0,243.7891663857338,1.587399297688804e-06,3.848597048716521e-05,47.23297642788803
2315,8071,35.27481412741363,0,0,0,0,0,0,0,1,0,4042.763535800954,1.587399297688804e-06,3.848597048716521e-05,34.25281530741358
2316,5305,25.58567507819978,0,0,0,0,0,0,0,1,0,1765.667265423354,1.587399297688804e-06,3.848597048716521e-05,24.56367625819978
2317,619,4.430795574395199,0,0,0,0,0,0,0,1,0,2658.027727250932,1.587399297688804e-06,3.848597048716521e-05,3.408796754395201
2318,7200,29.68952895497354,0,0,0,0,0,0,0,1,0,1601.106417154703,1.587399297688804e-06,3.848597048716521e-05,28.66753013497352
2319,10525,48.28346302902673,0,0,0,0,0,0,0,1,0,5551.927221199046,1.587399297688804e-06,3.848597048716521e-05,47.26146420902664
2320,10885,46.67446292014642,0,0,0,0,0,0,0,1,0,791.270274423797,1.587399297688804e-06,3.848597048716521e-05,45.65246410014641
2321,4800,22.63426584260799,0,0,0,0,0,0,0,1,0,1281.153330303507,1.587399297688804e-06,3.848597048716521e-05,21.61226702260797
2322,9788,49.49500869354966,0,0,0,0,0,0,0,1,0,4665.566937360632,1.587399297688804e-06,3.848597048716521e-05,48.47300987309639
2323,9828,42.72901303024828,0,0,0,0,0,0,0,1,0,925.5026606223613,1.587399297688804e-06,3.848597048716521e-05,41.70701421024828
2324,11002,52.83036693905817,0,0,0,0,0,0,0,1,0,1241.666579556306,1.587399297688804e-06,3.848597048716521e-05,51.80836811905809
2325,9840,46.39188020143079,0,0,0,0,0,0,0,1,0,437.9218887053471,1.587399297688804e-06,3.848597048716521e-05,45.3698813814369
2326,9617,46.13829544391569,0,0,0,0,0,0,0,1,0,6875.999331175344,1.587399297688804e-06,3.848597048716521e-05,45.11629662391561
2327,7244,32.06682478656617,0,0,0,0,0,0,0,1,0,4985.06125707204,1.587399297688804e-06,3.848597048716521e-05,31.04482596656611
2328,3056,13.97381549475855,0,0,0,0,0,0,0,1,0,412.644972347037,1.587399297688804e-06,3.848597048716521e-05,12.95181667475854
2329,11220,50.52524381961118,0,0,0,0,0,0,0,1,0,3457.197657006313,1.587399297688804e-06,3.848597048716521e-05,49.50324499961111
2330,10831,46.27791941670162,0,0,0,0,0,0,0,1,0,3150.186917722674,1.587399297688804e-06,3.848597048716521e-05,45.25592059670161
2331,8278,37.4129026433754,0,0,0,0,0,0,0,1,0,503.8353396770604,1.587399297688804e-06,3.848597048716521e-05,36.39090382337523
2332,8440,35.80868874131475,0,0,0,0,0,0,0,1,0,1660.449024681904,1.587399297688804e-06,3.848597048716521e-05,34.78668992131469
2333,8624,41.27776100141192,0,0,0,0,0,0,0,1,0,5157.203436391701,1.587399297688804e-06,3.848597048716521e-05,40.2557621814119
2334,5036,26.57227179434991,0,0,0,0,0,0,0,1,0,3097.021069627028,1.587399297688804e-06,3.848597048716521e-05,25.55027297434988
2335,8352,39.27885980991679,0,0,0,0,0,0,0,1,0,230.3490692768248,1.587399297688804e-06,3.848597048716521e-05,38.25686098991679
2336,11383,51.98914072888053,0,0,0,0,0,0,0,1,0,2267.801743234661,1.587399297688804e-06,3.848597048716521e-05,50.96714190888926
2337,5408,25.66952971116175,0,0,0,0,0,0,0,1,0,2863.969350099547,1.587399297688804e-06,3.848597048716521e-05,24.64753089116178
2338,4572,21.2141233219169,0,0,0,0,0,0,0,1,0,2521.033517212641,1.587399297688804e-06,3.848597048716521e-05,20.19212450191689
2339,9625,42.46493528093798,0,0,0,0,0,0,0,1,0,524.4512362211603,1.587399297688804e-06,3.848597048716521e-05,41.44293646093789
2340,9204,43.69153128836514,0,0,0,0,0,0,0,1,0,1681.790788299591,1.587399297688804e-06,3.848597048716521e-05,42.66953246898166
2341,4845,22.92408255055148,0,0,0,0,0,0,0,1,0,1816.069092226609,1.587399297688804e-06,3.848597048716521e-05,21.90208373055148
2342,11243,50.71944180402829,0,0,0,0,0,0,0,1,0,4858.803016068705,1.587399297688804e-06,3.848597048716521e-05,49.69744298402819
2343,0,1e-06,0,0,0,0,0,0,0,0,0,13925.62807944219,1.587399297688804e-06,3.848597048716521e-05,-1
2344,6709,33.00782841177317,0,0,0,0,0,0,0,1,0,688.6545572897078,1.587399297688804e-06,3.848597048716521e-05,31.98582959176628
2345,11546,53.02169156740545,0,0,0,0,0,0,0,1,0,899.1592369629558,1.587399297688804e-06,3.848597048716521e-05,51.99969274740535
2346,5500,26.68048715214209,0,0,0,0,0,0,0,1,0,1052.140184614998,1.587399297688804e-06,3.848597048716521e-05,25.65848833214209
2347,6116,27.70424071897676,0,0,0,0,0,0,0,1,0,329.3224753551501,1.587399297688804e-06,3.848597048716521e-05,26.68224189897673
2348,7259,32.87004392845861,0,0,0,0,0,0,0,1,0,269.4173135012666,1.587399297688804e-06,3.848597048716521e-05,31.8480451084586
2349,8228,37.30052690430948,0,0,0,0,0,0,0,1,0,1607.652653776175,1.587399297688804e-06,3.848597048716521e-05,36.27852808430937
2350,9117,43.52134613111701,0,0,0,0,0,0,0,1,0,3216.665999438711,1.587399297688804e-06,3.848597048716521e-05,42.49934731111694
2351,3175,15.38768724097716,0,0,0,0,0,0,0,1,0,890.0694555354088,1.587399297688804e-06,3.848597048716521e-05,14.36568842097717
2352,6409,28.29489694332682,0,0,0,0,0,0,0,1,0,983.6878140963091,1.587399297688804e-06,3.848597048716521e-05,27.27289812332682
2353,11550,50.08309755514829,0,0,0,0,0,0,0,1,0,1755.088737463882,1.587399297688804e-06,3.848597048716521e-05,49.0610987351483
2354,6505,31.36886674722432,0,0,0,0,0,0,0,1,0,5621.056110507421,1.587399297688804e-06,3.848597048716521e-05,30.34686792722431
2355,8258,36.37115165766723,0,0,0,0,0,0,0,1,0,1562.602315994103,1.587399297688804e-06,3.848597048716521e-05,35.34915283766721
2356,9648,43.96838398124636,0,0,0,0,0,0,0,1,0,323.4724240307452,1.587399297688804e-06,3.848597048716521e-05,42.94638516124636
2357,10131,50.37112631992827,0,0,0,0,0,0,0,1,0,3891.894325034823,1.587399297688804e-06,3.848597048716521e-05,49.34912749992819
2358,11058,49.6751269371698,0,0,0,0,0,0,0,1,0,543.7880832079322,1.587399297688804e-06,3.848597048716521e-05,48.65312811716978
2359,10033,42.13779522176299,0,0,0,0,0,0,0,1,0,440.2822241286571,1.587399297688804e-06,3.848597048716521e-05,41.11579640176301
2360,8682,41.69938737582345,0,0,0,0,0,0,0,1,0,1806.866881262068,1.587399297688804e-06,3.848597048716521e-05,40.67738855582338
2361,7498,35.75152473765598,0,0,0,0,0,0,0,1,0,661.1758638466014,1.587399297688804e-06,3.848597048716521e-05,34.72952591765598
2362,3894,17.06010473068502,0,0,0,0,0,0,0,1,0,3513.067497244724,1.587399297688804e-06,3.848597048716521e-05,16.03810591068502
2363,7457,34.87041988916565,0,0,0,0,0,0,0,1,0,8017.206422505635,1.587399297688804e-06,3.848597048716521e-05,33.84842106916561
2364,6524,31.48680929535911,0,0,0,0,0,0,0,1,0,1194.305608711018,1.587399297688804e-06,3.848597048716521e-05,30.46481047535909
2365,7783,36.82992946405358,0,0,0,0,0,0,0,1,0,772.0297866900432,1.587399297688804e-06,3.848597048716521e-05,35.80793064419817
2366,4704,23.96782185692237,0,0,0,0,0,0,0,1,0,2497.636368581351,1.587399297688804e-06,3.848597048716521e-05,22.94582303692231
2367,11121,49.21471587752995,0,0,0,0,0,0,0,1,0,1075.421181007484,1.587399297688804e-06,3.848597048716521e-05,48.1927170574656
2368,5527,29.38633704206927,0,0,0,0,0,0,0,1,0,1087.518446205596,1.587399297688804e-06,3.848597048716521e-05,28.36433822207983
2369,9564,42.13360569096638,0,0,0,0,0,0,0,1,0,1121.374405785274,1.587399297688804e-06,3.848597048716521e-05,41.11160687096624
2370,10442,47.04597165808876,0,0,0,0,0,0,0,1,0,4869.431407227518,1.587399297688804e-06,3.848597048716521e-05,46.0239728380886
2371,9934,43.49771283506472,0,0,0,0,0,0,0,1,0,114.9922357041994,1.587399297688804e-06,3.848597048716521e-05,42.47571401506459
2372,10977,50.11228318299038,0,0,0,0,0,0,0,1,0,1602.735981537679,1.587399297688804e-06,3.848597048716521e-05,49.09028436299026
2373,7956,36.43391479180539,0,0,0,0,0,0,0,1,0,202.3202075242351,1.587399297688804e-06,3.848597048716521e-05,35.41191597180536
2374,0,1e-06,0,0,0,0,0,0,0,0,0,14316.5185428011,1.587399297688804e-06,3.848597048716521e-05,-1
2375,4395,19.65022248539238,0,0,0,0,0,0,0,1,0,4202.730126189633,1.587399297688804e-06,3.848597048716521e-05,18.62822366539238
2376,7656,41.07022384198493,0,0,0,0,0,0,0,1,0,513.2327416670573,1.587399297688804e-06,3.848597048716521e-05,40.04822502080248
2377,9520,42.88265214937022,0,0,0,0,0,0,0,1,0,1107.288819037189,1.587399297688804e-06,3.848597048716521e-05,41.86065332955511
2378,9204,45.24012510361575,0,0,0,0,0,0,0,1,0,170.9576479298905,1.587399297688804e-06,3.848597048716521e-05,44.21812628361573
2379,7824,37.30801017553139,0,0,0,0,0,0,0,1,0,1310.657193010631,1.587399297688804e-06,3.848597048716521e-05,36.28601135553131
2380,10157,49.6940565771048,0,0,0,0,0,0,0,1,0,2189.67081512006,1.587399297688804e-06,3.848597048716521e-05,48.67205775710474
2381,10189,46.34182967381978,0,0,0,0,0,0,0,1,0,4277.309278772477,1.587399297688804e-06,3.848597048716521e-05,45.31983085381961
2382,9202,44.03666506221109,0,0,0,0,0,0,0,1,0,4174.309516769668,1.587399297688804e-06,3.848597048716521e-05,43.01466624196834
2383,8163,37.8759910684549,0,0,0,0,0,0,0,1,0,4882.119096411361,1.587399297688804e-06,3.848597048716521e-05,36.85399224845478
2384,8768,40.79503999295962,0,0,0,0,0,0,0,1,0,1466.022085259632,1.587399297688804e-06,3.848597048716521e-05,39.77304117295953
2385,10534,45.92673578599847,0,0,0,0,0,0,0,1,0,984.7457574385392,1.587399297688804e-06,3.848597048716521e-05,44.90473696599838
2386,8946,41.2517437876344,0,0,0,0,0,0,0,1,0,3118.963334264859,1.587399297688804e-06,3.848597048716521e-05,40.22974496763425
2387,8212,39.99850140942248,0,0,0,0,0,0,0,1,0,74.39860594878415,1.587399297688804e-06,3.848597048716521e-05,38.97650258942245
2388,10669,48.19396951432458,0,0,0,0,0,0,0,1,0,4093.513378008255,1.587399297688804e-06,3.848597048716521e-05,47.17197069432439
2389,4181,18.81228659719263,0,0,0,0,0,0,0,1,0,1227.482048926837,1.587399297688804e-06,3.848597048716521e-05,17.79028777719264
2390,10127,44.59076587583581,0,0,0,0,0,0,0,1,0,2449.014803348161,1.587399297688804e-06,3.848597048716521e-05,43.56876705583568
2391,5688,26.87552937847324,0,0,0,0,0,0,0,1,0,2590.194595102396,1.587399297688804e-06,3.848597048716521e-05,25.85353055847322
2392,9429,42.8229260300375,0,0,0,0,0,0,0,1,0,3599.42037064281,1.587399297688804e-06,3.848597048716521e-05,41.80092721003741
2393,10637,48.73674092862945,0,0,0,0,0,0,0,1,0,809.4603685070497,1.587399297688804e-06,3.848597048716521e-05,47.71474210862948
2394,6492,31.72850223526412,0,0,0,0,0,0,0,1,0,355.8983310982076,1.587399297688804e-06,3.848597048716521e-05,30.7065034152641
2395,7799,33.86389596060966,0,0,0,0,0,0,0,1,0,1660.890549110323,1.587399297688804e-06,3.848597048716521e-05,32.8418971406096
2396,9521,43.77515816889672,0,0,0,0,0,0,0,1,0,5078.917286077181,1.587399297688804e-06,3.848597048716521e-05,42.75315934918134
2397,6225,29.02462454225459,0,0,0,0,0,0,0,1,0,4127.510685473138,1.587399297688804e-06,3.848597048716521e-05,28.00262572225457
2398,8829,42.74305283137803,0,0,0,0,0,0,0,1,0,4523.031727931067,1.587399297688804e-06,3.848597048716521e-05,41.72105401137787
2399,3098,14.98230317916673,0,0,0,0,0,0,0,1,0,3756.07536913619,1.587399297688804e-06,3.848597048716521e-05,13.96030435916672
2400,8457,39.26191407313135,0,0,0,0,0,0,0,1,0,497.8386743229103,1.587399297688804e-06,3.848597048716521e-05,38.23991525313131
2401,11952,51.44930680443507,0,0,0,0,0,0,0,1,0,1479.997635314667,1.587399297688804e-06,3.848597048716521e-05,50.42730798443493
2402,10091,48.57533188469463,0,0,0,0,0,0,0,1,0,2962.057990437459,1.587399297688804e-06,3.848597048716521e-05,47.55333306470174
2403,10320,49.28556879314565,0,0,0,0,0,0,0,1,0,1287.791670610936,1.587399297688804e-06,3.848597048716521e-05,48.26356997314566
2404,8447,39.61574780680864,0,0,0,0,0,0,0,1,0,1169.649330208214,1.587399297688804e-06,3.848597048716521e-05,38.59374898680857
2405,10794,48.12275633720778,0,0,0,0,0,0,0,1,0,88.01917219053402,1.587399297688804e-06,3.848597048716521e-05,47.10075751720778
2406,5937,27.09067320123735,0,0,0,0,0,0,0,1,0,762.97092676101,1.587399297688804e-06,3.848597048716521e-05,26.06867438123734
2407,3205,17.92005564198249,0,0,0,0,0,0,0,1,0,5459.109341573401,1.587399297688804e-06,3.848597048716521e-05,16.89805682198277
2408,9620,45.43156263048284,0,0,0,0,0,0,0,1,0,360.8807358155001,1.587399297688804e-06,3.848597048716521e-05,44.40956381048279
2409,8807,40.17481863854845,0,0,0,0,0,0,0,1,0,266.2063227947679,1.587399297688804e-06,3.848597048716521e-05,39.15281981854839
2410,9958,46.58085196163182,0,0,0,0,0,0,0,1,0,2639.210590067984,1.587399297688804e-06,3.848597048716521e-05,45.55885314152016
2411,4204,20.48659789656713,0,0,0,0,0,0,0,1,0,3428.048411384636,1.587399297688804e-06,3.848597048716521e-05,19.4645990765671
2412,8789,38.82122435340791,0,0,0,0,0,0,0,1,0,1362.250342938773,1.587399297688804e-06,3.848597048716521e-05,37.79922553340783
2413,7878,33.75910906220712,0,0,0,0,0,0,0,1,0,1397.485201420002,1.587399297688804e-06,3.848597048716521e-05,32.7371102422071
2414,7579,35.39537083228297,0,0,0,0,0,0,0,1,0,50.33733775434974,1.587399297688804e-06,3.848597048716521e-05,34.37337201228289
2415,11107,50.75724422825382,0,0,0,0,0,0,0,1,0,2545.356914293201,1.587399297688804e-06,3.848597048716521e-05,49.73524540825377
2416,2856,14.45891535254175,0,0,0,0,0,0,0,1,0,752.3122356226567,1.587399297688804e-06,3.848597048716521e-05,13.43691653254174
2417,4809,22.93092349028197,0,0,0,0,0,0,0,1,0,3.042035424199185,1.587399297688804e-06,3.848597048716521e-05,21.90892467028196
2418,9601,41.57208865312623,0,0,0,0,0,0,0,1,0,550.3167649953422,1.587399297688804e-06,3.848597048716521e-05,40.55008983312613
2419,11557,50.08850960002831,0,0,0,0,0,0,0,1,0,3378.428846811449,1.587399297688804e-06,3.848597048716521e-05,49.06651078002825
2420,7840,36.47334391133271,0,0,0,0,0,0,0,1,0,4635.076831384558,1.587399297688804e-06,3.848597048716521e-05,35.45134509133256
2421,0,1e-06,0,0,0,0,0,0,0,0,0,10746.73071788365,1.587399297688804e-06,3.848597048716521e-05,-1
2422,9680,45.91414505283539,0,0,0,0,0,0,0,1,0,3897.933074322545,1.587399297688804e-06,3.848597048716521e-05,44.89214623283527
2423,9007,45.86879797252642,0,0,0,0,0,0,0,1,0,440.8921217784139,1.587399297688804e-06,3.848597048716521e-05,44.84679915252629
2424,5448,26.65915679761597,0,0,0,0,0,0,0,1,0,1359.143024335809,1.587399297688804e-06,3.848597048716521e-05,25.63715797761596
2425,9631,41.32551689638314,0,0,0,0,0,0,0,1,0,902.6287106889922,1.587399297688804e-06,3.848597048716521e-05,40.30351807638301
2426,5640,27.04280061589707,0,0,0,0,1,0,0,1,0,964.7557931479256,1.587399297688804e-06,3.848597048716521e-05,26.02080179590168
2427,9578,42.09559674219509,0,0,0,0,0,0,0,1,0,2834.176873427234,1.587399297688804e-06,3.848597048716521e-05,41.07359792219503
2428,6685,28.04028414728926,0,0,0,0,0,0,0,1,0,4988.956981216441,1.587399297688804e-06,3.848597048716521e-05,27.01828532728929
2429,10662,48.89592773570602,0,0,0,0,0,0,0,1,0,1847.902290081287,1.587399297688804e-06,3.848597048716521e-05,47.8739289157059
2430,5098,23.94178788437568,0,0,0,0,0,0,0,1,0,1393.062746313494,1.587399297688804e-06,3.848597048716521e-05,22.91978906437568
2431,12289,52.87596256573659,0,0,0,0,0,0,0,1,0,7693.970179316222,1.587399297688804e-06,3.848597048716521e-05,51.85396374573658
2432,10482,50.82832192214406,0,0,0,0,0,0,0,1,0,1579.853545326506,1.587399297688804e-06,3.848597048716521e-05,49.80632310214389
2433,6554,32.42405479935758,0,0,0,0,0,0,0,1,0,2059.081988021481,1.587399297688804e-06,3.848597048716521e-05,31.40205597935756
2434,7202,33.5772735887939,0,0,0,0,0,0,0,1,0,32.93752190382632,1.587399297688804e-06,3.848597048716521e-05,32.55527476879389
2435,11429,49.18378170029097,0,0,0,0,0,0,0,1,0,85.73659841445954,1.587399297688804e-06,3.848597048716521e-05,48.16178288029084
2436,0,1e-06,0,0,0,0,0,0,0,0,0,11078.16378707828,1.587399297688804e-06,3.848597048716521e-05,-1
2437,3624,16.06306858774958,0,0,0,0,0,0,0,1,0,3530.978753877465,1.587399297688804e-06,3.848597048716521e-05,15.04106976774957
2438,9570,42.22641185626679,0,0,0,0,0,0,0,1,0,578.4618628143323,1.587399297688804e-06,3.848597048716521e-05,41.20441303624033
2439,6659,30.94963081850656,0,0,0,0,0,0,0,1,0,6636.307836517026,1.587399297688804e-06,3.848597048716521e-05,29.92763199850658
2440,6158,28.30323365881691,0,0,0,0,0,0,0,1,0,353.4434640408949,1.587399297688804e-06,3.848597048716521e-05,27.28123483881691
2441,8105,34.81844231969225,0,0,0,0,0,0,0,1,0,2866.874738251127,1.587399297688804e-06,3.848597048716521e-05,33.79644349969215
2442,4165,20.23190736021126,0,0,0,0,0,0,0,1,0,2424.222274024881,1.587399297688804e-06,3.848597048716521e-05,19.20990854021126
2443,6213,27.93404477075728,0,0,0,0,0,0,0,1,0,2155.489836244933,1.587399297688804e-06,3.848597048716521e-05,26.91204595075729
2444,6911,35.29771372709589,0,0,0,0,0,0,0,1,0,6912.258942664885,1.587399297688804e-06,3.848597048716521e-05,34.27571490709636
2445,6889,31.54814749621822,0,0,0,0,0,0,0,1,0,823.9025816813511,1.587399297688804e-06,3.848597048716521e-05,30.52614867621826
2446,8570,36.69915927953795,0,0,0,0,0,0,0,1,0,1766.302430057979,1.587399297688804e-06,3.848597048716521e-05,35.67716045953788
2447,7194,33.61307345836158,0,0,0,0,0,0,0,1,0,2025.293549299985,1.587399297688804e-06,3.848597048716521e-05,32.59107463836153
2448,4661,23.34927169798828,0,0,0,0,0,0,0,1,0,1297.452227839947,1.587399297688804e-06,3.848597048716521e-05,22.32727287798827
2449,11021,50.66482620643855,0,0,0,0,0,0,0,1,0,1950.234722005961,1.587399297688804e-06,3.848597048716521e-05,49.64282738643853
2450,5829,26.04046824547415,0,0,0,0,0,0,0,1,0,133.0185689159381,1.587399297688804e-06,3.848597048716521e-05,25.01846942547415
2451,9732,44.89999897362627,0,0,0,0,0,0,0,1,0,2233.304619421599,1.587399297688804e-06,3.848597048716521e-05,43.87800015362614
2452,8715,40.96523851232875,0,0,0,0,0,0,0,1,0,4703.724471754053,1.587399297688804e-06,3.848597048716521e-05,39.94323969232861
2453,11292,49.81505318105668,0,0,0,0,0,0,0,1,0,2544.895117183788,1.587399297688804e-06,3.848597048716521e-05,48.79305436105643
2454,9572,43.92029293717295,0,0,0,0,0,0,0,1,0,2720.700619180916,1.587399297688804e-06,3.848597048716521e-05,42.89829411717283
2455,7585,35.25330955049605,0,0,0,0,0,0,0,1,0,941.9954956163651,1.587399297688804e-06,3.848597048716521e-05,34.23131073049603
2456,3396,17.88397780688546,0,0,0,0,0,0,0,1,0,3872.322126818528,1.587399297688804e-06,3.848597048716521e-05,16.86197898688545
2457,9043,45.63456336351876,0,0,0,0,0,0,0,1,0,1007.131281791781,1.587399297688804e-06,3.848597048716521e-05,44.61256454351854
2458,10166,46.48051455055993,0,0,0,0,0,0,0,1,0,1882.259146953434,1.587399297688804e-06,3.848597048716521e-05,45.4585157305598
2459,5358,24.01198390451088,0,0,0,0,0,0,0,1,0,1957.30465679496,1.587399297688804e-06,3.848597048716521e-05,22.98998508451088
2460,9685,47.39410031726333,0,0,0,0,0,0,0,1,0,3777.717822634986,1.587399297688804e-06,3.848597048716521e-05,46.37210149726316
2461,8668,39.31807210791025,0,0,0,0,0,0,0,1,0,2236.087247427081,1.587399297688804e-06,3.848597048716521e-05,38.29607328791019
2462,4271,20.9225098799028,0,0,0,0,0,0,0,1,0,504.6025781758238,1.587399297688804e-06,3.848597048716521e-05,19.9005110599028
2463,2090,9.832271840575094,0,0,0,0,0,0,0,1,0,58.20522938866691,1.587399297688804e-06,3.848597048716521e-05,8.810273020575096
2464,6871,31.11998847152537,0,0,0,0,0,0,0,1,0,1394.820010217431,1.587399297688804e-06,3.848597048716521e-05,30.09798965152535
2465,10390,50.22027280483389,0,0,0,0,0,0,0,1,0,1187.534477729354,1.587399297688804e-06,3.848597048716521e-05,49.19827398483381
2466,9594,47.00898393401661,0,0,0,0,0,0,0,1,0,2277.615401274972,1.587399297688804e-06,3.848597048716521e-05,45.98698511401657
2467,6633,34.79858491606142,0,0,0,0,0,0,0,1,0,853.0796075727327,1.587399297688804e-06,3.848597048716521e-05,33.77658609608088
2468,10145,46.65499757331006,0,0,0,0,0,0,0,1,0,204.3238996403342,1.587399297688804e-06,3.848597048716521e-05,45.63299875331125
2469,11395,49.95414496552274,0,0,0,0,0,0,0,1,0,101.2259210013399,1.587399297688804e-06,3.848597048716521e-05,48.93214614552263
2470,6642,34.58262566638276,0,0,0,0,0,0,0,1,0,836.2020597115763,1.587399297688804e-06,3.848597048716521e-05,33.56062684638272
2471,6837,29.99192417303333,0,0,0,0,0,0,0,1,0,1016.240206863369,1.587399297688804e-06,3.848597048716521e-05,28.96992535303335
2472,9577,42.706135229964,0,0,0,0,0,0,0,1,0,78.98655797826032,1.587399297688804e-06,3.848597048716521e-05,41.68413640996393
2473,11663,52.99894829953571,0,0,0,0,0,0,0,1,0,3408.651454186764,1.587399297688804e-06,3.848597048716521e-05,51.97694947951302
2474,8663,37.76112419584818,0,0,0,0,0,0,0,1,0,334.2968138056771,1.587399297688804e-06,3.848597048716521e-05,36.7391253758481
2475,9862,45.14973870307872,0,0,0,0,0,0,0,1,0,1434.04000390692,1.587399297688804e-06,3.848597048716521e-05,44.12773988307863
2476,9250,44.3297768988042,0,0,0,0,0,0,0,1,0,1065.738146516447,1.587399297688804e-06,3.848597048716521e-05,43.30777807880411
2477,9007,41.68253451486044,0,0,0,0,0,0,0,1,0,1072.688272206788,1.587399297688804e-06,3.848597048716521e-05,40.66053569486032
2478,11638,51.21222389058732,0,0,0,0,0,0,0,1,0,422.4009302036196,1.587399297688804e-06,3.848597048716521e-05,50.19022507058732
2479,6386,30.71701781982584,0,0,0,0,0,0,0,1,0,887.8981835785794,1.587399297688804e-06,3.848597048716521e-05,29.69501899982585
2480,4025,19.4652316134639,0,0,0,0,0,0,0,1,0,4514.303954729703,1.587399297688804e-06,3.848597048716521e-05,18.4432327934639
2481,7699,41.58374102667887,0,0,0,0,0,0,0,1,0,660.3204981392753,1.587399297688804e-06,3.848597048716521e-05,40.56174220666815
2482,9623,47.45992934908617,0,0,0,0,0,0,0,1,0,1224.168789374585,1.587399297688804e-06,3.848597048716521e-05,46.43793052908656
2483,8393,42.13177204721705,0,0,0,0,0,0,0,1,0,749.4989782224927,1.587399297688804e-06,3.848597048716521e-05,41.10977322728271
2484,8266,35.6414942977847,0,0,0,0,0,0,0,1,0,251.8179789009236,1.587399297688804e-06,3.848597048716521e-05,34.61949547778476
2485,5292,25.59217845036538,0,0,0,0,0,0,0,1,0,4003.042346242657,1.587399297688804e-06,3.848597048716521e-05,24.57017963036539
2486,9622,42.94164501546355,0,0,0,0,0,0,0,1,0,1279.71618821637,1.587399297688804e-06,3.848597048716521e-05,41.91964619546353
2487,8316,40.72652586692325,0,0,0,0,0,0,0,1,0,5327.830857614586,1.587399297688804e-06,3.848597048716521e-05,39.70452704692313
2488,11657,50.56500560404186,0,0,0,0,0,0,0,1,0,412.3963955419024,1.587399297688804e-06,3.848597048716521e-05,49.54300678400709
2489,9464,45.97953383106321,0,0,0,0,0,0,0,1,0,8.020606021304832,1.587399297688804e-06,3.848597048716521e-05,44.95753501106308
2490,6692,33.10134507011139,0,0,0,0,0,0,0,1,0,5145.421057368861,1.587399297688804e-06,3.848597048716521e-05,32.07934625011131
2491,7442,32.55963573711747,0,0,0,0,0,0,0,1,0,2335.74212936894,1.587399297688804e-06,3.848597048716521e-05,31.53763691711743
2492,6839,29.57876753716321,0,0,0,0,0,0,0,1,0,153.0616515062743,1.587399297688804e-06,3.848597048716521e-05,28.55676871716319
2493,4639,21.72829779828859,0,0,0,0,0,0,0,1,0,1856.681546750586,1.587399297688804e-06,3.848597048716521e-05,20.70629897828861
2494,7134,31.68040779292051,0,0,0,0,0,0,0,1,0,898.5214169859594,1.587399297688804e-06,3.848597048716521e-05,30.65840897292047
2495,10833,49.52635156468898,0,0,0,0,0,0,0,1,0,756.5287368689852,1.587399297688804e-06,3.848597048716521e-05,48.50435274468883
2496,9877,47.95038216270203,0,0,0,0,0,0,0,1,0,432.7029934733335,1.587399297688804e-06,3.848597048716521e-05,46.92838334279824
2497,7531,38.40081369482265,0,0,0,0,0,0,0,1,0,1040.452016490585,1.587399297688804e-06,3.848597048716521e-05,37.37881487479284
2498,11083,52.52681266851467,0,0,0,0,0,0,0,1,0,1186.970606217431,1.587399297688804e-06,3.848597048716521e-05,51.50481384851445
2499,10909,52.64693202542948,0,0,0,0,0,0,0,1,0,1128.643000613808,1.587399297688804e-06,3.848597048716521e-05,51.62493320542937
2500,2773,12.56077836175082,0,0,0,0,0,0,0,1,0,68.60087008678438,1.587399297688804e-06,3.848597048716521e-05,11.53877954175083
2501,11191,49.0653216517882,0,0,0,0,0,0,0,1,0,1121.000564971891,1.587399297688804e-06,3.848597048716521e-05,48.04332283178818
2502,10580,47.16336466882407,0,0,0,0,0,0,0,1,0,1814.980459549194,1.587399297688804e-06,3.848597048716521e-05,46.14136584882398
2503,10225,47.22349651242079,0,0,0,0,0,0,0,1,0,284.1210218973516,1.587399297688804e-06,3.848597048716521e-05,46.2014976924207
2504,7019,32.97046378038289,0,0,0,0,0,0,0,1,0,584.1745856091363,1.587399297688804e-06,3.848597048716521e-05,31.94846496038289
2505,9635,44.6595313292581,0,0,0,0,0,0,0,1,0,5675.430229867457,1.587399297688804e-06,3.848597048716521e-05,43.63753250925799
2506,3649,15.50766543431175,0,0,0,0,0,0,0,1,0,1902.15539912059,1.587399297688804e-06,3.848597048716521e-05,14.48566661431173
2507,9315,44.02896007485854,0,0,0,0,0,0,0,1,0,2427.209962130033,1.587399297688804e-06,3.848597048716521e-05,43.00696125485855
2508,9240,45.02054222994134,0,0,0,0,0,0,0,1,0,491.3491335759907,1.587399297688804e-06,3.848597048716521e-05,43.99854340994118
2509,10910,52.36768237221023,0,0,0,0,0,0,0,1,0,1040.490458442596,1.587399297688804e-06,3.848597048716521e-05,51.34568355221018
2510,10605,49.4294575828004,0,0,0,0,0,0,0,1,0,244.7337743793174,1.587399297688804e-06,3.848597048716521e-05,48.40745876260591
2511,10865,52.37240512832091,0,0,0,0,0,0,0,1,0,4635.413071335085,1.587399297688804e-06,3.848597048716521e-05,51.35040630833758
2512,6603,28.84069565325063,0,0,0,0,0,0,0,1,0,1953.283924160072,1.587399297688804e-06,3.848597048716521e-05,27.81869683325063
2513,7043,30.74366221737937,0,0,0,0,0,0,0,1,0,114.5055808476477,1.587399297688804e-06,3.848597048716521e-05,29.72166339737936
2514,7763,35.2488581358685,0,0,0,0,0,0,0,1,0,530.9909749726305,1.587399297688804e-06,3.848597048716521e-05,34.22685931586845
2515,10165,48.45732767973217,0,0,0,0,0,0,0,1,0,907.1316278704151,1.587399297688804e-06,3.848597048716521e-05,47.43532885973213
2516,7123,30.16314296092339,0,0,0,0,0,0,0,1,0,566.6504362228123,1.587399297688804e-06,3.848597048716521e-05,29.14114414092341
2517,3623,15.60722049601923,0,0,0,0,0,0,0,1,0,349.7180517278285,1.587399297688804e-06,3.848597048716521e-05,14.58522167601924
2518,9501,50.29139923785334,0,0,0,0,0,0,0,1,0,576.2697647687099,1.587399297688804e-06,3.848597048716521e-05,49.26940041785323
2519,9668,46.75233512227882,0,0,0,0,0,0,0,1,0,1801.102926868114,1.587399297688804e-06,3.848597048716521e-05,45.73033630226026
2520,10379,48.7596418311584,0,0,0,0,0,0,0,1,0,1116.934222552537,1.587399297688804e-06,3.848597048716521e-05,47.73764301115833
2521,10106,44.8324938050133,0,0,0,0,0,0,0,1,0,2786.763983401357,1.587399297688804e-06,3.848597048716521e-05,43.81049498501329
2522,6080,33.38364106004476,0,0,0,0,0,0,0,1,0,1128.405007159009,1.587399297688804e-06,3.848597048716521e-05,32.3616422400447
2523,11214,51.15144086277886,0,0,0,0,0,0,0,1,0,1498.718847859851,1.587399297688804e-06,3.848597048716521e-05,50.12944204277873
2524,10401,49.18741303382796,0,0,0,0,0,0,0,1,0,221.055281299674,1.587399297688804e-06,3.848597048716521e-05,48.16541421382789
2525,3237,14.51587390693513,0,0,0,0,0,0,0,1,0,1357.611215915079,1.587399297688804e-06,3.848597048716521e-05,13.49387508693515
2526,7499,33.39606659246914,0,0,0,0,0,0,0,1,0,536.5697174528941,1.587399297688804e-06,3.848597048716521e-05,32.37406777246908
2527,6595,33.3589927501704,0,0,0,0,0,0,0,1,0,6582.398376770549,1.587399297688804e-06,3.848597048716521e-05,32.3369939301704
2528,9879,42.89521806451876,0,0,0,0,0,0,0,1,0,587.4339138210976,1.587399297688804e-06,3.848597048716521e-05,41.87321924451858
2529,7600,35.46836547963954,0,0,0,0,0,0,0,1,0,534.8263344316158,1.587399297688804e-06,3.848597048716521e-05,34.44636665963937
2530,3655,18.82465851702232,0,0,0,0,0,0,0,1,0,661.5125054662248,1.587399297688804e-06,3.848597048716521e-05,17.80265969702232
2531,3747,17.27177796059415,0,0,0,0,0,0,0,1,0,3020.14975709262,1.587399297688804e-06,3.848597048716521e-05,16.24977914059415
2532,7367,36.26664548880493,0,0,0,0,0,0,0,1,0,4.758042764346722,1.587399297688804e-06,3.848597048716521e-05,35.24464666880494
2533,0,1e-06,0,0,0,0,0,0,0,0,0,10511.59206100207,1.587399297688804e-06,3.848597048716521e-05,-1
2534,9438,43.60327730803348,0,0,0,0,0,0,0,1,0,3931.761666494489,1.587399297688804e-06,3.848597048716521e-05,42.58127848785228
2535,7852,37.83037728624047,0,0,0,0,0,0,0,1,0,2043.489072596745,1.587399297688804e-06,3.848597048716521e-05,36.80837846624039
2536,11499,48.85451955408402,0,0,0,0,0,0,0,1,0,4849.394954691932,1.587399297688804e-06,3.848597048716521e-05,47.832520734084
2537,11437,50.09731242661588,0,0,0,0,0,0,0,1,0,163.8395103248927,1.587399297688804e-06,3.848597048716521e-05,49.07531360661598
2538,9270,44.93605370172269,0,0,0,0,0,0,0,1,0,2216.992760306838,1.587399297688804e-06,3.848597048716521e-05,43.91405488172254
2539,5879,28.30846725767818,0,0,0,0,0,0,0,1,0,1747.37014462196,1.587399297688804e-06,3.848597048716521e-05,27.28646843767815
2540,4231,20.02572304654241,0,0,0,0,0,0,0,1,0,3053.560014506719,1.587399297688804e-06,3.848597048716521e-05,19.00372422654237
2541,8216,35.88522986837101,0,0,0,0,0,0,0,1,0,478.8563799505863,1.587399297688804e-06,3.848597048716521e-05,34.86323104837096
2542,9818,43.81707904376283,0,0,0,0,0,0,0,1,0,434.4082733898989,1.587399297688804e-06,3.848597048716521e-05,42.79508022376277
2543,10927,51.38647306945379,0,0,0,0,0,0,0,1,0,802.9639467214718,1.587399297688804e-06,3.848597048716521e-05,50.36447424945374
2544,5319,23.93702985426037,0,0,0,0,0,0,0,1,0,2446.300235788919,1.587399297688804e-06,3.848597048716521e-05,22.91503103426037
2545,10537,50.59570010472179,0,0,0,0,0,0,0,1,0,3567.345507478224,1.587399297688804e-06,3.848597048716521e-05,49.57370128472171
2546,7155,35.17663878173028,0,0,0,0,0,0,0,1,0,411.2901666040274,1.587399297688804e-06,3.848597048716521e-05,34.15463996173017
2547,7040,34.19665034310214,0,0,0,0,0,0,0,1,0,2180.585014358137,1.587399297688804e-06,3.848597048716521e-05,33.17465152310208
2548,6369,27.6594045570718,0,0,0,0,0,0,0,1,0,3219.300796519628,1.587399297688804e-06,3.848597048716521e-05,26.63740573707179
2549,11278,51.98964702694912,0,0,0,0,0,0,0,1,0,1591.574080631141,1.587399297688804e-06,3.848597048716521e-05,50.96764820699442
2550,10381,49.89077520982731,0,0,0,0,0,0,0,1,0,316.6049235518698,1.587399297688804e-06,3.848597048716521e-05,48.8687763898273
2551,0,1e-06,0,0,0,0,0,0,0,0,0,11586.43390352887,1.587399297688804e-06,3.848597048716521e-05,-1
2552,4330,23.19239634530422,0,0,0,0,0,0,0,1,0,3786.024253012193,1.587399297688804e-06,3.848597048716521e-05,22.17039752520586
2553,11800,48.90976706211634,0,0,0,0,0,0,0,1,0,1225.440486814318,1.587399297688804e-06,3.848597048716521e-05,47.88776824211618
2554,6236,30.62162244148627,0,0,0,0,0,0,0,1,0,455.6687334665424,1.587399297688804e-06,3.848597048716521e-05,29.59962362148623
2555,10690,50.53926602346113,0,0,0,0,0,0,0,1,0,824.1279079606545,1.587399297688804e-06,3.848597048716521e-05,49.51726720346104
2556,6777,30.78086277014478,0,0,0,0,0,0,0,1,0,1798.545646627194,1.587399297688804e-06,3.848597048716521e-05,29.75886395014478
2557,1865,9.157377650446195,0,0,0,0,0,0,0,1,0,2025.258779413809,1.587399297688804e-06,3.848597048716521e-05,8.135378830446204
2558,8250,39.6722931540608,0,0,0,0,0,0,0,1,0,7694.318826411179,1.587399297688804e-06,3.848597048716521e-05,38.6502943340606
2559,5295,28.58182542032883,0,0,0,0,0,0,0,1,0,35.12901135097833,1.587399297688804e-06,3.848597048716521e-05,27.55982660032882
2560,4450,22.62582789711141,0,0,0,0,0,0,0,1,0,627.497024121375,1.587399297688804e-06,3.848597048716521e-05,21.60382907711237
2561,2897,13.94503412152672,0,0,0,0,0,0,0,1,0,886.0424117794843,1.587399297688804e-06,3.848597048716521e-05,12.92303530152673
2562,3720,20.60896817282301,0,0,0,0,0,0,0,1,0,198.3204970028684,1.587399297688804e-06,3.848597048716521e-05,19.58696935282297
2563,10606,51.80617250994985,0,0,0,0,0,0,0,1,0,5546.630826466677,1.587399297688804e-06,3.848597048716521e-05,50.7841736900133
2564,3847,17.98223276625278,0,0,0,0,0,0,0,1,0,946.0440720983605,1.587399297688804e-06,3.848597048716521e-05,16.96023394625278
2565,7416,34.56022458031282,0,0,0,0,0,0,0,1,0,616.3815854150026,1.587399297688804e-06,3.848597048716521e-05,33.53822576031281
2566,6380,29.70028562344603,0,0,0,0,0,0,0,1,0,1644.983614351372,1.587399297688804e-06,3.848597048716521e-05,28.67828680344602
2567,7286,33.1145560496411,0,0,0,0,0,0,0,1,0,127.2212850972023,1.587399297688804e-06,3.848597048716521e-05,32.09255722964103
2568,10386,46.58209011199695,0,0,0,0,0,0,0,1,0,210.2530978660308,1.587399297688804e-06,3.848597048716521e-05,45.56009129201313
2569,8538,37.25618570865166,0,0,0,0,0,0,0,1,0,252.9903535845089,1.587399297688804e-06,3.848597048716521e-05,36.23418688908114
2570,11747,51.58141515323675,0,0,0,0,0,0,0,1,0,1786.865229981888,1.587399297688804e-06,3.848597048716521e-05,50.55941633323675
2571,7262,36.74649180687418,0,0,0,0,0,0,0,1,0,2548.412398986615,1.587399297688804e-06,3.848597048716521e-05,35.7244929868742
2572,10923,52.41361162478167,0,0,0,0,0,0,0,1,0,953.9207890708053,1.587399297688804e-06,3.848597048716521e-05,51.39161280484436
2573,7135,30.29448908326954,0,0,0,0,0,0,0,1,0,270.1222953622954,1.587399297688804e-06,3.848597048716521e-05,29.27249026326951
2574,5862,28.62564200564973,0,0,0,0,0,0,0,1,0,1445.181558744995,1.587399297688804e-06,3.848597048716521e-05,27.60364318564969
2575,5903,27.43191766392352,0,0,0,0,0,0,0,1,0,7006.432478140276,1.587399297688804e-06,3.848597048716521e-05,26.4099188439235
2576,11552,52.63845522566211,0,0,0,0,0,0,0,1,0,1182.103158744522,1.587399297688804e-06,3.848597048716521e-05,51.616456405662
2577,7064,31.93631516789455,0,0,0,0,0,0,0,1,0,2044.950312849019,1.587399297688804e-06,3.848597048716521e-05,30.91431634789453
2578,11436,50.13336788160791,0,0,0,0,0,0,0,1,0,1629.894449079109,1.587399297688804e-06,3.848597048716521e-05,49.11136906160788
2579,8960,40.48352936074512,0,0,0,0,0,0,0,1,0,1473.569057462761,1.587399297688804e-06,3.848597048716521e-05,39.46153054073911
2580,6295,31.21338823120709,0,0,0,0,0,0,0,1,0,3999.467060919967,1.587399297688804e-06,3.848597048716521e-05,30.19138941123109
2581,8246,37.22976106304781,0,0,0,0,0,0,0,1,0,781.3326035662521,1.587399297688804e-06,3.848597048716521e-05,36.20776224304774
2582,6596,33.45579636736028,0,0,0,0,0,0,0,1,0,466.0143127715357,1.587399297688804e-06,3.848597048716521e-05,32.43379754747615
2583,9989,44.91036203071937,0,0,0,0,0,0,0,1,0,3046.217565188217,1.587399297688804e-06,3.848597048716521e-05,43.88836321071926
2584,9578,46.02977830618544,0,0,0,0,0,0,0,1,0,577.4832174382301,1.587399297688804e-06,3.848597048716521e-05,45.00777948618532
2585,8603,43.73130705454083,0,0,0,0,0,0,0,1,0,2149.698675511869,1.587399297688804e-06,3.848597048716521e-05,42.70930823454081
2586,8252,35.85731792038265,0,0,0,0,0,0,0,1,0,2376.301270144014,1.587399297688804e-06,3.848597048716521e-05,34.83531910038256
2587,10353,46.32282543703683,0,0,0,0,0,0,0,1,0,322.6957458015501,1.587399297688804e-06,3.848597048716521e-05,45.30082661703673
2588,4764,21.89769209680775,0,0,0,0,0,0,0,1,0,1570.232397361355,1.587399297688804e-06,3.848597048716521e-05,20.87569327680775
2589,8136,37.39964665566854,0,0,0,0,0,0,0,1,0,813.1944409785715,1.587399297688804e-06,3.848597048716521e-05,36.37764783566855
2590,9582,40.93476777881272,0,0,0,0,0,0,0,1,0,439.4309759882862,1.587399297688804e-06,3.848597048716521e-05,39.91276895881271
2591,4194,19.89405446152678,0,0,0,0,0,0,0,1,0,622.3102876059198,1.587399297688804e-06,3.848597048716521e-05,18.87205564152677
2592,4419,21.78049046839056,0,0,0,0,0,0,0,1,0,2840.904004153837,1.587399297688804e-06,3.848597048716521e-05,20.75849164839057
2593,7904,37.38015682607476,0,0,0,0,0,0,0,1,0,2988.927268253432,1.587399297688804e-06,3.848597048716521e-05,36.35815800607474
2594,7375,34.30896994225772,0,0,0,0,0,0,0,1,0,601.3270419617393,1.587399297688804e-06,3.848597048716521e-05,33.28697112225758
2595,10630,47.22407502797473,0,0,0,0,0,0,0,1,0,411.2934327538445,1.587399297688804e-06,3.848597048716521e-05,46.20207620795569
2596,9072,39.46394876293437,0,0,0,0,0,0,0,1,0,49.11923426674356,1.587399297688804e-06,3.848597048716521e-05,38.44194994293432
2597,2449,11.95875463878016,0,0,0,0,0,0,0,1,0,236.9285856043402,1.587399297688804e-06,3.848597048716521e-05,10.93675581878016
2598,6981,32.1550596159835,0,0,0,0,0,0,0,1,0,3052.592241959635,1.587399297688804e-06,3.848597048716521e-05,31.1330607959835
2599,6776,31.83085077177778,0,0,0,0,0,0,0,1,0,2391.200593234044,1.587399297688804e-06,3.848597048716521e-05,30.8088519517778
2600,10652,44.33591835554548,0,0,0,0,0,0,0,1,0,992.2965336492459,1.587399297688804e-06,3.848597048716521e-05,43.31391953554543
2601,7032,31.59447260194374,0,0,0,0,0,0,0,1,0,2203.111686381832,1.587399297688804e-06,3.848597048716521e-05,30.57247378194375
2602,10430,50.59587734135659,0,0,0,0,0,0,0,1,0,1436.984528860651,1.587399297688804e-06,3.848597048716521e-05,49.57387852135641
2603,5062,21.47742204302999,0,0,0,0,0,0,0,1,0,614.1126844695265,1.587399297688804e-06,3.848597048716521e-05,20.45542322302995
2604,11775,52.0673513194996,0,0,0,0,0,0,0,1,0,341.2166091394084,1.587399297688804e-06,3.848597048716521e-05,51.04535249949945
2605,7653,35.53863987877178,0,0,0,0,0,0,0,1,0,2063.690178001037,1.587399297688804e-06,3.848597048716521e-05,34.51664105877173
2606,11096,48.56700641555781,0,0,0,0,0,0,0,1,0,1721.174205941705,1.587399297688804e-06,3.848597048716521e-05,47.54500759555777
2607,7781,37.58595937775618,0,0,0,0,0,0,0,1,0,2721.865883898228,1.587399297688804e-06,3.848597048716521e-05,36.56396055775613
2608,6989,34.11093975284865,0,0,0,0,0,0,0,1,0,892.2215006327422,1.587399297688804e-06,3.848597048716521e-05,33.08894093284853
2609,8041,38.20156114336773,0,0,0,0,0,0,0,1,0,105.6679043215706,1.587399297688804e-06,3.848597048716521e-05,37.17956232336764
2610,6216,28.13048641449518,0,0,0,0,0,0,0,1,0,2061.809743340781,1.587399297688804e-06,3.848597048716521e-05,27.10848759449512
2611,5577,25.52818082046322,0,0,0,0,0,0,0,1,0,1311.342493591307,1.587399297688804e-06,3.848597048716521e-05,24.50618200046319
2612,7797,35.08456610710376,0,0,0,0,0,0,0,1,0,1087.986952656019,1.587399297688804e-06,3.848597048716521e-05,34.06256728710369
2613,8930,48.01935954289521,0,0,0,0,0,0,0,1,0,1951.635149219506,1.587399297688804e-06,3.848597048716521e-05,46.99736072294159
2614,10208,50.30782937928498,0,0,0,0,0,0,0,1,0,1283.484668998039,1.587399297688804e-06,3.848597048716521e-05,49.28583055928498
2615,4441,22.64420699773953,0,0,0,0,0,0,0,1,0,1838.75770988186,1.587399297688804e-06,3.848597048716521e-05,21.62220817773949
2616,5477,23.90022281544738,0,0,0,0,0,0,0,1,0,3810.024650556111,1.587399297688804e-06,3.848597048716521e-05,22.87822399544736
2617,10842,49.39505993976675,0,0,0,0,0,0,0,1,0,433.4914438909045,1.587399297688804e-06,3.848597048716521e-05,48.37306111976665
2618,9338,42.99856089556954,0,0,0,0,0,0,0,1,0,3770.972405893896,1.587399297688804e-06,3.848597048716521e-05,41.97656207556947
2619,4382,20.2086091877321,0,0,0,0,0,0,0,1,0,1533.472644631158,1.587399297688804e-06,3.848597048716521e-05,19.18661036773205
2620,11497,49.74999010758222,0,0,0,0,0,0,0,1,0,3466.600308429989,1.587399297688804e-06,3.848597048716521e-05,48.72799128758214
2621,10600,48.81065750325421,0,0,0,0,0,0,0,1,0,2065.205918914668,1.587399297688804e-06,3.848597048716521e-05,47.78865868325408
2622,7282,35.7055334422157,0,0,0,0,0,0,0,1,0,845.1880845512941,1.587399297688804e-06,3.848597048716521e-05,34.68353462220431
2623,10550,47.33343823621608,0,0,0,0,0,0,0,1,0,2158.014883853654,1.587399297688804e-06,3.848597048716521e-05,46.31143941621602
2624,10783,48.57116043538318,0,0,0,0,0,0,0,1,0,254.7282160047142,1.587399297688804e-06,3.848597048716521e-05,47.54916161538313
2625,10585,45.58211760049275,0,0,0,0,0,0,0,1,0,1463.634075357665,1.587399297688804e-06,3.848597048716521e-05,44.56011878049262
2626,9274,38.18690408582074,0,0,0,0,0,0,0,1,0,944.7760357187653,1.587399297688804e-06,3.848597048716521e-05,37.16490526582064
2627,5549,25.97848301043361,0,0,0,0,0,0,0,1,0,4866.242436276202,1.587399297688804e-06,3.848597048716521e-05,24.95648419043359
2628,8396,37.81266054795739,0,0,0,0,0,0,0,1,0,438.8569748927171,1.587399297688804e-06,3.848597048716521e-05,36.79066172795738
2629,11543,52.07499920983816,0,0,0,0,0,0,0,1,0,2745.00795722537,1.587399297688804e-06,3.848597048716521e-05,51.0530003898381
2630,8713,44.25968768748402,0,0,0,0,0,0,0,1,0,1321.381408074965,1.587399297688804e-06,3.848597048716521e-05,43.23768886748391
2631,10126,45.63923470710482,0,0,0,0,0,0,0,1,0,861.8750589455666,1.587399297688804e-06,3.848597048716521e-05,44.61723588710545
2632,10523,47.85439953630185,0,0,0,0,0,0,0,1,0,435.0138013235795,1.587399297688804e-06,3.848597048716521e-05,46.83240071630181
2633,8634,36.8391648598184,0,0,0,0,0,0,0,1,0,1270.641313552487,1.587399297688804e-06,3.848597048716521e-05,35.81716603981838
2634,8360,39.784716954042,0,0,0,0,0,0,0,1,0,3069.752679820616,1.587399297688804e-06,3.848597048716521e-05,38.76271813404188
2635,6822,31.13260265784373,0,0,0,0,0,0,0,1,0,3365.816910595536,1.587399297688804e-06,3.848597048716521e-05,30.11060383784373
2636,9451,45.18342970484926,0,0,0,0,0,0,0,1,0,4781.959394912122,1.587399297688804e-06,3.848597048716521e-05,44.16143088484924
2637,8612,38.25891982838676,0,0,0,0,0,0,0,1,0,93.28028768934553,1.587399297688804e-06,3.848597048716521e-05,37.23692100838667
2638,8595,39.59661509939932,0,0,0,0,0,0,0,1,0,73.02675224042352,1.587399297688804e-06,3.848597048716521e-05,38.57461627958295
2639,9674,41.87436573350223,0,0,0,0,0,0,0,1,0,82.70867956944662,1.587399297688804e-06,3.848597048716521e-05,40.85236691350211
2640,11174,52.51666066621049,0,0,0,0,0,0,0,1,0,1149.646450316877,1.587399297688804e-06,3.848597048716521e-05,51.49466184621024
2641,4315,23.15422760150309,0,0,0,0,0,0,0,1,0,860.3189614398069,1.587399297688804e-06,3.848597048716521e-05,22.13222878150309
2642,3619,16.51763751246009,0,0,0,0,0,0,0,1,0,4939.221797347893,1.587399297688804e-06,3.848597048716521e-05,15.49563869246007
2643,0,1e-06,0,0,0,0,0,0,0,0,0,10312.84225334399,1.587399297688804e-06,3.848597048716521e-05,-1
2644,8202,36.88410564473376,0,0,0,0,0,0,0,1,0,1603.042043272865,1.587399297688804e-06,3.848597048716521e-05,35.86210682473372
2645,2336,11.04729106538481,0,0,0,0,0,0,0,1,0,1570.868065455079,1.587399297688804e-06,3.848597048716521e-05,10.02529224538479
2646,7945,38.79800878380913,0,0,0,0,0,0,0,1,0,399.5703069216199,1.587399297688804e-06,3.848597048716521e-05,37.77600996380911
2647,5793,25.5929903539349,0,0,0,0,0,0,0,1,0,1539.600183464353,1.587399297688804e-06,3.848597048716521e-05,24.57099153393485
2648,11273,51.91639043163607,0,0,0,0,0,0,0,1,0,564.2127144260337,1.587399297688804e-06,3.848597048716521e-05,50.89439161163587
2649,7725,32.96051055595159,0,0,0,0,0,0,0,1,0,4117.680659068406,1.587399297688804e-06,3.848597048716521e-05,31.93851173595153
2650,8137,39.93791630884279,0,0,0,0,0,0,0,1,0,2030.165450912055,1.587399297688804e-06,3.848597048716521e-05,38.91591749015785
2651,9168,43.67506422294991,0,0,0,0,0,0,0,1,0,1446.389725146079,1.587399297688804e-06,3.848597048716521e-05,42.65306540299034
2652,6381,26.97268903031844,0,0,0,0,0,0,0,1,0,4781.309442255068,1.587399297688804e-06,3.848597048716521e-05,25.95069021031841
2653,10429,47.76701149534374,0,0,0,0,0,0,0,1,0,1043.991127575635,1.587399297688804e-06,3.848597048716521e-05,46.74501267534378
2654,11309,51.14634003619463,0,0,0,0,0,0,0,1,0,1767.948147384419,1.587399297688804e-06,3.848597048716521e-05,50.12434121619454
2655,6865,30.7668681245742,0,0,0,0,0,0,0,1,0,2096.156215557202,1.587399297688804e-06,3.848597048716521e-05,29.74486930457419
2656,10645,49.40477559572383,0,0,0,0,0,0,0,1,0,146.5327857271934,1.587399297688804e-06,3.848597048716521e-05,48.38277677572378
2657,4843,21.69274272634919,0,0,0,0,0,0,0,1,0,2227.380435988335,1.587399297688804e-06,3.848597048716521e-05,20.67074390634919
2658,4979,23.50166828637485,0,0,0,0,0,0,0,1,0,7739.249110363506,1.587399297688804e-06,3.848597048716521e-05,22.47966946637485
2659,6593,33.31527234614428,0,0,0,0,0,0,0,1,0,7436.680311791082,1.587399297688804e-06,3.848597048716521e-05,32.29327352613877
2660,5286,21.82982280069681,0,0,0,0,0,0,0,1,0,166.617773700746,1.587399297688804e-06,3.848597048716521e-05,20.80782398069677
2661,7829,34.89468173103812,0,0,0,0,0,0,0,1,0,3406.345837690822,1.587399297688804e-06,3.848597048716521e-05,33.87268291103806
2662,10414,49.50242475222562,0,0,0,0,0,0,0,1,0,2261.85467472446,1.587399297688804e-06,3.848597048716521e-05,48.48042593222557
2663,4680,25.53136466685662,0,0,0,0,0,0,0,1,0,5414.189340611628,1.587399297688804e-06,3.848597048716521e-05,24.50936584685664
2664,6145,31.92877788968477,0,0,0,0,0,0,0,1,0,261.6459049536693,1.587399297688804e-06,3.848597048716521e-05,30.90677906968476
2665,7824,32.47770969797618,0,0,0,0,0,0,0,1,0,3696.683059103444,1.587399297688804e-06,3.848597048716521e-05,31.45571087797614
2666,7337,32.65354242371387,0,0,0,0,0,0,0,1,0,3092.499607890424,1.587399297688804e-06,3.848597048716521e-05,31.63154360371385
2667,6284,30.95214512298798,0,0,0,0,0,0,0,1,0,9712.365278714027,1.587399297688804e-06,3.848597048716521e-05,29.93014630298796
2668,10077,46.31573318597751,0,0,0,0,0,0,0,1,0,388.1651377177005,1.587399297688804e-06,3.848597048716521e-05,45.29373436597735
2669,4382,19.44691128710929,0,0,0,0,0,0,0,1,0,3933.290779799538,1.587399297688804e-06,3.848597048716521e-05,18.42491246710928
2670,7900,33.93906163953221,0,0,0,0,0,0,0,1,0,3067.43831278662,1.587399297688804e-06,3.848597048716521e-05,32.91706281953213
2671,10296,52.89292231149138,0,0,0,0,0,0,0,1,0,4312.748298268375,1.587399297688804e-06,3.848597048716521e-05,51.87092349149118
2672,5699,25.83252540603621,0,0,0,0,0,0,0,1,0,2957.298775102328,1.587399297688804e-06,3.848597048716521e-05,24.8105265860362
2673,10561,47.67906819734986,0,0,0,0,0,0,0,1,0,335.6824241492366,1.587399297688804e-06,3.848597048716521e-05,46.65706937734979
2674,5336,25.78315009578652,0,0,0,0,0,0,0,1,0,2860.762585958418,1.587399297688804e-06,3.848597048716521e-05,24.76115127544298
2675,9422,45.62107915640043,0,0,0,0,0,0,0,1,0,994.4086114451303,1.587399297688804e-06,3.848597048716521e-05,44.59908033663071
2676,8024,38.18502255917126,0,0,0,0,0,0,0,1,0,2327.095767737668,1.587399297688804e-06,3.848597048716521e-05,37.16302373917117
2677,8592,43.05257887774496,0,0,0,0,0,0,0,1,0,726.4813550298695,1.587399297688804e-06,3.848597048716521e-05,42.03058005774472
2678,10217,47.93926241772683,0,0,0,0,0,0,0,1,0,1837.209894806642,1.587399297688804e-06,3.848597048716521e-05,46.9172635977266
2679,2836,16.07363632658775,0,0,0,0,0,0,0,1,0,240.2096502056167,1.587399297688804e-06,3.848597048716521e-05,15.05163750658776
2680,6552,33.45035736467538,0,0,0,0,0,0,0,1,0,4319.150570233104,1.587399297688804e-06,3.848597048716521e-05,32.42835854467378
2681,10243,49.92725659993485,0,0,0,0,0,0,0,1,0,2169.542713646322,1.587399297688804e-06,3.848597048716521e-05,48.90525777993464
2682,9006,39.65114832739498,0,0,0,0,0,0,0,1,0,2546.187789738867,1.587399297688804e-06,3.848597048716521e-05,38.62914950739481
2683,6339,28.33947961785412,0,0,0,0,0,0,0,1,0,2912.489174311034,1.587399297688804e-06,3.848597048716521e-05,27.31748079785415
2684,10998,46.63772602605025,0,0,0,0,0,0,0,1,0,2329.402251227691,1.587399297688804e-06,3.848597048716521e-05,45.61572720605018
2685,7122,31.25034838540477,0,0,0,0,0,0,0,1,0,6292.299302901934,1.587399297688804e-06,3.848597048716521e-05,30.22834956540476
2686,6223,27.11901865508894,0,0,0,0,0,0,0,1,0,2865.262458638491,1.587399297688804e-06,3.848597048716521e-05,26.0970198350889
2687,10457,47.52013762361552,0,0,0,0,0,0,0,1,0,45.97721904488192,1.587399297688804e-06,3.848597048716521e-05,46.4981388036154
2688,8506,39.53597138469455,0,0,0,0,0,0,0,1,0,781.350841493095,1.587399297688804e-06,3.848597048716521e-05,38.51397256469443
2689,6260,28.84475706934525,0,0,0,0,0,0,0,1,0,4522.74978370979,1.587399297688804e-06,3.848597048716521e-05,27.82275824934522
2690,10245,45.82140058807988,0,0,0,0,0,0,0,1,0,4639.490072765172,1.587399297688804e-06,3.848597048716521e-05,44.79940176807985
2691,10056,49.30181095405205,0,0,0,0,0,0,0,1,0,4141.972898564176,1.587399297688804e-06,3.848597048716521e-05,48.27981213393263
2692,7095,34.60592561106768,0,0,0,0,0,0,0,1,0,2827.022621138995,1.587399297688804e-06,3.848597048716521e-05,33.58392679106755
2693,11099,51.54611941290263,0,0,0,0,0,0,0,1,0,3066.522895237892,1.587399297688804e-06,3.848597048716521e-05,50.52412059290261
2694,6605,31.70882746163658,0,0,0,0,0,0,0,1,0,553.0782255706741,1.587399297688804e-06,3.848597048716521e-05,30.68682864163661
2695,4606,19.3223857599184,0,0,0,0,0,0,0,1,0,1143.849543778501,1.587399297688804e-06,3.848597048716521e-05,18.3003869399184
2696,6153,30.24870213173791,0,0,0,0,0,0,0,1,0,6104.387813284698,1.587399297688804e-06,3.848597048716521e-05,29.22670331188111
2697,7669,35.24822109990443,0,0,0,0,0,0,0,1,0,53.54225197342781,1.587399297688804e-06,3.848597048716521e-05,34.22622227990436
2698,10086,45.50696098368994,0,0,0,0,0,0,0,1,0,26.1335705917329,1.587399297688804e-06,3.848597048716521e-05,44.48496216368984
2699,10893,51.08037662780286,0,0,0,0,0,0,0,1,0,324.649150376763,1.587399297688804e-06,3.848597048716521e-05,50.05837780780269
2700,8822,44.37969980958553,0,0,0,0,0,0,0,1,0,933.1027242039635,1.587399297688804e-06,3.848597048716521e-05,43.3577009895854
2701,9631,47.38314125113995,0,0,0,0,0,0,0,1,0,431.6095380121309,1.587399297688804e-06,3.848597048716521e-05,46.36114243113993
2702,12283,52.70733177835838,0,0,0,0,0,0,0,1,0,1970.048141933371,1.587399297688804e-06,3.848597048716521e-05,51.68533295835837
2703,5893,29.23068911400696,0,0,0,0,0,0,0,1,0,5186.930805200996,1.587399297688804e-06,3.848597048716521e-05,28.20869029395858
2704,7016,31.68437995415749,0,0,0,0,0,0,0,1,0,202.5851133135586,1.587399297688804e-06,3.848597048716521e-05,30.66238113415742
2705,10279,49.12940520710846,0,0,0,0,0,0,0,1,0,2032.349801703423,1.587399297688804e-06,3.848597048716521e-05,48.10740638710827
2706,9918,45.86039076783236,0,0,0,0,0,0,0,1,0,859.1685298541356,1.587399297688804e-06,3.848597048716521e-05,44.83839194761599
2707,10869,47.72259888581813,0,0,0,0,0,0,0,1,0,439.2738510790915,1.587399297688804e-06,3.848597048716521e-05,46.7006000658181
2708,8596,43.39875914504615,0,0,0,0,0,0,0,1,0,1601.113037344205,1.587399297688804e-06,3.848597048716521e-05,42.37676032504602
2709,8295,38.15354503756512,0,0,0,0,0,0,0,1,0,731.1593141016692,1.587399297688804e-06,3.848597048716521e-05,37.13154621756514
2710,9207,43.17071496451157,0,0,0,0,0,0,0,1,0,1006.800722339045,1.587399297688804e-06,3.848597048716521e-05,42.14871614451153
2711,6935,33.05900092940553,0,0,0,0,0,0,0,1,0,955.028985594756,1.587399297688804e-06,3.848597048716521e-05,32.03700210940546
2712,7935,37.66412585932478,0,0,0,0,0,0,0,1,0,1954.014685982955,1.587399297688804e-06,3.848597048716521e-05,36.64212703932473
2713,10288,45.42701771779391,0,0,0,0,0,0,0,1,0,3540.503741557358,1.587399297688804e-06,3.848597048716521e-05,44.40501889779384
2714,2827,15.47247818407233,0,0,0,0,0,0,0,1,0,509.4707503911553,1.587399297688804e-06,3.848597048716521e-05,14.45047936407232
2715,4605,20.99614388374804,0,0,0,0,0,0,0,1,0,93.01763065470443,1.587399297688804e-06,3.848597048716521e-05,19.97414506374801
2716,10483,48.18304899684176,0,0,0,0,0,0,0,1,0,313.7549144308258,1.587399297688804e-06,3.848597048716521e-05,47.16105017684159
2717,10779,49.65917846293856,0,0,0,0,0,0,0,1,0,3076.676500735794,1.587399297688804e-06,3.848597048716521e-05,48.63717964293846
2718,6268,29.58250161090017,0,0,0,0,0,0,0,1,0,497.6152113189492,1.587399297688804e-06,3.848597048716521e-05,28.56050279090016
2719,10453,51.75977511228344,0,0,0,0,0,0,0,1,0,4972.682342672449,1.587399297688804e-06,3.848597048716521e-05,50.73777629230716
2720,5515,28.03274113196009,0,0,0,0,0,0,0,1,0,6193.168524694515,1.587399297688804e-06,3.848597048716521e-05,27.01074231194743
2721,10930,48.75815829269573,0,0,0,0,0,0,0,1,0,3876.18162937751,1.587399297688804e-06,3.848597048716521e-05,47.7361594726956
2722,7467,36.48474582376899,0,0,0,0,0,0,0,1,0,3828.242329053536,1.587399297688804e-06,3.848597048716521e-05,35.46274700376895
2723,8604,42.80274963673028,0,0,0,0,0,0,0,1,0,4631.123152346011,1.587399297688804e-06,3.848597048716521e-05,41.78075081685115
2724,10271,46.83014388147173,0,0,0,0,0,0,0,1,0,6517.898907220735,1.587399297688804e-06,3.848597048716521e-05,45.80814506133648
2725,6453,29.5210125654537,0,0,0,0,0,0,0,1,0,743.4842453537393,1.587399297688804e-06,3.848597048716521e-05,28.49901374545372
2726,7139,36.70951350964452,0,0,0,0,0,0,0,1,0,638.7418200372666,1.587399297688804e-06,3.848597048716521e-05,35.68751468959234
2727,10407,49.69513035446343,0,0,0,0,0,0,0,1,0,618.4008406380862,1.587399297688804e-06,3.848597048716521e-05,48.67313153446327
2728,5048,24.08410323424361,0,0,0,0,0,0,0,1,0,1041.044269208503,1.587399297688804e-06,3.848597048716521e-05,23.06210441424357
2729,5723,27.0316112872044,0,0,0,0,0,0,0,1,0,775.1594881672681,1.587399297688804e-06,3.848597048716521e-05,26.0096124672044
2730,9513,39.88788751944539,0,0,0,0,0,0,0,1,0,524.6175378420859,1.587399297688804e-06,3.848597048716521e-05,38.86588869944538
2731,0,1e-06,0,0,0,0,0,0,0,0,0,11901.75869151824,1.587399297688804e-06,3.848597048716521e-05,-1
2732,9087,47.68376471242603,0,0,0,0,0,0,0,1,0,1540.534324548263,1.587399297688804e-06,3.848597048716521e-05,46.66176589242588
2733,5259,22.84995887922446,0,0,0,0,0,0,0,1,0,1176.254764110769,1.587399297688804e-06,3.848597048716521e-05,21.82796005922444
2734,5488,26.70941149917261,0,0,0,0,0,0,0,1,0,575.6481549397073,1.587399297688804e-06,3.848597048716521e-05,25.68741267917261
2735,6813,31.26039353852058,0,0,0,0,0,0,0,1,0,1331.142610126143,1.587399297688804e-06,3.848597048716521e-05,30.2383947185206
2736,2386,11.66005680770256,0,0,0,0,0,0,0,1,0,2354.14995586096,1.587399297688804e-06,3.848597048716521e-05,10.63805798770256
2737,8999,43.65551425921536,0,0,0,0,0,0,0,1,0,736.9965109999628,1.587399297688804e-06,3.848597048716521e-05,42.633515439024
2738,5666,26.36103977364377,0,0,0,0,0,0,0,1,0,1375.721433107796,1.587399297688804e-06,3.848597048716521e-05,25.33904095364377
2739,9987,47.95387231136257,0,0,0,0,0,0,0,1,0,1473.537454314318,1.587399297688804e-06,3.848597048716521e-05,46.93187349136245
2740,10866,47.71878069872255,0,0,0,0,0,0,0,1,0,1427.4254922835,1.587399297688804e-06,3.848597048716521e-05,46.6967818787225
2741,6297,28.88343786593693,0,0,0,0,0,0,0,1,0,2485.629900099907,1.587399297688804e-06,3.848597048716521e-05,27.86143904593692
2742,8329,37.00277135200047,0,0,0,0,0,0,0,1,0,1050.682237091481,1.587399297688804e-06,3.848597048716521e-05,35.98077253200036
2743,10845,48.7254401782131,0,0,0,0,0,0,0,1,0,474.3181068199375,1.587399297688804e-06,3.848597048716521e-05,47.70344135821302
2744,10457,46.14517634485607,0,0,0,0,0,0,0,1,0,1047.028611584839,1.587399297688804e-06,3.848597048716521e-05,45.12317752492439
2745,2568,13.34754638824606,0,0,0,0,0,0,0,1,0,4012.817392403556,1.587399297688804e-06,3.848597048716521e-05,12.32554756824606
2746,7957,36.26692712742894,0,0,0,0,0,0,0,1,0,1521.720838489421,1.587399297688804e-06,3.848597048716521e-05,35.24492830742889
2747,9519,41.3835503155702,0,0,0,0,0,0,0,1,0,2603.933367776614,1.587399297688804e-06,3.848597048716521e-05,40.36155149557008
2748,9336,46.32727900882808,0,0,0,0,0,0,0,1,0,1513.763292976054,1.587399297688804e-06,3.848597048716521e-05,45.30528018874192
2749,9862,43.85859214700286,0,0,0,0,0,0,0,1,0,1680.0243323943,1.587399297688804e-06,3.848597048716521e-05,42.83659332701659
2750,10488,50.48962319396988,0,0,0,0,0,0,0,1,0,2126.553383684773,1.587399297688804e-06,3.848597048716521e-05,49.46762437396974
2751,8699,39.590795146246,0,0,0,0,0,0,0,1,0,1776.635238808651,1.587399297688804e-06,3.848597048716521e-05,38.56879632624595
2752,9107,38.85670848210624,0,0,0,0,0,0,0,1,0,1111.877213017443,1.587399297688804e-06,3.848597048716521e-05,37.83470966210614
2753,5318,24.90097639964699,0,0,0,0,0,0,0,1,0,1722.107875242402,1.587399297688804e-06,3.848597048716521e-05,23.87897757964699
2754,9772,44.09259698497689,0,0,0,0,0,0,0,1,0,1129.853268343137,1.587399297688804e-06,3.848597048716521e-05,43.07059816497681
2755,8691,40.74524929632689,0,0,0,0,0,0,0,1,0,4731.59573011753,1.587399297688804e-06,3.848597048716521e-05,39.72325047666085
2756,7904,36.8498186608047,0,0,0,0,0,0,0,1,0,4571.485226573002,1.587399297688804e-06,3.848597048716521e-05,35.82781984080462
2757,9996,45.03938845780961,0,0,0,0,0,0,0,1,0,1935.386296928652,1.587399297688804e-06,3.848597048716521e-05,44.01738963882946
2758,2026,9.088610083070353,0,0,0,0,0,0,0,1,0,410.2162343705487,1.587399297688804e-06,3.848597048716521e-05,8.066611263070348
2759,3433,17.1982817100322,0,0,0,0,0,0,0,1,0,295.780244257975,1.587399297688804e-06,3.848597048716521e-05,16.17628289003217
2760,4987,23.59060575494605,0,0,0,0,0,0,0,1,0,2772.887392466692,1.587399297688804e-06,3.848597048716521e-05,22.56860693494606
2761,7911,36.85009162626451,0,0,0,0,0,0,0,1,0,74.10277470354168,1.587399297688804e-06,3.848597048716521e-05,35.82809280626445
2762,9420,40.28906073472695,0,0,0,0,0,0,0,1,0,227.0857121449245,1.587399297688804e-06,3.848597048716521e-05,39.2670619147269
2763,7836,38.37829810485606,0,0,0,0,0,0,0,1,0,1772.257523303926,1.587399297688804e-06,3.848597048716521e-05,37.35629928485599
2764,9149,42.69305919950672,0,0,0,0,0,0,0,1,0,3367.627429424013,1.587399297688804e-06,3.848597048716521e-05,41.67106037950668
2765,1192,8.289555257679343,0,0,0,0,0,0,0,1,0,2851.451246656988,1.587399297688804e-06,3.848597048716521e-05,7.26755643767935
2766,12192,52.26378467355143,0,0,0,0,0,0,0,1,0,387.377140218243,1.587399297688804e-06,3.848597048716521e-05,51.24178585355131
2767,11047,49.74127696656046,0,0,0,0,0,0,0,1,0,460.4766937849155,1.587399297688804e-06,3.848597048716521e-05,48.71927814656042
2768,4990,23.79841380126906,0,0,0,0,0,0,0,1,0,1954.690793401557,1.587399297688804e-06,3.848597048716521e-05,22.77641498126907
2769,1603,7.469239936261102,0,0,0,0,0,0,0,1,0,2672.384581956621,1.587399297688804e-06,3.848597048716521e-05,6.447241116261114
2770,3183,14.23391386910954,0,0,0,0,0,0,0,1,0,1072.245917284425,1.587399297688804e-06,3.848597048716521e-05,13.21191504910953
2771,10087,48.4355402214089,0,0,0,0,0,0,0,1,0,1349.34814490903,1.587399297688804e-06,3.848597048716521e-05,47.41354140140891
2772,6545,30.89769678181321,0,0,0,0,0,0,0,1,0,2306.204971280112,1.587399297688804e-06,3.848597048716521e-05,29.8756979617493
2773,11414,52.7730657211305,0,0,0,0,0,0,0,1,0,871.989986929707,1.587399297688804e-06,3.848597048716521e-05,51.75106690113033
2774,7433,32.90016054509315,0,0,0,0,0,0,0,1,0,3114.373486720387,1.587399297688804e-06,3.848597048716521e-05,31.87816172509311
2775,7180,37.09978454611547,0,0,0,0,0,0,0,1,0,673.1839947985181,1.587399297688804e-06,3.848597048716521e-05,36.07778572612153
2776,11225,51.74428720763633,0,0,0,0,0,0,0,1,0,4407.621187567151,1.587399297688804e-06,3.848597048716521e-05,50.72228838763615
2777,5481,26.06807163688417,0,0,0,0,0,0,0,1,0,1514.686128390438,1.587399297688804e-06,3.848597048716521e-05,25.04607281688422
2778,4216,21.32729795918265,0,0,0,0,0,0,0,1,0,815.9452923963297,1.587399297688804e-06,3.848597048716521e-05,20.30529913918266
2779,5938,31.66427546649438,0,0,0,0,0,0,0,1,0,249.9058371277252,1.587399297688804e-06,3.848597048716521e-05,30.64227664649436
2780,3709,17.63029490801683,0,0,0,0,0,0,0,1,0,2450.630121665165,1.587399297688804e-06,3.848597048716521e-05,16.60829608801684
2781,7811,35.63309617920573,0,0,0,0,0,0,0,1,0,180.4905931079502,1.587399297688804e-06,3.848597048716521e-05,34.61109735920566
2782,8527,39.46116051486451,0,0,0,0,0,0,0,1,0,274.0195312318718,1.587399297688804e-06,3.848597048716521e-05,38.43916169486434
2783,8311,35.86132692578593,0,0,0,0,0,0,0,1,0,4.851942500200047,1.587399297688804e-06,3.848597048716521e-05,34.83932810578589
2784,10230,46.7635836192468,0,0,0,0,0,0,0,1,0,3497.686086866946,1.587399297688804e-06,3.848597048716521e-05,45.74158479924678
2785,4598,18.76926598496334,0,0,0,0,0,0,0,1,0,7331.324535398551,1.587399297688804e-06,3.848597048716521e-05,17.74726716496334
2786,8992,43.76183256624734,0,0,0,0,0,0,0,1,0,213.0672871409093,1.587399297688804e-06,3.848597048716521e-05,42.73983374631799
2787,7842,34.18068731530862,0,0,0,0,0,0,0,1,0,2178.691117464953,1.587399297688804e-06,3.848597048716521e-05,33.15868849530856
2788,5162,26.15267331455435,0,0,0,0,0,0,0,1,0,2401.419286358371,1.587399297688804e-06,3.848597048716521e-05,25.13067449455436
2789,7476,33.89562020951476,0,0,0,0,0,0,0,1,0,4677.995820058149,1.587399297688804e-06,3.848597048716521e-05,32.87362138951473
2790,10115,48.29698770352118,0,0,0,0,0,0,0,1,0,572.4936475397091,1.587399297688804e-06,3.848597048716521e-05,47.27498888352107
2791,11202,50.93713272519765,0,0,0,0,0,0,0,1,0,774.6753736015386,1.587399297688804e-06,3.848597048716521e-05,49.91513390519752
2792,9873,45.24353777584138,0,0,0,0,0,0,0,1,0,584.9883225777213,1.587399297688804e-06,3.848597048716521e-05,44.22153895584122
2793,10006,45.45920330327892,0,0,0,0,0,0,0,1,0,116.4446070801215,1.587399297688804e-06,3.848597048716521e-05,44.43720448327889
2794,9318,40.48365539886805,0,0,0,0,0,0,0,1,0,529.5884436312489,1.587399297688804e-06,3.848597048716521e-05,39.46165657886796
2795,6952,34.8453693327512,0,0,0,0,0,0,0,1,0,844.8151493040183,1.587399297688804e-06,3.848597048716521e-05,33.82337051324132
2796,9607,44.38609731533397,0,0,0,0,0,0,0,1,0,607.9862782515278,1.587399297688804e-06,3.848597048716521e-05,43.36409849533378
2797,10473,47.84716542216534,0,0,0,0,0,0,0,1,0,63.69965334492017,1.587399297688804e-06,3.848597048716521e-05,46.82516660216515
2798,9111,40.82178255952353,0,0,0,0,0,0,0,1,0,1695.743791559318,1.587399297688804e-06,3.848597048716521e-05,39.79978373952353
2799,10012,48.4085435689756,0,0,0,0,0,0,0,1,0,3847.26814177125,1.587399297688804e-06,3.848597048716521e-05,47.38654474899187
2800,9467,45.55698139078046,0,0,0,0,0,0,0,1,0,643.0138709775287,1.587399297688804e-06,3.848597048716521e-05,44.53498257078039
2801,9318,40.37566226475666,0,0,0,0,0,0,0,1,0,191.1393175067828,1.587399297688804e-06,3.848597048716521e-05,39.35366344475662
2802,2072,11.70650808830143,0,0,0,0,0,0,0,1,0,563.3097232966491,1.587399297688804e-06,3.848597048716521e-05,10.68450926830141
2803,9972,46.52635030027795,0,0,0,0,0,0,0,1,0,3142.689888390327,1.587399297688804e-06,3.848597048716521e-05,45.50435148027795
2804,3242,15.21001302300235,0,0,0,0,0,0,0,1,0,2292.753009826482,1.587399297688804e-06,3.848597048716521e-05,14.18801420300236
2805,3746,19.91674888069682,0,0,0,0,0,0,0,1,0,1876.154147461838,1.587399297688804e-06,3.848597048716521e-05,18.89475006069683
2806,9814,45.32960991591218,0,0,0,0,0,0,0,1,0,836.4843977477389,1.587399297688804e-06,3.848597048716521e-05,44.3076110959121
2807,10017,44.84886122059689,0,0,0,0,0,0,0,1,0,2339.717762976979,1.587399297688804e-06,3.848597048716521e-05,43.82686240059679
2808,0,1e-06,0,0,0,0,0,0,0,0,0,13620.29832628731,1.587399297688804e-06,3.848597048716521e-05,-1
2809,9221,38.66587702671864,0,0,0,0,0,0,0,1,0,4729.954349423409,1.587399297688804e-06,3.848597048716521e-05,37.64387820671855
2810,8855,43.06543169590778,0,0,0,0,0,0,0,1,0,801.002821609528,1.587399297688804e-06,3.848597048716521e-05,42.04343287590771
2811,7152,35.15117279285663,0,0,0,0,0,0,0,1,0,1873.320993485207,1.587399297688804e-06,3.848597048716521e-05,34.12917397285654
2812,6784,32.10136535281843,0,0,0,0,0,0,0,1,0,512.1438670279096,1.587399297688804e-06,3.848597048716521e-05,31.07936653281838
2813,8798,37.21315792199016,0,0,0,0,0,0,0,1,0,2963.499370658024,1.587399297688804e-06,3.848597048716521e-05,36.19115910199013
2814,5661,27.13917102729123,0,0,0,0,0,0,0,1,0,3961.443697761336,1.587399297688804e-06,3.848597048716521e-05,26.11717220729122
2815,8391,36.31768261895621,0,0,0,0,0,0,0,1,0,3919.096811055361,1.587399297688804e-06,3.848597048716521e-05,35.29568379895611
2816,9066,43.75240755049857,0,0,0,0,0,0,0,1,0,2143.417600974574,1.587399297688804e-06,3.848597048716521e-05,42.73040873049844
2817,4627,20.28889275751069,0,0,0,0,0,0,0,1,0,2726.498738604547,1.587399297688804e-06,3.848597048716521e-05,19.2668939375107
2818,2663,13.82209206696611,0,0,0,0,0,0,0,1,0,1670.556216698619,1.587399297688804e-06,3.848597048716521e-05,12.80009324696611
2819,10349,45.99456385766319,0,0,0,0,0,0,0,1,0,1339.526412788048,1.587399297688804e-06,3.848597048716521e-05,44.97256503766299
2820,7039,31.29410318332351,0,0,0,0,0,0,0,1,0,5729.282763110756,1.587399297688804e-06,3.848597048716521e-05,30.27210436332348
2821,10931,49.11179362464711,0,0,0,0,0,0,0,1,0,106.1854082117535,1.587399297688804e-06,3.848597048716521e-05,48.08979480464702
2822,11139,48.14796205121441,0,0,0,0,0,0,0,1,0,1111.58225114694,1.587399297688804e-06,3.848597048716521e-05,47.12596323121431
2823,11086,50.11953241742236,0,0,0,0,0,0,0,1,0,1060.345826770117,1.587399297688804e-06,3.848597048716521e-05,49.09753359742229
2824,8093,37.66701800103827,0,0,0,0,0,0,0,1,0,184.7067836131034,1.587399297688804e-06,3.848597048716521e-05,36.64501918103815
2825,7594,35.76988829980246,0,0,0,0,0,0,0,1,0,1046.861037605487,1.587399297688804e-06,3.848597048716521e-05,34.74788947980239
2826,8702,42.54581494533411,0,0,0,0,0,0,0,1,0,4777.469975888687,1.587399297688804e-06,3.848597048716521e-05,41.52381612533399
2827,8398,40.2029697257275,0,0,0,0,0,0,0,1,0,9075.468522191994,1.587399297688804e-06,3.848597048716521e-05,39.18097090572743
2828,3429,14.97903082374686,0,0,0,0,0,0,0,1,0,652.0322177821074,1.587399297688804e-06,3.848597048716521e-05,13.95703200374685
2829,8240,37.82550007209428,0,0,0,0,0,0,0,1,0,2689.834632015357,1.587399297688804e-06,3.848597048716521e-05,36.80350125209424
2830,9114,40.06116395792345,0,0,0,0,0,0,0,1,0,1014.857949590492,1.587399297688804e-06,3.848597048716521e-05,39.03916513792343
2831,6115,28.26359354200811,0,0,0,0,0,0,0,1,0,1222.497807072431,1.587399297688804e-06,3.848597048716521e-05,27.2415947220081
2832,9382,41.95825222624195,0,0,0,0,0,0,0,1,0,1867.804874493219,1.587399297688804e-06,3.848597048716521e-05,40.93625340624187
2833,8277,41.82561170184232,0,0,0,0,0,0,0,1,0,136.8635309814319,1.587399297688804e-06,3.848597048716521e-05,40.80361288184228
2834,9354,39.00097588974199,0,0,0,0,0,0,0,1,0,3919.802427732041,1.587399297688804e-06,3.848597048716521e-05,37.978977069742
2835,11284,47.89018621525589,0,0,0,0,0,0,0,1,0,681.2668912734749,1.587399297688804e-06,3.848597048716521e-05,46.86818739525579
2836,11057,51.28289667221472,0,0,0,0,0,0,0,1,0,3268.861708574375,1.587399297688804e-06,3.848597048716521e-05,50.26089785221454
2837,4221,20.01483914317006,0,0,0,0,0,0,0,1,0,2668.066446726396,1.587399297688804e-06,3.848597048716521e-05,18.99284032317004
2838,8340,38.74731480824605,0,0,0,0,0,0,0,1,0,1388.63817794305,1.587399297688804e-06,3.848597048716521e-05,37.72531598832452
2839,4372,21.28799195109687,0,0,0,0,0,0,0,1,0,8115.896090235358,1.587399297688804e-06,3.848597048716521e-05,20.26599313109687
2840,7059,35.2484864000432,0,0,0,0,0,0,0,1,0,748.1413662982588,1.587399297688804e-06,3.848597048716521e-05,34.22648758004311
2841,10102,44.79492098316945,0,0,0,0,0,0,0,1,0,1334.673237523499,1.587399297688804e-06,3.848597048716521e-05,43.77292216322328
2842,10821,50.53307171983327,0,0,0,0,0,0,0,1,0,81.84751908120795,1.587399297688804e-06,3.848597048716521e-05,49.51107289981424
2843,8740,36.88655655091578,0,0,0,0,0,0,0,1,0,1504.065212501485,1.587399297688804e-06,3.848597048716521e-05,35.86455773091572
2844,8449,42.93878051145387,0,0,0,0,0,0,0,1,0,2252.4801659923,1.587399297688804e-06,3.848597048716521e-05,41.91678169149579
2845,8448,38.16910796475497,0,0,0,0,0,0,0,1,0,3479.107906427619,1.587399297688804e-06,3.848597048716521e-05,37.14710914478993
2846,9097,40.42200229656531,0,0,0,0,0,0,0,1,0,2204.495775960205,1.587399297688804e-06,3.848597048716521e-05,39.40000347656522
2847,11395,52.74038218313002,0,0,0,0,0,0,0,1,0,3598.690039119648,1.587399297688804e-06,3.848597048716521e-05,51.71838336312991
2848,10308,51.90202559393309,0,0,0,0,0,0,0,1,0,496.0771007397861,1.587399297688804e-06,3.848597048716521e-05,50.88002677393049
2849,11165,52.00175759710842,0,0,0,0,0,0,0,1,0,998.2718540068522,1.587399297688804e-06,3.848597048716521e-05,50.97975877709233
2850,9098,40.18394897216258,0,0,0,0,0,0,0,1,0,6084.331326092931,1.587399297688804e-06,3.848597048716521e-05,39.16195015216254
2851,11045,49.64353059391296,0,0,0,0,0,0,0,1,0,4947.000133504893,1.587399297688804e-06,3.848597048716521e-05,48.62153177389829
2852,0,1e-06,0,0,0,0,0,0,0,0,0,11172.36890706212,1.587399297688804e-06,3.848597048716521e-05,-1
2853,5146,27.12341184253683,0,0,0,0,0,0,0,1,0,2358.609518925235,1.587399297688804e-06,3.848597048716521e-05,26.10141302260099
2854,9767,42.98888658101676,0,0,0,0,0,0,0,1,0,2391.083237531747,1.587399297688804e-06,3.848597048716521e-05,41.96688776101667
2855,7384,34.1387560480128,0,0,0,0,0,0,0,1,0,7545.240586165915,1.587399297688804e-06,3.848597048716521e-05,33.11675722801272
2856,8622,38.87664339747384,0,0,0,0,0,0,0,1,0,454.9704636961017,1.587399297688804e-06,3.848597048716521e-05,37.85464457747383
2857,10245,46.76940825734024,0,0,0,0,0,0,0,1,0,112.8230533076009,1.587399297688804e-06,3.848597048716521e-05,45.74740943733414
2858,8520,36.75406935368458,0,0,0,0,0,0,0,1,0,1288.615731018001,1.587399297688804e-06,3.848597048716521e-05,35.73207053368454
2859,8977,47.78644664234759,0,0,0,0,0,0,0,1,0,107.6571394417287,1.587399297688804e-06,3.848597048716521e-05,46.76444782234752
2860,5825,28.19332668656602,0,0,0,0,0,0,0,1,0,8876.479191176366,1.587399297688804e-06,3.848597048716521e-05,27.17132786656603
2861,8762,39.37353986680789,0,0,0,0,0,0,0,1,0,4042.822967428608,1.587399297688804e-06,3.848597048716521e-05,38.35154104680787
2862,10409,48.6149098870105,0,0,0,0,0,0,0,1,0,3813.458437367749,1.587399297688804e-06,3.848597048716521e-05,47.59291106701041
2863,8277,39.16192275514083,0,0,0,0,0,0,0,1,0,720.926855941586,1.587399297688804e-06,3.848597048716521e-05,38.13992393516504
2864,10847,51.2528638997136,0,0,0,0,0,0,0,1,0,261.8909489956901,1.587399297688804e-06,3.848597048716521e-05,50.23086507971357
2865,8615,40.22389355157366,0,0,0,0,0,0,0,1,0,5553.079893786155,1.587399297688804e-06,3.848597048716521e-05,39.20189473157362
2866,7702,39.55923752031705,0,0,0,0,0,0,0,1,0,950.4929621004858,1.587399297688804e-06,3.848597048716521e-05,38.53723870031707
2867,9349,45.85016979126019,0,0,0,0,0,0,0,1,0,1254.784554765416,1.587399297688804e-06,3.848597048716521e-05,44.82817097126106
2868,1603,8.730445926278737,0,0,0,0,0,0,0,1,0,1458.159798438849,1.587399297688804e-06,3.848597048716521e-05,7.708447106278735
2869,10494,50.74161039161619,0,0,0,0,0,0,0,1,0,1482.026056367305,1.587399297688804e-06,3.848597048716521e-05,49.71961157161605
2870,6396,34.20384662412042,0,0,0,0,0,0,0,1,0,1550.644526689159,1.587399297688804e-06,3.848597048716521e-05,33.18184780412037
2871,10358,52.69188198047381,0,0,0,0,0,0,0,1,0,2531.640716916212,1.587399297688804e-06,3.848597048716521e-05,51.6698831605954
2872,8175,36.3255738974978,0,0,0,0,0,0,0,1,0,3604.452479420486,1.587399297688804e-06,3.848597048716521e-05,35.30357507749769
2873,11375,50.29372000128186,0,0,0,0,0,0,0,1,0,137.681013393455,1.587399297688804e-06,3.848597048716521e-05,49.27172118128162
2874,6649,29.27233008993981,0,0,0,0,0,0,0,1,0,2245.228680934511,1.587399297688804e-06,3.848597048716521e-05,28.25033126993976
2875,9573,45.52871812070426,0,0,0,0,0,0,0,1,0,1685.19747312412,1.587399297688804e-06,3.848597048716521e-05,44.50671930070416
2876,11705,51.0957158024017,0,0,0,0,0,0,0,1,0,1031.677970640647,1.587399297688804e-06,3.848597048716521e-05,50.07371698240167
2877,9881,48.82709709255052,0,0,0,0,0,0,0,1,0,3757.047164190678,1.587399297688804e-06,3.848597048716521e-05,47.80509827255039
2878,3815,19.75508951127461,0,0,0,0,0,0,0,1,0,796.1637960732098,1.587399297688804e-06,3.848597048716521e-05,18.73309069127463
2879,11522,49.69119806647247,0,0,0,0,0,0,0,1,0,1259.59914771707,1.587399297688804e-06,3.848597048716521e-05,48.66919924647232
2880,7890,38.44027326594703,0,0,0,0,0,0,0,1,0,1404.828782543648,1.587399297688804e-06,3.848597048716521e-05,37.41827444593186
2881,4767,23.2095388826368,0,0,0,0,0,0,0,1,0,316.0707419553889,1.587399297688804e-06,3.848597048716521e-05,22.1875400626368
2882,11320,49.44710112400081,0,0,0,0,0,0,0,1,0,718.6023226723476,1.587399297688804e-06,3.848597048716521e-05,48.4251023040007
2883,6889,29.71957221369703,0,0,0,0,0,0,0,1,0,8869.202476137196,1.587399297688804e-06,3.848597048716521e-05,28.69757339369706
2884,5225,23.286657987829,0,0,0,0,0,0,0,1,0,494.6323627383764,1.587399297688804e-06,3.848597048716521e-05,22.26465916782898
2885,11070,51.83730519737877,0,0,0,0,0,0,0,1,0,456.1162836918509,1.587399297688804e-06,3.848597048716521e-05,50.81530637781055
2886,9698,42.82828445009955,0,0,0,0,0,0,0,1,0,1869.309075683176,1.587399297688804e-06,3.848597048716521e-05,41.80628563009942
2887,11113,49.79481509575419,0,0,0,0,0,0,0,1,0,7658.455986241516,1.587399297688804e-06,3.848597048716521e-05,48.77281627575416
2888,10716,50.03237147820098,0,0,0,0,0,0,0,1,0,2914.453071090317,1.587399297688804e-06,3.848597048716521e-05,49.01037265820076
2889,3321,16.2681714233467,0,0,0,0,0,0,0,1,0,1070.886156404914,1.587399297688804e-06,3.848597048716521e-05,15.24617260334669
2890,3425,17.59711320239672,0,0,0,0,0,0,0,1,0,1071.643952819683,1.587399297688804e-06,3.848597048716521e-05,16.57511438239672
2891,7986,36.83964445014164,0,0,0,0,0,0,0,1,0,7014.290384439664,1.587399297688804e-06,3.848597048716521e-05,35.81764563014153
2892,9155,39.96641116142406,0,0,0,0,0,0,0,1,0,1728.437442338127,1.587399297688804e-06,3.848597048716521e-05,38.94441234142396
2893,6495,29.41062951091408,0,0,0,0,0,0,0,1,0,168.5055277016405,1.587399297688804e-06,3.848597048716521e-05,28.38863069091408
2894,10763,50.92878285021641,0,0,0,0,0,0,0,1,0,5635.412812875296,1.587399297688804e-06,3.848597048716521e-05,49.90678403028924
2895,10806,48.60662355741647,0,0,0,0,0,0,0,1,0,1178.113502299685,1.587399297688804e-06,3.848597048716521e-05,47.58462473732104
2896,9680,48.15307367074188,0,0,0,0,0,0,0,1,0,6200.986093582741,1.587399297688804e-06,3.848597048716521e-05,47.13107485074185
2897,11372,50.47724696279783,0,0,0,0,0,0,0,1,0,767.8200665259822,1.587399297688804e-06,3.848597048716521e-05,49.4552481427967
2898,8675,43.07391297993674,0,0,0,0,0,0,0,1,0,1856.643687803725,1.587399297688804e-06,3.848597048716521e-05,42.05191415988324
2899,9719,47.30294561589017,0,0,0,0,0,0,0,1,0,2048.309538147792,1.587399297688804e-06,3.848597048716521e-05,46.28094679588755
2900,9769,45.32874204205568,0,0,0,0,0,0,0,1,0,238.3252460183386,1.587399297688804e-06,3.848597048716521e-05,44.30674322205549
2901,2338,10.85563013818027,0,0,0,0,0,0,0,1,0,2518.311976849207,1.587399297688804e-06,3.848597048716521e-05,9.833631318180259
2902,10505,46.14421226870881,0,0,0,0,0,0,0,1,0,19.03349158606057,1.587399297688804e-06,3.848597048716521e-05,45.12221344870873
2903,7745,35.25613830990193,0,0,0,0,0,0,0,1,0,404.0775525860853,1.587399297688804e-06,3.848597048716521e-05,34.2341394899019
2904,9454,45.81251373851431,0,0,0,0,0,0,0,1,0,250.9429945920092,1.587399297688804e-06,3.848597048716521e-05,44.79051491851424
2905,3278,15.42203252508018,0,0,0,0,0,0,0,1,0,2033.480652135275,1.587399297688804e-06,3.848597048716521e-05,14.40003370508018
2906,12624,52.37805948701682,0,0,0,0,0,0,0,1,0,513.2061706962237,1.587399297688804e-06,3.848597048716521e-05,51.35606066701683
2907,7848,36.34491033604133,0,0,0,0,0,0,0,1,0,813.7215210543197,1.587399297688804e-06,3.848597048716521e-05,35.32291151604123
2908,9171,45.11250411163564,0,0,0,0,0,0,0,1,0,1618.16910433974,1.587399297688804e-06,3.848597048716521e-05,44.09050529163555
2909,10005,44.99328145275354,0,0,0,0,0,0,0,1,0,730.9653029506297,1.587399297688804e-06,3.848597048716521e-05,43.97128263275346
2910,8446,40.46962964303677,0,0,0,0,0,0,0,1,0,3206.578796054941,1.587399297688804e-06,3.848597048716521e-05,39.44763082297341
2911,8003,36.29020567936944,0,0,0,0,0,0,0,1,0,146.9306484464101,1.587399297688804e-06,3.848597048716521e-05,35.26820685936934
2912,4285,18.37413532385597,0,0,0,0,0,0,0,1,0,860.0487973810405,1.587399297688804e-06,3.848597048716521e-05,17.35213650385599
2913,4627,21.44424040156547,0,0,0,0,0,0,0,1,0,564.91258983737,1.587399297688804e-06,3.848597048716521e-05,20.42224158156547
2914,6190,28.0313748019454,0,0,0,0,0,0,0,1,0,3378.073477943455,1.587399297688804e-06,3.848597048716521e-05,27.00937598194539
2915,7785,34.62306906303483,0,0,0,0,0,0,0,1,0,174.4103053532114,1.587399297688804e-06,3.848597048716521e-05,33.60107024303485
2916,9562,42.61215492350369,0,0,0,0,0,0,0,1,0,1963.987394909345,1.587399297688804e-06,3.848597048716521e-05,41.5901561035036
2917,7571,33.28848050021107,0,0,0,0,0,0,0,1,0,523.2800146130879,1.587399297688804e-06,3.848597048716521e-05,32.26648168021106
2918,10481,43.5289141104162,0,0,0,0,0,0,0,1,0,4649.405811892276,1.587399297688804e-06,3.848597048716521e-05,42.5069152904162
2919,9557,43.15688798711556,0,0,0,0,0,0,0,1,0,847.601967186841,1.587399297688804e-06,3.848597048716521e-05,42.13488916711547
2920,8230,37.07921383784638,0,0,0,0,0,0,0,1,0,1685.598702466474,1.587399297688804e-06,3.848597048716521e-05,36.05721501789593
2921,10610,46.44404721327871,0,0,0,0,0,0,0,1,0,626.7957504658397,1.587399297688804e-06,3.848597048716521e-05,45.42204839327862
2922,9351,43.34660678677881,0,0,0,0,0,0,0,1,0,761.0716916159053,1.587399297688804e-06,3.848597048716521e-05,42.3246079667788
2923,11396,51.93310143355554,0,0,0,0,0,0,0,1,0,659.2406384348105,1.587399297688804e-06,3.848597048716521e-05,50.91110261355536
2924,4918,23.34986078897448,0,0,0,0,0,0,0,1,0,3824.027720946841,1.587399297688804e-06,3.848597048716521e-05,22.32786196897451
2925,10878,51.53068474825317,0,0,0,0,0,0,0,1,0,825.6285369436017,1.587399297688804e-06,3.848597048716521e-05,50.50868592825311
2926,7233,29.78791182804281,0,0,0,0,0,0,0,1,0,1479.624421955093,1.587399297688804e-06,3.848597048716521e-05,28.76591300804281
2927,7779,40.62569806181025,0,0,0,0,0,0,0,1,0,5308.995826974671,1.587399297688804e-06,3.848597048716521e-05,39.60369924163229
2928,7550,34.59874141160775,0,0,0,0,0,0,0,1,0,740.005901464563,1.587399297688804e-06,3.848597048716521e-05,33.57674259160765
2929,1639,8.808582273389057,0,0,0,0,0,0,0,1,0,2724.854711563393,1.587399297688804e-06,3.848597048716521e-05,7.786583453389055
2930,11689,47.04403590509104,0,0,0,0,0,0,0,1,0,73.49359566801164,1.587399297688804e-06,3.848597048716521e-05,46.02203708509104
2931,11861,51.24346268103388,0,0,0,0,0,0,0,1,0,4845.246543035473,1.587399297688804e-06,3.848597048716521e-05,50.22146386103375
2932,6399,28.63463204410575,0,0,0,0,0,0,0,1,0,8251.669650414235,1.587399297688804e-06,3.848597048716521e-05,27.61263322410575
2933,6053,30.95208658544986,0,0,0,0,0,0,0,1,0,154.4677237824808,1.587399297688804e-06,3.848597048716521e-05,29.93008776544986
2934,10596,47.71694490790131,0,0,0,0,0,0,0,1,0,6284.280008944817,1.587399297688804e-06,3.848597048716521e-05,46.69494608790121
2935,4361,20.57673367916815,0,0,0,0,0,0,0,1,0,117.8662412852887,1.587399297688804e-06,3.848597048716521e-05,19.55473485916811
2936,10277,48.43947349746821,0,0,0,0,0,0,0,1,0,929.2150255084374,1.587399297688804e-06,3.848597048716521e-05,47.417474677468
2937,9015,46.30913876697048,0,0,0,0,0,0,0,1,0,1153.797462917762,1.587399297688804e-06,3.848597048716521e-05,45.28713994699315
2938,11405,53.03986375377566,0,0,0,0,0,0,0,1,0,461.1431536715834,1.587399297688804e-06,3.848597048716521e-05,52.01786493377561
2939,3431,16.04120748719041,0,0,0,0,0,0,0,1,0,701.6924438569986,1.587399297688804e-06,3.848597048716521e-05,15.01920866719041
2940,6664,29.32847195572228,0,0,0,0,0,0,0,1,0,23.343892387193,1.587399297688804e-06,3.848597048716521e-05,28.30647313572224
2941,9927,45.53419185148431,0,0,0,0,0,0,0,1,0,1058.06433616534,1.587399297688804e-06,3.848597048716521e-05,44.51219303148412
2942,9284,42.78878102684597,0,0,0,0,0,0,0,1,0,2383.351141091128,1.587399297688804e-06,3.848597048716521e-05,41.76678220684589
2943,11852,52.15044551586883,0,0,0,0,0,0,0,1,0,688.6918650002395,1.587399297688804e-06,3.848597048716521e-05,51.1284466958687
2944,10565,47.16069470285934,0,0,0,0,0,0,0,1,0,338.8973604589543,1.587399297688804e-06,3.848597048716521e-05,46.13869588283674
2945,6944,36.30748882429643,0,0,0,0,0,0,0,1,0,7491.206525972714,1.587399297688804e-06,3.848597048716521e-05,35.28549000429637
2946,4217,20.53730494549574,0,0,0,0,0,0,0,1,0,146.8597010314794,1.587399297688804e-06,3.848597048716521e-05,19.51530612549573
2947,5973,24.95268961328543,0,0,0,0,0,0,0,1,0,5392.015191842759,1.587399297688804e-06,3.848597048716521e-05,23.93069079328543
2948,5692,27.24638656583218,0,0,0,0,0,0,0,1,0,2724.636336049815,1.587399297688804e-06,3.848597048716521e-05,26.22438774583216
2949,10175,45.46134166202729,0,0,0,0,0,0,0,1,0,4755.487211701543,1.587399297688804e-06,3.848597048716521e-05,44.43934284202727
2950,7376,34.24946662545421,0,0,0,0,0,0,0,1,0,1616.035980224109,1.587399297688804e-06,3.848597048716521e-05,33.2274678054541
2951,10910,49.59734271419939,0,0,0,0,0,0,0,1,0,1962.319757980039,1.587399297688804e-06,3.848597048716521e-05,48.57534389419931
2952,10130,46.71413745763808,0,0,0,0,0,0,0,1,0,2254.094273871622,1.587399297688804e-06,3.848597048716521e-05,45.69213863763793
2953,8235,40.52667700944057,0,0,0,0,0,0,0,1,0,1862.330027368208,1.587399297688804e-06,3.848597048716521e-05,39.50467818976102
2954,7625,34.70703113698902,0,0,0,0,0,0,0,1,0,1302.947578073916,1.587399297688804e-06,3.848597048716521e-05,33.68503231698899
2955,6211,30.31672254345678,0,0,0,0,0,0,0,1,0,1495.067891752841,1.587399297688804e-06,3.848597048716521e-05,29.29472372345676
2956,10767,50.98599904576259,0,0,0,0,0,0,0,1,0,1173.267098861865,1.587399297688804e-06,3.848597048716521e-05,49.96400022576263
2957,7619,36.56864463204614,0,0,0,0,0,0,0,1,0,5935.699699852582,1.587399297688804e-06,3.848597048716521e-05,35.54664581204618
2958,11171,50.31573391171405,0,0,0,0,0,0,0,1,0,892.8050184017058,1.587399297688804e-06,3.848597048716521e-05,49.29373509204375
2959,10337,46.13078509984756,0,0,0,0,0,0,0,1,0,171.1576418860337,1.587399297688804e-06,3.848597048716521e-05,45.10878627984744
2960,11127,50.31179111588418,0,0,0,0,0,0,0,1,0,3214.472361986404,1.587399297688804e-06,3.848597048716521e-05,49.28979229588411
2961,7524,37.04712161210275,0,0,0,0,0,0,0,1,0,335.7323112931637,1.587399297688804e-06,3.848597048716521e-05,36.0251227921027
2962,8953,42.20821925192001,0,0,0,0,0,0,0,1,0,3592.910232667254,1.587399297688804e-06,3.848597048716521e-05,41.18622043192006
2963,10901,47.13995593034444,0,0,0,0,0,0,0,1,0,9755.272776767804,1.587399297688804e-06,3.848597048716521e-05,46.11795711034441
2964,0,1e-06,0,0,0,0,0,0,0,0,0,13328.29483649714,1.587399297688804e-06,3.848597048716521e-05,-1
2965,8500,44.93023920612498,0,0,0,0,0,0,0,1,0,326.3424100224154,1.587399297688804e-06,3.848597048716521e-05,43.90824038612487
2966,11415,49.20317950160565,0,0,0,0,0,0,0,1,0,2852.017151989899,1.587399297688804e-06,3.848597048716521e-05,48.18118068160565
2967,8292,41.5721097287168,0,0,0,0,0,0,0,1,0,2374.288015464932,1.587399297688804e-06,3.848597048716521e-05,40.5501109087167
2968,7490,34.04186457245029,0,0,0,0,0,0,0,1,0,2730.484000766916,1.587399297688804e-06,3.848597048716521e-05,33.01986575245022
2969,10547,45.77526702198156,0,0,0,0,0,0,0,1,0,5813.49805706446,1.587399297688804e-06,3.848597048716521e-05,44.75326820198151
2970,8914,39.9764541659848,0,0,0,0,0,0,0,1,0,769.4390205935506,1.587399297688804e-06,3.848597048716521e-05,38.95445534598477
2971,9660,42.46860061747569,0,0,0,0,0,0,0,1,0,408.3158558002618,1.587399297688804e-06,3.848597048716521e-05,41.44660179747562
2972,8586,37.40209751669273,0,0,0,0,0,0,0,1,0,6096.725887983072,1.587399297688804e-06,3.848597048716521e-05,36.38009869669267
2973,8623,37.03025233436919,0,0,0,0,0,0,0,1,0,2646.417088883244,1.587399297688804e-06,3.848597048716521e-05,36.00825351436911
2974,9134,36.92654222531397,0,0,0,0,0,0,0,1,0,297.8357982138006,1.587399297688804e-06,3.848597048716521e-05,35.90454340531385
2975,8652,39.33969108318185,0,0,0,0,0,0,0,1,0,6092.193688010108,1.587399297688804e-06,3.848597048716521e-05,38.31769226318182
2976,11016,49.17735240617466,0,0,0,0,0,0,0,1,0,6597.180792753092,1.587399297688804e-06,3.848597048716521e-05,48.15535358617464
2977,10444,49.44935462720827,0,0,0,0,0,0,0,1,0,1986.593519995788,1.587399297688804e-06,3.848597048716521e-05,48.42735580720808
2978,9550,45.45640285255737,0,0,0,0,0,0,0,1,0,4203.313177119009,1.587399297688804e-06,3.848597048716521e-05,44.4344040325077
2979,10942,52.81103181522314,0,0,0,0,0,0,0,1,0,1294.989859036488,1.587399297688804e-06,3.848597048716521e-05,51.78903299491084
2980,6758,29.8475591599091,0,0,0,0,0,0,0,1,0,162.4555616170595,1.587399297688804e-06,3.848597048716521e-05,28.82556033990908
2981,4794,21.50255393371598,0,0,0,0,0,0,0,1,0,1643.396939977997,1.587399297688804e-06,3.848597048716521e-05,20.48055511371598
2982,2434,13.16747741435516,0,0,0,0,0,0,0,1,0,3081.652194979658,1.587399297688804e-06,3.848597048716521e-05,12.14547859435516
2983,9401,41.76050332879136,0,0,0,0,0,0,0,1,0,1491.981574591078,1.587399297688804e-06,3.848597048716521e-05,40.73850450879121
2984,0,1e-06,0,0,0,0,0,0,0,0,0,11388.9623907533,1.587399297688804e-06,3.848597048716521e-05,-1
2985,11719,50.51727772984818,0,0,0,0,0,0,0,1,0,1330.292643584194,1.587399297688804e-06,3.848597048716521e-05,49.49527890984791
2986,5956,26.85525217212966,0,0,0,0,0,0,0,1,0,21.01559784226793,1.587399297688804e-06,3.848597048716521e-05,25.83325335212967
2987,4367,20.32514182016852,0,0,0,0,0,0,0,1,0,4107.65377191117,1.587399297688804e-06,3.848597048716521e-05,19.30314300016849
2988,9464,43.04570214551396,0,0,0,0,0,0,0,1,0,5483.65860405834,1.587399297688804e-06,3.848597048716521e-05,42.02370332551389
2989,9541,46.50400033228276,0,0,0,0,0,0,0,1,0,3655.536831804702,1.587399297688804e-06,3.848597048716521e-05,45.4820015122826
2990,8913,43.67084765654353,0,0,0,0,0,0,0,1,0,816.6972658943096,1.587399297688804e-06,3.848597048716521e-05,42.648848836534
2991,10559,46.33741900815463,0,0,0,0,0,0,0,1,0,1749.642314552371,1.587399297688804e-06,3.848597048716521e-05,45.31542018815455
2992,11255,51.30208453248643,0,0,0,0,0,0,0,1,0,985.1859807764311,1.587399297688804e-06,3.848597048716521e-05,50.28008571248633
2993,0,1e-06,0,0,0,0,0,0,0,0,0,12067.60911724008,1.587399297688804e-06,3.848597048716521e-05,-1
2994,6495,32.09835008599537,0,0,0,0,0,0,0,1,0,1073.822168677061,1.587399297688804e-06,3.848597048716521e-05,31.07635126579038
2995,10513,49.65643676223621,0,0,0,0,0,0,0,1,0,2055.313055466378,1.587399297688804e-06,3.848597048716521e-05,48.63443794223614
2996,10291,51.85711740989377,0,0,0,0,0,0,0,1,0,2180.337433432301,1.587399297688804e-06,3.848597048716521e-05,50.83511858989365
2997,10628,46.54528570566776,0,0,0,0,0,0,0,1,0,2043.053681657145,1.587399297688804e-06,3.848597048716521e-05,45.52328688566768
2998,11032,50.4175254476031,0,0,0,0,0,0,0,1,0,943.0188339560268,1.587399297688804e-06,3.848597048716521e-05,49.39552662760307
2999,8550,42.26503390686328,0,0,0,0,0,0,0,1,0,1982.30537724457,1.587399297688804e-06,3.848597048716521e-05,41.24303508687172
3000,8864,38.73808115459913,0,0,0,0,0,0,0,1,0,1576.196849130711,1.587399297688804e-06,3.848597048716521e-05,37.71608233459908
3001,7649,34.78878531611836,0,0,0,0,0,0,0,1,0,22.87225014752147,1.587399297688804e-06,3.848597048716521e-05,33.76678649611835
3002,3566,19.96124461520757,0,0,0,0,0,0,0,1,0,2777.500010666711,1.587399297688804e-06,3.848597048716521e-05,18.93924579520757
3003,6661,31.73514984707194,0,0,0,0,0,0,0,1,0,3902.31401121645,1.587399297688804e-06,3.848597048716521e-05,30.71315102707193
3004,7217,30.56539245143291,0,0,0,0,0,0,0,1,0,407.7041690220058,1.587399297688804e-06,3.848597048716521e-05,29.54339363143287
3005,9614,46.09639209858227,0,0,0,0,0,0,0,1,0,8.030014616611375,1.587399297688804e-06,3.848597048716521e-05,45.07439327858226
3006,9248,44.45299539949079,0,0,0,0,0,0,0,1,0,4388.198600466644,1.587399297688804e-06,3.848597048716521e-05,43.43099657949062
3007,8164,39.59593371562956,0,0,0,0,0,0,0,1,0,1281.918167013246,1.587399297688804e-06,3.848597048716521e-05,38.57393489562948
3008,8346,38.80319960131089,0,0,0,0,0,0,0,1,0,448.1442285087691,1.587399297688804e-06,3.848597048716521e-05,37.78120078131089
3009,11062,51.97906193126607,0,0,0,0,0,0,0,1,0,617.5679545092113,1.587399297688804e-06,3.848597048716521e-05,50.9570631113003
3010,8645,40.30299929166968,0,0,0,0,0,0,0,1,0,1269.09131297555,1.587399297688804e-06,3.848597048716521e-05,39.28100047166961
3011,5343,26.13731020469563,0,0,0,0,0,0,0,1,0,2800.533172533615,1.587399297688804e-06,3.848597048716521e-05,25.11531138469563
3012,7243,36.07667730400768,0,0,0,0,0,0,0,1,0,4596.345491173813,1.587399297688804e-06,3.848597048716521e-05,35.05467848400761
3013,3866,18.94159730517194,0,0,0,0,0,0,0,1,0,2766.804680868954,1.587399297688804e-06,3.848597048716521e-05,17.91959848517191
3014,0,1e-06,0,0,0,0,0,0,0,0,0,10225.47420340018,1.587399297688804e-06,3.848597048716521e-05,-1
3015,5023,23.44222029322674,0,0,0,0,0,0,0,1,0,3262.962310383406,1.587399297688804e-06,3.848597048716521e-05,22.42022147322672
3016,6313,27.75826920134065,0,0,0,0,0,0,0,1,0,398.9181833863103,1.587399297688804e-06,3.848597048716521e-05,26.7362703813407
3017,6899,31.7671123426396,0,0,0,0,0,0,0,1,0,3814.510893727345,1.587399297688804e-06,3.848597048716521e-05,30.74511352263957
3018,9678,44.29687856202589,0,0,0,0,0,0,0,1,0,382.0302792021918,1.587399297688804e-06,3.848597048716521e-05,43.27487974199838
3019,8514,38.67817059536866,0,0,0,0,0,0,0,1,0,7997.390041622712,1.587399297688804e-06,3.848597048716521e-05,37.65617177536866
3020,8560,38.73744066300509,0,0,0,0,0,0,0,1,0,220.7718812003089,1.587399297688804e-06,3.848597048716521e-05,37.71544184288939
3021,6409,27.4585908175775,0,0,0,0,0,0,0,1,0,87.41575164148938,1.587399297688804e-06,3.848597048716521e-05,26.4365919975775
3022,10961,51.17506569016398,0,0,0,0,0,0,0,1,0,1419.833387306501,1.587399297688804e-06,3.848597048716521e-05,50.15306687016397
3023,4072,21.35798033213091,0,0,0,0,0,0,0,1,0,3054.693172701704,1.587399297688804e-06,3.848597048716521e-05,20.33598151213087
3024,5474,27.24017221178323,0,0,0,0,0,0,0,1,0,3578.391761317327,1.587399297688804e-06,3.848597048716521e-05,26.21817339178324
3025,9598,42.9496978539682,0,0,0,0,0,0,0,1,0,1601.796069728701,1.587399297688804e-06,3.848597048716521e-05,41.92769903396805
3026,10465,52.10409387005698,0,0,0,0,0,0,0,1,0,631.9973309104631,1.587399297688804e-06,3.848597048716521e-05,51.08209504949503
3027,9068,43.57864540491161,0,0,0,0,0,0,0,1,0,410.0626036546498,1.587399297688804e-06,3.848597048716521e-05,42.55664658452496
3028,9190,46.59638525086138,0,0,0,0,0,0,0,1,0,153.8798354093504,1.587399297688804e-06,3.848597048716521e-05,45.57438643086124
3029,10700,51.95500925528977,0,0,0,0,0,0,0,1,0,156.62564908353,1.587399297688804e-06,3.848597048716521e-05,50.93301043529017
3030,7178,39.26158710570166,0,0,0,0,0,0,0,1,0,4142.246904841997,1.587399297688804e-06,3.848597048716521e-05,38.23958828570156
3031,2274,11.48768505741334,0,0,0,0,0,0,0,1,0,3794.193977872346,1.587399297688804e-06,3.848597048716521e-05,10.46568623741333
3032,10742,46.26980677043358,0,0,0,0,0,0,0,1,0,2045.712596533837,1.587399297688804e-06,3.848597048716521e-05,45.24780795043345
3033,6122,30.4243097614689,0,0,0,0,0,0,0,1,0,1118.62074568445,1.587399297688804e-06,3.848597048716521e-05,29.40231094146892
3034,6706,32.85192524111539,0,0,0,0,0,0,0,1,0,1103.052121651292,1.587399297688804e-06,3.848597048716521e-05,31.82992642111533
3035,9657,43.2716397296718,0,0,0,0,0,0,0,1,0,20.26531871890528,1.587399297688804e-06,3.848597048716521e-05,42.24964090967172
3036,5558,26.79837172647923,0,0,0,0,0,0,0,1,0,284.608602278902,1.587399297688804e-06,3.848597048716521e-05,25.7763729064792
3037,7872,39.74009231870052,0,0,0,0,0,0,0,1,0,2395.623645569295,1.587399297688804e-06,3.848597048716521e-05,38.71809349870043
3038,6274,32.96829983520785,0,0,0,0,0,0,0,1,0,3357.535074120263,1.587399297688804e-06,3.848597048716521e-05,31.94630101520783
3039,11810,48.85862004404948,0,0,0,0,0,0,0,1,0,2367.263036626449,1.587399297688804e-06,3.848597048716521e-05,47.83662122404944
3040,5193,26.5501478655949,0,0,0,0,0,0,0,1,0,28.18345817319553,1.587399297688804e-06,3.848597048716521e-05,25.52814904559491
3041,3612,16.51955628451148,0,0,0,0,0,0,0,1,0,3388.974740003346,1.587399297688804e-06,3.848597048716521e-05,15.4975574645115
3042,10810,47.83985415503918,0,0,0,0,0,0,0,1,0,3034.597104948593,1.587399297688804e-06,3.848597048716521e-05,46.81785533521241
3043,9719,42.20436199960466,0,0,0,0,0,0,0,1,0,497.9496091005091,1.587399297688804e-06,3.848597048716521e-05,41.18236317960461
3044,0,1e-06,0,0,0,0,0,0,0,0,0,12856.69735628217,1.587399297688804e-06,3.848597048716521e-05,-1
3045,8476,38.32470102505697,0,0,0,0,0,0,0,1,0,2507.663490857049,1.587399297688804e-06,3.848597048716521e-05,37.3027022050569
3046,11582,52.43386401744544,0,0,0,0,0,0,0,1,0,414.5994582141408,1.587399297688804e-06,3.848597048716521e-05,51.41186519746132
3047,8305,36.83998143450554,0,0,0,0,0,0,0,1,0,463.140943572718,1.587399297688804e-06,3.848597048716521e-05,35.8179826145055
3048,10579,50.06855476361856,0,0,0,0,0,0,0,1,0,1699.654225868679,1.587399297688804e-06,3.848597048716521e-05,49.0465559436197
3049,3588,17.62851534467887,0,0,0,0,0,0,0,1,0,541.1531088893169,1.587399297688804e-06,3.848597048716521e-05,16.60651652467886
3050,9853,50.8830333539934,0,0,0,0,0,0,0,1,0,2740.468924122094,1.587399297688804e-06,3.848597048716521e-05,49.86103453408523
3051,5240,26.41130961889559,0,0,0,0,0,0,0,1,0,189.4635995091864,1.587399297688804e-06,3.848597048716521e-05,25.38931079889552
3052,9189,41.96849560166367,0,0,0,0,0,0,0,1,0,5036.970777203991,1.587399297688804e-06,3.848597048716521e-05,40.94649678166364
3053,7511,33.51503634084848,0,0,0,0,0,0,0,1,0,2341.877151969462,1.587399297688804e-06,3.848597048716521e-05,32.49303752084842
3054,8883,38.69740921463813,0,0,0,0,0,0,0,1,0,4466.667867081925,1.587399297688804e-06,3.848597048716521e-05,37.67541039463806
3055,9684,43.99701553276338,0,0,0,0,0,0,0,1,0,5278.589335022536,1.587399297688804e-06,3.848597048716521e-05,42.97501671262699
3056,8584,42.42890739947075,0,0,0,0,0,0,0,1,0,2881.608468235635,1.587399297688804e-06,3.848597048716521e-05,41.40690857951144
3057,8184,35.04287193192031,0,0,0,0,0,0,0,1,0,6091.41845251048,1.587399297688804e-06,3.848597048716521e-05,34.02087311192026
3058,4598,20.22323900775085,0,0,0,0,0,0,0,1,0,2696.245002270842,1.587399297688804e-06,3.848597048716521e-05,19.20124018775084
3059,9210,43.65094840110658,0,0,0,0,0,0,0,1,0,2394.230686684626,1.587399297688804e-06,3.848597048716521e-05,42.62894958110653
3060,10260,48.73704005406367,0,0,0,0,0,0,0,1,0,1396.637363237333,1.587399297688804e-06,3.848597048716521e-05,47.71504123401583
3061,7952,36.45676159516256,0,0,0,0,0,0,0,1,0,1729.033576858466,1.587399297688804e-06,3.848597048716521e-05,35.43476277516253
3062,2380,12.75841184540266,0,0,0,0,0,0,0,1,0,1891.991809174808,1.587399297688804e-06,3.848597048716521e-05,11.73641302540265
3063,9184,40.50227024166718,0,0,0,0,0,0,0,1,0,889.0326899604145,1.587399297688804e-06,3.848597048716521e-05,39.48027142166715
3064,7881,34.09997693380319,0,0,0,0,0,0,0,1,0,809.1065560395816,1.587399297688804e-06,3.848597048716521e-05,33.07797811380313
3065,10143,47.42079358405373,0,0,0,0,0,0,0,1,0,1168.196470087263,1.587399297688804e-06,3.848597048716521e-05,46.3987947638243
3066,6499,29.57288475104344,0,0,0,0,0,0,0,1,0,1280.977976375511,1.587399297688804e-06,3.848597048716521e-05,28.55088593104345
3067,7177,31.5783729618969,0,0,0,0,0,0,0,1,0,4.238361497020116,1.587399297688804e-06,3.848597048716521e-05,30.5563741418969
3068,8423,35.04497023081468,0,0,0,0,0,0,0,1,0,1617.831980082562,1.587399297688804e-06,3.848597048716521e-05,34.02297141081454
3069,6559,29.62003938584926,0,0,0,0,0,0,0,1,0,1614.351546349938,1.587399297688804e-06,3.848597048716521e-05,28.59804056584928
3070,9992,42.89348858626821,0,0,0,0,0,0,0,1,0,1069.242970244022,1.587399297688804e-06,3.848597048716521e-05,41.87148976626806
3071,8272,39.55729474159228,0,0,0,0,0,0,0,1,0,4159.116075181273,1.587399297688804e-06,3.848597048716521e-05,38.53529592159226
3072,11932,53.16957529073169,0,0,0,0,0,0,0,1,0,2006.822330778655,1.587399297688804e-06,3.848597048716521e-05,52.14757647073162
3073,9855,43.96855916681631,0,0,0,0,0,0,0,1,0,6392.100240135625,1.587399297688804e-06,3.848597048716521e-05,42.94656034681627
3074,5257,22.43243924472134,0,0,0,0,0,0,0,1,0,2623.788650820282,1.587399297688804e-06,3.848597048716521e-05,21.41044042472133
3075,10730,47.61081706032746,0,0,0,0,0,0,0,1,0,2491.680068354482,1.587399297688804e-06,3.848597048716521e-05,46.58881824032747
3076,7999,37.6247530405977,0,0,0,0,0,0,0,1,0,912.2005014481948,1.587399297688804e-06,3.848597048716521e-05,36.6027542205976
3077,9987,45.88919254952539,0,0,0,0,0,0,0,1,0,2333.18436150363,1.587399297688804e-06,3.848597048716521e-05,44.86719372952532
3078,10868,48.50745578300707,0,0,0,0,0,0,0,1,0,843.5278148607954,1.587399297688804e-06,3.848597048716521e-05,47.48545696300533
3079,3562,19.17746652751594,0,0,0,0,0,0,0,1,0,5008.623793223628,1.587399297688804e-06,3.848597048716521e-05,18.15546770751594
3080,5598,25.84653847964386,0,0,0,0,0,0,0,1,0,2077.544112176264,1.587399297688804e-06,3.848597048716521e-05,24.82453965964385
3081,9671,43.84577394621979,0,0,0,0,0,0,0,1,0,396.3006644447133,1.587399297688804e-06,3.848597048716521e-05,42.82377512621967
3082,10955,49.0034653677081,0,0,0,0,0,0,0,1,0,1843.180963116843,1.587399297688804e-06,3.848597048716521e-05,47.98146654770811
3083,6462,29.00975933328351,0,0,0,0,0,0,0,1,0,5968.049454195605,1.587399297688804e-06,3.848597048716521e-05,27.9877605132835
3084,11251,52.47286618013367,0,0,0,0,0,0,0,1,0,491.9194923407477,1.587399297688804e-06,3.848597048716521e-05,51.45086736013343
3085,8243,36.93825054048827,0,0,0,0,0,0,0,1,0,9470.411622085419,1.587399297688804e-06,3.848597048716521e-05,35.9162517204882
3086,7677,37.5113788597282,0,0,0,0,0,0,0,1,0,394.8913349103581,1.587399297688804e-06,3.848597048716521e-05,36.4893800397281
3087,4798,21.83938145239256,0,0,0,0,0,0,0,1,0,640.6507830222154,1.587399297688804e-06,3.848597048716521e-05,20.81738263239253
3088,5535,25.03333338701755,0,0,0,0,0,0,0,1,0,4166.44886701798,1.587399297688804e-06,3.848597048716521e-05,24.01133456701751
3089,6392,29.00690134710188,0,0,0,0,0,0,0,1,0,3290.37625601343,1.587399297688804e-06,3.848597048716521e-05,27.98490252709667
3090,2099,11.99375975458281,0,0,0,0,0,0,0,1,0,4124.137573513613,1.587399297688804e-06,3.848597048716521e-05,10.97176093458282
3091,9077,43.23785701848544,0,0,0,0,0,0,0,1,0,2948.900443120021,1.587399297688804e-06,3.848597048716521e-05,42.21585819848531
3092,8976,42.98149995245285,0,0,0,0,0,0,0,1,0,800.7698978802151,1.587399297688804e-06,3.848597048716521e-05,41.95950113245277
3093,10568,46.95368771507351,0,0,0,0,0,0,0,1,0,4813.356222924604,1.587399297688804e-06,3.848597048716521e-05,45.93168889507339
3094,10918,49.6968873711853,0,0,0,0,0,0,0,1,0,396.327908036958,1.587399297688804e-06,3.848597048716521e-05,48.67488855118522
3095,8791,36.82363626506945,0,0,0,0,0,0,0,1,0,4124.319176146765,1.587399297688804e-06,3.848597048716521e-05,35.8016374450694
3096,11272,51.00718726476572,0,0,0,0,0,0,0,1,0,1458.343024478999,1.587399297688804e-06,3.848597048716521e-05,49.98518844476561
3097,3431,16.07371887310794,0,0,0,0,0,0,0,1,0,2566.69847166168,1.587399297688804e-06,3.848597048716521e-05,15.05172005310796
3098,10221,47.89799521887354,0,0,0,0,0,0,0,1,0,464.4114128025765,1.587399297688804e-06,3.848597048716521e-05,46.87599639901032
3099,8649,43.044360356016,0,0,0,0,0,0,0,1,0,2584.94455458483,1.587399297688804e-06,3.848597048716521e-05,42.02236153601598
3100,11232,49.66833631970388,0,0,0,0,0,0,0,1,0,7243.664704495321,1.587399297688804e-06,3.848597048716521e-05,48.64633749970387
3101,8297,41.23367043339879,0,0,0,0,0,0,0,1,0,7818.4800838079,1.587399297688804e-06,3.848597048716521e-05,40.21167161337394
3102,10059,44.57243527642041,0,0,0,0,0,0,0,1,0,313.6126925014283,1.587399297688804e-06,3.848597048716521e-05,43.55043645642038
3103,7520,34.55548811813721,0,0,0,0,0,0,0,1,0,2341.669625699279,1.587399297688804e-06,3.848597048716521e-05,33.5334892981372
3104,11371,48.26495275466954,0,0,0,0,0,0,0,1,0,645.9841058031336,1.587399297688804e-06,3.848597048716521e-05,47.24295393466944
3105,5939,28.63273697876468,0,0,0,0,0,0,0,1,0,1297.042098883056,1.587399297688804e-06,3.848597048716521e-05,27.6107381587647
3106,10648,47.19127902446284,0,0,0,0,0,0,0,1,0,8811.148181328672,1.587399297688804e-06,3.848597048716521e-05,46.16928020446282
3107,0,1e-06,0,0,0,0,0,0,0,0,0,11011.63407374445,1.587399297688804e-06,3.848597048716521e-05,-1
3108,11456,49.62259434959401,0,0,0,0,0,0,0,1,0,111.5721053555401,1.587399297688804e-06,3.848597048716521e-05,48.60059552959389
3109,2295,11.78492712633642,0,0,0,0,0,0,0,1,0,2950.47043564344,1.587399297688804e-06,3.848597048716521e-05,10.76292830633642
3110,6682,33.47343585630659,0,0,0,0,0,0,0,1,0,3063.839198176685,1.587399297688804e-06,3.848597048716521e-05,32.4514370363065
3111,11311,53.20962596787772,0,0,0,0,0,0,0,1,0,4106.704830786877,1.587399297688804e-06,3.848597048716521e-05,52.18762714787746
3112,7944,40.74247951910336,0,0,0,0,0,0,0,1,0,804.3324723236481,1.587399297688804e-06,3.848597048716521e-05,39.72048069910329
3113,2316,11.10728850888356,0,0,0,0,0,0,0,1,0,204.0890896496162,1.587399297688804e-06,3.848597048716521e-05,10.08528968888356
3114,12200,52.66573207433693,0,0,0,0,0,0,0,1,0,498.1896789853845,1.587399297688804e-06,3.848597048716521e-05,51.64373325533007
3115,6891,32.51637115539684,0,0,0,0,0,0,0,1,0,371.4008806256792,1.587399297688804e-06,3.848597048716521e-05,31.49437233539685
3116,8989,43.21237585168858,0,0,0,0,0,0,0,1,0,403.3608704345403,1.587399297688804e-06,3.848597048716521e-05,42.19037703168842
3117,9899,45.32184175283488,0,0,0,0,0,0,0,1,0,2633.062844881783,1.587399297688804e-06,3.848597048716521e-05,44.29984293284105
3118,7301,30.9247878804474,0,0,0,0,0,0,0,1,0,84.37050062816229,1.587399297688804e-06,3.848597048716521e-05,29.90278906044744
3119,9679,45.80913392535705,0,0,0,0,0,0,0,1,0,4810.556190803967,1.587399297688804e-06,3.848597048716521e-05,44.78713510535697
3120,6867,32.14784967584737,0,0,0,0,0,0,0,1,0,5990.12503714382,1.587399297688804e-06,3.848597048716521e-05,31.12585085584733
3121,9890,47.8772641765321,0,0,0,0,0,0,0,1,0,2517.587699301291,1.587399297688804e-06,3.848597048716521e-05,46.85526535653202
3122,10995,49.64369087414395,0,0,0,0,0,0,0,1,0,2469.726158659423,1.587399297688804e-06,3.848597048716521e-05,48.62169205414389
3123,5643,26.99882276299191,0,0,0,0,0,0,0,1,0,679.8215286210954,1.587399297688804e-06,3.848597048716521e-05,25.97682394299191
3124,9774,43.54774528252101,0,0,0,0,0,0,0,1,0,2961.324858051574,1.587399297688804e-06,3.848597048716521e-05,42.52574646252085
3125,10530,47.64534545034499,0,0,0,0,0,0,0,1,0,1342.361944738511,1.587399297688804e-06,3.848597048716521e-05,46.62334663034487
3126,9934,46.4322751674002,0,0,0,0,0,0,0,1,0,2248.000960212734,1.587399297688804e-06,3.848597048716521e-05,45.41027634740013
3127,8774,39.37808909529323,0,0,0,0,0,0,0,1,0,2221.711347995947,1.587399297688804e-06,3.848597048716521e-05,38.35609027529312
3128,7532,33.22597567832072,0,0,0,0,0,0,0,1,0,3891.36833483865,1.587399297688804e-06,3.848597048716521e-05,32.20397685832061
3129,8879,44.24536683858874,0,0,0,0,0,0,0,1,0,937.4744893305432,1.587399297688804e-06,3.848597048716521e-05,43.22336801858872
3130,8545,41.21377859837097,0,0,0,0,0,0,0,1,0,1841.379246193678,1.587399297688804e-06,3.848597048716521e-05,40.19177977837084
3131,9340,45.11079591159033,0,0,0,0,0,0,0,1,0,9255.969799883655,1.587399297688804e-06,3.848597048716521e-05,44.08879709159021
3132,9264,44.74507349160567,0,0,0,0,0,0,0,1,0,1313.391748553994,1.587399297688804e-06,3.848597048716521e-05,43.72307467160565
3133,9854,46.80665665678255,0,0,0,0,0,0,0,1,0,1770.418180149592,1.587399297688804e-06,3.848597048716521e-05,45.78465783666601
3134,6738,32.68033777085576,0,0,0,0,0,0,0,1,0,344.9099498905508,1.587399297688804e-06,3.848597048716521e-05,31.65833895086386
3135,4705,19.97699973915215,0,0,0,0,0,0,0,1,0,225.3003324812496,1.587399297688804e-06,3.848597048716521e-05,18.9550009191522
3136,7448,33.46777320540482,0,0,0,0,0,0,0,1,0,8053.399144402956,1.587399297688804e-06,3.848597048716521e-05,32.4457743854047
3137,10074,47.26046574865282,0,0,0,0,0,0,0,1,0,93.33062849294706,1.587399297688804e-06,3.848597048716521e-05,46.23846692864549
3138,5017,23.79410242747733,0,0,0,0,0,0,0,1,0,1660.382036646564,1.587399297688804e-06,3.848597048716521e-05,22.77210360747733
3139,6880,37.439530359795,0,0,0,0,0,0,0,1,0,2074.782808764545,1.587399297688804e-06,3.848597048716521e-05,36.41753153979499
3140,10429,50.36640128909948,0,0,0,0,0,0,0,1,0,2781.047665579939,1.587399297688804e-06,3.848597048716521e-05,49.34440246920217
3141,1953,8.131407591945187,0,0,0,0,0,0,0,1,0,81.92165576804547,1.587399297688804e-06,3.848597048716521e-05,7.109408771945189
3142,7438,32.71269737498497,0,0,0,0,0,0,0,1,0,2456.666473845366,1.587399297688804e-06,3.848597048716521e-05,31.6906985549849
3143,9579,47.93130209361847,0,0,0,0,0,0,0,1,0,1141.493820520032,1.587399297688804e-06,3.848597048716521e-05,46.9093032736184
3144,11428,51.70399388627838,0,0,0,0,0,0,0,1,0,359.5323111277235,1.587399297688804e-06,3.848597048716521e-05,50.68199506627825
3145,7094,33.05494296342851,0,0,0,0,0,0,0,1,0,340.4542457200766,1.587399297688804e-06,3.848597048716521e-05,32.03294414342854
3146,6150,31.01551901154723,0,0,0,0,0,0,0,1,0,590.544115717991,1.587399297688804e-06,3.848597048716521e-05,29.99352019154766
3147,10958,51.94164092193552,0,0,0,0,0,0,0,1,0,144.6361139669587,1.587399297688804e-06,3.848597048716521e-05,50.9196421019353
3148,10107,46.00010406673516,0,0,0,0,0,0,0,1,0,2150.545691523007,1.587399297688804e-06,3.848597048716521e-05,44.97810524673504
3149,4317,19.70190989355554,0,0,0,0,0,0,0,1,0,678.9974022493691,1.587399297688804e-06,3.848597048716521e-05,18.67991107355553
3150,11006,49.99884445083833,0,0,0,0,0,0,0,1,0,879.0976826916645,1.587399297688804e-06,3.848597048716521e-05,48.97684563083828
3151,11009,47.91576745138669,0,0,0,0,0,0,0,1,0,718.5006944261339,1.587399297688804e-06,3.848597048716521e-05,46.8937686313866
3152,8406,38.62380830494806,0,0,0,0,0,0,0,1,0,3701.589485612415,1.587399297688804e-06,3.848597048716521e-05,37.60180948494802
3153,10945,49.23517605272304,0,0,0,0,0,0,0,1,0,3290.054947586296,1.587399297688804e-06,3.848597048716521e-05,48.21317723272286
3154,6183,27.87957245794174,0,0,0,0,0,0,0,1,0,3693.527769233037,1.587399297688804e-06,3.848597048716521e-05,26.85757363794177
3155,8800,40.52152784587582,0,0,0,0,0,0,0,1,0,2759.072183048497,1.587399297688804e-06,3.848597048716521e-05,39.49952902587574
3156,1689,8.004920812064551,0,0,0,0,0,0,0,1,0,4300.644064129237,1.587399297688804e-06,3.848597048716521e-05,6.982921992064547
3157,11989,53.21038929554465,0,0,0,0,0,0,0,1,0,580.9221146345824,1.587399297688804e-06,3.848597048716521e-05,52.18839047554462
3158,11934,51.86088150764853,0,0,0,0,0,0,0,1,0,691.609073533418,1.587399297688804e-06,3.848597048716521e-05,50.83888268764844
3159,11157,51.67461308918767,0,0,0,0,0,0,0,1,0,3106.232408430642,1.587399297688804e-06,3.848597048716521e-05,50.65261426918769
3160,10651,47.34273520348191,0,0,0,0,0,0,0,1,0,453.5569084122351,1.587399297688804e-06,3.848597048716521e-05,46.32073638348162
3161,11158,53.27182239653371,0,0,0,0,0,0,0,1,0,537.6928346893218,1.587399297688804e-06,3.848597048716521e-05,52.24982357653366
3162,10640,52.2970825519045,0,0,0,0,0,0,0,1,0,1123.14587314662,1.587399297688804e-06,3.848597048716521e-05,51.27508373191601
3163,5999,26.22120821947732,0,0,0,0,0,0,0,1,0,4008.435116905797,1.587399297688804e-06,3.848597048716521e-05,25.19920939947731
3164,10583,48.31586407886348,0,0,0,0,1,0,0,1,0,4764.653664188853,1.587399297688804e-06,3.848597048716521e-05,47.29386525886321
3165,4190,19.04631774457046,0,0,0,0,0,0,0,1,0,2358.225875946333,1.587399297688804e-06,3.848597048716521e-05,18.02431892457047
3166,9028,38.06150268779008,0,0,0,0,0,0,0,1,0,9151.683635724345,1.587399297688804e-06,3.848597048716521e-05,37.03950386779007
3167,6826,34.18328006657538,0,0,0,0,0,0,0,1,0,417.5309663941636,1.587399297688804e-06,3.848597048716521e-05,33.16128124657526
3168,8259,38.21544902199259,0,0,0,0,0,0,0,1,0,3488.016554669177,1.587399297688804e-06,3.848597048716521e-05,37.19345020199341
3169,8976,43.12575139033882,0,0,0,0,0,0,0,1,0,1102.6711818771,1.587399297688804e-06,3.848597048716521e-05,42.10375257033877
3170,9122,38.58190177697975,0,0,0,0,0,0,0,1,0,128.904136526894,1.587399297688804e-06,3.848597048716521e-05,37.55990295697969
3171,6455,27.50026524921181,0,0,0,0,0,0,0,1,0,19.02812371848396,1.587399297688804e-06,3.848597048716521e-05,26.47826642921177
3172,10994,50.14389646660091,0,0,0,0,0,0,0,1,0,3663.639136789287,1.587399297688804e-06,3.848597048716521e-05,49.12189764551817
3173,7043,31.37611697871564,0,0,0,0,0,0,0,1,0,2066.548640216011,1.587399297688804e-06,3.848597048716521e-05,30.35411815871565
3174,10309,49.16127900553234,0,0,0,0,0,0,0,1,0,4656.029765071885,1.587399297688804e-06,3.848597048716521e-05,48.13928018557107
3175,8051,36.17056400944468,0,0,0,0,0,0,0,1,0,423.5702430141521,1.587399297688804e-06,3.848597048716521e-05,35.1485651894446
3176,10975,47.05899693148606,0,0,0,0,0,0,0,1,0,2463.116953992945,1.587399297688804e-06,3.848597048716521e-05,46.03699811174457
3177,10011,48.72833466755887,0,0,0,0,0,0,0,1,0,343.7121175378841,1.587399297688804e-06,3.848597048716521e-05,47.70633584755875
3178,5250,27.05910011049848,0,0,0,0,0,0,0,1,0,895.911871274727,1.587399297688804e-06,3.848597048716521e-05,26.03710129049852
3179,8052,36.29875682194252,0,0,0,0,0,0,0,1,0,3837.27098750791,1.587399297688804e-06,3.848597048716521e-05,35.27675800194241
3180,8210,38.8725297284979,0,0,0,0,0,0,0,1,0,1500.107297068324,1.587399297688804e-06,3.848597048716521e-05,37.85053090849787
3181,0,1e-06,0,0,0,0,0,0,0,0,0,12289.03349078527,1.587399297688804e-06,3.848597048716521e-05,-1
3182,8638,39.71520876791189,0,0,0,0,0,0,0,1,0,17.33329602815566,1.587399297688804e-06,3.848597048716521e-05,38.69320994791185
3183,9508,44.55303136322983,0,0,0,0,0,0,0,1,0,1625.379553056489,1.587399297688804e-06,3.848597048716521e-05,43.53103254322971
3184,9389,40.56541230128013,0,0,0,0,0,0,0,1,0,1164.250552984017,1.587399297688804e-06,3.848597048716521e-05,39.54341348128009
3185,4350,20.42681922602715,0,0,0,0,0,0,0,1,0,3261.360995379497,1.587399297688804e-06,3.848597048716521e-05,19.40482040602714
3186,10349,49.53886053561029,0,0,0,0,0,0,0,1,0,5378.972992282056,1.587399297688804e-06,3.848597048716521e-05,48.51686171561011
3187,10739,50.58588197867095,0,0,0,0,0,0,0,1,0,75.86202061869055,1.587399297688804e-06,3.848597048716521e-05,49.56388315869363
3188,8996,41.46739286317707,0,0,0,0,0,0,0,1,0,6278.84410314068,1.587399297688804e-06,3.848597048716521e-05,40.44539404320611
3189,9168,41.10703609358383,0,0,0,0,0,0,0,1,0,396.5370120843934,1.587399297688804e-06,3.848597048716521e-05,40.08503727358374
3190,7423,36.82693100013974,0,0,0,0,0,0,0,1,0,7637.544877055732,1.587399297688804e-06,3.848597048716521e-05,35.80493218013968
3191,1604,8.343584060043474,0,0,0,0,0,0,0,1,0,1151.629732495252,1.587399297688804e-06,3.848597048716521e-05,7.321585240043482
3192,7416,36.04094138787359,0,0,0,0,0,0,0,1,0,5951.715552760346,1.587399297688804e-06,3.848597048716521e-05,35.0189425677527
3193,7756,37.80096347769351,0,0,0,0,0,0,0,1,0,4121.070682575149,1.587399297688804e-06,3.848597048716521e-05,36.77896465769351
3194,7122,33.7889668650302,0,0,0,0,0,0,0,1,0,339.4151536571923,1.587399297688804e-06,3.848597048716521e-05,32.76696804503016
3195,8152,42.03433871521258,0,0,0,0,0,0,0,1,0,405.0896466895674,1.587399297688804e-06,3.848597048716521e-05,41.01233989524465
3196,8561,41.12496658272801,0,0,0,0,0,0,0,1,0,3084.314113081861,1.587399297688804e-06,3.848597048716521e-05,40.10296776154559
3197,5902,28.31151838849055,0,0,0,0,0,0,0,1,0,2812.414870302969,1.587399297688804e-06,3.848597048716521e-05,27.28951956849057
3198,5222,25.10842347092394,0,0,0,0,0,0,0,1,0,72.59042348558347,1.587399297688804e-06,3.848597048716521e-05,24.08642465092396
3199,9139,41.99364773687908,0,0,0,0,0,0,0,1,0,21.92102778170775,1.587399297688804e-06,3.848597048716521e-05,40.97164891687904
3200,5984,28.5444885474647,0,0,0,0,0,0,0,1,0,234.7319930106131,1.587399297688804e-06,3.848597048716521e-05,27.52248972746466
3201,7315,34.98965750633752,0,0,0,0,0,0,0,1,0,904.4362934218243,1.587399297688804e-06,3.848597048716521e-05,33.96765868620164
3202,9266,41.08247355302017,0,0,0,0,0,0,0,1,0,405.7390018247319,1.587399297688804e-06,3.848597048716521e-05,40.06047473302015
3203,10958,48.75935996554892,0,0,0,0,0,0,0,1,0,4317.477297360435,1.587399297688804e-06,3.848597048716521e-05,47.73736114554877
3204,9679,44.39109164986321,0,0,0,0,0,0,0,1,0,4789.888180409758,1.587399297688804e-06,3.848597048716521e-05,43.36909282986325
3205,10450,49.92777251746286,0,0,0,0,0,0,0,1,0,4319.692488102878,1.587399297688804e-06,3.848597048716521e-05,48.90577369746269
3206,8773,42.00693148885573,0,0,0,0,0,0,0,1,0,1402.84952838839,1.587399297688804e-06,3.848597048716521e-05,40.98493266885517
3207,11731,51.05032915293926,0,0,0,0,0,0,0,1,0,4190.066948793376,1.587399297688804e-06,3.848597048716521e-05,50.02833033293923
3208,7844,37.55761116086664,0,0,0,0,0,0,0,1,0,554.3106833118401,1.587399297688804e-06,3.848597048716521e-05,36.53561234086654
3209,6397,32.41842197666895,0,0,0,0,0,0,0,1,0,332.7865188302754,1.587399297688804e-06,3.848597048716521e-05,31.39642315666892
3210,10062,48.23257417212538,0,0,0,0,0,0,0,1,0,1257.632937985798,1.587399297688804e-06,3.848597048716521e-05,47.21057535212512
3211,9524,44.35552903941158,0,0,0,0,0,0,0,1,0,582.6617835795507,1.587399297688804e-06,3.848597048716521e-05,43.33353021941148
3212,11049,50.41905735399437,0,0,0,0,0,0,0,1,0,1060.766958324633,1.587399297688804e-06,3.848597048716521e-05,49.39705853399436
3213,11213,50.35044245486441,0,0,0,0,0,0,0,1,0,2329.630338989855,1.587399297688804e-06,3.848597048716521e-05,49.32844363486441
3214,9325,41.35151678231325,0,0,0,0,0,0,0,1,0,3301.936306450401,1.587399297688804e-06,3.848597048716521e-05,40.32951796231304
3215,12143,53.22206305736075,0,0,0,0,0,0,0,1,0,1697.573968419676,1.587399297688804e-06,3.848597048716521e-05,52.20006423736067
3216,4408,23.24922610422112,0,0,0,0,0,0,0,1,0,916.4205875143548,1.587399297688804e-06,3.848597048716521e-05,22.22722728421554
3217,10287,44.90087045758211,0,0,0,0,0,0,0,1,0,313.1957982615478,1.587399297688804e-06,3.848597048716521e-05,43.87887163758206
3218,10502,46.61570675946007,0,0,0,0,0,0,0,1,0,713.2858606930464,1.587399297688804e-06,3.848597048716521e-05,45.59370793946001
3219,8213,38.92901287502459,0,0,0,0,0,0,0,1,0,1462.82287816774,1.587399297688804e-06,3.848597048716521e-05,37.90701405502458
3220,12351,51.87008296971749,0,0,0,0,0,0,0,1,0,3881.269511538922,1.587399297688804e-06,3.848597048716521e-05,50.84808414971751
3221,4314,20.57714344607572,0,0,0,0,0,0,0,1,0,1543.556719392339,1.587399297688804e-06,3.848597048716521e-05,19.55514462607573
3222,8963,41.43563537746748,0,0,0,0,0,0,0,1,0,3795.004455501766,1.587399297688804e-06,3.848597048716521e-05,40.41363655746746
3223,3637,16.29685621387951,0,0,0,0,0,0,0,1,0,976.2065213031963,1.587399297688804e-06,3.848597048716521e-05,15.27485739387953
3224,7092,31.66459218380917,0,0,0,0,0,0,0,1,0,1163.217767121114,1.587399297688804e-06,3.848597048716521e-05,30.64259336380914
3225,10532,46.36553086674968,0,0,0,0,0,0,0,1,0,283.959165487897,1.587399297688804e-06,3.848597048716521e-05,45.34353204674953
3226,9110,46.74306436411736,0,0,0,0,0,0,0,1,0,1156.160475474245,1.587399297688804e-06,3.848597048716521e-05,45.72106554411724
3227,10690,52.73641414149486,0,0,0,0,0,0,0,1,0,2374.825389628411,1.587399297688804e-06,3.848597048716521e-05,51.71441532149486
3228,5748,25.27643528686106,0,0,0,0,0,0,0,1,0,743.8275952668017,1.587399297688804e-06,3.848597048716521e-05,24.25443646686103
3229,10850,48.51902315345454,0,0,0,0,0,0,0,1,0,685.0112599815666,1.587399297688804e-06,3.848597048716521e-05,47.49702433345442
3230,8122,36.32154768554209,0,0,0,0,0,0,0,1,0,5679.724075365718,1.587399297688804e-06,3.848597048716521e-05,35.29954886554206
3231,8493,41.12261744884638,0,0,0,0,0,0,0,1,0,1046.668927296835,1.587399297688804e-06,3.848597048716521e-05,40.10061862882819
3232,7821,34.55383355467984,0,0,0,0,0,0,0,1,0,1933.523499733248,1.587399297688804e-06,3.848597048716521e-05,33.53183473464919
3233,7411,33.38097304340457,0,0,0,0,0,0,0,1,0,575.5650782444544,1.587399297688804e-06,3.848597048716521e-05,32.35897422340442
3234,9101,44.42220395048552,0,0,0,0,0,0,0,1,0,2617.488078038095,1.587399297688804e-06,3.848597048716521e-05,43.4002051304855
3235,6093,27.94975493516378,0,0,0,0,0,0,0,1,0,2121.240878216101,1.587399297688804e-06,3.848597048716521e-05,26.92775611516383
3236,6789,30.93842967008247,0,0,0,0,0,0,0,1,0,2975.807770232979,1.587399297688804e-06,3.848597048716521e-05,29.91643085008247
3237,8989,41.86299107143394,0,0,0,0,0,0,0,1,0,344.4367725101895,1.587399297688804e-06,3.848597048716521e-05,40.84099225143399
3238,11527,50.09189629201995,0,0,0,0,0,0,0,1,0,1532.584373762136,1.587399297688804e-06,3.848597048716521e-05,49.06989747201985
3239,10778,51.4853644751615,0,0,0,0,0,0,0,1,0,1528.526603379667,1.587399297688804e-06,3.848597048716521e-05,50.46336565516136
3240,3351,15.68036733244536,0,0,0,0,0,0,0,1,0,7884.556711232207,1.587399297688804e-06,3.848597048716521e-05,14.65836851244535
3241,2171,11.84554959469207,0,0,0,0,0,0,0,1,0,2732.48409205619,1.587399297688804e-06,3.848597048716521e-05,10.82355077469206
3242,9241,44.17190739764556,0,0,0,0,0,0,0,1,0,1168.367107520183,1.587399297688804e-06,3.848597048716521e-05,43.1499085776455
3243,6230,28.44975041988794,0,0,0,0,0,0,0,1,0,15.86739402532896,1.587399297688804e-06,3.848597048716521e-05,27.42775159988795
3244,8764,38.75150510556528,0,0,0,0,0,0,0,1,0,1110.745729792987,1.587399297688804e-06,3.848597048716521e-05,37.7295062855652
3245,8744,40.85052578131558,0,0,0,0,0,0,0,1,0,3764.585892617822,1.587399297688804e-06,3.848597048716521e-05,39.82852696131553
3246,11162,47.0236914794509,0,0,0,0,0,0,0,1,0,1542.809514729515,1.587399297688804e-06,3.848597048716521e-05,46.00169265945087
3247,6502,29.22897133326272,0,0,0,0,0,0,0,1,0,3949.318607058279,1.587399297688804e-06,3.848597048716521e-05,28.20697251326266
3248,3930,18.84039347933885,0,0,0,0,0,0,0,1,0,3323.874160645626,1.587399297688804e-06,3.848597048716521e-05,17.81839465933884
3249,6335,28.71022421106771,0,0,0,0,0,0,0,1,0,1951.580329507884,1.587399297688804e-06,3.848597048716521e-05,27.68822539106773
3250,10847,48.3456236909053,0,0,0,0,0,0,0,1,0,1242.470350597656,1.587399297688804e-06,3.848597048716521e-05,47.32362487090511
3251,7896,35.1610129742654,0,0,0,0,0,0,0,1,0,57.77371425408798,1.587399297688804e-06,3.848597048716521e-05,34.13901415426528
3252,8115,40.46886020472601,0,0,0,0,0,0,0,1,0,621.0467004756387,1.587399297688804e-06,3.848597048716521e-05,39.44686138472591
3253,11263,48.85407602367189,0,0,0,0,0,0,0,1,0,1231.608588704843,1.587399297688804e-06,3.848597048716521e-05,47.83207720367182
3254,9167,39.69853752806618,0,0,0,0,0,0,0,1,0,1439.216254515674,1.587399297688804e-06,3.848597048716521e-05,38.67653870806611
3255,7804,32.41169554113397,0,0,0,0,0,0,0,1,0,2265.727146480947,1.587399297688804e-06,3.848597048716521e-05,31.38969672113395
3256,11179,48.90220532808526,0,0,0,0,0,0,0,1,0,1089.209502473372,1.587399297688804e-06,3.848597048716521e-05,47.88020650808522
3257,4850,23.38953733764172,0,0,0,0,0,0,0,1,0,1606.451405216537,1.587399297688804e-06,3.848597048716521e-05,22.36753851764173
3258,8446,39.17360193414449,0,0,0,0,0,0,0,1,0,3315.514792879633,1.587399297688804e-06,3.848597048716521e-05,38.1516031141445
3259,5399,28.35974388797178,0,0,0,0,0,0,0,1,0,3095.707701144639,1.587399297688804e-06,3.848597048716521e-05,27.33774506797178
3260,11344,50.11067981569734,0,0,0,0,0,0,0,1,0,1555.066644134263,1.587399297688804e-06,3.848597048716521e-05,49.0886809956972
3261,10325,48.05439805014479,0,0,0,0,0,0,0,1,0,1300.356380928972,1.587399297688804e-06,3.848597048716521e-05,47.03239923036647
3262,5475,26.29173244825348,0,0,0,0,0,0,0,1,0,4137.615726020786,1.587399297688804e-06,3.848597048716521e-05,25.26973362825348
3263,11176,50.76662630308613,0,0,0,0,0,0,0,1,0,576.2842899793582,1.587399297688804e-06,3.848597048716521e-05,49.7446274830504
3264,4341,19.37699399593919,0,0,0,0,0,0,0,1,0,333.8157110879849,1.587399297688804e-06,3.848597048716521e-05,18.35499517593915
3265,10376,47.66186891340297,0,0,0,0,0,0,0,1,0,1289.836279314425,1.587399297688804e-06,3.848597048716521e-05,46.63987009340287
3266,10019,45.90204690756473,0,0,0,0,0,0,0,1,0,199.8749073595302,1.587399297688804e-06,3.848597048716521e-05,44.8800480875646
3267,9239,44.82401840195132,0,0,0,0,0,0,0,1,0,1947.726341359111,1.587399297688804e-06,3.848597048716521e-05,43.80201958275743
3268,5831,25.21177532843651,0,0,0,0,0,0,0,1,0,4775.441841727956,1.587399297688804e-06,3.848597048716521e-05,24.1897765084365
3269,8592,38.00178979878052,0,0,0,0,0,0,0,1,0,832.665375430698,1.587399297688804e-06,3.848597048716521e-05,36.97979097878051
3270,9830,47.7508926738597,0,0,0,0,0,0,0,1,0,1610.884940298356,1.587399297688804e-06,3.848597048716521e-05,46.72889385391031
3271,8977,45.62746165911459,0,0,0,0,0,0,0,1,0,1468.894211241635,1.587399297688804e-06,3.848597048716521e-05,44.60546283911459
3272,7990,39.50542266218708,0,0,0,0,0,0,0,1,0,150.7239380253369,1.587399297688804e-06,3.848597048716521e-05,38.48342384218705
3273,7259,33.39266446651254,0,0,0,0,1,0,0,1,0,1209.002060477039,1.587399297688804e-06,3.848597048716521e-05,32.37066564650927
3274,5899,27.03033992444946,0,0,0,0,0,0,0,1,0,287.4626084375323,1.587399297688804e-06,3.848597048716521e-05,26.00834110444948
3275,10771,46.0864880375039,0,0,0,0,0,0,0,1,0,1159.231912029674,1.587399297688804e-06,3.848597048716521e-05,45.06448921750383
3276,11123,52.06124318509992,0,0,0,0,0,0,0,1,0,2248.431286348954,1.587399297688804e-06,3.848597048716521e-05,51.03924436509978
3277,9209,42.50383399308483,0,0,0,0,0,0,0,1,0,1676.887283981485,1.587399297688804e-06,3.848597048716521e-05,41.4818351730847
3278,4941,23.69278427956889,0,0,0,0,0,0,0,1,0,694.8132291315183,1.587399297688804e-06,3.848597048716521e-05,22.67078545956884
3279,7709,35.78466192090482,0,0,0,0,0,0,0,1,0,4407.993115581622,1.587399297688804e-06,3.848597048716521e-05,34.76266310090471
3280,4463,17.97787007738587,0,0,0,0,0,0,0,1,0,2513.705341911344,1.587399297688804e-06,3.848597048716521e-05,16.95587125738584
3281,9038,40.45623178702935,0,0,0,0,0,0,0,1,0,4367.171095182897,1.587399297688804e-06,3.848597048716521e-05,39.43423296702935
3282,9437,42.39346464832231,0,0,0,0,0,0,0,1,0,3750.107164805332,1.587399297688804e-06,3.848597048716521e-05,41.37146582832227
3283,8040,36.53485629491378,0,0,0,0,0,0,0,1,0,50.95557997225963,1.587399297688804e-06,3.848597048716521e-05,35.51285747491377
3284,4280,19.48718448725196,0,0,0,0,0,0,0,1,0,1491.306213121734,1.587399297688804e-06,3.848597048716521e-05,18.46518566725197
3285,10878,47.47744639229715,0,0,0,0,0,0,0,1,0,9244.379433072478,1.587399297688804e-06,3.848597048716521e-05,46.45544757229713
3286,9918,41.36770373565094,0,0,0,0,0,0,0,1,0,2970.24506999244,1.587399297688804e-06,3.848597048716521e-05,40.34570491565088
3287,8145,39.67539811708194,0,0,0,0,0,0,0,1,0,1099.742641021221,1.587399297688804e-06,3.848597048716521e-05,38.6533992970819
3288,3603,16.34352171650155,0,0,0,0,0,0,0,1,0,4464.457759864777,1.587399297688804e-06,3.848597048716521e-05,15.32152289650156
3289,8027,39.22119016752523,0,0,0,0,0,0,0,1,0,268.1416885750289,1.587399297688804e-06,3.848597048716521e-05,38.19919134752515
3290,6499,33.76416999383537,0,0,0,0,0,0,0,1,0,872.469285610464,1.587399297688804e-06,3.848597048716521e-05,32.74217117383529
3291,7071,34.32893555149747,0,0,0,0,0,0,0,1,0,5911.540361084224,1.587399297688804e-06,3.848597048716521e-05,33.30693673149748
3292,9470,43.55826874029383,0,0,0,0,0,0,0,1,0,7093.999758755426,1.587399297688804e-06,3.848597048716521e-05,42.53626992029368
3293,8120,36.01153563878688,0,0,0,0,0,0,0,1,0,3476.887387737167,1.587399297688804e-06,3.848597048716521e-05,34.98953681878681
3294,9315,47.08845923166594,0,0,0,0,0,0,0,1,0,2429.417139377492,1.587399297688804e-06,3.848597048716521e-05,46.06646041166586
3295,11594,51.30452223117636,0,0,0,0,0,0,0,1,0,3997.997383573927,1.587399297688804e-06,3.848597048716521e-05,50.28252341117626
3296,9181,41.10149996550247,0,0,0,0,0,0,0,1,0,200.0827298152342,1.587399297688804e-06,3.848597048716521e-05,40.0795011455024
3297,4411,19.07829129802671,0,0,0,0,0,0,0,1,0,8684.231588646502,1.587399297688804e-06,3.848597048716521e-05,18.05629247802672
3298,9169,43.64641192632742,0,0,0,0,0,0,0,1,0,3511.60364188365,1.587399297688804e-06,3.848597048716521e-05,42.6244131063272
3299,12334,52.59751932309368,0,0,0,0,0,0,0,1,0,402.463449596967,1.587399297688804e-06,3.848597048716521e-05,51.57552050309366
3300,9399,46.69231267159964,0,0,0,0,0,0,0,1,0,7736.060153717007,1.587399297688804e-06,3.848597048716521e-05,45.67031385159956
3301,11254,47.41299718361081,0,0,0,0,0,0,0,1,0,1342.173508773612,1.587399297688804e-06,3.848597048716521e-05,46.39099836361068
3302,7537,35.65757357991758,0,0,0,0,0,0,0,1,0,6014.759236697497,1.587399297688804e-06,3.848597048716521e-05,34.63557475991752
3303,10786,49.76285146338015,0,0,0,0,0,0,0,1,0,536.8141536906337,1.587399297688804e-06,3.848597048716521e-05,48.74085264338004
3304,11254,48.5759058330127,0,0,0,0,0,0,0,1,0,2104.535619480444,1.587399297688804e-06,3.848597048716521e-05,47.55390701301269
3305,7981,42.69564456668633,0,0,0,0,0,0,0,1,0,5930.641609635262,1.587399297688804e-06,3.848597048716521e-05,41.67364574668629
3306,7673,36.36497853874107,0,0,0,0,0,0,0,1,0,268.5830832465026,1.587399297688804e-06,3.848597048716521e-05,35.34297971874101
3307,11150,50.52923398517881,0,0,0,0,0,0,0,1,0,6491.850034301799,1.587399297688804e-06,3.848597048716521e-05,49.50723516517871
3308,10255,44.96912152832097,0,0,0,0,0,0,0,1,0,775.6807352546011,1.587399297688804e-06,3.848597048716521e-05,43.9471227083209
3309,8630,38.09906703779271,0,0,0,0,0,0,0,1,0,583.705274557178,1.587399297688804e-06,3.848597048716521e-05,37.07706821779259
3310,7601,39.58255930002839,0,0,0,0,0,0,0,1,0,518.0284404425071,1.587399297688804e-06,3.848597048716521e-05,38.56056048002835
3311,0,1e-06,0,0,0,0,0,0,0,0,0,12317.72916563829,1.587399297688804e-06,3.848597048716521e-05,-1
3312,2477,11.55527634352715,0,0,0,0,0,0,0,1,0,857.6381979777269,1.587399297688804e-06,3.848597048716521e-05,10.53327752352713
3313,6633,30.57797177874752,0,0,0,0,0,0,0,1,0,137.372198308769,1.587399297688804e-06,3.848597048716521e-05,29.55597295874752
3314,10240,50.7971798764226,0,0,0,0,0,0,0,1,0,1138.606272293269,1.587399297688804e-06,3.848597048716521e-05,49.77518105642256
3315,6637,31.60963731649749,0,0,0,0,0,0,0,1,0,967.1510652009898,1.587399297688804e-06,3.848597048716521e-05,30.58763849649742
3316,8856,38.89275314124039,0,0,0,0,0,0,0,1,0,1790.261984933462,1.587399297688804e-06,3.848597048716521e-05,37.87075432124037
3317,10025,48.63335554400586,0,0,0,0,0,0,0,1,0,454.1420336573444,1.587399297688804e-06,3.848597048716521e-05,47.61135672400209
3318,11379,50.96262694178498,0,0,0,0,0,0,0,1,0,4175.269881618628,1.587399297688804e-06,3.848597048716521e-05,49.94062812178483
3319,7948,38.17593048425503,0,0,0,0,0,0,0,1,0,2251.124073394628,1.587399297688804e-06,3.848597048716521e-05,37.15393166425503
3320,9009,43.29225280178304,0,0,0,0,0,0,0,1,0,703.2692101810142,1.587399297688804e-06,3.848597048716521e-05,42.27025398178296
3321,8490,39.60472216896954,0,0,0,0,0,0,0,1,0,246.9495655824518,1.587399297688804e-06,3.848597048716521e-05,38.58272334896954
3322,10617,45.59864465028496,0,0,0,0,0,0,0,1,0,599.1976678631875,1.587399297688804e-06,3.848597048716521e-05,44.57664583028489
3323,2758,13.3561856854431,0,0,0,0,0,0,0,1,0,1020.787511020167,1.587399297688804e-06,3.848597048716521e-05,12.3341868654431
3324,9864,47.87361626497665,0,0,0,0,0,0,0,1,0,1025.962756630989,1.587399297688804e-06,3.848597048716521e-05,46.85161744497693
3325,6444,34.33713003115747,0,0,0,0,0,0,0,1,0,278.7576989576327,1.587399297688804e-06,3.848597048716521e-05,33.31513121115737
3326,10007,48.333650211944,0,0,0,0,0,0,0,1,0,1029.292047968911,1.587399297688804e-06,3.848597048716521e-05,47.31165139189164
3327,8852,40.20283204887895,0,0,0,0,0,0,0,1,0,2533.722793435778,1.587399297688804e-06,3.848597048716521e-05,39.18083322887887
3328,11432,50.91277527212923,0,0,0,0,0,0,0,1,0,3387.662797034478,1.587399297688804e-06,3.848597048716521e-05,49.89077645212912
3329,3800,16.55801489953482,0,0,0,0,0,0,0,1,0,7979.115170439864,1.587399297688804e-06,3.848597048716521e-05,15.53601607953481
3330,3234,13.96324169022489,0,0,0,0,0,0,0,1,0,5286.219484067442,1.587399297688804e-06,3.848597048716521e-05,12.9412428702249
3331,7887,36.40933885750509,0,0,0,0,0,0,0,1,0,3599.487199585136,1.587399297688804e-06,3.848597048716521e-05,35.38734003750506
3332,4700,20.84496656765514,0,0,0,0,0,0,0,1,0,5869.409316864596,1.587399297688804e-06,3.848597048716521e-05,19.82296774765514
3333,6986,32.05227155417312,0,0,0,0,0,0,0,1,0,1461.108834526606,1.587399297688804e-06,3.848597048716521e-05,31.03027273417313
3334,10300,45.78314461247729,0,0,0,0,0,0,0,1,0,163.6172505560011,1.587399297688804e-06,3.848597048716521e-05,44.7611457924772
3335,7549,34.8508860265627,0,0,0,0,0,0,0,1,0,683.3363652649354,1.587399297688804e-06,3.848597048716521e-05,33.82888720656274
3336,9481,42.69092577335466,0,0,0,0,0,0,0,1,0,37.77510666797934,1.587399297688804e-06,3.848597048716521e-05,41.66892695335467
3337,4411,22.16532084077415,0,0,0,0,0,0,0,1,0,2066.915072868889,1.587399297688804e-06,3.848597048716521e-05,21.14332202077414
3338,9128,43.29996902305482,0,0,0,0,0,0,0,1,0,667.1072139625317,1.587399297688804e-06,3.848597048716521e-05,42.27797020305477
3339,8949,42.1144535600888,0,0,0,0,0,0,0,1,0,1656.721719594085,1.587399297688804e-06,3.848597048716521e-05,41.09245474008867
3340,10088,49.7411413049149,0,0,0,0,0,0,0,1,0,2827.085780318352,1.587399297688804e-06,3.848597048716521e-05,48.71914248500186
3341,7074,34.26236361883595,0,0,0,0,0,0,0,1,0,270.6803069084473,1.587399297688804e-06,3.848597048716521e-05,33.24036479883596
3342,5805,27.87759326859539,0,0,0,0,0,0,0,1,0,1082.538663630782,1.587399297688804e-06,3.848597048716521e-05,26.85559444859541
3343,10151,47.29594854214713,0,0,0,0,0,0,0,1,0,362.9452171637401,1.587399297688804e-06,3.848597048716521e-05,46.2739497221471
3344,7701,39.74173715047612,0,0,0,0,0,0,0,1,0,153.5092352566449,1.587399297688804e-06,3.848597048716521e-05,38.71973833047604
3345,7459,35.15758646152128,0,0,0,0,0,0,0,1,0,576.6503740400386,1.587399297688804e-06,3.848597048716521e-05,34.13558764152125
3346,8620,45.84687695451174,0,0,0,0,0,0,0,1,0,1453.71229034845,1.587399297688804e-06,3.848597048716521e-05,44.82487813448282
3347,4431,22.11320209973751,0,0,0,0,0,0,0,1,0,2287.61260223804,1.587399297688804e-06,3.848597048716521e-05,21.09120327973751
3348,11760,50.89778444353013,0,0,0,0,0,0,0,1,0,1249.861654801413,1.587399297688804e-06,3.848597048716521e-05,49.87578562353013
3349,7113,32.63855616213099,0,0,0,0,0,0,0,1,0,2076.098588117799,1.587399297688804e-06,3.848597048716521e-05,31.61655734213092
3350,7131,32.83704375804848,0,0,0,0,0,0,0,1,0,2155.491218712649,1.587399297688804e-06,3.848597048716521e-05,31.81504493804842
3351,9402,49.87843353714798,0,0,0,0,0,0,0,1,0,1492.813177623582,1.587399297688804e-06,3.848597048716521e-05,48.85643471723547
3352,3470,16.76516441959955,0,0,0,0,0,0,0,1,0,4322.647846645945,1.587399297688804e-06,3.848597048716521e-05,15.74316559959953
3353,11378,51.73501758883373,0,0,0,0,0,0,0,1,0,316.350442337168,1.587399297688804e-06,3.848597048716521e-05,50.71301876883368
3354,9479,42.69386629842304,0,0,0,0,0,0,0,1,0,4201.321577585069,1.587399297688804e-06,3.848597048716521e-05,41.67186747842301
3355,10672,53.17402768615526,0,0,0,0,0,0,0,1,0,2898.195932173869,1.587399297688804e-06,3.848597048716521e-05,52.15202886627964
3356,10646,47.0976271658818,0,0,0,0,0,0,0,1,0,3485.878273321903,1.587399297688804e-06,3.848597048716521e-05,46.07562834588168
3357,4407,19.78120761226585,0,0,0,0,0,0,0,1,0,2319.506699308222,1.587399297688804e-06,3.848597048716521e-05,18.75920879226583
3358,7272,33.97291657262777,0,0,0,0,0,0,0,1,0,9586.887888203901,1.587399297688804e-06,3.848597048716521e-05,32.95091775262775
3359,6164,29.26195407610362,0,0,0,0,0,0,0,1,0,138.1358573989522,1.587399297688804e-06,3.848597048716521e-05,28.23995525652245
3360,5278,24.77581295691045,0,0,0,0,0,0,0,1,0,1708.089580298808,1.587399297688804e-06,3.848597048716521e-05,23.75381413691045
3361,9185,49.49322677330061,0,0,0,0,0,0,0,1,0,1585.99658946957,1.587399297688804e-06,3.848597048716521e-05,48.47122795330036
3362,4766,21.17203598834868,0,0,0,0,0,0,0,1,0,1515.851973570141,1.587399297688804e-06,3.848597048716521e-05,20.15003716834866
3363,5710,24.64564676895643,0,0,0,0,0,0,0,1,0,1985.762352945944,1.587399297688804e-06,3.848597048716521e-05,23.62364794895644
3364,6606,32.83344899352991,0,0,0,0,0,0,0,1,0,1587.767982311889,1.587399297688804e-06,3.848597048716521e-05,31.81145017352986
3365,8580,38.73603761928918,0,0,0,0,0,0,0,1,0,120.5999587245218,1.587399297688804e-06,3.848597048716521e-05,37.71403879928906
3366,10625,47.66862497027718,0,0,0,0,0,0,0,1,0,753.9169246660348,1.587399297688804e-06,3.848597048716521e-05,46.64662615027695
3367,6092,26.39747943871033,0,0,0,0,0,0,0,1,0,308.6812641903365,1.587399297688804e-06,3.848597048716521e-05,25.37548061871033
3368,9062,38.9660726814443,0,0,0,0,0,0,0,1,0,103.3261122796375,1.587399297688804e-06,3.848597048716521e-05,37.9440738614442
3369,7532,32.47966125090449,0,0,0,0,0,0,0,1,0,2451.76122289387,1.587399297688804e-06,3.848597048716521e-05,31.45766243090443
3370,9740,44.850169545184,0,0,0,0,0,0,0,1,0,3830.888645075099,1.587399297688804e-06,3.848597048716521e-05,43.82817072520748
3371,11395,48.74355524785936,0,0,0,0,0,0,0,1,0,679.9077548420545,1.587399297688804e-06,3.848597048716521e-05,47.72155642785933
3372,5044,24.13767177178875,0,0,0,0,0,0,0,1,0,426.0659964304363,1.587399297688804e-06,3.848597048716521e-05,23.11567295178874
3373,5311,27.07290182941823,0,0,0,0,0,0,0,1,0,1030.592674751922,1.587399297688804e-06,3.848597048716521e-05,26.0509030094182
3374,7083,33.93559485382892,0,0,0,0,0,0,0,1,0,169.2993292464263,1.587399297688804e-06,3.848597048716521e-05,32.91359603382887
3375,5255,26.29480470011022,0,0,0,0,0,0,0,1,0,8540.465459829706,1.587399297688804e-06,3.848597048716521e-05,25.27280588011021
3376,10402,47.86367167092845,0,0,0,0,0,0,0,1,0,622.0222964490101,1.587399297688804e-06,3.848597048716521e-05,46.84167285092561
3377,4830,22.42446079763822,0,0,0,0,0,0,0,1,0,527.7223254437088,1.587399297688804e-06,3.848597048716521e-05,21.40246197763824
3378,7206,33.25948984086983,0,0,0,0,0,0,0,1,0,450.9281366996293,1.587399297688804e-06,3.848597048716521e-05,32.23749102086973
3379,5332,23.57302489530695,0,0,0,0,0,0,0,1,0,2632.754709361406,1.587399297688804e-06,3.848597048716521e-05,22.55102607530695
3380,5646,28.62003717842379,0,0,0,0,0,0,0,1,0,578.2308627526552,1.587399297688804e-06,3.848597048716521e-05,27.59803835842377
3381,9098,40.74978947312798,0,0,0,0,0,0,0,1,0,2352.688499169581,1.587399297688804e-06,3.848597048716521e-05,39.72779065312789
3382,8597,37.72135506734825,0,0,0,0,0,0,0,1,0,1291.824580986683,1.587399297688804e-06,3.848597048716521e-05,36.69935624734819
3383,4176,21.61952867721094,0,0,0,0,0,0,0,1,0,4680.193592207871,1.587399297688804e-06,3.848597048716521e-05,20.59752985721093
3384,10922,51.22875562888987,0,0,0,0,0,0,0,1,0,2558.883462162697,1.587399297688804e-06,3.848597048716521e-05,50.20675680881618
3385,6304,30.97259535385076,0,0,0,0,0,0,0,1,0,1496.599246972569,1.587399297688804e-06,3.848597048716521e-05,29.95059653385073
3386,9190,41.64452184585107,0,0,0,0,0,0,0,1,0,1344.502364109943,1.587399297688804e-06,3.848597048716521e-05,40.62252302585095
3387,11058,47.43916822209653,0,0,0,0,0,0,0,1,0,7934.727356624358,1.587399297688804e-06,3.848597048716521e-05,46.41716940209646
3388,5707,26.54080623420991,0,0,0,0,0,0,0,1,0,3641.36692563739,1.587399297688804e-06,3.848597048716521e-05,25.51880741420988
3389,8299,39.43906083135703,0,0,0,0,0,0,0,1,0,2386.842110832992,1.587399297688804e-06,3.848597048716521e-05,38.41706201135699
3390,8086,37.36357445482579,0,0,0,0,0,0,0,1,0,1138.645014257534,1.587399297688804e-06,3.848597048716521e-05,36.34157563482565
3391,8250,38.76671299641123,0,0,0,0,0,0,0,1,0,1518.11792205625,1.587399297688804e-06,3.848597048716521e-05,37.74471417641119
3392,9656,42.51792125203419,0,0,0,0,0,0,0,1,0,2110.712471456633,1.587399297688804e-06,3.848597048716521e-05,41.49592243203421
3393,3871,20.03032367951931,0,0,0,0,0,0,0,1,0,2838.340966682941,1.587399297688804e-06,3.848597048716521e-05,19.00832485951928
3394,10996,50.53961041893173,0,0,0,0,0,0,0,1,0,1137.268982749624,1.587399297688804e-06,3.848597048716521e-05,49.51761159893157
3395,7349,33.98870148106366,0,0,0,0,0,0,0,1,0,353.9446770867175,1.587399297688804e-06,3.848597048716521e-05,32.96670266106358
3396,7597,37.6595981300842,0,0,0,0,0,0,0,1,0,958.8409451312962,1.587399297688804e-06,3.848597048716521e-05,36.63759931008418
3397,9088,41.72126965074686,0,0,0,0,0,0,0,1,0,2103.153854657945,1.587399297688804e-06,3.848597048716521e-05,40.69927083074678
3398,10132,44.45646351055118,0,0,0,0,0,0,0,1,0,1282.687078219181,1.587399297688804e-06,3.848597048716521e-05,43.43446469055112
3399,7531,32.07581514473692,0,0,0,0,0,0,0,1,0,289.788842555939,1.587399297688804e-06,3.848597048716521e-05,31.05381632473693
3400,8522,40.99126188398693,0,0,0,0,0,0,0,1,0,1351.226834948187,1.587399297688804e-06,3.848597048716521e-05,39.96926306398679
3401,10895,49.37117049956758,0,0,0,0,0,0,0,1,0,194.839132646808,1.587399297688804e-06,3.848597048716521e-05,48.34917167956758
3402,7530,36.18143972237191,0,0,0,0,0,0,0,1,0,1754.675180886755,1.587399297688804e-06,3.848597048716521e-05,35.15944090228389
3403,9995,45.08716976545472,0,0,0,0,0,0,0,1,0,164.4869037308296,1.587399297688804e-06,3.848597048716521e-05,44.06517094545467
3404,7595,36.07665264736424,0,0,0,0,0,0,0,1,0,1639.322201529291,1.587399297688804e-06,3.848597048716521e-05,35.05465382736413
3405,8980,42.36332919481434,0,0,0,0,0,0,0,1,0,631.6181102132106,1.587399297688804e-06,3.848597048716521e-05,41.34133037481423
3406,8532,40.30394055464723,0,0,0,0,0,0,0,1,0,1451.038428597531,1.587399297688804e-06,3.848597048716521e-05,39.28194173464711
3407,7128,31.76676152832103,0,0,0,0,0,0,0,1,0,984.1090977349786,1.587399297688804e-06,3.848597048716521e-05,30.744762708321
3408,8226,34.75247263715701,0,0,0,0,0,0,0,1,0,1516.646303006752,1.587399297688804e-06,3.848597048716521e-05,33.73047381715701
3409,10337,48.39503404084266,0,0,0,0,0,0,0,1,0,1.730750696595462,1.587399297688804e-06,3.848597048716521e-05,47.37303522084253
3410,3531,19.05560313890035,0,0,0,0,0,0,0,1,0,818.0535401246827,1.587399297688804e-06,3.848597048716521e-05,18.03360431898103
3411,10446,44.58219878705198,0,0,0,0,0,0,0,1,0,3208.200727582633,1.587399297688804e-06,3.848597048716521e-05,43.56019996705188
3412,5162,25.94228760225951,0,0,0,0,0,0,0,1,0,1705.402764822735,1.587399297688804e-06,3.848597048716521e-05,24.92028878225424
3413,5029,22.16502180013511,0,0,0,0,0,0,0,1,0,284.5614035792696,1.587399297688804e-06,3.848597048716521e-05,21.14302298013508
3414,9162,41.58310135389485,0,0,0,0,0,0,0,1,0,2657.30892964061,1.587399297688804e-06,3.848597048716521e-05,40.56110253389476
3415,8696,40.28708553058247,0,0,0,0,0,0,0,1,0,1818.08092851242,1.587399297688804e-06,3.848597048716521e-05,39.2650867105824
3416,2227,11.53325707594187,0,0,0,0,0,0,0,1,0,1632.639082306545,1.587399297688804e-06,3.848597048716521e-05,10.51125825594186
3417,8569,37.21332504203097,0,0,0,0,0,0,0,1,0,2827.614823630387,1.587399297688804e-06,3.848597048716521e-05,36.19132622203094
3418,9502,42.56137698824418,0,0,0,0,0,0,0,1,0,3390.996736735144,1.587399297688804e-06,3.848597048716521e-05,41.53937816817358
3419,5905,29.500302577475,0,0,0,0,0,0,0,1,0,877.2072114518907,1.587399297688804e-06,3.848597048716521e-05,28.47830375747497
3420,6984,32.60011555710025,0,0,0,0,0,0,0,1,0,877.5091000295464,1.587399297688804e-06,3.848597048716521e-05,31.57811673710024
3421,11659,52.51388409472329,0,0,0,0,0,0,0,1,0,2116.39547718627,1.587399297688804e-06,3.848597048716521e-05,51.49188527472324
3422,11905,52.47936071072596,0,0,0,0,0,0,0,1,0,3561.640951050824,1.587399297688804e-06,3.848597048716521e-05,51.45736189072579
3423,8063,35.56851579032044,0,0,0,0,0,0,0,1,0,1482.276412761978,1.587399297688804e-06,3.848597048716521e-05,34.54651697037513
3424,6447,28.18676992536425,0,0,0,0,0,0,0,1,0,3254.028087491392,1.587399297688804e-06,3.848597048716521e-05,27.16477110536427
3425,7095,35.34560649356704,0,0,0,0,0,0,0,1,0,4514.274425477388,1.587399297688804e-06,3.848597048716521e-05,34.323607673564
3426,0,1e-06,0,0,0,0,0,0,0,0,0,11002.38043832348,1.587399297688804e-06,3.848597048716521e-05,-1
3427,4836,23.62440436854362,0,0,0,0,0,0,0,1,0,2952.619718180614,1.587399297688804e-06,3.848597048716521e-05,22.60240554839219
3428,6305,28.38553254568233,0,0,0,0,0,0,0,1,0,7633.052635217333,1.587399297688804e-06,3.848597048716521e-05,27.36353372568233
3429,10669,51.57946927425209,0,0,0,0,0,0,0,1,0,4899.842278544007,1.587399297688804e-06,3.848597048716521e-05,50.55747045421421
3430,11013,47.82028758125998,0,0,0,0,0,0,0,1,0,509.6166179795616,1.587399297688804e-06,3.848597048716521e-05,46.79828876125986
3431,5301,24.99800836838096,0,0,0,0,0,0,0,1,0,196.9228313363286,1.587399297688804e-06,3.848597048716521e-05,23.97600954838095
3432,11026,49.54098197492862,0,0,0,0,0,0,0,1,0,5878.346776700074,1.587399297688804e-06,3.848597048716521e-05,48.51898315492851
3433,11261,51.61334342889978,0,0,0,0,0,0,0,1,0,212.8808109566382,1.587399297688804e-06,3.848597048716521e-05,50.59134460889976
3434,9887,44.92489031617538,0,0,0,0,0,0,0,1,0,2923.228667357331,1.587399297688804e-06,3.848597048716521e-05,43.90289149617533
3435,10017,45.49028095728314,0,0,0,0,0,0,0,1,0,31.64997538513022,1.587399297688804e-06,3.848597048716521e-05,44.46828213728305
3436,7302,30.71874757465719,0,0,0,0,0,0,0,1,0,98.73135911270792,1.587399297688804e-06,3.848597048716521e-05,29.6967487546572
3437,10615,48.62446081214733,0,0,0,0,0,0,0,1,0,509.1890667250133,1.587399297688804e-06,3.848597048716521e-05,47.60246199214735
3438,9256,48.70123037489817,0,0,0,0,0,0,0,1,0,462.1114341570673,1.587399297688804e-06,3.848597048716521e-05,47.67923155489812
3439,7504,35.64163680163273,0,0,0,0,0,0,0,1,0,1446.191013483058,1.587399297688804e-06,3.848597048716521e-05,34.61963798163268
3440,9105,43.42458424054499,0,0,0,0,0,0,0,1,0,11.1858682413993,1.587399297688804e-06,3.848597048716521e-05,42.40258542054485
3441,3448,17.792543981354,0,0,0,0,0,0,0,1,0,2521.891350126166,1.587399297688804e-06,3.848597048716521e-05,16.77054516135401
3442,10813,47.49985716939341,0,0,0,0,0,0,0,1,0,82.1378347350129,1.587399297688804e-06,3.848597048716521e-05,46.47785834939332
3443,6819,32.91672102169831,0,0,0,0,0,0,0,1,0,6447.182238031866,1.587399297688804e-06,3.848597048716521e-05,31.89472220169825
3444,5615,26.03649152534237,0,0,0,0,0,0,0,1,0,309.3897033599034,1.587399297688804e-06,3.848597048716521e-05,25.01449270534232
3445,6439,31.18850351254818,0,0,0,0,0,0,0,1,0,1869.756854634447,1.587399297688804e-06,3.848597048716521e-05,30.16650469253782
3446,8582,38.39161668543638,0,0,0,0,0,0,0,1,0,1832.619723915334,1.587399297688804e-06,3.848597048716521e-05,37.3696178654363
3447,5787,26.7961228676011,0,0,0,0,0,0,0,1,0,831.7475635071909,1.587399297688804e-06,3.848597048716521e-05,25.7741240476011
3448,9335,47.57063301077494,0,0,0,0,0,0,0,1,0,2369.021329603455,1.587399297688804e-06,3.848597048716521e-05,46.54863419074856
3449,8690,39.45780828058054,0,0,0,0,0,0,0,1,0,390.0000762804858,1.587399297688804e-06,3.848597048716521e-05,38.43580946058047
3450,3971,18.02267058809587,0,0,0,0,0,0,0,1,0,3182.061012995195,1.587399297688804e-06,3.848597048716521e-05,17.00067176809585
3451,6144,27.37461860794948,0,0,0,0,0,0,0,1,0,489.6825677040402,1.587399297688804e-06,3.848597048716521e-05,26.3526197879495
3452,7920,41.88786574538953,0,0,0,0,0,0,0,1,0,1152.65350287431,1.587399297688804e-06,3.848597048716521e-05,40.86586692531479
3453,9717,45.39015779691431,0,0,0,0,0,0,0,1,0,3362.898740791824,1.587399297688804e-06,3.848597048716521e-05,44.36815897690764
3454,7353,31.13845543734272,0,0,0,0,0,0,0,1,0,2106.148126817118,1.587399297688804e-06,3.848597048716521e-05,30.1164566173427
3455,11377,49.72403436110132,0,0,0,0,0,0,0,1,0,890.8992119322453,1.587399297688804e-06,3.848597048716521e-05,48.70203554110134
3456,8467,40.0370505594835,0,0,0,0,0,0,0,1,0,3163.693710321619,1.587399297688804e-06,3.848597048716521e-05,39.01505173948343
3457,8707,40.16151376321395,0,0,0,0,0,0,0,1,0,606.0311660011682,1.587399297688804e-06,3.848597048716521e-05,39.13951494321388
3458,9472,47.052090028374,0,0,0,0,0,0,0,1,0,1498.346494247443,1.587399297688804e-06,3.848597048716521e-05,46.03009120837399
3459,7347,37.72978013400841,0,0,0,0,0,0,0,1,0,1362.206367193968,1.587399297688804e-06,3.848597048716521e-05,36.70778131418771
3460,10691,48.92956781781429,0,0,0,0,0,0,0,1,0,1853.393793923755,1.587399297688804e-06,3.848597048716521e-05,47.90756899781409
3461,6048,28.31484979370522,0,0,0,0,0,0,0,1,0,3893.575798667523,1.587399297688804e-06,3.848597048716521e-05,27.29285097370516
3462,7549,35.64741991496808,0,0,0,0,0,0,0,1,0,959.1035954586667,1.587399297688804e-06,3.848597048716521e-05,34.62542109496798
3463,9427,40.68207051587132,0,0,0,0,0,0,0,1,0,433.5839713686447,1.587399297688804e-06,3.848597048716521e-05,39.66007169587129
3464,8240,39.67107224919335,0,0,0,0,0,0,0,1,0,4556.180733863881,1.587399297688804e-06,3.848597048716521e-05,38.64907342919327
3465,8105,37.02411357919141,0,0,0,0,0,0,0,1,0,3246.406778047019,1.587399297688804e-06,3.848597048716521e-05,36.00211475919139
3466,5260,24.50339237980413,0,0,0,0,0,0,0,1,0,701.13089255738,1.587399297688804e-06,3.848597048716521e-05,23.48139355980412
3467,9625,47.61773420327486,0,0,0,0,0,0,0,1,0,1975.049076436699,1.587399297688804e-06,3.848597048716521e-05,46.59573538327478
3468,10830,50.28261565353535,0,0,0,0,0,0,0,1,0,4995.985076190389,1.587399297688804e-06,3.848597048716521e-05,49.26061683353512
3469,10097,44.55994607673222,0,0,0,0,0,0,0,1,0,181.7192249702389,1.587399297688804e-06,3.848597048716521e-05,43.53794725673215
3470,9701,44.83182625043861,0,0,0,0,0,0,0,1,0,1250.541946678727,1.587399297688804e-06,3.848597048716521e-05,43.80982743036481
3471,4083,18.29413882117024,0,0,0,0,0,0,0,1,0,561.3151007706875,1.587399297688804e-06,3.848597048716521e-05,17.27214000117024
3472,10580,47.21705553940397,0,0,0,0,0,0,0,1,0,1928.826591154538,1.587399297688804e-06,3.848597048716521e-05,46.19505671940374
3473,7049,31.98105833370832,0,0,0,0,0,0,0,1,0,330.0938223316372,1.587399297688804e-06,3.848597048716521e-05,30.95905951370832
3474,9147,40.76045104858765,0,0,0,0,0,0,0,1,0,2818.767413722269,1.587399297688804e-06,3.848597048716521e-05,39.73845222858751
3475,8276,35.08795609390573,0,0,0,0,0,0,0,1,0,4734.997190072928,1.587399297688804e-06,3.848597048716521e-05,34.06595727390564
3476,9779,44.66229760723332,0,0,0,0,0,0,0,1,0,560.3880211767394,1.587399297688804e-06,3.848597048716521e-05,43.6402987872332
3477,11625,51.16252823887552,0,0,0,0,0,0,0,1,0,2709.754070235506,1.587399297688804e-06,3.848597048716521e-05,50.14052941887542
3478,9814,45.50502580196957,0,0,0,0,0,0,0,1,0,84.07762872134259,1.587399297688804e-06,3.848597048716521e-05,44.48302698196938
3479,9064,45.66345152691331,0,0,0,0,0,0,0,1,0,4586.817064081712,1.587399297688804e-06,3.848597048716521e-05,44.64145270691319
3480,10783,45.82109565352473,0,0,0,0,0,0,0,1,0,912.550305672613,1.587399297688804e-06,3.848597048716521e-05,44.79909683352471
3481,12184,50.33168939104484,0,0,0,0,0,0,0,1,0,1933.830872565946,1.587399297688804e-06,3.848597048716521e-05,49.30969057104483
3482,4753,21.63236141645991,0,0,0,0,0,0,0,1,0,2377.148673206797,1.587399297688804e-06,3.848597048716521e-05,20.61036259645993
3483,10663,47.13432215040658,0,0,0,0,0,0,0,1,0,3618.115754776227,1.587399297688804e-06,3.848597048716521e-05,46.11232333040645
3484,5673,26.85813393198069,0,0,0,0,0,0,0,1,0,715.4353349183694,1.587399297688804e-06,3.848597048716521e-05,25.83613511198064
3485,10065,47.29197700296106,0,0,0,0,0,0,0,1,0,1883.837995453424,1.587399297688804e-06,3.848597048716521e-05,46.26997818283969
3486,3094,15.24476094209426,0,0,0,0,0,0,0,1,0,556.1417102165254,1.587399297688804e-06,3.848597048716521e-05,14.22276212209426
3487,9866,49.18459970592527,0,0,0,0,0,0,0,1,0,3156.386252147198,1.587399297688804e-06,3.848597048716521e-05,48.16260088600278
3488,5529,23.46867846958032,0,0,0,0,0,0,0,1,0,3296.032511033685,1.587399297688804e-06,3.848597048716521e-05,22.44667964958034
3489,10778,48.01866526055012,0,0,0,0,0,0,0,1,0,2944.645778960392,1.587399297688804e-06,3.848597048716521e-05,46.99666644054999
3490,10221,49.58608999908561,0,0,0,0,0,0,0,1,0,170.6677621153848,1.587399297688804e-06,3.848597048716521e-05,48.56409117908556
3491,10756,52.0324932140791,0,0,0,0,0,0,0,1,0,5111.799339436285,1.587399297688804e-06,3.848597048716521e-05,51.01049439403747
3492,9506,44.05380704545789,0,0,0,0,0,0,0,1,0,3136.76900983161,1.587399297688804e-06,3.848597048716521e-05,43.03180822545792
3493,10870,50.98544011452358,0,0,0,0,0,0,0,1,0,6711.003000011023,1.587399297688804e-06,3.848597048716521e-05,49.96344129439304
3494,8323,41.67361905609093,0,0,0,0,0,0,0,1,0,4978.416913399624,1.587399297688804e-06,3.848597048716521e-05,40.65162023609076
3495,9085,45.19705539463162,0,0,0,0,0,0,0,1,0,6140.266480916085,1.587399297688804e-06,3.848597048716521e-05,44.17505657463156
3496,8422,40.39152152275943,0,0,0,0,0,0,0,1,0,1620.098214438749,1.587399297688804e-06,3.848597048716521e-05,39.36952270275932
3497,6569,33.72752853005516,0,0,0,0,0,0,0,1,0,3713.00590757935,1.587399297688804e-06,3.848597048716521e-05,32.70552971005519
3498,11776,52.76614546500052,0,0,0,0,0,0,0,1,0,3048.249609183149,1.587399297688804e-06,3.848597048716521e-05,51.74414664491537
3499,8374,38.0738645997192,0,0,0,0,0,0,0,1,0,1067.675228474021,1.587399297688804e-06,3.848597048716521e-05,37.05186577971916
3500,5567,26.9337618942875,0,0,0,0,0,0,0,1,0,1992.581313934173,1.587399297688804e-06,3.848597048716521e-05,25.9117630743112
3501,8385,34.08172869968394,0,0,0,0,0,0,0,1,0,5988.207714059451,1.587399297688804e-06,3.848597048716521e-05,33.05972987968388
3502,10019,45.70821683136395,0,0,0,0,0,0,0,1,0,1777.721328778225,1.587399297688804e-06,3.848597048716521e-05,44.68621801136383
3503,7660,33.76533207030499,0,0,0,0,0,0,0,1,0,1242.500525165024,1.587399297688804e-06,3.848597048716521e-05,32.74333325030488
3504,8377,41.61287876488925,0,0,0,0,0,0,0,1,0,826.2719025949484,1.587399297688804e-06,3.848597048716521e-05,40.59087994488912
3505,5171,28.20952312210069,0,0,0,0,0,0,0,1,0,4934.680766055427,1.587399297688804e-06,3.848597048716521e-05,27.18752430208551
3506,7597,38.9347696913562,0,0,0,0,0,0,0,1,0,3792.360270080721,1.587399297688804e-06,3.848597048716521e-05,37.91277087129006
3507,5882,28.56419975842948,0,0,0,0,0,0,0,1,0,1611.272199518037,1.587399297688804e-06,3.848597048716521e-05,27.54220093837899
3508,11858,52.61719872219404,0,0,0,0,0,0,0,1,0,3427.556087234799,1.587399297688804e-06,3.848597048716521e-05,51.59519990219385
3509,9426,44.01410751276921,0,0,0,0,0,0,0,1,0,4934.100508113851,1.587399297688804e-06,3.848597048716521e-05,42.99210869276914
3510,4555,20.60949370003319,0,0,0,0,0,0,0,1,0,714.5395652038644,1.587399297688804e-06,3.848597048716521e-05,19.5874948800332
3511,10188,48.40239085811955,0,0,0,0,0,0,0,1,0,191.3021746078223,1.587399297688804e-06,3.848597048716521e-05,47.38039203843365
3512,6700,31.55328920286896,0,0,0,0,0,0,0,1,0,4444.418043681424,1.587399297688804e-06,3.848597048716521e-05,30.53129038286897
3513,5673,26.3101295171184,0,0,0,0,0,0,0,1,0,1914.617462730745,1.587399297688804e-06,3.848597048716521e-05,25.28813069711835
3514,11419,48.75727781458585,0,0,0,0,0,0,0,1,0,8196.675401473069,1.587399297688804e-06,3.848597048716521e-05,47.73527899458581
3515,6252,30.06368738239557,0,0,0,0,0,0,0,1,0,2055.061252606466,1.587399297688804e-06,3.848597048716521e-05,29.04168856239555
3516,9621,47.94502376592001,0,0,0,0,0,0,0,1,0,2054.821567012213,1.587399297688804e-06,3.848597048716521e-05,46.92302494591988
3517,8328,37.59811546653463,0,0,0,0,0,0,0,1,0,2605.663163119622,1.587399297688804e-06,3.848597048716521e-05,36.57611664653452
3518,9251,42.55441207324966,0,0,0,0,0,0,0,1,0,6072.495339504957,1.587399297688804e-06,3.848597048716521e-05,41.53241325324959
3519,8506,36.13670224520916,0,0,0,0,0,0,0,1,0,833.0811598034911,1.587399297688804e-06,3.848597048716521e-05,35.11470342520902
3520,8124,42.87898332251561,0,0,0,0,0,0,0,1,0,2992.386803417221,1.587399297688804e-06,3.848597048716521e-05,41.85698450275073
3521,7089,34.47149852318366,0,0,0,0,0,0,0,1,0,2209.531643347758,1.587399297688804e-06,3.848597048716521e-05,33.44949970318365
3522,9012,44.90917949856128,0,0,0,0,0,0,0,1,0,1860.2603691806,1.587399297688804e-06,3.848597048716521e-05,43.88718067856118
3523,7983,35.88625608749471,0,0,0,0,0,0,0,1,0,2018.182357545957,1.587399297688804e-06,3.848597048716521e-05,34.86425726749464
3524,11126,50.1246923192078,0,0,0,0,0,0,0,1,0,4099.15138037951,1.587399297688804e-06,3.848597048716521e-05,49.1026934992077
3525,7388,33.3942716679225,0,0,0,0,0,0,0,1,0,1059.282592894981,1.587399297688804e-06,3.848597048716521e-05,32.3722728479224
3526,9893,43.77617758186068,0,0,0,0,0,0,0,1,0,337.8200177914075,1.587399297688804e-06,3.848597048716521e-05,42.75417876186064
3527,7046,34.75425414889113,0,0,0,0,0,0,0,1,0,883.6982346033889,1.587399297688804e-06,3.848597048716521e-05,33.73225532889106
3528,3601,16.18494637621079,0,0,0,0,0,0,0,1,0,1245.019495704551,1.587399297688804e-06,3.848597048716521e-05,15.16294755621077
3529,8812,44.93130349600094,0,0,0,0,0,0,0,1,0,178.3993395523508,1.587399297688804e-06,3.848597048716521e-05,43.90930467600086
3530,9771,47.03562222002311,0,0,0,0,0,0,0,1,0,228.3236741344673,1.587399297688804e-06,3.848597048716521e-05,46.01362340002304
3531,6001,29.07768824286898,0,0,0,0,0,0,0,1,0,1576.468420291671,1.587399297688804e-06,3.848597048716521e-05,28.05568942286897
3532,6859,31.88185150384867,0,0,0,0,0,0,0,1,0,772.6783090120651,1.587399297688804e-06,3.848597048716521e-05,30.85985268384866
3533,11881,52.88080171712662,0,0,0,0,0,0,0,1,0,6691.101556681056,1.587399297688804e-06,3.848597048716521e-05,51.85880289712647
3534,11264,52.13389024723889,0,0,0,0,0,0,0,1,0,767.1061160495685,1.587399297688804e-06,3.848597048716521e-05,51.11189142730011
3535,11630,52.66331140509136,0,0,0,0,0,0,0,1,0,1830.98781677843,1.587399297688804e-06,3.848597048716521e-05,51.64131258509116
3536,8065,36.3609623241626,0,0,0,0,0,0,0,1,0,493.5682664144035,1.587399297688804e-06,3.848597048716521e-05,35.33896350416251
3537,7765,36.11145493813217,0,0,0,0,0,0,0,1,0,4587.177544696275,1.587399297688804e-06,3.848597048716521e-05,35.08945611813215
3538,9349,41.99369484449257,0,0,0,0,0,0,0,1,0,632.2033768013553,1.587399297688804e-06,3.848597048716521e-05,40.97169602449249
3539,5365,25.06834963330871,0,0,0,0,0,0,0,1,0,477.7695095394292,1.587399297688804e-06,3.848597048716521e-05,24.04635081330871
3540,4684,24.10400437704341,0,0,0,0,0,0,0,1,0,3369.595145232537,1.587399297688804e-06,3.848597048716521e-05,23.08200555704343
3541,10628,53.0339228113228,0,0,0,0,0,0,0,1,0,2006.981098431269,1.587399297688804e-06,3.848597048716521e-05,52.01192399132274
3542,6232,28.52563163443261,0,0,0,0,0,0,0,1,0,660.5392413116373,1.587399297688804e-06,3.848597048716521e-05,27.50363281443259
3543,9234,44.98404006158482,0,0,0,0,0,0,0,1,0,6396.272201281716,1.587399297688804e-06,3.848597048716521e-05,43.96204124158479
3544,5734,26.60695063975973,0,0,0,0,0,0,0,1,0,459.0892621011285,1.587399297688804e-06,3.848597048716521e-05,25.58495181975971
3545,6523,30.91277853049722,0,0,0,0,0,0,0,1,0,777.7339599921585,1.587399297688804e-06,3.848597048716521e-05,29.89077971049721
3546,7360,33.90111649661812,0,0,0,0,0,0,0,1,0,1371.076522143422,1.587399297688804e-06,3.848597048716521e-05,32.87911767661806
3547,4232,21.15013347669309,0,0,0,0,0,0,0,1,0,3946.529831936416,1.587399297688804e-06,3.848597048716521e-05,20.12813465669307
3548,10752,50.11278724417988,0,0,0,0,0,0,0,1,0,231.7859154568554,1.587399297688804e-06,3.848597048716521e-05,49.09078842417969
3549,7111,33.42827870292983,0,0,0,0,0,0,0,1,0,1227.988336713228,1.587399297688804e-06,3.848597048716521e-05,32.40627988324954
3550,9336,46.56802971188148,0,0,0,0,0,0,0,1,0,7255.318653628947,1.587399297688804e-06,3.848597048716521e-05,45.54603089188134
3551,6295,30.30225841137351,0,0,0,0,0,0,0,1,0,1180.9534137717,1.587399297688804e-06,3.848597048716521e-05,29.28025959137347
3552,9179,41.61028748089416,0,0,0,0,0,0,0,1,0,924.7651952540656,1.587399297688804e-06,3.848597048716521e-05,40.58828866089402
3553,6665,29.03896566232067,0,0,0,0,0,0,0,1,0,2989.039733854955,1.587399297688804e-06,3.848597048716521e-05,28.01696684232069
3554,10668,48.64320280027545,0,0,0,0,0,0,0,1,0,4662.694595880484,1.587399297688804e-06,3.848597048716521e-05,47.62120398027531
3555,10467,45.67796015408214,0,0,0,0,0,0,0,1,0,2987.867997154305,1.587399297688804e-06,3.848597048716521e-05,44.65596133408214
3556,5512,25.26104628256904,0,0,0,0,0,0,0,1,0,431.0256431421981,1.587399297688804e-06,3.848597048716521e-05,24.23904746256903
3557,6963,32.98977439628015,0,0,0,0,0,0,0,1,0,1609.846503734377,1.587399297688804e-06,3.848597048716521e-05,31.96777557628014
3558,9523,45.12934913180005,0,0,0,0,0,0,0,1,0,2773.630778211907,1.587399297688804e-06,3.848597048716521e-05,44.10735031179995
3559,4994,21.34676280335719,0,0,0,0,0,0,0,1,0,2904.330504950464,1.587399297688804e-06,3.848597048716521e-05,20.32476398335714
3560,9019,38.85348183563536,0,0,0,0,0,0,0,1,0,543.0347747682965,1.587399297688804e-06,3.848597048716521e-05,37.83148301563528
3561,7804,37.66769039487732,0,0,0,0,0,0,0,1,0,2164.30890485755,1.587399297688804e-06,3.848597048716521e-05,36.64569157487723
3562,7054,31.40370269110758,0,0,0,0,0,0,0,1,0,1090.469629193022,1.587399297688804e-06,3.848597048716521e-05,30.38170387110755
3563,8932,43.27185513609386,0,0,0,0,0,0,0,1,0,1063.644601199647,1.587399297688804e-06,3.848597048716521e-05,42.24985631609372
3564,8455,39.13113322964632,0,0,0,0,0,0,0,1,0,2394.312092482206,1.587399297688804e-06,3.848597048716521e-05,38.10913440964629
3565,9853,44.17947487981464,0,0,0,0,0,0,0,1,0,461.0042770508245,1.587399297688804e-06,3.848597048716521e-05,43.15747605981456
3566,5198,24.79537050963457,0,0,0,0,0,0,0,1,0,4602.065159776728,1.587399297688804e-06,3.848597048716521e-05,23.77337168963454
3567,5661,26.67989947414455,0,0,0,0,0,0,0,1,0,530.467577052392,1.587399297688804e-06,3.848597048716521e-05,25.65790065414451
3568,5364,23.43918529029779,0,0,0,0,0,0,0,1,0,6130.244893541732,1.587399297688804e-06,3.848597048716521e-05,22.41718647029778
3569,9331,42.1194326365532,0,0,0,0,0,0,0,1,0,2188.731556175272,1.587399297688804e-06,3.848597048716521e-05,41.09743381655315
3570,11288,51.3103042360645,0,0,0,0,0,0,0,1,0,1680.86485096567,1.587399297688804e-06,3.848597048716521e-05,50.28830541606452
3571,10355,48.39600000076231,0,0,0,0,0,0,0,1,0,1909.689015882408,1.587399297688804e-06,3.848597048716521e-05,47.37400118076221
3572,10120,47.81922613124634,0,0,0,0,0,0,0,1,0,4593.842576529465,1.587399297688804e-06,3.848597048716521e-05,46.79722731124629
3573,8251,39.06095518003012,0,0,0,0,0,0,0,1,0,312.1937116745237,1.587399297688804e-06,3.848597048716521e-05,38.03895636002994
3574,9123,40.48963729648386,0,0,0,0,0,0,0,1,0,331.8697172958711,1.587399297688804e-06,3.848597048716521e-05,39.46763847648379
3575,5772,26.57111883310294,0,0,0,0,0,0,0,1,0,1050.893776250494,1.587399297688804e-06,3.848597048716521e-05,25.54912001310294
3576,8895,42.44569210890983,0,0,0,0,0,0,0,1,0,163.1728627632774,1.587399297688804e-06,3.848597048716521e-05,41.4236932889098
3577,6764,28.97007672812764,0,0,0,0,0,0,0,1,0,1825.340191494048,1.587399297688804e-06,3.848597048716521e-05,27.94807790812764
3578,10624,47.49952776912615,0,0,0,0,0,0,0,1,0,5702.061256742431,1.587399297688804e-06,3.848597048716521e-05,46.47752894912615
3579,11776,51.68091349855217,0,0,0,0,0,0,0,1,0,4903.764054325955,1.587399297688804e-06,3.848597048716521e-05,50.65891467855216
3580,7121,33.4379811987994,0,0,0,0,0,0,0,1,0,1157.005161051418,1.587399297688804e-06,3.848597048716521e-05,32.41598237879938
3581,9365,44.2697398720716,0,0,0,0,0,0,0,1,0,696.2614293358714,1.587399297688804e-06,3.848597048716521e-05,43.2477410522024
3582,6571,31.0556519732584,0,0,0,0,0,0,0,1,0,3528.787055057383,1.587399297688804e-06,3.848597048716521e-05,30.03365315325839
3583,6601,31.35805514696094,0,0,0,0,0,0,0,1,0,1348.211846286602,1.587399297688804e-06,3.848597048716521e-05,30.33605632696091
3584,10939,48.38079868553773,0,0,0,0,0,0,0,1,0,433.0544045043907,1.587399297688804e-06,3.848597048716521e-05,47.35879986553766
3585,4481,21.97199007936362,0,0,0,0,0,0,0,1,0,720.2817918404095,1.587399297688804e-06,3.848597048716521e-05,20.94999125936362
3586,7699,34.21158571201137,0,0,0,0,0,0,0,1,0,3302.635544552241,1.587399297688804e-06,3.848597048716521e-05,33.18958689201128
3587,7444,34.2103969434047,0,0,0,0,0,0,0,1,0,2007.902772308862,1.587399297688804e-06,3.848597048716521e-05,33.18839812340462
3588,7063,33.0091006783252,0,0,0,0,0,0,0,1,0,6886.746292177423,1.587399297688804e-06,3.848597048716521e-05,31.98710185832517
3589,9134,43.13573361145286,0,0,0,0,0,0,0,1,0,739.9283189996509,1.587399297688804e-06,3.848597048716521e-05,42.11373479145286
3590,10889,47.16992461177632,0,0,0,0,0,0,0,1,0,516.127323369333,1.587399297688804e-06,3.848597048716521e-05,46.14792579177622
3591,6032,30.37693247735849,0,0,0,0,0,0,0,1,0,4553.195149825927,1.587399297688804e-06,3.848597048716521e-05,29.35493365735848
3592,10382,45.78860483596097,0,0,0,0,0,0,0,1,0,2588.040463044396,1.587399297688804e-06,3.848597048716521e-05,44.76660601596084
3593,11346,51.47078414011646,0,0,0,0,0,0,0,1,0,2192.948740851596,1.587399297688804e-06,3.848597048716521e-05,50.44878532011636
3594,7041,35.64871298250968,0,0,0,0,0,0,0,1,0,5228.055289858812,1.587399297688804e-06,3.848597048716521e-05,34.62671416262931
3595,7346,34.78682439539944,0,0,0,0,0,0,0,1,0,663.9235399698227,1.587399297688804e-06,3.848597048716521e-05,33.76482557539937
3596,8790,39.8735134000345,0,0,0,0,0,0,0,1,0,900.0024371087854,1.587399297688804e-06,3.848597048716521e-05,38.85151458003446
3597,2098,12.39470537875321,0,0,0,0,0,0,0,1,0,3791.959866933757,1.587399297688804e-06,3.848597048716521e-05,11.3727065587532
3598,3545,15.28440716553127,0,0,0,0,0,0,0,1,0,435.8779606797679,1.587399297688804e-06,3.848597048716521e-05,14.26240834553127
3599,11606,49.13531144769826,0,0,0,0,0,0,0,1,0,3188.57361703254,1.587399297688804e-06,3.848597048716521e-05,48.11331262769814
3600,6961,31.04451647582385,0,0,0,0,0,0,0,1,0,1148.739608852274,1.587399297688804e-06,3.848597048716521e-05,30.02251765582384
3601,11675,53.30678750855066,0,0,0,0,0,0,0,1,0,1018.592651287932,1.587399297688804e-06,3.848597048716521e-05,52.28478868855062
3602,0,1e-06,0,0,0,0,0,0,0,0,0,12495.40236794058,1.587399297688804e-06,3.848597048716521e-05,-1
3603,10484,51.00556041785902,0,0,0,0,0,0,0,1,0,396.075561620213,1.587399297688804e-06,3.848597048716521e-05,49.98356159785575
3604,1659,8.971819331840635,0,0,0,0,0,0,0,1,0,1333.998152570135,1.587399297688804e-06,3.848597048716521e-05,7.949820511840642
3605,9874,44.18912084645905,0,0,0,0,0,0,0,1,0,2015.053036020523,1.587399297688804e-06,3.848597048716521e-05,43.16712202645902
3606,8495,39.25919780333007,0,0,0,0,0,0,0,1,0,522.1158320123831,1.587399297688804e-06,3.848597048716521e-05,38.23719898332998
3607,9766,43.32183341957617,0,0,0,0,0,0,0,1,0,2840.470155125887,1.587399297688804e-06,3.848597048716521e-05,42.29983459957609
3608,3665,17.88575513911742,0,0,0,0,0,0,0,1,0,2061.314514261971,1.587399297688804e-06,3.848597048716521e-05,16.86375631911743
3609,3845,20.99405864635998,0,0,0,0,0,0,0,1,0,1568.22404560857,1.587399297688804e-06,3.848597048716521e-05,19.9720598263599
3610,5849,26.45390262895639,0,0,0,0,0,0,0,1,0,2320.731488379275,1.587399297688804e-06,3.848597048716521e-05,25.43190380895637
3611,2872,15.51387820386291,0,0,0,0,0,0,0,1,0,2025.552525148985,1.587399297688804e-06,3.848597048716521e-05,14.4918793838629
3612,9556,49.65526015698049,0,0,0,0,0,0,0,1,0,530.3703270934999,1.587399297688804e-06,3.848597048716521e-05,48.63326133698027
3613,9126,45.31263196060776,0,0,0,0,0,0,0,1,0,1186.188652489943,1.587399297688804e-06,3.848597048716521e-05,44.29063314060765
3614,10789,46.7700234465942,0,0,0,0,0,0,0,1,0,1276.955330381569,1.587399297688804e-06,3.848597048716521e-05,45.74802462659416
3615,8543,40.77838159921923,0,0,0,0,0,0,0,1,0,1043.652624943136,1.587399297688804e-06,3.848597048716521e-05,39.75638277921917
3616,9131,37.92931303770029,0,0,0,0,0,0,0,1,0,920.9521096987515,1.587399297688804e-06,3.848597048716521e-05,36.90731421770025
3617,8988,42.3866424935667,0,0,0,0,0,0,0,1,0,7975.204833396032,1.587399297688804e-06,3.848597048716521e-05,41.36464367356655
3618,10620,49.37181341330939,0,0,0,0,0,0,0,1,0,862.1935222608254,1.587399297688804e-06,3.848597048716521e-05,48.34981459330928
3619,9166,45.68905330769128,0,0,0,0,0,0,0,1,0,2345.646324596538,1.587399297688804e-06,3.848597048716521e-05,44.66705448783227
3620,9446,46.77874861197805,0,0,0,0,0,0,0,1,0,1426.707716939643,1.587399297688804e-06,3.848597048716521e-05,45.7567497919779
3621,6947,33.20743029979375,0,0,0,0,0,0,0,1,0,1123.079470798117,1.587399297688804e-06,3.848597048716521e-05,32.18543147979367
3622,4038,19.06116452666046,0,0,0,0,0,0,0,1,0,537.6570776560311,1.587399297688804e-06,3.848597048716521e-05,18.03916570666044
3623,11572,50.81345392496005,0,0,0,0,0,0,0,1,0,4094.479161990383,1.587399297688804e-06,3.848597048716521e-05,49.79145510495994
3624,5444,26.94919173488023,0,0,0,0,0,0,0,1,0,3740.622112084607,1.587399297688804e-06,3.848597048716521e-05,25.92719291488895
3625,9959,43.87773573975933,0,0,0,0,0,0,0,1,0,1924.672601861631,1.587399297688804e-06,3.848597048716521e-05,42.85573691975931
3626,9284,43.63515582921637,0,0,0,0,0,0,0,1,0,5936.264550712645,1.587399297688804e-06,3.848597048716521e-05,42.6131570091822
3627,10321,43.83919716410519,0,0,0,0,0,0,0,1,0,4630.846046415056,1.587399297688804e-06,3.848597048716521e-05,42.81719834410519
3628,9774,48.82459003670566,0,0,0,0,0,0,0,1,0,2572.9916587753,1.587399297688804e-06,3.848597048716521e-05,47.80259121670566
3629,10448,49.90967135116733,0,0,0,0,0,0,0,1,0,1742.466385033725,1.587399297688804e-06,3.848597048716521e-05,48.88767253116715
3630,7071,31.28888767860117,0,0,0,0,0,0,0,1,0,873.2922818583272,1.587399297688804e-06,3.848597048716521e-05,30.26688885860118
3631,6319,32.42959102738142,0,0,0,0,0,0,0,1,0,310.1922374754267,1.587399297688804e-06,3.848597048716521e-05,31.40759220738138
3632,9556,41.63550070907188,0,0,0,0,0,0,0,1,0,761.4200196778122,1.587399297688804e-06,3.848597048716521e-05,40.61350188907185
3633,2091,10.66765637986214,0,0,0,0,0,0,0,1,0,186.320239341569,1.587399297688804e-06,3.848597048716521e-05,9.645657559862125
3634,10793,49.53045346176943,0,0,0,0,0,0,0,1,0,1454.646888483911,1.587399297688804e-06,3.848597048716521e-05,48.5084546417693
3635,9263,43.39393909800602,0,0,0,0,0,0,0,1,0,1816.489465242557,1.587399297688804e-06,3.848597048716521e-05,42.37194027800992
3636,9138,43.70377874208452,0,0,0,0,0,0,0,1,0,4940.437783660893,1.587399297688804e-06,3.848597048716521e-05,42.68177992206807
3637,10959,49.60606919049061,0,0,0,0,0,0,0,1,0,845.344194856215,1.587399297688804e-06,3.848597048716521e-05,48.5840703704905
3638,11445,50.51786672609401,0,0,0,0,0,0,0,1,0,3003.266558691008,1.587399297688804e-06,3.848597048716521e-05,49.49586790616495
3639,10313,49.73183714962525,0,0,0,0,0,0,0,1,0,2003.538392433401,1.587399297688804e-06,3.848597048716521e-05,48.709838329625
3640,10605,49.98829974032603,0,0,0,0,0,0,0,1,0,2323.672177043215,1.587399297688804e-06,3.848597048716521e-05,48.96630092032986
3641,12246,52.63319265094133,0,0,0,0,0,0,0,1,0,151.4837690306609,1.587399297688804e-06,3.848597048716521e-05,51.61119383094135
3642,10196,47.79809470332382,0,0,0,0,0,0,0,1,0,8224.927013959488,1.587399297688804e-06,3.848597048716521e-05,46.77609588332366
3643,8621,40.25254516351091,0,0,0,0,0,0,0,1,0,7270.893130177319,1.587399297688804e-06,3.848597048716521e-05,39.23054634351089
3644,10559,48.75943939571563,0,0,0,0,0,0,0,1,0,956.2581324077875,1.587399297688804e-06,3.848597048716521e-05,47.73744057571545
3645,11170,50.19644148590022,0,0,0,0,0,0,0,1,0,79.35810751968425,1.587399297688804e-06,3.848597048716521e-05,49.17444266590007
3646,9807,45.31721507834369,0,0,0,0,0,0,0,1,0,2585.935778331671,1.587399297688804e-06,3.848597048716521e-05,44.29521625834367
3647,6028,28.02031953464716,0,0,0,0,0,0,0,1,0,60.47295625528415,1.587399297688804e-06,3.848597048716521e-05,26.99832071464711
3648,11404,52.4803411611998,0,0,0,0,0,0,0,1,0,4515.499798176846,1.587399297688804e-06,3.848597048716521e-05,51.45834234119975
3649,9865,42.45420485461089,0,0,0,0,0,0,0,1,0,874.7641715912829,1.587399297688804e-06,3.848597048716521e-05,41.43220603461077
3650,10941,48.22841385423273,0,0,0,0,0,0,0,1,0,6630.951236897919,1.587399297688804e-06,3.848597048716521e-05,47.20641503423261
3651,8781,37.79380153353181,0,0,0,0,0,0,0,1,0,1825.849826232988,1.587399297688804e-06,3.848597048716521e-05,36.7718027135317
3652,7310,36.90190957293477,0,0,0,0,0,0,0,1,0,1999.997216009883,1.587399297688804e-06,3.848597048716521e-05,35.87991075285639
3653,5217,22.8813299365666,0,0,0,0,0,0,0,1,0,1523.249735910042,1.587399297688804e-06,3.848597048716521e-05,21.8593311165666
3654,8845,42.73507781828307,0,0,0,0,0,0,0,1,0,1009.244904593122,1.587399297688804e-06,3.848597048716521e-05,41.71307899828303
3655,9126,40.82366934664613,0,0,0,0,0,0,0,1,0,1546.482122302765,1.587399297688804e-06,3.848597048716521e-05,39.80167052664603
3656,8834,42.88390370748507,0,0,0,0,0,0,0,1,0,562.1314200688196,1.587399297688804e-06,3.848597048716521e-05,41.86190488748499
3657,9072,41.38087925255908,0,0,0,0,0,0,0,1,0,1429.304228304473,1.587399297688804e-06,3.848597048716521e-05,40.35888043255904
3658,10387,49.42490254237371,0,0,0,0,0,0,0,1,0,4482.999717051114,1.587399297688804e-06,3.848597048716521e-05,48.40290372244669
3659,3990,19.1356157253721,0,0,0,0,0,0,0,1,0,620.0189421141869,1.587399297688804e-06,3.848597048716521e-05,18.11361690537209
3660,5405,23.50698968314921,0,0,0,0,0,0,0,1,0,2588.480192717697,1.587399297688804e-06,3.848597048716521e-05,22.48499086314918
3661,2668,13.20054461725485,0,0,0,0,0,0,0,1,0,1262.742843212315,1.587399297688804e-06,3.848597048716521e-05,12.17854579725485
3662,7429,33.19982845108169,0,0,0,0,0,0,0,1,0,1054.364298804466,1.587399297688804e-06,3.848597048716521e-05,32.17782963108156
3663,9479,41.00843718218858,0,0,0,0,0,0,0,1,0,1172.647225795317,1.587399297688804e-06,3.848597048716521e-05,39.98643836218853
3664,10576,47.63831859681712,0,0,0,0,0,0,0,1,0,708.8945517071503,1.587399297688804e-06,3.848597048716521e-05,46.6163197768213
3665,9595,47.98489973887386,0,0,0,0,0,0,0,1,0,2723.085656286187,1.587399297688804e-06,3.848597048716521e-05,46.96290092048124
3666,7800,38.72032103167995,0,0,0,0,0,0,0,1,0,6794.641362947345,1.587399297688804e-06,3.848597048716521e-05,37.69832221167994
3667,3081,14.8129322111293,0,0,0,0,0,0,0,1,0,914.3799607031267,1.587399297688804e-06,3.848597048716521e-05,13.7909333911293
3668,10430,48.25676524196546,0,0,0,0,0,0,0,1,0,438.3684782994915,1.587399297688804e-06,3.848597048716521e-05,47.23476642196533
3669,9605,44.36142902424683,0,0,0,0,0,0,0,1,0,7669.06324560794,1.587399297688804e-06,3.848597048716521e-05,43.33943020424667
3670,4345,18.23415196915764,0,0,0,0,0,0,0,1,0,2237.878818032931,1.587399297688804e-06,3.848597048716521e-05,17.21215314915768
3671,3319,17.91430782961307,0,0,0,0,0,0,0,1,0,5078.029770316322,1.587399297688804e-06,3.848597048716521e-05,16.89230900961308
3672,5464,25.17246019162173,0,0,0,0,0,0,0,1,0,1097.606124763407,1.587399297688804e-06,3.848597048716521e-05,24.15046137162173
3673,4522,21.65698748967433,0,0,0,0,0,0,0,1,0,2528.44222864113,1.587399297688804e-06,3.848597048716521e-05,20.6349886696743
3674,7201,33.88723760443214,0,0,0,0,0,0,0,1,0,577.659773157936,1.587399297688804e-06,3.848597048716521e-05,32.86523878443198
3675,7089,33.84638277458637,0,0,0,0,0,0,0,1,0,304.1176929242906,1.587399297688804e-06,3.848597048716521e-05,32.82438395458643
3676,4413,20.68324656607448,0,0,0,0,0,0,0,1,0,679.4409526164774,1.587399297688804e-06,3.848597048716521e-05,19.66124774607448
3677,7978,36.93024016282993,0,0,0,0,0,0,0,1,0,707.9894971785949,1.587399297688804e-06,3.848597048716521e-05,35.90824134282988
3678,6388,30.88929037965367,0,0,0,0,0,0,0,1,0,1599.654681982791,1.587399297688804e-06,3.848597048716521e-05,29.86729155965368
3679,11593,50.11960553931416,0,0,0,0,0,0,0,1,0,2234.540266009703,1.587399297688804e-06,3.848597048716521e-05,49.0976067193141
3680,11256,48.92962838703492,0,0,0,0,0,0,0,1,0,841.6652208077257,1.587399297688804e-06,3.848597048716521e-05,47.90762956703481
3681,8942,39.04098587260824,0,0,0,0,0,0,0,1,0,967.9968210969233,1.587399297688804e-06,3.848597048716521e-05,38.0189870526082
3682,9588,42.57760497837306,0,0,0,0,0,0,0,1,0,1722.603468865655,1.587399297688804e-06,3.848597048716521e-05,41.55560615837084
3683,9389,40.18104959822823,0,0,0,0,0,0,0,1,0,2317.870216519143,1.587399297688804e-06,3.848597048716521e-05,39.15905077822819
3684,2561,12.38210542503819,0,0,0,0,0,0,0,1,0,4192.878888945857,1.587399297688804e-06,3.848597048716521e-05,11.36010660503817
3685,9502,45.45916879829031,0,0,0,0,0,0,0,1,0,586.8688729845289,1.587399297688804e-06,3.848597048716521e-05,44.43716997829014
3686,5052,23.24727240182489,0,0,0,0,0,0,0,1,0,4141.905015697042,1.587399297688804e-06,3.848597048716521e-05,22.22527358182481
3687,9198,45.96613520367875,0,0,0,0,0,0,0,1,0,4248.429114489393,1.587399297688804e-06,3.848597048716521e-05,44.94413638367328
3688,10713,48.71013290934583,0,0,0,0,0,0,0,1,0,2486.728632556787,1.587399297688804e-06,3.848597048716521e-05,47.68813408934569
3689,5688,25.38250288420808,0,0,0,0,0,0,0,1,0,2420.325334206946,1.587399297688804e-06,3.848597048716521e-05,24.36050406420811
3690,9041,41.43134611091996,0,0,0,0,0,0,0,1,0,202.9182832705231,1.587399297688804e-06,3.848597048716521e-05,40.40934729091987
3691,9658,41.72409190997991,0,0,0,0,0,0,0,1,0,3199.091141950382,1.587399297688804e-06,3.848597048716521e-05,40.70209308997981
3692,9569,50.27786132169039,0,0,0,0,0,0,0,1,0,1083.982925440986,1.587399297688804e-06,3.848597048716521e-05,49.25586250168927
3693,4144,21.20103733574664,0,0,0,0,0,0,0,1,0,173.861643596369,1.587399297688804e-06,3.848597048716521e-05,20.17903851574662
3694,8284,40.71682882466219,0,0,0,0,0,0,0,1,0,889.0928209495574,1.587399297688804e-06,3.848597048716521e-05,39.69483000466212
3695,10153,41.63241930080446,0,0,0,0,0,0,0,1,0,18.54817653096677,1.587399297688804e-06,3.848597048716521e-05,40.6104204808044
3696,2988,14.92553097295158,0,0,0,0,0,0,0,1,0,2004.044961046009,1.587399297688804e-06,3.848597048716521e-05,13.90353215295158
3697,7013,35.40185328543571,0,0,0,0,0,0,0,1,0,404.7123485807751,1.587399297688804e-06,3.848597048716521e-05,34.37985446543561
3698,9086,40.94873397975493,0,0,0,0,0,0,0,1,0,319.9789267885388,1.587399297688804e-06,3.848597048716521e-05,39.92673515975482
3699,7244,33.48915413161569,0,0,0,0,0,0,0,1,0,283.576973863848,1.587399297688804e-06,3.848597048716521e-05,32.4671553115837
3700,7969,36.73390579602578,0,0,0,0,0,0,0,1,0,246.6346844703068,1.587399297688804e-06,3.848597048716521e-05,35.71190697602559
3701,4057,18.51258233541816,0,0,0,0,0,0,0,1,0,3173.888606895007,1.587399297688804e-06,3.848597048716521e-05,17.49058351541818
3702,9118,42.09926439170345,0,0,0,0,0,0,0,1,0,3591.335642020445,1.587399297688804e-06,3.848597048716521e-05,41.07726557170342
3703,6335,31.8050180152387,0,0,0,0,0,0,0,1,0,1422.272936194957,1.587399297688804e-06,3.848597048716521e-05,30.78301919523868
3704,10230,45.52403524733602,0,0,0,0,0,0,0,1,0,630.1938465168427,1.587399297688804e-06,3.848597048716521e-05,44.50203642733589
3705,7749,36.83763263156718,0,0,0,0,0,0,0,1,0,981.6560870783597,1.587399297688804e-06,3.848597048716521e-05,35.81563381156715
3706,6869,32.85175777030582,0,0,0,0,0,0,0,1,0,22.74603454429284,1.587399297688804e-06,3.848597048716521e-05,31.82975895030579
3707,6205,34.33393105392081,0,0,0,0,0,0,0,1,0,2945.662049430945,1.587399297688804e-06,3.848597048716521e-05,33.31193223383725
3708,4999,25.3733562584964,0,0,0,0,0,0,0,1,0,1360.269775083937,1.587399297688804e-06,3.848597048716521e-05,24.35135743849637
3709,10901,50.42376173286493,0,0,0,0,0,0,0,1,0,290.9702524497347,1.587399297688804e-06,3.848597048716521e-05,49.40176291286483
3710,8449,37.66801070476618,0,0,0,0,0,0,0,1,0,2442.765848444163,1.587399297688804e-06,3.848597048716521e-05,36.64601188476609
3711,10324,50.96876801647793,0,0,0,0,0,0,0,1,0,1010.783982501478,1.587399297688804e-06,3.848597048716521e-05,49.94676919647779
3712,4248,23.46216476966363,0,0,0,0,0,0,0,1,0,14.5034295037435,1.587399297688804e-06,3.848597048716521e-05,22.44016594966365
3713,8775,39.76570774293737,0,0,0,0,0,0,0,1,0,3162.212514975259,1.587399297688804e-06,3.848597048716521e-05,38.74370892293734
3714,9236,45.72186228350892,0,0,0,0,0,0,0,1,0,1725.729480999601,1.587399297688804e-06,3.848597048716521e-05,44.69986346350887
3715,6926,33.5750583356562,0,0,0,0,0,0,0,1,0,139.014919399059,1.587399297688804e-06,3.848597048716521e-05,32.55305951565614
3716,10477,48.86557708143152,0,0,0,0,0,0,0,1,0,313.7412220965448,1.587399297688804e-06,3.848597048716521e-05,47.84357826143138
3717,9061,41.03026946455743,0,0,0,0,0,0,0,1,0,3006.418678016093,1.587399297688804e-06,3.848597048716521e-05,40.00827064455736
3718,11704,53.1325680137783,0,0,0,0,0,0,0,1,0,1254.288647194319,1.587399297688804e-06,3.848597048716521e-05,52.11056919365088
3719,6836,33.129720804676,0,0,0,0,0,0,0,1,0,986.3343885773987,1.587399297688804e-06,3.848597048716521e-05,32.107721984676
3720,5454,24.97294233149427,0,0,0,0,0,0,0,1,0,2501.219357154354,1.587399297688804e-06,3.848597048716521e-05,23.95094351149424
3721,10612,50.42025789802914,0,0,0,0,0,0,0,1,0,721.9680293511431,1.587399297688804e-06,3.848597048716521e-05,49.39825907802911
3722,9233,44.11866055990088,0,0,0,0,0,0,0,1,0,1137.828897597907,1.587399297688804e-06,3.848597048716521e-05,43.09666173986831
3723,5566,26.65647772516426,0,0,0,0,0,0,0,1,0,3497.238596410187,1.587399297688804e-06,3.848597048716521e-05,25.63447890516427
3724,9489,45.43439286096997,0,0,0,0,0,0,0,1,0,299.3307136803965,1.587399297688804e-06,3.848597048716521e-05,44.41239404096986
3725,10293,48.7476761544893,0,0,0,0,0,0,0,1,0,708.0727343752059,1.587399297688804e-06,3.848597048716521e-05,47.72567733416417
3726,6120,27.30880456535375,0,0,0,0,0,0,0,1,0,7026.153797851275,1.587399297688804e-06,3.848597048716521e-05,26.28680574535378
3727,6895,30.43289979604342,0,0,0,0,0,0,0,1,0,1789.515970956351,1.587399297688804e-06,3.848597048716521e-05,29.4109009760434
3728,8218,39.08029181475484,0,0,0,0,0,0,0,1,0,221.3161550480328,1.587399297688804e-06,3.848597048716521e-05,38.05829299475468
3729,10582,46.06584285491533,0,0,0,0,0,0,0,1,0,25.54468178211922,1.587399297688804e-06,3.848597048716521e-05,45.04384403491516
3730,10356,45.37846479542669,0,0,0,0,0,0,0,1,0,876.6990294946106,1.587399297688804e-06,3.848597048716521e-05,44.35646597542654
3731,10304,49.61423995039311,0,0,0,0,0,0,0,1,0,1352.090976419379,1.587399297688804e-06,3.848597048716521e-05,48.59224113036495
3732,10864,50.2273214914016,0,0,0,0,0,0,0,1,0,305.2240100865545,1.587399297688804e-06,3.848597048716521e-05,49.2053226714407
3733,8066,36.03965875965707,0,0,0,0,0,0,0,1,0,1586.909847244661,1.587399297688804e-06,3.848597048716521e-05,35.01765993965699
3734,8596,39.10755507817379,0,0,0,0,0,0,0,1,0,3153.893187064278,1.587399297688804e-06,3.848597048716521e-05,38.0855562581737
3735,9553,41.59064272252274,0,0,0,0,0,0,0,1,0,432.4560216115721,1.587399297688804e-06,3.848597048716521e-05,40.56864390252271
3736,11890,49.00015607467349,0,0,0,0,0,0,0,1,0,4635.659542970423,1.587399297688804e-06,3.848597048716521e-05,47.97815725467342
3737,2752,14.91835234189814,0,0,0,0,0,0,0,1,0,2366.360672731877,1.587399297688804e-06,3.848597048716521e-05,13.89635352189815
3738,6678,32.56267645665926,0,0,0,0,0,0,0,1,0,1838.031986560711,1.587399297688804e-06,3.848597048716521e-05,31.54067763665923
3739,12457,51.84645000681125,0,0,0,0,0,0,0,1,0,7867.882730683141,1.587399297688804e-06,3.848597048716521e-05,50.82445118681122
3740,12151,52.13171185286686,0,0,0,0,0,0,0,1,0,247.3111625437014,1.587399297688804e-06,3.848597048716521e-05,51.10971303286682
3741,3876,19.2377771947329,0,0,0,0,0,0,0,1,0,4961.797241787682,1.587399297688804e-06,3.848597048716521e-05,18.2157783747329
3742,2837,14.72014936210612,0,0,0,0,0,0,0,1,0,1164.846214360158,1.587399297688804e-06,3.848597048716521e-05,13.69815054210611
3743,9350,43.59914326828159,0,0,0,0,0,0,0,1,0,729.6982565302698,1.587399297688804e-06,3.848597048716521e-05,42.57714444831859
3744,11092,52.49056778012584,0,0,0,0,0,0,0,1,0,2170.575265550871,1.587399297688804e-06,3.848597048716521e-05,51.46856896011047
3745,8593,39.39585434271984,0,0,0,0,0,0,0,1,0,3009.849830441823,1.587399297688804e-06,3.848597048716521e-05,38.37385552271976
3746,7604,34.2880072107893,0,0,0,0,0,0,0,1,0,1244.643497867493,1.587399297688804e-06,3.848597048716521e-05,33.26600839078927
3747,7037,33.83634667604657,0,0,0,0,0,0,0,1,0,2316.09911942514,1.587399297688804e-06,3.848597048716521e-05,32.81434785617997
3748,4721,20.54793170549273,0,0,0,0,0,0,0,1,0,127.4963486615361,1.587399297688804e-06,3.848597048716521e-05,19.52593288549271
3749,8414,40.03050128826931,0,0,0,0,0,0,0,1,0,1584.839960522134,1.587399297688804e-06,3.848597048716521e-05,39.00850246964531
3750,10513,48.40081318191878,0,0,0,0,0,0,0,1,0,2295.873813531855,1.587399297688804e-06,3.848597048716521e-05,47.37881436191875
3751,9805,46.77586234147747,0,0,0,0,0,0,0,1,0,4256.943477767266,1.587399297688804e-06,3.848597048716521e-05,45.75386352147736
3752,7724,37.71589485415227,0,0,0,0,0,0,0,1,0,1704.399781056027,1.587399297688804e-06,3.848597048716521e-05,36.69389603415225
3753,9822,47.33954052654028,0,0,0,0,0,0,0,1,0,206.1897921976359,1.587399297688804e-06,3.848597048716521e-05,46.31754170654023
3754,6899,29.2695577016069,0,0,0,0,0,0,0,1,0,2163.026500372481,1.587399297688804e-06,3.848597048716521e-05,28.24755888160689
3755,10057,47.01922364432588,0,0,0,0,0,0,0,1,0,771.0257653483744,1.587399297688804e-06,3.848597048716521e-05,45.99722482432575
3756,8144,38.38777925196081,0,0,0,0,0,0,0,1,0,9209.110977358794,1.587399297688804e-06,3.848597048716521e-05,37.36578043196074
3757,6785,32.25155931257107,0,0,0,0,0,0,0,1,0,7668.881479122162,1.587399297688804e-06,3.848597048716521e-05,31.22956049257103
3758,8991,42.81051825072985,0,0,0,0,0,0,0,1,0,3935.293055038984,1.587399297688804e-06,3.848597048716521e-05,41.78851943072988
3759,8430,40.27818061826358,0,0,0,0,0,0,0,1,0,1734.716934937773,1.587399297688804e-06,3.848597048716521e-05,39.25618179826351
3760,11959,50.56638977347495,0,0,0,0,0,0,0,1,0,1341.47908766674,1.587399297688804e-06,3.848597048716521e-05,49.54439095347491
3761,7833,35.5774867072763,0,0,0,0,0,0,0,1,0,4398.919357044062,1.587399297688804e-06,3.848597048716521e-05,34.55548788727618
3762,4979,21.52840191587802,0,0,0,0,0,0,0,1,0,2187.274126736759,1.587399297688804e-06,3.848597048716521e-05,20.50640309587801
3763,0,1e-06,0,0,0,0,0,0,0,0,0,10704.41150632072,1.587399297688804e-06,3.848597048716521e-05,-1
3764,9971,43.44735581092619,0,0,0,0,0,0,0,1,0,2596.438252905931,1.587399297688804e-06,3.848597048716521e-05,42.42535699095322
3765,10159,44.13373845777673,0,0,0,0,0,0,0,1,0,2272.057377078832,1.587399297688804e-06,3.848597048716521e-05,43.11173963777658
3766,7086,33.00044927671476,0,0,0,0,0,0,0,1,0,5554.669537846173,1.587399297688804e-06,3.848597048716521e-05,31.97845045671471
3767,4942,23.45955172949283,0,0,0,0,0,0,0,1,0,2554.359136664779,1.587399297688804e-06,3.848597048716521e-05,22.43755290949283
3768,4610,23.63895901953407,0,0,0,0,0,0,0,1,0,3293.429248935469,1.587399297688804e-06,3.848597048716521e-05,22.61696019952647
3769,6935,31.85479906473725,0,0,0,0,0,0,0,1,0,653.8900355030231,1.587399297688804e-06,3.848597048716521e-05,30.83280024473725
3770,6337,30.45855883903129,0,0,0,0,0,0,0,1,0,938.5888740595778,1.587399297688804e-06,3.848597048716521e-05,29.43656001903129
3771,4152,20.45377510624609,0,0,0,0,0,0,0,1,0,1431.960640932806,1.587399297688804e-06,3.848597048716521e-05,19.43177628624611
3772,8291,37.72764245478751,0,0,0,0,0,0,0,1,0,822.4652693687713,1.587399297688804e-06,3.848597048716521e-05,36.70564363478744
3773,8904,37.34649447361649,0,0,0,0,0,0,0,1,0,638.3990904821021,1.587399297688804e-06,3.848597048716521e-05,36.32449565361647
3774,9976,41.11957621142157,0,0,0,0,0,0,0,1,0,354.9504044090834,1.587399297688804e-06,3.848597048716521e-05,40.09757739142147
3775,11277,51.52158124253918,0,0,0,0,0,0,0,1,0,1661.334890667576,1.587399297688804e-06,3.848597048716521e-05,50.49958242253906
3776,3235,14.16832012083626,0,0,0,0,0,0,0,1,0,4607.009450175493,1.587399297688804e-06,3.848597048716521e-05,13.14632130083625
3777,6645,29.29033050547919,0,0,0,0,0,0,0,1,0,251.8320726586035,1.587399297688804e-06,3.848597048716521e-05,28.26833168547921
3778,11926,53.3058196170221,0,0,0,0,0,0,0,1,0,178.9698775768778,1.587399297688804e-06,3.848597048716521e-05,52.28382079702204
3779,6386,32.14569742953902,0,0,0,0,0,0,0,1,0,2187.46406583848,1.587399297688804e-06,3.848597048716521e-05,31.1236986095547
3780,4725,22.8538871244595,0,0,0,0,0,0,0,1,0,4718.173659630863,1.587399297688804e-06,3.848597048716521e-05,21.83188830445949
3781,10781,51.07708546866117,0,0,0,0,0,0,0,1,0,1987.995820965668,1.587399297688804e-06,3.848597048716521e-05,50.05508664866095
3782,6833,30.53622283330912,0,0,0,0,0,0,0,1,0,6755.287846659432,1.587399297688804e-06,3.848597048716521e-05,29.5142240133091
3783,7802,33.84385894405796,0,0,0,0,0,0,0,1,0,116.7564373387339,1.587399297688804e-06,3.848597048716521e-05,32.82186012405791
3784,9000,43.13164209818822,0,0,0,0,0,0,0,1,0,2468.061741026551,1.587399297688804e-06,3.848597048716521e-05,42.10964327818813
3785,5930,26.06819314034954,0,0,0,0,0,0,0,1,0,153.5384380116226,1.587399297688804e-06,3.848597048716521e-05,25.04619432034955
3786,9400,43.60030857578872,0,0,0,0,0,0,0,1,0,6032.063505221205,1.587399297688804e-06,3.848597048716521e-05,42.57830975578869
3787,9135,39.94625595714803,0,0,0,0,0,0,0,1,0,4432.500754666016,1.587399297688804e-06,3.848597048716521e-05,38.92425713714798
3788,11640,49.27117183446956,0,0,0,0,0,0,0,1,0,1917.173055206926,1.587399297688804e-06,3.848597048716521e-05,48.24917301446956
3789,11422,52.84174222533471,0,0,0,0,0,0,0,1,0,1749.645264777273,1.587399297688804e-06,3.848597048716521e-05,51.81974340533468
3790,4325,20.77201372955098,0,0,0,0,0,0,0,1,0,91.21704393835901,1.587399297688804e-06,3.848597048716521e-05,19.75001490955099
3791,6750,30.45405217394853,0,0,0,0,0,0,0,1,0,3714.692224537511,1.587399297688804e-06,3.848597048716521e-05,29.43205335394851
3792,5855,25.289665749273,0,0,0,0,0,0,0,1,0,419.5522456815665,1.587399297688804e-06,3.848597048716521e-05,24.26766692927299
3793,6713,30.53416256631044,0,0,0,0,0,0,0,1,0,2764.351792555592,1.587399297688804e-06,3.848597048716521e-05,29.51216374631041
3794,9202,42.54209907970272,0,0,0,0,0,0,0,1,0,653.6540741038165,1.587399297688804e-06,3.848597048716521e-05,41.52010025970266
3795,9164,46.47894883897083,0,0,0,0,0,0,0,1,0,917.0987743121281,1.587399297688804e-06,3.848597048716521e-05,45.45695001897078
3796,4800,21.40068912168305,0,0,0,0,0,0,0,1,0,1591.365477278812,1.587399297688804e-06,3.848597048716521e-05,20.37869030168306
3797,4991,21.93918170671511,0,0,0,0,0,0,0,1,0,1732.922563842468,1.587399297688804e-06,3.848597048716521e-05,20.9171828867151
3798,10777,52.6051450727908,0,0,0,0,0,0,0,1,0,5746.946480817843,1.587399297688804e-06,3.848597048716521e-05,51.58314625279068
3799,11624,51.85402693181922,0,0,0,0,0,0,0,1,0,119.9613922644607,1.587399297688804e-06,3.848597048716521e-05,50.83202811181914
3800,9233,45.31349754419501,0,0,0,0,0,0,0,1,0,4984.076366748964,1.587399297688804e-06,3.848597048716521e-05,44.29149872419492
3801,4266,18.57334630467767,0,0,0,0,0,0,0,1,0,43.05529139307569,1.587399297688804e-06,3.848597048716521e-05,17.55134748467768
3802,10168,42.69168230563242,0,0,0,0,0,0,0,1,0,3187.111513766583,1.587399297688804e-06,3.848597048716521e-05,41.66968348563235
3803,6415,29.28877739687276,0,0,0,0,0,0,0,1,0,2051.484691714143,1.587399297688804e-06,3.848597048716521e-05,28.26677857687275
3804,5750,25.4741695813583,0,0,0,0,0,0,0,1,0,152.1487752626927,1.587399297688804e-06,3.848597048716521e-05,24.45217076131425
3805,9330,42.21095540645417,0,0,0,0,0,0,0,1,0,2268.504459536393,1.587399297688804e-06,3.848597048716521e-05,41.18895658645406
3806,11411,52.34211311868172,0,0,0,0,0,0,0,1,0,3697.312671265779,1.587399297688804e-06,3.848597048716521e-05,51.32011429868157
3807,9201,41.24521534503862,0,0,0,0,0,0,0,1,0,6757.897121358343,1.587399297688804e-06,3.848597048716521e-05,40.22321652503869
3808,5555,25.8675895434806,0,0,0,0,0,0,0,1,0,395.3450470514702,1.587399297688804e-06,3.848597048716521e-05,24.84559072348063
3809,11637,51.4088977369303,0,0,0,0,0,0,0,1,0,1691.240860377892,1.587399297688804e-06,3.848597048716521e-05,50.38689891693021
3810,6014,27.51655197976042,0,0,0,0,0,0,0,1,0,2676.292094605027,1.587399297688804e-06,3.848597048716521e-05,26.4945531597604
3811,9227,46.81535817120457,0,0,0,0,0,0,0,1,0,2279.126223350341,1.587399297688804e-06,3.848597048716521e-05,45.79335935120449
3812,10775,50.48976483599371,0,0,0,0,0,0,0,1,0,7381.699371316618,1.587399297688804e-06,3.848597048716521e-05,49.46776601598214
3813,8744,41.56356162106734,0,0,0,0,0,0,0,1,0,2630.663846932533,1.587399297688804e-06,3.848597048716521e-05,40.54156280106729
3814,8882,42.02707344650302,0,0,0,0,0,0,0,1,0,2641.400160745731,1.587399297688804e-06,3.848597048716521e-05,41.00507462650296
3815,9836,43.75710174640107,0,0,0,0,0,0,0,1,0,3975.193706938775,1.587399297688804e-06,3.848597048716521e-05,42.73510292640105
3816,4537,20.93528827259377,0,0,0,0,0,0,0,1,0,4797.933761016428,1.587399297688804e-06,3.848597048716521e-05,19.91328945259376
3817,8715,39.91130726040618,0,0,0,0,0,0,0,1,0,614.1884948923696,1.587399297688804e-06,3.848597048716521e-05,38.88930844040604
3818,10916,48.41261724340237,0,0,0,0,0,0,0,1,0,2034.727145854042,1.587399297688804e-06,3.848597048716521e-05,47.39061842340233
3819,9962,44.05900706945074,0,0,0,0,0,0,0,1,0,2711.6605396524,1.587399297688804e-06,3.848597048716521e-05,43.03700824945065
3820,7657,33.90260759514491,0,0,0,0,0,0,0,1,0,1243.69531446535,1.587399297688804e-06,3.848597048716521e-05,32.8806087751448
3821,8973,42.86123204803661,0,0,0,0,0,0,0,1,0,129.4849422058586,1.587399297688804e-06,3.848597048716521e-05,41.83923322803653
3822,11240,49.10755075598767,0,0,0,0,0,0,0,1,0,1683.073756146321,1.587399297688804e-06,3.848597048716521e-05,48.08555193598761
3823,8252,40.20420247473405,0,0,0,0,0,0,0,1,0,358.068139414039,1.587399297688804e-06,3.848597048716521e-05,39.18220365473395
3824,9055,41.90202540666546,0,0,0,0,0,0,0,1,0,467.3405799270882,1.587399297688804e-06,3.848597048716521e-05,40.88002658662467
3825,4219,22.18936563818108,0,0,0,0,0,0,0,1,0,4509.56998101555,1.587399297688804e-06,3.848597048716521e-05,21.16736681822557
3826,8049,40.52513315691726,0,0,0,0,0,0,0,1,0,7895.508392188223,1.587399297688804e-06,3.848597048716521e-05,39.50313433691715
3827,6188,27.5977420670156,0,0,0,0,0,0,0,1,0,4354.784329420891,1.587399297688804e-06,3.848597048716521e-05,26.57574324701559
3828,11028,49.36954790338083,0,0,0,0,0,0,0,1,0,4865.789560116526,1.587399297688804e-06,3.848597048716521e-05,48.34754908338078
3829,7589,36.55207696019832,0,0,0,0,0,0,0,1,0,5708.434523575877,1.587399297688804e-06,3.848597048716521e-05,35.53007814019827
3830,3645,19.21708597512314,0,0,0,0,0,0,0,1,0,493.3103416841147,1.587399297688804e-06,3.848597048716521e-05,18.19508715512314
3831,6920,36.35108377979255,0,0,0,0,0,0,0,1,0,392.5057719657325,1.587399297688804e-06,3.848597048716521e-05,35.32908495978086
3832,10605,47.72530553893541,0,0,0,0,0,0,0,1,0,249.8264315019788,1.587399297688804e-06,3.848597048716521e-05,46.70330671893527
3833,6427,32.57120417094151,0,0,0,0,0,0,0,1,0,289.8728921147649,1.587399297688804e-06,3.848597048716521e-05,31.54920535094148
3834,11168,51.53760067062024,0,0,0,0,0,0,0,1,0,100.6581006267738,1.587399297688804e-06,3.848597048716521e-05,50.51560185062003
3835,11326,49.96652919074188,0,0,0,0,0,0,0,1,0,275.867346536445,1.587399297688804e-06,3.848597048716521e-05,48.94453037074192
3836,11801,51.43732711706679,0,0,0,0,0,0,0,1,0,2708.174135585532,1.587399297688804e-06,3.848597048716521e-05,50.41532829706672
3837,6945,31.29375145701707,0,0,0,0,0,0,0,1,0,224.6594255951403,1.587399297688804e-06,3.848597048716521e-05,30.27175263701708
3838,6600,30.46315919775625,0,0,0,0,0,0,0,1,0,8536.025882811009,1.587399297688804e-06,3.848597048716521e-05,29.44116037775623
3839,4574,23.15004684990548,0,0,0,0,0,0,0,1,0,1967.392579971475,1.587399297688804e-06,3.848597048716521e-05,22.12804802990541
3840,8700,39.95025879867814,0,0,0,0,0,0,0,1,0,830.1869583401904,1.587399297688804e-06,3.848597048716521e-05,38.92825997867816
3841,7075,31.67973238737302,0,0,0,0,0,0,0,1,0,2988.475321150915,1.587399297688804e-06,3.848597048716521e-05,30.65773356737296
3842,9713,44.23649705553759,0,0,0,0,0,0,0,1,0,3875.903133411496,1.587399297688804e-06,3.848597048716521e-05,43.21449823531059
3843,2642,12.42784785915166,0,0,0,0,0,0,0,1,0,179.8602360993581,1.587399297688804e-06,3.848597048716521e-05,11.40584903915167
3844,5441,23.86770162565832,0,0,0,0,0,0,0,1,0,67.74429282333384,1.587399297688804e-06,3.848597048716521e-05,22.8457028056583
3845,7526,37.24431797668849,0,0,0,0,0,0,0,1,0,1287.647739849072,1.587399297688804e-06,3.848597048716521e-05,36.22231915668841
3846,5344,23.54969977881344,0,0,0,0,0,0,0,1,0,5461.331997924466,1.587399297688804e-06,3.848597048716521e-05,22.52770095881343
3847,10430,46.23425292977671,0,0,0,0,0,0,0,1,0,500.4758260558662,1.587399297688804e-06,3.848597048716521e-05,45.21225410977661
3848,10078,45.87547117350577,0,0,0,0,0,0,0,1,0,3420.482824896724,1.587399297688804e-06,3.848597048716521e-05,44.8534723525417
3849,5775,24.44377102435633,0,0,0,0,0,0,0,1,0,2500.032296658055,1.587399297688804e-06,3.848597048716521e-05,23.42177220435632
3850,9444,42.7008266511117,0,0,0,0,0,0,0,1,0,701.3979000261983,1.587399297688804e-06,3.848597048716521e-05,41.67882783111169
3851,8667,39.14073761204046,0,0,0,0,0,0,0,1,0,427.9865004173262,1.587399297688804e-06,3.848597048716521e-05,38.11873879204035
3852,8059,33.57388732993877,0,0,0,0,0,0,0,1,0,354.2438443208808,1.587399297688804e-06,3.848597048716521e-05,32.55188850993873
3853,7758,34.60112346799009,0,0,0,0,0,0,0,1,0,4514.18342031968,1.587399297688804e-06,3.848597048716521e-05,33.57912464799006
3854,7919,38.59705000217016,0,0,0,0,0,0,0,1,0,1696.902771380572,1.587399297688804e-06,3.848597048716521e-05,37.57505118217006
3855,4533,22.17106134730437,0,0,0,0,0,0,0,1,0,2707.03844896548,1.587399297688804e-06,3.848597048716521e-05,21.14906252730438
3856,10830,50.69393504665363,0,0,0,0,0,0,0,1,0,1187.601594866975,1.587399297688804e-06,3.848597048716521e-05,49.67193622665344
3857,7727,37.11586984179074,0,0,0,0,0,0,0,1,0,2686.653874900093,1.587399297688804e-06,3.848597048716521e-05,36.09387102179065
3858,3631,21.21201517260087,0,0,0,0,0,0,0,1,0,2671.915914604152,1.587399297688804e-06,3.848597048716521e-05,20.19001635260084
3859,9266,41.93941642059412,0,0,0,0,0,0,0,1,0,1391.53643911589,1.587399297688804e-06,3.848597048716521e-05,40.917417600594
3860,5950,29.01322704149315,0,0,0,0,0,0,0,1,0,707.7135933373196,1.587399297688804e-06,3.848597048716521e-05,27.99122822149313
3861,5228,23.58371640564259,0,0,0,0,0,0,0,1,0,4438.922899557042,1.587399297688804e-06,3.848597048716521e-05,22.5617175856426
3862,3494,15.6955451078327,0,0,0,0,0,0,0,1,0,2017.833254425224,1.587399297688804e-06,3.848597048716521e-05,14.6735462878327
3863,7495,34.79563447909444,0,0,0,0,0,0,0,1,0,2818.78882763059,1.587399297688804e-06,3.848597048716521e-05,33.77363565909442
3864,10917,50.67995444052163,0,0,0,0,0,0,0,1,0,5009.207831277401,1.587399297688804e-06,3.848597048716521e-05,49.65795562052154
3865,7126,32.03311537821146,0,0,0,0,0,0,0,1,0,1270.974111204886,1.587399297688804e-06,3.848597048716521e-05,31.01111655821142
3866,5241,26.49878428225943,0,0,0,0,0,0,0,1,0,600.4913212719132,1.587399297688804e-06,3.848597048716521e-05,25.47678546225942
3867,4852,20.23798315059796,0,0,0,0,0,0,0,1,0,914.8711521849325,1.587399297688804e-06,3.848597048716521e-05,19.21598433059796
3868,7456,36.38577341760725,0,0,0,0,0,0,0,1,0,656.959972876651,1.587399297688804e-06,3.848597048716521e-05,35.36377459757914
3869,4091,20.24159965071729,0,0,0,0,0,0,0,1,0,4562.333935447402,1.587399297688804e-06,3.848597048716521e-05,19.21960083071725
3870,9335,42.00864945886431,0,0,0,0,0,0,0,1,0,418.0322980036796,1.587399297688804e-06,3.848597048716521e-05,40.98665063886423
3871,5998,27.67966685286322,0,0,0,0,0,0,0,1,0,2292.748792630433,1.587399297688804e-06,3.848597048716521e-05,26.6576680328632
3872,3302,16.75973360705039,0,0,0,0,0,0,0,1,0,475.6617191738342,1.587399297688804e-06,3.848597048716521e-05,15.73773478705039
3873,9128,42.30411151786826,0,0,0,0,0,0,0,1,0,44.88909922412653,1.587399297688804e-06,3.848597048716521e-05,41.28211269786816
3874,5644,25.23756809364667,0,0,0,0,0,0,0,1,0,996.073768768312,1.587399297688804e-06,3.848597048716521e-05,24.2155692736467
3875,6073,25.60691299526795,0,0,0,0,0,0,0,1,0,3585.068820476604,1.587399297688804e-06,3.848597048716521e-05,24.58491417526793
3876,3024,16.28140055684304,0,0,0,0,0,0,0,1,0,965.1382442938603,1.587399297688804e-06,3.848597048716521e-05,15.25940173684302
3877,7149,30.24757135182485,0,0,0,0,0,0,0,1,0,7861.611619561456,1.587399297688804e-06,3.848597048716521e-05,29.22557253182485
3878,4904,25.73508628553353,0,0,0,0,0,0,0,1,0,512.8325936932989,1.587399297688804e-06,3.848597048716521e-05,24.7130874655335
3879,10210,45.39224406585066,0,0,0,0,0,0,0,1,0,132.0092268292589,1.587399297688804e-06,3.848597048716521e-05,44.37024524585063
3880,7330,35.40534679456368,0,0,0,0,0,0,0,1,0,1141.278259260336,1.587399297688804e-06,3.848597048716521e-05,34.38334797456358
3881,9980,45.04615577027783,0,0,0,0,0,0,0,1,0,101.7620625096901,1.587399297688804e-06,3.848597048716521e-05,44.02415695027776
3882,4411,19.75314947544183,0,0,0,0,0,0,0,1,0,1252.309123425064,1.587399297688804e-06,3.848597048716521e-05,18.73115065544183
3883,10034,45.36308901827253,0,0,0,0,0,0,0,1,0,472.417646032397,1.587399297688804e-06,3.848597048716521e-05,44.34109019827251
3884,8776,36.24659520382354,0,0,0,0,0,0,0,1,0,2813.010503047853,1.587399297688804e-06,3.848597048716521e-05,35.22459638382353
3885,5456,27.48225311317045,0,0,0,0,0,0,0,1,0,1555.163523673363,1.587399297688804e-06,3.848597048716521e-05,26.46025429317047
3886,8885,38.85339072933373,0,0,0,0,0,0,0,1,0,1256.423650882422,1.587399297688804e-06,3.848597048716521e-05,37.83139190933372
3887,7210,34.08809001866169,0,0,0,0,0,0,0,1,0,2845.926763020261,1.587399297688804e-06,3.848597048716521e-05,33.06609119866162
3888,5386,22.9514907956546,0,0,0,0,0,0,0,1,0,2269.032293069563,1.587399297688804e-06,3.848597048716521e-05,21.92949197565458
3889,10232,48.58338578222138,0,0,0,0,0,0,0,1,0,286.7326852960934,1.587399297688804e-06,3.848597048716521e-05,47.56138696224642
3890,5469,28.70953619931401,0,0,0,0,0,0,0,1,0,1015.313708106326,1.587399297688804e-06,3.848597048716521e-05,27.68753737931404
3891,6398,30.23151965453611,0,0,0,0,0,0,0,1,0,736.6383070353123,1.587399297688804e-06,3.848597048716521e-05,29.20952083453608
3892,8859,38.80784113367143,0,0,0,0,0,0,0,1,0,330.2718369865947,1.587399297688804e-06,3.848597048716521e-05,37.78584231367137
3893,3035,15.02877844078775,0,0,0,0,0,0,0,1,0,2273.568940731476,1.587399297688804e-06,3.848597048716521e-05,14.00677962078775
3894,9137,43.2957878919044,0,0,0,0,0,0,0,1,0,2250.404045546678,1.587399297688804e-06,3.848597048716521e-05,42.27378907190438
3895,9740,42.19410329327611,0,0,0,0,0,0,0,1,0,7290.336864386359,1.587399297688804e-06,3.848597048716521e-05,41.17210447327604
3896,2209,14.05144535948446,0,0,0,0,0,0,0,1,0,5439.483110044489,1.587399297688804e-06,3.848597048716521e-05,13.02944653948446
3897,9767,41.24393892289051,0,0,0,0,0,0,0,1,0,1437.66357865961,1.587399297688804e-06,3.848597048716521e-05,40.22194010289044
3898,7749,35.76101224363953,0,0,0,0,0,0,0,1,0,8136.85844474763,1.587399297688804e-06,3.848597048716521e-05,34.73901342363955
3899,6237,27.686558168306,0,0,0,0,0,0,0,1,0,7852.730437547363,1.587399297688804e-06,3.848597048716521e-05,26.664559348306
3900,6121,27.94143528340745,0,0,0,0,0,0,0,1,0,387.0014262141022,1.587399297688804e-06,3.848597048716521e-05,26.91943646340745
3901,8871,40.70814669969486,0,0,0,0,0,0,0,1,0,752.2803882091903,1.587399297688804e-06,3.848597048716521e-05,39.6861478796948
3902,7966,36.81963011154023,0,0,0,0,0,0,0,1,0,590.0426772226974,1.587399297688804e-06,3.848597048716521e-05,35.79763129154014
3903,10876,50.61827592440624,0,0,0,0,0,0,0,1,0,1311.720982718428,1.587399297688804e-06,3.848597048716521e-05,49.59627710440438
3904,11238,50.21914008075736,0,0,0,0,0,0,0,1,0,2082.407236026085,1.587399297688804e-06,3.848597048716521e-05,49.19714126075729
3905,4685,23.91288158269107,0,0,0,0,0,0,0,1,0,4109.950159346463,1.587399297688804e-06,3.848597048716521e-05,22.89088276269103
3906,10505,45.01376048816368,0,0,0,0,0,0,0,1,0,578.2795727719517,1.587399297688804e-06,3.848597048716521e-05,43.99176166816356
3907,4730,23.61983820497379,0,0,0,0,0,0,0,1,0,1370.726577333562,1.587399297688804e-06,3.848597048716521e-05,22.59783938497381
3908,10451,51.2927383670113,0,0,0,0,0,0,0,1,0,768.8670932298224,1.587399297688804e-06,3.848597048716521e-05,50.27073954701116
3909,9208,44.47614833735883,0,0,0,0,0,0,0,1,0,1400.970492016433,1.587399297688804e-06,3.848597048716521e-05,43.45414951735873
3910,5026,25.03093045561113,0,0,0,0,0,0,0,1,0,4082.467595423857,1.587399297688804e-06,3.848597048716521e-05,24.00893163561118
3911,6193,31.21778302606222,0,0,0,0,0,0,0,1,0,138.6105518369509,1.587399297688804e-06,3.848597048716521e-05,30.19578420606218
3912,10775,51.15801569498193,0,0,0,0,0,0,0,1,0,4500.010741408986,1.587399297688804e-06,3.848597048716521e-05,50.13601687498181
3913,12462,52.56326031271386,0,0,0,0,0,0,0,1,0,604.8388199658742,1.587399297688804e-06,3.848597048716521e-05,51.54126149271394
3914,7962,36.55774441852836,0,0,0,0,0,0,0,1,0,1366.568990991744,1.587399297688804e-06,3.848597048716521e-05,35.53574559852834
3915,7241,31.04554913417023,0,0,0,0,0,0,0,1,0,6172.189947440138,1.587399297688804e-06,3.848597048716521e-05,30.02355031417027
3916,10993,48.67108415093671,0,0,0,0,0,0,0,1,0,842.5322295695842,1.587399297688804e-06,3.848597048716521e-05,47.64908533093661
3917,8280,37.10659862544225,0,0,0,0,0,0,0,1,0,4588.958108188432,1.587399297688804e-06,3.848597048716521e-05,36.0845998054422
3918,9847,41.53716625346819,0,0,0,0,0,0,0,1,0,3784.818453104576,1.587399297688804e-06,3.848597048716521e-05,40.51516743346806
3919,4861,23.73240547767228,0,0,0,0,0,0,0,1,0,2008.97756524067,1.587399297688804e-06,3.848597048716521e-05,22.71040665767228
3920,9606,40.18710378013109,0,0,0,0,0,0,0,1,0,1923.518216624348,1.587399297688804e-06,3.848597048716521e-05,39.16510496013101
3921,9570,45.53917122559296,0,0,0,0,0,0,0,1,0,843.8654953984462,1.587399297688804e-06,3.848597048716521e-05,44.51717240559289
3922,11140,51.93627357881302,0,0,0,0,0,0,0,1,0,314.0223427819255,1.587399297688804e-06,3.848597048716521e-05,50.91427475881298
3923,7584,36.20820530170415,0,0,0,0,0,0,0,1,0,4391.87826662545,1.587399297688804e-06,3.848597048716521e-05,35.18620648170412
3924,11022,46.73489156691683,0,0,0,0,0,0,0,1,0,955.0776883647768,1.587399297688804e-06,3.848597048716521e-05,45.71289274691677
3925,10662,46.68464224385841,0,0,0,0,0,0,0,1,0,339.6315117858132,1.587399297688804e-06,3.848597048716521e-05,45.66264342385826
3926,7106,32.71879285991712,0,0,0,0,0,0,0,1,0,2858.25415350674,1.587399297688804e-06,3.848597048716521e-05,31.69679403991714
3927,3276,15.45562896712589,0,0,0,0,0,0,0,1,0,773.8240300723091,1.587399297688804e-06,3.848597048716521e-05,14.43363014712589
3928,9497,42.23583901792152,0,0,0,0,0,0,0,1,0,726.2994581604995,1.587399297688804e-06,3.848597048716521e-05,41.21384019792153
3929,9449,41.47845776301864,0,0,0,0,0,0,0,1,0,1502.703428521022,1.587399297688804e-06,3.848597048716521e-05,40.45645894301862
3930,10095,44.14876767071721,0,0,0,0,0,0,0,1,0,219.6701978381588,1.587399297688804e-06,3.848597048716521e-05,43.12676885071713
3931,0,1e-06,0,0,0,0,0,0,0,0,0,12184.91579216618,1.587399297688804e-06,3.848597048716521e-05,-1
3932,10463,48.81308415910635,0,0,0,0,0,0,0,1,0,3384.213769517079,1.587399297688804e-06,3.848597048716521e-05,47.79108533910615
3933,6535,31.41537920079352,0,0,0,0,0,0,0,1,0,34.36230333848793,1.587399297688804e-06,3.848597048716521e-05,30.39338038075494
3934,7476,35.20510236934361,0,0,0,0,0,0,0,1,0,2153.03192261362,1.587399297688804e-06,3.848597048716521e-05,34.18310354934358
3935,11066,49.57022682993783,0,0,0,0,0,0,0,1,0,254.1008938638934,1.587399297688804e-06,3.848597048716521e-05,48.54822800993767
3936,10016,48.42634171391443,0,0,0,0,0,0,0,1,0,1492.193989500201,1.587399297688804e-06,3.848597048716521e-05,47.40434289391441
3937,9834,50.54936185685055,0,0,0,0,0,0,0,1,0,9645.366496236589,1.587399297688804e-06,3.848597048716521e-05,49.5273630368504
3938,8104,34.85378600155451,0,0,0,0,0,0,0,1,0,100.4043631459654,1.587399297688804e-06,3.848597048716521e-05,33.8317871815545
3939,10555,51.50095660643419,0,0,0,0,0,0,0,1,0,3708.987315869147,1.587399297688804e-06,3.848597048716521e-05,50.47895778643387
3940,5381,25.07330742411882,0,0,0,0,0,0,0,1,0,2149.336799342539,1.587399297688804e-06,3.848597048716521e-05,24.05130860411885
3941,11647,48.31336118854632,0,0,0,0,0,0,0,1,0,391.6487300537989,1.587399297688804e-06,3.848597048716521e-05,47.2913623685462
3942,6088,31.35851290504792,0,0,0,0,0,0,0,1,0,366.6979957893705,1.587399297688804e-06,3.848597048716521e-05,30.33651408507946
3943,10804,48.31189972298611,0,0,0,0,0,0,0,1,0,232.577519205162,1.587399297688804e-06,3.848597048716521e-05,47.28990090298612
3944,4500,20.35009689697522,0,0,0,0,0,0,0,1,0,4993.53042674376,1.587399297688804e-06,3.848597048716521e-05,19.3280980769752
3945,7782,35.97598548794008,0,0,0,0,0,0,0,1,0,1774.701763328507,1.587399297688804e-06,3.848597048716521e-05,34.95398666794004
3946,9687,45.47730781758072,0,0,0,0,0,0,0,1,0,329.4349040810765,1.587399297688804e-06,3.848597048716521e-05,44.45530899758063
3947,10913,48.24978693369204,0,0,0,0,0,0,0,1,0,43.70817240858768,1.587399297688804e-06,3.848597048716521e-05,47.22778811369196
3948,3553,18.33171113246912,0,0,0,0,0,0,0,1,0,119.5974238893901,1.587399297688804e-06,3.848597048716521e-05,17.30971231246913
3949,11473,51.84207971791639,0,0,0,0,0,0,0,1,0,1961.999184351669,1.587399297688804e-06,3.848597048716521e-05,50.82008089791636
3950,5359,25.86137211698304,0,0,0,0,0,0,0,1,0,2666.634746695152,1.587399297688804e-06,3.848597048716521e-05,24.83937329698309
3951,4660,22.21506936328949,0,0,0,0,0,0,0,1,0,2722.157904641409,1.587399297688804e-06,3.848597048716521e-05,21.19307054328947
3952,8009,40.2168584676747,0,0,0,0,0,0,0,1,0,1009.883340099839,1.587399297688804e-06,3.848597048716521e-05,39.19485964770757
3953,2342,12.79289459671234,0,0,0,0,0,0,0,1,0,1576.966779791854,1.587399297688804e-06,3.848597048716521e-05,11.77089577671233
3954,6672,31.13023659049228,0,0,0,0,0,0,0,1,0,9368.328639697724,1.587399297688804e-06,3.848597048716521e-05,30.10823777049224
3955,8291,36.81667197950715,0,0,0,0,0,0,0,1,0,4160.997645603245,1.587399297688804e-06,3.848597048716521e-05,35.79467315950715
3956,8964,43.9935093127552,0,0,0,0,0,0,0,1,0,3355.298100858323,1.587399297688804e-06,3.848597048716521e-05,42.9715104927533
3957,7703,32.95885824123761,0,0,0,0,0,0,0,1,0,579.6086360095668,1.587399297688804e-06,3.848597048716521e-05,31.93685942123758
3958,6964,30.69488399409856,0,0,0,0,0,0,0,1,0,346.3486627205954,1.587399297688804e-06,3.848597048716521e-05,29.67288517409852
3959,7502,32.28709181227788,0,0,0,0,0,0,0,1,0,1196.631344675277,1.587399297688804e-06,3.848597048716521e-05,31.26509299227786
3960,9931,45.02056597008715,0,0,0,0,0,0,0,1,0,1017.66232367474,1.587399297688804e-06,3.848597048716521e-05,43.99856715006332
3961,5001,26.04406367395358,0,0,0,0,0,0,0,1,0,1854.263248757451,1.587399297688804e-06,3.848597048716521e-05,25.02206485395358
3962,7680,37.81582541336243,0,0,0,0,0,0,0,1,0,8848.578239763456,1.587399297688804e-06,3.848597048716521e-05,36.79382659336235
3963,7983,36.44258889283987,0,0,0,0,0,0,0,1,0,162.6738062464395,1.587399297688804e-06,3.848597048716521e-05,35.42059007283979
3964,12365,52.51359420139224,0,0,0,0,0,0,0,1,0,1366.450533610908,1.587399297688804e-06,3.848597048716521e-05,51.49159538139212
3965,10227,48.06348100176751,0,0,0,0,1,0,0,1,0,2148.683128956316,1.587399297688804e-06,3.848597048716521e-05,47.04148218180326
3966,11286,50.84518104360267,0,0,0,0,0,0,0,1,0,3811.511201986851,1.587399297688804e-06,3.848597048716521e-05,49.82318222371205
3967,6517,29.80805547450333,0,0,0,0,0,0,0,1,0,2157.837859245925,1.587399297688804e-06,3.848597048716521e-05,28.78605665450333
3968,10671,53.29053593588912,0,0,0,0,0,0,0,1,0,2068.756570962194,1.587399297688804e-06,3.848597048716521e-05,52.26853711588912
3969,8473,39.56967389038041,0,0,0,0,0,0,0,1,0,2402.161868329191,1.587399297688804e-06,3.848597048716521e-05,38.54767507038046
3970,6593,34.18993410278715,0,0,0,0,0,0,0,1,0,2670.033250306331,1.587399297688804e-06,3.848597048716521e-05,33.16793528278706
3971,5813,27.59509566276918,0,0,0,0,0,0,0,1,0,3764.93872223386,1.587399297688804e-06,3.848597048716521e-05,26.57309684276917
3972,7406,32.96343716083711,0,0,0,0,0,0,0,1,0,159.5416603013388,1.587399297688804e-06,3.848597048716521e-05,31.94143834083707
3973,7496,32.41397246925213,0,0,0,0,0,0,0,1,0,15.83272025579438,1.587399297688804e-06,3.848597048716521e-05,31.39197364925208
3974,11315,48.10408135053195,0,0,0,0,0,0,0,1,0,323.6585558597666,1.587399297688804e-06,3.848597048716521e-05,47.08208253053188
3975,10176,47.30580094039413,0,0,0,0,0,0,0,1,0,977.858048830888,1.587399297688804e-06,3.848597048716521e-05,46.2838021203939
3976,10400,49.98620502976588,0,0,0,0,0,0,0,1,0,7257.909351368277,1.587399297688804e-06,3.848597048716521e-05,48.96420620976582
3977,10470,50.50463968782724,0,0,0,0,0,0,0,1,0,50.08906475912015,1.587399297688804e-06,3.848597048716521e-05,49.48264086782714
3978,9692,43.74421147292684,0,0,0,0,0,0,0,1,0,1627.168895679979,1.587399297688804e-06,3.848597048716521e-05,42.72221265292684
3979,6653,31.69541682849404,0,0,0,0,0,0,0,1,0,1229.728081050984,1.587399297688804e-06,3.848597048716521e-05,30.67341800849405
3980,7782,35.03453598732239,0,0,0,0,0,0,0,1,0,941.9925532941032,1.587399297688804e-06,3.848597048716521e-05,34.0125371673223
3981,11356,50.77230866226505,0,0,0,0,0,0,0,1,0,1844.95610178784,1.587399297688804e-06,3.848597048716521e-05,49.75030984226498
3982,10759,50.93645161076647,0,0,0,0,0,0,0,1,0,5203.415424468093,1.587399297688804e-06,3.848597048716521e-05,49.91445279076466
3983,5535,27.212706972912,0,0,0,0,0,0,0,1,0,714.5756456898414,1.587399297688804e-06,3.848597048716521e-05,26.19070815291201
3984,9765,48.04180266939029,0,0,0,0,0,0,0,1,0,1752.451306671925,1.587399297688804e-06,3.848597048716521e-05,47.01980384939018
3985,9770,46.27549915941915,0,0,0,0,0,0,0,1,0,290.6985092054393,1.587399297688804e-06,3.848597048716521e-05,45.25350033941908
3986,10148,43.91552748268756,0,0,0,0,0,0,0,1,0,3252.179062744302,1.587399297688804e-06,3.848597048716521e-05,42.89352866268752
3987,4307,21.56948152967141,0,0,0,0,0,0,0,1,0,2660.8180639322,1.587399297688804e-06,3.848597048716521e-05,20.54748270967139
3988,4202,18.48778020231194,0,0,0,0,0,0,0,1,0,684.3133741220025,1.587399297688804e-06,3.848597048716521e-05,17.46578138231192
3989,6665,31.61049769164583,0,0,0,0,0,0,0,1,0,978.702844527377,1.587399297688804e-06,3.848597048716521e-05,30.58849887164579
3990,7365,30.30173729263818,0,0,0,0,0,0,0,1,0,1239.268482751211,1.587399297688804e-06,3.848597048716521e-05,29.27973847263817
3991,9288,42.94391635854101,0,0,0,0,0,0,0,1,0,294.09534150826,1.587399297688804e-06,3.848597048716521e-05,41.92191753854093
3992,9510,45.03696111032229,0,0,0,0,0,0,0,1,0,2780.802863804252,1.587399297688804e-06,3.848597048716521e-05,44.01496229032227
3993,0,1e-06,0,0,0,0,0,0,0,0,0,13170.95752512021,1.587399297688804e-06,3.848597048716521e-05,-1
3994,9893,44.40509295523489,0,0,0,0,0,0,0,1,0,96.37405799979447,1.587399297688804e-06,3.848597048716521e-05,43.38309413523477
3995,10607,52.25880115394115,0,0,0,0,0,0,0,1,0,1946.576605525746,1.587399297688804e-06,3.848597048716521e-05,51.23680233390551
3996,11691,51.0695427864763,0,0,0,0,0,0,0,1,0,395.7642428647339,1.587399297688804e-06,3.848597048716521e-05,50.04754396647627
3997,6036,30.49137891812076,0,0,0,0,0,0,0,1,0,128.7850481901287,1.587399297688804e-06,3.848597048716521e-05,29.46938009812076
3998,6357,26.61121153247464,0,0,0,0,0,0,0,1,0,2218.570233258066,1.587399297688804e-06,3.848597048716521e-05,25.58921271247462
3999,11009,51.76409064167786,0,0,0,0,0,0,0,1,0,1084.468857173288,1.587399297688804e-06,3.848597048716521e-05,50.74209182167766
4000,6522,28.22025383569502,0,0,0,0,0,0,0,1,0,256.0269887765844,1.587399297688804e-06,3.848597048716521e-05,27.19825501569503
4001,8240,35.99641821263964,0,0,0,0,0,0,0,1,0,4014.297684464328,1.587399297688804e-06,3.848597048716521e-05,34.97441939263955
4002,6312,26.60174864923921,0,0,0,0,0,0,0,1,0,122.1446934345713,1.587399297688804e-06,3.848597048716521e-05,25.57974982923917
4003,8353,39.0547317751631,0,0,0,0,0,0,0,1,0,888.0296147263372,1.587399297688804e-06,3.848597048716521e-05,38.03273295516301
4004,7772,36.41734553211795,0,0,0,0,0,0,0,1,0,1426.191452484183,1.587399297688804e-06,3.848597048716521e-05,35.39534671211786
4005,6879,33.006246033202,0,0,0,0,0,0,0,1,0,2134.560943928378,1.587399297688804e-06,3.848597048716521e-05,31.98424721320198
4006,2384,11.12210645283337,0,0,0,0,0,0,0,1,0,686.7988439566485,1.587399297688804e-06,3.848597048716521e-05,10.10010763283338
4007,12270,53.08485981418304,0,0,0,0,0,0,0,1,0,306.2274466664764,1.587399297688804e-06,3.848597048716521e-05,52.06286099418294
4008,0,1e-06,0,0,0,0,0,0,0,0,0,10527.27409430429,1.587399297688804e-06,3.848597048716521e-05,-1
4009,10331,47.51317200795995,0,0,0,0,0,0,0,1,0,1651.112390335748,1.587399297688804e-06,3.848597048716521e-05,46.49117318795989
4010,8080,35.270817236318,0,0,0,0,0,0,0,1,0,2858.484405134289,1.587399297688804e-06,3.848597048716521e-05,34.24881841631795
4011,4853,20.99541492126384,0,0,0,0,0,0,0,1,0,4048.189246567895,1.587399297688804e-06,3.848597048716521e-05,19.97341610126385
4012,7916,39.33898440964117,0,0,0,0,0,0,0,1,0,1914.95526380896,1.587399297688804e-06,3.848597048716521e-05,38.31698558964104
4013,10689,51.25485159260512,0,0,0,0,0,0,0,1,0,289.249526996402,1.587399297688804e-06,3.848597048716521e-05,50.23285277260499
4014,10335,49.79595912919191,0,0,0,0,0,0,0,1,0,233.7361563631923,1.587399297688804e-06,3.848597048716521e-05,48.77396030921049
4015,6588,31.7696250552178,0,0,0,0,0,0,0,1,0,4556.176170997526,1.587399297688804e-06,3.848597048716521e-05,30.74762623520363
4016,10984,51.47221405415883,0,0,0,0,0,0,0,1,0,4944.375834789538,1.587399297688804e-06,3.848597048716521e-05,50.45021523415883
4017,7561,36.21569176048601,0,0,0,0,0,0,0,1,0,494.8717020136508,1.587399297688804e-06,3.848597048716521e-05,35.19369294063573
4018,5312,25.63520471718662,0,0,0,0,0,0,0,1,0,598.267563805045,1.587399297688804e-06,3.848597048716521e-05,24.61320589716699
4019,4747,21.18677613799428,0,0,0,0,0,0,0,1,0,537.5060303289006,1.587399297688804e-06,3.848597048716521e-05,20.16477731799428
4020,10231,47.97829230567429,0,0,0,0,0,0,0,1,0,587.2127160876593,1.587399297688804e-06,3.848597048716521e-05,46.95629348567419
4021,7104,30.95633747544331,0,0,0,0,0,0,0,1,0,4889.01949142337,1.587399297688804e-06,3.848597048716521e-05,29.9343386554433
4022,4253,21.12209707788386,0,0,0,0,0,0,0,1,0,2097.01949578436,1.587399297688804e-06,3.848597048716521e-05,20.10009825788385
4023,10018,48.85675800909038,0,0,0,0,0,0,0,1,0,5100.565004969977,1.587399297688804e-06,3.848597048716521e-05,47.83475918909021
4024,10857,49.74690094699542,0,0,0,0,0,0,0,1,0,385.3221916943862,1.587399297688804e-06,3.848597048716521e-05,48.72490212694579
4025,10483,49.29156256846612,0,0,0,0,0,0,0,1,0,1022.161196621946,1.587399297688804e-06,3.848597048716521e-05,48.26956374846595
4026,7703,34.47498954348815,0,0,0,0,0,0,0,1,0,3281.701223637011,1.587399297688804e-06,3.848597048716521e-05,33.4529907234881
4027,4286,20.96254951351972,0,0,0,0,0,0,0,1,0,4676.935853273746,1.587399297688804e-06,3.848597048716521e-05,19.94055069351971
4028,8822,41.73841758524064,0,0,0,0,0,0,0,1,0,992.848862888589,1.587399297688804e-06,3.848597048716521e-05,40.7164187652459
4029,9356,45.75866508059872,0,0,0,0,0,0,0,1,0,586.6491924167559,1.587399297688804e-06,3.848597048716521e-05,44.73666626059861
4030,7395,36.14279934761526,0,0,0,0,0,0,0,1,0,48.5952478058426,1.587399297688804e-06,3.848597048716521e-05,35.12080052761518
4031,3445,16.641665158465,0,0,0,0,0,0,0,1,0,2964.271133058898,1.587399297688804e-06,3.848597048716521e-05,15.61966633846499
4032,10794,50.28841912669181,0,0,0,0,0,0,0,1,0,383.7238338691942,1.587399297688804e-06,3.848597048716521e-05,49.26642030669179
4033,9457,47.04087510261798,0,0,0,0,0,0,0,1,0,2974.830688532884,1.587399297688804e-06,3.848597048716521e-05,46.01887628261784
4034,10935,49.1880527977129,0,0,0,0,0,0,0,1,0,4681.882087953488,1.587399297688804e-06,3.848597048716521e-05,48.16605397771279
4035,10376,48.75248458022052,0,0,0,0,0,0,0,1,0,441.3333840308279,1.587399297688804e-06,3.848597048716521e-05,47.73048576065816
4036,7641,35.08601178996101,0,0,0,0,0,0,0,1,0,1018.710672443624,1.587399297688804e-06,3.848597048716521e-05,34.06401296996095
4037,7204,34.96507873812153,0,0,0,0,0,0,0,1,0,3462.505679233564,1.587399297688804e-06,3.848597048716521e-05,33.94307991812146
4038,7827,38.83604045610214,0,0,0,0,0,0,0,1,0,3054.5907176861,1.587399297688804e-06,3.848597048716521e-05,37.81404163610212
4039,7589,35.90435300776884,0,0,0,0,0,0,0,1,0,2934.213138938896,1.587399297688804e-06,3.848597048716521e-05,34.88235418776883
4040,5058,23.45127200779443,0,0,0,0,0,0,0,1,0,2386.151278389948,1.587399297688804e-06,3.848597048716521e-05,22.42927318779439
4041,9748,48.1475206178503,0,0,0,0,0,0,0,1,0,249.0773310608199,1.587399297688804e-06,3.848597048716521e-05,47.12552179785023
4042,9449,43.77397341514185,0,0,0,0,0,0,0,1,0,381.6057834842935,1.587399297688804e-06,3.848597048716521e-05,42.75197459514184
4043,7476,30.25962010783501,0,0,0,0,0,0,0,1,0,1522.703928955378,1.587399297688804e-06,3.848597048716521e-05,29.23762128783503
4044,9440,50.83084072772882,0,0,0,0,0,0,0,1,0,843.9487933117109,1.587399297688804e-06,3.848597048716521e-05,49.80884190772869
4045,8696,36.87891728868408,0,0,0,0,0,0,0,1,0,7659.340952361095,1.587399297688804e-06,3.848597048716521e-05,35.85691846868396
4046,9460,44.81176425594509,0,0,0,0,0,0,0,1,0,670.5900831809092,1.587399297688804e-06,3.848597048716521e-05,43.78976543586137
4047,11118,53.09252909643056,0,0,0,0,0,0,0,1,0,3561.190570897583,1.587399297688804e-06,3.848597048716521e-05,52.07053027643036
4048,10474,48.52928194640577,0,0,0,0,0,0,0,1,0,9549.127687836159,1.587399297688804e-06,3.848597048716521e-05,47.50728312640566
4049,9416,46.44615427073088,0,0,0,0,0,0,0,1,0,1207.483508554782,1.587399297688804e-06,3.848597048716521e-05,45.42415545073091
4050,11623,52.98504744899699,0,0,0,0,0,0,0,1,0,520.4338030375294,1.587399297688804e-06,3.848597048716521e-05,51.96304862899676
4051,9765,43.73691220540925,0,0,0,0,0,0,0,1,0,163.1829981004152,1.587399297688804e-06,3.848597048716521e-05,42.71491338540911
4052,11972,51.46029632116537,0,0,0,0,0,0,0,1,0,2461.838841689662,1.587399297688804e-06,3.848597048716521e-05,50.43829750116525
4053,6679,29.91108531796369,0,0,0,0,0,0,0,1,0,764.923957152861,1.587399297688804e-06,3.848597048716521e-05,28.88908649796368
4054,10119,47.57739293151315,0,0,0,0,0,0,0,1,0,780.8891672939503,1.587399297688804e-06,3.848597048716521e-05,46.555394111513
4055,9571,40.9725766051155,0,0,0,0,0,0,0,1,0,1160.467446411569,1.587399297688804e-06,3.848597048716521e-05,39.95057778511534
4056,11356,47.52977393912052,0,0,0,0,0,0,0,1,0,2321.481032709284,1.587399297688804e-06,3.848597048716521e-05,46.50777511912053
4057,11278,51.48148736876626,0,0,0,0,0,0,0,1,0,3249.453390618859,1.587399297688804e-06,3.848597048716521e-05,50.45948854876609
4058,7561,33.20833173715259,0,0,0,0,0,0,0,1,0,3123.370492003629,1.587399297688804e-06,3.848597048716521e-05,32.18633291715255
4059,8553,42.85492837469042,0,0,0,0,0,0,0,1,0,4627.150542006778,1.587399297688804e-06,3.848597048716521e-05,41.83292955471169
4060,9285,39.93135488311205,0,0,0,0,0,0,0,1,0,3173.513031538193,1.587399297688804e-06,3.848597048716521e-05,38.90935606311189
4061,10090,47.04148357439102,0,0,0,0,0,0,0,1,0,6076.226379344009,1.587399297688804e-06,3.848597048716521e-05,46.01948475442241
4062,10292,47.80204476512392,0,0,0,0,0,0,0,1,0,1481.667324801173,1.587399297688804e-06,3.848597048716521e-05,46.78004594512382
4063,5107,28.79000701641181,0,0,0,0,0,0,0,1,0,1488.801616223184,1.587399297688804e-06,3.848597048716521e-05,27.76800819622166
4064,11211,52.52655838092249,0,0,0,0,0,0,0,1,0,5852.742083489273,1.587399297688804e-06,3.848597048716521e-05,51.50455956092244
4065,7493,33.69879752357222,0,0,0,0,0,0,0,1,0,146.6938253854351,1.587399297688804e-06,3.848597048716521e-05,32.67679870357219
4066,8590,39.83007868085956,0,0,0,0,0,0,0,1,0,1342.871969798266,1.587399297688804e-06,3.848597048716521e-05,38.80807986085943
4067,4464,19.5311109310885,0,0,0,0,0,0,0,1,0,2941.360941645035,1.587399297688804e-06,3.848597048716521e-05,18.50911211108849
4068,7846,37.75842241730784,0,0,0,0,0,0,0,1,0,3938.09972514436,1.587399297688804e-06,3.848597048716521e-05,36.73642359730777
4069,6601,33.21485821491212,0,0,0,0,0,0,0,1,0,819.1528088208878,1.587399297688804e-06,3.848597048716521e-05,32.19285939491205
4070,5365,27.62290866407631,0,0,0,0,0,0,0,1,0,3444.192718626028,1.587399297688804e-06,3.848597048716521e-05,26.60090984407084
4071,10361,48.33861985073153,0,0,0,0,0,0,0,1,0,1657.03214431281,1.587399297688804e-06,3.848597048716521e-05,47.31662103073145
4072,11723,50.66845304660077,0,0,0,0,0,0,0,1,0,759.9609439445562,1.587399297688804e-06,3.848597048716521e-05,49.64645422660074
4073,9081,40.45882559274551,0,0,0,0,0,0,0,1,0,1382.580883383054,1.587399297688804e-06,3.848597048716521e-05,39.43682677274547
4074,6752,33.54604367374263,0,0,0,0,0,0,0,1,0,362.7059363927253,1.587399297688804e-06,3.848597048716521e-05,32.52404485374252
4075,8916,41.79086055169016,0,0,0,0,0,0,0,1,0,309.0493927624477,1.587399297688804e-06,3.848597048716521e-05,40.76886173183309
4076,5191,23.6275404832268,0,0,0,0,0,0,0,1,0,1705.022970564519,1.587399297688804e-06,3.848597048716521e-05,22.60554166322682
4077,10240,46.39025061972285,0,0,0,0,0,0,0,1,0,170.3537333899657,1.587399297688804e-06,3.848597048716521e-05,45.36825179972274
4078,10574,53.11844656817958,0,0,0,0,1,0,0,1,0,292.5865606112002,1.587399297688804e-06,3.848597048716521e-05,52.09644774822274
4079,4972,27.10728676900924,0,0,0,0,0,0,0,1,0,395.371484153237,1.587399297688804e-06,3.848597048716521e-05,26.08528794948317
4080,9756,51.33268373448375,0,0,0,0,0,0,0,1,0,13.84114389329632,1.587399297688804e-06,3.848597048716521e-05,50.31068491431718
4081,9629,44.39084605079106,0,0,0,0,0,0,0,1,0,961.3456546377269,1.587399297688804e-06,3.848597048716521e-05,43.36884723079101
4082,10832,49.40829269264044,0,0,0,0,0,0,0,1,0,1089.409931226475,1.587399297688804e-06,3.848597048716521e-05,48.38629387264037
4083,7161,37.37254251769784,0,0,0,0,0,0,0,1,0,519.9343192184081,1.587399297688804e-06,3.848597048716521e-05,36.35054369769786
4084,12146,51.76574867532914,0,0,0,0,0,0,0,1,0,1614.119619018532,1.587399297688804e-06,3.848597048716521e-05,50.74374985532911
4085,9484,42.50942348299406,0,0,0,0,0,0,0,1,0,819.4617149640093,1.587399297688804e-06,3.848597048716521e-05,41.48742466299405
4086,9992,44.02528860701412,0,0,0,0,0,0,0,1,0,1582.844698428999,1.587399297688804e-06,3.848597048716521e-05,43.003289787014
4087,4920,24.84028966461315,0,0,0,0,0,0,0,1,0,709.5416418704243,1.587399297688804e-06,3.848597048716521e-05,23.81829084461317
4088,8549,41.30554305412388,0,0,0,0,0,0,0,1,0,927.0823189221616,1.587399297688804e-06,3.848597048716521e-05,40.28354423412382
4089,8097,38.31443834966211,0,0,0,0,0,0,0,1,0,281.7792726723451,1.587399297688804e-06,3.848597048716521e-05,37.29243952966205
4090,10143,46.00774868271233,0,0,0,0,0,0,0,1,0,284.444748700872,1.587399297688804e-06,3.848597048716521e-05,44.98574986271228
4091,9922,48.4096284423058,0,0,0,0,0,0,0,1,0,250.0338954158147,1.587399297688804e-06,3.848597048716521e-05,47.38762962230569
4092,5611,25.06497066479049,0,0,0,0,0,0,0,1,0,114.5340185133691,1.587399297688804e-06,3.848597048716521e-05,24.0429718447905
4093,10824,48.3471089540821,0,0,0,0,0,0,0,1,0,4237.171641647069,1.587399297688804e-06,3.848597048716521e-05,47.32511013408193
4094,3115,13.82690402898699,0,0,0,0,0,0,0,1,0,1046.155621889616,1.587399297688804e-06,3.848597048716521e-05,12.80490520898698
4095,10636,52.18065554747395,0,0,0,0,0,0,0,1,0,2351.142210855939,1.587399297688804e-06,3.848597048716521e-05,51.15865672747388
4096,8609,40.61797983591642,0,0,0,0,0,0,0,1,0,1454.467297392368,1.587399297688804e-06,3.848597048716521e-05,39.59598101591632
4097,10051,44.8473682965962,0,0,0,0,0,0,0,1,0,1127.334565204147,1.587399297688804e-06,3.848597048716521e-05,43.82536947659612
4098,10778,49.48809694836326,0,0,0,0,0,0,0,1,0,7160.053598685165,1.587399297688804e-06,3.848597048716521e-05,48.46609812836316
4099,5782,28.85652667026433,0,0,0,0,0,0,0,1,0,1109.850065162672,1.587399297688804e-06,3.848597048716521e-05,27.8345278502643
4100,11077,51.67156240969194,0,0,0,0,0,0,0,1,0,1868.808127886358,1.587399297688804e-06,3.848597048716521e-05,50.64956358969199
4101,7482,37.13658084339636,0,0,0,0,0,0,0,1,0,2894.727951368615,1.587399297688804e-06,3.848597048716521e-05,36.11458202339627
4102,11367,53.30541987298824,0,0,0,0,0,0,0,1,0,2881.169897362701,1.587399297688804e-06,3.848597048716521e-05,52.28342105298811
4103,10807,51.39790544531229,0,0,0,0,0,0,0,1,0,841.9339025057955,1.587399297688804e-06,3.848597048716521e-05,50.37590662529686
4104,7396,33.64577527371812,0,0,0,0,0,0,0,1,0,4107.674265882481,1.587399297688804e-06,3.848597048716521e-05,32.62377645371811
4105,8809,42.03060317601815,0,0,0,0,0,0,0,1,0,1429.910700054592,1.587399297688804e-06,3.848597048716521e-05,41.0086043560071
4106,8048,39.62781742002949,0,0,0,0,0,0,0,1,0,559.4334508378137,1.587399297688804e-06,3.848597048716521e-05,38.60581860002939
4107,9685,45.14677195543788,0,0,0,0,0,0,0,1,0,717.9103594772258,1.587399297688804e-06,3.848597048716521e-05,44.12477313543772
4108,3812,23.26271786420173,0,0,0,0,0,0,0,1,0,1266.45086278027,1.587399297688804e-06,3.848597048716521e-05,22.24071904420176
4109,6821,31.30409947307441,0,0,0,0,0,0,0,1,0,1276.283158845835,1.587399297688804e-06,3.848597048716521e-05,30.28210065307443
4110,10291,46.82564446432373,0,0,0,0,0,0,0,1,0,677.1720134920748,1.587399297688804e-06,3.848597048716521e-05,45.80364564437526
4111,7611,33.7109966181421,0,0,0,0,0,0,0,1,0,1058.09695643127,1.587399297688804e-06,3.848597048716521e-05,32.68899779814205
4112,7583,33.82699077621464,0,0,0,0,0,0,0,1,0,891.2727989359878,1.587399297688804e-06,3.848597048716521e-05,32.80499195621457
4113,9933,43.25967331739144,0,0,0,0,0,0,0,1,0,394.5344915049011,1.587399297688804e-06,3.848597048716521e-05,42.23767449739135
4114,3844,19.32271203204565,0,0,0,0,0,0,0,1,0,530.7963441711995,1.587399297688804e-06,3.848597048716521e-05,18.30071321204563
4115,2952,14.22963558486692,0,0,0,0,0,0,0,1,0,6544.881994958218,1.587399297688804e-06,3.848597048716521e-05,13.2076367648669
4116,3968,19.13798758944305,0,0,0,0,0,0,0,1,0,2271.586302821054,1.587399297688804e-06,3.848597048716521e-05,18.11598876944299
4117,6945,32.27703726677464,0,0,0,0,0,0,0,1,0,2950.286670607602,1.587399297688804e-06,3.848597048716521e-05,31.25503844677466
4118,11194,49.96428647775836,0,0,0,0,0,0,0,1,0,788.9430510107388,1.587399297688804e-06,3.848597048716521e-05,48.94228765775813
4119,7088,29.40247332987211,0,0,0,0,0,0,0,1,0,945.7919692189134,1.587399297688804e-06,3.848597048716521e-05,28.38047450987209
4120,9789,44.93003691208577,0,0,0,0,0,0,0,1,0,442.5717611279174,1.587399297688804e-06,3.848597048716521e-05,43.90803809210987
4121,10217,43.42701697311802,0,0,0,0,0,0,0,1,0,427.8434613533853,1.587399297688804e-06,3.848597048716521e-05,42.40501815311792
4122,8857,47.40674914287766,0,0,0,0,0,0,0,1,0,737.1212697477217,1.587399297688804e-06,3.848597048716521e-05,46.3847503228799
4123,10086,46.91742092239984,0,0,0,0,0,0,0,1,0,8955.041697967346,1.587399297688804e-06,3.848597048716521e-05,45.89542210239976
4124,4844,24.64306794250445,0,0,0,0,0,0,0,1,0,1748.495410097632,1.587399297688804e-06,3.848597048716521e-05,23.62106912250439
4125,7093,31.88562963564191,0,0,0,0,0,0,0,1,0,160.4947395369349,1.587399297688804e-06,3.848597048716521e-05,30.86363081564189
4126,1855,9.744914739971616,0,0,0,0,0,0,0,1,0,305.8634781215973,1.587399297688804e-06,3.848597048716521e-05,8.72291591997161
4127,7889,36.87647594595325,0,0,0,0,0,0,0,1,0,2366.234276050016,1.587399297688804e-06,3.848597048716521e-05,35.85447712595315
4128,8447,38.96284295084845,0,0,0,0,0,0,0,1,0,1163.098677022723,1.587399297688804e-06,3.848597048716521e-05,37.94084413084847
4129,1198,7.073291786353876,0,0,0,0,0,0,0,1,0,2435.840362773783,1.587399297688804e-06,3.848597048716521e-05,6.051292966353877
4130,9147,44.43758744471442,0,0,0,0,0,0,0,1,0,981.7615573349492,1.587399297688804e-06,3.848597048716521e-05,43.4155886247143
4131,1617,10.22846860874033,0,0,0,0,0,0,0,1,0,1401.416257909859,1.587399297688804e-06,3.848597048716521e-05,9.206469788740321
4132,8369,36.76992968892449,0,0,0,0,0,0,0,1,0,4370.610848416081,1.587399297688804e-06,3.848597048716521e-05,35.74793086892438
4133,3433,15.9896652997071,0,0,0,0,0,0,0,1,0,4126.79153429608,1.587399297688804e-06,3.848597048716521e-05,14.9676664797071
4134,8281,34.93757012715924,0,0,0,0,0,0,0,1,0,2933.335722991177,1.587399297688804e-06,3.848597048716521e-05,33.91557130715912
4135,8610,42.93608805192527,0,0,0,0,0,0,0,1,0,4211.106461359111,1.587399297688804e-06,3.848597048716521e-05,41.91408923188392
4136,9239,41.74625457248767,0,0,0,0,0,0,0,1,0,183.8537365500479,1.587399297688804e-06,3.848597048716521e-05,40.72425575248766
4137,11272,51.21974641607179,0,0,0,0,0,0,0,1,0,1827.376616361662,1.587399297688804e-06,3.848597048716521e-05,50.19774759607159
4138,11191,49.41256602633238,0,0,0,0,0,0,0,1,0,1319.371173100076,1.587399297688804e-06,3.848597048716521e-05,48.39056720633226
4139,10125,47.67202315008156,0,0,0,0,0,0,0,1,0,602.1805973064498,1.587399297688804e-06,3.848597048716521e-05,46.65002433008145
4140,3566,20.51273768299669,0,0,0,0,0,0,0,1,0,2469.56067353977,1.587399297688804e-06,3.848597048716521e-05,19.49073886299668
4141,7882,38.62590887298043,0,0,0,0,0,0,0,1,0,3347.125594726861,1.587399297688804e-06,3.848597048716521e-05,37.60391005298035
4142,7087,32.03712944404861,0,0,0,0,0,0,0,1,0,815.0662323873687,1.587399297688804e-06,3.848597048716521e-05,31.01513062404863
4143,6799,28.51692886590698,0,0,0,0,0,0,0,1,0,896.2924034263992,1.587399297688804e-06,3.848597048716521e-05,27.49493004590698
4144,4508,21.40921170536568,0,0,0,0,0,0,0,1,0,4159.631630689794,1.587399297688804e-06,3.848597048716521e-05,20.38721288536572
4145,9979,45.85242224100543,0,0,0,0,0,0,0,1,0,1002.332365699048,1.587399297688804e-06,3.848597048716521e-05,44.83042342100532
4146,4115,17.96131640413705,0,0,0,0,0,0,0,1,0,1838.655846312174,1.587399297688804e-06,3.848597048716521e-05,16.93931758413705
4147,8628,40.27909937008198,0,0,0,0,0,0,0,1,0,49.71560178572464,1.587399297688804e-06,3.848597048716521e-05,39.25710055008189
4148,8658,43.0982828454596,0,0,0,0,0,0,0,1,0,1656.128851575532,1.587399297688804e-06,3.848597048716521e-05,42.07628402546313
4149,10098,45.44345707304551,0,0,0,0,0,0,0,1,0,7712.420727250817,1.587399297688804e-06,3.848597048716521e-05,44.42145825319394
4150,11594,52.05850974201562,0,0,0,0,0,0,0,1,0,111.4116711432083,1.587399297688804e-06,3.848597048716521e-05,51.03651092201552
4151,570,5.176234146499318,0,0,0,0,0,0,0,1,0,3904.462783107702,1.587399297688804e-06,3.848597048716521e-05,4.154235326499325
4152,7096,32.88086993731739,0,0,0,0,0,0,0,1,0,713.8021992729131,1.587399297688804e-06,3.848597048716521e-05,31.85887111731738
4153,8496,41.05065954925788,0,0,0,0,0,0,0,1,0,6335.265997919136,1.587399297688804e-06,3.848597048716521e-05,40.02866072925779
4154,8487,37.64805636812672,0,0,0,0,0,0,0,1,0,3857.458689625132,1.587399297688804e-06,3.848597048716521e-05,36.62605754812665
4155,9372,38.88850014515604,0,0,0,0,0,0,0,1,0,4901.400074619848,1.587399297688804e-06,3.848597048716521e-05,37.86650132515591
4156,4840,27.37145228486416,0,0,0,0,0,0,0,1,0,2554.716069887379,1.587399297688804e-06,3.848597048716521e-05,26.34945346487953
4157,4407,20.42579279616507,0,0,0,0,0,0,0,1,0,9639.908413913596,1.587399297688804e-06,3.848597048716521e-05,19.40379397616504
4158,6126,27.84668752136445,0,0,0,0,0,0,0,1,0,902.9599386156602,1.587399297688804e-06,3.848597048716521e-05,26.82468870136442
4159,4707,21.04889487267714,0,0,0,0,0,0,0,1,0,6836.763191966874,1.587399297688804e-06,3.848597048716521e-05,20.02689605267715
4160,6937,32.0973973892271,0,0,0,0,0,0,0,1,0,2406.722389207069,1.587399297688804e-06,3.848597048716521e-05,31.0753985692271
4161,3966,19.73330987072601,0,0,0,0,0,0,0,1,0,5253.670653391178,1.587399297688804e-06,3.848597048716521e-05,18.71131105072602
4162,4240,20.82056941481215,0,0,0,0,0,0,0,1,0,1386.104379757965,1.587399297688804e-06,3.848597048716521e-05,19.79857059481215
4163,6144,26.81476538128046,0,0,0,0,0,0,0,1,0,3000.337564855879,1.587399297688804e-06,3.848597048716521e-05,25.79276656128045
4164,7915,37.04373810764154,0,0,0,0,0,0,0,1,0,1888.561394206769,1.587399297688804e-06,3.848597048716521e-05,36.0217392876415
4165,8414,41.75563050464605,0,0,0,0,0,0,0,1,0,7710.046463738726,1.587399297688804e-06,3.848597048716521e-05,40.73363168464949
4166,2916,12.9712454025834,0,0,0,0,0,0,0,1,0,1422.28319181724,1.587399297688804e-06,3.848597048716521e-05,11.9492465825834
4167,5184,22.27508215219789,0,0,0,0,0,0,0,1,0,3510.234483682019,1.587399297688804e-06,3.848597048716521e-05,21.25308333219789
4168,2687,12.3692134590016,0,0,0,0,0,0,0,1,0,3353.05193107555,1.587399297688804e-06,3.848597048716521e-05,11.34721463900161
4169,7872,34.85581721308515,0,0,0,0,0,0,0,1,0,1012.295546237135,1.587399297688804e-06,3.848597048716521e-05,33.8338183930851
4170,9864,45.83317976836085,0,0,0,0,0,0,0,1,0,2874.234180769221,1.587399297688804e-06,3.848597048716521e-05,44.81118094836081
4171,11197,51.52901058505762,0,0,0,0,0,0,0,1,0,1340.406149509224,1.587399297688804e-06,3.848597048716521e-05,50.50701176505752
4172,9365,43.93531276505157,0,0,0,0,0,0,0,1,0,763.3026949006578,1.587399297688804e-06,3.848597048716521e-05,42.91331394505155
4173,4541,22.07435059363916,0,0,0,0,0,0,0,1,0,2012.69908370205,1.587399297688804e-06,3.848597048716521e-05,21.05235177363917
4174,9819,41.30046819730871,0,0,0,0,0,0,0,1,0,181.8619764051442,1.587399297688804e-06,3.848597048716521e-05,40.27846937730863
4175,9732,43.40215853041381,0,0,0,0,0,0,0,1,0,1434.727453389003,1.587399297688804e-06,3.848597048716521e-05,42.38015971041382
4176,1268,7.137892044726112,0,0,0,0,0,0,0,1,0,3018.428914359406,1.587399297688804e-06,3.848597048716521e-05,6.115893224726115
4177,10731,50.02663143056252,0,0,0,0,0,0,0,1,0,419.6075709201983,1.587399297688804e-06,3.848597048716521e-05,49.00463261056231
4178,6297,29.29035270034488,0,0,0,0,0,0,0,1,0,1561.179557821416,1.587399297688804e-06,3.848597048716521e-05,28.26835388034484
4179,10314,45.98429492891441,0,0,0,0,0,0,0,1,0,1333.749322119579,1.587399297688804e-06,3.848597048716521e-05,44.96229610891436
4180,7971,37.17892571721122,0,0,0,0,0,0,0,1,0,537.8045268760645,1.587399297688804e-06,3.848597048716521e-05,36.15692689721109
4181,10038,46.44337472855746,0,0,0,0,0,0,0,1,0,1740.562727226237,1.587399297688804e-06,3.848597048716521e-05,45.42137590856727
4182,6771,33.78671649819088,0,0,0,0,0,0,0,1,0,642.1076879055092,1.587399297688804e-06,3.848597048716521e-05,32.76471767819078
4183,8412,37.92410957441469,0,0,0,0,0,0,0,1,0,2319.962238124556,1.587399297688804e-06,3.848597048716521e-05,36.90211075441449
4184,3944,18.68716734701507,0,0,0,0,0,0,0,1,0,1284.177993696589,1.587399297688804e-06,3.848597048716521e-05,17.66516852701507
4185,9547,43.62154767199252,0,0,0,0,0,0,0,1,0,1176.473483617144,1.587399297688804e-06,3.848597048716521e-05,42.59954885199242
4186,5932,29.13378849983331,0,0,0,0,0,0,0,1,0,6236.832179020366,1.587399297688804e-06,3.848597048716521e-05,28.11178967991397
4187,6551,30.41637790393055,0,0,0,0,0,0,0,1,0,2350.556302164567,1.587399297688804e-06,3.848597048716521e-05,29.39437908393053
4188,5895,28.47621605980696,0,0,0,0,0,0,0,1,0,2021.732194694789,1.587399297688804e-06,3.848597048716521e-05,27.45421723980698
4189,9603,43.2894275883048,0,0,0,0,0,0,0,1,0,629.946670175864,1.587399297688804e-06,3.848597048716521e-05,42.26742876830473
4190,4033,18.05097635159265,0,0,0,0,0,0,0,1,0,279.8356388476024,1.587399297688804e-06,3.848597048716521e-05,17.02897753159265
4191,5898,26.34081552669515,0,0,0,0,0,0,0,1,0,1334.98909673382,1.587399297688804e-06,3.848597048716521e-05,25.31881670669518
4192,7037,31.57674582070821,0,0,0,0,0,0,0,1,0,3509.939098277058,1.587399297688804e-06,3.848597048716521e-05,30.55474700070816
4193,7844,34.7239164979674,0,0,0,0,0,0,0,1,0,417.6733400021149,1.587399297688804e-06,3.848597048716521e-05,33.70191767796738
4194,4771,24.26717937740306,0,0,0,0,0,0,0,1,0,2169.431010828156,1.587399297688804e-06,3.848597048716521e-05,23.24518055740305
4195,11584,52.2765880726861,0,0,0,0,0,0,0,1,0,2492.28419022656,1.587399297688804e-06,3.848597048716521e-05,51.25458925268602
4196,10278,47.04439667095593,0,0,0,0,0,0,0,1,0,8266.792564850704,1.587399297688804e-06,3.848597048716521e-05,46.02239785095588
4197,9895,47.17592149357642,0,0,0,0,0,0,0,1,0,463.5597259239034,1.587399297688804e-06,3.848597048716521e-05,46.15392267357634
4198,7901,36.91575028483791,0,0,0,0,0,0,0,1,0,2805.490084028768,1.587399297688804e-06,3.848597048716521e-05,35.89375146483779
4199,8861,40.75441356535114,0,0,0,0,0,0,0,1,0,1038.173040232593,1.587399297688804e-06,3.848597048716521e-05,39.73241474535093
4200,7247,36.07239875817736,0,0,0,0,0,0,0,1,0,2831.386321741492,1.587399297688804e-06,3.848597048716521e-05,35.05039993851065
4201,6629,32.46606145056787,0,0,0,0,0,0,0,1,0,2853.981722226911,1.587399297688804e-06,3.848597048716521e-05,31.44406263056786
4202,10191,50.10500232063305,0,0,0,0,0,0,0,1,0,3594.08090290816,1.587399297688804e-06,3.848597048716521e-05,49.08300350027191
4203,9822,45.17919006440523,0,0,0,0,0,0,0,1,0,1067.925003709602,1.587399297688804e-06,3.848597048716521e-05,44.15719124440516
4204,9926,46.88307830163382,0,0,0,0,0,0,0,1,0,549.1481914924481,1.587399297688804e-06,3.848597048716521e-05,45.86107948163386
4205,9913,45.05325758945763,0,0,0,0,0,0,0,1,0,483.3354154358063,1.587399297688804e-06,3.848597048716521e-05,44.03125876945758
4206,11191,50.07415299687753,0,0,0,0,0,0,0,1,0,1056.609276619988,1.587399297688804e-06,3.848597048716521e-05,49.05215417687752
4207,6518,28.84307725620872,0,0,0,0,0,0,0,1,0,3396.05736919148,1.587399297688804e-06,3.848597048716521e-05,27.82107843620871
4208,5873,27.31098582152441,0,0,0,0,0,0,0,1,0,2115.252250403498,1.587399297688804e-06,3.848597048716521e-05,26.2889870015244
4209,10747,45.03387337770876,0,0,0,0,0,0,0,1,0,2602.121293767658,1.587399297688804e-06,3.848597048716521e-05,44.01187455770875
4210,4094,21.01988309461454,0,0,0,0,0,0,0,1,0,2154.214138138505,1.587399297688804e-06,3.848597048716521e-05,19.99788427461455
4211,8636,39.27265791144439,0,0,0,0,0,0,0,1,0,3130.359829430779,1.587399297688804e-06,3.848597048716521e-05,38.25065909144426
4212,10191,46.67675711007446,0,0,0,0,0,0,0,1,0,375.0947586679704,1.587399297688804e-06,3.848597048716521e-05,45.65475829007435
4213,3376,16.10592689686877,0,0,0,0,0,0,0,1,0,952.9204120051774,1.587399297688804e-06,3.848597048716521e-05,15.08392807686878
4214,9695,45.55978465400929,0,0,0,0,0,0,0,1,0,802.1216351179306,1.587399297688804e-06,3.848597048716521e-05,44.53778583400929
4215,5436,26.90833857272435,0,0,0,0,0,0,0,1,0,2521.73602214192,1.587399297688804e-06,3.848597048716521e-05,25.8863397527243
4216,7161,31.84296802565927,0,0,0,0,0,0,0,1,0,3211.310584341856,1.587399297688804e-06,3.848597048716521e-05,30.82096920565925
4217,4386,20.00820870612803,0,0,0,0,0,0,0,1,0,721.4288066810069,1.587399297688804e-06,3.848597048716521e-05,18.98620988612802
4218,8059,37.84790340285299,0,0,0,0,0,0,0,1,0,3447.454301462813,1.587399297688804e-06,3.848597048716521e-05,36.82590458285289
4219,0,1e-06,0,0,0,0,0,0,0,0,0,10843.49273567929,1.587399297688804e-06,3.848597048716521e-05,-1
4220,6384,32.11332062117732,0,0,0,0,0,0,0,1,0,448.068719353118,1.587399297688804e-06,3.848597048716521e-05,31.09132180117728
4221,11852,53.24193350225477,0,0,0,0,0,0,0,1,0,4091.8519208681,1.587399297688804e-06,3.848597048716521e-05,52.21993468222923
4222,11510,52.34746437234042,0,0,0,0,0,0,0,1,0,2361.194737427899,1.587399297688804e-06,3.848597048716521e-05,51.32546555234039
4223,6547,30.80616198452079,0,0,0,0,0,0,0,1,0,140.6925843539275,1.587399297688804e-06,3.848597048716521e-05,29.78416316452079
4224,10674,51.33665927165118,0,0,0,0,0,0,0,1,0,26.98883596735064,1.587399297688804e-06,3.848597048716521e-05,50.3146604516412
4225,10130,44.25003411975563,0,0,0,0,0,0,0,1,0,1127.579677309424,1.587399297688804e-06,3.848597048716521e-05,43.22803529975556
4226,6144,29.15252560463994,0,0,0,0,0,0,0,1,0,9137.035633323287,1.587399297688804e-06,3.848597048716521e-05,28.13052678463987
4227,10179,49.94126482587593,0,0,0,0,0,0,0,1,0,780.20139396594,1.587399297688804e-06,3.848597048716521e-05,48.91926600599109
4228,8561,36.47933889497669,0,0,0,0,0,0,0,1,0,544.3165613392907,1.587399297688804e-06,3.848597048716521e-05,35.4573400749764
4229,7433,36.80415698865144,0,0,0,0,0,0,0,1,0,637.4761849785413,1.587399297688804e-06,3.848597048716521e-05,35.78215816865137
4230,7892,36.25200891595064,0,0,0,0,0,0,0,1,0,1240.830159562545,1.587399297688804e-06,3.848597048716521e-05,35.23001009595055
4231,11022,50.83221644068415,0,0,0,0,0,0,0,1,0,1874.543708663642,1.587399297688804e-06,3.848597048716521e-05,49.81021762068401
4232,5734,25.11562248541514,0,0,0,0,0,0,0,1,0,460.8609300457293,1.587399297688804e-06,3.848597048716521e-05,24.09362366541515
4233,10950,50.46791545278272,0,0,0,0,0,0,0,1,0,906.5206296317034,1.587399297688804e-06,3.848597048716521e-05,49.44591663278273
4234,7339,35.24279127480078,0,0,0,0,0,0,0,1,0,2172.830141648107,1.587399297688804e-06,3.848597048716521e-05,34.22079245480082
4235,2982,13.50850516073299,0,0,0,0,0,0,0,1,0,515.8548447321563,1.587399297688804e-06,3.848597048716521e-05,12.48650634073298
4236,5413,26.88359969703911,0,0,0,0,0,0,0,1,0,1075.274300491751,1.587399297688804e-06,3.848597048716521e-05,25.86160087703906
4237,7897,39.74113702841215,0,0,0,0,0,0,0,1,0,108.1841946769906,1.587399297688804e-06,3.848597048716521e-05,38.71913820841207
4238,8815,44.14654289468404,0,0,0,0,0,0,0,1,0,2597.218526357368,1.587399297688804e-06,3.848597048716521e-05,43.12454407468395
4239,5237,25.15644068202383,0,0,0,0,0,0,0,1,0,467.5707608695386,1.587399297688804e-06,3.848597048716521e-05,24.13444186202381
4240,8557,41.10230925459517,0,0,0,0,0,0,0,1,0,731.3933687763598,1.587399297688804e-06,3.848597048716521e-05,40.08031043458459
4241,4465,19.70080737159442,0,0,0,0,0,0,0,1,0,1562.477605553092,1.587399297688804e-06,3.848597048716521e-05,18.6788085515944
4242,9872,42.64352483817182,0,0,0,0,0,0,0,1,0,5511.203244656836,1.587399297688804e-06,3.848597048716521e-05,41.62152601817169
4243,7420,33.70614118755005,0,0,0,0,0,0,0,1,0,1928.304265727132,1.587399297688804e-06,3.848597048716521e-05,32.68414236754997
4244,5197,25.68495492091549,0,0,0,0,0,0,0,1,0,337.3380614064048,1.587399297688804e-06,3.848597048716521e-05,24.66295610091548
4245,5982,26.75296220994211,0,0,0,0,0,0,0,1,0,550.702431944988,1.587399297688804e-06,3.848597048716521e-05,25.73096338994208
4246,9660,50.99096914294168,0,0,0,0,0,0,0,1,0,3386.58555261531,1.587399297688804e-06,3.848597048716521e-05,49.96897032294158
4247,11593,51.93587233649806,0,0,0,0,0,0,0,1,0,464.2424106937255,1.587399297688804e-06,3.848597048716521e-05,50.91387351649801
4248,8946,41.02778009269159,0,0,0,0,0,0,0,1,0,864.0395986385042,1.587399297688804e-06,3.848597048716521e-05,40.00578127269145
4249,8153,34.73083855984792,0,0,0,0,0,0,0,1,0,22.8775470587305,1.587399297688804e-06,3.848597048716521e-05,33.70883973984782
4250,4702,19.96881397126404,0,0,0,0,0,0,0,1,0,664.9036298127284,1.587399297688804e-06,3.848597048716521e-05,18.94681515126402
4251,11662,50.27758987181843,0,0,0,0,0,0,0,1,0,1435.234816204098,1.587399297688804e-06,3.848597048716521e-05,49.25559105181834
4252,10889,50.00909210341618,0,0,0,0,0,0,0,1,0,2394.512949705326,1.587399297688804e-06,3.848597048716521e-05,48.98709328341621
4253,8220,37.41948111003246,0,0,0,0,0,0,0,1,0,1419.268412674764,1.587399297688804e-06,3.848597048716521e-05,36.39748229003239
4254,6854,30.88794838312297,0,0,0,0,0,0,0,1,0,607.82061811395,1.587399297688804e-06,3.848597048716521e-05,29.86594956312297
4255,6224,28.68790891698909,0,0,0,0,0,0,0,1,0,5883.006666339242,1.587399297688804e-06,3.848597048716521e-05,27.66591009698907
4256,11381,53.23707818863571,0,0,0,0,0,0,0,1,0,1281.941392719948,1.587399297688804e-06,3.848597048716521e-05,52.21507936863564
4257,10861,50.6221431478338,0,0,0,0,0,0,0,1,0,673.2484050311348,1.587399297688804e-06,3.848597048716521e-05,49.60014432783371
4258,4227,20.47493632510439,0,0,0,0,0,0,0,1,0,6445.162366771353,1.587399297688804e-06,3.848597048716521e-05,19.45293750510438
4259,3814,21.47467839936009,0,0,0,0,0,0,0,1,0,107.2876455002688,1.587399297688804e-06,3.848597048716521e-05,20.45267957935585
4260,10970,49.95461249721976,0,0,0,0,0,0,0,1,0,4036.922975584879,1.587399297688804e-06,3.848597048716521e-05,48.93261367721969
4261,5287,26.69021676726144,0,0,0,0,0,0,0,1,0,491.530817015027,1.587399297688804e-06,3.848597048716521e-05,25.66821794726145
4262,7191,32.40823025902488,0,0,0,0,0,0,0,1,0,1068.427589729434,1.587399297688804e-06,3.848597048716521e-05,31.38623143902489
4263,10961,52.4669978226838,0,0,0,0,0,0,0,1,0,78.41257151480556,1.587399297688804e-06,3.848597048716521e-05,51.44499900269527
4264,9868,49.21484132227572,0,0,0,0,0,0,0,1,0,61.60723337719745,1.587399297688804e-06,3.848597048716521e-05,48.19284250231775
4265,10587,44.4443326605512,0,0,0,0,0,0,0,1,0,4897.843270986105,1.587399297688804e-06,3.848597048716521e-05,43.42233384055117
4266,7736,35.02076830708977,0,0,0,0,0,0,0,1,0,737.2685690772801,1.587399297688804e-06,3.848597048716521e-05,33.99876948708968
4267,10619,50.75982814881639,0,0,0,0,0,0,0,1,0,2573.373937727553,1.587399297688804e-06,3.848597048716521e-05,49.73782932881726
4268,6546,36.8343719529739,0,0,0,0,0,0,0,1,0,1387.481351758489,1.587399297688804e-06,3.848597048716521e-05,35.81237313297381
4269,8958,38.59868908266159,0,0,0,0,0,0,0,1,0,5231.135759032024,1.587399297688804e-06,3.848597048716521e-05,37.57669026266149
4270,10509,46.67942662198613,0,0,0,0,0,0,0,1,0,394.0729852982598,1.587399297688804e-06,3.848597048716521e-05,45.65742780198607
4271,8938,44.13244305715912,0,0,0,0,0,0,0,1,0,7471.438666917995,1.587399297688804e-06,3.848597048716521e-05,43.11044423715899
4272,8086,41.31728635219077,0,0,0,0,0,0,0,1,0,1415.955624437707,1.587399297688804e-06,3.848597048716521e-05,40.29528753219071
4273,5239,25.34657243921581,0,0,0,0,0,0,0,1,0,212.8627390837322,1.587399297688804e-06,3.848597048716521e-05,24.32457361921576
4274,10891,49.67904325637559,0,0,0,0,0,0,0,1,0,875.4543287938471,1.587399297688804e-06,3.848597048716521e-05,48.65704443637557
4275,2812,17.98526795530197,0,0,0,0,0,0,0,1,0,19.33321580316654,1.587399297688804e-06,3.848597048716521e-05,16.96326913530196
4276,5093,26.31572669070597,0,0,0,0,0,0,0,1,0,5793.598695067762,1.587399297688804e-06,3.848597048716521e-05,25.29372787070597
4277,10086,45.30167872734382,0,0,0,0,0,0,0,1,0,1150.035771716848,1.587399297688804e-06,3.848597048716521e-05,44.27967990734386
4278,10574,49.14496050763444,0,0,0,0,0,0,0,1,0,3707.321968761291,1.587399297688804e-06,3.848597048716521e-05,48.12296168763426
4279,8170,37.89627450775139,0,0,0,0,0,0,0,1,0,1201.542028512778,1.587399297688804e-06,3.848597048716521e-05,36.87427568775129
4280,11299,53.12777219598538,0,0,0,0,0,0,0,1,0,1465.759701240234,1.587399297688804e-06,3.848597048716521e-05,52.10577337603592
4281,8176,34.77172637933669,0,0,0,0,0,0,0,1,0,1962.804201304222,1.587399297688804e-06,3.848597048716521e-05,33.74972755933665
4282,4969,20.47044411910465,0,0,0,0,0,0,0,1,0,1092.984876958537,1.587399297688804e-06,3.848597048716521e-05,19.44844529910464
4283,10060,48.20800478198208,0,0,0,0,0,0,0,1,0,432.4238090884018,1.587399297688804e-06,3.848597048716521e-05,47.18600596198196
4284,4856,24.64635175866859,0,0,0,0,0,0,0,1,0,2404.382436160472,1.587399297688804e-06,3.848597048716521e-05,23.6243529386686
4285,8336,36.50479436441533,0,0,0,0,0,0,0,1,0,185.6642585914468,1.587399297688804e-06,3.848597048716521e-05,35.48279554441537
4286,4357,21.54275995993708,0,0,0,0,0,0,0,1,0,695.9906378902083,1.587399297688804e-06,3.848597048716521e-05,20.52076113993708
4287,8939,39.99408101599234,0,0,0,0,0,0,0,1,0,220.1961352863607,1.587399297688804e-06,3.848597048716521e-05,38.97208219599226
4288,5422,26.51398466585985,0,0,0,0,0,0,0,1,0,2642.024008511652,1.587399297688804e-06,3.848597048716521e-05,25.49198584585979
4289,8358,43.80146443187628,0,0,0,0,0,0,0,1,0,4328.549055355019,1.587399297688804e-06,3.848597048716521e-05,42.77946561187629
4290,8963,42.40289541304332,0,0,0,0,0,0,0,1,0,1203.581950435459,1.587399297688804e-06,3.848597048716521e-05,41.38089659304322
4291,2554,14.52201415866291,0,0,0,0,0,0,0,1,0,1443.738203034747,1.587399297688804e-06,3.848597048716521e-05,13.50001533866291
4292,8520,42.24847633618484,0,0,0,0,0,0,0,1,0,7101.419673974734,1.587399297688804e-06,3.848597048716521e-05,41.22647751629038
4293,8164,36.98937839552419,0,0,0,0,0,0,0,1,0,3018.782289834769,1.587399297688804e-06,3.848597048716521e-05,35.96737957552414
4294,9063,42.4655048248364,0,0,0,0,0,0,0,1,0,1980.114127242414,1.587399297688804e-06,3.848597048716521e-05,41.44350600483629
4295,10980,46.42650399045586,0,0,0,0,0,0,0,1,0,482.2181874934505,1.587399297688804e-06,3.848597048716521e-05,45.40450517045586
4296,10250,48.58073454918103,0,0,0,0,0,0,0,1,0,3792.015683404309,1.587399297688804e-06,3.848597048716521e-05,47.55873572918091
4297,3040,14.74360135993551,0,0,0,0,0,0,0,1,0,1587.767699185984,1.587399297688804e-06,3.848597048716521e-05,13.72160253993551
4298,10586,49.51271623875576,0,0,0,0,0,0,0,1,0,4276.012258446875,1.587399297688804e-06,3.848597048716521e-05,48.49071741875568
4299,7489,37.13003802132658,0,0,0,0,0,0,0,1,0,704.1940993802234,1.587399297688804e-06,3.848597048716521e-05,36.10803920132659
4300,5449,26.20866018047161,0,0,0,0,0,0,0,1,0,3635.61740704181,1.587399297688804e-06,3.848597048716521e-05,25.18666136047163
4301,4279,20.79667611327462,0,0,0,0,0,0,0,1,0,347.1245832492621,1.587399297688804e-06,3.848597048716521e-05,19.77467729327462
4302,11182,52.02877329917031,0,0,0,0,0,0,0,1,0,65.33734333885423,1.587399297688804e-06,3.848597048716521e-05,51.00677447917007
4303,3840,16.95190572532833,0,0,0,0,0,0,0,1,0,2834.778981533263,1.587399297688804e-06,3.848597048716521e-05,15.92990690532832
4304,9302,43.70243373686736,0,0,0,0,0,0,0,1,0,375.9760489728009,1.587399297688804e-06,3.848597048716521e-05,42.68043491686727
4305,6201,27.24912347621227,0,0,0,0,0,0,0,1,0,2443.873820123791,1.587399297688804e-06,3.848597048716521e-05,26.22712465621223
4306,5867,26.51586157199189,0,0,0,0,0,0,0,1,0,5538.02345008869,1.587399297688804e-06,3.848597048716521e-05,25.49386275199188
4307,10263,46.38845799345748,0,0,0,0,0,0,0,1,0,2421.3308911602,1.587399297688804e-06,3.848597048716521e-05,45.36645917345734
4308,10729,47.6009420658721,0,0,0,0,0,0,0,1,0,658.0218607092677,1.587399297688804e-06,3.848597048716521e-05,46.57894324578771
4309,3760,17.01801294529833,0,0,0,0,0,0,0,1,0,690.323362310786,1.587399297688804e-06,3.848597048716521e-05,15.99601412529833
4310,3583,18.75567325374148,0,0,0,0,0,0,0,1,0,4552.375741292364,1.587399297688804e-06,3.848597048716521e-05,17.73367443374144
4311,9087,46.15136454493487,0,0,0,0,0,0,0,1,0,8539.549332052598,1.587399297688804e-06,3.848597048716521e-05,45.1293657249388
4312,3714,18.57703478147032,0,0,0,0,0,0,0,1,0,3179.355008937637,1.587399297688804e-06,3.848597048716521e-05,17.55503596147029
4313,5227,22.43410654977269,0,0,0,0,0,0,0,1,0,1438.244266961941,1.587399297688804e-06,3.848597048716521e-05,21.41210772977265
4314,8147,40.91818570575012,0,0,0,0,0,0,0,1,0,4027.981998128727,1.587399297688804e-06,3.848597048716521e-05,39.89618688575005
4315,9190,40.20807118455304,0,0,0,0,0,0,0,1,0,1946.849327044739,1.587399297688804e-06,3.848597048716521e-05,39.18607236455291
4316,11186,50.33239071941572,0,0,0,0,0,0,0,1,0,1069.39771822836,1.587399297688804e-06,3.848597048716521e-05,49.31039189941564
4317,8856,38.91584434262511,0,0,0,0,0,0,0,1,0,666.0362808064726,1.587399297688804e-06,3.848597048716521e-05,37.89384552262507
4318,8975,40.91208981368573,0,0,0,0,0,0,0,1,0,1529.323414861826,1.587399297688804e-06,3.848597048716521e-05,39.89009099368562
4319,10180,52.10622456260335,0,0,0,0,0,0,0,1,0,2317.753313540065,1.587399297688804e-06,3.848597048716521e-05,51.08422574260333
4320,6978,31.18584586720431,0,0,0,0,0,0,0,1,0,73.76932487201324,1.587399297688804e-06,3.848597048716521e-05,30.16384704720431
4321,11062,51.16708120065382,0,0,0,0,0,0,0,1,0,1881.006856097568,1.587399297688804e-06,3.848597048716521e-05,50.14508238056554
4322,3795,17.14080029886122,0,0,0,0,0,0,0,1,0,3323.598271522168,1.587399297688804e-06,3.848597048716521e-05,16.11880147886121
4323,5868,25.24423994023586,0,0,0,0,0,0,0,1,0,1495.326591565808,1.587399297688804e-06,3.848597048716521e-05,24.22224112023585
4324,7206,36.16269334805373,0,0,0,0,0,0,0,1,0,1677.775920863001,1.587399297688804e-06,3.848597048716521e-05,35.14069452805366
4325,10367,45.06548950967473,0,0,0,0,0,0,0,1,0,2580.196544977703,1.587399297688804e-06,3.848597048716521e-05,44.04349068967471
4326,7407,35.3828384585963,0,0,0,0,0,0,0,1,0,582.9519707340796,1.587399297688804e-06,3.848597048716521e-05,34.3608396385963
4327,9597,46.08929273750431,0,0,0,0,0,0,0,1,0,3971.116859977979,1.587399297688804e-06,3.848597048716521e-05,45.06729391750507
4328,5651,27.2876425081863,0,0,0,0,0,0,0,1,0,8817.356853906487,1.587399297688804e-06,3.848597048716521e-05,26.26564368818632
4329,6578,29.3771380446591,0,0,0,0,0,0,0,1,0,784.1942030677944,1.587399297688804e-06,3.848597048716521e-05,28.3551392246591
4330,11424,50.406410603278,0,0,0,0,0,0,0,1,0,479.2752072097128,1.587399297688804e-06,3.848597048716521e-05,49.38441178327798
4331,10989,48.9158581363621,0,0,0,0,0,0,0,1,0,861.3205984696219,1.587399297688804e-06,3.848597048716521e-05,47.89385931636209
4332,5278,26.34858735693119,0,0,0,0,0,0,0,1,0,3398.170444285024,1.587399297688804e-06,3.848597048716521e-05,25.32658853693117
4333,8392,39.50163594611796,0,0,0,0,0,0,0,1,0,537.002452560774,1.587399297688804e-06,3.848597048716521e-05,38.47963712659008
4334,4489,21.87687961989592,0,0,0,0,0,0,0,1,0,2005.413765497663,1.587399297688804e-06,3.848597048716521e-05,20.85488079989591
4335,11677,52.63316973862068,0,0,0,0,0,0,0,1,0,1662.98610272675,1.587399297688804e-06,3.848597048716521e-05,51.61117091862042
4336,7760,36.25456305992972,0,0,0,0,0,0,0,1,0,1208.748775104525,1.587399297688804e-06,3.848597048716521e-05,35.23256423992969
4337,7906,34.37685223045937,0,0,0,0,0,0,0,1,0,3304.273268213884,1.587399297688804e-06,3.848597048716521e-05,33.35485341045938
4338,8720,43.65831834108942,0,0,0,0,0,0,0,1,0,3162.186200854095,1.587399297688804e-06,3.848597048716521e-05,42.63631952078149
4339,5762,26.47155579973154,0,0,0,0,0,0,0,1,0,3122.015496639447,1.587399297688804e-06,3.848597048716521e-05,25.44955697973153
4340,5389,25.00462918178415,0,0,0,0,0,0,0,1,0,1239.351062241859,1.587399297688804e-06,3.848597048716521e-05,23.98263036178412
4341,5829,26.11706181672924,0,0,0,0,0,0,0,1,0,2849.026644736216,1.587399297688804e-06,3.848597048716521e-05,25.09506299672927
4342,4745,22.81236375197701,0,0,0,0,0,0,0,1,0,1161.199673682895,1.587399297688804e-06,3.848597048716521e-05,21.790364931977
4343,10683,52.92668223188945,0,0,0,0,0,0,0,1,0,292.090130768643,1.587399297688804e-06,3.848597048716521e-05,51.90468341191474
4344,8060,41.22507048009641,0,0,0,0,0,0,0,1,0,2242.233187762706,1.587399297688804e-06,3.848597048716521e-05,40.20307166009632
4345,6140,26.09667733625418,0,0,0,0,0,0,0,1,0,1466.825618822068,1.587399297688804e-06,3.848597048716521e-05,25.07467851625418
4346,8298,35.37298549970735,0,0,0,0,0,0,0,1,0,1326.978047692414,1.587399297688804e-06,3.848597048716521e-05,34.3509866797073
4347,11550,50.26354275549129,0,0,0,0,0,0,0,1,0,1263.982613435503,1.587399297688804e-06,3.848597048716521e-05,49.24154393549124
4348,9392,45.09158957902454,0,0,0,0,0,0,0,1,0,3951.262366856839,1.587399297688804e-06,3.848597048716521e-05,44.06959075902448
4349,5482,29.22973702085099,0,0,0,0,0,0,0,1,0,683.791185095785,1.587399297688804e-06,3.848597048716521e-05,28.20773820085097
4350,6333,30.45194475177638,0,0,0,0,0,0,0,1,0,713.6787448407961,1.587399297688804e-06,3.848597048716521e-05,29.4299459317764
4351,5926,26.37180306647608,0,0,0,0,0,0,0,1,0,4249.194392925622,1.587399297688804e-06,3.848597048716521e-05,25.34980424647607
4352,8122,38.09320403420887,0,0,0,0,0,0,0,1,0,5190.303817914395,1.587399297688804e-06,3.848597048716521e-05,37.07120521420878
4353,6073,25.93680307328306,0,0,0,0,0,0,0,1,0,1363.11601087393,1.587399297688804e-06,3.848597048716521e-05,24.91480425328307
4354,3416,16.64308656429746,0,0,0,0,0,0,0,1,0,2336.812052124168,1.587399297688804e-06,3.848597048716521e-05,15.62108774429745
4355,9915,45.85197508537584,0,0,0,0,0,0,0,1,0,2148.06404553844,1.587399297688804e-06,3.848597048716521e-05,44.82997626537572
4356,5951,31.2871621438022,0,0,0,0,0,0,0,1,0,1481.785093232863,1.587399297688804e-06,3.848597048716521e-05,30.26516332380215
4357,10410,43.84233590761527,0,0,0,0,0,0,0,1,0,1215.857106532399,1.587399297688804e-06,3.848597048716521e-05,42.82033708761517
4358,11242,50.27980253905146,0,0,0,0,0,0,0,1,0,2246.03667827289,1.587399297688804e-06,3.848597048716521e-05,49.2578037190512
4359,7755,35.26477073726068,0,0,0,0,0,0,0,1,0,1775.841321022182,1.587399297688804e-06,3.848597048716521e-05,34.24277191726062
4360,8079,40.4411651886603,0,0,0,0,0,0,0,1,0,642.7688849357818,1.587399297688804e-06,3.848597048716521e-05,39.41916636866031
4361,5689,26.82382199248772,0,0,0,0,0,0,0,1,0,1502.133741212406,1.587399297688804e-06,3.848597048716521e-05,25.80182317248769
4362,9512,40.94127478238563,0,0,0,0,0,0,0,1,0,40.22979429322621,1.587399297688804e-06,3.848597048716521e-05,39.91927596238559
4363,4587,21.59497072385336,0,0,0,0,0,0,0,1,0,1121.904504391039,1.587399297688804e-06,3.848597048716521e-05,20.57297190385338
4364,9166,47.00753175478508,0,0,0,0,0,0,0,1,0,3734.639190828402,1.587399297688804e-06,3.848597048716521e-05,45.98553293480829
4365,11365,53.15584920934199,0,0,0,0,0,0,0,1,0,6297.486188316138,1.587399297688804e-06,3.848597048716521e-05,52.13385038934185
4366,8861,38.33237563222166,0,0,0,0,0,0,0,1,0,101.2957552616733,1.587399297688804e-06,3.848597048716521e-05,37.31037681222163
4367,8940,42.30570181761098,0,0,0,0,0,0,0,1,0,2465.079183184031,1.587399297688804e-06,3.848597048716521e-05,41.28370299761082
4368,9738,44.74856537336759,0,0,0,0,0,0,0,1,0,1030.925819020982,1.587399297688804e-06,3.848597048716521e-05,43.72656655336747
4369,11083,50.33094273803987,0,0,0,0,0,0,0,1,0,686.1502212674083,1.587399297688804e-06,3.848597048716521e-05,49.30894391803991
4370,10094,44.76102425060013,0,0,0,0,0,0,0,1,0,53.69159965810677,1.587399297688804e-06,3.848597048716521e-05,43.73902543060001
4371,6611,31.66256077302198,0,0,0,0,0,0,0,1,0,1249.328900224927,1.587399297688804e-06,3.848597048716521e-05,30.64056195302197
4372,9542,47.76303164261828,0,0,0,0,0,0,0,1,0,2359.617875436714,1.587399297688804e-06,3.848597048716521e-05,46.7410328226182
4373,10520,43.63485704182256,0,0,0,0,0,0,0,1,0,5391.628503223379,1.587399297688804e-06,3.848597048716521e-05,42.61285822182249
4374,10707,50.46275835504922,0,0,0,0,0,0,0,1,0,3224.081116939486,1.587399297688804e-06,3.848597048716521e-05,49.44075953504913
4375,9898,44.24443465497585,0,0,0,0,0,0,0,1,0,1558.786198712359,1.587399297688804e-06,3.848597048716521e-05,43.22243583497576
4376,8267,37.44750548104128,0,0,0,0,0,0,0,1,0,1984.395569677715,1.587399297688804e-06,3.848597048716521e-05,36.4255066610412
4377,10313,43.505392511148,0,0,0,0,0,0,0,1,0,152.7323594237724,1.587399297688804e-06,3.848597048716521e-05,42.48339369114794
4378,1694,10.52189303735199,0,0,0,0,0,0,0,1,0,777.8187321237139,1.587399297688804e-06,3.848597048716521e-05,9.49989421735199
4379,10769,47.26093589056477,0,0,0,0,0,0,0,1,0,784.5970814244002,1.587399297688804e-06,3.848597048716521e-05,46.23893707056457
4380,10740,51.08697792653104,0,0,0,0,0,0,0,1,0,3937.49509265912,1.587399297688804e-06,3.848597048716521e-05,50.06497910653101
4381,9517,42.42304024199402,0,0,0,0,0,0,0,1,0,339.3261145098459,1.587399297688804e-06,3.848597048716521e-05,41.40104142199395
4382,11988,51.59953949521305,0,0,0,0,0,0,0,1,0,3114.218545056482,1.587399297688804e-06,3.848597048716521e-05,50.5775406752129
4383,10146,47.55467130224943,0,0,0,0,0,0,0,1,0,4480.333799809823,1.587399297688804e-06,3.848597048716521e-05,46.53267248224934
4384,11163,47.78474072973729,0,0,0,0,0,0,0,1,0,1842.078471526406,1.587399297688804e-06,3.848597048716521e-05,46.76274190973712
4385,11040,50.23961781344206,0,0,0,0,0,0,0,1,0,940.1483221821699,1.587399297688804e-06,3.848597048716521e-05,49.21761899344186
4386,10767,46.12796423196777,0,0,0,0,0,0,0,1,0,658.2604202428179,1.587399297688804e-06,3.848597048716521e-05,45.10596541196776
4387,11133,48.35062053496917,0,0,0,0,0,0,0,1,0,2490.28815384938,1.587399297688804e-06,3.848597048716521e-05,47.32862171496917
4388,6235,25.92178486187279,0,0,0,0,0,0,0,1,0,2517.744004547706,1.587399297688804e-06,3.848597048716521e-05,24.89978604187279
4389,4678,24.35786105840643,0,0,0,0,0,0,0,1,0,2502.966385223857,1.587399297688804e-06,3.848597048716521e-05,23.33586223840636
4390,11102,50.20795618724947,0,0,0,0,0,0,0,1,0,1146.638619501911,1.587399297688804e-06,3.848597048716521e-05,49.18595736720291
4391,7068,33.1469112323838,0,0,0,0,0,0,0,1,0,734.1736112457083,1.587399297688804e-06,3.848597048716521e-05,32.12491241238369
4392,6999,31.49138432420805,0,0,0,0,0,0,0,1,0,64.69766950322725,1.587399297688804e-06,3.848597048716521e-05,30.46938550420805
4393,9906,51.55277475976389,0,0,0,0,0,0,0,1,0,2748.386656749587,1.587399297688804e-06,3.848597048716521e-05,50.53077593957198
4394,9819,43.43271096466967,0,0,0,0,0,0,0,1,0,733.4289130598426,1.587399297688804e-06,3.848597048716521e-05,42.4107121446696
4395,6694,31.65457776769519,0,0,0,0,0,0,0,1,0,1822.6557112623,1.587399297688804e-06,3.848597048716521e-05,30.63257894769525
4396,9963,43.34500297567615,0,0,0,0,0,0,0,1,0,1800.636248108632,1.587399297688804e-06,3.848597048716521e-05,42.32300415567599
4397,10035,44.81539180907038,0,0,0,0,0,0,0,1,0,3723.677147314046,1.587399297688804e-06,3.848597048716521e-05,43.79339298907026
4398,7882,35.58784376779739,0,0,0,0,0,0,0,1,0,6518.169990973944,1.587399297688804e-06,3.848597048716521e-05,34.56584494779727
4399,9140,42.66615491173748,0,0,0,0,0,0,0,1,0,1360.626747750777,1.587399297688804e-06,3.848597048716521e-05,41.64415609173754
4400,11032,47.89799448867179,0,0,0,0,0,0,0,1,0,1711.935587606661,1.587399297688804e-06,3.848597048716521e-05,46.87599566867168
4401,9040,42.62449303442624,0,0,0,0,0,0,0,1,0,15.41172845106455,1.587399297688804e-06,3.848597048716521e-05,41.60249421442615
4402,8094,35.05356645554756,0,0,0,0,0,0,0,1,0,262.5917520395893,1.587399297688804e-06,3.848597048716521e-05,34.03156763554757
4403,8159,38.53095946460604,0,0,0,0,0,0,0,1,0,605.5861528134144,1.587399297688804e-06,3.848597048716521e-05,37.50896064460594
4404,7459,36.80348665154385,0,0,0,0,0,0,0,1,0,5171.796443652756,1.587399297688804e-06,3.848597048716521e-05,35.78148783154382
4405,9456,44.78812061170997,0,0,0,0,0,0,0,1,0,77.64859333700952,1.587399297688804e-06,3.848597048716521e-05,43.76612179170991
4406,7121,31.08186385779006,0,0,0,0,0,0,0,1,0,3041.233644784373,1.587399297688804e-06,3.848597048716521e-05,30.05986503778999
4407,10332,45.41330964570505,0,0,0,0,0,0,0,1,0,3719.815300603382,1.587399297688804e-06,3.848597048716521e-05,44.39131082570491
4408,5833,25.77328429327331,0,0,0,0,0,0,0,1,0,4261.768161797712,1.587399297688804e-06,3.848597048716521e-05,24.7512854732733
4409,0,1e-06,0,0,0,0,0,0,0,0,0,10011.94636802603,1.587399297688804e-06,3.848597048716521e-05,-1
4410,7617,36.60182420550727,0,0,0,0,0,0,0,1,0,3170.556096315225,1.587399297688804e-06,3.848597048716521e-05,35.57982538548405
4411,4862,23.26606453276634,0,0,0,0,0,0,0,1,0,3890.614085938802,1.587399297688804e-06,3.848597048716521e-05,22.24406571276634
4412,9382,41.83791382969081,0,0,0,0,0,0,0,1,0,534.3371907234314,1.587399297688804e-06,3.848597048716521e-05,40.81591500969083
4413,4330,18.92594905770768,0,0,0,0,0,0,0,1,0,1810.817546254807,1.587399297688804e-06,3.848597048716521e-05,17.90395023770769
4414,10807,52.3651553458754,0,0,0,0,0,0,0,1,0,2374.686469498696,1.587399297688804e-06,3.848597048716521e-05,51.34315652587537
4415,3273,18.15020681467167,0,0,0,0,0,0,0,1,0,768.1210241657706,1.587399297688804e-06,3.848597048716521e-05,17.12820799467165
4416,7581,36.08743379918474,0,0,0,0,0,0,0,1,0,1502.385255804005,1.587399297688804e-06,3.848597048716521e-05,35.06543497918475
4417,5395,24.53431822500913,0,0,0,0,0,0,0,1,0,6612.248192502812,1.587399297688804e-06,3.848597048716521e-05,23.51231940500911
4418,8610,40.01103572716148,0,0,0,0,0,0,0,1,0,286.0451347679172,1.587399297688804e-06,3.848597048716521e-05,38.98903690716136
4419,5763,26.14393698751109,0,0,0,0,0,0,0,1,0,41.42765756931152,1.587399297688804e-06,3.848597048716521e-05,25.12193816751108
4420,12104,50.94953946608582,0,0,0,0,0,0,0,1,0,868.5537595782545,1.587399297688804e-06,3.848597048716521e-05,49.92754064608574
4421,11655,52.66714695550821,0,0,0,0,0,0,0,1,0,6964.207774520179,1.587399297688804e-06,3.848597048716521e-05,51.64514813550802
4422,12188,53.06107530926738,0,0,0,0,0,0,0,1,0,685.8190384690233,1.587399297688804e-06,3.848597048716521e-05,52.03907648926729
4423,2589,12.0161657616512,0,0,0,0,0,0,0,1,0,657.4980646105166,1.587399297688804e-06,3.848597048716521e-05,10.99416694165119
4424,9427,42.33112108903309,0,0,0,0,0,0,0,1,0,2096.407595888965,1.587399297688804e-06,3.848597048716521e-05,41.30912226903301
4425,4486,22.04645687294338,0,0,0,0,0,0,0,1,0,603.4836796868489,1.587399297688804e-06,3.848597048716521e-05,21.02445805294336
4426,5713,26.86570433788666,0,0,0,0,0,0,0,1,0,2762.603888516705,1.587399297688804e-06,3.848597048716521e-05,25.84370551788665
4427,6967,32.60953157031975,0,0,0,0,0,0,0,1,0,5093.48622678512,1.587399297688804e-06,3.848597048716521e-05,31.5875327503197
4428,9841,44.03870427716553,0,0,0,0,0,0,0,1,0,7144.401084411631,1.587399297688804e-06,3.848597048716521e-05,43.01670545716537
4429,11736,51.96199993653096,0,0,0,0,0,0,0,1,0,1718.39259211241,1.587399297688804e-06,3.848597048716521e-05,50.94000111653095
4430,9222,41.90203532405035,0,0,0,0,0,0,0,1,0,2605.776396232106,1.587399297688804e-06,3.848597048716521e-05,40.88003650409631
4431,11447,48.03239292137038,0,0,0,0,0,0,0,1,0,880.3484980614052,1.587399297688804e-06,3.848597048716521e-05,47.01039410137022
4432,5100,24.56954666089508,0,0,0,0,0,0,0,1,0,1551.206276730387,1.587399297688804e-06,3.848597048716521e-05,23.54754784089507
4433,7583,33.91887453533091,0,0,0,0,0,0,0,1,0,493.9198334420027,1.587399297688804e-06,3.848597048716521e-05,32.89687571533086
4434,4493,22.60703498173783,0,0,0,0,0,0,0,1,0,868.7819972599183,1.587399297688804e-06,3.848597048716521e-05,21.58503616173783
4435,10139,48.42059850043828,0,0,0,0,0,0,0,1,0,1737.809849390756,1.587399297688804e-06,3.848597048716521e-05,47.39859968043807
4436,7231,34.55712125777286,0,0,0,0,0,0,0,1,0,718.1543570747531,1.587399297688804e-06,3.848597048716521e-05,33.53512243777605
4437,8225,37.19988007449841,0,0,0,0,0,0,0,1,0,10.94397353296022,1.587399297688804e-06,3.848597048716521e-05,36.17788125452728
4438,3787,18.92325925981177,0,0,0,0,0,0,0,1,0,725.0338930917507,1.587399297688804e-06,3.848597048716521e-05,17.90126043981177
4439,8464,37.97290717710604,0,0,0,0,0,0,0,1,0,1031.249306226716,1.587399297688804e-06,3.848597048716521e-05,36.95090835710592
4440,8844,45.94490854948336,0,0,0,0,0,0,0,1,0,3153.636571168451,1.587399297688804e-06,3.848597048716521e-05,44.92290972948319
4441,11140,50.64052671005524,0,0,0,0,0,0,0,1,0,1729.425440027011,1.587399297688804e-06,3.848597048716521e-05,49.6185278900552
4442,8259,37.72208532505902,0,0,0,0,0,0,0,1,0,1519.307893093482,1.587399297688804e-06,3.848597048716521e-05,36.70008650505892
4443,0,1e-06,0,0,0,0,0,0,0,0,0,12778.62435036117,1.587399297688804e-06,3.848597048716521e-05,-1
4444,4398,21.03070137453685,0,0,0,0,0,0,0,1,0,2059.28499774647,1.587399297688804e-06,3.848597048716521e-05,20.00870255453685
4445,7109,32.42884899796613,0,0,0,0,0,0,0,1,0,1190.804316754867,1.587399297688804e-06,3.848597048716521e-05,31.40685017796614
4446,8650,41.01120696220136,0,0,0,0,0,0,0,1,0,6810.834134798761,1.587399297688804e-06,3.848597048716521e-05,39.98920814220125
4447,11155,50.91414187546853,0,0,0,0,0,0,0,1,0,615.7839247315894,1.587399297688804e-06,3.848597048716521e-05,49.89214305546841
4448,336,2.952043246995046,0,0,0,0,0,0,0,1,0,3161.241291860269,1.587399297688804e-06,3.848597048716521e-05,1.930044426995045
4449,10958,48.98205598934128,0,0,0,0,0,0,0,1,0,2023.104133545441,1.587399297688804e-06,3.848597048716521e-05,47.96005716934114
4450,10663,45.2675433841083,0,0,0,0,0,0,0,1,0,3194.554564807931,1.587399297688804e-06,3.848597048716521e-05,44.24554456410829
4451,8734,40.79507854483489,0,0,0,0,0,0,0,1,0,1368.581469271347,1.587399297688804e-06,3.848597048716521e-05,39.77307972483484
4452,7508,36.43053329230707,0,0,0,0,0,0,0,1,0,3751.783727199509,1.587399297688804e-06,3.848597048716521e-05,35.408534472307
4453,10143,46.7709601114398,0,0,0,0,0,0,0,1,0,4026.089421431548,1.587399297688804e-06,3.848597048716521e-05,45.74896129143952
4454,8154,35.73425741089027,0,0,0,0,0,0,0,1,0,1840.348552512835,1.587399297688804e-06,3.848597048716521e-05,34.71225859089021
4455,9506,41.75671100835164,0,0,0,0,0,0,0,1,0,7375.495290527148,1.587399297688804e-06,3.848597048716521e-05,40.73471218835159
4456,10003,45.68164308972221,0,0,0,0,0,0,0,1,0,1311.41351740846,1.587399297688804e-06,3.848597048716521e-05,44.65964426972211
4457,7909,38.58131635876646,0,0,0,0,0,0,0,1,0,134.5781802986404,1.587399297688804e-06,3.848597048716521e-05,37.55931753876632
4458,6993,32.91628158728087,0,0,0,0,0,0,0,1,0,1189.325974826728,1.587399297688804e-06,3.848597048716521e-05,31.89428276728081
4459,11776,55.36379596084426,0,0,0,0,0,0,0,1,0,319.7392721000615,1.587399297688804e-06,3.848597048716521e-05,42.06770096836445
4460,7543,35.39547673642973,0,0,0,0,0,0,0,1,0,1086.2199116895,1.587399297688804e-06,3.848597048716521e-05,34.37347791642964
4461,10964,47.50705742234662,0,0,0,0,0,0,0,1,0,5622.517884361097,1.587399297688804e-06,3.848597048716521e-05,46.48505860234658
4462,9150,43.77844275188917,0,0,0,0,0,0,0,1,0,9263.700824723232,1.587399297688804e-06,3.848597048716521e-05,42.75644393188929
4463,11327,49.33981411584361,0,0,0,0,0,0,0,1,0,903.0886139003601,1.587399297688804e-06,3.848597048716521e-05,48.31781529584347
4464,2510,11.55237265633531,0,0,0,0,0,0,0,1,0,1923.783171969491,1.587399297688804e-06,3.848597048716521e-05,10.53037383633531
4465,10494,48.36916816845275,0,0,0,0,0,0,0,1,0,1721.946643039825,1.587399297688804e-06,3.848597048716521e-05,47.34716934883294
4466,4455,21.94507845445621,0,0,0,0,0,0,0,1,0,352.3323543698213,1.587399297688804e-06,3.848597048716521e-05,20.9230796344562
4467,4554,20.51616400063257,0,0,0,0,0,0,0,1,0,384.8038076464844,1.587399297688804e-06,3.848597048716521e-05,19.49416518063257
4468,6867,35.2076748085119,0,0,0,0,0,0,0,1,0,2167.981836434225,1.587399297688804e-06,3.848597048716521e-05,34.18567598851185
4469,2080,12.62869186801877,0,0,0,0,0,0,0,1,0,672.8468670665848,1.587399297688804e-06,3.848597048716521e-05,11.60669304801876
4470,8296,36.0240964481472,0,0,0,0,0,0,0,1,0,224.5808448724503,1.587399297688804e-06,3.848597048716521e-05,35.00209762814713
4471,10057,46.61479971631753,0,0,0,0,0,0,0,1,0,405.4848217891656,1.587399297688804e-06,3.848597048716521e-05,45.59280089631746
4472,2648,13.68902198415848,0,0,0,0,0,0,0,1,0,1255.774816984805,1.587399297688804e-06,3.848597048716521e-05,12.66702316415848
4473,7432,32.37633348061692,0,0,0,0,0,0,0,1,0,3696.117320476506,1.587399297688804e-06,3.848597048716521e-05,31.35433466061384
4474,6486,30.51213338941336,0,0,0,0,0,0,0,1,0,216.5104190253466,1.587399297688804e-06,3.848597048716521e-05,29.49013456941335
4475,9599,47.98795952971336,0,0,0,0,0,0,0,1,0,315.8205053846728,1.587399297688804e-06,3.848597048716521e-05,46.96596070953758
4476,10992,48.05655704452098,0,0,0,0,0,0,0,1,0,172.6674621821276,1.587399297688804e-06,3.848597048716521e-05,47.03455822452098
4477,8018,38.10133786866102,0,0,0,0,0,0,0,1,0,1993.92750952861,1.587399297688804e-06,3.848597048716521e-05,37.07933904866099
4478,9681,47.68615155632084,0,0,0,0,0,0,0,1,0,7035.727578925432,1.587399297688804e-06,3.848597048716521e-05,46.66415273632078
4479,8936,39.36668672132335,0,0,0,0,0,0,0,1,0,860.4295902865579,1.587399297688804e-06,3.848597048716521e-05,38.34468790132329
4480,12287,52.48067884478593,0,0,0,0,0,0,0,1,0,3041.248711352887,1.587399297688804e-06,3.848597048716521e-05,51.45868002478581
4481,12264,53.07111783664703,0,0,0,0,0,0,0,1,0,7391.475832450786,1.587399297688804e-06,3.848597048716521e-05,52.04911901664692
4482,9272,41.93190525888555,0,0,0,0,0,0,0,1,0,902.7431966045624,1.587399297688804e-06,3.848597048716521e-05,40.90990643888551
4483,5473,27.94723349057083,0,0,0,0,0,0,0,1,0,885.8702509868129,1.587399297688804e-06,3.848597048716521e-05,26.92523467057083
4484,7618,34.69542820275715,0,0,0,0,0,0,0,1,0,2529.160094027018,1.587399297688804e-06,3.848597048716521e-05,33.67342938275708
4485,10085,48.08578876661688,0,0,0,0,0,0,0,1,0,1256.022288246151,1.587399297688804e-06,3.848597048716521e-05,47.06378994661677
4486,10074,47.85986031425894,0,0,0,0,0,0,0,1,0,1436.165621490035,1.587399297688804e-06,3.848597048716521e-05,46.8378614942588
4487,8443,41.06949973361642,0,0,0,0,0,0,0,1,0,527.877599916986,1.587399297688804e-06,3.848597048716521e-05,40.04750091361639
4488,10748,49.59764442112947,0,0,0,0,0,0,0,1,0,1261.091570200794,1.587399297688804e-06,3.848597048716521e-05,48.57564560112945
4489,6665,28.62210148065538,0,0,0,0,0,0,0,1,0,896.2158930362953,1.587399297688804e-06,3.848597048716521e-05,27.60010266065539
4490,2326,11.16264680738249,0,0,0,0,0,0,0,1,0,3083.241620448946,1.587399297688804e-06,3.848597048716521e-05,10.14064798738251
4491,7002,34.08573672234655,0,0,0,0,0,0,0,1,0,857.4778997012897,1.587399297688804e-06,3.848597048716521e-05,33.06373790234646
4492,9914,47.28592562644587,0,0,0,0,0,0,0,1,0,1242.447362520952,1.587399297688804e-06,3.848597048716521e-05,46.26392680644578
4493,10632,46.91938486247207,0,0,0,0,0,0,0,1,0,3042.734742855685,1.587399297688804e-06,3.848597048716521e-05,45.89738604247196
4494,7586,35.20680986188265,0,0,0,0,0,0,0,1,0,3028.87114803924,1.587399297688804e-06,3.848597048716521e-05,34.18481104188255
4495,11350,49.19323916002512,0,0,0,0,0,0,0,1,0,222.8010377085286,1.587399297688804e-06,3.848597048716521e-05,48.17124034003707
4496,10502,45.52210250531071,0,0,0,0,0,0,0,1,0,157.2474634332071,1.587399297688804e-06,3.848597048716521e-05,44.50010368531064
4497,10275,46.41696606225944,0,0,0,0,0,0,0,1,0,293.6807022779793,1.587399297688804e-06,3.848597048716521e-05,45.39496724225938
4498,10260,47.16288109967645,0,0,0,0,0,0,0,1,0,3679.323707556042,1.587399297688804e-06,3.848597048716521e-05,46.14088227967633
4499,10354,49.51115053359488,0,0,0,0,0,0,0,1,0,4258.290781743019,1.587399297688804e-06,3.848597048716521e-05,48.48915171359489
4500,8825,37.08018759505849,0,0,0,0,0,0,0,1,0,3200.027457460129,1.587399297688804e-06,3.848597048716521e-05,36.05818877505843
4501,10481,45.35962576135623,0,0,0,0,0,0,0,1,0,27.03504022798838,1.587399297688804e-06,3.848597048716521e-05,44.33762694135623
4502,7883,39.75818339994602,0,0,0,0,0,0,0,1,0,508.4853011966757,1.587399297688804e-06,3.848597048716521e-05,38.73618457994598
4503,3585,16.72982098373569,0,0,0,0,0,0,0,1,0,4792.080494219954,1.587399297688804e-06,3.848597048716521e-05,15.70782216373568
4504,8465,39.76988740730434,0,0,0,0,0,0,0,1,0,1648.010910721549,1.587399297688804e-06,3.848597048716521e-05,38.74788858786914
4505,4722,22.67464825746891,0,0,0,0,0,0,0,1,0,400.02466387705,1.587399297688804e-06,3.848597048716521e-05,21.65264943746888
4506,9541,42.38780559242053,0,0,0,0,0,0,0,1,0,2954.826613561673,1.587399297688804e-06,3.848597048716521e-05,41.3658067724205
4507,0,1e-06,0,0,0,0,0,0,0,0,0,16061.19930586523,1.587399297688804e-06,3.848597048716521e-05,-1
4508,7762,34.1868427108704,0,0,0,0,0,0,0,1,0,4559.522320556762,1.587399297688804e-06,3.848597048716521e-05,33.16484389087042
4509,10620,47.44429914950526,0,0,0,0,0,0,0,1,0,5895.49053726335,1.587399297688804e-06,3.848597048716521e-05,46.42230032950528
4510,8145,38.73699089769126,0,0,0,0,0,0,0,1,0,5236.784444522769,1.587399297688804e-06,3.848597048716521e-05,37.71499207769119
4511,7835,35.50099534024959,0,0,0,0,0,0,0,1,0,5966.343342133955,1.587399297688804e-06,3.848597048716521e-05,34.4789965202495
4512,7865,39.64643543483248,0,0,0,0,0,0,0,1,0,3829.83740291356,1.587399297688804e-06,3.848597048716521e-05,38.6244366148324
4513,10943,50.18474000549461,0,0,0,0,0,0,0,1,0,2958.64781786027,1.587399297688804e-06,3.848597048716521e-05,49.16274118549448
4514,9596,41.24495431087383,0,0,0,0,0,0,0,1,0,58.28741210388575,1.587399297688804e-06,3.848597048716521e-05,40.22295549087375
4515,7058,33.15669507190673,0,0,0,0,0,0,0,1,0,2015.290354984265,1.587399297688804e-06,3.848597048716521e-05,32.13469625190665
4516,9163,46.71649908010449,0,0,0,0,1,0,0,1,0,7917.755512242331,1.587399297688804e-06,3.848597048716521e-05,45.69450026010433
4517,8539,42.45052986538754,0,0,0,0,1,0,0,1,0,275.7630349662172,1.587399297688804e-06,3.848597048716521e-05,41.42853104538741
4518,9392,46.51612004355265,0,0,0,0,0,0,0,1,0,2399.590212012031,1.587399297688804e-06,3.848597048716521e-05,45.49412122378371
4519,10326,50.99490744485206,0,0,0,0,0,0,0,1,0,4388.480919431311,1.587399297688804e-06,3.848597048716521e-05,49.97290862485539
4520,9809,43.2606451093815,0,0,0,0,0,0,0,1,0,1971.192059684524,1.587399297688804e-06,3.848597048716521e-05,42.23864628938137
4521,11500,50.10109538447136,0,0,0,0,0,0,0,1,0,946.938580951469,1.587399297688804e-06,3.848597048716521e-05,49.07909656447126
4522,5765,26.36200268579748,0,0,0,0,0,0,0,1,0,1441.936098986102,1.587399297688804e-06,3.848597048716521e-05,25.34000386579751
4523,10675,47.12647327383993,0,0,0,0,0,0,0,1,0,9743.540308316315,1.587399297688804e-06,3.848597048716521e-05,46.10447445383981
4524,10465,51.97181718781749,0,0,0,0,0,0,0,1,0,2485.508107154242,1.587399297688804e-06,3.848597048716521e-05,50.94981836781732
4525,7628,34.11548326661853,0,0,0,0,0,0,0,1,0,581.8399623862697,1.587399297688804e-06,3.848597048716521e-05,33.09348444661855
4526,7763,39.60840483525871,0,0,0,0,0,0,0,1,0,280.670982084117,1.587399297688804e-06,3.848597048716521e-05,38.58640601525864
4527,10854,48.84204990487957,0,0,0,0,0,0,0,1,0,1594.685775409269,1.587399297688804e-06,3.848597048716521e-05,47.82005108487948
4528,6197,32.22229187256418,0,0,0,0,0,0,0,1,0,5108.072105415451,1.587399297688804e-06,3.848597048716521e-05,31.20029305256412
4529,6158,32.76985279875385,0,0,0,0,0,0,0,1,0,3592.082289982235,1.587399297688804e-06,3.848597048716521e-05,31.74785397875382
4530,8366,36.50486170086658,0,0,0,0,0,0,0,1,0,1223.856614866821,1.587399297688804e-06,3.848597048716521e-05,35.48286288086652
4531,9251,41.8046557716977,0,0,0,0,0,0,0,1,0,2537.532190119737,1.587399297688804e-06,3.848597048716521e-05,40.78265695169758
4532,7114,29.23583220422597,0,0,0,0,0,0,0,1,0,3934.129068976452,1.587399297688804e-06,3.848597048716521e-05,28.21383338422597
4533,8020,35.87943612027343,0,0,0,0,0,0,0,1,0,918.5489132681507,1.587399297688804e-06,3.848597048716521e-05,34.85743730027336
4534,9576,43.65295044446858,0,0,0,0,0,0,0,1,0,2688.405671610304,1.587399297688804e-06,3.848597048716521e-05,42.63095162446852
4535,7342,34.43342030243721,0,0,0,0,0,0,0,1,0,195.9874523622601,1.587399297688804e-06,3.848597048716521e-05,33.41142148243716
4536,7950,37.22099107702714,0,0,0,0,0,0,0,1,0,2843.963204057554,1.587399297688804e-06,3.848597048716521e-05,36.19899225702708
4537,7823,36.29745840447724,0,0,0,0,0,0,0,1,0,343.7815644157233,1.587399297688804e-06,3.848597048716521e-05,35.2754595844772
4538,6238,31.09708195401955,0,0,0,0,0,0,0,1,0,1177.696468241238,1.587399297688804e-06,3.848597048716521e-05,30.0750831340503
4539,9620,41.68563498718416,0,0,0,0,0,0,0,1,0,2219.528978214214,1.587399297688804e-06,3.848597048716521e-05,40.66363616718414
4540,10373,46.17492459481061,0,0,0,0,0,0,0,1,0,1697.019814723512,1.587399297688804e-06,3.848597048716521e-05,45.15292577481063
4541,8208,40.98845663843883,0,0,0,0,0,0,0,1,0,50.27160219440316,1.587399297688804e-06,3.848597048716521e-05,39.96645781843873
4542,11119,51.7464299386181,0,0,0,0,0,0,0,1,0,6822.623803391881,1.587399297688804e-06,3.848597048716521e-05,50.72443111861813
4543,7843,39.14095197196004,0,0,0,0,0,0,0,1,0,5831.949215256031,1.587399297688804e-06,3.848597048716521e-05,38.11895315194942
4544,8904,41.68627761906377,0,0,0,0,0,0,0,1,0,1337.270044673364,1.587399297688804e-06,3.848597048716521e-05,40.66427879906664
4545,9799,46.25312139558322,0,0,0,0,0,0,0,1,0,1586.544800552051,1.587399297688804e-06,3.848597048716521e-05,45.23112257558314
4546,10158,49.6902204470568,0,0,0,0,0,0,0,1,0,3933.762381623721,1.587399297688804e-06,3.848597048716521e-05,48.66822162705672
4547,10230,47.44151750999576,0,0,0,0,0,0,0,1,0,62.42038447877324,1.587399297688804e-06,3.848597048716521e-05,46.41951868999572
4548,4792,26.86203483250407,0,0,0,0,0,0,0,1,0,3395.868487563484,1.587399297688804e-06,3.848597048716521e-05,25.84003601257029
4549,11048,47.5295765180926,0,0,0,0,0,0,0,1,0,1043.991752716935,1.587399297688804e-06,3.848597048716521e-05,46.50757769809255
4550,9362,46.14022320752303,0,0,0,0,0,0,0,1,0,1854.093438394753,1.587399297688804e-06,3.848597048716521e-05,45.1182243876017
4551,10827,50.82048922310491,0,0,0,0,0,0,0,1,0,2080.986498242102,1.587399297688804e-06,3.848597048716521e-05,49.79849040310483
4552,0,1e-06,0,0,0,0,0,0,0,0,0,10354.89532140882,1.587399297688804e-06,3.848597048716521e-05,-1
4553,7422,38.82710963259384,0,0,0,0,0,0,0,1,0,3412.787678403321,1.587399297688804e-06,3.848597048716521e-05,37.80511081266316
4554,8362,36.11424031715642,0,0,0,0,0,0,0,1,0,49.00794698329483,1.587399297688804e-06,3.848597048716521e-05,35.09224149715639
4555,5531,27.24456510455255,0,0,0,0,0,0,0,1,0,1789.572906523293,1.587399297688804e-06,3.848597048716521e-05,26.22256628455257
4556,10540,44.6052757117935,0,0,0,0,0,0,0,1,0,1027.087199684421,1.587399297688804e-06,3.848597048716521e-05,43.58327689179346
4557,3439,16.94551541923369,0,0,0,0,0,0,0,1,0,4160.27381763069,1.587399297688804e-06,3.848597048716521e-05,15.92351659923369
4558,8249,40.96965928205618,0,0,0,0,0,0,0,1,0,3008.659812919314,1.587399297688804e-06,3.848597048716521e-05,39.94766046205604
4559,9497,45.80759961908937,0,0,0,0,0,0,0,1,0,1780.141697314435,1.587399297688804e-06,3.848597048716521e-05,44.78560079908919
4560,7674,36.64512860995563,0,0,0,0,0,0,0,1,0,732.5730699390853,1.587399297688804e-06,3.848597048716521e-05,35.62312978995561
4561,9789,46.28289002188166,0,0,0,0,0,0,0,1,0,1470.57416256653,1.587399297688804e-06,3.848597048716521e-05,45.26089120197113
4562,11072,51.18408456240132,0,0,0,0,0,0,0,1,0,3221.430614391865,1.587399297688804e-06,3.848597048716521e-05,50.16208574237504
4563,6710,30.83048285752419,0,0,0,0,0,0,0,1,0,256.8319372435603,1.587399297688804e-06,3.848597048716521e-05,29.80848403752416
4564,10971,49.46370806400117,0,0,0,0,0,0,0,1,0,5718.656051757906,1.587399297688804e-06,3.848597048716521e-05,48.44170924400107
4565,4397,20.25632764224038,0,0,0,0,0,0,0,1,0,778.6442564592923,1.587399297688804e-06,3.848597048716521e-05,19.23432882224035
4566,8565,40.25760249091714,0,0,0,0,0,0,0,1,0,426.941888213694,1.587399297688804e-06,3.848597048716521e-05,39.23560367091699
4567,9811,47.4903258874312,0,0,0,0,0,0,0,1,0,259.5258946811896,1.587399297688804e-06,3.848597048716521e-05,46.46832706743105
4568,9119,39.40063574656801,0,0,0,0,0,0,0,1,0,750.5941209900695,1.587399297688804e-06,3.848597048716521e-05,38.37863692656795
4569,9996,44.69067347235365,0,0,0,0,0,0,0,1,0,602.8125806560619,1.587399297688804e-06,3.848597048716521e-05,43.6686746523536
4570,10076,47.43636381808927,0,0,0,0,0,0,0,1,0,1852.143668762259,1.587399297688804e-06,3.848597048716521e-05,46.41436499808913
4571,8439,36.87982919088012,0,0,0,0,0,0,0,1,0,2541.06345582166,1.587399297688804e-06,3.848597048716521e-05,35.85783037088006
4572,6891,33.07851336278258,0,0,0,0,0,0,0,1,0,1027.217186200811,1.587399297688804e-06,3.848597048716521e-05,32.05651454246033
4573,4322,21.52287669017408,0,0,0,0,0,0,0,1,0,3268.76656315141,1.587399297688804e-06,3.848597048716521e-05,20.50087787017406
4574,10243,46.68255354727741,0,0,0,0,0,0,0,1,0,1175.432834405791,1.587399297688804e-06,3.848597048716521e-05,45.66055472727724
4575,7133,35.1879039226167,0,0,0,0,0,0,0,1,0,199.4344877932473,1.587399297688804e-06,3.848597048716521e-05,34.16590510261672
4576,7761,36.15269265640432,0,0,0,0,0,0,0,1,0,2677.093944278107,1.587399297688804e-06,3.848597048716521e-05,35.13069383640433
4577,6021,28.37799939232318,0,0,0,0,0,0,0,1,0,137.1323541380383,1.587399297688804e-06,3.848597048716521e-05,27.35600057232314
4578,5473,24.34670672414927,0,0,0,0,0,0,0,1,0,5013.336627787518,1.587399297688804e-06,3.848597048716521e-05,23.32470790414925
4579,4237,19.23100346495253,0,0,0,0,0,0,0,1,0,188.8735232239765,1.587399297688804e-06,3.848597048716521e-05,18.20900464495248
4580,2806,13.35851004421432,0,0,0,0,0,0,0,1,0,918.1510816143708,1.587399297688804e-06,3.848597048716521e-05,12.33651122421433
4581,10335,47.90838874351522,0,0,0,0,0,0,0,1,0,119.2521114153784,1.587399297688804e-06,3.848597048716521e-05,46.8863899235151
4582,9697,46.61476021731993,0,0,0,0,0,0,0,1,0,301.6994724710428,1.587399297688804e-06,3.848597048716521e-05,45.59276139731982
4583,4733,21.43758795810581,0,0,0,0,0,0,0,1,0,3210.167040452594,1.587399297688804e-06,3.848597048716521e-05,20.41558913810579
4584,6876,29.25474057800405,0,0,0,0,0,0,0,1,0,2540.527445218123,1.587399297688804e-06,3.848597048716521e-05,28.23274175800405
4585,2734,15.67427474472534,0,0,0,0,0,0,0,1,0,6820.756405624233,1.587399297688804e-06,3.848597048716521e-05,14.65227592472534
4586,10164,48.74327154842764,0,0,0,0,0,0,0,1,0,284.0267535819199,1.587399297688804e-06,3.848597048716521e-05,47.72127272842759
4587,8661,37.51388818561652,0,0,0,0,0,0,0,1,0,594.7637599659751,1.587399297688804e-06,3.848597048716521e-05,36.49188936561646
4588,1508,8.975191710012025,0,0,0,0,0,0,0,1,0,2865.600114435301,1.587399297688804e-06,3.848597048716521e-05,7.953192890012026
4589,10180,47.84845794101434,0,0,0,0,0,0,0,1,0,2757.313787018201,1.587399297688804e-06,3.848597048716521e-05,46.82645912101426
4590,7409,35.21638931596676,0,0,0,0,0,0,0,1,0,1845.246699345177,1.587399297688804e-06,3.848597048716521e-05,34.19439049596676
4591,8697,39.4198109219455,0,0,0,0,0,0,0,1,0,2848.199198189221,1.587399297688804e-06,3.848597048716521e-05,38.39781210194543
4592,8478,41.98253752749901,0,0,0,0,0,0,0,1,0,4937.14639094116,1.587399297688804e-06,3.848597048716521e-05,40.96053870749903
4593,5933,31.09305164407889,0,0,0,0,0,0,0,1,0,686.2811446566629,1.587399297688804e-06,3.848597048716521e-05,30.0710528240789
4594,5485,27.48568142975551,0,0,0,0,0,0,0,1,0,1610.812000321388,1.587399297688804e-06,3.848597048716521e-05,26.46368260982564
4595,7380,32.32537487430769,0,0,0,0,0,0,0,1,0,708.7422549790753,1.587399297688804e-06,3.848597048716521e-05,31.30337605430769
4596,3710,16.22738585466952,0,0,0,0,0,0,0,1,0,372.0021246035143,1.587399297688804e-06,3.848597048716521e-05,15.20538703466951
4597,11669,51.91587476147703,0,0,0,0,0,0,0,1,0,2808.048556853165,1.587399297688804e-06,3.848597048716521e-05,50.89387594147706
4598,9502,44.92998217219284,0,0,0,0,0,0,0,1,0,7643.148389283056,1.587399297688804e-06,3.848597048716521e-05,43.90798335219267
4599,9259,44.16029700520084,0,0,0,0,0,0,0,1,0,107.1439619867914,1.587399297688804e-06,3.848597048716521e-05,43.13829818520068
4600,8673,38.3339973746147,0,0,0,0,0,0,0,1,0,961.0517039673883,1.587399297688804e-06,3.848597048716521e-05,37.31199855461463
4601,7754,37.92335306301118,0,0,0,0,0,0,0,1,0,255.3243793873107,1.587399297688804e-06,3.848597048716521e-05,36.90135424301116
4602,6421,29.66588475207199,0,0,0,0,0,0,0,1,0,879.1360570411798,1.587399297688804e-06,3.848597048716521e-05,28.64388593207196
4603,8350,38.98936227108418,0,0,0,0,0,0,0,1,0,1120.027268843119,1.587399297688804e-06,3.848597048716521e-05,37.967363451084
4604,6841,30.88999930213343,0,0,0,0,0,0,0,1,0,1297.579225985137,1.587399297688804e-06,3.848597048716521e-05,29.86800048213343
4605,9120,47.12414355604646,0,0,0,0,0,0,0,1,0,7086.892688582321,1.587399297688804e-06,3.848597048716521e-05,46.10214473604638
4606,7120,31.66232216791223,0,0,0,0,0,0,0,1,0,159.734395779217,1.587399297688804e-06,3.848597048716521e-05,30.64032334791222
4607,7647,36.70747907412652,0,0,0,0,0,0,0,1,0,1028.753695750836,1.587399297688804e-06,3.848597048716521e-05,35.6854802541265
4608,9888,46.33889885390381,0,0,0,0,0,0,0,1,0,911.7021154646501,1.587399297688804e-06,3.848597048716521e-05,45.31690003390371
4609,9337,47.18492083665559,0,0,0,0,0,0,0,1,0,852.6722716288065,1.587399297688804e-06,3.848597048716521e-05,46.16292201665539
4610,8586,38.85000414541358,0,0,0,0,0,0,0,1,0,1018.849088640644,1.587399297688804e-06,3.848597048716521e-05,37.82800532541355
4611,8412,40.61084834342709,0,0,0,0,0,0,0,1,0,2869.769491110812,1.587399297688804e-06,3.848597048716521e-05,39.58884952351874
4612,7250,33.74622261283555,0,0,0,0,0,0,0,1,0,354.3622944034461,1.587399297688804e-06,3.848597048716521e-05,32.72422379283547
4613,10644,50.77207130784818,0,0,0,0,0,0,0,1,0,839.9550086656456,1.587399297688804e-06,3.848597048716521e-05,49.75007248784817
4614,3254,16.53661231321074,0,0,0,0,0,0,0,1,0,247.3792106786548,1.587399297688804e-06,3.848597048716521e-05,15.5146134932107
4615,10782,50.18401255869735,0,0,0,0,0,0,0,1,0,789.1657428298561,1.587399297688804e-06,3.848597048716521e-05,49.16201373869717
4616,11278,50.09854280705023,0,0,0,0,0,0,0,1,0,2961.481168815875,1.587399297688804e-06,3.848597048716521e-05,49.07654398705016
4617,5600,28.10326845598626,0,0,0,0,0,0,0,1,0,43.89021444005133,1.587399297688804e-06,3.848597048716521e-05,27.08126963598627
4618,10837,49.83621487865593,0,0,0,0,0,0,0,1,0,334.069838680623,1.587399297688804e-06,3.848597048716521e-05,48.81421605865577
4619,6469,29.8083623358722,0,0,0,0,0,0,0,1,0,32.622346047721,1.587399297688804e-06,3.848597048716521e-05,28.78636351587218
4620,4292,18.70851499739983,0,0,0,0,0,0,0,1,0,5621.522094392074,1.587399297688804e-06,3.848597048716521e-05,17.68651617739983
4621,10531,47.00077609427074,0,0,0,0,0,0,0,1,0,113.6113926845307,1.587399297688804e-06,3.848597048716521e-05,45.97877727427059
4622,11485,49.05087672869323,0,0,0,0,0,0,0,1,0,1986.575778977939,1.587399297688804e-06,3.848597048716521e-05,48.0288779086931
4623,6810,30.92393230136426,0,0,0,0,0,0,0,1,0,2740.252462108621,1.587399297688804e-06,3.848597048716521e-05,29.90193348135147
4624,8230,37.79788011823222,0,0,0,0,0,0,0,1,0,4.527472250965865,1.587399297688804e-06,3.848597048716521e-05,36.77588129823215
4625,7594,33.62724447215705,0,0,0,0,0,0,0,1,0,614.3069082436492,1.587399297688804e-06,3.848597048716521e-05,32.60524565215697
4626,10221,46.67233231412445,0,0,0,0,0,0,0,1,0,3015.378928551811,1.587399297688804e-06,3.848597048716521e-05,45.65033349412443
4627,5011,24.83560916649901,0,0,0,0,0,0,0,1,0,663.6018051279906,1.587399297688804e-06,3.848597048716521e-05,23.81361034649901
4628,1627,8.430903886175933,0,0,0,0,0,0,0,1,0,3588.307250675222,1.587399297688804e-06,3.848597048716521e-05,7.408905066175937
4629,10391,50.67958647759504,0,0,0,0,0,0,0,1,0,3804.381331203447,1.587399297688804e-06,3.848597048716521e-05,49.65758765759497
4630,8889,39.46092130071391,0,0,0,0,0,0,0,1,0,157.0449028299354,1.587399297688804e-06,3.848597048716521e-05,38.43892248071388
4631,11609,49.51532702004307,0,0,0,0,0,0,0,1,0,819.5180517775647,1.587399297688804e-06,3.848597048716521e-05,48.49332820004297
4632,11282,52.23015561087785,0,0,0,0,0,0,0,1,0,815.394235975655,1.587399297688804e-06,3.848597048716521e-05,51.20815679080192
4633,6948,33.49547899776847,0,0,0,0,0,0,0,1,0,23.40565718351936,1.587399297688804e-06,3.848597048716521e-05,32.4734801777684
4634,10364,48.57125873481446,0,0,0,0,0,0,0,1,0,2019.895771572954,1.587399297688804e-06,3.848597048716521e-05,47.54925991481448
4635,10804,48.25000405541238,0,0,0,0,0,0,0,1,0,5556.530323216198,1.587399297688804e-06,3.848597048716521e-05,47.22800523541236
4636,11337,48.62264620841056,0,0,0,0,0,0,0,1,0,1865.211902182381,1.587399297688804e-06,3.848597048716521e-05,47.60064738841051
4637,7810,34.8595294686632,0,0,0,0,0,0,0,1,0,299.083460036081,1.587399297688804e-06,3.848597048716521e-05,33.83753064866317
4638,7844,34.85124702480911,0,0,0,0,0,0,0,1,0,1405.135642487426,1.587399297688804e-06,3.848597048716521e-05,33.82924820480903
4639,7290,32.5357265616263,0,0,0,0,0,0,0,1,0,2496.038567790426,1.587399297688804e-06,3.848597048716521e-05,31.51372774162627
4640,9661,45.7781771575052,0,0,0,0,0,0,0,1,0,2778.255130869643,1.587399297688804e-06,3.848597048716521e-05,44.75617833750508
4641,8662,38.65011012374431,0,0,0,0,0,0,0,1,0,4434.940611824398,1.587399297688804e-06,3.848597048716521e-05,37.62811130374429
4642,7663,35.54135962620524,0,0,0,0,0,0,0,1,0,9869.678905060377,1.587399297688804e-06,3.848597048716521e-05,34.51936080620516
4643,11714,53.08392406988782,0,0,0,0,0,0,0,1,0,177.8240653012919,1.587399297688804e-06,3.848597048716521e-05,52.06192525008203
4644,8399,39.88667885616374,0,0,0,0,0,0,0,1,0,1109.821862247668,1.587399297688804e-06,3.848597048716521e-05,38.86468003616366
4645,7559,34.37887119488605,0,0,0,0,0,0,0,1,0,7929.292812179456,1.587399297688804e-06,3.848597048716521e-05,33.35687237488594
4646,10729,47.30229730260425,0,0,0,0,0,0,0,1,0,2427.008572014947,1.587399297688804e-06,3.848597048716521e-05,46.28029848260424
4647,6510,28.82288122289311,0,0,0,0,0,0,0,1,0,523.3369676037147,1.587399297688804e-06,3.848597048716521e-05,27.80088240289311
4648,7461,36.26068682466016,0,0,0,0,0,0,0,1,0,105.5863295458932,1.587399297688804e-06,3.848597048716521e-05,35.23868800466014
4649,6120,27.04223846728857,0,0,0,0,0,0,0,1,0,58.4921216630143,1.587399297688804e-06,3.848597048716521e-05,26.02023964728858
4650,9536,41.31094729981096,0,0,0,0,0,0,0,1,0,389.1877434907042,1.587399297688804e-06,3.848597048716521e-05,40.28894847981088
4651,12106,52.96838957353875,0,0,0,0,0,0,0,1,0,2039.549028741363,1.587399297688804e-06,3.848597048716521e-05,51.94639075353859
4652,7249,31.94570348770565,0,0,0,0,0,0,0,1,0,1200.822225991365,1.587399297688804e-06,3.848597048716521e-05,30.92370466770566
4653,11881,53.15487230256768,0,0,0,0,0,0,0,1,0,3192.917508297002,1.587399297688804e-06,3.848597048716521e-05,52.13287348256763
4654,7508,31.77779110925236,0,0,0,0,0,0,0,1,0,369.4056471295954,1.587399297688804e-06,3.848597048716521e-05,30.75579228925234
4655,11047,51.58670902344157,0,0,0,0,0,0,0,1,0,651.053895048809,1.587399297688804e-06,3.848597048716521e-05,50.56471020344142
4656,12312,52.46066372960384,0,0,0,0,0,0,0,1,0,486.4684215513574,1.587399297688804e-06,3.848597048716521e-05,51.43866490959711
4657,8615,38.1027492045282,0,0,0,0,0,0,0,1,0,1047.626899484757,1.587399297688804e-06,3.848597048716521e-05,37.08075038452813
4658,6630,31.49538746311157,0,0,0,0,0,0,0,1,0,239.0223667051889,1.587399297688804e-06,3.848597048716521e-05,30.47338864311153
4659,8184,40.85772606781675,0,0,0,0,0,0,0,1,0,2047.08365711117,1.587399297688804e-06,3.848597048716521e-05,39.83572724781662
4660,7349,31.50890385330986,0,0,0,0,0,0,0,1,0,834.6031876828624,1.587399297688804e-06,3.848597048716521e-05,30.48690503330986
4661,10804,52.45751413144828,0,0,0,0,0,0,0,1,0,3920.418146869705,1.587399297688804e-06,3.848597048716521e-05,51.43551531144821
4662,6665,30.70253530754271,0,0,0,0,0,0,0,1,0,1542.674791123168,1.587399297688804e-06,3.848597048716521e-05,29.68053648754271
4663,9117,37.66020366806207,0,0,0,0,0,0,0,1,0,1257.573244417953,1.587399297688804e-06,3.848597048716521e-05,36.63820484806203
4664,11427,50.85179893873289,0,0,0,0,0,0,0,1,0,6718.402229357584,1.587399297688804e-06,3.848597048716521e-05,49.82980011873275
4665,10541,49.6523280266326,0,0,0,0,0,0,0,1,0,967.1467581885523,1.587399297688804e-06,3.848597048716521e-05,48.63032920663252
4666,9918,46.06494003140387,0,0,0,0,0,0,0,1,0,1479.479231184881,1.587399297688804e-06,3.848597048716521e-05,45.04294121140374
4667,6781,32.56846441919235,0,0,0,0,0,0,0,1,0,1908.784704750121,1.587399297688804e-06,3.848597048716521e-05,31.54646559919233
4668,10431,45.42836877402046,0,0,0,0,0,0,0,1,0,616.5221270708601,1.587399297688804e-06,3.848597048716521e-05,44.40636995402034
4669,7910,38.55350137521959,0,0,0,0,0,0,0,1,0,126.074547584912,1.587399297688804e-06,3.848597048716521e-05,37.53150255522048
4670,6432,29.28665009665877,0,0,0,0,0,0,0,1,0,2151.613126041531,1.587399297688804e-06,3.848597048716521e-05,28.26465127665876
4671,10077,46.62083491933399,0,0,0,0,0,0,0,1,0,1536.702027203359,1.587399297688804e-06,3.848597048716521e-05,45.59883609933179
4672,6098,27.97888262987437,0,0,0,0,0,0,0,1,0,1828.207645675838,1.587399297688804e-06,3.848597048716521e-05,26.95688380987441
4673,10730,50.50800024348053,0,0,0,0,0,0,0,1,0,276.3383395911963,1.587399297688804e-06,3.848597048716521e-05,49.4860014234804
4674,10325,49.29848682424225,0,0,0,0,0,0,0,1,0,379.8237650653231,1.587399297688804e-06,3.848597048716521e-05,48.27648800424223
4675,8671,46.85432788928098,0,0,0,0,0,0,0,1,0,4900.200712915678,1.587399297688804e-06,3.848597048716521e-05,45.83232906930412
4676,11283,51.22086247566799,0,0,0,0,0,0,0,1,0,2990.84335473663,1.587399297688804e-06,3.848597048716521e-05,50.19886365566802
4677,10433,48.33537427621323,0,0,0,0,0,0,0,1,0,8073.424672927174,1.587399297688804e-06,3.848597048716521e-05,47.31337545628026
4678,9500,45.69718903078318,0,0,0,0,0,0,0,1,0,2975.057102775925,1.587399297688804e-06,3.848597048716521e-05,44.67519021078307
4679,9398,43.38476091696801,0,0,0,0,0,0,0,1,0,3471.695951453128,1.587399297688804e-06,3.848597048716521e-05,42.36276209696796
4680,10540,49.05715937982091,0,0,0,0,0,0,0,1,0,295.3039849358018,1.587399297688804e-06,3.848597048716521e-05,48.0351605598208
4681,6880,31.45777592812257,0,0,0,0,0,0,0,1,0,3909.153800385488,1.587399297688804e-06,3.848597048716521e-05,30.43577710812258
4682,10542,50.91618895607586,0,0,0,0,0,0,0,1,0,6233.006947605304,1.587399297688804e-06,3.848597048716521e-05,49.89419013607584
4683,5438,25.16353504429506,0,0,0,0,0,0,0,1,0,1694.702236637481,1.587399297688804e-06,3.848597048716521e-05,24.14153622429503
4684,9307,44.22464817595717,0,0,0,0,0,0,0,1,0,196.0616893177288,1.587399297688804e-06,3.848597048716521e-05,43.20264935595707
4685,8626,38.89903291853032,0,0,0,0,0,0,0,1,0,512.2621626446795,1.587399297688804e-06,3.848597048716521e-05,37.87703409853026
4686,8530,37.10340112090119,0,0,0,0,0,0,0,1,0,8135.4438145082,1.587399297688804e-06,3.848597048716521e-05,36.08140230090112
4687,8615,43.33920988667956,0,0,0,0,0,0,0,1,0,2044.248240824641,1.587399297688804e-06,3.848597048716521e-05,42.31721106667945
4688,11307,52.68749347593548,0,0,0,0,0,0,0,1,0,4630.013796421516,1.587399297688804e-06,3.848597048716521e-05,51.66549465605744
4689,4753,22.23002957149999,0,0,0,0,0,0,0,1,0,2250.230522432389,1.587399297688804e-06,3.848597048716521e-05,21.20803075149998
4690,4726,22.93432190835185,0,0,0,0,0,0,0,1,0,4222.167011091417,1.587399297688804e-06,3.848597048716521e-05,21.91232308835182
4691,10036,48.30670593134578,0,0,0,0,0,0,0,1,0,1375.018210039292,1.587399297688804e-06,3.848597048716521e-05,47.28470711134574
4692,9805,44.31972276856963,0,0,0,0,0,0,0,1,0,1047.124194694274,1.587399297688804e-06,3.848597048716521e-05,43.29772394856973
4693,8585,40.83824953847743,0,0,0,0,0,0,0,1,0,720.7202536856947,1.587399297688804e-06,3.848597048716521e-05,39.81625071852551
4694,9635,46.68356381842849,0,0,0,0,0,0,0,1,0,2623.922950180745,1.587399297688804e-06,3.848597048716521e-05,45.66156499842834
4695,5906,27.62122168258259,0,0,0,0,0,0,0,1,0,4236.615567575459,1.587399297688804e-06,3.848597048716521e-05,26.59922286258259
4696,3774,19.65053062950792,0,0,0,0,0,0,0,1,0,670.5592727907264,1.587399297688804e-06,3.848597048716521e-05,18.62853180950792
4697,11187,50.6113714470715,0,0,0,0,0,0,0,1,0,629.7736420241522,1.587399297688804e-06,3.848597048716521e-05,49.58937262806342
4698,6119,26.7216656573657,0,0,0,0,0,0,0,1,0,106.2738032903152,1.587399297688804e-06,3.848597048716521e-05,25.69966683736567
4699,10131,45.9112134358932,0,0,0,0,0,0,0,1,0,330.6116571915914,1.587399297688804e-06,3.848597048716521e-05,44.889214615893
4700,7260,36.00306339181779,0,0,0,0,0,0,0,1,0,541.6752550467088,1.587399297688804e-06,3.848597048716521e-05,34.98106457181775
4701,0,1e-06,0,0,0,0,0,0,0,0,0,15380.53031994779,1.587399297688804e-06,3.848597048716521e-05,-1
4702,8694,37.25360979959289,0,0,0,0,0,0,0,1,0,1406.406987042978,1.587399297688804e-06,3.848597048716521e-05,36.23161097959281
4703,8738,44.70841799011581,0,0,0,0,0,0,0,1,0,391.9978951547654,1.587399297688804e-06,3.848597048716521e-05,43.68641917011569
4704,7696,39.53834727209615,0,0,0,0,0,0,0,1,0,3723.38038542074,1.587399297688804e-06,3.848597048716521e-05,38.51634845215759
4705,5541,25.38952740499859,0,0,0,0,0,0,0,1,0,2252.691768357381,1.587399297688804e-06,3.848597048716521e-05,24.36752858499859
4706,9622,47.53849580987812,0,0,0,0,0,0,0,1,0,2210.348439966303,1.587399297688804e-06,3.848597048716521e-05,46.51649698987787
4707,11563,48.11244044645072,0,0,0,0,0,0,0,1,0,1305.448022057255,1.587399297688804e-06,3.848597048716521e-05,47.09044162645056
4708,8406,38.38604912210079,0,0,0,0,0,0,0,1,0,756.9660665655871,1.587399297688804e-06,3.848597048716521e-05,37.36405030210074
4709,9710,46.24436058608934,0,0,0,0,0,0,0,1,0,1945.36407361502,1.587399297688804e-06,3.848597048716521e-05,45.22236176608919
4710,6855,36.4709111499249,0,0,0,0,0,0,0,1,0,2526.691770788294,1.587399297688804e-06,3.848597048716521e-05,35.44891232992489
4711,10064,42.50984365793757,0,0,0,0,0,0,0,1,0,6805.107384560371,1.587399297688804e-06,3.848597048716521e-05,41.48784483793741
4712,6079,26.85623798598861,0,0,0,0,0,0,0,1,0,3237.407334307712,1.587399297688804e-06,3.848597048716521e-05,25.83423916598862
4713,8729,36.33927100030142,0,0,0,0,0,0,0,1,0,1992.556612978536,1.587399297688804e-06,3.848597048716521e-05,35.31727218030137
4714,8018,35.76239604385204,0,0,0,0,0,0,0,1,0,2471.613653764221,1.587399297688804e-06,3.848597048716521e-05,34.74039722385199
4715,11469,53.07067603020568,0,0,0,0,0,0,0,1,0,3284.968840289116,1.587399297688804e-06,3.848597048716521e-05,52.04867721020545
4716,8462,40.35812428649461,0,0,0,0,0,0,0,1,0,940.8430116751798,1.587399297688804e-06,3.848597048716521e-05,39.33612546649461
4717,11024,50.05288923635339,0,0,0,0,0,0,0,1,0,279.9955574970087,1.587399297688804e-06,3.848597048716521e-05,49.03089041635328
4718,11106,53.31128887151543,0,0,0,0,0,0,0,1,0,197.6060871408988,1.587399297688804e-06,3.848597048716521e-05,52.28929005151536
4719,5858,24.68847293453916,0,0,0,0,0,0,0,1,0,1833.106846214846,1.587399297688804e-06,3.848597048716521e-05,23.66647411453915
4720,3708,19.22580949610352,0,0,0,0,0,0,0,1,0,523.592318629886,1.587399297688804e-06,3.848597048716521e-05,18.20381067609945
4721,10517,46.54394655068791,0,0,0,0,0,0,0,1,0,2315.241334450517,1.587399297688804e-06,3.848597048716521e-05,45.52194772972871
4722,6175,30.54692514100795,0,0,0,0,0,0,0,1,0,2086.816903196921,1.587399297688804e-06,3.848597048716521e-05,29.52492632128252
4723,9114,43.35496521885138,0,0,0,0,0,0,0,1,0,1369.687204747044,1.587399297688804e-06,3.848597048716521e-05,42.33296639892001
4724,7709,39.93392460040649,0,0,0,0,0,0,0,1,0,1044.204239248382,1.587399297688804e-06,3.848597048716521e-05,38.91192578040647
4725,11685,50.37576084979604,0,0,0,0,0,0,0,1,0,4881.569470317801,1.587399297688804e-06,3.848597048716521e-05,49.35376202979604
4726,2364,12.84565251040526,0,0,0,0,0,0,0,1,0,5865.669558890174,1.587399297688804e-06,3.848597048716521e-05,11.82365369040528
4727,5583,24.06545368620301,0,0,0,0,0,0,0,1,0,2059.444086101489,1.587399297688804e-06,3.848597048716521e-05,23.04345486620301
4728,8781,42.53444209057107,0,0,0,0,0,0,0,1,0,73.6583096558868,1.587399297688804e-06,3.848597048716521e-05,41.51244327057093
4729,9828,43.49682018733993,0,0,0,0,0,0,0,1,0,1490.820635621908,1.587399297688804e-06,3.848597048716521e-05,42.47482136734002
4730,8046,37.28256033464935,0,0,0,0,0,0,0,1,0,917.0157668811445,1.587399297688804e-06,3.848597048716521e-05,36.26056151464927
4731,6402,30.2993071793794,0,0,0,0,0,0,0,1,0,3056.109128311827,1.587399297688804e-06,3.848597048716521e-05,29.2773083593794
4732,6015,25.95376007271241,0,0,0,0,0,0,0,1,0,3054.553169518065,1.587399297688804e-06,3.848597048716521e-05,24.93176125271237
4733,4013,19.59015903655272,0,0,0,0,0,0,0,1,0,1818.962217756811,1.587399297688804e-06,3.848597048716521e-05,18.56816021655272
4734,8516,40.58982854349583,0,0,0,0,0,0,0,1,0,19.84715154696646,1.587399297688804e-06,3.848597048716521e-05,39.56782972347799
4735,10904,52.58035188046457,0,0,0,0,0,0,0,1,0,388.9175546702867,1.587399297688804e-06,3.848597048716521e-05,51.55835306045565
4736,8244,41.34327250034147,0,0,0,0,0,0,0,1,0,1774.574722908521,1.587399297688804e-06,3.848597048716521e-05,40.32127368034146
4737,8157,34.30026645647996,0,0,0,0,0,0,0,1,0,1585.419106306515,1.587399297688804e-06,3.848597048716521e-05,33.27826763647989
4738,5795,27.83549904315191,0,0,0,0,0,0,0,1,0,934.1181303352988,1.587399297688804e-06,3.848597048716521e-05,26.81350022315187
4739,5443,26.46768730260308,0,0,0,0,0,0,0,1,0,811.3765123988389,1.587399297688804e-06,3.848597048716521e-05,25.44568848260311
4740,7644,35.97600776740157,0,0,0,0,0,0,0,1,0,5122.809436996431,1.587399297688804e-06,3.848597048716521e-05,34.95400894740224
4741,6797,29.69347971936246,0,0,0,0,0,0,0,1,0,2623.96620094334,1.587399297688804e-06,3.848597048716521e-05,28.67148089936247
4742,3957,21.89697054741475,0,0,0,0,0,0,0,1,0,256.9393639078457,1.587399297688804e-06,3.848597048716521e-05,20.87497172741472
4743,6328,30.66846249457386,0,0,0,0,0,0,0,1,0,1687.801621371727,1.587399297688804e-06,3.848597048716521e-05,29.64646367458252
4744,0,1e-06,0,0,0,0,0,0,0,0,0,11546.79875589841,1.587399297688804e-06,3.848597048716521e-05,-1
4745,8362,36.44389659218258,0,0,0,0,0,0,0,1,0,3211.898134984642,1.587399297688804e-06,3.848597048716521e-05,35.42189777218254
4746,8033,39.20902845464223,0,0,0,0,0,0,0,1,0,386.4406901930579,1.587399297688804e-06,3.848597048716521e-05,38.18702963464219
4747,11551,51.81442380397126,0,0,0,0,0,0,0,1,0,916.2451801960942,1.587399297688804e-06,3.848597048716521e-05,50.79242498395214
4748,7357,31.12133004421484,0,0,0,0,0,0,0,1,0,1129.793971599357,1.587399297688804e-06,3.848597048716521e-05,30.09933122421481
4749,7269,32.53149423979094,0,0,0,0,0,0,0,1,0,879.8328840680714,1.587399297688804e-06,3.848597048716521e-05,31.50949541979094
4750,4477,23.27000492565519,0,0,0,0,0,0,0,1,0,5769.354817327694,1.587399297688804e-06,3.848597048716521e-05,22.24800610565517
4751,8603,40.79950333113334,0,0,0,0,0,0,0,1,0,2572.162937253088,1.587399297688804e-06,3.848597048716521e-05,39.77750451116271
4752,6732,32.23044461434333,0,0,0,0,0,0,0,1,0,1960.436487466024,1.587399297688804e-06,3.848597048716521e-05,31.20844579434333
4753,11078,48.49796602711202,0,0,0,0,0,0,0,1,0,2088.573559611481,1.587399297688804e-06,3.848597048716521e-05,47.47596720711193
4754,7552,34.80892685315261,0,0,0,0,0,0,0,1,0,838.4093036265205,1.587399297688804e-06,3.848597048716521e-05,33.78692803315265
4755,6320,30.5222028582422,0,0,0,0,0,0,0,1,0,993.4214241005947,1.587399297688804e-06,3.848597048716521e-05,29.50020403824219
4756,5354,26.72020968418289,0,0,0,0,0,0,0,1,0,825.44419389804,1.587399297688804e-06,3.848597048716521e-05,25.69821086418288
4757,11217,50.87616966623833,0,0,0,0,0,0,0,1,0,5124.547387557896,1.587399297688804e-06,3.848597048716521e-05,49.85417084623816
4758,6455,30.09729599173273,0,0,0,0,0,0,0,1,0,3674.656792398083,1.587399297688804e-06,3.848597048716521e-05,29.07529717173275
4759,9933,45.04293370136311,0,0,0,0,0,0,0,1,0,5017.403846785863,1.587399297688804e-06,3.848597048716521e-05,44.0209348813629
4760,8522,38.81159786646452,0,0,0,0,0,0,0,1,0,875.1883543764343,1.587399297688804e-06,3.848597048716521e-05,37.78959904646448
4761,8589,35.56705577170555,0,0,0,0,0,0,0,1,0,6663.607241021133,1.587399297688804e-06,3.848597048716521e-05,34.54505695170555
4762,5652,26.91441481524241,0,0,0,0,0,0,0,1,0,2090.533965900517,1.587399297688804e-06,3.848597048716521e-05,25.89241599524242
4763,6670,34.15833973546447,0,0,0,0,0,0,0,1,0,6094.468736884437,1.587399297688804e-06,3.848597048716521e-05,33.13634091546435
4764,7598,38.48521997731751,0,0,0,0,0,0,0,1,0,6595.100156502643,1.587399297688804e-06,3.848597048716521e-05,37.46322115731753
4765,8687,41.69310806118035,0,0,0,0,0,0,0,1,0,893.6592495487707,1.587399297688804e-06,3.848597048716521e-05,40.67110924118024
4766,7323,33.6969413782933,0,0,0,0,0,0,0,1,0,2768.250794600332,1.587399297688804e-06,3.848597048716521e-05,32.67494255829321
4767,5808,25.8368808694812,0,0,0,0,0,0,0,1,0,134.0123927835759,1.587399297688804e-06,3.848597048716521e-05,24.81488204948119
4768,9583,39.28937271919806,0,0,0,0,0,0,0,1,0,213.6805798447789,1.587399297688804e-06,3.848597048716521e-05,38.26737389919803
4769,8815,42.07970462464365,0,0,0,0,0,0,0,1,0,3983.723602288781,1.587399297688804e-06,3.848597048716521e-05,41.05770580464365
4770,6090,25.72084495343224,0,0,0,0,0,0,0,1,0,2145.054254311061,1.587399297688804e-06,3.848597048716521e-05,24.69884613343227
4771,3422,17.37670669834739,0,0,0,0,0,0,0,1,0,4849.418291175098,1.587399297688804e-06,3.848597048716521e-05,16.35470787834738
4772,9212,43.85990485095797,0,0,0,0,0,0,0,1,0,1895.588727302889,1.587399297688804e-06,3.848597048716521e-05,42.8379060310105
4773,8642,38.14357062256857,0,0,0,0,0,0,0,1,0,2816.99448900895,1.587399297688804e-06,3.848597048716521e-05,37.12157180270901
4774,6982,34.00402927313471,0,0,0,0,0,0,0,1,0,429.5651291980927,1.587399297688804e-06,3.848597048716521e-05,32.98203045313466
4775,9254,42.82069127794649,0,0,0,0,0,0,0,1,0,4329.05017949844,1.587399297688804e-06,3.848597048716521e-05,41.79869245849738
4776,10326,48.2958494221166,0,0,0,0,0,0,0,1,0,1043.010289758412,1.587399297688804e-06,3.848597048716521e-05,47.27385060203208
4777,8713,45.36922759496035,0,0,0,0,0,0,0,1,0,2137.752449989189,1.587399297688804e-06,3.848597048716521e-05,44.34722877504463
4778,9437,44.70504503920582,0,0,0,0,0,0,0,1,0,3195.963340299666,1.587399297688804e-06,3.848597048716521e-05,43.68304621920574
4779,3451,16.31281028368236,0,0,0,0,0,0,0,1,0,3482.639099249952,1.587399297688804e-06,3.848597048716521e-05,15.29081146368235
4780,6745,33.62512395954403,0,0,0,0,0,0,0,1,0,956.3971606852579,1.587399297688804e-06,3.848597048716521e-05,32.60312513954406
4781,8334,40.0032534957661,0,0,0,0,0,0,0,1,0,3770.925772643844,1.587399297688804e-06,3.848597048716521e-05,38.98125467576507
4782,5406,24.98444596017266,0,0,0,0,0,0,0,1,0,4963.955027385062,1.587399297688804e-06,3.848597048716521e-05,23.96244714017264
4783,10029,48.96543893948786,0,0,0,0,0,0,0,1,0,1684.632419714339,1.587399297688804e-06,3.848597048716521e-05,47.94344011948771
4784,8832,43.02647253490871,0,0,0,0,0,0,0,1,0,6326.870763235819,1.587399297688804e-06,3.848597048716521e-05,42.00447371490873
4785,5756,26.06740315063247,0,0,0,0,0,0,0,1,0,456.2244215775055,1.587399297688804e-06,3.848597048716521e-05,25.0454043306325
4786,11812,52.49661265966024,0,0,0,0,0,0,0,1,0,776.9952692224999,1.587399297688804e-06,3.848597048716521e-05,51.47461383966025
4787,10094,48.07754717968865,0,0,0,0,0,0,0,1,0,1167.578892377812,1.587399297688804e-06,3.848597048716521e-05,47.05554835968841
4788,8526,40.64082997555613,0,0,0,0,0,0,0,1,0,2481.190656299202,1.587399297688804e-06,3.848597048716521e-05,39.61883115555601
4789,6862,32.54411504999247,0,0,0,0,0,0,0,1,0,2022.92327839104,1.587399297688804e-06,3.848597048716521e-05,31.52211622999246
4790,11386,48.81698481248105,0,0,0,0,0,0,0,1,0,2762.210750216688,1.587399297688804e-06,3.848597048716521e-05,47.79498599248088
4791,2833,14.7105693539254,0,0,0,0,0,0,0,1,0,952.2712838209579,1.587399297688804e-06,3.848597048716521e-05,13.68857053392538
4792,8335,38.08352555964596,0,0,0,0,0,0,0,1,0,2265.043372846066,1.587399297688804e-06,3.848597048716521e-05,37.06152673964586
4793,5059,24.30088471215586,0,0,0,0,0,0,0,1,0,621.4964510757561,1.587399297688804e-06,3.848597048716521e-05,23.27888589215589
4794,9527,50.52894230680194,0,0,0,0,0,0,0,1,0,8658.124468609798,1.587399297688804e-06,3.848597048716521e-05,49.50694348682907
4795,6542,32.47620036241744,0,0,0,0,0,0,0,1,0,737.1969115447666,1.587399297688804e-06,3.848597048716521e-05,31.45420154241739
4796,9768,47.81409598019291,0,0,0,0,0,0,0,1,0,11.76359970857796,1.587399297688804e-06,3.848597048716521e-05,46.79209716003798
4797,8104,34.98932413059551,0,0,0,0,0,0,0,1,0,760.5227053380341,1.587399297688804e-06,3.848597048716521e-05,33.96732531059548
4798,4728,22.00891187567151,0,0,0,0,0,0,0,1,0,2327.085239724174,1.587399297688804e-06,3.848597048716521e-05,20.98691305567148
4799,4461,23.92327367297704,0,0,0,0,0,0,0,1,0,382.3171747637338,1.587399297688804e-06,3.848597048716521e-05,22.90127485297702
4800,10367,49.43152020599619,0,0,0,0,0,0,0,1,0,980.6178234228155,1.587399297688804e-06,3.848597048716521e-05,48.40952138599612
4801,3503,15.4506367380001,0,0,0,0,0,0,0,1,0,1966.998257309549,1.587399297688804e-06,3.848597048716521e-05,14.42863791800008
4802,7789,33.77084251588243,0,0,0,0,0,0,0,1,0,753.5942258450937,1.587399297688804e-06,3.848597048716521e-05,32.7488436958824
4803,10097,43.59027432651645,0,0,0,0,0,0,0,1,0,342.3501716648103,1.587399297688804e-06,3.848597048716521e-05,42.5682755065164
4804,6473,29.73192978599116,0,0,0,0,0,0,0,1,0,4095.498022280029,1.587399297688804e-06,3.848597048716521e-05,28.70993096599116
4805,9974,47.951669452856,0,0,0,0,0,0,0,1,0,1359.99785440135,1.587399297688804e-06,3.848597048716521e-05,46.92967063284577
4806,11490,50.368628885722,0,0,0,0,0,0,0,1,0,703.0518547071691,1.587399297688804e-06,3.848597048716521e-05,49.34663006572194
4807,7679,39.65379979920478,0,0,0,0,0,0,0,1,0,1181.396189750595,1.587399297688804e-06,3.848597048716521e-05,38.63180097912902
4808,9303,44.33955645921469,0,0,0,0,0,0,0,1,0,191.4343881759911,1.587399297688804e-06,3.848597048716521e-05,43.31755763921461
4809,6933,35.5634599495836,0,0,0,0,0,0,0,1,0,5108.699919237211,1.587399297688804e-06,3.848597048716521e-05,34.54146112958347
4810,9080,41.65634955441016,0,0,0,0,0,0,0,1,0,1661.887998279543,1.587399297688804e-06,3.848597048716521e-05,40.63435073441
4811,4178,18.82820376984987,0,0,0,0,0,0,0,1,0,4282.234914845286,1.587399297688804e-06,3.848597048716521e-05,17.80620494984987
4812,7988,36.7250530366348,0,0,0,0,0,0,0,1,0,375.9677243677697,1.587399297688804e-06,3.848597048716521e-05,35.70305421650616
4813,10505,49.43957161617422,0,0,0,0,0,0,0,1,0,1626.525971216118,1.587399297688804e-06,3.848597048716521e-05,48.41757279617418
4814,9824,41.9834653770279,0,0,0,0,0,0,0,1,0,35.9904464861971,1.587399297688804e-06,3.848597048716521e-05,40.9614665570278
4815,7081,35.79398112598562,0,0,0,0,0,0,0,1,0,1185.171954683245,1.587399297688804e-06,3.848597048716521e-05,34.77198230598558
4816,6845,31.66580090673518,0,0,0,0,0,0,0,1,0,4437.623381920316,1.587399297688804e-06,3.848597048716521e-05,30.6438020867352
4817,10732,45.98187173482021,0,0,0,0,0,0,0,1,0,560.9996031091681,1.587399297688804e-06,3.848597048716521e-05,44.95987291482012
4818,6820,30.5388562529344,0,0,0,0,0,0,0,1,0,4328.684779844796,1.587399297688804e-06,3.848597048716521e-05,29.51685743293435
4819,11764,53.28870249121284,0,0,0,0,0,0,0,1,0,3371.8457833641,1.587399297688804e-06,3.848597048716521e-05,52.26670367121273
4820,11384,52.75531526859719,0,0,0,0,0,0,0,1,0,1800.721461139947,1.587399297688804e-06,3.848597048716521e-05,51.73331644858034
4821,6246,29.18363469940995,0,0,0,0,0,0,0,1,0,2036.819105394283,1.587399297688804e-06,3.848597048716521e-05,28.16163587940999
4822,6158,30.0578763525135,0,0,0,0,0,0,0,1,0,5018.166168478821,1.587399297688804e-06,3.848597048716521e-05,29.03587753251348
4823,4776,19.61890405107846,0,0,0,0,0,0,0,1,0,482.0168365411001,1.587399297688804e-06,3.848597048716521e-05,18.59690523107844
4824,7571,35.94074387105592,0,0,0,0,0,0,0,1,0,3572.66697473755,1.587399297688804e-06,3.848597048716521e-05,34.91874505105587
4825,9752,44.23069274970268,0,0,0,0,0,0,0,1,0,39.53586326891864,1.587399297688804e-06,3.848597048716521e-05,43.20869392970258
4826,8297,37.25166031460678,0,0,0,0,0,0,0,1,0,5535.705137309969,1.587399297688804e-06,3.848597048716521e-05,36.22966149460677
4827,7992,36.26365552630352,0,0,0,0,0,0,0,1,0,3688.673346220462,1.587399297688804e-06,3.848597048716521e-05,35.24165670630354
4828,11055,50.17532515620135,0,0,0,0,0,0,0,1,0,195.4170347555534,1.587399297688804e-06,3.848597048716521e-05,49.15332633600428
4829,10968,50.65215847787327,0,0,0,0,0,0,0,1,0,1018.182613515894,1.587399297688804e-06,3.848597048716521e-05,49.63015965787318
4830,10416,45.356714774979,0,0,0,0,0,0,0,1,0,4775.197698430018,1.587399297688804e-06,3.848597048716521e-05,44.33471595497895
4831,11486,51.99208663110025,0,0,0,0,0,0,0,1,0,1098.845545993307,1.587399297688804e-06,3.848597048716521e-05,50.97008781110014
4832,7404,33.18625456390411,0,0,0,0,0,0,0,1,0,1221.656026221309,1.587399297688804e-06,3.848597048716521e-05,32.16425574390399
4833,9097,41.79913365636688,0,0,0,0,0,0,0,1,0,3494.189647081141,1.587399297688804e-06,3.848597048716521e-05,40.77713483636686
4834,9669,43.38094655896706,0,0,0,0,0,0,0,1,0,1524.016065452679,1.587399297688804e-06,3.848597048716521e-05,42.35894773896696
4835,4235,18.70676041104886,0,0,0,0,0,0,0,1,0,636.1514478800289,1.587399297688804e-06,3.848597048716521e-05,17.68476159104885
4836,9106,44.68570136947667,0,0,0,0,0,0,0,1,0,118.1638726907647,1.587399297688804e-06,3.848597048716521e-05,43.66370254951286
4837,7055,35.03260153579117,0,0,0,0,0,0,0,1,0,2135.764333102703,1.587399297688804e-06,3.848597048716521e-05,34.01060271584058
4838,10848,49.04673410335413,0,0,0,0,0,0,0,1,0,264.3073271431142,1.587399297688804e-06,3.848597048716521e-05,48.02473528335396
4839,8671,41.43110288953535,0,0,0,0,0,0,0,1,0,510.1601196442198,1.587399297688804e-06,3.848597048716521e-05,40.40910406953526
4840,9789,45.41761334089633,0,0,0,0,0,0,0,1,0,2446.394131565829,1.587399297688804e-06,3.848597048716521e-05,44.3956145208962
4841,5224,26.3817961922566,0,0,0,0,0,0,0,1,0,596.5902728108226,1.587399297688804e-06,3.848597048716521e-05,25.35979737225658
4842,10668,47.01029264423916,0,0,0,0,0,0,0,1,0,1058.193489497599,1.587399297688804e-06,3.848597048716521e-05,45.98829382423905
4843,9007,40.84738347072521,0,0,0,0,0,0,0,1,0,1304.204843396579,1.587399297688804e-06,3.848597048716521e-05,39.82538465072508
4844,9625,45.09719985141827,0,0,0,0,0,0,0,1,0,2107.948792872991,1.587399297688804e-06,3.848597048716521e-05,44.07520103141202
4845,10779,50.28918780660406,0,0,0,0,0,0,0,1,0,6231.111450150942,1.587399297688804e-06,3.848597048716521e-05,49.26718898660393
4846,7734,34.22266067251421,0,0,0,0,0,0,0,1,0,9.095311854447036,1.587399297688804e-06,3.848597048716521e-05,33.20066185251423
4847,8760,38.17033248321217,0,0,0,0,0,0,0,1,0,6506.779253998471,1.587399297688804e-06,3.848597048716521e-05,37.1483336632121
4848,9122,44.51109858088753,0,0,0,0,0,0,0,1,0,424.3684840027579,1.587399297688804e-06,3.848597048716521e-05,43.48909976089059
4849,12642,51.76659170491161,0,0,0,0,0,0,0,1,0,1630.307937856896,1.587399297688804e-06,3.848597048716521e-05,50.74459288491152
4850,8673,40.59498527384336,0,0,0,0,0,0,0,1,0,4231.469259286981,1.587399297688804e-06,3.848597048716521e-05,39.57298645384319
4851,4994,26.17192845587926,0,0,0,0,0,0,0,1,0,2335.949793110325,1.587399297688804e-06,3.848597048716521e-05,25.14992963587925
4852,11581,48.94750713647582,0,0,0,0,0,0,0,1,0,1373.85539567884,1.587399297688804e-06,3.848597048716521e-05,47.92550831647578
4853,9470,48.71025113219319,0,0,0,0,0,0,0,1,0,2778.747536134748,1.587399297688804e-06,3.848597048716521e-05,47.68825231219024
4854,11059,49.96958669097204,0,0,0,0,0,0,0,1,0,2168.057559157702,1.587399297688804e-06,3.848597048716521e-05,48.94758787101382
4855,10521,46.68098753356461,0,0,0,0,0,0,0,1,0,6101.84215929185,1.587399297688804e-06,3.848597048716521e-05,45.65898871356445
4856,6217,27.47094653192687,0,0,0,0,0,0,0,1,0,2152.466661425929,1.587399297688804e-06,3.848597048716521e-05,26.44894771192683
4857,8087,40.70903634431232,0,0,0,0,0,0,0,1,0,2649.554673532192,1.587399297688804e-06,3.848597048716521e-05,39.68703752428611
4858,9217,42.10301156623922,0,0,0,0,0,0,0,1,0,4699.24996247675,1.587399297688804e-06,3.848597048716521e-05,41.0810127462391
4859,8957,44.11246047177249,0,0,0,0,0,0,0,1,0,501.4700948042042,1.587399297688804e-06,3.848597048716521e-05,43.09046165177239
4860,9068,38.69617354840764,0,0,0,0,0,0,0,1,0,2041.471677585073,1.587399297688804e-06,3.848597048716521e-05,37.67417472840761
4861,11363,52.59938099683772,0,0,0,0,0,0,0,1,0,1034.485752633545,1.587399297688804e-06,3.848597048716521e-05,51.57738217683758
4862,11114,51.20609429184481,0,0,0,0,0,0,0,1,0,127.9700005378678,1.587399297688804e-06,3.848597048716521e-05,50.18409547184674
4863,11690,51.43071361850971,0,0,0,0,0,0,0,1,0,2174.881658365684,1.587399297688804e-06,3.848597048716521e-05,50.40871479850959
4864,10749,48.31504532714454,0,0,0,0,0,0,0,1,0,1612.713903957288,1.587399297688804e-06,3.848597048716521e-05,47.29304650714453
4865,7741,34.01507149215671,0,0,0,0,0,0,0,1,0,117.6662409543506,1.587399297688804e-06,3.848597048716521e-05,32.9930726721567
4866,12023,52.33887830769544,0,0,0,0,0,0,0,1,0,2243.343333666118,1.587399297688804e-06,3.848597048716521e-05,51.31687948769537
4867,10994,51.59891803583045,0,0,0,0,0,0,0,1,0,856.3720800492083,1.587399297688804e-06,3.848597048716521e-05,50.57691921583038
4868,8904,40.48800346100577,0,0,0,0,0,0,0,1,0,5443.445784973947,1.587399297688804e-06,3.848597048716521e-05,39.46600464100569
4869,8538,38.63630942553731,0,0,0,0,0,0,0,1,0,5258.714357524324,1.587399297688804e-06,3.848597048716521e-05,37.61431060553715
4870,0,1e-06,0,0,0,0,0,0,0,0,0,10608.16941231406,1.587399297688804e-06,3.848597048716521e-05,-1
4871,6724,31.14038508925544,0,0,0,0,0,0,0,1,0,399.6756276106983,1.587399297688804e-06,3.848597048716521e-05,30.11838626925543
4872,7631,36.67937797937536,0,0,0,0,0,0,0,1,0,1590.837149440835,1.587399297688804e-06,3.848597048716521e-05,35.6573791593752
4873,10115,45.8854477436026,0,0,0,0,0,0,0,1,0,789.6773247174687,1.587399297688804e-06,3.848597048716521e-05,44.86344892360263
4874,7896,32.58499806154598,0,0,0,0,0,0,0,1,0,4937.34674327424,1.587399297688804e-06,3.848597048716521e-05,31.56299924154592
4875,11181,52.60675395522996,0,0,0,0,0,0,0,1,0,4877.426276979955,1.587399297688804e-06,3.848597048716521e-05,51.58475513522987
4876,8680,40.17389458999173,0,0,0,0,0,0,0,1,0,6194.770319111468,1.587399297688804e-06,3.848597048716521e-05,39.15189576999158
4877,10798,50.36198348731386,0,0,0,0,0,0,0,1,0,1802.383849398523,1.587399297688804e-06,3.848597048716521e-05,49.33998466731385
4878,6502,28.41375617107331,0,0,0,0,0,0,0,1,0,5557.748445369875,1.587399297688804e-06,3.848597048716521e-05,27.39175735107326
4879,5206,21.94389774339568,0,0,0,0,0,0,0,1,0,3150.691558684785,1.587399297688804e-06,3.848597048716521e-05,20.92189892339566
4880,9915,46.53650325017294,0,0,0,0,0,0,0,1,0,1065.985395337858,1.587399297688804e-06,3.848597048716521e-05,45.51450443017278
4881,6710,29.77586831296642,0,0,0,0,0,0,0,1,0,2543.680925175427,1.587399297688804e-06,3.848597048716521e-05,28.7538694929664
4882,6901,28.9433372189184,0,0,0,0,0,0,0,1,0,1477.247037938881,1.587399297688804e-06,3.848597048716521e-05,27.92133839891836
4883,7932,40.78323354862999,0,0,0,0,0,0,0,1,0,594.6699960295629,1.587399297688804e-06,3.848597048716521e-05,39.76123472862977
4884,4428,20.53157824688273,0,0,0,0,0,0,0,1,0,840.0267997854623,1.587399297688804e-06,3.848597048716521e-05,19.50957942688272
4885,8356,40.87689388148988,0,0,0,0,0,0,0,1,0,2573.117951206366,1.587399297688804e-06,3.848597048716521e-05,39.85489506148981
4886,7550,33.98101080964738,0,0,0,0,0,0,0,1,0,1934.824324423194,1.587399297688804e-06,3.848597048716521e-05,32.95901198964732
4887,5996,30.41630549823571,0,0,0,0,0,0,0,1,0,5973.352170448893,1.587399297688804e-06,3.848597048716521e-05,29.39430667823574
4888,5110,21.35567820088915,0,0,0,0,0,0,0,1,0,4129.563226562164,1.587399297688804e-06,3.848597048716521e-05,20.33367938088914
4889,10536,47.55994410590311,0,0,0,0,0,0,0,1,0,95.83169022826884,1.587399297688804e-06,3.848597048716521e-05,46.53794528589233
4890,9627,43.93347734283704,0,0,0,0,0,0,0,1,0,1063.866299510074,1.587399297688804e-06,3.848597048716521e-05,42.91147852283701
4891,4731,21.51092041724923,0,0,0,0,0,0,0,1,0,3588.910640562924,1.587399297688804e-06,3.848597048716521e-05,20.48892159724922
4892,5775,26.80192952820688,0,0,0,0,0,0,0,1,0,880.2213458743748,1.587399297688804e-06,3.848597048716521e-05,25.77993070820686
4893,5118,25.2201838680525,0,0,0,0,0,0,0,1,0,1237.500909013129,1.587399297688804e-06,3.848597048716521e-05,24.19818504798765
4894,11340,52.81298613724937,0,0,0,0,0,0,0,1,0,371.7377275228058,1.587399297688804e-06,3.848597048716521e-05,51.79098731724915
4895,10678,46.8465424739041,0,0,0,0,0,0,0,1,0,810.9277524499198,1.587399297688804e-06,3.848597048716521e-05,45.82454365390395
4896,5534,22.67629290561747,0,0,0,0,0,0,0,1,0,424.1822383777506,1.587399297688804e-06,3.848597048716521e-05,21.65429408561744
4897,1561,7.380919145722832,0,0,0,0,0,0,0,1,0,1149.551074333697,1.587399297688804e-06,3.848597048716521e-05,6.358920325722837
4898,10930,46.79156315299984,0,0,0,0,0,0,0,1,0,2029.170793980213,1.587399297688804e-06,3.848597048716521e-05,45.76956433299976
4899,10584,52.05757501780164,0,0,0,0,0,0,0,1,0,3592.503655064305,1.587399297688804e-06,3.848597048716521e-05,51.03557619780164
4900,3844,19.76050354918165,0,0,0,0,0,0,0,1,0,3732.938003319073,1.587399297688804e-06,3.848597048716521e-05,18.73850472918215
4901,8126,35.83253145437569,0,0,0,0,0,0,0,1,0,100.4050990126404,1.587399297688804e-06,3.848597048716521e-05,34.81053263437561
4902,9770,43.43688542809566,0,0,0,0,0,0,0,1,0,1091.289078855409,1.587399297688804e-06,3.848597048716521e-05,42.41488660809562
4903,9838,52.79296715357493,0,0,0,0,0,0,0,1,0,2199.34546391292,1.587399297688804e-06,3.848597048716521e-05,51.77096833357473
4904,8990,40.47695217755937,0,0,0,0,0,0,0,1,0,979.0032852369662,1.587399297688804e-06,3.848597048716521e-05,39.45495335755933
4905,10768,45.75035014569571,0,0,0,0,0,0,0,1,0,1276.928838143222,1.587399297688804e-06,3.848597048716521e-05,44.72835132569573
4906,7317,33.83423984696514,0,0,0,0,0,0,0,1,0,328.7373439231744,1.587399297688804e-06,3.848597048716521e-05,32.81224102696513
4907,9403,42.81913864509489,0,0,0,0,0,0,0,1,0,1084.385166758836,1.587399297688804e-06,3.848597048716521e-05,41.79713982509477
4908,9349,39.19574318117999,0,0,0,0,0,0,0,1,0,6718.988643136036,1.587399297688804e-06,3.848597048716521e-05,38.17374436117999
4909,10988,53.31050266194481,0,0,0,0,0,0,0,1,0,1331.56851479694,1.587399297688804e-06,3.848597048716521e-05,52.28850384194462
4910,6050,29.06371514873904,0,0,0,0,0,0,0,1,0,608.5364882925289,1.587399297688804e-06,3.848597048716521e-05,28.04171632873906
4911,4003,17.64067311326371,0,0,0,0,0,0,0,1,0,1500.724870868259,1.587399297688804e-06,3.848597048716521e-05,16.61867429326371
4912,10388,48.12178304224103,0,0,0,0,0,0,0,1,0,845.5174048052263,1.587399297688804e-06,3.848597048716521e-05,47.09978422226308
4913,6595,31.15757831140593,0,0,0,0,0,0,0,1,0,1311.459527621457,1.587399297688804e-06,3.848597048716521e-05,30.13557949138303
4914,11173,51.74763473557647,0,0,0,0,0,0,0,1,0,290.4100901518888,1.587399297688804e-06,3.848597048716521e-05,50.72563591519083
4915,6663,34.98996251118854,0,0,0,0,0,0,0,1,0,983.4987911116032,1.587399297688804e-06,3.848597048716521e-05,33.96796369118849
4916,7767,36.03576745810977,0,0,0,0,0,0,0,1,0,1665.069620546082,1.587399297688804e-06,3.848597048716521e-05,35.01376863810968
4917,6380,29.96836687460691,0,0,0,0,0,0,0,1,0,875.3078193412808,1.587399297688804e-06,3.848597048716521e-05,28.94636805460684
4918,9536,41.52146899307079,0,0,0,0,0,0,0,1,0,1627.438154118777,1.587399297688804e-06,3.848597048716521e-05,40.49947017307074
4919,9914,45.25200268331825,0,0,0,0,0,0,0,1,0,665.6310334876293,1.587399297688804e-06,3.848597048716521e-05,44.2300038633182
4920,10016,43.78760800220394,0,0,0,0,0,0,0,1,0,1016.375504490812,1.587399297688804e-06,3.848597048716521e-05,42.76560918220385
4921,10085,48.73034974093644,0,0,0,0,0,0,0,1,0,47.28855312371519,1.587399297688804e-06,3.848597048716521e-05,47.70835092093621
4922,4367,21.68578990856318,0,0,0,0,0,0,0,1,0,5831.355622578762,1.587399297688804e-06,3.848597048716521e-05,20.66379108856313
4923,6999,33.67480367859349,0,0,0,0,0,0,0,1,0,354.284435503283,1.587399297688804e-06,3.848597048716521e-05,32.65280485859342
4924,8327,38.7454690149982,0,0,0,0,0,0,0,1,0,933.536067089826,1.587399297688804e-06,3.848597048716521e-05,37.7234701949982
4925,12306,53.02673265826257,0,0,0,0,0,0,0,1,0,6755.194450361438,1.587399297688804e-06,3.848597048716521e-05,52.0047338382625
4926,2441,13.68681651134258,0,0,0,0,0,0,0,1,0,2186.328672991963,1.587399297688804e-06,3.848597048716521e-05,12.66481769134258
4927,6474,28.36122591614076,0,0,0,0,0,0,0,1,0,1134.332075893522,1.587399297688804e-06,3.848597048716521e-05,27.33922709614071
4928,4226,18.54948353381058,0,0,0,0,0,0,0,1,0,151.4876308448629,1.587399297688804e-06,3.848597048716521e-05,17.52748471381058
4929,11032,52.65498275778374,0,0,0,0,0,0,0,1,0,1196.529196380626,1.587399297688804e-06,3.848597048716521e-05,51.63298393778363
4930,9971,44.19739656314627,0,0,0,0,0,0,0,1,0,190.3052962488956,1.587399297688804e-06,3.848597048716521e-05,43.17539774314621
4931,9318,45.13837013196665,0,0,0,0,0,0,0,1,0,1335.317243851392,1.587399297688804e-06,3.848597048716521e-05,44.11637131196642
4932,6399,33.80244505696896,0,0,0,0,0,0,0,1,0,189.7519270981594,1.587399297688804e-06,3.848597048716521e-05,32.78044623696881
4933,8368,40.03771979056088,0,0,0,0,0,0,0,1,0,34.4684109756769,1.587399297688804e-06,3.848597048716521e-05,39.01572097056078
4934,7275,37.23335401167255,0,0,0,0,0,0,0,1,0,63.56957660234656,1.587399297688804e-06,3.848597048716521e-05,36.21135519170898
4935,4126,19.27659037660393,0,0,0,0,0,0,0,1,0,1385.22791343035,1.587399297688804e-06,3.848597048716521e-05,18.25459155660394
4936,11215,51.33259471319802,0,0,0,0,0,0,0,1,0,1823.682062200999,1.587399297688804e-06,3.848597048716521e-05,50.31059589319786
4937,9125,43.10806889756905,0,0,0,0,0,0,0,1,0,1374.553691894036,1.587399297688804e-06,3.848597048716521e-05,42.08607007756904
4938,9620,47.33929508802604,0,0,0,0,0,0,0,1,0,1027.18043237911,1.587399297688804e-06,3.848597048716521e-05,46.31729626802584
4939,10503,50.43752676042183,0,0,0,0,0,0,0,1,0,2712.8282401558,1.587399297688804e-06,3.848597048716521e-05,49.41552794042185
4940,9230,42.13730152733057,0,0,0,0,0,0,0,1,0,3376.306062064642,1.587399297688804e-06,3.848597048716521e-05,41.11530270733053
4941,9331,39.1801430752219,0,0,0,0,0,0,0,1,0,1719.928990275269,1.587399297688804e-06,3.848597048716521e-05,38.15814425522192
4942,10245,46.52773775914792,0,0,0,0,0,0,0,1,0,767.2391428041198,1.587399297688804e-06,3.848597048716521e-05,45.5057389391478
4943,11249,48.94854412838004,0,0,0,0,0,0,0,1,0,909.495785529595,1.587399297688804e-06,3.848597048716521e-05,47.92654530837996
4944,6648,29.11522474755738,0,0,0,0,0,0,0,1,0,430.1389239438852,1.587399297688804e-06,3.848597048716521e-05,28.09322592755741
4945,6574,28.52603708761623,0,0,0,0,0,0,0,1,0,1998.082196699655,1.587399297688804e-06,3.848597048716521e-05,27.50403826761623
4946,4972,20.11057312559536,0,0,0,0,0,0,0,1,0,2244.743744958223,1.587399297688804e-06,3.848597048716521e-05,19.08857430559533
4947,6090,25.34813331537526,0,0,0,0,0,0,0,1,0,1989.014307997131,1.587399297688804e-06,3.848597048716521e-05,24.32613449537531
4948,9215,43.04921754194636,0,0,0,0,0,0,0,1,0,702.2277683685612,1.587399297688804e-06,3.848597048716521e-05,42.02721872194616
4949,8828,39.668654893237,0,0,0,0,0,0,0,1,0,3078.265851435262,1.587399297688804e-06,3.848597048716521e-05,38.6466560732369
4950,9871,44.67113873953641,0,0,0,0,0,0,0,1,0,606.9521968190373,1.587399297688804e-06,3.848597048716521e-05,43.64913991953641
4951,4002,17.56965517483861,0,0,0,0,0,0,0,1,0,3956.774496854994,1.587399297688804e-06,3.848597048716521e-05,16.54765635483859
4952,6176,30.89839058119614,0,0,0,0,0,0,0,1,0,2322.448006288241,1.587399297688804e-06,3.848597048716521e-05,29.87639176119609
4953,9312,40.30669068599887,0,0,0,0,0,0,0,1,0,6.176789276797115,1.587399297688804e-06,3.848597048716521e-05,39.28469186599879
4954,10634,49.55067226444831,0,0,0,0,0,0,0,1,0,827.1122305368748,1.587399297688804e-06,3.848597048716521e-05,48.52867344444812
4955,8524,39.34566885018423,0,0,0,0,0,0,0,1,0,921.2697009689882,1.587399297688804e-06,3.848597048716521e-05,38.32367003244748
4956,11559,52.34129895125528,0,0,0,0,0,0,0,1,0,1780.618666508797,1.587399297688804e-06,3.848597048716521e-05,51.3193001312552
4957,2216,9.982046920746466,0,0,0,0,0,0,0,1,0,632.0632193281408,1.587399297688804e-06,3.848597048716521e-05,8.960048100746452
4958,4405,19.74410529929552,0,0,0,0,0,0,0,1,0,74.22752407692379,1.587399297688804e-06,3.848597048716521e-05,18.7221064792955
4959,9426,44.95956587916763,0,0,0,0,0,0,0,1,0,1340.683818301315,1.587399297688804e-06,3.848597048716521e-05,43.93756705916747
4960,3781,17.16729353322914,0,0,0,0,0,0,0,1,0,1174.989183615806,1.587399297688804e-06,3.848597048716521e-05,16.1452947132291
4961,4930,23.43933098183203,0,0,0,0,0,0,0,1,0,2207.215141811322,1.587399297688804e-06,3.848597048716521e-05,22.417332161832
4962,10975,51.55963052186608,0,0,0,0,0,0,0,1,0,755.5187818744273,1.587399297688804e-06,3.848597048716521e-05,50.537631701866
4963,5109,24.08908697157374,0,0,0,0,0,0,0,1,0,901.4312136119071,1.587399297688804e-06,3.848597048716521e-05,23.06708815157372
4964,10994,47.02217492473312,0,0,0,0,0,0,0,1,0,5698.367007678418,1.587399297688804e-06,3.848597048716521e-05,46.00017610473309
4965,9859,49.26370574781204,0,0,0,0,0,0,0,1,0,1739.099299493897,1.587399297688804e-06,3.848597048716521e-05,48.2417069278119
4966,6796,31.69581397198294,0,0,0,0,0,0,0,1,0,611.3030026349282,1.587399297688804e-06,3.848597048716521e-05,30.67381515198293
4967,6123,29.29976723416714,0,0,0,0,0,0,0,1,0,9273.816176537945,1.587399297688804e-06,3.848597048716521e-05,28.27776841412672
4968,9970,44.24844175736267,0,0,0,0,0,0,0,1,0,702.1826654395255,1.587399297688804e-06,3.848597048716521e-05,43.22644293737805
4969,7668,36.96180203767319,0,0,0,0,0,0,0,1,0,3139.865496930449,1.587399297688804e-06,3.848597048716521e-05,35.93980321767303
4970,9570,45.4032191612384,0,0,0,0,0,0,0,1,0,2001.530997713992,1.587399297688804e-06,3.848597048716521e-05,44.38122034123838
4971,6249,27.09770290773366,0,0,0,0,0,0,0,1,0,2119.004489502508,1.587399297688804e-06,3.848597048716521e-05,26.07570408773368
4972,11365,51.50721816478345,0,0,0,0,0,0,0,1,0,1384.472160200324,1.587399297688804e-06,3.848597048716521e-05,50.48521934475216
4973,8247,38.43184090690436,0,0,0,0,0,0,0,1,0,436.0996770039013,1.587399297688804e-06,3.848597048716521e-05,37.40984208690431
4974,7144,35.38132157299247,0,0,0,0,0,0,0,1,0,3216.556838462799,1.587399297688804e-06,3.848597048716521e-05,34.35932275299243
4975,10247,48.99862610021617,0,0,0,0,0,0,0,1,0,3652.500811354479,1.587399297688804e-06,3.848597048716521e-05,47.9766272802401
4976,12776,52.86124438857751,0,0,0,0,0,0,0,1,0,158.9514385318327,1.587399297688804e-06,3.848597048716521e-05,51.8392455685774
4977,10466,49.83153275509537,0,0,0,0,0,0,0,1,0,1741.481531694247,1.587399297688804e-06,3.848597048716521e-05,48.80953393509526
4978,4794,22.78250018139581,0,0,0,0,0,0,0,1,0,193.7308224493394,1.587399297688804e-06,3.848597048716521e-05,21.76050136139579
4979,11071,50.68657647086116,0,0,0,0,0,0,0,1,0,795.9396682110469,1.587399297688804e-06,3.848597048716521e-05,49.66457765157435
4980,6941,32.80033114016931,0,0,0,0,0,0,0,1,0,3095.542520462974,1.587399297688804e-06,3.848597048716521e-05,31.77833232016929
4981,8809,39.2329938931317,0,0,0,0,0,0,0,1,0,3243.42578773713,1.587399297688804e-06,3.848597048716521e-05,38.21099507313166
4982,7607,35.4402695124201,0,0,0,0,0,0,0,1,0,1006.433138508928,1.587399297688804e-06,3.848597048716521e-05,34.41827069242004
4983,8101,36.17159270884927,0,0,0,0,0,0,0,1,0,1729.205288696858,1.587399297688804e-06,3.848597048716521e-05,35.14959388884924
4984,7457,33.61064069644618,0,0,0,0,0,0,0,1,0,877.0941769488393,1.587399297688804e-06,3.848597048716521e-05,32.58864187644609
4985,9670,45.22307775712568,0,0,0,0,0,0,0,1,0,271.1147818233168,1.587399297688804e-06,3.848597048716521e-05,44.20107893710783
4986,7300,33.02423404123989,0,0,0,0,0,0,0,1,0,942.0316191245887,1.587399297688804e-06,3.848597048716521e-05,32.00223522123984
4987,9769,44.59728292598608,0,0,0,0,0,0,0,1,0,6255.374544837965,1.587399297688804e-06,3.848597048716521e-05,43.57528410598596
4988,2632,14.05550349493909,0,0,0,0,0,0,0,1,0,687.1951845882198,1.587399297688804e-06,3.848597048716521e-05,13.03350467493909
4989,7573,35.23992700610054,0,0,0,0,0,0,0,1,0,2200.529043763618,1.587399297688804e-06,3.848597048716521e-05,34.21792818622677
4990,6241,29.98941715672618,0,0,0,0,0,0,0,1,0,2863.937794343613,1.587399297688804e-06,3.848597048716521e-05,28.96741833672622
4991,4011,18.10084129138091,0,0,0,0,0,0,0,1,0,556.9067668755922,1.587399297688804e-06,3.848597048716521e-05,17.0788424713809
4992,8072,37.66926641056435,0,0,0,0,0,0,0,1,0,2245.854733365531,1.587399297688804e-06,3.848597048716521e-05,36.64726759056426
4993,3309,15.75387172363497,0,0,0,0,0,0,0,1,0,91.86146898726753,1.587399297688804e-06,3.848597048716521e-05,14.73187290363494
4994,7313,33.73392356721988,0,0,0,0,0,0,0,1,0,413.5990302709726,1.587399297688804e-06,3.848597048716521e-05,32.71192474721974
4995,11666,52.6913868237481,0,0,0,0,0,0,0,1,0,1489.079007950872,1.587399297688804e-06,3.848597048716521e-05,51.66938800374795
4996,7376,34.41202462493709,0,0,0,0,0,0,0,1,0,134.0920160937256,1.587399297688804e-06,3.848597048716521e-05,33.39002580493705
4997,2519,12.71015767296737,0,0,0,0,0,0,0,1,0,1195.377831677946,1.587399297688804e-06,3.848597048716521e-05,11.68815885296736
4998,4819,20.86975715752646,0,0,0,0,0,0,0,1,0,786.957374554457,1.587399297688804e-06,3.848597048716521e-05,19.84775833752642
4999,6939,32.65977618266241,0,0,0,0,0,0,0,1,0,807.0922135276244,1.587399297688804e-06,3.848597048716521e-05,31.63777736266235
