event,photons,edep_MeV,gamma_nuclear,electron_nuclear,muon_nuclear,neutrons,protons,charged_pions,secondary_muons,primary_decay_e,primary_nuclear,primary_death_ns,primary_range_mm,primary_stop_ns,primary_decay_e_ke_MeV
0,448548,2020.990720039131,0,0,0,0,0,0,0,1,0,134.1590951636396,9593.449585462311,32.85005141124346,19.96872221916122
1,457354,2050.481442115826,0,0,0,0,0,0,0,1,0,949.5767962577714,9003.956883559313,30.88213949652451,49.45944429581705
2,454018,2047.483912580258,0,0,0,0,0,0,0,1,0,902.1472474770687,9614.987832570287,32.9250856242383,46.4619147602593
3,452272,2028.462231530036,0,0,0,0,0,0,0,1,0,1750.555363169429,9667.523786154243,33.08841681913536,27.44023371003765
4,448204,2041.38555832372,0,0,0,0,0,0,0,1,0,312.6669879199864,8595.777368465482,29.51695724776197,40.36356050360521
5,445323,2025.310888818133,0,0,0,0,0,0,0,1,0,3056.538062389855,9132.340473604138,31.29956902933423,24.28889099814682
6,453442,2032.59872338555,0,0,0,0,0,0,0,1,0,1214.244955485003,9669.532888589216,33.09831826321727,31.57672556555486
7,448864,2031.256591493824,0,0,0,0,0,0,0,1,0,3502.824571598636,9547.067522668929,32.7094597592088,30.23459367382548
8,450677,2016.977294121524,0,0,0,0,0,0,0,1,0,3301.388565173105,9439.398470023834,32.32001145708109,15.95529630150963
9,448606,2017.545543638078,0,0,0,0,0,0,0,1,0,1511.766202234518,9331.866504162923,31.98704376080099,16.52354581809166
10,451985,2036.047946977955,0,0,0,0,0,0,0,1,0,1511.713902677506,9339.868288458878,32.00611449958586,35.02594915798142
11,451470,2018.842963870553,0,0,0,0,0,0,0,1,0,1526.5249729396,9534.324598931473,32.66492234281768,17.8209660505585
12,451358,2044.950009285394,0,0,0,0,0,0,0,1,0,3023.199334729018,9403.356968889815,32.2150350542617,43.92801146538836
13,448704,2020.899669597036,0,0,0,0,0,0,0,1,0,718.1580504863762,9459.135526319315,32.41492943867173,19.87767177702114
14,456976,2046.022476963711,0,0,0,0,0,0,0,1,0,3787.224279385187,9918.121376133331,33.9450112395149,45.00047914370707
15,451496,2032.715198219109,0,0,0,0,0,0,0,1,0,3447.104734350085,9294.341051340405,31.82458260999781,31.69320039911726
16,448803,2043.622892610272,0,0,0,0,0,0,0,1,0,9524.572645311242,9173.843572463462,31.44296921869923,42.6008947900581
17,454297,2051.149897076938,0,0,0,0,0,0,0,1,0,6071.776876433359,9547.801710313819,32.70174900210007,50.12789925694069
18,452896,2036.436329343062,0,0,0,0,0,0,0,1,0,501.4644068657417,9456.742126228259,32.3795126087208,35.41433152306263
19,453643,2036.760558038303,0,0,0,0,0,0,0,1,0,5037.084889203228,9555.876507375175,32.73740639454796,35.73856021827913
20,450571,2044.45467499398,0,0,0,0,0,0,0,1,0,1840.231564479805,9406.695895147872,32.21573013010005,43.43267717405239
21,451883,2042.251393911033,0,0,0,0,0,0,0,1,0,2339.25860650906,9235.655706151245,31.6739206272573,41.22939609103093
22,452376,2052.351794431494,0,0,0,0,0,0,0,1,0,1311.778801563782,9683.769931276513,33.14456076582751,51.32979661150205
23,453546,2043.225306920562,0,0,0,0,0,0,0,1,0,588.8763003977472,9406.643957783495,32.22176700026025,42.20330910057061
24,452257,2034.640999828157,0,0,0,0,0,0,0,1,0,41.87162052485156,9378.283016712216,32.11228553949812,33.61900200816422
25,452936,2033.001167220079,0,0,0,0,0,0,0,1,0,868.4293646210398,9327.408485778089,31.97387841211026,31.97916940008142
26,451313,2041.621422121791,0,0,0,0,0,0,0,1,0,105.3198402456201,9044.651649830923,30.99303033724194,40.59942430179839
27,451024,2043.334378533849,0,0,0,0,0,0,0,1,0,2377.467794357279,9211.66846717885,31.56039229457654,42.31238071387575
28,456098,2046.656397797909,0,0,0,0,0,0,0,1,0,116.5401457035962,9537.543410995266,32.65484504309226,45.63439997789727
29,449855,2030.431685360373,0,0,0,0,0,0,0,1,0,1424.249351009038,9854.365723451723,33.72094857428838,29.40968754037417
30,454714,2035.106242373644,0,0,0,0,0,0,0,1,0,4811.303911037846,9418.088801515152,32.27075099358088,34.0842445537947
31,447794,2019.798435974779,0,0,0,0,0,0,0,1,0,836.3195259621026,9409.467498269378,32.21749197705559,18.77643815478376
32,453807,2043.356416037742,0,0,0,0,0,0,0,1,0,2472.829355574413,9421.195215320146,32.2918571204434,42.33441820853799
33,448705,2026.460485100445,0,0,0,0,0,0,0,1,0,1938.88202545037,9348.889801217416,32.03910440125385,25.43848728043436
34,450147,2047.569944089122,0,0,0,0,0,0,0,1,0,934.3233550493131,9047.979697666566,31.02928155783053,46.5479462691192
35,452082,2024.356325968192,0,0,0,0,0,0,0,1,0,408.600238834063,9842.751316550453,33.695266878712,23.33432814820561
36,450515,2039.574516216675,0,0,0,0,0,0,0,1,0,200.9083129668362,9269.436219611838,31.76246317392464,38.55251839667338
37,451574,2048.280778152156,0,0,0,0,0,0,0,1,0,628.5079240301507,9510.110473032672,32.5687489483886,47.25878033215979
38,456553,2048.830890375828,0,0,0,0,0,0,0,1,0,1081.913775692462,9340.349846457571,31.99875910974791,47.80889255583931
39,453083,2040.91297164865,0,0,0,0,0,0,0,1,0,838.76123918465,9424.442898346038,32.29635883559906,39.89097382864092
40,444268,2036.033026447087,0,0,0,0,0,0,0,1,0,621.051582595292,8587.42080056224,29.49272761821489,35.01102862708013
41,449017,2039.402100063014,0,0,0,0,0,0,0,1,0,1623.398612605666,9347.474717948655,32.02386527729016,38.38010224301306
42,442706,2000.000000000025,0,0,0,0,0,0,0,0,0,10101.04622052698,9281.044583292618,31.80714826451082,-1
43,452923,2040.906413930045,0,0,0,0,0,0,0,1,0,162.1988467891118,9206.709640578241,31.53394039844386,39.8844161100299
44,447570,2033.740899306499,0,0,0,0,0,0,0,1,0,251.6289710401921,8824.143555726232,30.26987784083669,32.71890148485412
45,447721,2044.463000520419,0,0,0,0,0,0,0,1,0,1661.06960929327,9061.907004889903,31.0886353443349,43.44100270052693
46,450119,2033.198229496125,0,0,0,0,0,0,0,1,0,4887.195951287776,9349.575493373633,32.03441254263136,32.17623167610364
47,448691,2040.568741053149,0,0,0,0,0,0,0,1,0,3271.944419344967,8953.051772733786,30.69985328987027,39.54674323314259
48,453390,2035.549908678342,0,0,0,0,0,0,0,1,0,1073.744074124578,9731.274868887807,33.32916631480095,34.52791085835683
49,452342,2028.212793228805,0,0,0,0,0,0,0,1,0,794.8848513350747,9445.536633443908,32.36788731853959,27.19079540879215
50,453139,2038.643061832387,0,0,0,0,0,0,0,1,0,1525.846633751603,9200.721217726514,31.53685698567348,37.62106401256054
51,449819,2030.99617157666,0,0,0,0,0,0,0,1,0,2705.761657736903,8897.56805397817,30.53042620527017,29.97417375664843
52,450850,2014.94706156034,0,0,0,0,0,0,0,1,0,747.008124299,9897.7851442879,33.87715090889726,13.9250637403386
53,453824,2044.88210869054,0,0,0,0,0,0,0,1,0,285.1613780694244,9317.945506466276,31.92638178861872,43.8601108705297
54,451528,2051.609304251501,0,0,0,0,0,0,0,1,0,4407.93151838528,9240.590305358559,31.68101746543102,50.5873064315067
55,453946,2033.829649986792,0,0,0,0,0,0,0,1,0,1712.571392841594,9649.592486142417,33.05270574613859,32.80765216676426
56,448040,2033.737270186082,0,0,0,0,0,0,0,1,0,1283.849160881,8988.132203474554,30.8331838011113,32.71527236609721
57,455783,2052.347733518074,0,0,0,0,0,0,0,1,0,502.0897549411487,9423.998644752988,32.27694688126317,51.32573569794461
58,456967,2051.577838090936,0,0,0,0,0,0,0,1,0,5941.888775876821,9627.270703360482,32.98009324859064,50.555840270922
59,455186,2051.20290694437,0,0,0,0,0,0,0,1,0,123.6129020036257,9185.396532817593,31.48487039875658,50.18090912416471
60,453899,2048.621966500428,0,0,0,0,0,0,0,1,0,897.0495577762281,9529.269069328941,32.62273088475485,47.5999686804215
61,450926,2049.393675834661,0,0,0,0,0,0,0,1,0,8571.646764861644,9116.069587843662,31.26661241598127,48.37167801464396
62,450298,2032.511646352453,0,0,0,0,0,0,0,1,0,2695.766744805256,9055.809352472863,31.06250079867356,31.48964853248714
63,457516,2050.940377403288,0,0,0,0,0,0,0,1,0,6586.793323213303,9653.575606262819,33.07069997245573,49.91837958329825
64,447631,2036.710001553169,0,0,0,0,0,0,0,1,0,4005.179789522915,8659.234034964133,29.71850363544474,35.68800373387736
65,450654,2044.473859112321,0,0,0,0,0,0,0,1,0,1924.99565523086,9443.606094804671,32.33968911828642,43.45186129233272
66,454911,2052.552932888696,0,0,0,0,0,0,0,1,0,1047.761491907064,9006.20510540915,30.88715517827602,51.53093506868912
67,440012,2018.301668868672,0,0,0,0,0,0,0,1,0,4737.30702126166,8761.350144238413,30.08765401011057,17.27967104868963
68,451802,2026.591959425564,0,0,0,0,0,0,0,1,0,3340.301677677102,9443.361829901236,32.35005465120854,25.56996160556011
69,453057,2024.567201246992,0,0,0,0,0,0,0,1,0,1000.415320768214,9754.237830990471,33.40563688330089,23.54520342696928
70,451354,2013.606015764271,0,0,0,0,0,0,0,1,0,7403.904606488277,9625.157155552426,32.94894255895034,12.58401794427722
71,451087,2044.624262118333,0,0,0,0,0,0,0,1,0,2865.640637020929,9055.93173817702,31.03953914016667,43.60226429810266
72,453580,2033.106379913013,0,0,0,0,0,0,0,1,0,2543.292435286223,9275.03870639434,31.76012003828583,32.08438209308367
73,456778,2051.691082761679,0,0,0,0,0,0,0,1,0,1847.256475369044,9750.437465570225,33.38535445761543,50.66908494169183
74,457549,2052.085526634852,0,0,0,0,0,0,0,1,0,1923.436353135417,9934.664999376744,34.02385783650245,51.06352881485843
75,447566,2017.384352135937,1,0,0,0,1,0,0,1,0,1085.360600859409,9055.037712370226,31.02706821781038,28.4892101114883
76,451341,2027.817962776843,0,0,0,0,0,0,0,1,0,8544.369236482433,9188.85406857968,31.48936727278351,26.79596495684115
77,452994,2048.91492036497,0,0,0,0,0,0,0,1,0,2062.571910418849,9329.289360063625,31.97230391791313,47.89292254498259
78,452885,2043.857730700601,0,0,0,0,0,0,0,1,0,258.6001817510364,9343.042701884213,32.02193453000464,42.83573288057545
79,453286,2047.573384711326,0,0,0,0,0,0,0,1,0,924.1006569393022,9219.653056902409,31.62716777711013,46.55138689132003
80,455313,2039.062456918814,0,0,0,0,0,0,0,1,0,2059.540808617786,9340.505262637651,31.99447955559517,38.04045909882716
81,448894,2033.137157252244,0,0,0,0,0,0,0,1,0,3766.819056931829,8973.327821557001,30.78767902632497,32.11515943268454
82,454145,2052.487638725687,0,0,0,0,0,0,0,1,0,1367.729456826631,9066.076909262818,31.07360083996358,51.46564090569731
83,448304,2040.713621384435,0,0,0,0,0,0,0,1,0,3256.465447251535,9183.082852250067,31.47567445938164,39.69162356445013
84,455889,2050.556259904877,0,0,0,0,0,0,0,1,0,3735.900378875501,9209.320285450738,31.54485248982082,49.53426208491182
85,451994,2050.120755965949,0,0,0,0,0,0,0,1,0,187.5600649476982,9573.547956905253,32.77837901224154,49.09875814594831
86,449949,2034.364699220116,0,0,0,0,0,0,0,1,0,4320.367246720126,9060.684834568237,31.06864978908399,33.34270140007941
87,453133,2039.756617756613,0,0,0,0,1,0,0,1,0,1341.023739187906,9587.822231011618,32.83344827550135,38.73461993659919
88,441790,2020.516001538873,0,0,0,0,0,0,0,1,0,2704.64101111415,8455.321158082188,29.0174845292735,19.49400371875085
89,457148,2037.555192526786,0,0,0,0,0,0,0,1,0,225.4581979227371,9780.805788658541,33.48282192370152,36.53319470677761
90,448362,2041.981427859534,0,0,0,0,0,0,0,1,0,310.7840284206561,9196.659152680977,31.54795632893682,40.95943003952875
91,455553,2037.817907332753,0,0,0,0,0,0,0,1,0,8065.797252334353,9357.286508434729,32.04318220028767,36.79590951276219
92,452595,2045.09026662029,0,0,0,0,0,0,0,1,0,2132.830182714733,9313.825895468006,31.90221777301242,44.06826880029769
93,453307,2035.394339668708,0,0,0,0,0,0,0,1,0,1948.043755192753,9632.762280717152,32.97664300761832,34.37234184870569
94,450773,2032.168747851852,0,0,0,0,0,0,0,1,0,904.5564630390667,9315.362037284278,31.89733021407239,31.14675003185327
95,453910,2046.799840273822,0,0,0,0,0,0,0,1,0,2534.30542697936,9233.363645482059,31.65430325160886,45.77784245382733
96,456876,2041.140087944342,0,0,0,0,0,0,0,1,0,892.7539271867815,9484.271868171238,32.50135079613749,40.11809012432088
97,453673,2053.316696564375,0,0,0,0,0,0,0,1,0,623.2412777362936,9282.54086995843,31.80310231419065,52.29469874436228
98,450693,2047.272199754864,0,0,0,0,0,0,0,1,0,1426.845813647391,9428.45590595286,32.27412691498375,46.25020193486176
99,452850,2038.615475994581,0,0,0,0,0,0,0,1,0,1451.139551187163,9129.143409529997,31.28100695144121,37.59347817457839
100,449465,2030.300046025672,0,0,0,0,0,0,0,1,0,541.9138156637471,9615.634771082227,32.94347686105388,29.2780482056739
101,453273,2043.965157357368,0,0,0,0,0,0,0,1,0,193.2001089215227,9182.598893904727,31.49201895988599,42.9431595373534
102,458063,2053.265310277366,0,0,0,0,0,0,0,1,0,94.69533333951716,9543.412539369394,32.69424984432691,52.24331245736307
103,451739,2043.222493477375,0,0,0,0,0,0,0,1,0,65.03306244984113,9284.793710681026,31.82308284099389,42.20049565736512
104,452470,2041.260646895174,0,0,0,0,0,0,0,1,0,1205.891636938729,9022.662758857277,30.93470079326939,40.23864907518412
105,453436,2051.340139576826,0,0,0,0,0,0,0,1,0,559.4835256408841,9089.781816362229,31.17020536723567,50.31814175689999
106,451567,2049.68216108058,0,0,0,0,0,0,0,1,0,551.2243729007064,9340.229647853721,32.0142108691519,48.66016326058527
107,451011,2037.54524290465,0,0,0,0,0,0,0,1,0,1269.881473447417,9115.373786498447,31.24809682584131,36.52324508462269
108,451879,2045.475709010057,0,0,0,0,0,0,0,1,0,2762.056177011284,9148.694444594759,31.35349851396159,44.45371119008439
109,451939,2044.853582291593,0,0,0,0,0,0,0,1,0,2036.717474235893,9642.888019997301,32.99671323686358,43.83158447158195
110,443433,2008.054136209936,0,0,0,0,0,0,0,1,0,9361.059186632934,9236.227051214366,31.63712047371426,7.032138389942699
111,450781,2015.970175764622,0,0,0,0,0,0,0,1,0,419.6204961950831,9538.950859226441,32.68012906391156,14.94817794461589
112,447836,2036.523956223837,0,0,0,0,0,0,0,1,0,3180.036966683836,9018.906143688153,30.94317326482224,35.46956097782947
113,448795,2040.400066359238,0,0,0,0,0,0,0,1,0,2614.066367906201,9002.852340989321,30.85543926614755,39.3780685392309
114,457641,2050.421656690969,0,0,0,0,0,0,0,1,0,1529.711808673924,9224.372469197802,31.59480224080744,49.39965887095998
115,452700,2046.430728668515,0,0,0,0,0,0,0,1,0,1036.759080777132,9666.505951465735,33.08468556778729,45.40873084853908
116,450863,2025.264557229807,0,0,0,0,0,0,0,1,0,1044.270321242172,9698.680620901952,33.22500190531143,24.24255940980517
117,454087,2043.971832879935,0,0,0,0,0,0,0,1,0,926.8834629221864,9406.694608188825,32.25758454763215,42.9498350599489
118,449610,2029.417200442882,0,0,0,0,0,0,0,1,0,6872.05846598142,9034.477566004072,30.97629746881017,28.39520262288156
119,445960,2008.985404032178,0,0,0,0,0,0,0,1,0,2394.107424678161,9113.757424233847,31.25595004447844,7.963406212175559
120,447822,2026.733954931596,0,0,0,0,0,0,0,1,0,1441.666284161683,9339.791066260877,31.99276249699226,25.71195711157427
121,454748,2030.766219879046,0,0,0,0,0,0,0,1,0,2651.373544859517,9728.833792221141,33.31620166647146,29.74422205904252
122,453370,2036.103136565653,0,0,0,0,0,0,0,1,0,656.7022263630549,9315.34888507548,31.92541822016453,35.08113874565621
123,451004,2037.605713235689,0,0,0,0,0,0,0,1,0,1529.096793598829,9329.263196818016,31.96303350332083,36.58371541550173
124,452405,2034.956527279484,0,0,0,0,0,0,0,1,0,3552.105814405355,9604.545319374987,32.87439583932056,33.93452945946525
125,449389,2033.094777519626,0,0,0,0,0,0,0,1,0,3034.631506502909,9353.906416719463,32.05607074856706,32.0727796996328
126,457577,2037.937887930288,0,0,0,0,0,0,0,1,0,537.4541427608506,9863.677297379665,33.75500490201826,36.91589011030507
127,457930,2039.82306720973,0,0,0,0,0,0,0,1,0,819.5178212883612,9625.98664305377,32.96754485647195,38.80106938973028
128,453953,2051.880293369937,0,0,0,0,0,0,0,1,0,1623.899553697732,9180.931090811833,31.48187428548087,50.85829554994388
129,452229,2030.117395424234,0,0,0,0,0,0,0,1,0,2902.209324789362,9937.703992003879,34.02001983922204,29.09539760423772
130,448756,2037.37472267921,0,0,0,0,0,0,0,1,0,3263.723852281581,7972.29486999989,27.41890334766602,36.35272485938553
131,451415,2043.450229025025,0,0,0,0,0,0,0,1,0,307.8979662631901,9081.450482795484,31.13917134908086,42.42823120503878
132,445081,2017.231649534752,0,0,0,0,0,0,0,1,0,3983.511643850158,9103.889347998525,31.19324741160786,16.20965171475667
133,457012,2049.593445046146,0,0,0,0,0,0,0,1,0,4266.683537938185,9252.934443064738,31.70305904913653,48.57144722614223
134,450180,2029.558572490907,0,0,0,0,0,0,0,1,0,938.4246681109825,9491.435977851037,32.51479399703739,28.53657467090607
135,450738,2032.053282750988,0,0,0,0,0,0,0,1,0,69.34056881827384,9542.516845665599,32.68480384099359,31.0312849309778
136,457340,2050.05069749038,0,0,0,0,0,0,0,1,0,49.98043250698061,9595.346453910715,32.86399420674967,49.02869967037174
137,449095,2023.120247050517,0,0,0,0,0,0,0,1,0,892.6240548369065,9256.29368082508,31.72204742454149,22.09824923052365
138,457158,2052.036004381452,0,0,0,0,0,0,0,1,0,325.4644387886875,9202.301216819282,31.54910933779007,51.01400656181608
139,442650,1999.999999999998,0,0,0,0,0,0,0,0,0,12614.21757782574,9228.779538996814,31.63891938490287,-1
140,454675,2047.947547095966,0,0,0,0,0,0,0,1,0,1879.577292772913,9085.785971656309,31.14835561253475,46.92554927599403
141,453383,2035.095904307091,0,0,0,0,0,0,0,1,0,3694.195649326697,9473.621196449467,32.44334810823652,34.07390648709011
142,445270,2027.000105398429,0,0,0,0,0,0,0,1,0,2084.14396572648,9133.160596825308,31.31621113109255,25.97810757843913
143,447668,2029.331473724608,0,0,0,0,0,0,0,1,0,1380.363842174515,9398.004542772302,32.19522276728436,28.30947590458439
144,451753,2043.492169476163,0,0,0,0,0,0,0,1,0,1393.877013023486,9606.353160212557,32.91069950995465,42.47017165615632
145,451759,2040.783432966139,0,0,0,0,0,0,0,1,0,1382.321196356791,9277.862201964881,31.79149199510729,39.76143514613161
146,454094,2033.815576466587,0,0,0,0,0,0,0,1,0,742.0512890146533,9111.945415576984,31.26655256557299,32.79357864657742
147,454318,2046.500180270771,0,0,0,0,0,0,0,1,0,3210.842845672174,9438.942576121084,32.35418296301013,45.47818245078959
148,453130,2038.0549280742,0,0,0,0,0,0,0,1,0,2872.592477003447,9413.924847149488,32.26252868082476,37.03293025420622
149,329806,1395.015041657535,0,0,0,0,0,0,0,1,0,20.07936313152778,5994.574110018582,-1,4.953886403803721
150,452991,2043.889285210891,0,0,0,0,0,0,0,1,0,1910.612976506869,9110.823330678764,31.23472686950327,42.86728739089912
151,443678,2034.12962549775,0,0,0,0,0,0,0,1,0,7548.583446512149,7830.34754001128,26.95819986215792,33.10762767790227
152,455794,2052.858069606351,0,0,0,0,0,0,0,1,0,855.4312319491016,9360.149889057955,32.06649833184346,51.8360717863557
153,446869,2023.490141957486,0,0,0,0,0,0,0,1,0,3829.026451041319,9247.752442304198,31.70730491041856,22.46814413748065
154,447095,2044.256114048377,0,0,0,0,0,0,0,1,0,4280.016757763136,8850.700699663026,30.39287423450836,43.23411622836699
155,447117,2040.894355874226,0,0,0,0,0,0,0,1,0,785.1908141102107,8942.075560119201,30.66039964087768,39.87235805421069
156,454679,2040.974370196387,0,0,0,0,0,0,0,1,0,340.0526846552119,9619.776563619273,32.95565752746302,39.95237237640897
157,460000,2050.613341978532,0,0,0,0,0,0,0,1,0,9336.048269480454,9633.317957566354,32.96742333815522,49.59134415939003
158,450264,2044.446404946644,0,0,0,0,0,0,0,1,0,2759.863545874141,9466.289996068232,32.41110329585187,43.42440712660509
159,454851,2041.231598688044,0,0,0,0,0,0,0,1,0,4900.474220465757,9568.733347704874,32.76166890974754,40.20960086805219
160,453949,2041.60732779532,0,0,0,0,0,0,0,1,0,4310.209178810171,9015.633906723266,30.93016168351418,40.58532997525476
161,448963,2011.404237371585,0,0,0,0,0,0,0,1,0,1310.846985442775,9658.419077951106,33.06676151908389,10.38223955157502
162,454165,2040.074479696125,0,0,0,0,0,0,0,1,0,2243.790244101543,9474.612195612286,32.4505800140648,39.05248187610488
163,453467,2052.152736553804,0,0,0,0,0,0,0,1,0,1063.609355150659,8901.89121667021,30.53438202163319,51.1307387338114
164,451038,2040.514951111722,0,0,0,0,0,0,0,1,0,201.5414341143019,9539.457675108553,32.68753157353134,39.49295329171783
165,448076,2015.254227488518,0,0,0,0,0,0,0,1,0,781.7941263783983,9670.484565503595,33.09978183784497,14.23222966850628
166,451460,2033.774728137148,0,0,0,0,0,0,0,1,0,1748.194776424269,9446.767959301249,32.35132184280793,32.75273031716329
167,453238,2046.794257470953,0,0,0,0,0,0,0,1,0,4318.932033651348,9373.719656676225,32.11915159615364,45.77225965095596
168,455734,2041.291982576041,0,0,0,0,0,0,0,1,0,768.9920738098664,9861.841497475789,33.76296832532265,40.26998475606342
169,454759,2045.375584010582,0,0,0,0,0,0,0,1,0,299.7639526875321,9331.068082799824,31.97267936580229,44.3535861905789
170,451027,2050.129219144776,0,0,0,0,0,0,0,1,0,776.8916327280506,9324.196939194182,31.95352375888435,49.10722132475053
171,452220,2050.6655322379,0,0,0,0,0,0,0,1,0,2863.870818450643,9008.018453817935,30.86253270727743,49.64353441901078
172,453647,2017.790838491321,0,0,0,0,0,0,0,1,0,1459.435590176493,9934.753404158926,33.99845800452571,16.76884067129432
173,446887,2015.887882682176,0,0,0,0,0,0,0,1,0,5256.229536871448,9316.72016690445,31.91121119676458,14.86588486217125
174,453903,2044.046107753349,0,0,0,0,0,0,0,1,0,4803.235415962543,9426.858215010428,32.29442357211794,43.02410993334441
175,446723,2020.730568510945,0,0,0,0,0,0,0,1,0,1977.206937306763,9142.241176358619,31.35859337432197,19.70857069101366
176,451059,2045.249476316249,0,0,0,0,0,0,0,1,0,152.2691288839497,9045.681912626393,31.02283542222067,44.22747849624615
177,450514,2031.349984309332,0,0,0,0,0,0,0,1,0,636.3471267781993,9164.248950797077,31.42507595240909,30.32798648909532
178,454045,2048.620570333331,0,0,0,0,0,0,0,1,0,5039.944159755126,9500.35562503929,32.54206207423611,47.59857251332254
179,454169,2049.623941370791,0,0,0,0,0,0,0,1,0,1720.184846539386,9438.760106339118,32.32991195957066,48.60194355070679
180,455982,2039.745646835346,0,0,0,0,0,0,0,1,0,912.1191340260399,9708.415633184759,33.23515493411256,38.72364901535732
181,452352,2042.592920961754,0,0,0,0,0,0,0,1,0,2244.601125715919,9252.141122519233,31.69954484020846,41.57092314174783
182,455476,2045.51179807868,0,0,0,0,0,0,0,1,0,2403.804396785969,9758.45163804141,33.39280183854464,44.48980025867145
183,453788,2047.013800645537,0,0,0,0,0,0,0,1,0,3357.211564580195,8841.288831336578,30.33335471442372,45.99180282554595
184,448401,2027.458387801168,0,0,0,0,0,0,0,1,0,2622.430222997725,9476.22088972997,32.47599307341651,26.43638998117541
185,449470,2044.308755094647,0,0,0,0,0,0,0,1,0,464.3039738827361,8887.934209402651,30.49111438737722,43.28675727466509
186,451002,2040.935208561795,0,0,0,0,0,0,0,1,0,1561.318551148957,9154.03271217884,31.36703496703853,39.91321074180043
187,449165,2032.369740364899,0,0,0,0,0,0,0,1,0,1038.57228444415,9279.753191481919,31.82162741201591,31.34774254492396
188,443038,2021.119238757787,1,0,0,0,0,0,0,1,0,988.3476715481036,8639.906813487738,29.66321471832849,40.80573362026965
189,446500,2027.310508824689,0,0,0,0,0,0,0,1,0,8032.34646989979,9480.579216113047,32.47181647996735,26.28851100468305
190,455363,2039.321449539473,0,0,0,0,0,0,0,1,0,2364.805454565183,9882.704726367811,33.82489300412846,38.29945171944129
191,459594,2049.638113165783,0,0,0,0,0,0,0,1,0,3242.173192913981,9695.476671253629,33.1901320169035,48.61611534576011
192,451754,2036.545156425233,0,0,0,0,0,0,0,1,0,521.5280539536327,9254.759082870543,31.71415113409488,35.52315860528923
193,447840,2050.901644528464,0,0,0,0,0,0,0,1,0,4207.098654486882,8529.204967953507,29.28807996011276,49.87964670936275
194,443932,2029.727594817306,0,0,0,0,0,0,0,1,0,4693.278364098057,8672.448470132926,29.78052534021979,28.70559699728877
195,445616,2020.713832165808,0,0,0,0,0,0,0,1,0,159.1461811277532,8946.422424169863,30.69274031840946,19.69183434580474
196,447325,1999.999999999991,0,0,0,0,0,0,0,0,0,12114.47300221932,9419.493533676356,32.25772826251431,-1
197,451276,2041.362757730559,0,0,0,0,0,0,0,1,0,568.8077607957772,9349.58758862473,32.01972408375765,40.34075991057087
198,457284,2052.068745394989,0,0,0,0,0,0,0,1,0,2845.341484432134,9368.220863005632,32.09804580431972,51.04674757510962
199,452906,2030.88067810602,0,0,0,0,0,0,0,1,0,664.591576953383,9621.104650350024,32.9488348383551,29.85868028600299
200,446822,2020.378538924693,0,0,0,0,0,0,0,1,0,313.5587040430021,8343.965102691196,28.67171173677593,19.35654110508941
201,455561,2039.467060253432,0,0,0,0,0,0,0,1,0,43.88738687951894,9477.910317792997,32.45765071901265,38.44506243344335
202,454006,2036.699777848265,0,0,0,0,0,0,0,1,0,3540.567049645489,9607.077936140635,32.88818584124886,35.67778002826182
203,451088,2039.485840879132,0,0,0,0,0,0,0,1,0,4917.131748351666,8925.143618377946,30.61565242324757,38.46384305915485
204,448489,2041.579743987983,0,0,0,0,0,0,0,1,0,2347.155563428096,9229.602930006893,31.65514934925564,40.55774616803777
205,447974,2018.615879353415,0,0,0,0,0,0,0,1,0,1407.37547997419,9115.306265939424,31.23860682735422,17.59388153343283
206,451815,2042.255219047636,0,0,0,0,0,0,0,1,0,4405.647715480976,9417.3720900156,32.25108220290603,41.23322122763081
207,451578,2039.373785519895,0,0,0,0,0,0,0,1,0,5393.985684295872,8648.153306576338,29.67624869168673,38.35178769987662
208,449664,2011.826439095859,0,0,0,0,0,0,0,1,0,173.1930965629554,9684.943641374508,33.14356803275512,10.80444127586719
209,457376,2052.777111376813,0,0,0,0,0,0,0,1,0,2299.608165061362,9890.155627548807,33.86240644826319,51.75511355680996
210,437859,2006.170226505579,0,0,0,0,0,0,0,1,0,2319.485540744178,8726.69706956938,29.94902850657823,5.14822868427032
211,456042,2051.790837628165,0,0,0,0,0,0,0,1,0,2215.814966641788,9611.942311476214,32.94337772970808,50.76883980818397
212,450112,2031.420663930582,0,0,0,0,0,0,0,1,0,191.6027869314326,8299.355213340679,28.52141990848039,30.3986661105789
213,458070,2044.675464557918,0,0,0,0,0,0,0,1,0,175.5282909011922,9773.320026131119,33.46546007185114,43.65346673789475
214,449615,2032.412886690724,0,0,0,0,0,0,0,1,0,1905.386483783195,9091.621084889683,31.16417152758128,31.39088887056423
215,448792,2046.734139387802,0,0,0,0,0,0,0,1,0,6276.478918225435,9131.682673913345,31.28725725752577,45.71214156778537
216,447017,2038.272864711444,0,0,0,0,0,0,0,1,0,1367.678189558254,9161.39992820509,31.41655799868115,37.25086689144204
217,452961,2038.861190168506,0,0,0,0,0,0,0,1,0,1528.898962511848,9398.846010654257,32.20999597052815,37.83919234850396
218,444745,2020.883122820466,0,0,0,0,0,0,0,1,0,2184.874299980734,9072.97798684702,31.11407642165668,19.86112500045509
219,448806,2042.652371906453,0,0,0,0,0,0,0,1,0,7186.044645632584,8867.459499923572,30.42896240200472,41.63037408644136
220,458750,2051.401228485775,0,0,0,0,0,0,0,1,0,825.2119006639318,9748.49308915194,33.3690125205284,50.37923066578055
221,445408,2018.52778350527,0,0,0,0,0,0,0,1,0,121.2864264448546,9402.716114432866,32.22142214460431,17.50578568526304
222,453568,2046.254226031584,0,0,0,0,0,0,0,1,0,5401.787592934627,9638.063434290327,32.99736544346847,45.23222821156545
223,455462,2028.654680424153,0,0,0,0,0,0,0,1,0,1669.494294988849,9847.446694220562,33.70854408974106,27.63268260414653
224,457068,2053.112841579578,0,0,0,0,0,0,0,1,0,1417.756074824965,9526.386832229184,32.61978657204669,52.09084375981491
225,450464,2049.186999642332,0,0,0,0,0,0,0,1,0,1688.872860536402,9079.744691909942,31.15640079343441,48.16500182234399
226,455075,2048.676192231751,0,0,0,0,0,0,0,1,0,2120.376657434866,9440.589766424959,32.34826287751778,47.65419441174801
227,453354,2047.794519355588,0,0,0,0,0,0,0,1,0,3018.604443532153,9109.456994524044,31.23317886210101,46.77252153260262
228,454278,2032.331875508254,0,0,0,0,0,0,0,1,0,1315.494209528176,9604.755484830368,32.90158764753797,31.30987768825245
229,454004,2037.983389986204,0,0,0,0,0,0,0,1,0,1433.261835711001,9380.451959171822,32.14241061154397,36.96139216619683
230,442519,2018.224603216475,0,0,0,0,0,0,0,1,0,3979.146691492329,9102.894660343592,31.197498972495,17.20260539647078
231,447678,2025.222153086576,0,0,0,0,0,0,0,1,0,7768.503583442303,9257.465513301468,31.73888026793299,24.20015526188383
232,454691,2049.547204248882,0,0,0,0,0,0,0,1,0,817.6279630045044,9257.070586570344,31.72412541879972,48.52520642886576
233,447343,2018.342609500774,0,0,0,0,0,0,0,1,0,1333.14986734988,9267.114252045874,31.74295531785818,17.32061168075979
234,452297,2044.16055398544,0,0,0,0,0,0,0,1,0,4959.114828456194,9413.423979788824,32.23928998077423,43.13855616556641
235,451388,2051.903332248677,0,0,0,0,0,0,0,1,0,1551.320380899018,8493.270865549523,29.16739656026023,50.88133442905815
236,450681,2047.159592412105,0,0,0,0,0,0,0,1,0,129.9065718529855,8972.037535586416,30.77102447006133,46.13759459210009
237,450381,2038.233107717347,0,0,0,0,0,0,0,1,0,1038.047798790472,9175.510699026947,31.44882201311678,37.21110989732646
238,454340,2042.65493562877,0,0,0,0,0,0,0,1,0,2926.035109840107,9326.512597226369,31.95989587545765,41.63293780879119
239,450965,2038.947882528128,0,0,0,0,0,0,0,1,0,876.9924856381759,9048.679678497714,31.02116606861307,37.9258847081178
240,454536,2048.564784543034,0,0,0,0,0,0,0,1,0,1239.930545649388,9329.52854523391,31.98152981353555,47.54278672293189
241,455579,2039.256812400488,0,0,0,0,0,0,0,1,0,2856.191472938477,9545.39683745918,32.70798411030334,38.23481458050755
242,452510,2050.157400621959,0,0,0,0,0,0,0,1,0,1399.17426275445,9224.454803403254,31.59587624584426,49.13540280196044
243,450964,2028.815699743511,0,0,0,0,0,0,0,1,0,1316.391649014777,9353.468815979222,32.04531055222635,27.79370192351551
244,452715,2051.229230110461,0,0,0,0,0,0,0,1,0,3706.718715392538,9321.597212499306,31.94856081576863,50.20723229047903
245,449164,2036.853351613257,0,0,0,0,0,0,0,1,0,524.7702429065265,9199.024468428313,31.5425266329583,35.83135379326246
246,447875,2027.488369383742,0,0,0,0,0,0,0,1,0,548.6097576082205,9515.886657676296,32.60858650130464,26.46637156374321
247,450680,2040.046240007241,0,0,0,0,0,0,0,1,0,1498.585452023951,9368.838507859047,32.11032399037785,39.02424218728709
248,445390,2030.331546272904,0,0,0,0,0,0,0,1,0,960.7288948357045,8900.439636907018,30.52736677664185,29.30954845292858
249,452587,2046.940734627386,0,0,0,0,0,0,0,1,0,552.3884290160861,9267.427266357696,31.76287956821376,45.91873680738075
250,448068,2023.936258743065,0,0,0,0,0,0,0,1,0,1476.758804697998,8648.024472732037,29.68166724317264,22.91426092257624
251,452778,2040.32146935272,0,0,0,0,0,0,0,1,0,1157.485875760681,9607.287303446228,32.92225219818662,39.29947153269568
252,446874,2018.950781281314,0,0,0,0,0,0,0,1,0,3646.670532329644,8875.572535127294,30.44288235226145,17.92878346094824
253,455587,2040.644558515997,0,0,0,0,0,0,0,1,0,2159.923050255935,9435.204179654384,32.32064232917295,39.6225606960062
254,450975,2037.063505670123,0,0,0,0,0,0,0,1,0,247.5363022996281,9136.399875305082,31.31831431575695,36.04150785100049
255,451880,2035.473361212728,0,0,0,0,0,0,0,1,0,4883.936921526364,9352.050618174644,32.04060551127152,34.45136339273908
256,455384,2047.180078077273,0,0,0,0,0,0,0,1,0,9510.163260292547,9538.522949137378,32.67138546091417,46.15808025728033
257,452068,2032.087156791301,0,0,0,0,0,0,0,1,0,65.97839552678545,9563.969894678121,32.75640574728325,31.0651589713099
258,448255,2030.603499399082,0,0,0,0,0,0,0,1,0,8488.863913672712,9232.327279717332,31.64455817349833,29.58150157907954
259,452941,2027.104694100936,0,0,0,0,0,0,0,1,0,1985.802354098562,9637.790084519786,32.99992294105586,26.0826962809353
260,455440,2046.286914201988,0,0,0,0,0,0,0,1,0,701.2801161350226,9370.6826445837,32.10927966297614,45.26491638199049
261,451765,2041.493587421703,0,0,0,0,0,0,0,1,0,2823.822634408861,9270.535574485475,31.76888339374615,40.47158960169934
262,457243,2037.408580420652,0,0,0,0,0,0,0,1,0,832.9075348800485,9319.098219420765,31.93438745891425,36.38658260064189
263,452937,2027.912861955755,0,0,0,0,0,0,0,1,0,105.7405033710037,9776.912339662889,33.45046951195798,26.89086413575879
264,455038,2043.550184994701,0,0,0,0,0,0,0,1,0,606.3806936503422,9480.124144554708,32.48772693527695,42.52818717469122
265,451041,2021.951359693291,0,0,0,0,0,0,0,1,0,549.8556851211042,9611.32995616695,32.90979390424232,20.92936187328893
266,447478,2014.987847065855,0,0,0,0,0,0,0,1,0,2592.376925275568,9272.940653871534,31.77105624958596,13.96584924586617
267,454607,2047.421038715149,0,0,0,0,0,0,0,1,0,1520.512483328416,9486.62305973716,32.48342395350395,46.39904089515768
268,457215,2036.415539788196,0,0,0,0,0,0,0,1,0,193.8402228852106,9565.774755160386,32.75957201150187,35.39354196820887
269,455879,2048.164497182886,0,0,0,0,0,0,0,1,0,4135.396021021444,9759.718238037498,33.40562727447374,47.14249936288551
270,455984,2041.881590867177,0,0,0,0,0,0,0,1,0,2628.327847295674,9661.529393958406,33.08970111001146,40.85959304717515
271,447000,2014.673567290223,0,0,0,0,0,0,0,1,0,492.9424592862317,9523.469663205131,32.60326549901736,13.65156947022747
272,450030,2047.776612153424,0,0,0,0,0,0,0,1,0,9502.465495097347,8790.497111495335,30.14908327723517,46.75461433341821
273,459298,2051.696507965187,0,0,0,0,0,0,0,1,0,782.2365854080318,9603.018188587133,32.86542093324325,50.67451014518458
274,453075,2047.527156594929,0,0,0,0,0,0,0,1,0,4196.287580591094,8911.403602443017,30.5751998761022,46.50515877490587
275,447885,2027.790735619962,0,0,0,0,0,0,0,1,0,2417.462242822459,8642.62783122178,29.67191493170023,26.76873779981561
276,454578,2035.812633455348,0,0,0,0,0,0,0,1,0,527.310766045479,9592.863187322519,32.85333962147127,34.79063563536326
277,448332,2025.770240763653,0,0,0,0,0,0,0,1,0,4696.98019618647,9641.875133169544,33.02452589127258,24.74824294362227
278,457086,2040.534563749705,0,0,0,0,0,0,0,1,0,671.2931945812671,9451.504718357037,32.3626609138016,39.51256592972209
279,451166,2037.164598339697,0,0,0,0,0,0,0,1,0,166.9229222329782,9503.765379809476,32.55632636424874,36.14260051971431
280,446201,2030.328018342571,0,0,0,0,0,0,0,1,0,7874.82430557914,9221.824173892359,31.59835351537667,29.3060205225881
281,451679,2043.335518514835,0,0,0,0,0,0,0,1,0,1441.30502260921,9055.273747894636,31.04544934360542,42.31352069487348
282,451947,2031.874563665679,0,0,0,0,0,0,0,1,0,245.3826307485655,9357.026780651249,32.07232745715338,30.85256584566957
283,463997,2049.629115500459,0,0,0,0,0,0,0,1,0,136.7782882875473,9936.559250297822,33.99910157779516,48.60711768047418
284,454438,2035.288577669793,0,0,0,0,0,0,0,1,0,1245.762549758533,9556.889128757273,32.707179009312,34.26657984978301
285,451374,2030.691724045767,0,0,0,0,0,0,0,1,0,683.4332701850216,9787.309121763845,33.51449515684778,29.66972622576042
286,449785,2027.332604685156,0,0,0,0,0,0,0,1,0,574.7559660488351,9627.438933570464,32.95957374193657,26.31060686515004
287,448742,2039.479318774527,0,0,0,0,0,0,0,1,0,2307.201198636448,9188.791475447775,31.51052132301169,38.45732095451871
288,448521,2028.853930873756,0,0,0,0,0,0,0,1,0,5259.135815457476,9320.417346247723,31.94793825444506,27.83193305376013
289,455644,2049.341133251131,0,0,0,0,0,0,0,1,0,521.7307929267031,9420.420991401128,32.2622641949203,48.31913543111795
290,453481,2044.13132801453,0,0,0,0,0,0,0,1,0,2829.641305394301,9610.089009291481,32.91439284609694,43.10933019453335
291,449787,2030.628632059036,0,0,0,0,0,0,0,1,0,979.0204184544023,9114.468980864378,31.26882027672364,29.60663423933703
292,453143,2041.285361545471,0,0,0,0,0,0,0,1,0,5759.682957259994,9393.961859603563,32.19299711446286,40.26336372545119
293,449658,2024.433195313139,0,0,0,0,0,0,0,1,0,177.9868300530572,9130.990059772445,31.27957968812483,23.41119749314728
294,450947,2029.609262974326,0,0,0,0,0,0,0,1,0,2416.583502509847,9382.920911678752,32.15253113758632,28.58726515433521
295,455274,2052.378679441598,0,0,0,0,0,0,0,1,0,2868.920715419441,8887.123569794525,30.49630472401671,51.35668162193275
296,455731,2042.053643535007,0,0,0,0,0,0,0,1,0,2051.877828978244,9207.096324281474,31.55623120419284,41.03164571501144
297,459624,2053.326337220696,0,0,0,0,0,0,0,1,0,7051.212035432736,9635.541291387755,33.00481394693325,52.30433940069243
298,450679,2048.611532794859,0,0,0,0,0,0,0,1,0,608.8992800155004,9366.783839229493,32.06626700059805,47.58953497491282
299,449287,2042.274775421178,0,0,0,0,0,0,0,1,0,1672.760884928123,9065.283539148202,31.07870882097088,41.25277760119256
300,450126,2051.236467242187,0,0,0,0,0,0,0,1,0,223.7901629142977,9205.511429480706,31.56065984044866,50.21446942233289
301,448439,2019.333646564485,0,0,0,0,0,0,0,1,0,1349.045289067785,9557.848134671094,32.72805497518929,18.31164874449349
302,448781,2035.488617831313,0,0,0,0,0,0,0,1,0,2388.736135863569,9415.555029208963,32.2492555863145,34.46662001131543
303,452210,2048.599701594148,0,0,0,0,0,0,0,1,0,5800.370162434428,9308.461947978127,31.91331451136651,47.57770377415197
304,446764,2024.545258553921,0,0,0,0,0,0,0,1,0,30.73952279734856,8963.817643645036,-1,26.00529854151651
305,453190,2048.566652218572,0,0,0,0,0,0,0,1,0,969.1640708784714,8897.815896083388,30.52008674518572,47.54465439795477
306,454032,2043.527655817577,0,0,0,0,0,0,0,1,0,1338.09803369979,9203.891684426555,31.52567530799578,42.50565799758402
307,455554,2051.605863040495,0,0,0,0,0,0,0,1,0,3020.805815193391,9485.714758943741,32.48845870641136,50.5838652204993
308,453436,2050.879837584673,0,0,0,0,0,0,0,1,0,7404.744061069234,9589.463490097569,32.85269111754609,49.85783976465962
309,450583,2029.842711871901,0,0,0,0,0,0,0,1,0,4447.598685428647,9486.411612175862,32.47701429297592,28.82071405188691
310,454582,2043.806254317791,0,0,0,0,0,0,0,1,0,2953.305104059647,9239.170215744774,31.66637060247219,42.78425649781229
311,451441,2040.889955368633,0,0,0,0,0,0,0,1,0,913.6166772791138,9103.195890673587,31.22977644223447,39.86795754862424
312,447922,2022.244754642823,0,0,0,0,0,0,0,1,0,3906.304082427102,9467.582223607638,32.44657782775501,21.22275682312343
313,444514,2017.240126927545,0,0,0,0,0,0,0,1,0,2677.497642065954,9177.181922235628,31.46039703286133,16.21812910754512
314,449836,2032.011829422725,0,0,0,0,0,0,0,1,0,4559.116210940837,9013.769671590378,30.88184128649632,30.98983160273097
315,451810,2038.283316014062,0,0,0,0,0,0,0,1,0,90.52067870594871,8690.458722103818,29.8061721760309,37.26131819445251
316,444421,2026.163761323686,0,0,0,0,0,0,0,1,0,1151.473633242921,8643.194140483798,29.66636711642611,25.14176350368631
317,453284,2042.643343771172,0,0,0,0,0,0,0,1,0,1228.222337004686,9292.790615056092,31.8564434152985,41.62134595117941
318,453359,2049.418255653844,0,0,0,0,0,0,0,1,0,742.4148165986689,9055.823158673918,31.05532051608794,48.39625783385129
319,454758,2035.686007617324,0,0,0,0,0,0,0,1,0,1571.288909277641,9831.513613717671,33.65800747634994,34.66400979730722
320,456158,2049.829812661248,0,0,0,0,0,0,0,1,0,2365.288542603327,9101.38295149347,31.18838168036686,48.80781484127844
321,447981,2030.196327341369,0,0,0,0,0,0,0,1,0,2484.347769187147,9170.578559395519,31.46875876297524,29.17432952136895
322,453810,2051.045866286261,0,0,0,0,0,0,0,1,0,3693.61258265987,9499.27604659781,32.55068554868333,50.02386846625595
323,445483,2026.83146907421,0,0,0,0,0,0,0,1,0,120.9090993048856,9369.863607262791,32.10621244135793,25.80947125421614
324,456249,2036.411531078355,0,0,0,0,0,0,0,1,0,2937.557308181164,9714.213450931536,33.27326293777593,35.38953325835924
325,455435,2028.717094147611,0,0,0,0,0,0,0,1,0,1126.739100043205,9538.257303669963,32.68055026195469,27.69509632760157
326,454401,2045.509757816543,0,0,0,0,0,0,0,1,0,1445.49167568344,8929.356807020524,30.62814203494815,44.48775999653872
327,450379,2000.000000000004,0,0,0,0,0,0,0,0,0,11829.46097641585,8945.246865737592,30.71092210138912,-1
328,451285,2022.151168223902,0,0,0,0,0,0,0,1,0,709.6086044063348,9863.452719636323,33.74191218218607,21.12917040389458
329,452939,2048.520973420158,0,0,0,0,0,0,0,1,0,376.5729914619875,9294.67135761294,31.85018275745402,47.49897560014512
330,450439,2037.778244710039,0,0,0,0,0,0,0,1,0,121.3931377910651,8768.543603396804,30.08822281796994,36.75624689016013
331,454835,2045.954970008899,0,0,0,0,0,0,0,1,0,2354.504183227112,9398.997013898583,32.19824860704018,44.93297218889859
332,452991,2045.729925773646,0,0,0,0,0,0,0,1,0,2276.951813041816,9332.58183467858,31.97247157961722,44.70792795363018
333,447757,2051.744288348183,0,0,0,0,0,0,0,1,0,34.46316185314978,8212.974060248202,28.2418963559708,50.7222905281858
334,452743,2036.831444689827,0,0,0,0,0,0,0,1,0,1047.535629584921,9879.787309088419,33.82340798225255,35.80944686983388
335,454569,2039.154701610272,0,0,0,0,0,0,0,1,0,6161.535929664929,9334.392573618552,31.98455815598973,38.13270379025855
336,455124,2048.26791279724,0,0,0,0,0,0,0,1,0,111.0238121331969,9628.983719779442,32.96847125748204,47.2459149771629
337,450771,2053.193820031493,0,0,0,0,0,0,0,1,0,3288.610842630263,9065.503426629273,31.0660119364674,52.17182221157789
338,453894,2042.849849895092,0,0,0,0,0,0,0,1,0,214.1344916569509,9428.047908269709,32.30855530327634,41.82785207510653
339,450972,2041.208091438797,0,0,0,0,0,0,0,1,0,8453.01081967024,9698.318482531236,33.20727788632843,40.18609361880015
340,445845,2021.0562737517,0,0,0,0,0,0,0,1,0,105.6626325928059,9107.79819268559,31.22986344897947,20.03427593169816
341,455968,2036.907606396638,0,0,0,0,0,0,0,1,0,1193.915795498921,9645.462298864593,33.03081941718799,35.8856085766422
342,457395,2044.763912065711,0,0,0,0,0,0,0,1,0,2917.943540266629,9505.566456513663,32.52656427016108,43.74191424572068
343,452954,2047.930855755403,0,0,0,0,0,0,0,1,0,844.043568387561,9438.359107884489,32.31738368207154,46.90885793522411
344,455357,2053.25042311022,0,0,0,0,0,0,0,1,0,373.1850803742911,8788.703458809532,30.16600244639246,52.22842529022734
345,452075,2052.059961764134,0,0,0,0,0,0,0,1,0,111.3881868577241,8889.004498948641,30.49372675801263,51.0379639435138
346,454391,2049.347355579909,0,0,0,0,0,0,0,1,0,739.3629973224646,9368.643028918188,32.09250808755352,48.3253577599003
347,457772,2041.001692335149,0,0,0,0,0,0,0,1,0,350.0411267179918,9772.484736055758,33.45923813495418,39.97969451514827
348,453899,2038.687437091923,0,0,0,0,0,0,0,1,0,1214.624988355713,9566.879349443981,32.78065129039153,37.66543927191861
349,454798,2031.844802065165,0,0,0,0,0,0,0,1,0,1019.450985747735,9452.518642793793,32.39265466355347,30.82280424517304
350,458860,2049.757835340319,0,0,0,0,0,0,0,1,0,3589.468405531588,9578.294167007361,32.80037391139091,48.73583752032574
351,449088,2032.833359779309,1,0,0,0,0,0,0,1,0,205.0993247165881,9360.986255862948,32.0734905377772,46.24582730933682
352,453144,2040.708734382628,0,0,0,0,0,0,0,1,0,725.802513937669,9429.884951796563,32.31126220965939,39.68673656262167
353,451323,2048.33176798766,0,0,0,0,0,0,0,1,0,137.4005308257229,9530.310773427656,32.65097807437552,47.3097701676579
354,452302,2035.50873336849,0,0,0,0,0,0,0,1,0,1177.428233157354,8980.49450867928,30.79176994705776,34.48673554849448
355,455998,2048.768741312222,0,0,0,0,0,0,0,1,0,3120.907252707736,9477.252519223402,32.46265498914366,47.74674349235912
356,444162,2022.337721006095,0,0,0,0,0,0,0,1,0,4816.170065596919,8905.957269223962,30.55694934537321,21.31572318610347
357,451054,2020.829184451254,0,0,0,0,0,0,0,1,0,1522.913234253352,9563.78168001509,32.76415512138482,19.80718663127173
358,457326,2052.130755980639,0,0,0,0,0,0,0,1,0,3972.932922623455,9191.352369409526,31.48875117389421,51.10875816065814
359,453518,2051.107541882373,0,0,0,0,0,0,0,1,0,1564.184364012482,8685.050730599693,29.80761717492066,50.08554406228024
360,455796,2049.217726921589,0,0,0,0,0,0,0,1,0,2209.252855241571,9725.576542592547,33.31407412601553,48.19572910159378
361,452623,2052.718759501362,0,0,0,0,0,0,0,1,0,1021.060388686526,9007.715863138528,30.88581527264859,51.69676168134909
362,446495,2028.520071613378,0,0,0,0,0,0,0,1,0,4011.378105026371,9217.578204901962,31.58255792720947,27.49807379338661
363,445960,2020.723180705269,0,0,0,0,0,0,0,1,0,1765.928909886668,9102.386415887126,31.21622828351278,19.70118288526668
364,446920,2031.931217864474,0,0,0,0,1,0,0,1,0,400.7691665445215,8734.18960631021,29.96944504351725,30.90922004448056
365,445783,2031.373038177412,0,0,0,0,0,0,0,1,0,4178.233811604631,9322.0527278891,31.94540626622993,30.35104035736621
366,454999,2052.598092113325,0,0,0,0,0,0,0,1,0,2701.276726973915,9145.212117055407,31.36104894701821,51.57609429331689
367,451599,2039.948563408571,0,0,0,0,0,0,0,1,0,5289.977267962012,9494.075869946146,32.50144258146448,38.92656558862375
368,456003,2046.772180467208,0,0,0,0,0,0,0,1,0,1750.190971310105,9315.444003581339,31.92391387818541,45.75018264717879
369,459361,2052.375014724184,0,0,0,0,0,0,0,1,0,3148.163339500355,9490.677900217845,32.49418443747999,51.35301690417688
370,453067,2049.200812186622,0,0,0,0,0,0,0,1,0,4070.480219902316,8885.099113133072,30.47479846934521,48.17881436663671
371,448052,2030.421291391212,0,0,0,0,0,0,0,1,0,258.0148225175158,9117.016219806521,31.24548822303931,29.3992935711956
372,456025,2053.307969857084,0,0,0,0,0,0,0,1,0,2702.656345840334,9313.44145110866,31.89489665796476,52.2859720371298
373,448893,2027.881316925144,0,0,0,0,0,0,0,1,0,1378.066318527843,8827.397101105433,30.28355891340804,26.85931910515134
374,449757,2019.352190535714,0,0,0,0,0,0,0,1,0,4592.849316994615,9593.126609804216,32.84865733089134,18.33019271571252
375,449520,2043.438183377201,0,0,0,0,0,0,0,1,0,114.6566885069227,8549.724876065733,29.36971046933748,42.41618555705823
376,448569,2029.588464816059,0,0,0,0,0,0,0,1,0,335.4492738493298,9238.125854545027,31.65317895452781,28.5664669960454
377,449192,2018.923471062914,0,0,0,0,0,0,0,1,0,1701.022474517851,9643.973491449209,33.02717720832143,17.90147324289958
378,449718,2032.165966594637,0,0,0,0,0,0,0,1,0,264.1340746719707,8669.410875057682,29.75223453836167,31.14396877475807
379,450067,2033.513130893271,0,0,0,0,0,0,0,1,0,286.330724152969,9078.81216734671,31.13664347983355,32.49113307327958
380,451399,2043.037496155119,0,0,0,0,0,0,0,1,0,5274.39646895703,9296.900796842032,31.86221481836758,42.01549833513075
381,456848,2050.407162662046,0,0,0,0,0,0,0,1,0,1770.637738091514,9536.718966623139,32.6605310106773,49.38516484204131
382,451998,2049.090903000559,0,0,0,0,0,0,0,1,0,5043.972355014046,8532.83285880222,29.29886021551084,48.06890517070924
383,455502,2045.160327142333,0,0,0,0,0,0,0,1,0,3106.100595398386,9267.674644446857,31.76286965632057,44.13832932231047
384,451001,2022.268879516264,0,0,0,0,0,0,0,1,0,1860.363519791376,9308.777676207186,31.89381397356875,21.246881696262
385,457908,2052.699138206798,0,0,0,0,0,0,0,1,0,1770.832621119548,9573.164901946406,32.81285815214568,51.67714038673932
386,453258,2022.029168540531,0,0,0,0,0,0,0,1,0,1071.612691270654,9487.352242235453,32.49955623444447,21.00717072050601
387,449199,2046.002706876077,0,0,0,0,0,0,0,1,0,1400.679456542265,8831.449623940036,30.27771187882519,44.98070905610195
388,457067,2050.506762200706,0,0,0,0,0,0,0,1,0,2028.79287474389,9069.428460190304,31.09233658429181,49.48476438071101
389,452986,2049.317386561315,0,0,0,0,0,0,0,1,0,1856.887930782968,9338.391633500969,32.00280368436897,48.29538874128772
390,453388,2042.040670486092,0,0,0,0,0,0,0,1,0,1190.000123346793,9550.859737152707,32.70198882065009,41.01867266606176
391,454903,2046.272403842805,0,0,0,0,0,0,0,1,0,7777.074603641827,9649.381248750336,33.05305484509824,45.25040602279552
392,456484,2039.302967521929,0,0,0,0,0,0,0,1,0,4294.629858626374,9756.226591079683,33.39955128497348,38.28096970193664
393,448155,2028.771689703984,0,0,0,0,0,0,0,1,0,4868.263278151885,8428.18797660967,28.97112149671955,27.74969188397957
394,453674,2038.617652156613,0,0,0,0,0,0,0,1,0,1061.619308617272,9470.071673369195,32.42990406221594,37.59565433660868
395,450476,2037.532317297831,0,0,0,0,0,0,0,1,0,4451.688578588294,8851.414735493687,30.3628638369657,36.51031947816826
396,447781,2016.78228005203,0,0,0,0,0,0,0,1,0,301.851661268317,8998.072939178799,30.87853165784271,15.76028223203152
397,454176,2048.843983565704,0,0,0,0,0,0,0,1,0,292.1154783329695,9685.31653181639,33.15897098638594,47.82198574570923
398,454760,2050.326155378788,0,0,0,0,0,0,0,1,0,4428.172132220696,9029.023089432078,30.97624393807769,49.304157550944
399,453589,2049.07532637135,0,0,0,0,0,0,0,1,0,555.3881456504278,9733.27101392668,33.31518667552225,48.05332855134464
400,451125,2037.048099747634,0,0,0,0,0,0,0,1,0,3719.069331110843,8694.479499726276,29.85066990666197,36.02610192761763
401,447720,2022.637884361072,0,0,0,0,0,0,0,1,0,133.6208669274051,9718.730823278722,33.2760378437459,21.61588654110295
402,456808,2051.986016893828,0,0,0,0,0,0,0,1,0,221.1832895272564,9420.107590066429,32.26079743874548,50.96401907380697
403,455210,2047.200969397827,0,0,0,0,0,0,0,1,0,2654.691924992193,9228.773554486963,31.63056358844678,46.17897157784334
404,456840,2052.213319528942,0,0,0,0,0,0,0,1,0,179.4187632874322,9425.169115879413,32.28501471617724,51.19132170896219
405,443143,2009.025287349313,0,0,0,0,0,0,0,1,0,1187.627212828524,8783.752292479156,30.13284870981267,8.003289529328208
406,453938,2041.079535418177,0,0,0,0,0,0,0,1,0,1324.513235263366,9661.295194652374,33.09549076927008,40.0575375981685
407,448290,2039.315430487177,0,0,0,0,0,0,0,1,0,2791.897703691606,8926.112904582795,30.62493186492909,38.29343266716568
408,448854,2031.000031524481,0,0,0,0,0,0,0,1,0,5758.282439749564,9176.63164544905,31.46640194591464,29.97803370454977
409,451860,2036.621195164402,0,0,0,0,0,0,0,1,0,1082.022542045226,9597.475134530043,32.85660280089114,35.59919734441243
410,452184,2046.867250557816,0,0,0,0,0,0,0,1,0,1248.339098336932,9111.797923771679,31.24258300989445,45.84525273783798
411,456660,2048.949121915233,0,0,0,0,0,0,0,1,0,2103.633153412522,9601.134221763637,32.88835031752224,47.92712409522711
412,451057,2036.555829274904,0,0,0,0,0,0,0,1,0,1424.30423971442,9293.803344575885,31.85142307522802,35.53383145490459
413,441548,2014.059775741686,0,0,0,0,0,0,0,1,0,3506.200642294024,9018.164204630752,30.90254701413874,13.03777792170155
414,454679,2041.401072852477,0,0,0,0,0,0,0,1,0,805.4007121229873,8833.775207263059,30.30752468812715,40.37907503245301
415,456731,2050.957339484517,0,0,0,0,0,0,0,1,0,1708.218398317118,9336.704281896778,32.00254735941439,49.93534166450758
416,452614,2026.903223997829,0,0,0,0,0,0,0,1,0,9871.86323748623,9485.215642857895,32.47638062071673,25.8812261778261
417,447625,2035.832247309328,0,0,0,0,0,0,0,1,0,1353.915075944411,9034.174200889693,30.96490447747626,34.81024948926745
418,446765,2020.778928678899,0,0,0,0,0,0,0,1,0,243.7089285050854,9120.957091870756,31.28236341473361,19.7569308589004
419,455964,2047.202926984237,0,0,0,0,0,0,0,1,0,4198.123280735014,9495.364638324285,32.52432430239715,46.18092916422697
420,450331,2026.178162261793,0,0,0,0,0,0,0,1,0,3779.600659570834,9140.452959262948,31.33796808230159,25.15616444177057
421,445069,2039.738433881056,1,0,0,0,0,0,0,1,0,472.6187303632657,8751.358900855983,30.03443135280292,45.87728939547099
422,452897,2050.722269095279,0,0,0,0,0,0,0,1,0,3571.336687918206,9469.070049419181,32.42756373567306,49.70027127528549
423,454575,2036.075940962282,0,0,0,0,0,0,0,1,0,263.6382840430095,9430.095133558141,32.3115895997433,35.05394314228443
424,451632,2028.16952648252,0,0,0,0,0,0,0,1,0,440.5934515967513,9437.268825778287,32.33640742369441,27.14752866252862
425,446737,2028.912378562416,0,0,0,0,0,0,0,1,0,1443.095521426467,9281.288502015772,31.8188431155082,27.89038074241728
426,454522,2049.851645288965,0,0,0,0,0,0,0,1,0,3304.345150687172,9508.057586424095,32.57387237872901,48.8296474688894
427,452971,2050.670690469809,0,0,0,0,0,0,0,1,0,2274.212258433181,9346.026367792458,32.00325675911757,49.64869264980035
428,453857,2044.348647132542,0,0,0,0,0,0,0,1,0,2030.304564568438,9486.384953716408,32.49516353744585,43.32664931254139
429,456575,2046.141042606411,0,0,0,0,0,0,0,1,0,4456.881976347843,9420.434984624955,32.26697516746966,45.11904478639956
430,453266,2037.598938567793,0,0,0,0,0,0,0,1,0,5628.615202123975,9346.939085789123,32.03214056558733,36.57694074777501
431,454370,2030.97627494584,0,0,0,0,0,0,0,1,0,612.7192024305665,9674.479192183955,33.12145120502409,29.95427712585236
432,453414,2050.547363974393,0,0,0,0,0,0,0,1,0,221.8134464161392,9499.647889248654,32.54674488465427,49.52536615439353
433,452989,2041.553596429383,0,0,0,0,0,0,0,1,0,4432.308507651758,9398.090775264878,32.20320848044916,40.53159860937605
434,453001,2046.439901745166,0,0,0,0,0,0,0,1,0,3154.872666370115,9402.868408185519,32.19710394996545,45.41790392516165
435,451998,2048.455456965172,0,0,0,0,0,0,0,1,0,1496.059457695622,8877.336453354455,30.45189031854839,47.43345914517274
436,448962,2034.005773098328,0,0,0,0,0,0,0,1,0,2936.744881162507,9442.957573328413,32.36359187142168,32.98377527832338
437,455303,2045.666047341474,0,0,0,0,0,0,0,1,0,5736.284160497558,9487.023960750483,32.50672982149564,44.64404952147558
438,450655,2051.959654389484,0,0,0,0,0,0,0,1,0,2212.573283069133,9180.954908290625,31.48676780282143,50.93765656947277
439,446376,2025.021150722733,0,0,0,0,0,0,0,1,0,312.2524958250278,9432.172393889088,32.3258946814159,23.99915290273084
440,455304,2048.364945278169,0,0,0,0,0,0,0,1,0,902.2318171624632,9632.036102432658,32.98771252214015,47.34294745816738
441,453801,2042.700400803348,0,0,0,0,0,0,0,1,0,90.29391641785034,9103.111689822708,31.21653176983542,41.67840298336627
442,449374,2025.802899568783,0,0,0,0,0,0,0,1,0,1712.304025374716,9173.458227534335,31.45808806086796,24.78090174879363
443,452800,2050.281128672824,0,0,0,0,0,0,0,1,0,1225.797265810577,9384.138039298427,32.1549524623389,49.25913085282102
444,453035,2024.504087910625,0,0,0,0,0,0,0,1,0,1466.473297536082,9583.077948301503,32.81338732226006,23.48209009060947
445,453698,2042.533323932933,0,0,0,0,0,0,0,1,0,1061.281453619845,9606.9126552006,32.90176867109631,41.51132611292145
446,455404,2026.4341767389,0,0,0,0,0,0,0,1,0,654.0716526556755,9561.632403290801,32.75393859333722,25.41217891890411
447,445300,2013.415610551973,0,0,0,0,0,0,0,1,0,3280.987420955472,9265.013586045698,31.75668448304372,12.39361273199095
448,452479,2035.248654254982,0,0,0,0,0,0,0,1,0,1898.339752715299,9374.234091513345,32.09924554677045,34.22665643497909
449,457309,2047.781445428001,0,0,0,0,0,0,0,1,0,1447.457989634821,9707.564912813719,33.24484419676138,46.75944760830685
450,452245,2039.470216050428,0,0,0,0,0,0,0,1,0,512.8166533472869,9284.884027637359,31.8034447763785,38.44821823040994
451,439739,1996.646400245463,1,0,0,0,0,0,0,1,0,2710.646123258334,8770.608602949809,30.10132662019872,26.62689368384795
452,450710,2041.485031012843,0,0,0,0,0,0,0,1,0,3443.006807832813,9076.91979221879,31.12485742342439,40.46303319284966
453,446054,2012.604312710505,0,0,0,0,0,0,0,1,0,1635.83743679336,9477.621726385894,32.48048323637804,11.58231489050949
454,450998,2030.054328466172,0,0,0,0,0,0,0,1,0,1900.197327823766,9368.893265665356,32.0834664069578,29.03233064614143
455,453699,2051.83012476711,0,0,0,0,0,0,0,1,0,1030.362933770049,8870.528539072373,30.43569082418408,50.80812694710173
456,455344,2041.344074131576,0,0,0,0,0,0,0,1,0,1634.705430911195,9225.650724026822,31.6002665997954,40.32207631160937
457,452774,2027.893112387353,0,0,0,0,0,0,0,1,0,742.2572753865091,9309.801475662749,31.92063460371323,26.8711145673579
458,446510,2037.238964963047,0,0,0,0,0,0,0,1,0,531.7856223322573,8753.538694395078,30.06139464783858,36.21696714304394
459,450722,2041.245975456899,0,0,0,0,0,0,0,1,0,1353.948943191379,9573.857211412669,32.78022080364627,40.22397763690635
460,452221,2032.339698812869,0,0,0,0,0,0,0,1,0,2341.28832669759,9490.287101662616,32.50566785600515,31.31770099288401
461,459053,2052.484900226874,0,0,0,0,0,0,0,1,0,3150.963040576413,9668.759561646684,33.12144482000029,51.46290240687956
462,449773,2038.916693064577,0,0,0,0,0,0,0,1,0,46.7529544304388,8955.524856191792,30.72126851504795,37.89469524463829
463,446894,2045.456017981822,0,0,0,0,0,0,0,1,0,1949.857187194921,9228.1609920272,31.60348120142311,44.43402016181079
464,450190,2029.463771262549,0,0,0,0,0,0,0,1,0,371.4301872390544,9692.296003957152,33.18114833972061,28.44177344255111
465,450083,2027.703269578399,0,0,0,0,0,0,0,1,0,2140.942466289392,9191.527486775929,31.49585396400944,26.68127175838825
466,449279,2034.786647357965,0,0,0,0,0,0,0,1,0,2346.717642706405,9418.215081119995,32.26397730713866,33.76464953798585
467,453172,2037.198776650495,0,0,0,0,0,0,0,1,0,1068.467812683574,9229.004173375644,31.62952430276501,36.17677883045978
468,454916,2042.84867454254,0,0,0,0,0,0,0,1,0,994.8959969747044,9227.529060534423,31.61652328004634,41.82667672252088
469,453100,2044.460641890008,0,0,0,0,0,0,0,1,0,1554.699202033714,9168.026109504575,31.41856749127051,43.43864407003085
470,449661,2024.984746006909,0,0,0,0,0,0,0,1,0,2105.614964610661,9638.741126470339,33.01068463981686,23.96274818694224
471,449477,2014.019002934712,0,0,0,0,0,0,0,1,0,942.2758959115258,9527.237309384438,32.65739977097601,12.99700511471412
472,458355,2050.695117193125,0,0,0,0,0,0,0,1,0,2296.741937758894,10024.38952570769,34.29005953298774,49.67311937316179
473,454040,2050.693366707315,0,0,0,0,0,0,0,1,0,3163.182031344719,9446.406703245075,32.35690231397992,49.67136888732504
474,449680,2034.294588502689,0,0,0,0,0,0,0,1,0,1580.68081569229,9143.031275942989,31.33285076573069,33.2725906826925
475,453062,2047.421662871058,0,0,0,0,0,0,0,1,0,8448.70576399705,9065.718820946015,31.08750799872374,46.39966505124709
476,449314,2040.184931537734,0,0,0,0,0,0,0,1,0,737.1512845819365,9251.983409952143,31.70227525142728,39.1629337183822
477,455165,2029.939553147,0,0,0,0,0,0,0,1,0,2954.827733442923,9333.073802776991,31.98460708235838,28.9175553270113
478,453564,2044.609024554028,0,0,0,0,0,0,0,1,0,1024.4959806872,9781.36082515108,33.49268763156729,43.58702673401479
479,450533,2032.882111966986,0,0,0,0,0,0,0,1,0,6076.458179115874,9175.226132984368,31.42896838235757,31.86011414698407
480,446843,2029.447983589843,0,0,0,0,0,0,0,1,0,375.1427758008812,8600.457100673775,29.52501055212014,28.42598576982665
481,456544,2046.304463268789,0,0,0,0,0,0,0,1,0,9645.340051809106,9555.797483333561,32.74722478035654,45.28246544880844
482,455578,2040.879441401438,0,0,0,0,0,0,0,1,0,2699.333006955478,9540.624531877516,32.68083778429971,39.85744358142811
483,449514,2038.813643370987,0,0,0,0,0,0,0,1,0,4405.513977859283,9232.650333276555,31.64017091626109,37.79164555097844
484,453154,2049.045979003789,0,0,0,0,0,0,0,1,0,3499.555761410111,9131.451688482028,31.30573482060687,48.02398118378409
485,451414,2049.014736357705,0,0,0,0,0,0,0,1,0,4936.907498999863,8982.586094173554,30.81217797616194,47.99273853768043
486,451982,2041.615362876895,0,0,0,0,0,0,0,1,0,5154.317169482857,9753.389156584817,33.38077337552002,40.59336505687868
487,455308,2048.303742415328,0,0,0,0,0,0,0,1,0,3296.477815070877,9628.526608074952,32.9841064675036,47.28174459530698
488,449833,2035.309254034776,0,0,0,0,0,0,0,1,0,8788.619063456126,9201.16169316159,31.54152303727131,34.28725621477394
489,451431,2017.446642774936,0,0,0,0,0,0,0,1,0,587.8899944000802,9486.066384959091,32.51286666031236,16.4246449549317
490,446151,2018.21825657716,0,0,0,0,0,0,0,1,0,4648.597903456993,9744.525863191622,33.36145209349086,17.19625875716102
491,447881,2039.792221733937,0,0,0,0,0,0,0,1,0,5488.472040605899,8887.316972845298,30.49075315839226,38.77022391378408
492,450440,2035.803731463365,0,0,0,0,0,0,0,1,0,335.2153376423047,9073.161744532841,31.10999388870744,34.78173364333921
493,445966,2018.111223766518,0,0,0,0,0,0,0,1,0,152.0692031840201,9414.891785635444,32.25151727622352,17.08922594651916
494,453276,2034.064950008958,0,0,0,0,0,0,0,1,0,1802.813514029109,9469.746700473248,32.41994985703348,33.04295218895477
495,451812,2028.777834513428,0,0,0,0,0,0,0,1,0,389.5952822191821,9438.482063354395,32.32681820443717,27.75583669344039
496,447720,2025.138471124561,0,0,0,0,0,0,0,1,0,7517.381252142925,8808.743915307166,30.20954150743908,24.11647330446121
497,451483,2044.837289907724,0,0,0,0,0,0,0,1,0,399.0569608973548,9489.673569000144,32.52273718901658,43.81529208771624
498,448215,2021.680658152903,0,0,0,0,0,0,0,1,0,628.9983875658572,9310.996556073702,31.92965496432898,20.65866033290999
499,448989,2040.3872956412,0,0,0,0,0,0,0,1,0,132.6177706323564,9372.649913289581,32.09835584632073,39.36529782118635
500,451750,2052.282100224289,0,0,0,0,0,0,0,1,0,4643.030897450807,9501.482001186361,32.52630404382654,51.26010240428193
501,454037,2045.155365701343,0,0,0,0,0,0,0,1,0,509.4309203236278,9447.975618031038,32.35650838731429,44.13336788127555
502,450217,2025.536493832354,0,0,0,0,0,0,0,1,0,9881.432934469874,9416.321895360325,32.25918466075279,24.51449601234673
503,449619,2033.361881505474,0,0,0,0,0,0,0,1,0,3006.941236617784,9352.166556789101,32.0531466784951,32.33988368547737
504,450686,2023.517568031369,0,0,0,0,1,0,0,1,0,5868.262701816198,9395.996326920709,32.19963230187216,22.49557021162906
505,450875,2042.443062293783,0,0,0,0,0,0,0,1,0,2332.100814867849,8934.75698563976,30.63461853449802,41.4210644738259
506,455730,2051.305120706857,0,0,0,0,0,0,0,1,0,848.4401306840055,9462.11511558187,32.39600977290297,50.28312288685039
507,454670,2043.393281178162,0,0,0,0,0,0,0,1,0,3731.111306414165,9280.732209972397,31.80567235100738,42.37128335817798
508,454663,2051.981755720982,0,0,0,0,0,0,0,1,0,524.2549700875749,9205.429040160387,31.55754972474664,50.95975790096597
509,448446,2029.058736448238,0,0,0,0,0,0,0,1,0,1171.257860683687,9100.435373570715,31.20311198925443,28.03673862823009
510,452156,2031.874072201051,0,0,0,0,0,0,0,1,0,3976.080484150296,9495.512074879658,32.51023928931487,30.85207438105014
511,448498,2037.622148705734,0,0,0,0,0,0,0,1,0,75.07682492732445,8855.061533360344,30.38011068858302,36.60015088575246
512,449606,2032.398944230995,0,0,0,0,0,0,0,1,0,3728.514715651329,9298.748031331508,31.88795254674979,31.37694641086798
513,445025,2014.733101901562,0,0,0,0,0,0,0,1,0,2267.329759018773,9000.760202883692,30.89200447306892,13.71110408165331
514,447847,2023.107910076544,0,0,0,0,0,0,0,1,0,354.2278720832174,9010.770407185346,30.88537936873848,22.08591225876044
515,448420,2028.542437588652,0,0,0,0,0,0,0,1,0,5556.47541512129,9255.822982131063,31.73932178326988,27.52043976867167
516,456840,2046.886420347379,0,0,0,0,0,0,0,1,0,2836.643689047451,9536.986195263722,32.67206610849042,45.86442252736889
517,449817,2033.67153021914,0,0,0,0,0,0,0,1,0,391.4985759178707,9217.39265808225,31.60483886603211,32.64953239915584
518,451101,2035.390165562613,0,0,0,0,0,0,0,1,0,542.6681953684521,9496.086091593672,32.54948039214023,34.36816774261597
519,451634,2036.702143759879,0,0,0,0,0,0,0,1,0,6930.141864876033,8719.691753773634,29.9081660811074,35.68014593989083
520,452099,2051.46984969865,0,0,0,0,0,0,0,1,0,2964.959910375079,9252.091596122376,31.69205179869214,50.44785187866548
521,448853,2030.678935085765,0,0,0,0,0,0,0,1,0,6656.173300909934,9398.611738365908,32.19642868332086,29.65693726559786
522,458207,2042.478972942679,0,0,0,0,0,0,0,1,0,2139.042696266927,9773.283425309055,33.46058847048877,41.45697512265662
523,453034,2047.203005674303,0,0,0,0,0,0,0,1,0,466.5829310779191,8784.210905770928,30.13325161390785,46.18100785429839
524,451551,2037.506523707178,0,0,0,0,0,0,0,1,0,2707.130908408712,9360.598941933929,32.0746542287546,36.48452588718917
525,450894,2037.98912255686,0,0,0,0,0,0,0,1,0,1800.06286734768,8611.16182430379,29.56793898153183,36.96712473685873
526,452827,2035.133851610052,0,0,0,0,0,0,0,1,0,454.4408395191348,9141.222564040443,31.35312634965564,34.11185379006636
527,448505,2027.23112236728,0,0,0,0,0,0,0,1,0,248.6464557132502,9315.719806894256,31.93059766146489,26.20912454728737
528,453463,2051.173616648353,0,0,0,0,0,0,0,1,0,663.2677978100348,8892.079751682006,30.48888600023408,50.15161882838094
529,454093,2049.236644598278,0,0,0,0,0,0,0,1,0,125.9912780249966,9347.896505546232,32.02427919956867,48.21464677826371
530,451966,2050.270067963276,0,0,0,0,0,0,0,1,0,7890.901085390828,8852.933711836717,30.37726370713981,49.24807014327467
531,455230,2049.839328486458,0,0,0,0,0,0,0,1,0,755.8808752403066,9634.47416926515,33.01190287230916,48.81733066646825
532,456694,2047.440432996995,0,0,0,0,0,0,0,1,0,5819.71681810108,9985.025828554541,34.15687378691609,46.41843517699973
533,455698,1959.068985814918,0,0,0,0,0,0,0,1,0,31.42155789566108,9294.192836601704,-1,65.65878817074213
534,450747,2030.480685984102,0,0,0,0,0,0,0,1,0,1852.534047295363,9603.20177107107,32.89375690401389,29.45868816410822
535,446474,2023.477680464838,0,0,0,0,0,0,0,1,0,3508.132364356542,9271.729792278264,31.77222136232132,22.45568264482538
536,451869,2041.864228147291,0,0,0,0,0,0,0,1,0,4924.782735023193,9019.703946196067,30.92952708098822,40.84223032728934
537,448776,2026.317575780834,0,0,0,0,0,0,0,1,0,1221.625906214615,9712.381026444085,33.25263324592225,25.29557796085007
538,455584,2031.1711510737,0,0,0,0,0,0,0,1,0,1148.674925711906,9760.983202409952,33.42595071859989,30.14915325368899
539,455938,2043.774842160152,0,0,0,0,0,0,0,1,0,789.1889353990368,9512.930621408153,32.57066254787529,42.75284434016871
540,455007,2048.380082366203,0,0,0,0,0,0,0,1,0,2014.761567850548,9432.133459911915,32.32356995980879,47.35808454620229
541,452593,2042.878375490428,0,0,0,0,0,0,0,1,0,384.5730723477616,8524.300287638091,29.29163225926545,41.85637767050888
542,455032,2045.356565632787,0,0,0,0,0,0,0,1,0,2123.106132547473,9308.460490836667,31.89109830719493,44.33456781280569
543,451246,2044.294023494946,0,0,0,0,0,0,0,1,0,7620.045594978429,8777.726380598548,30.12320106590498,43.27202567472757
544,449326,2029.092591266677,0,0,0,0,0,0,0,1,0,776.3045612357243,9075.870378178486,31.11209200622172,28.07059344668088
545,449329,2037.363540185634,0,0,0,0,0,0,0,1,0,4227.83586917829,8912.486190427571,30.57457295926593,36.34154236564468
546,452172,2020.736412694563,0,0,0,0,0,0,0,1,0,185.5826835195041,9576.889167054427,32.81030078280165,19.71441487459647
547,450003,2050.601335374772,0,0,0,0,0,0,0,1,0,2461.281547892367,8953.630586412775,30.70454318962732,49.5793375547854
548,452970,2045.128138490954,0,0,0,0,0,0,0,1,0,3128.877946637566,9627.996630072372,32.97937730720079,44.10614067097352
549,452443,2030.01409017255,0,0,0,0,0,0,0,1,0,352.212996471518,9555.00431772187,32.71855495372376,28.99209235256005
550,447668,2027.904290928682,0,0,0,0,0,0,0,1,0,94.47147725915431,9139.601592603367,31.33334744925838,26.88229310868417
551,446473,2017.030194005579,0,0,0,0,0,0,0,1,0,4821.883770570482,9246.833311223158,31.68099019779966,16.00819618555767
552,453344,2039.301102730082,0,0,0,0,0,0,0,1,0,261.1081603866514,9564.403371606899,32.74523121031442,38.27910491007497
553,457195,2049.867021730763,0,0,0,0,0,0,0,1,0,4219.705099960207,9133.6844782387,31.33140843855492,48.84502391073472
554,455462,2048.332213099691,0,0,0,0,0,0,0,1,0,668.5765372460676,9135.644677173246,31.30812588055838,47.31021527969258
555,454715,2032.618906354893,0,0,0,0,0,0,0,1,0,914.3557040844426,9808.361574185885,33.55935591490844,31.59690853490694
556,453602,2040.87276088179,0,0,0,0,0,0,0,1,0,866.2076900809903,9672.925105396604,33.11791367558602,39.85076306183102
557,448366,2021.915174150002,0,0,0,0,0,0,0,1,0,175.5723637124778,8482.372916269589,29.11817022453405,20.89317632999458
558,454079,2022.860271722672,0,0,0,0,0,0,0,1,0,292.3488059254046,9865.064426354396,33.74717885899944,21.83827390270291
559,447680,2015.181722644488,0,0,0,0,0,0,0,1,0,2993.636002003746,9198.394730484422,31.51767398574434,14.15972482450005
560,455959,2038.665191102611,0,0,0,0,0,0,0,1,0,801.541606515231,9626.104892434198,32.9628640310643,37.64319328260285
561,454840,2042.500143113619,0,0,0,0,0,0,0,1,0,5825.595135748384,9562.730969959022,32.7500284303181,41.47814529359483
562,449636,2038.981892307019,0,0,0,0,0,0,0,1,0,362.9125720504588,8565.472292038532,29.43125096311164,37.95989448700686
563,456650,2052.073819918941,0,0,0,0,0,0,0,1,0,632.5875812695709,9406.886581659204,32.23720219200744,51.05182209893906
564,446484,2020.530782007884,0,0,0,0,0,0,0,1,0,3094.597392468902,9358.533974727779,32.06675568035125,19.50878418790068
565,450597,2039.068562978093,0,0,0,0,0,0,0,1,0,858.4634281645326,9288.72889457583,31.82121619048763,38.04656515808469
566,453752,2048.115682305924,0,0,0,0,0,0,0,1,0,1641.928676864507,8891.764913897076,30.5149931527413,47.09368448590201
567,448474,2036.763140164098,0,0,0,0,0,0,0,1,0,1396.53846533434,8837.067446137837,30.32054064510256,35.74114234408729
568,453031,2037.856122550363,0,0,0,0,0,0,0,1,0,1268.133549127598,9240.684152604112,31.66846548465055,36.83412473035704
569,455609,2044.693032607157,0,0,0,0,0,0,0,1,0,204.0129251319605,9243.393062243495,31.6875680882924,43.67103478743485
570,445653,2032.84444581689,0,0,0,0,0,0,0,1,0,1437.147514245104,9327.395795607588,31.96253295356153,31.8224479968869
571,451339,2039.45149972628,0,0,0,0,0,0,0,1,0,3672.726711456455,8934.002428213937,30.63456890421388,38.42950190627068
572,451788,2034.02269458374,0,0,0,0,0,0,0,1,0,1519.733792894958,9021.432707164957,30.95160299859112,33.00069676391634
573,447755,2037.399090411755,0,0,0,0,0,0,0,1,0,1285.736264113759,8785.581485927423,30.15713852710256,36.37709259175832
574,454211,2051.518848968365,0,0,0,0,0,0,0,1,0,2709.034135105445,9125.060179751959,31.27804188316016,50.49685114836657
575,437144,2017.482149485842,1,0,0,0,1,0,0,1,0,3139.92319548021,9150.080981552725,31.35660254463669,50.70863001588339
576,456416,2051.300055250761,0,0,0,0,0,0,0,1,0,2372.035367245829,9426.35480261205,32.29368516861701,50.27805743075351
577,448867,2036.248123845083,0,0,0,0,0,0,0,1,0,4977.510959145997,9082.743693194452,31.14807084875961,35.22612602506989
578,456296,2042.498432950723,0,0,0,0,0,0,0,1,0,4594.791365672142,9580.553654274172,32.80608213385293,41.47643513091059
579,454509,2049.60932725186,0,0,0,0,0,0,0,1,0,4051.606455518569,9122.752452144545,31.27669664874774,48.58732943185417
580,452611,2037.117748911232,0,0,0,0,0,0,0,1,0,5284.425455256078,9196.3448679676,31.52559560883318,36.09575109123872
581,447325,2029.033351970186,0,0,0,0,0,0,0,1,0,9418.271400086851,8800.833106863536,30.19787653312915,28.01135415016259
582,450624,2049.848753805983,0,0,0,0,0,0,0,1,0,1738.572072260903,8423.372541679393,28.9534982860521,48.82675598598863
583,449766,2019.122314970334,0,0,0,0,0,0,0,1,0,472.8544446151328,9322.54823705377,31.94847645302951,18.10031715032967
584,448169,2032.644017931013,1,0,0,0,0,0,0,1,0,706.0094572469891,9482.554131375065,32.50371439831151,38.78287344541959
585,454555,2036.367870596366,0,0,0,0,0,0,0,1,0,723.7357522069874,9455.252676697051,32.41027128011515,35.34587277645746
586,448342,2024.610266251246,0,0,0,0,0,0,0,1,0,1333.106734544903,8776.287577125308,30.13080595657625,23.58826843140356
587,452877,2031.862354429992,0,0,0,0,0,0,0,1,0,2339.578402178924,9747.111006023621,33.35778586832357,30.84035660998521
588,451040,2026.119171773648,0,0,0,0,0,0,0,1,0,184.8548742834027,9626.305686523619,32.95746893716259,25.09717395364464
589,451436,2047.48855060736,0,0,0,0,0,0,0,1,0,1252.549041545139,9196.541170162081,31.53545089096358,46.46655278736601
590,450462,2022.732435164447,0,0,0,0,0,0,0,1,0,1876.164816149272,9089.820672416372,31.16316888616291,21.71043734444816
591,450076,2039.757612401575,0,0,0,0,0,0,0,1,0,4695.955987491796,9742.154274460378,33.34782079461909,38.73561458158792
592,451237,2046.513049466542,0,0,0,0,0,0,0,1,0,2219.175701571332,9054.927708065126,31.03476444997727,45.49105164655613
593,450594,2038.548589986554,0,0,0,0,0,0,0,1,0,1922.089414181178,9416.758440211936,32.28203999157657,37.52659216655573
594,449890,2024.210815549159,0,0,0,0,0,0,0,1,0,242.1638910529452,9517.071906610894,32.5943509647221,23.18881772917432
595,450266,2026.171846994334,0,0,0,0,0,0,0,1,0,61.72720414117839,9671.443934636745,33.12555651046518,25.14984917435066
596,447811,2033.790250129386,0,0,0,0,0,0,0,1,0,1819.025123199104,9240.553677034173,31.65047140314816,32.76825230937134
597,451420,2038.270318068204,0,0,0,0,0,0,0,1,0,4509.204757920826,9656.542474926715,33.06871311887316,37.24832024820815
598,446375,2012.533795668994,0,0,0,0,0,0,0,1,0,2255.850669744608,9061.158196198498,31.0541031727019,11.51179784898152
599,458346,2051.267441731274,0,0,0,0,0,0,0,1,0,6009.585568934545,9885.849206782626,33.84349302116464,50.24544391127935
600,454820,2045.506824959389,0,0,0,0,0,0,0,1,0,2944.825317434108,8946.922823330973,30.66777977065492,44.48482713939322
601,448463,2009.189827535695,0,0,0,0,0,0,0,1,0,150.0886332088496,9639.300630882935,33.00883348724209,8.167829715694122
602,451218,2042.004662475474,0,0,0,0,0,0,0,1,0,677.6282663927475,9457.31370957262,32.38129727776066,40.98266465547774
603,452057,2032.31648382752,0,0,0,0,0,0,0,1,0,1813.240295280518,9408.1426645958,32.24578968109978,31.29448600751999
604,452345,2039.521945404021,0,0,0,0,0,0,0,1,0,876.1765571959385,9419.853250730679,32.28147344302727,38.49994758404488
605,448892,2021.885770111924,0,0,0,0,0,0,0,1,0,964.6447435167964,9779.36965391669,33.48618877838695,20.86377229176847
606,456478,2040.995818532935,0,0,0,0,0,0,0,1,0,983.3467381220536,9781.79940301961,33.49323966870171,39.97382071293996
607,446988,2042.766053153056,0,0,0,0,0,0,0,1,0,1144.011024953415,8455.434195064237,29.04879714872624,41.74405533312683
608,449079,2049.933469631804,0,0,0,0,0,0,0,1,0,109.5076908022734,8932.998556142064,30.65119096752574,48.91147181181603
609,450587,2028.197781690255,0,0,0,0,0,0,0,1,0,2538.162012086461,9386.181143981235,32.17194755592046,27.17578387024665
610,450710,2039.66125561646,0,0,0,0,0,0,0,1,0,1147.455227792352,9079.290421104333,31.13231363515179,38.63925779645653
611,454604,2050.797578666846,0,0,0,0,0,0,0,1,0,393.5266926754993,9584.393175813842,32.83558888366132,49.77558084697515
612,448696,2020.423313967463,0,0,0,0,0,0,0,1,0,1036.652279638573,9351.082975374664,32.0232130885519,19.40131614748213
613,451291,2028.889341448341,0,0,0,0,0,0,0,1,0,1934.360728129526,9417.781048533277,32.27491986023621,27.86734362835969
614,454762,2043.024329535406,0,0,0,0,0,0,0,1,0,552.4731912230945,9496.215146981358,32.524987986426,42.00233171540291
615,448897,2028.509277877735,0,0,0,0,0,0,0,1,0,3827.802876182698,9293.992280045302,31.8686718395252,27.48728005774025
616,450096,2040.727327554148,0,0,0,0,0,0,0,1,0,209.1977708723312,9638.033471344866,32.99279665252188,39.70532973414451
617,458502,2048.779423872577,0,0,0,0,0,0,0,1,0,3129.976407521574,9734.447596482029,33.31639118114617,47.75742605257466
618,452989,2039.517193347669,0,0,0,0,0,0,0,1,0,9642.615591961623,9488.586100736209,32.50054705710876,38.495195527654
619,449866,2048.349402422581,0,0,0,0,0,0,0,1,0,1721.776493741036,8760.623027012649,30.06274056499757,47.32740460256753
620,447718,2031.892253695589,0,0,0,0,0,0,0,1,0,5526.095536906136,9149.192748201765,31.38612127543692,30.87025587545551
621,455205,2045.279347051579,0,0,0,0,0,0,0,1,0,31.32518781246051,9139.1140755302,-1,49.80172484283248
622,456007,2050.601841730138,0,0,0,0,0,0,0,1,0,2012.81381254536,9837.202792197997,33.68610782102028,49.57984391015626
623,450396,2036.618838043104,0,0,0,0,0,0,0,1,0,2893.352125893432,9705.955784436488,33.22071439527531,35.59684022308407
624,450225,2041.357923061807,0,0,0,0,0,0,0,1,0,2580.421650827138,9133.219440531378,31.32247390022947,40.33592524180376
625,456342,2052.378504686072,0,0,0,0,0,0,0,1,0,5906.693224067343,9436.281161763411,32.30831985274929,51.35650686571238
626,453278,2034.298871672761,0,0,0,0,0,0,0,1,0,1863.316326186221,9362.298193513196,32.07542176062563,33.2768738527337
627,450073,2042.067854109046,0,0,0,0,0,0,0,1,0,1020.560688216066,9149.061352004403,31.36627877918846,41.04585628903637
628,458139,2049.658453705651,0,0,0,0,0,0,0,1,0,2654.91375210538,9562.038245514457,32.74873242857211,48.63645588565213
629,457895,2043.227553652488,0,0,0,0,0,0,0,1,0,1386.817433384906,9514.143131702707,32.57624809963885,42.20555583247518
630,453235,2039.411432491828,0,0,0,0,0,0,0,1,0,3500.04153135156,9437.035540029028,32.32199536952779,38.38943467154065
631,444232,2000.000000000054,0,0,0,0,0,0,0,0,0,12828.80900759859,9588.167428071214,32.82973135128353,-1
632,453252,2044.309155271622,0,0,0,0,0,0,0,1,0,6112.138517626198,9495.891210505635,32.50588641964509,43.28715745169993
633,454343,2045.966765040944,0,0,0,0,0,0,0,1,0,2350.945493488622,9286.381238954404,31.816898805894,44.94476722094748
634,451020,2045.375873938818,0,0,0,0,0,0,0,1,0,1243.555562364878,9067.826481007,31.07962241247408,44.35387611881989
635,457029,2052.083654813792,0,0,0,0,0,0,0,1,0,1970.252609643312,9346.828296194601,32.00839191575673,51.06165699381076
636,452477,2033.035427202345,0,0,0,0,0,0,0,1,0,205.6577092727806,9694.191943767977,33.19021194555894,32.01342938235058
637,456391,2044.194698483728,0,0,0,0,0,0,0,1,0,93.21819081676449,9549.542132929544,32.71570665518757,43.17270066375152
638,451921,2052.104425280767,0,0,0,0,0,0,0,1,0,495.7404464023229,9144.744865753759,31.35286802210613,51.08242746077801
639,452749,2033.728060598637,0,0,0,0,0,0,0,1,0,479.1259220053705,9705.370704578847,33.24055136941602,32.70606277864434
640,452395,2040.334465841481,0,0,0,0,0,0,0,1,0,2258.35028934933,9256.810083027327,31.72433175161272,39.31246802150168
641,448196,2022.046170677871,0,0,0,0,0,0,0,1,0,3283.422835775666,9505.53871924419,32.54978532481332,21.02417285787588
642,456592,2050.74752894803,0,0,0,0,0,0,0,1,0,1887.359894859678,9101.007566135642,31.18752260475232,49.72553112802618
643,454697,2026.388709352978,0,0,0,0,0,0,0,1,0,987.8669936665571,9884.24275189869,33.85558021510393,25.36671153298527
644,451632,2046.045108536139,0,0,0,0,0,0,0,1,0,3363.442179472863,9210.726177776838,31.56443813042378,45.02311071613838
645,448969,2034.843549402708,0,0,0,0,0,0,0,1,0,3969.049724492609,8577.119797518262,29.43243741202582,33.82155158254404
646,453475,2045.156412091084,0,0,0,0,0,0,0,1,0,1045.980863359005,9675.896358767348,33.13132190302308,44.13441427157957
647,453016,2053.339977686467,0,0,0,0,0,0,0,1,0,1549.983905456211,9337.709699933735,31.99058968312985,52.31797986649662
648,453708,2035.010828207075,0,0,0,0,0,0,0,1,0,1487.073718937732,9220.447869570444,31.62786885311779,33.98883038707403
649,448670,2027.07253021949,0,0,0,0,0,0,0,1,0,1696.6315342106,9656.425714571065,33.06941452680102,26.05053239949734
650,450784,2040.70289380563,0,0,0,0,0,0,0,1,0,757.566989511853,8678.404995905794,29.78501953084915,39.68089598564839
651,451648,2024.197339345516,0,0,0,0,0,0,0,1,0,3310.890904396258,9510.570601310359,32.58802730005659,23.17534152552255
652,449976,2020.273676835508,0,0,0,0,0,0,0,1,0,1177.661304512952,9617.364251467796,32.94377331761033,19.25167901550523
653,456106,2047.13789287321,0,0,0,0,0,0,0,1,0,2931.15353471555,9194.011706162044,31.54086684252833,46.11589505318625
654,448153,2026.212741916949,0,0,0,0,0,0,0,1,0,1560.003967940923,8474.580705293403,29.09922272256822,25.19074409695833
655,452965,2041.649286402931,0,0,0,0,0,0,0,1,0,2732.703969033258,8964.611149179964,30.74893701158892,40.62728858291996
656,455336,2051.99056940995,0,0,0,0,0,0,0,1,0,1388.997809100003,9405.074214328113,32.21803170243052,50.96857158995879
657,454182,2051.466264600779,0,0,0,0,0,0,0,1,0,808.8964119501345,9239.77968608146,31.6743308489672,50.44426678075325
658,446133,2025.767750840504,1,0,0,0,0,0,0,1,0,281.9199321263907,8912.082718596686,30.55534294629337,39.18021837055328
659,450379,2026.399522703183,0,0,0,0,0,0,0,1,0,2947.235486447494,9515.392833946376,32.59678041495586,25.37752488316108
660,452919,2034.670959977519,0,0,0,0,0,0,0,1,0,517.2004013467832,9622.028345689663,32.94668679993858,33.64896215751489
661,453698,2051.039891274646,0,0,0,0,0,0,0,1,0,1233.539276187648,9584.144543128994,32.82684853990827,50.01789345463759
662,451756,2041.777852486697,0,0,0,0,0,0,0,1,0,1216.914415645374,8951.287792649324,30.7108679535394,40.75585466670166
663,453117,2045.092383180006,0,0,0,0,0,0,0,1,0,1375.36882203891,9293.783549281381,31.83900123324437,44.07038536000721
664,457205,2050.216486955769,0,0,0,0,0,0,0,1,0,1226.839259925284,9479.927541340325,32.47063241242145,49.1944891356912
665,455620,2052.31343028588,0,0,0,0,0,0,0,1,0,3308.824010789834,9533.179560526623,32.64614393092364,51.29143246587986
666,463905,2050.05745504601,0,0,0,0,0,0,0,1,0,1842.519754444219,10009.56932686662,34.26547847254025,49.03545722601567
667,447390,2041.202058522026,0,0,0,0,0,0,0,1,0,734.9104434594902,9407.829215524582,32.2447396011064,40.18006070205011
668,453356,2050.611117609391,0,0,0,0,0,0,0,1,0,1789.372088204046,9349.633309235347,32.0369493175813,49.58911978883683
669,449524,2042.558272279911,0,0,0,0,0,0,0,1,0,1052.69658408767,8830.682827431099,30.29126009753489,41.53627445840598
670,453785,2053.311500117868,0,0,0,0,0,0,0,1,0,925.1042832122025,9331.998850287082,31.96962040716998,52.28950229785432
671,450397,2015.204757497034,0,0,0,0,0,0,0,1,0,5689.562790960828,9908.019012300567,33.89905875387119,14.18275967702929
672,443008,2018.206047102517,0,0,0,0,0,0,0,1,0,904.5297950884528,9092.085307379888,31.1920849947025,17.18404928252095
673,451298,2034.971099029922,0,0,0,0,0,0,0,1,0,918.8765784069748,9494.08054503819,32.52334823326922,33.94910120990918
674,450426,2049.897786451707,0,0,0,0,0,0,0,1,0,463.1184999223722,9327.347337371701,31.9417207605243,48.8757886316976
675,451881,2043.566434021048,0,0,0,0,0,0,0,1,0,3994.455217373405,9483.190759309315,32.48669260612265,42.54443620087606
676,448400,2028.443398508088,0,0,0,0,0,0,0,1,0,3876.029811717736,8928.429847443027,30.6277772804739,27.42140068805987
677,454603,2037.884354328484,0,0,0,0,0,0,0,1,0,2917.677039877944,9385.625777750853,32.14253394434895,36.86235650847529
678,452401,2049.687543294006,0,0,0,0,0,0,0,1,0,517.1529943550363,9373.700891289289,32.11997923979447,48.6655454740048
679,454186,2042.823037810678,0,0,0,0,0,0,0,1,0,1572.625048242087,8956.17827175419,30.71356887374361,41.80103999068152
680,447968,2019.622573172763,0,0,0,0,0,0,0,1,0,3244.363203937262,9650.842668065476,33.05301437033371,18.60057535276843
681,445700,2029.856674492388,0,0,0,0,0,0,0,1,0,881.5940828201805,9387.036322995067,32.14572912581238,28.83467667242432
682,458631,2050.216339114159,0,0,0,0,0,0,0,1,0,1037.138448516984,9496.818934847,32.52547829961028,49.1943412941538
683,443730,2033.596159832044,0,0,0,0,0,0,0,1,0,875.8516610140646,8821.621544993901,30.26342173809351,32.57416201205324
684,451388,2039.282260443849,0,0,0,0,0,0,0,1,0,4147.558183815107,8923.200532358804,30.60544566608642,38.26026262384591
685,454052,2047.655122948889,0,0,0,0,0,0,0,1,0,2885.434027813079,9202.194908623958,31.53750583481416,46.63312512888258
686,449117,2030.167130783142,0,0,0,0,0,0,0,1,0,332.2877163555764,9125.640445988043,31.27202865466379,29.14513296313947
687,451852,2031.425429356641,0,0,0,0,0,0,0,1,0,522.2365760966534,9415.031706325761,32.24681631986533,30.40343153575129
688,443798,2000.000000000001,0,0,0,0,0,0,0,0,0,13080.59016657787,9596.077311955743,32.87217098829171,-1
689,447203,2026.37180653288,0,0,0,0,0,0,0,1,0,1353.319115584007,8532.905468303492,29.3217760675474,25.34980871291079
690,448698,2021.211472201995,0,0,0,0,0,0,0,1,0,6111.028729842719,9327.889315042605,31.96295698074661,20.18947438199069
691,453528,2047.013790646433,0,0,0,0,0,0,0,1,0,40.14807324337354,9209.561905763134,31.55979915528365,45.99179282644157
692,448840,2037.940497333307,0,0,0,0,0,0,0,1,0,2727.414775662737,9017.705799140709,30.91573617499707,36.91849951315808
693,454507,2053.166006356477,0,0,0,0,0,0,0,1,0,86.66311016421763,9604.87303564345,32.89848089796614,52.14400853658575
694,453278,2034.771668083968,0,0,0,0,0,0,0,1,0,929.4559252291488,9737.53795060821,33.33373963217839,33.74967026396851
695,454778,2041.794095019078,0,0,0,0,0,0,0,1,0,1368.149307876858,9601.667347578565,32.90497435110485,40.7720971990932
696,454000,2034.154491809911,0,0,0,0,0,0,0,1,0,1711.615635483188,9525.278481521471,32.6608160622136,33.13249398991593
697,454079,2046.033834188873,0,0,0,0,0,0,0,1,0,9871.018769578513,8383.415961094013,28.80290607898728,45.01183636887721
698,454125,2042.433949032701,0,0,0,0,0,0,0,1,0,35.39801823901364,9347.739144307789,32.02522629058934,41.41195121271634
699,452181,2044.680100066937,0,0,0,0,0,0,0,1,0,1999.579258305272,9448.541829014879,32.37209762967926,43.65810224696453
700,448719,2046.16709212264,0,0,0,0,0,0,0,1,0,2067.842206184571,7425.288591557663,25.6037159120686,45.14509430266956
701,451208,2037.390606094611,0,0,0,0,0,0,0,1,0,5507.140195862499,9632.106837775847,32.99459921720018,36.3686082746199
702,448756,2016.535932289323,0,0,0,0,0,0,0,1,0,1779.773337494605,9493.637944976499,32.51372817244108,15.51393446932661
703,450863,2023.794238224368,0,0,0,0,0,0,0,1,0,774.1360547175899,9613.671103126653,32.93145653720438,22.77224040437297
704,451959,2028.838604840643,0,0,0,0,0,0,0,1,0,772.170589327789,9130.325509808674,31.32455640143305,27.81660702063067
705,453163,2046.677585590831,0,0,0,0,0,0,0,1,0,1930.188531628992,9610.056500304639,32.91750087808077,45.65558777082662
706,454046,2050.173611760299,0,0,0,0,0,0,0,1,0,1552.10008543345,9002.695879493167,30.89698507259975,49.15161394028804
707,447704,2032.151427015575,0,0,0,0,0,0,0,1,0,933.7265940313757,9048.461714546889,31.02545844372347,31.1294291956223
708,453770,2047.988521160047,0,0,0,0,0,0,0,1,0,6366.438935806204,9609.956435242657,32.90972405694436,46.96652334005198
709,450623,2028.71609242727,0,0,0,0,0,0,0,1,0,2146.033621578102,9639.780114794019,33.01532675130851,27.69409460726763
710,453712,2026.292424063948,0,0,0,0,0,0,0,1,0,580.428815017814,9739.915383358117,33.34434017128859,25.27042624394194
711,449877,2024.45130889729,0,0,0,0,0,0,0,1,0,3467.851690796654,9442.335920554644,32.37221562089822,23.4293110772653
712,449279,2014.132921918869,0,0,0,0,0,0,0,1,0,1647.113442377509,9377.65503980026,32.14675280988023,13.1109240988594
713,454744,2052.568409438549,0,0,0,0,0,0,0,1,0,2510.829421973162,9507.437028507622,32.56915100452228,51.54641161855746
714,453746,2039.74960204373,0,0,0,0,0,0,0,1,0,1845.408933858458,9551.603172003612,32.70832974147864,38.7276042237116
715,448759,2032.57552254914,0,0,0,0,0,0,0,1,0,2178.123102785561,9222.264915939491,31.59915583237238,31.55352472913828
716,454072,2036.451388082261,0,0,0,0,0,0,0,1,0,1729.083915132971,9699.752283328529,33.21708469855651,35.42939026224482
717,454021,2037.612516519803,0,0,0,0,0,0,0,1,0,2670.597262441288,9514.748188000407,32.58328269009172,36.59051869978435
718,453777,2046.721258361717,0,0,0,0,0,0,0,1,0,902.9643498684098,8859.041692827364,30.38703590198431,45.69926054173179
719,453608,2040.064812838858,0,0,0,0,0,0,0,1,0,1043.266006009245,9608.579019463377,32.90651549704766,39.04281501883588
720,450499,2033.019822631447,0,0,0,0,0,0,0,1,0,1205.204682382081,9503.205252039843,32.53726020242534,31.99782481145117
721,448573,2019.91484058558,0,0,0,0,0,0,0,1,0,712.806742040216,9278.897022876003,31.81845416169966,18.89284276558469
722,450870,2029.102419049244,0,0,0,0,0,0,0,1,0,178.7289816837838,9467.378063086268,32.41442182059429,28.08042122925319
723,453884,2034.592598119511,0,0,0,0,0,0,0,1,0,3220.292931911842,9308.616363674904,31.91332304788811,33.5706002995234
724,450540,2050.021609217799,0,0,0,0,0,0,0,1,0,619.7294941810748,8841.162490431845,30.32419156031679,48.99961139750874
725,450853,2020.955318250513,0,0,0,0,0,0,0,1,0,2095.069696838665,9569.780897105253,32.75595401349513,19.93332043051224
726,456274,2052.151017167701,0,0,0,0,0,0,0,1,0,862.7219050785326,9351.826004329305,32.04438735250145,51.12901934753554
727,454040,2040.853000911828,0,0,0,0,0,0,0,1,0,1493.981834503779,9492.847624078282,32.52588917816313,39.83100309152653
728,454363,2038.923034493365,0,0,0,0,0,0,0,1,0,312.9712803822464,9549.007812087542,32.70613655420634,37.90103667334288
729,449866,2034.970186711185,0,0,0,0,0,0,0,1,0,644.5419073592921,9597.776366371652,32.85556571684737,33.94818889120516
730,449230,2026.000068852277,0,0,0,0,0,0,0,1,0,828.7826610831468,9581.919612483407,32.82239700080595,24.97807103228134
731,456476,2047.240377485445,0,0,0,0,0,0,0,1,0,371.5795371957345,9169.312640873752,31.44240429150796,46.21837966545791
732,449435,2028.344663327249,0,0,0,0,0,0,0,1,0,933.0803635989064,9361.671073278327,32.06264605072853,27.32266550723515
733,446192,2022.527174682511,0,0,0,0,0,0,0,1,0,2517.462888783784,9007.513074245502,30.87777620224968,21.50517686236996
734,450504,2051.219098162978,0,0,0,0,0,0,0,1,0,339.1098824125367,9446.024795778159,32.36147555875565,50.19710034299591
735,450570,2019.401686037315,0,0,0,0,0,0,0,1,0,136.9794736841828,9354.333808428704,32.06179013980856,18.37968821732026
736,455129,2040.483821688995,0,0,0,0,0,0,0,1,0,1667.486996206799,9735.725310332478,33.32598503748918,39.46182386898451
737,454391,2043.286287350745,0,0,0,0,0,0,0,1,0,193.9964115360294,9677.767793913052,33.16629290513701,42.26428953092601
738,449627,2029.047165187741,0,0,0,0,0,0,0,1,0,224.0529975705143,8647.259604664278,29.68597560056384,28.02516736586295
739,460218,2048.309221260264,0,0,0,0,0,0,0,1,0,2111.873172216971,10029.25108141986,34.33150893573347,47.28722344033113
740,456962,2046.071037444621,0,0,0,0,0,0,0,1,0,1612.631462044429,9400.549747264642,32.20849387477573,45.04903962464387
741,450368,2042.34125097376,0,0,0,0,0,0,0,1,0,2431.65059273377,8477.754139066221,29.11077699616137,41.31925315374355
742,452055,2016.388105271315,0,0,0,0,0,0,0,1,0,1569.01094166561,9813.688741754566,33.59245919265482,15.36610745132523
743,456023,2049.370181722734,0,0,0,0,0,0,0,1,0,314.5189314652272,9144.226592511772,31.35809391095503,48.34818390273126
744,450099,2030.386472700092,0,0,0,0,0,0,0,1,0,751.6826164529498,9368.801251039065,32.10352547464511,29.36447487984767
745,452951,2032.743635496017,0,0,0,0,0,0,0,1,0,2539.44847458993,9632.455301081802,32.96706251301495,31.72163767617574
746,449149,2034.89549085888,0,0,0,0,0,0,0,1,0,1343.735205039219,9065.385842987367,31.0968994631319,33.87349303887923
747,453324,2036.967269693484,0,0,0,0,0,0,0,1,0,380.4411747243714,9583.944335811098,32.82977416748825,35.94527187459183
748,452219,2032.762305220654,0,0,0,0,0,0,0,1,0,721.0641778859834,9599.208234448126,32.88094617419723,31.7403074006653
749,446477,2037.087459616766,0,0,0,0,0,0,0,1,0,831.5592709810152,8353.417372568225,28.69900268339229,36.06546179676796
750,452885,2045.060142174463,0,0,0,0,0,0,0,1,0,1835.250144658564,9101.22476315381,31.18166242448277,44.03814435445602
751,450179,2008.425693821807,0,0,0,0,0,0,0,1,0,296.3984433651743,9781.681502700285,33.48727212875302,7.403696001802241
752,453770,2049.911619103677,0,0,0,0,0,0,0,1,0,1152.667213669035,9086.914137674759,31.16158330076736,48.88962128375598
753,455326,2048.388263863865,0,0,0,0,0,0,0,1,0,7021.300123440075,9437.970378150156,32.33984115973441,47.36626604387169
754,457455,2047.781415530184,0,0,0,0,0,0,0,1,0,5069.630340236341,9557.324948691135,32.73125063592688,46.75941771019507
755,450649,2051.018949527427,0,0,0,0,0,0,0,1,0,1304.349609897583,9319.307256706292,31.92877585880411,49.99695170743313
756,446895,2012.933263835058,0,0,0,0,0,0,0,1,0,3203.51552360097,9538.295905186676,32.677293765621,11.91126601505945
757,452950,2048.517888911368,0,0,0,0,0,0,0,1,0,1045.308746972557,9240.294994253944,31.65833665145761,47.49589109137373
758,441654,2024.754990325306,0,0,0,0,0,0,0,1,0,106.6873965611366,8363.092210228884,28.74741598817203,23.73299250515438
759,447519,2029.83353953987,1,0,0,0,0,0,0,1,0,178.8452421595791,9101.257414200156,31.21686580616595,43.24600707001007
760,448180,2035.705276042818,0,0,0,0,0,0,0,1,0,749.1168778099773,9378.847466120418,32.15422632214461,34.68327822280315
761,450327,2030.99267340194,0,0,0,0,0,0,0,1,0,2794.167397375159,9353.255588339875,32.03128727325692,29.97067558194969
762,448337,2024.90701556125,0,0,0,0,0,0,0,1,0,674.739177745849,9085.119446900037,31.15099514785507,23.88501774125162
763,453904,2029.050413046006,0,0,0,0,0,0,0,1,0,2177.150043534381,9449.261792840891,32.36576318547579,28.02841522602401
764,449654,2017.427886339774,0,0,0,0,0,0,0,1,0,4000.57158823611,9458.464740785983,32.38744264607913,16.40588851977587
765,450206,2031.72248509335,0,0,0,0,0,0,0,1,0,1082.150941902371,9243.329726952479,31.68494760762949,30.70048727333805
766,449356,2043.137412987777,0,0,0,0,0,0,0,1,0,2042.002682700093,9050.888058921111,31.04994611047293,42.11541516776358
767,445082,2015.707721071604,0,0,0,0,0,0,0,1,0,784.7831624818028,9178.35687512519,31.47098145245035,14.68572325095366
768,443441,2013.116037307558,0,0,0,0,1,0,0,1,0,3433.036169847372,9259.89097264126,31.72744571206837,12.09403948744367
769,447439,2029.565492352982,0,0,0,0,0,0,0,1,0,864.8484624131004,8817.007027672073,30.25030037321059,28.54349453299151
770,447908,2026.460262376698,0,0,0,0,0,0,0,1,0,124.9684344850812,9616.643142717236,32.93413756784009,25.43826455668312
771,445328,2019.477409843733,0,0,0,0,0,0,0,1,0,973.2330979275712,9298.64825593089,31.86504495773382,18.4554120237219
772,454639,2050.329087443795,0,0,0,0,0,0,0,1,0,2471.481687360567,9464.045714734661,32.44660607493525,49.30708962380171
773,457384,2052.101177839129,0,0,0,0,0,0,0,1,0,797.4881562373511,9261.786260557019,31.7229784366778,51.07918001911649
774,446473,2026.628636837247,0,0,0,0,0,0,0,1,0,361.2801629124073,8880.22213359009,30.46526578336996,25.60663901706018
775,452499,2028.77201578901,0,0,0,0,0,0,0,1,0,1078.502679425358,9630.288202724654,32.98963342029253,27.75001796902871
776,451219,2038.873283717374,0,0,0,0,0,0,0,1,0,1099.072283131205,9405.352635862693,32.22408654519084,37.85128589735431
777,455106,2041.540540474042,0,0,0,0,0,0,0,1,0,524.1995976980869,9187.817929423669,31.49787519756091,40.51854265403924
778,448251,2032.354532656582,0,0,0,0,0,0,0,1,0,1136.895927848684,9035.96822925501,30.98041044416131,31.33253483658655
779,452368,2030.37954060849,0,0,0,0,0,0,0,1,0,1223.43098983055,9271.579137688836,31.7615472776818,29.3575427891691
780,456186,2050.213845167908,0,0,0,0,0,0,0,1,0,2451.309785944192,9469.022317664429,32.44039456481546,49.19184734790744
781,452136,2031.153478089501,0,0,0,0,0,0,0,1,0,835.1553595227351,9589.692732314144,32.81615266001051,30.13148026948692
782,453260,2033.683559463495,0,0,0,0,0,0,0,1,0,1789.782411735086,9541.233938930925,32.68016303532301,32.66156164349393
783,452259,2037.889314987906,0,0,0,0,0,0,0,1,0,5750.806582726304,9434.726248076946,32.31776792486965,36.8673171679411
784,455268,2039.895958228953,0,0,0,0,0,0,0,1,0,2212.542856916574,9863.116653042976,33.76434456195587,38.8739604089393
785,449837,2039.864493021098,0,0,0,0,0,0,0,1,0,1343.638442357552,9185.466387678014,31.49033513883443,38.84249520109919
786,451555,2040.354939250056,0,0,0,0,0,0,0,1,0,3813.640794504615,9560.083497835223,32.73258437430625,39.33294143003584
787,457268,2050.419101555289,0,0,0,0,0,0,0,1,0,233.7968415401984,9593.601592002484,32.87308560984125,49.3971037352687
788,453615,2035.351125053597,0,0,0,0,0,0,0,1,0,232.4843706539206,9237.893133612162,31.66901293411915,34.32912723358415
789,450975,2030.950351856792,0,0,0,0,0,0,0,1,0,2292.276159463969,9366.988667906229,32.09223799075138,29.92835403679263
790,451589,2036.798174098285,0,0,0,0,0,0,0,1,0,1359.365716828965,9214.636497974692,31.58541114341232,35.77617627827484
791,451269,2025.095572654574,0,0,0,0,0,0,0,1,0,7872.083716272811,9581.572700085328,32.8339824818401,24.07357483456767
792,454090,2048.512341774163,0,0,0,0,0,0,0,1,0,2110.127002954495,9422.632874358367,32.28431171300054,47.49034395417296
793,446727,2017.949584768052,0,0,0,0,0,0,0,1,0,3151.119669166522,9085.011834273519,31.16037478510221,16.92758694801958
794,447954,2034.284639468376,0,0,0,0,0,0,0,1,0,3753.47039580582,9119.337811349284,31.27414926460602,33.26264164838337
795,442839,2016.747922741965,0,0,0,0,0,0,0,1,0,1299.178840082938,9047.276977617605,31.02998204744595,15.72592492197008
796,452655,2026.720650638999,0,0,0,0,0,0,0,1,0,478.9640830463836,9779.771270295943,33.47470122157178,25.69865281900696
797,451116,2040.361742981671,0,0,0,0,0,0,0,1,0,2664.055971717667,9271.298949740232,31.77141912258494,39.33974516166737
798,453002,2051.982985676724,0,0,0,0,0,0,0,1,0,2476.50927287582,8963.86959834954,30.74161934913117,50.96098785673045
799,457336,2041.946041820909,0,0,0,0,0,0,0,1,0,293.8306090690313,9608.647245779985,32.9043892989241,40.92404400090034
800,454492,2038.645793525138,0,0,0,0,0,0,0,1,0,373.1419114046203,9611.192574412529,32.91360005100057,37.62379570513902
801,449539,2049.674344146605,0,0,0,0,0,0,0,1,0,694.4813399548428,8359.74126303537,28.73045804298322,48.65234632660685
802,457140,2048.553583734991,0,0,0,0,0,0,0,1,0,4099.272492196863,9843.364617580894,33.70371867959764,47.53158591499536
803,454526,2051.074652300316,0,0,0,0,0,0,0,1,0,1786.033938796447,9197.073867411042,31.52768570402456,50.05265448030667
804,447162,2022.15820234673,0,0,0,0,0,0,0,1,0,5843.522509315208,8739.454347696119,30.01139211205397,21.13620452672066
805,451819,2034.857787046311,0,0,0,0,0,0,0,1,0,436.2603001522893,9245.441812746714,31.67271815917388,33.83578922677524
806,448036,2037.842598788777,0,0,0,0,0,0,0,1,0,774.9095635514211,8767.715130633625,30.08172925656975,36.82060096874334
807,447562,2024.76975091693,0,0,0,0,0,0,0,1,0,1124.231646038654,9341.078016053161,32.00750542565243,23.74775309693746
808,445520,2017.949933961891,0,0,0,0,0,0,0,1,0,152.4127681120347,9000.531385950368,30.87574092954894,16.92793614204484
809,448954,2028.846044059682,0,0,0,0,0,0,0,1,0,1294.801391074871,9495.97575498558,32.52916481924951,27.82404623968713
810,452622,2049.277646241913,0,0,0,0,0,0,0,1,0,1342.514251648997,9063.33107251183,31.08880303986817,48.25564842191572
811,448810,2024.181109939653,0,0,0,0,0,0,0,1,0,1847.687252007444,9286.109993148972,31.81817398797199,23.1591121196557
812,452615,2041.499196360502,0,0,0,0,0,0,0,1,0,1597.540967969179,9294.49915869303,31.85198348710821,40.47719854051599
813,449845,2021.836169353282,0,0,0,0,0,0,0,1,0,881.1707210109877,9432.506849133204,32.32102268534579,20.81417153328555
814,451525,2047.491597360262,0,0,0,0,0,0,0,1,0,4140.747915075423,9220.632403979669,31.61851679944616,46.46959954028404
815,448074,2028.959080766144,0,0,0,0,0,0,0,1,0,6300.744185417103,9105.212052827002,31.22619299686898,27.93708294616336
816,448987,2047.422944690598,0,0,0,0,0,0,0,1,0,415.9933589810686,9115.763820836237,31.26809331646112,46.40094687064492
817,451399,2053.003559095553,0,0,0,0,0,0,0,1,0,4689.555142196467,8919.999942489063,30.59811353235671,51.98156127555515
818,455062,2051.808997868166,0,0,0,0,0,0,0,1,0,1263.105207345959,9375.429243289158,32.13022504016612,50.78700004817869
819,446159,2012.692379002345,0,0,0,0,0,0,0,1,0,3333.051005786869,9316.293619909491,31.91508206185526,11.67038118233821
820,443928,2018.840026343234,0,0,0,0,0,0,0,1,0,1721.814510834982,9275.850077622848,31.79721659928618,17.81802852324081
821,453648,2044.952210349755,0,0,0,0,0,0,0,1,0,2216.732833419813,9224.608446501046,31.61372014619634,43.93021252977283
822,455054,2049.019509745317,0,0,0,0,0,0,0,1,0,7830.323928471073,9426.224882158131,32.27671944515452,47.99751192530984
823,451429,2043.39571853482,0,0,0,0,0,0,0,1,0,1408.201586805638,9649.324026516584,33.0441313512379,42.37372071481918
824,455462,2038.753653416966,0,0,0,0,0,0,0,1,0,240.111142010619,9470.17115316799,32.44337888162151,37.73165559694962
825,453802,2043.937555597652,0,0,0,0,0,0,0,1,0,186.7516862008021,9357.531738762606,32.06848933025591,42.91555777765667
826,453834,2036.521081419687,0,0,0,0,0,0,0,1,0,1538.232373083457,8957.472435888239,30.7297820149562,35.49908359967115
827,451142,2035.023066889197,0,0,0,0,0,0,0,1,0,2556.706101247864,9095.052420644648,31.20084226854684,34.00106906920078
828,450465,2027.015537838359,0,0,0,0,0,0,0,1,0,432.1006532921818,9370.383881514992,32.09380719165095,25.99354001834893
829,452093,2034.465691529002,0,0,0,0,0,0,0,1,0,588.1253079712254,9297.26940584588,31.86653589092922,33.44369370900314
830,455588,2052.399406054455,0,0,0,0,0,0,0,1,0,729.5116177755917,9363.33989689517,32.08546674325784,51.37740823444436
831,454609,2044.879197755476,0,0,0,0,0,0,0,1,0,594.6915928850253,9537.89472788155,32.65720393947129,43.85719993545766
832,451631,2047.206700155424,0,0,0,0,0,0,0,1,0,1175.494088430382,9125.845270273112,31.28849119621698,46.18470233470302
833,450677,2045.574495450309,1,0,0,0,0,0,0,1,0,1248.344063982878,9245.968861841431,31.6704531414176,51.71335096471319
834,449929,2051.493127470794,0,0,0,0,0,0,0,1,0,325.0768533252967,8957.946012247397,30.72142207415013,50.47112965080599
835,450717,2032.167545022129,0,0,0,0,0,0,0,1,0,2547.182596734602,9372.282986883853,32.12212063204917,31.14554720214516
836,455054,2037.209403207782,0,0,0,0,0,0,0,1,0,3893.910235192964,9540.634763095204,32.69153274207843,36.1874053877955
837,453690,2033.109793774166,0,0,0,0,0,0,0,1,0,2103.134197741402,9630.591665764094,32.98281773509439,32.08779595415232
838,448194,2043.074786926398,0,0,0,0,0,0,0,1,0,1860.323389227141,8785.559009835422,30.14426979336554,42.05278910639982
839,450709,2025.588511983479,0,0,0,0,0,0,0,1,0,6044.378991193797,10046.91446830833,34.38139794957359,24.56651416349392
840,449659,2034.37089330209,0,0,0,0,0,0,0,1,0,3382.503786791937,9451.484325956339,32.36912733248581,33.34889548209532
841,449841,2048.630322783717,0,0,0,0,0,0,0,1,0,161.8831245533441,8810.977158013035,30.23229411267092,47.60832496370184
842,451718,2033.723649587301,0,0,0,0,0,0,0,1,0,703.3474432106862,9487.923931313775,32.50501053057567,32.70165176730151
843,447969,2021.154156508163,0,0,0,0,0,0,0,1,0,4019.090987834041,9622.354730455698,32.95743346745217,20.13215868814191
844,450354,2020.06500459364,0,0,0,0,0,0,0,1,0,1916.900106100137,9453.248772899886,32.38309115138961,19.0430067736248
845,454847,2048.529219857421,0,0,0,0,0,0,0,1,0,4964.562367640361,9457.632131828774,32.40080157288471,47.50722203742127
846,454988,2041.039839405028,0,0,0,0,0,0,0,1,0,4334.383656817057,9249.396132068527,31.68772158664789,40.0178415850241
847,449406,2026.790555801615,0,0,0,0,0,0,0,1,0,4563.653576958799,9460.783180078013,32.41328913334539,25.76855798212054
848,455023,2052.353057846737,0,0,0,0,0,0,0,1,0,833.5878760282066,9377.400377472577,32.10727225589212,51.33106002671835
849,443443,1999.999999999966,0,0,0,0,0,0,0,0,0,15847.96722685634,8928.337863804967,30.62355018101337,-1
850,451481,2036.097713877333,0,0,0,0,0,0,0,1,0,1299.205083436137,9474.349868720707,32.45464715175746,35.07571605731761
851,448509,2028.966511844658,0,0,0,0,0,0,0,1,0,1375.90036817178,8723.468893666744,29.9595692570717,27.94451402467571
852,454388,2042.999941663306,0,0,0,0,0,0,0,1,0,42.18952536623009,9524.285368506353,32.63031487639509,41.97794384329971
853,453059,2031.032714818045,0,0,0,0,0,0,0,1,0,4580.116550906719,9268.484097715982,31.76958893691055,30.01071699804718
854,443846,2013.30123295601,0,0,0,0,0,0,0,1,0,59.0927938410912,9083.152915151393,31.13404642826595,12.27923513600337
855,454885,2052.510432519246,0,0,0,0,0,0,0,1,0,3035.401538124267,9369.691248374758,32.10986755531356,51.4884346992307
856,450924,2035.863836843809,0,0,0,0,0,0,0,1,0,1228.700219744278,9080.858126676378,31.13237878463246,34.84183902381453
857,442447,2016.589908853375,0,0,0,0,0,0,0,1,0,362.3106042980319,8258.971655050698,28.37259727472612,15.56791103356766
858,457162,2049.806776315325,0,0,0,0,1,0,0,1,0,607.6981435131122,9582.303641526283,32.8160251408499,48.78477849532631
859,452440,2039.8788379085,0,0,0,0,0,0,0,1,0,2078.52048512397,9303.244750748168,31.89885939561183,38.8568400885035
860,459799,2038.58380856423,0,0,0,0,0,0,0,1,0,2734.060866692885,9876.130332207151,33.80397609832157,37.56181074421481
861,452053,2049.88711243287,0,0,0,0,0,0,0,1,0,99.13833832716935,9306.210991049775,31.89295822829745,48.86511461286708
862,445052,2016.632455093165,0,0,0,0,0,0,0,1,0,537.2205510663962,9418.953400123526,32.27160804150291,15.61045727370684
863,451213,2038.440548140219,0,0,0,0,0,0,0,1,0,2580.334052330144,9307.045427904528,31.89281464723187,37.4185503202412
864,448430,2032.676495239092,0,0,0,0,0,0,0,1,0,3677.790191044875,9024.632217107899,30.94655902289527,31.65449741906983
865,452926,2026.91195175644,0,0,0,0,0,0,0,1,0,205.190593580663,9328.901452385144,31.97592332925351,25.88995393645825
866,448707,2036.167705139908,0,0,0,0,0,0,0,1,0,1080.875456572314,9583.426272693967,32.81079376689237,35.14570731990545
867,452018,2040.394668633878,0,0,0,0,0,0,0,1,0,3776.569692216394,9474.2787150065,32.44757198233931,39.37267081386732
868,452009,2038.878279360868,0,0,0,0,0,0,0,1,0,7719.49781834256,9378.448286436435,32.14116669693333,37.85628154086427
869,453124,2052.087266149908,0,0,0,0,0,0,0,1,0,2938.010665181151,9068.288062365657,31.11378057653105,51.06526832989562
870,448553,2031.678927456281,0,0,0,0,0,0,0,1,0,151.0785160605207,9534.386664767748,32.6692301705299,30.65692963629466
871,455775,2052.571149959556,0,0,0,0,0,0,0,1,0,8834.699370361508,9698.552250668439,33.21644392137463,51.54915213956813
872,453258,2029.719063227627,0,0,0,0,0,0,0,1,0,1083.186816017986,9720.949773321463,33.28321927753124,28.69706540761556
873,452966,2049.764215709743,0,0,0,0,0,0,0,1,0,599.0527798428569,9389.449203700857,32.18170301405407,48.74221788974747
874,451917,2047.254251956289,0,0,0,0,0,0,0,1,0,343.2659294422225,8675.537926090099,29.79518606523506,46.23225413627681
875,454293,2047.653884575227,0,0,0,0,0,0,0,1,0,2202.182039201017,9491.663825879992,32.51851745628209,46.63188675523124
876,451910,2046.725686664809,0,0,0,0,0,0,0,1,0,301.1023620612718,9153.850423049358,31.36558380274317,45.70368884482633
877,455187,2039.794829289585,0,0,0,0,0,0,0,1,0,715.1968400921231,9817.74604427934,33.6007405616191,38.77283146958742
878,448574,2030.161867220329,0,0,0,0,0,0,0,1,0,930.3762572636126,9434.526558523612,32.29868377094149,29.13986940033454
879,446670,2040.168007147905,0,0,0,0,0,0,0,1,0,3213.292739412575,9019.234866887704,30.92420599725801,39.14600932788998
880,450788,2042.416021103751,0,0,0,0,0,0,0,1,0,2716.935966240311,9161.036874288702,31.39764419624519,41.39402328375945
881,454323,2046.505863042027,0,0,0,0,0,0,0,1,0,1089.838433479906,9616.253993034883,32.91320907870573,45.48386522201864
882,456519,2049.757436300268,0,0,0,0,0,0,0,1,0,2219.209006398195,9000.322917206136,30.8718253602051,48.73543848026102
883,455279,2049.131625752969,0,0,0,0,0,0,0,1,0,757.1998675968393,9468.387333501356,32.43754598013759,48.10962793295935
884,454731,2048.915687013055,0,0,0,0,0,0,0,1,0,1821.791474415089,9313.616883431385,31.92262264075594,47.89368919307045
885,446925,2035.934056524279,0,0,0,0,0,0,0,1,0,3444.202363744442,8872.249714217305,30.42746363625143,34.91205870427746
886,448291,2011.143618707663,0,0,0,0,0,0,0,1,0,181.5140627334618,9568.357179658486,32.75399558068904,10.12162088766262
887,456272,2052.07512174019,0,0,0,0,0,0,0,1,0,1508.968964972214,9595.712273725101,32.85517586560728,51.05312392018156
888,453031,2033.385816855651,0,0,0,0,0,0,0,1,0,120.638212991816,9415.294833357926,32.25261734878186,32.36381903565038
889,457864,2053.116546167497,0,0,0,0,0,0,0,1,0,2805.714866557135,9577.100563909635,32.79430247044555,52.09454834749003
890,457482,2050.381162158179,0,0,0,0,0,0,0,1,0,920.9788850252635,9380.016905031931,32.11848996355236,49.35916433817764
891,450096,2029.96556427687,0,0,0,0,0,0,0,1,0,5798.684312776725,9427.360233133715,32.29022812830804,28.94356645685183
892,451659,2041.422764033937,0,0,0,0,0,0,0,1,0,1702.710604072289,8902.266374051944,30.5597539065069,40.40076621394442
893,453874,2034.182748251891,0,0,0,0,0,0,0,1,0,63.22551171333754,9251.802410931889,31.69748833361831,33.16075043189466
894,451040,2043.562881212304,0,0,0,0,0,0,0,1,0,3093.758025057675,9308.538824914969,31.90567356115143,42.5408833922785
895,449333,2023.867710344384,1,0,0,0,0,0,0,1,0,408.1945337252188,9082.858381623277,31.13644181694245,37.28017787442554
896,454096,2046.592746026513,0,0,0,0,0,0,0,1,0,2095.272750025269,9406.364912057232,32.22294975188252,45.57074820650929
897,453349,2041.016934535828,0,0,0,0,0,0,0,1,0,344.9905021090283,9355.638230565819,32.0485290853039,39.9949367158289
898,449689,2039.826932902307,0,0,0,0,0,0,0,1,0,4690.815716747855,9001.223969493174,30.87626911161385,38.80493508229284
899,453466,2046.95727193967,0,0,0,0,0,0,0,1,0,6568.179176976916,9352.988729804567,32.05613510279587,45.93527411969076
900,452500,2046.79818285264,0,0,0,0,0,0,0,1,0,3054.881393304705,9120.940239549378,31.26788752752554,45.77618503264032
901,448486,2017.449187415686,0,0,0,0,0,0,0,1,0,246.9694348854882,9490.444728556324,32.49749954500074,16.42718959571047
902,452418,2050.836814422175,0,0,0,0,0,0,0,1,0,7215.711651071704,8583.133233010698,29.45084779162602,49.81481659957535
903,449090,2024.901321710494,0,0,0,0,0,0,0,1,0,2846.556528696512,9268.555549161456,31.76548081705312,23.87932389049731
904,452467,2047.240867883144,0,0,0,0,0,0,0,1,0,262.8413175359775,8771.77441083184,30.10566279655497,46.2188700633462
905,449306,2036.876272561649,0,0,0,0,0,0,0,1,0,3913.249712527297,8903.105539335456,30.54281416170666,35.85427474161377
906,456969,2048.818035610614,0,0,0,0,0,0,0,1,0,1043.045716106416,9270.454892605328,31.77283970474471,47.79603779062373
907,449230,2033.261133911939,0,0,0,0,0,0,0,1,0,3628.680366918436,8947.3308708353,30.68645070172384,32.23913609168858
908,447781,2023.542547164018,0,0,0,0,0,0,0,1,0,885.2437913315941,9353.700640228009,32.06321122543323,22.52054934399678
909,445924,2030.99841667437,0,0,0,0,0,0,0,1,0,2311.863317573011,8893.364316502813,30.49246560757217,29.97641885435506
910,444465,2019.146855400545,0,0,0,0,0,0,0,1,0,1985.074215506068,9416.679428994714,32.25201499656774,18.12485758054
911,449221,2044.793045409118,0,0,0,0,0,0,0,1,0,2860.785023547395,9228.152496224633,31.63682172385017,43.77104758910208
912,447498,2019.657926200262,0,0,0,0,0,0,0,1,0,328.8957219623615,9271.520493648437,31.77414545860035,18.635928380279
913,449509,2041.073959197103,0,0,0,0,0,0,0,1,0,2888.899444138467,8951.131356493106,30.70004124640169,40.05196137711974
914,454287,2036.532216097554,0,0,0,0,0,0,0,1,0,2282.977103183851,9574.576547257051,32.78324941120618,35.51021827755939
915,452246,2036.626937026453,0,0,0,0,0,0,0,1,0,501.1641966854901,9313.175750423812,31.90667376131906,35.6049392064586
916,448788,2011.407589492728,0,0,0,0,0,0,0,1,0,1984.372768746095,9812.142364861718,33.57550970842122,10.38559167273185
917,452617,2025.639421746821,0,0,0,0,0,0,0,1,0,1374.949058700855,9791.186472314046,33.50661466974317,24.61742392682098
918,454806,2040.144121271813,0,0,0,0,0,0,0,1,0,374.163588032388,9741.49965926414,33.35668616443755,39.12212345181749
919,454155,2051.341006344234,0,0,0,0,0,0,0,1,0,967.3206029149466,9439.439352325326,32.33132728709241,50.31900852421489
920,448765,2033.576767684644,0,0,0,0,0,0,0,1,0,2460.090143913583,9212.10917924316,31.56040927627751,32.55476986466146
921,456298,2053.157166146585,0,0,0,0,0,0,0,1,0,4445.29706995667,9739.01241257509,33.35398954434162,52.13516832658325
922,451761,2037.324533475784,0,0,0,0,0,0,0,1,0,2677.486844195888,9444.933627294648,32.33664794572651,36.30253565578121
923,441364,1999.999999999999,0,0,0,0,0,0,0,0,0,13309.056081624,9294.667792365022,31.8692688886687,-1
924,450816,2039.061283671615,0,0,0,0,0,0,0,1,0,705.0941816312629,9449.47976058108,32.35399257072822,38.03928585162674
925,454672,2049.776961450271,0,0,0,0,0,0,0,1,0,550.6548031393836,9288.156805461107,31.83049701855409,48.75496363027423
926,454201,2046.579205089136,0,0,0,0,0,0,0,1,0,1284.2692277257,9631.599738060386,32.97407385242214,45.55720726913187
927,453200,2044.440824009336,0,0,0,0,0,0,0,1,0,3483.8898046732,9049.079999724117,31.03305303979439,43.41882618934345
928,457731,2051.876253741951,0,0,0,0,0,0,0,1,0,920.1425619053201,9029.894776795762,30.94849037297418,50.85425592200202
929,452597,2048.041792237661,0,0,0,0,0,0,0,1,0,2506.39368531786,8817.84027591873,30.2661554462695,47.01979441766335
930,457371,2044.743702119174,0,0,0,0,0,0,0,1,0,2285.349527611706,9230.09671024512,31.64699189628304,43.72170429916878
931,459057,2052.788938791493,0,0,0,0,0,0,0,1,0,5673.531992116295,10138.32656001003,34.6939787371066,51.76694097146663
932,455866,2051.971855788614,0,0,0,0,0,0,0,1,0,2685.996738697105,9801.237750645629,33.5556787303254,50.94985796891223
933,455099,2048.098525356374,0,0,0,0,0,0,0,1,0,2148.649770530541,9368.986658404094,32.08785061243883,47.07652753638273
934,453822,2021.753999551356,0,0,0,0,0,0,0,1,0,2115.60126357037,9407.670577109282,32.23531347761253,20.73200173136825
935,451860,2042.751370823737,0,0,0,0,0,0,0,1,0,384.2790747337738,9236.679500936096,31.65647972267878,41.72937300373883
936,457912,2053.184754405151,0,0,0,0,0,0,0,1,0,3517.920180462508,9302.307949888276,31.87264681820483,52.16275658514095
937,447315,2020.995472585535,0,0,0,0,0,0,0,1,0,1165.348400671072,8986.339827460675,30.82123947595259,19.97347475796605
938,449494,2043.97105675165,0,0,0,0,0,0,0,1,0,3255.234646615044,9256.888619700298,31.71441203100114,42.94905893165885
939,443604,2017.965193972472,0,0,0,0,0,0,0,1,0,1075.572996045811,9085.841296138442,31.15370608815503,16.94319615245888
940,451020,2019.372967804883,0,0,0,0,0,0,0,1,0,1597.315528799518,9611.829736535732,32.89773345909723,18.3509699848797
941,452752,2025.92720647254,0,0,0,0,0,0,0,1,0,2336.667742682369,9345.808807450947,32.03121271158727,24.90520865252603
942,451296,2031.583023068189,0,0,0,0,0,0,0,1,0,5219.279475540685,9173.444626629578,31.44203762012662,30.56102524816564
943,450910,2024.481698289831,0,0,0,0,0,0,0,1,0,6231.136525905938,9441.947286652154,32.3483080010339,23.4597004698411
944,451343,2031.332833817106,0,0,0,0,0,0,0,1,0,634.1264453687849,9009.58675086979,30.91419047475238,30.31083599612328
945,447768,2023.720107140748,0,0,0,0,0,0,0,1,0,3212.344603770956,9648.540222927541,33.02481938394573,22.69810932075221
946,449015,2039.836718735683,0,0,0,0,0,0,0,1,0,5064.165992762446,9382.220642719481,32.1736334283023,38.81472091568101
947,455276,2050.636832252042,0,0,0,0,0,0,0,1,0,4974.33604265938,9333.207779703289,31.97013208645635,49.61483443205315
948,458117,2051.980225594684,0,0,0,0,0,0,0,1,0,195.0247469343352,9338.319076008263,31.98721816302547,50.95822777469129
949,451527,2037.592889734099,0,0,0,0,0,0,0,1,0,544.236389864931,9368.468179357502,32.08330565233553,36.57089191408148
950,450473,2039.254561045864,1,0,0,0,1,0,0,1,0,1779.208743458153,9692.617046466898,33.18228174851993,50.32690968651543
951,449288,2052.156389492002,0,0,0,0,0,0,0,1,0,1883.363590297054,8705.873616481222,29.89290907583348,51.13439167201248
952,457798,2038.397388434995,0,0,0,0,0,0,0,1,0,2451.418686765967,9721.25910258467,33.29799795705997,37.37539061502622
953,450413,2048.857956820795,0,0,0,0,0,0,0,1,0,1140.75863500062,9681.235017484418,33.14901827663027,47.83595900079244
954,456695,2051.936173567473,0,0,0,0,0,0,0,1,0,1838.835140187363,9421.385465447464,32.28020720410652,50.91417574746481
955,452396,2032.307060238967,0,0,0,0,0,0,0,1,0,3077.694544129773,9379.504381616265,32.14514851556476,31.28506241897785
956,448999,2032.700889042382,0,0,0,0,0,0,0,1,0,2308.021823954367,9422.404287896939,32.26427277006653,31.67889122239493
957,452267,2040.960612027137,0,0,0,0,0,0,0,1,0,405.4032677811516,9356.962697827623,32.0649149865901,39.93861420711575
958,448355,2025.186037123139,0,0,0,0,0,0,0,1,0,908.8305415954469,9250.396453649693,31.69872682342995,24.1640393031337
959,448828,2037.494899710162,0,0,0,0,0,0,0,1,0,1632.112764461664,9292.182204361225,31.81775013269922,36.47290188950185
960,453565,2044.227498236878,0,0,0,0,0,0,0,1,0,2188.456476604316,9542.123644733401,32.68860530586459,43.20550041685236
961,453394,2051.991318259181,0,0,0,0,0,0,0,1,0,146.1262496852654,9550.638575764371,32.70984208928029,50.96932043917499
962,454440,2049.422036691058,0,0,0,0,0,0,0,1,0,5820.390053422206,8958.987445926619,30.72172742036553,48.40003887106035
963,448670,2025.095453654681,0,0,0,0,0,0,0,1,0,2044.656784279539,8958.127556678002,30.71429334343172,24.07345583466859
964,450655,2038.111503042996,0,0,0,0,0,0,0,1,0,2231.917950770874,9131.002996296642,31.29655381211349,37.08950522298783
965,450770,2042.785645780876,0,0,0,0,0,0,0,1,0,1338.882237546379,8748.496303640455,30.00511406751119,41.76364796088362
966,453630,2043.786561344078,0,0,0,0,0,0,0,1,0,2135.089208927594,9521.177393976248,32.60474195647915,42.76456352407877
967,451875,2029.863282275685,0,0,0,0,0,0,0,1,0,3440.516305215005,9526.52986098512,32.63769630919546,28.8412844558616
968,458503,2047.103486689341,0,0,0,0,0,0,0,1,0,1026.810587337677,9456.443831923461,32.39278519392563,46.08148886918845
969,449084,2027.486990885986,0,0,0,0,0,0,0,1,0,2840.723237462964,9845.804338402319,33.69835302055931,26.46499306597353
970,456823,2044.544959362947,0,0,0,0,0,0,0,1,0,544.9590793552442,9833.317536192184,33.65856733579776,43.52296154293573
971,450160,2027.473417560435,0,0,0,0,0,0,0,1,0,2323.393800163842,9150.215819461297,31.38851003457108,26.45141974043576
972,446859,2011.932572970259,0,0,0,0,0,0,0,1,0,3764.733142144172,9738.606529938588,33.35096554324189,10.91057515024526
973,451895,2030.755311084954,0,0,0,0,0,0,0,1,0,363.7762104311106,9521.051789211788,32.62442917674228,29.73331326506618
974,454333,2045.790907672354,0,0,0,0,0,0,0,1,0,3256.514623169023,9646.149091992782,33.02626894992254,44.76890985235792
975,446387,2010.571884310696,0,0,0,0,0,0,0,1,0,1719.363972494962,9500.322597000735,32.53346221020804,9.549886490700603
976,451406,2051.157888143823,0,0,0,0,0,0,0,1,0,1107.992550467235,9273.604032357796,31.76770653254454,50.13589032347312
977,452882,2034.86554342301,0,0,0,0,0,0,0,1,0,326.5394649650147,9438.952660107292,32.32836864482899,33.84354560299499
978,449807,2037.595815936091,0,0,0,0,0,0,0,1,0,1484.284237778251,9301.231930949903,31.87273427406724,36.57381811624698
979,444628,2028.181718006029,0,0,0,0,0,0,0,1,0,3078.989066100821,9020.547347588923,30.94499235185994,27.15972018599983
980,453383,2027.172189613509,0,0,0,0,0,0,0,1,0,2127.004741121707,9779.331208094409,33.49073594202413,26.15019179349714
981,450521,2022.482769467853,0,0,0,0,0,0,0,1,0,5403.175635536317,9268.033740258068,31.77542368815869,21.46077164783867
982,450384,2026.951286860726,0,0,0,0,0,0,0,1,0,1740.456136544404,9409.365797641416,32.24785332140821,25.9292890406616
983,454634,2049.106146348027,0,0,0,0,0,0,0,1,0,1427.139984998811,9665.579545457977,33.08491614418966,48.08414852799912
984,453647,2044.589295845823,0,0,0,0,0,0,0,1,0,365.2402676334576,9456.408493531097,32.41310606273454,43.56729802576681
985,455555,2049.594178876802,0,0,0,0,0,0,0,1,0,3372.309980681413,9044.392997189472,30.98456893995937,48.57218105679267
986,441431,2000.000000000013,0,0,0,0,0,0,0,0,0,14410.39070486625,8396.608293655981,28.8430427168464,-1
987,457982,2044.034698293568,0,0,0,0,0,0,0,1,0,703.2026930741717,9457.860829047859,32.41580527423408,43.01270047356037
988,453964,2031.539939215937,0,0,0,0,0,0,0,1,0,2225.249029007651,9272.567668354741,31.77003571902613,30.51794139593789
989,453809,2021.597553362196,0,0,0,0,0,0,0,1,0,2179.580376526266,9549.788489556155,32.7100984576407,20.57555554219326
990,446156,2024.596765576835,0,0,0,0,0,0,0,1,0,1890.726967407458,9527.282923056182,32.6206724450018,23.57476775683432
991,452325,2032.853029846507,0,0,0,0,0,0,0,1,0,763.4418840788543,9236.019580685937,31.66137632836534,31.83103202651138
992,443620,2015.875271882793,0,0,0,0,0,0,0,1,0,944.6508954159219,8827.770590083323,30.30162163778204,14.85327406279955
993,450049,2041.257252391761,0,0,0,0,0,0,0,1,0,62.04112166206675,8999.071857091896,30.86304612459472,40.23525457174763
994,453872,2052.697343492488,0,0,0,0,0,0,0,1,0,2255.715676795594,8979.88583497236,30.80406893387863,51.67534567244071
995,455461,2049.816209180771,0,0,0,0,0,0,0,1,0,754.8557139577223,9611.564442186811,32.93781806627445,48.79421136078926
996,449493,2027.315039907833,0,0,0,0,0,0,0,1,0,2146.844765984201,9433.233136218303,32.31295961255051,26.2930420878109
997,450713,2032.217072794907,0,0,0,0,0,0,0,1,0,820.9382046682773,9347.110815469645,32.01276836564941,31.19507497526303
998,454338,2041.271687722116,0,0,0,0,0,0,0,1,0,476.2883257685738,9854.179937911051,33.71883218691679,40.24968990212528
999,452802,2038.518099536627,0,0,0,0,0,0,0,1,0,3724.16688094733,9073.571514740406,31.11022655506664,37.49610171662403
