event,photons,edep_MeV,gamma_nuclear,electron_nuclear,muon_nuclear,neutrons,protons,charged_pions,secondary_muons,primary_decay_e,primary_nuclear,primary_death_ns,primary_range_mm,primary_stop_ns,primary_decay_e_ke_MeV
0,454259,2042.667206135285,0,0,0,0,0,0,0,1,0,293.1467765907901,9382.921792080127,32.14777232238825,41.64520831528512
1,452240,2028.677328603622,0,0,0,0,0,0,0,1,0,4078.490510882693,9378.772374323289,32.15023427169151,27.65533078360984
2,453603,2046.82659164376,0,0,0,0,0,0,0,1,0,3166.898318618611,9653.041775441839,33.050867797332,45.80459382279651
3,455509,2041.653777211683,0,0,0,0,0,0,0,1,0,294.79787235476,9392.488636187418,32.16294097356403,40.63177939168258
4,449734,2024.746475194707,0,0,0,0,0,0,0,1,0,2795.596228056409,9538.188081869215,32.67605926568744,23.72447737472033
5,455288,2049.722263892491,0,0,0,0,0,0,0,1,0,319.518138338285,9340.372276502178,32.00831528882134,48.70026607249099
6,453583,2052.649280148314,0,0,0,0,0,0,0,1,0,2170.517696812255,9482.019075640965,32.46789228432192,51.62728232831802
7,458571,2050.455304749719,0,0,0,0,0,0,0,1,0,2195.237806583569,9656.997161221941,33.06500149830845,49.43330692970047
8,450904,2052.390503461076,0,0,0,0,0,0,0,1,0,2564.859135901811,9123.636495104263,31.27494854280616,51.36850563856356
9,445322,2020.911789482107,0,0,0,0,0,0,0,1,0,85.38661580509265,9336.734853353481,31.98351692096378,19.8897916621029
10,449772,2035.019353957284,0,0,0,0,0,0,0,1,0,3436.279134890717,8692.176157748838,29.84854789488116,33.99735613675254
11,454395,2033.479414450679,0,0,0,0,0,0,0,1,0,5966.474578996834,9916.658076708907,33.96114800334062,32.45741663068277
12,450903,2014.891037941759,0,0,0,0,0,0,0,1,0,227.1251590542078,9780.250095255391,33.49078695791535,13.86904012172514
13,447020,2030.518738771042,0,0,0,0,0,0,0,1,0,5970.384038470536,8785.897337564738,30.14177431415854,29.49674095104418
14,453574,2051.855751668146,0,0,0,0,0,0,0,1,0,279.4181409232211,9095.439200935005,31.17656106186022,50.83375384816705
15,441291,2000.000000000011,0,0,0,0,0,0,0,0,0,14887.397057005,9577.343451316929,32.80447166412717,-1
16,442328,2015.515041360019,0,0,0,0,0,0,0,1,0,1999.900783015342,9156.122588454878,31.39464449005459,14.49304354002147
17,443745,2013.869799138287,0,0,0,0,0,0,0,1,0,990.9805494961586,8635.940902914766,29.66470328543448,12.84780131829264
18,457410,2048.919786123788,0,0,0,0,0,0,0,1,0,237.7240468229358,9382.706968776054,32.13352488239894,47.89778830378027
19,449284,2045.909513955509,0,0,0,0,0,0,0,1,0,1598.949787139862,7751.0777220994,26.68510176943744,44.88751613728764
20,449258,2039.407517048231,0,0,0,0,0,0,0,1,0,894.7680069523559,9497.294472270469,32.55623858847716,38.3855192283963
21,450817,2038.44670131427,0,0,0,0,0,0,0,1,0,3280.088436562287,9387.579661959662,32.17119453816976,37.42470349417886
22,453711,2044.751459733383,0,0,0,0,0,0,0,1,0,3286.472499019966,9750.412640858955,33.37224439113598,43.72946191337616
23,455216,2029.782429874266,0,0,0,0,0,0,0,1,0,603.3406752424265,9379.476341511816,32.13857554874993,28.76043205425261
24,458600,2044.62411224927,0,0,0,0,0,0,0,1,0,546.4071630461048,9860.897774523568,33.75130828894483,43.60211442928238
25,453867,2037.661139875758,0,0,0,0,0,0,0,1,0,392.9004336820967,9581.62540407794,32.80565295861157,36.63914205581274
26,453906,2047.25293251508,0,0,0,0,0,0,0,1,0,2386.223974042599,9285.975194201472,31.83172305430076,46.23093469507955
27,450248,2036.464236508508,0,0,0,0,0,0,0,1,0,1985.136944676162,9708.597859463544,33.21333286296759,35.442238688514
28,452555,2050.97818613242,0,0,0,0,0,0,0,1,0,757.7703578722583,9112.907765728802,31.24336000449629,49.95618831237073
29,452283,2041.844015030462,0,0,0,0,0,0,0,1,0,189.6747433226086,9096.652984868662,31.19870633386983,40.82201721045059
30,446338,2028.757797169828,0,0,0,0,0,0,0,1,0,1522.35136507896,9421.278704614351,32.28688453373709,27.73579934982602
31,450856,2036.58463376276,0,0,0,0,0,0,0,1,0,1869.911441161612,9192.184675775401,31.48540341693121,35.562635942725
32,455957,2047.003265366193,0,0,0,0,0,0,0,1,0,1139.043781825741,9366.248587935241,32.10084310261014,45.98126754619147
33,449582,2031.353353674408,0,0,0,0,0,0,0,1,0,318.3682238267281,9297.093806833636,31.8520458156973,30.33135585440014
34,449089,2030.550084252399,0,0,0,0,0,0,0,1,0,1602.358003137513,9009.569935883448,30.89089958141928,29.52808643239043
35,444276,2000.000000000002,0,0,0,0,0,0,0,0,0,10040.744579211,9499.721978569596,32.55772885230567,-1
36,456614,2051.870991450167,0,0,0,0,0,0,0,1,0,1453.805406803037,9193.319950366957,31.50831653731692,50.84899363016463
37,452689,2045.492049372895,0,0,0,0,0,0,0,1,0,687.8685019594454,9173.930075009062,31.45377641485868,44.47005155290505
38,452176,2040.15823685389,0,0,0,0,0,0,0,1,0,1484.483218704783,9492.997814390714,32.52163858192159,39.13623903388176
39,455274,2033.756196713659,0,0,0,0,0,0,0,1,0,6383.878425814499,9698.659733170427,33.21434916404094,32.73419889366554
40,452094,2040.982085471638,0,0,0,0,0,0,0,1,0,1780.934942621107,9562.695769599697,32.74965853297476,39.96008765162495
41,455874,2036.071683736383,0,0,0,0,0,0,0,1,0,1187.708103231297,9564.300303408816,32.74890632597752,35.04968591639104
42,453014,2027.380091387598,0,0,0,0,0,0,0,1,0,6793.675052324078,9768.626247748891,33.41997037675132,26.35809356759693
43,446355,2027.430848981184,0,0,0,0,0,0,0,1,0,80.2736873590279,8961.806268083083,30.70820621934826,26.40885116119414
44,449949,2041.38024059056,0,0,0,0,0,0,0,1,0,1048.25855992568,9099.619525194117,31.20341290227701,40.35824277055484
45,451350,2042.339797728941,0,0,0,0,0,0,0,1,0,805.9988483125932,8776.166371235508,30.09771931842434,41.31779990891608
46,451853,2049.020216848094,0,0,0,0,0,0,0,1,0,1271.497873310872,9389.278789135067,32.15142671324607,47.99821902809143
47,454382,2053.282961624352,0,0,0,0,0,0,0,1,0,986.7835578670513,9438.057270290779,32.32919480356003,52.26096380436013
48,450687,2034.730665261677,0,0,0,0,0,0,0,1,0,92.88007259985034,9174.543423692479,31.44051007468753,33.70866744169595
49,447206,2027.269855646272,0,0,0,0,0,0,0,1,0,2462.087081480043,9351.853390484037,32.02429182572136,26.24785782629284
50,447271,2031.195320112308,0,0,0,0,0,0,0,1,0,287.5430166815478,9369.068352374263,32.08946891776218,30.17332229230695
51,448755,2017.997287466979,0,0,0,0,0,0,0,1,0,4372.40325496973,9317.983201298488,31.94832417103585,16.97528964699216
52,449642,2040.533604314825,0,0,0,0,0,0,0,1,0,1316.980360574358,8597.321745666741,29.51108689406038,39.51160649488891
53,447702,2027.295864605087,0,0,0,0,0,0,0,1,0,465.1901617369314,8743.82731777721,30.00003446605071,26.27386678511607
54,455846,2050.893876995947,0,0,0,0,0,0,0,1,0,2637.205411766452,9401.879736473189,32.20346720085824,49.87187917594108
55,451567,2036.91974839552,0,0,0,0,0,0,0,1,0,3013.716040217754,9228.793233734283,31.62076564465289,35.89775057560158
56,455936,2052.664163755206,0,0,0,0,0,0,0,1,0,1279.030550211549,9572.121317324203,32.7783795952575,51.64216593518087
57,451412,2032.678519697731,0,0,0,0,0,0,0,1,0,368.6778880448755,9377.369642445065,32.15325272437281,31.65652187776061
58,451598,2039.038955866997,0,0,0,0,0,0,0,1,0,463.3739091735812,8704.767130210406,29.85984691068585,38.01695804700783
59,441568,2024.845287655076,0,0,0,0,0,0,0,1,0,3148.562552546815,8550.384863858369,29.38062602286908,23.82328983508093
60,451808,2035.612132474747,0,0,0,0,0,0,0,1,0,1276.503978121555,9283.574814678899,31.81378188163962,34.5901346547022
61,449559,2023.133208903045,0,0,0,0,0,0,0,1,0,75.11222543398605,9346.796221893557,32.01424889341805,22.11121108304069
62,440692,2015.0618381732,0,0,0,0,0,0,0,1,0,2945.261444312977,9014.4050182916,30.9314317081015,14.03984035313668
63,460276,2048.50847253657,0,0,0,0,1,0,0,1,0,977.843793995563,9621.61553461847,32.96557052006519,47.48647471651807
64,454213,2048.457335511619,0,0,0,0,0,0,0,1,0,1414.228028724817,9063.274594604914,31.07504790902706,47.43533769102142
65,453753,2046.646608627928,0,0,0,0,0,0,0,1,0,1290.148459174409,9198.166314477729,31.53375170148757,45.62461080794052
66,455092,2038.398034984803,0,0,0,0,0,0,0,1,0,1109.368699571632,9735.718839469873,33.34722355879912,37.37603716481068
67,455218,2051.299500628692,0,0,0,0,0,0,0,1,0,7032.761462845991,9454.61100346523,32.3751066355382,50.27750280867593
68,454321,2050.630713752821,0,0,0,0,0,0,0,1,0,438.3315181073021,8860.287224366821,30.37940748864619,49.60871593284146
69,447548,2014.228403029983,0,0,0,0,0,0,0,1,0,415.7799805136179,9411.046594573145,32.24233638600169,13.20640520996867
70,448349,2031.696614638066,0,0,0,0,0,0,0,1,0,6266.904570002769,9155.550756747025,31.39431347229691,30.67461681807913
71,451162,2051.177262002956,0,0,0,0,0,0,0,1,0,1154.178313675173,9380.179925553424,32.13510893751964,50.15526418291778
72,445955,2026.867210231572,0,0,0,0,0,0,0,1,0,619.50850106465,9191.57095438611,31.48856784841278,25.84521241156075
73,451277,2043.658036588696,0,0,0,0,0,0,0,1,0,5288.672474635167,8804.340372935585,30.20795687500866,42.63603877153382
74,449605,2034.142085075939,0,0,0,0,0,0,0,1,0,46.79483025353966,9316.626492807516,31.93085419467092,33.12008725593239
75,452594,2036.13596346701,0,0,0,0,0,0,0,1,0,5256.013995513387,9412.736119882022,32.23713067123168,35.11396564700629
76,450571,2037.416140317511,0,0,0,0,0,0,0,1,0,666.4148713529854,8960.086364030767,30.73666255311513,36.39414249750713
77,456545,2050.896818565075,0,0,0,0,0,0,0,1,0,1134.910222706571,9467.145679989002,32.42757495368819,49.87482074511037
78,453649,2051.447615846253,0,0,0,0,0,0,0,1,0,145.6789700789139,9227.712100531116,31.62291254809447,50.42561802623667
79,453761,2036.337269875661,0,0,0,0,0,0,0,1,0,3139.261965889025,9568.8999195869,32.75918048390783,35.31527205564262
80,449443,2030.375972566015,0,0,0,0,0,0,0,1,0,3256.775085210292,8985.168902854768,30.80985432319002,29.3539747459923
81,449692,2043.778584053111,0,0,0,0,0,0,0,1,0,152.8618222523521,9233.956008375098,31.63994893813751,42.75658623311963
82,451216,2043.358919037471,0,0,0,0,0,0,0,1,0,1011.09599551891,9704.689459059342,33.24289926310109,42.3369212174652
83,449723,2036.896520402073,0,0,0,0,0,0,0,1,0,814.0961574166735,9760.21954693981,33.40069345929614,35.87452258209881
84,452495,2010.354023382355,0,0,0,0,0,0,0,1,0,911.8373713149348,9453.253519355798,32.3851976946431,9.332025562351054
85,454791,2050.963514220814,0,0,0,0,0,0,0,1,0,191.6326407610549,9567.451748901294,32.77738693124599,49.94151640094508
86,453749,2047.063973410415,0,0,0,0,0,0,0,1,0,1953.108569959451,9185.427250828559,31.4889174408332,46.04197559040701
87,444990,2026.127158019839,0,0,0,0,0,0,0,1,0,3114.180712310578,8715.454083984321,29.90704204088202,25.10516019979883
88,448193,2025.950352671595,0,0,0,0,0,0,0,1,0,327.5850606292579,9235.209835401196,31.63954944727434,24.92835485159965
89,449443,2031.751558469563,0,0,0,0,0,0,0,1,0,4079.62634877629,9416.980513463584,32.2688282970646,30.72956064954804
90,450066,2035.795632617331,0,0,0,0,0,0,0,1,0,1856.52489715285,9360.563613618093,32.09442297831675,34.77363479732105
91,450885,2039.869974330842,0,0,0,0,0,0,0,1,0,1234.696587744234,9127.977524443557,31.30350912726649,38.8479765108335
92,453740,2050.143627105925,0,0,0,0,0,0,0,1,0,246.3648061418315,9105.799335608526,31.23378523620883,49.12162928592232
93,454571,2049.910333697228,0,0,0,0,0,0,0,1,0,2251.122760876399,8740.689583670677,30.00288589345313,48.88833587721916
94,451268,2019.943796867057,0,0,0,0,0,0,0,1,0,2753.395759844867,9685.967110492162,33.16789462180939,18.92179904708341
95,443643,2010.647063250341,0,0,0,0,0,0,0,1,0,4370.027569009637,9149.986003834589,31.35902111308653,9.625065430324044
96,445551,2033.60386061218,0,0,0,0,0,0,0,1,0,595.6458166928214,8542.843770378926,29.34987887496867,32.58186279219164
97,448919,2030.220606104154,0,0,0,0,0,0,0,1,0,501.592425538544,8995.695520741505,30.86717515220172,29.19860828449618
98,452854,2048.680804428155,0,0,0,0,0,0,0,1,0,2774.748487428443,8677.87176918775,29.79658399508999,47.65880660813232
99,444688,2009.110537254618,0,0,0,0,0,0,0,1,0,4016.427396654317,9050.551317754842,31.02127256483893,8.088539434586728
100,453942,2028.655559662819,0,0,0,0,0,0,0,1,0,6069.580142610081,9469.54716068545,32.43599780112316,27.63356184282007
101,455282,2045.86563955703,0,0,0,0,0,0,0,1,0,315.3392402352194,8787.334281285755,30.18255673239516,44.84364174295565
102,456935,2052.468590855418,0,0,0,0,0,0,0,1,0,3239.965931541483,9345.360290728639,32.01346590668488,51.44659303544451
103,454578,2050.456505991278,0,0,0,0,0,0,0,1,0,931.5731773020253,9077.793640969328,31.10435932292705,49.4345081712835
104,447035,2030.403048562302,0,0,0,0,0,0,0,1,0,1453.821894461918,9444.105130661721,32.35891603765702,29.38105074229443
105,446701,2025.922801360145,0,0,0,0,0,0,0,1,0,329.8320013946532,9477.128429418313,32.44736705795999,24.9008035401701
106,454209,2037.805416172095,0,0,0,0,0,0,0,1,0,4576.952144831304,9295.104629205303,31.87202733369595,36.78341835210403
107,449418,2025.444972540619,0,0,0,0,0,0,0,1,0,2748.207462374639,9200.672047989989,31.53041939729751,24.42297472062636
108,448017,2016.357782070612,0,0,0,0,0,0,0,1,0,2943.762801923063,9585.883027494001,32.83917541864081,15.33578425059805
109,448930,2018.819577290848,0,0,0,0,0,0,0,1,0,46.13987666855756,9447.623007495889,32.37236076541244,17.79757947085514
110,447043,2027.166710656165,0,0,0,0,0,0,0,1,0,1663.220598162728,9179.595251842607,31.46531107097253,26.14471283616513
111,448874,2032.738344492574,0,0,0,0,0,0,0,1,0,1067.043906479873,9047.085012220712,31.01806849053728,31.71634667257811
112,451540,2051.126849312551,0,0,0,0,0,0,0,1,0,1592.875296525701,9682.706174326608,33.15981562132625,50.10485149255177
113,451236,2029.020550788883,0,0,0,0,0,0,0,1,0,972.994660285603,9584.912315357067,32.83888452690707,27.99855296889833
114,452524,2045.580676307264,0,0,0,0,0,0,0,1,0,2325.962310449583,9361.943736947338,32.0629190711289,44.55867848736427
115,451246,2028.620422667277,0,0,0,0,0,0,0,1,0,5270.206719716739,9842.685823533327,33.69751755317934,27.59842484727895
116,449760,2043.401738956871,0,0,0,0,0,0,0,1,0,931.9635009125218,8372.37693751639,28.75715810186299,42.37974113924344
117,450646,2043.805903897971,0,0,0,0,0,0,0,1,0,8178.181541144937,8961.08772245732,30.72457591433695,42.78390607798319
118,448763,2026.879051170339,0,0,0,0,0,0,0,1,0,7176.443806968861,9511.713067537088,32.58441193729504,25.85705335034025
119,457304,2050.647472416721,0,0,0,0,0,0,0,1,0,1482.963204705853,9318.378034109153,31.90240779418071,49.6254745967266
120,454518,2041.004453459238,0,0,0,0,0,0,0,1,0,7159.676533526359,9496.835079232747,32.54563968534806,39.98245563923494
121,456174,2050.684358801602,0,0,0,0,0,0,0,1,0,3223.683437193456,9151.003704054112,31.36682381114442,49.66236098160211
122,451653,2050.664554012913,0,0,0,0,0,0,0,1,0,2826.879253908928,9230.825640212059,31.6330088960901,49.64255619292314
123,456567,2036.049343657041,0,0,0,0,0,0,0,1,0,2730.934870056089,9053.522392196557,31.02854450510569,35.02734583703889
124,451928,2039.184901314893,0,0,0,0,0,0,0,1,0,2399.745173226348,9400.990848058005,32.20175646134003,38.16290349489083
125,449140,2043.40776905966,0,0,0,0,0,0,0,1,0,467.5843047669699,8518.025148485343,29.25355138969116,42.38577123965919
126,454832,2039.506065129962,0,0,0,0,0,0,0,1,0,1277.010680419275,9579.054108911834,32.79747118573434,38.48406730997284
127,452075,2042.237797737564,0,0,0,0,0,0,0,1,0,218.1635158893259,9627.082749062165,32.97386993969235,41.21579991756683
128,451852,2046.40405556931,0,0,0,0,0,0,0,1,0,2322.896878414087,9292.70662176585,31.84343403563706,45.38205774926859
129,446596,2013.650258064974,0,0,0,0,0,0,0,1,0,494.053848783433,9513.013814577969,32.5846118066602,12.6282602449832
130,451840,2040.367270794006,0,0,0,0,0,0,0,1,0,2616.232750358555,9490.297164830437,32.52739499380766,39.34527297402624
131,453215,2027.757550457883,0,0,0,0,0,0,0,1,0,114.4618187747638,9566.423467810077,32.75750317750531,26.7355526378771
132,456043,2049.955489244159,0,0,0,0,0,0,0,1,0,213.9496452253259,9488.445647809063,32.50787874635124,48.93349142415398
133,457659,2047.876809246234,0,0,0,0,0,0,0,1,0,6627.255334914284,9435.100425168112,32.31247132624928,46.85481142624148
134,450624,2033.557486533005,0,0,0,0,0,0,0,1,0,460.1532786569646,9526.132456764826,32.62306789723379,32.53548871301037
135,447130,2028.384812918938,0,0,0,0,0,0,0,1,0,1454.695373879524,9383.101121807154,32.1421811708932,27.36281509892039
136,452223,2038.009478084066,0,0,0,0,0,0,0,1,0,1009.328593372356,9336.342013444149,32.01947281879691,36.98748026429034
137,457329,2052.677399949604,0,0,0,0,0,0,0,1,0,128.2347414674704,9677.13806120279,33.13097911008501,51.65540212960425
138,456487,2049.693955325895,0,0,0,0,0,0,0,1,0,1891.818596597661,9132.500857059909,31.34038788628849,48.67195750588663
139,452371,2051.898237525825,0,0,0,0,0,0,0,1,0,115.8784238753294,9287.302032432208,31.8309907232821,50.87623970582584
140,442493,1999.999999999991,0,0,0,0,0,0,0,0,0,12243.38524320684,9222.694453005683,31.60482108854886,-1
141,441501,2019.516220640421,0,0,0,0,0,0,0,1,0,3101.341730764033,8640.341087566865,29.64645868134529,18.49422282008322
142,453216,2039.42005622136,0,0,0,0,0,0,0,1,0,1007.832783649332,9465.653348468128,32.40556815212261,38.39805840133268
143,453266,2051.807657905853,0,0,0,0,0,0,0,1,0,2315.453577747909,9107.606778405256,31.23477560448079,50.7856600858433
144,451679,2037.25095011716,0,0,0,0,0,0,0,1,0,2858.02438197973,9408.201651425066,32.23004446663577,36.22895229715411
145,452232,2041.951146507296,0,0,0,0,0,0,0,1,0,691.2235753607131,9564.286463622686,32.7537503798256,40.92914868727547
146,455012,2048.737763372724,0,0,0,0,0,0,0,1,0,186.6307465624366,9341.763339118828,32.01452957412642,47.71576555272117
147,447814,2019.293628433298,0,0,0,0,0,0,0,1,0,1607.111063086701,9121.402506246171,31.2769491915849,18.27163061329403
148,454492,2034.311277305659,0,0,0,0,0,0,0,1,0,1038.190004285264,9832.905527281417,33.68394986373384,33.28927948564164
149,451597,2044.001981192252,0,0,0,0,0,0,0,1,0,2189.453616624712,9157.725363418383,31.37242397968496,42.97998337238702
150,452776,2032.114084612502,0,0,0,0,0,0,0,1,0,1752.839204640495,9267.193763959283,31.76081813819405,31.09208679252006
151,457831,2052.676653508129,0,0,0,0,0,0,0,1,0,725.8253109762741,9376.013508834616,32.15255717380812,51.65465568812888
152,450292,2036.693435620535,0,0,0,0,0,0,0,1,0,1700.096065687879,8932.038190501173,30.62027971584028,35.67143780053975
153,450102,2028.141592557494,0,0,0,0,0,0,0,1,0,120.7343360686046,9545.979109045176,32.68716638669158,27.11959473750696
154,446537,2029.557968691802,0,0,0,0,0,0,0,1,0,35.57722014644919,9618.984268677033,32.94727752228691,28.53597087180534
155,454954,2036.783506023525,0,0,0,0,0,0,0,1,0,4080.641870865076,9827.729783894829,33.64649774690665,35.7615082035275
156,457314,2038.561800333899,0,0,0,0,0,0,0,1,0,1679.759948311685,9394.962173579213,32.1812331286455,37.53980251390451
157,458224,2052.802414445582,0,0,0,0,1,0,0,1,0,5627.518990068736,9467.882522104366,32.43156350291036,51.78041662558883
158,456172,2037.520126793565,0,0,0,0,0,0,0,1,0,1016.806182479993,9702.270877258497,33.21288605056466,36.49812897356115
159,452852,2046.698046911343,0,0,0,0,0,0,0,1,0,2700.824833813429,9528.411778273437,32.63831267416276,45.67604909134999
160,455870,2052.74320911123,0,0,0,0,0,0,0,1,0,1208.99380233571,9544.343191614784,32.70325125359687,51.72121129124876
161,451266,2037.044703928452,0,0,0,0,0,0,0,1,0,4517.417829442077,9490.820448157132,32.52050615111155,36.02270610843608
162,452550,2050.378442882952,0,0,0,0,0,0,0,1,0,2635.071991794533,9415.57470635454,32.24653120692856,49.35644506295067
163,448569,2025.228288096034,0,0,0,0,0,0,0,1,0,1055.537467208951,9512.945707732655,32.56470715089348,24.20629027603713
164,450437,2032.588351322809,0,0,0,0,0,0,0,1,0,3249.507150698149,9145.573307979592,31.33795112900825,31.5663535027849
165,449486,2045.698393175142,0,0,0,0,0,0,0,1,0,2094.971483944278,9067.984181264505,31.12100787405873,44.67639535448554
166,450566,2037.971576858669,0,0,0,0,0,0,0,1,0,865.4003259512793,9175.269579709835,31.46756903258143,36.94957903867309
167,442185,2020.114453188796,0,0,0,0,0,0,0,1,0,9085.996327361836,8675.015702137674,29.78596714118012,19.09245536879542
168,452817,2049.683097523864,0,0,0,0,0,0,0,1,0,277.1324425348865,8987.542748138765,30.83180444182978,48.66109970386594
169,454072,2053.055733328868,0,0,0,0,0,0,0,1,0,4009.06161087595,9200.086128070812,31.53084311726064,52.03373550886052
170,457582,2042.92950503421,0,0,0,0,0,0,0,1,0,526.6789573443758,9529.584981172658,32.66488579532729,41.9075072142107
171,449821,2037.547980160148,0,0,0,0,0,0,0,1,0,576.2902169612615,8495.360207847451,29.1894315566008,36.52598233994217
172,449010,2033.344257894604,0,0,0,0,0,0,0,1,0,492.4371141252831,9622.137408831626,32.96572371435693,32.32226007460843
173,454105,2029.390628097812,0,0,0,0,0,0,0,1,0,974.7019042630919,9106.941950823419,31.25053525845997,28.3686302778227
174,449318,2039.883255683836,0,0,0,0,0,0,0,1,0,1149.054983105427,9166.310652481354,31.43872810044419,38.86125786382502
175,450476,2037.816942199803,0,0,0,0,0,0,0,1,0,442.9153904098478,9634.843957607321,32.99667213378667,36.79494437982277
176,456017,2044.626602827227,0,0,0,0,0,0,0,1,0,5617.314151165692,9537.473035547395,32.67323357335688,43.60460500724113
177,453493,2040.022300290557,0,0,0,0,0,0,0,1,0,110.2898921148308,9482.29839575766,32.48497281221334,39.00030247055004
178,451445,2025.156399736361,0,0,0,0,0,0,0,1,0,1648.462200107738,9654.986175231528,33.07322746681729,24.13440191634147
179,450431,2032.242396503725,0,0,0,0,0,0,0,1,0,3364.780727478892,9417.356361429835,32.27157845805012,31.22039868370527
180,454130,2028.998955093068,0,0,0,0,0,0,0,1,0,951.3040683508904,9593.977948440681,32.86103703098284,27.97695727305639
181,451822,2046.263194774456,0,0,0,0,0,0,0,1,0,5174.336417119407,9401.985602815503,32.19897362399394,45.2411969544513
182,455502,2046.408936212959,0,0,0,0,0,0,0,1,0,338.9377670524961,9072.333228657239,31.12467734447681,45.38693839296475
183,449678,2049.52362016686,0,0,0,0,0,0,0,1,0,4874.13422352248,8999.994271773448,30.87588554972433,48.50162234665335
184,451593,2031.791494667533,0,0,0,0,0,0,0,1,0,1141.048714834833,9632.823746424901,32.98706403868678,30.76949684753371
185,455527,2041.566489348417,0,0,0,0,0,0,0,1,0,7745.234508292666,9558.588417319097,32.7544207101384,40.54449152842822
186,449833,2032.638175232399,0,0,0,0,0,0,0,1,0,1712.055861368974,9444.904623779983,32.338535113905,31.61617741239358
187,450481,2047.207948888035,0,0,0,0,0,0,0,1,0,6892.471536975606,8409.393760547286,28.88574542290144,46.18595106801765
188,454482,2042.363334388059,0,0,0,0,0,0,0,1,0,231.3631243543539,9383.051206610973,32.14534896343744,41.34133656806408
189,456415,2050.8338717305,0,0,0,0,0,0,0,1,0,537.0014446089231,9515.338226700307,32.59046221531086,49.81187391064743
190,447724,2033.207097792483,0,0,0,0,0,0,0,1,0,1804.427968505781,9032.269348915626,30.98052083354066,32.18509997215933
191,450081,2033.744403793511,0,0,0,0,0,0,0,1,0,977.7860898116115,9302.872269334448,31.89351431733489,32.72240597360516
192,448098,2025.60977816402,0,0,0,0,0,0,0,1,0,918.5611059364422,9356.309886173131,32.06429967661209,24.58778034410378
193,448226,2035.735792663549,0,0,0,0,0,0,0,1,0,2591.003423983977,9430.909082667686,32.30718115589139,34.7137948435407
194,452451,2052.241460053699,0,0,0,0,0,0,0,1,0,2221.779403841695,9365.915055854217,32.08728857498055,51.21946223369921
195,453185,2037.721600051091,0,0,0,0,0,0,0,1,0,6474.855017873448,9291.676294051491,31.82452979252588,36.69960223109363
196,452587,2048.127448913157,0,0,0,0,0,0,0,1,0,1479.6438294466,9532.79971893332,32.65586920576001,47.10545109315902
197,454690,2043.943395115715,0,0,0,0,0,0,0,1,0,8259.751043053349,9824.414898039367,33.61842400304416,42.92139729572504
198,456022,2041.025377080245,0,0,0,0,0,0,0,1,0,1539.170464337873,9516.772317705369,32.60665767557111,40.00337926025316
199,448213,2032.941282097654,0,0,0,0,0,0,0,1,0,2164.903916467737,9518.55645948665,32.62042234034737,31.91928427762914
200,447324,2034.299916496052,0,0,0,0,0,0,0,1,0,614.0300124079557,8869.84046272683,30.43248121297264,33.27791867564743
201,450645,2033.92721574692,0,0,0,0,0,0,0,1,0,2879.265913266044,8834.595814073104,30.32066423048846,32.90521792697094
202,449071,2025.257545451586,0,0,0,0,0,0,0,1,0,1127.013687397005,9909.807956231372,33.91362864359433,24.23554763157878
203,453457,2048.286137214812,0,0,0,0,0,0,0,1,0,1408.858679729881,9244.317363756287,31.6896029913331,47.26413939393544
204,449291,2016.132714236355,0,0,0,0,0,0,0,1,0,277.9586625940231,9477.690079397531,32.46850824844911,15.11071641633845
205,450736,2039.016388342115,0,0,0,0,0,0,0,1,0,721.7597710486862,9245.743099632879,31.68919915562288,37.99439052209812
206,457131,2045.079424866774,0,0,0,0,0,0,0,1,0,2588.917683761067,9686.845960542185,33.16661123858686,44.05742704678929
207,450845,2051.276783610334,0,0,0,0,0,0,0,1,0,5334.330272779827,9282.392874608331,31.80777083355932,50.25478579033153
208,449970,2017.363467062165,0,0,0,0,0,0,0,1,0,4742.156527736493,9565.892117253279,32.75786732935936,16.34146924215121
209,446636,2019.911681501366,0,0,0,0,0,0,0,1,0,780.5599037414675,9424.310310119423,32.29476622329706,18.88968368151049
210,452790,2048.120114296174,0,0,0,0,0,0,0,1,0,2566.881985997077,9315.90196885164,31.92370568160436,47.09811647616924
211,452791,2040.107502323878,0,0,0,0,0,0,0,1,0,287.2758608203455,9610.786077052058,32.93552011840384,39.08550450385601
212,451714,2036.364064341524,0,0,0,0,0,0,0,1,0,2596.470312089607,9250.463283472229,31.72126106397895,35.34206651971213
213,452301,2048.842338851057,0,0,0,0,0,0,0,1,0,908.8678942577518,9064.773057491593,31.11065358936427,47.82034103106788
214,454103,2052.76938404899,0,0,0,0,0,0,0,1,0,1812.02646667061,9174.950859262144,31.44984584432094,51.74738622896318
215,448399,2030.900929650756,0,0,0,0,0,0,0,1,0,7315.658613442401,9092.757349263169,31.17427654237694,29.87893183076882
216,446672,2015.040948156822,0,0,0,0,0,0,0,1,0,1050.352174886554,9669.200673128902,33.1172470450766,14.01895033682238
217,455552,2037.015404684762,0,0,0,0,0,0,0,1,0,4861.441337814428,9636.975747602275,32.99191394252816,35.99340686475924
218,451824,2049.717253349495,0,0,0,0,0,0,0,1,0,4559.564099789563,8847.226014286316,30.34161083698152,48.69525552947751
219,455757,2048.830185557005,0,0,0,0,0,0,0,1,0,1238.556796656679,9022.283896848268,30.92429931530982,47.80818773699546
220,456171,2048.371638876707,0,0,0,0,0,0,0,1,0,416.2817374536841,9540.777284435375,32.67877114718274,47.34964105669719
221,452663,2038.793111043121,0,0,0,0,0,0,0,1,0,220.9749800884314,9207.190870526229,31.55987558696861,37.77111322311178
222,454679,2048.82131464098,0,0,0,0,0,0,0,1,0,369.3661560444865,9495.547207520603,32.51325184333258,47.79931682097936
223,450682,2025.513588637845,0,0,0,0,0,0,0,1,0,115.499229938173,9699.527909856832,33.19229904383334,24.49159081788886
224,458409,2052.572331605671,0,0,0,0,0,0,0,1,0,3464.316224433244,9807.417721252505,33.55095559555384,51.55033378781607
225,455502,2051.60039921842,0,0,0,0,0,0,0,1,0,714.9267204395653,9272.776885109379,31.78804741813552,50.578401398397
226,451889,2036.037483936387,0,0,0,0,0,0,0,1,0,3946.321539617417,9501.811733486567,32.52420757214657,35.01548611639495
227,451627,2038.445528214945,0,0,0,0,0,0,0,1,0,2965.75999872962,9415.005490008705,32.23996509402637,37.4235303949509
228,442387,2000.000000000001,0,0,0,0,0,0,0,0,0,13632.8493200903,9219.684473266252,31.59674425881094,-1
229,448155,2026.773105536403,0,0,0,0,0,0,0,1,0,3627.565535403794,9307.556269551482,31.91938331938412,25.75110771640921
230,449480,2043.670413838747,0,0,0,0,0,0,0,1,0,1518.457434943954,9311.107259200231,31.89884606754031,42.64841601875126
231,455809,2049.857953091101,0,0,0,0,0,0,0,1,0,1047.298663672821,9374.945484913062,32.12207049334152,48.83595527108593
232,454780,2051.478549725706,0,0,0,0,0,0,0,1,0,4796.437081524368,9430.16196439878,32.27777549172497,50.4565519058369
233,446337,2027.743615073273,0,0,0,0,1,0,0,1,0,610.6817003341476,8245.872924474879,28.35096095048151,26.72161725356832
234,453429,2035.900226407843,0,0,0,0,0,0,0,1,0,3790.593414923141,9134.985517590399,31.32801876530623,34.8782285878545
235,454647,2046.87650074351,0,0,0,0,0,0,0,1,0,2443.088702624449,9089.013729088429,31.18018555178211,45.85450292351988
236,452278,2046.846073575706,0,0,0,0,0,0,0,1,0,2414.80456813603,8639.552292925518,29.65064038992197,45.82407575577066
237,457920,2050.236609409822,0,0,0,0,0,0,0,1,0,79.30780018180343,9761.763413670136,33.43057189149273,49.21461158982851
238,453117,2031.404213896891,0,0,0,0,0,0,0,1,0,1410.492558533287,9555.660280948729,32.71940752532716,30.38221607689993
239,454007,2047.960742727972,0,0,0,0,0,0,0,1,0,5312.274152107231,9566.055781203348,32.76312686846352,46.9387449079844
240,449230,2019.429925981202,0,0,0,0,0,0,0,1,0,791.3479551128281,9615.224933841331,32.93810064584618,18.40792816120337
241,451431,2050.018881176011,0,0,0,0,0,0,0,1,0,531.3844720413198,9304.668276620083,31.8763794295503,48.99688335593009
242,439925,2011.52606904541,0,0,0,0,0,0,0,1,0,870.4957534092625,8845.156241360413,30.3779004429722,10.50407122545553
243,451654,2037.197179029847,0,0,0,0,0,0,0,1,0,793.6467409271648,9323.075061160645,31.93402476443233,36.17518120982371
244,448697,2030.092583236244,0,0,0,0,0,0,0,1,0,2359.168462029251,9271.389901544473,31.75975869362918,29.07058541625066
245,447480,2043.577960120621,0,0,0,0,0,0,0,1,0,5907.735487445681,8204.119780763187,28.20977824643506,42.55596230065033
246,460103,2053.263808738042,0,0,0,0,0,0,0,1,0,3780.421370541335,9613.374023255139,32.91921178920457,52.24181091801914
247,450747,2039.403160034664,0,0,0,0,0,0,0,1,0,2667.525525525486,8983.536893304301,30.80401903682906,38.38116221470423
248,458198,2052.440404441671,0,0,0,0,0,0,0,1,0,264.6087034909415,9657.731410971779,33.06465209145043,51.4184066213715
249,453264,2046.722490293575,0,0,0,0,0,0,0,1,0,45.35188017891353,9325.982914309281,31.96767492251954,45.7004924735629
250,449044,2037.507863050573,0,0,0,0,0,0,0,1,0,5744.800099439547,9431.586011255218,32.31683065214376,36.48586523076487
251,454626,2041.26437274106,0,0,0,0,0,0,0,1,0,752.3040840763318,9709.574449515923,33.22513720383383,40.24237492103742
252,447295,2027.227496830084,0,0,0,0,0,0,0,1,0,1250.438058099632,9040.117371078717,31.00415282472484,26.20549901008154
253,451354,2044.814110871769,0,0,0,0,0,0,0,1,0,4137.59899854505,9227.223633656788,31.64343714816865,43.79211305184785
254,453103,2038.759187938168,0,0,0,0,0,0,0,1,0,1292.671872268557,9165.342850694151,31.42138415149486,37.73719011816952
255,448416,2023.432870217468,0,0,0,0,0,0,0,1,0,1120.004155234373,9682.15512673199,33.14348150164727,22.41087239745899
256,446767,2032.075245163235,0,0,0,0,0,0,0,1,0,839.119694745941,9221.246182732253,31.60293015734739,31.05324734325278
257,448796,2014.890917776973,0,0,0,0,0,0,0,1,0,3982.017215069035,9162.996525495317,31.41000794354552,13.86891995698617
258,458216,2053.055859383933,0,0,0,0,0,0,0,1,0,7004.855414894489,9512.525421364335,32.58616918365733,52.03386156392584
259,451441,2047.283197814438,0,0,0,0,0,0,0,1,0,4266.526308637945,9318.918176633255,31.92496439516055,46.26119999444976
260,452770,2048.848108346285,0,0,0,0,0,0,0,1,0,71.16221132773953,9474.965031915344,32.47224917988416,47.82611052628631
261,447656,2012.182713459691,0,0,0,0,0,0,0,1,0,1216.568306305644,9560.688377229832,32.73914265595405,11.16071563970212
262,447914,2031.460152886523,0,0,0,0,0,0,0,1,0,2504.051884943582,9192.155930228089,31.52071346109984,30.43815506649698
263,454084,2038.84364277342,0,0,0,0,0,0,0,1,0,97.4720312096303,9481.513462484971,32.48801191164473,37.82164495370407
264,451540,2048.995103234359,0,0,0,0,0,0,0,1,0,3503.41020103144,8945.542545740131,30.68049141351628,47.9731054143731
265,449455,2035.586674173805,0,0,0,0,0,0,0,1,0,267.5128316052795,9126.518312490201,31.29171593444376,34.56467635380017
266,460243,2052.300844156996,0,0,0,0,0,0,0,1,0,373.5291631040615,9763.579209455227,33.43925172745138,51.2788463370124
267,459537,2043.419554598407,0,0,0,0,0,0,0,1,0,258.746560080985,9793.147713680428,33.52746130877023,42.39755677839427
268,450176,2024.209722272835,0,0,0,0,0,0,0,1,0,1285.277374074692,9436.15595032091,32.33929466763468,23.18772445283226
269,453931,2035.183978159445,0,0,0,0,0,0,0,1,0,1338.747140693785,9702.676679420041,33.22998974857245,34.16198033943866
270,454597,2040.400087693438,0,0,0,0,0,0,0,1,0,418.5684249006917,9605.939962932658,32.89577266112907,39.37808987343969
271,458951,2050.428042740728,0,0,0,0,0,0,0,1,0,887.6579311453584,9468.053317795768,32.4501705585053,49.4060449207217
272,453188,2047.625123938565,0,0,0,0,0,0,0,1,0,963.1355109931591,9446.186058325789,32.34446679027166,46.60312611731186
273,447939,2036.897975455991,0,0,0,0,0,0,0,1,0,2036.118186958432,9662.110656188675,33.07636050328922,35.87597763597773
274,442900,1999.999999999981,0,0,0,0,0,0,0,0,0,17065.26317262077,9417.117191123489,32.24551046485439,-1
275,452237,2027.874260838384,0,0,0,0,0,0,0,1,0,914.1854849052042,9951.400844864134,34.04457673813674,26.85226301836693
276,458274,2049.799389916198,0,0,0,0,0,0,0,1,0,1143.034985869603,8972.770761163423,30.78458485126786,48.77739209619631
277,451075,2045.415916564217,0,0,0,0,0,0,0,1,0,4197.074033397464,9252.383852968111,31.7048111691418,44.39391874420838
278,449453,2035.528705304138,0,0,0,0,0,0,0,1,0,2333.837243015468,9242.03857437744,31.66331459586121,34.50670748413165
279,456063,2045.201485818114,0,0,0,0,0,0,0,1,0,468.0316679939236,9030.183893719259,30.96122964290923,44.17948799810364
280,451855,2043.979668499597,0,0,0,0,0,0,0,1,0,2072.920776730122,9468.891897683246,32.45013573071783,42.95767067966488
281,452594,2027.33005338928,0,0,0,0,0,0,0,1,0,2965.31876601934,9682.053782023868,33.14891071782409,26.30805556928401
282,446099,2019.948018397821,0,0,0,0,0,0,0,1,0,484.8205525478891,9486.981406619208,32.51206334396796,18.92602057781738
283,445547,2022.105411432878,0,0,0,0,0,0,0,1,0,1775.45003233081,9090.612680764134,31.14925802184882,21.08341361286985
284,457337,2048.019782252411,0,0,0,0,0,0,0,1,0,5133.559774751859,9338.094989701776,31.99188161039897,46.99778443240622
285,450824,2051.104884054691,0,0,0,0,0,0,0,1,0,4010.616719425022,9160.933728645983,31.392058189564,50.08288623494921
286,451680,2032.335276895434,0,0,0,0,0,0,0,1,0,605.1497688565047,9527.785701780915,32.62481454625631,31.31327907543763
287,452939,2037.804035806179,0,0,0,0,0,0,0,1,0,3790.772529692501,9908.361844554911,33.90698389974514,36.78203798616821
288,452900,2025.804221014498,0,0,0,0,0,0,0,1,0,3804.991353736365,9336.427976965784,31.98804165630055,24.78222319448025
289,443318,2008.186325069584,0,0,0,0,0,0,0,1,0,2522.786880333972,9066.392580154925,31.09133363097835,7.164327249576271
290,450344,2047.781352482776,0,0,0,0,0,0,0,1,0,2975.281160981267,9326.533948012924,31.9786716716582,46.75935466277922
291,448924,2022.096091135785,0,0,0,0,0,0,0,1,0,160.705203300702,9396.34380906968,32.18653707987669,21.0740933157769
292,453679,2048.726515659796,0,0,0,0,0,0,0,1,0,4211.565742658211,9119.305915841991,31.26390646032094,47.70451783979929
293,452520,2044.079257282133,0,0,0,0,0,0,0,1,0,3292.928276737074,8762.379230181801,30.06599235374301,43.05725946212851
294,449804,2010.640988635369,0,0,0,0,0,0,0,1,0,1323.046924298445,9527.05244651789,32.63550410778826,9.618990815389402
295,458866,2053.063346470441,0,0,0,0,0,0,0,1,0,2022.684096630345,9562.602277253154,32.74404422844064,52.02706244004461
296,448389,2028.205180148335,0,0,0,0,0,0,0,1,0,660.5496173768257,9202.383534668703,31.54252795571556,27.18318232832265
297,442376,2029.274884617368,0,0,0,0,0,0,0,1,0,54.30734608147721,8737.522665336703,29.98880767079016,28.25288679727621
298,451188,2041.421366920303,0,0,0,0,0,0,0,1,0,2788.598856132189,9556.571903762817,32.7212201571318,40.3993691003183
299,450542,2028.325369714458,0,0,0,0,0,0,0,1,0,3192.395842177217,9482.61340059362,32.48493638751538,27.30337189444026
300,443740,2029.942247485541,0,0,0,0,0,0,0,1,0,858.9532581657536,8936.383936927983,30.63516576345916,28.92024966553773
301,442114,2011.357746719861,0,0,0,0,0,0,0,1,0,1380.758711375337,9574.464022952505,32.79052401304672,10.3357488998131
302,450682,2035.375807428583,0,0,0,0,0,0,0,1,0,764.2629301466642,9627.573543150324,32.9720371332623,34.35380960857814
303,449704,2025.548031600437,0,0,0,0,0,0,0,1,0,2896.94515778923,9324.356315241064,31.95319460230512,24.52603378044331
304,454939,2043.56395797954,0,0,0,0,0,0,0,1,0,719.1806736396885,9827.698873228184,33.65212362065257,42.54196015967035
305,454533,2049.904143697822,0,0,0,0,0,0,0,1,0,4099.666643253503,8716.842503709624,29.92337906280695,48.88214587779523
306,452081,2051.609846700326,0,0,0,0,1,0,0,1,0,219.052417495007,9008.237593959559,30.89526414804375,50.58784888032845
307,450790,2051.00482731452,0,0,0,0,0,0,0,1,0,73.27073195996124,9101.437974341427,31.21105385025464,49.98282949451649
308,446493,2028.31516145677,0,0,0,0,0,0,0,1,0,1275.237923446642,8717.111304290485,29.93768917317627,27.29316363671786
309,454672,2042.17894683909,0,0,0,0,0,0,0,1,0,297.8331572200589,9532.912060066108,32.63197961016271,41.15694901910948
310,457322,2052.7540730941,0,0,0,0,0,0,0,1,0,3343.748435303562,9590.821091236408,32.83310154087187,51.73207527408877
311,446013,2026.166736863967,0,0,0,0,0,0,0,1,0,5633.196975901541,8832.972360631242,30.30927689596048,25.14473904389256
312,448659,2033.327260044849,0,0,0,0,0,0,0,1,0,2662.701715974875,9552.481146972259,32.73373157747898,32.30526222484195
313,452535,2043.344743302602,0,0,0,0,0,0,0,1,0,113.9068685691947,9590.009650646351,32.83578273941227,42.32274548261611
314,453450,2033.968080038919,0,0,0,0,0,0,0,1,0,1291.051629672387,9520.805185545025,32.62806175526844,32.94608221891165
315,451123,2032.682571645986,0,0,0,0,0,0,0,1,0,2711.104194894216,9178.220673271167,31.45214671677216,31.66057382597876
316,450290,2043.304378913804,0,0,0,0,0,0,0,1,0,937.3448663031058,9498.696149988011,32.54119298833252,42.28238109406815
317,450243,2023.999991972058,0,0,0,0,0,0,0,1,0,6145.784289104925,9493.76905423901,32.5026764876587,22.97799415204701
318,444615,2030.549128321592,0,0,0,0,0,0,0,1,0,1787.54876747532,8611.0806979141,29.56952615970794,29.52713050159593
319,451890,2035.021716370667,0,0,0,0,0,0,0,1,0,3509.618268015696,9488.683049740777,32.52152861891182,33.99971855067017
320,452240,2035.14529289314,0,0,0,0,0,0,0,1,0,3441.332013691566,9406.712069517049,32.22444365834119,34.12329507311543
321,453700,2031.225228839284,0,0,0,0,0,0,0,1,0,2916.320014412081,9302.188453260676,31.88266718402556,30.20323102041866
322,450417,2028.418602206705,0,0,0,0,0,0,0,1,0,5122.633138678941,9080.686182762716,31.13809428604505,27.39660438670271
323,454837,2048.751116452398,0,0,0,0,0,0,0,1,0,50.43260344741908,9544.103356065047,32.6953494145804,47.72911863241103
324,458696,2043.978324078217,0,0,0,0,0,0,0,1,0,2481.613438779832,9689.17911251345,33.16596789597783,42.95632625820134
325,456914,2050.011466092738,0,0,0,0,0,0,0,1,0,954.6269820463647,9568.711311275616,32.76257725571111,48.98946827274643
326,450127,2041.96739158214,0,0,0,0,0,0,0,1,0,2258.211445947066,9084.171071093264,31.1361491169042,40.94539376214248
327,454815,2036.958456652407,0,0,0,0,0,0,0,1,0,94.11897972363954,9795.690652861402,33.52851354838224,35.93645883242277
328,454568,2049.936318026557,0,0,0,0,0,0,0,1,0,34.79433382467292,9522.021004987117,32.62012034147394,48.91432020656084
329,446370,2031.267238956643,0,0,0,0,0,0,0,1,0,256.6923614726858,8443.71973515488,28.99426113349809,30.24524114655547
330,456090,2051.267480965069,0,0,0,0,0,0,0,1,0,1301.691255620047,9645.9816914043,33.0502971040686,50.24548314505795
331,450799,2036.257791307355,0,0,0,0,0,0,0,1,0,1421.481684578212,9132.809549369818,31.30325085458256,35.23579348736484
332,452203,2035.789144909095,0,0,0,0,0,0,0,1,0,2584.61873753742,9391.665032642295,32.1876244853683,34.76714708907519
333,450365,2025.824135893848,0,0,0,0,0,0,0,1,0,2265.167664879357,9359.151722493376,32.06784957790964,24.80213807383905
334,454782,2047.07780300626,0,0,0,0,0,0,0,1,0,1186.548985920418,8971.85802883094,30.79159777703325,46.05580518618601
335,443537,2044.337535706659,0,0,0,0,0,0,0,1,0,1143.053251950714,8564.581519123405,29.40830156133596,43.31553788663913
336,454537,2051.168050587126,0,0,0,0,0,0,0,1,0,1289.054060676804,9427.510138682223,32.2897407755816,50.14605276666049
337,455857,2052.014184958917,0,0,0,0,0,0,0,1,0,2014.771209830686,9680.644899701394,33.15273707854657,50.99218713894002
338,452242,2034.967089308619,0,0,0,0,0,0,0,1,0,436.3318034825786,9443.080536415739,32.35608778922428,33.94509148862178
339,452146,2027.030762243714,0,0,0,0,0,0,0,1,0,1291.436288351956,9596.451384368731,32.88009904428596,26.0087644237267
340,449463,2033.51569680185,0,0,0,0,0,0,0,1,0,993.6616672615106,8849.977547684424,30.37509139038979,32.49369898185794
341,455466,2034.923241093316,0,0,0,0,0,0,0,1,0,1775.52805131592,9714.178454867724,33.26267823687625,33.90124327331252
342,449088,2030.418909063046,0,0,0,0,0,0,0,1,0,1030.753597464531,8966.650843995185,30.74607461972867,29.39691124306113
343,450031,2022.321343483838,0,0,0,0,0,0,0,1,0,688.7203994667422,9716.684640589297,33.29813168418154,21.29934566384131
344,449540,2029.63588796796,0,0,0,0,0,0,0,1,0,143.6132939678509,9502.982661798243,32.5497789359364,28.61389014798321
345,451751,2038.636923530267,0,0,0,0,0,0,0,1,0,2042.096507841052,9458.555717531797,32.40314320988413,37.61492571027788
346,450252,2040.739344748004,0,0,0,0,0,0,0,1,0,3829.887542058445,9415.872445525505,32.26676805551507,39.71734692798655
347,440821,2032.110615520122,0,0,0,0,0,0,0,1,0,3192.716830825424,8397.567902043782,28.84789078173179,31.08861770033997
348,452942,2042.422378501067,0,0,0,0,0,0,0,1,0,5018.352250971361,9158.732800472424,31.38375307330713,41.40038068106836
349,449540,2038.489609844275,0,0,0,0,0,0,0,1,0,4595.194919868234,8868.207902187456,30.42978946365591,37.46761202383043
350,451341,2028.800106228249,0,0,0,0,0,0,0,1,0,646.1965597692989,8903.582483773236,30.54591085587646,27.77810840823503
351,457150,2049.603521308033,0,0,0,0,0,0,0,1,0,4428.216768135065,9844.525071157979,33.70664491882339,48.58152348804278
352,450096,2031.990172632851,0,0,0,0,0,0,0,1,0,918.9740066471231,9133.552188437214,31.31910565962739,30.96817481284918
353,449676,2020.17972617033,0,0,0,0,0,0,0,1,0,3136.016193311868,9342.578287417589,32.01392096204641,19.15772835034146
354,457363,2042.736885715364,0,0,0,0,0,0,0,1,0,661.1308944650731,9786.793285311665,33.5130204252989,41.71488789536232
355,457655,2050.426081090022,0,0,0,0,0,0,0,1,0,100.5478145647245,9567.673836217447,32.76597198913835,49.40408327000811
356,445654,2012.748786256677,0,0,0,0,0,0,0,1,0,1971.098763736977,9290.18136829037,31.83610752785284,11.72678843665121
357,442333,1999.99999999999,0,0,0,0,0,0,0,0,0,10583.757643341,9639.827710451182,33.00300489700361,-1
358,457553,2048.384516644269,0,0,0,0,0,0,0,1,0,4690.459416313473,9459.181148154557,32.40481452292444,47.36251882425901
359,452913,2045.653967644377,0,0,0,0,0,0,0,1,0,78.8172251174548,9280.444094539978,31.80221342856526,44.6319698243758
360,446838,2034.501834909301,0,0,0,0,0,0,0,1,0,1350.284384702145,8488.757793219234,29.15719253686659,33.47983708935477
361,453288,2040.593441949733,0,0,0,0,0,0,0,1,0,685.6661790107015,9365.082988238792,32.08545163997994,39.57144412975205
362,451888,2047.302113273,0,0,0,0,0,0,0,1,0,1409.455243878593,8653.715578646495,29.72445555786971,46.28011545314136
363,456774,2042.201294348916,0,0,0,0,0,0,0,1,0,1130.610356617367,9688.800218598408,33.18780811109828,41.17929652892538
364,455833,2052.255004221936,0,0,0,0,0,0,0,1,0,314.0462657938711,9719.77793353424,33.29242773099819,51.23300640196732
365,451479,2037.621639185003,0,0,0,0,0,0,0,1,0,1152.744094474862,9333.271043877041,31.97580533132324,36.59964136499003
366,453435,2027.951293842425,0,0,0,0,0,0,0,1,0,1561.454898984571,9280.52990503352,31.82385475161002,26.92929602241189
367,452391,2042.484002644991,0,0,0,0,0,0,0,1,0,741.6423647017386,9488.490128830721,32.48836675187015,41.46200482478156
368,448988,2042.450147394291,0,0,0,0,0,0,0,1,0,5059.539689451596,9463.150740132831,32.41539151807878,41.42814957430053
369,456841,2050.091028590522,0,0,0,0,0,0,0,1,0,5068.306557685755,9804.989996038903,33.56968128057025,49.06903077051964
370,455709,2047.751218656326,0,0,0,0,0,0,0,1,0,1637.382601984884,9664.982493877169,33.08180793084808,46.72922083631354
371,452808,2041.847412040986,0,0,0,0,0,0,0,1,0,909.5835241737157,9367.729874843211,32.10426574849058,40.8254142209919
372,455305,2040.452308996898,0,0,0,0,0,0,0,1,0,1051.871033906838,9233.65534332125,31.66208092937487,39.43031117689063
373,456732,2050.417906289046,0,0,0,0,0,0,0,1,0,4622.522927217558,8989.030206731552,30.82660446200746,49.39590846878062
374,447945,2040.907725950305,0,0,0,0,0,0,0,1,0,793.2979302546637,9122.406220311756,31.28294515290127,39.88572813025376
375,458068,2033.368733905202,0,0,0,0,0,0,0,1,0,1351.306762779601,9772.255491143693,33.46232431592058,32.34673608520553
376,452460,2025.363206887824,0,0,0,0,0,0,0,1,0,2107.529162744582,9660.910769886932,33.09096559482385,24.34120906783219
377,454182,2050.643068528843,0,0,0,0,0,0,0,1,0,6154.480410910826,9188.283382817397,31.50102019706031,49.62107070894705
378,451609,2038.319094871223,0,0,0,0,0,0,0,1,0,699.2444711499659,9404.967829183517,32.22080370018175,37.2970970512244
379,451929,2026.619828063677,0,0,0,0,0,0,0,1,0,1534.800932933431,9140.868682316948,31.32764097434673,25.59783024370357
380,445038,2020.061307252809,0,0,0,0,0,0,0,1,0,1333.783907681985,9427.24061210748,32.29396171092084,19.03930943279617
381,456971,2052.672568609678,0,0,0,0,0,0,0,1,0,983.7631667027894,9216.080941721049,31.58949402853275,51.65057078967565
382,451367,2043.689202434607,0,0,0,0,0,0,0,1,0,4651.458871122151,8803.580750142946,30.20583260932817,42.66720461454553
383,452907,2036.941703528296,0,0,0,0,0,0,0,1,0,1458.974394598233,9285.159570251677,31.82024671100744,35.91970570828472
384,459931,2047.664749651051,0,0,0,0,0,0,0,1,0,3094.704693503189,9108.556054594119,31.22162581340432,46.64275183104758
385,448260,2035.562231133206,0,0,0,0,0,0,0,1,0,1452.836481238815,9524.002750018593,32.61043829342059,34.54023331320501
386,442327,2023.642864039238,0,0,0,0,0,0,0,1,0,1694.175072218603,9129.934089060824,31.31910194246342,22.6208662192288
387,451380,2021.380262532603,0,0,0,0,0,0,0,1,0,2583.997162158892,9687.152423726549,33.18082932505068,20.35826471259096
388,452679,2024.978520940783,0,0,0,0,0,0,0,1,0,787.8108016628286,9710.329443281003,33.24059391489266,23.9565231207888
389,450057,2053.029771669619,0,0,0,0,0,0,0,1,0,488.8910383081412,8812.99591890223,30.23051759413692,52.00777384978206
390,447797,2024.435665452516,0,0,0,0,0,0,0,1,0,166.4661150807933,9323.69804215512,31.95441983634231,23.41366763273863
391,455824,2048.985388254289,0,0,0,0,0,0,0,1,0,1105.488690004541,9523.11560269194,32.62704719121323,47.96339043431174
392,453490,2031.34240960313,0,0,0,0,0,0,0,1,0,326.3195241790621,9902.949479836481,33.9033836983619,30.32041178311198
393,448924,2030.233239578848,0,0,0,0,0,0,0,1,0,347.6775537578451,9243.201194428888,31.6725203532497,29.21124175882971
394,449150,2028.86406967185,0,0,0,0,0,0,0,1,0,2466.258468203556,9121.665750278573,31.26096262320608,27.84207185184487
395,460808,2049.275660676924,0,0,0,0,0,0,0,1,0,3244.690010730632,9851.937840964178,33.72437947552648,48.25366285692349
396,452365,2046.65655370013,0,0,0,0,0,0,0,1,0,1431.196814100356,9217.197053821599,31.57918090093003,45.63455588014599
397,450984,2037.016547798027,0,0,0,0,0,0,0,1,0,1658.075413821403,9010.098887301921,30.89765930576883,35.99454997801478
398,446500,2036.192545698613,0,0,0,0,0,0,0,1,0,164.6150706567008,9334.848909011451,31.98738755609029,35.17054787860857
399,450073,2035.505167031786,0,0,0,0,0,0,0,1,0,1280.631296951819,9191.166548721991,31.51459399020931,34.48316921175892
400,452525,2047.645982939943,0,0,0,0,0,0,0,1,0,2970.492497398595,8877.027435267961,30.44281074396567,46.62398511994036
401,449870,2034.261738601707,0,0,0,0,0,0,0,1,0,700.023983112298,8837.203211368053,30.33935370596929,33.2397407817004
402,446475,2039.943189038419,0,0,0,0,0,0,0,1,0,3339.900451231057,8742.144293494232,30.01642841002723,38.92119121841714
403,452370,2049.69727843258,0,0,0,0,0,0,0,1,0,565.3461650303321,9358.842910980946,32.05650094018368,48.675280612571
404,457578,2052.364540779519,0,0,0,0,0,0,0,1,0,7555.614808552074,9245.027367358707,31.69271066592512,51.34254295920707
405,453131,2030.964253908756,0,0,0,0,0,0,0,1,0,51.69654448831333,9829.375612513251,33.64315500496413,29.94225608872562
406,452624,2047.194920567151,0,0,0,0,0,0,0,1,0,4748.986284437092,9107.133254256949,31.20931271848238,46.17292274713818
407,459437,2043.470359883922,0,0,0,0,0,0,0,1,0,2903.389227646164,9264.136547846258,31.76103916876057,42.44836206392156
408,452034,2032.445694235894,0,0,0,0,0,0,0,1,0,3203.865381045271,9491.284144340803,32.50811252226032,31.42369641589048
409,450228,2040.220201793132,0,0,0,0,0,0,0,1,0,1282.410491715753,9181.642053047872,31.48618189379574,39.19820397313426
410,451933,2034.394613763706,0,0,0,0,0,0,0,1,0,3315.637935221754,9186.448712148931,31.49184861650985,33.37261594370571
411,452147,2033.830179217402,0,0,0,0,0,0,0,1,0,1025.28349773897,9157.751498941318,31.41881106489847,32.80818139721692
412,449123,2045.965193747091,0,0,0,0,0,0,0,1,0,2261.395580118511,8787.950750662298,30.14852255816772,44.9431959270777
413,452496,2046.147680042896,0,0,0,0,0,0,0,1,0,6170.812815164631,9281.200021673219,31.801187700385,45.12568222288625
414,452393,2038.506179571609,0,0,0,0,0,0,0,1,0,6724.643650196418,9409.778748532981,32.24021249006201,37.4841817516274
415,449588,2014.698638636038,0,0,0,0,0,0,0,1,0,4245.824739983931,9480.643171801286,32.4849051974532,13.67664081602616
416,452354,2045.711994253707,0,0,0,0,0,0,0,1,0,1448.146996235854,9081.645700185367,31.14319475603927,44.68999643370528
417,446013,2032.073301555697,0,0,0,0,0,0,0,1,0,546.3043118729312,8661.511087716952,29.73728492077245,31.05130373683376
418,451010,2031.750940012737,0,0,0,0,0,0,0,1,0,2569.990509617442,9191.180240767068,31.5072125119094,30.72894219397828
419,458649,2049.18523612538,0,0,0,0,0,0,0,1,0,1483.400264387985,9696.441407392362,33.20387746584525,48.16323830496219
420,462574,2053.232449008493,0,0,0,0,0,0,0,1,0,5741.246580456941,9131.895923331771,31.32516607336068,52.21045118848659
421,453129,2023.020526081598,0,0,0,0,0,0,0,1,0,835.2940540989888,9565.687558079841,32.76225498397593,21.99852826159377
422,452075,2026.923040288749,0,0,0,0,0,0,0,1,0,5915.948979091158,9437.367751987867,32.33218206045151,25.9010424687612
423,452801,2040.985412844012,0,0,0,0,0,0,0,1,0,1429.806677494375,9387.617657085868,32.1495394769546,39.96341502401354
424,457987,2046.753811722837,0,0,0,0,0,0,0,1,0,6659.833321543732,9363.146028541112,32.08380345152298,45.73181390284604
425,448983,2035.845402543881,0,0,0,0,0,0,0,1,0,3015.682587277704,8961.719916497714,30.73251083375435,34.82340472386587
426,452942,2035.145777915106,0,0,0,0,0,0,0,1,0,180.5577790321724,9519.683248326302,32.61293706390108,34.12378009511297
427,452981,2029.536687344465,0,0,0,0,0,0,0,1,0,3384.930806315276,9677.574027120954,33.1464242543146,28.51468952446337
428,449273,2041.626302627906,0,0,0,0,0,0,0,1,0,2933.822090168455,8738.873241970394,29.99637158037183,40.60430480792309
429,452847,2025.995909123707,0,0,0,0,0,0,0,1,0,1241.438260920172,9794.061241059902,33.5256987134889,24.97391130371982
430,449212,2034.390137231659,0,0,0,0,0,0,0,1,0,674.7506562991805,8384.736653542916,28.8273887974995,33.36813941158331
431,454785,2044.121392347845,0,0,0,0,0,0,0,1,0,1745.211245796163,9485.205175231653,32.49696539446317,43.09939452833944
432,453680,2039.306737080927,0,0,0,0,0,0,0,1,0,5313.719179859045,9386.211654308478,32.14229293855254,38.28473926094563
433,452754,2037.08545234081,0,0,0,0,0,0,0,1,0,1895.946561150315,9290.345232046371,31.84626390869373,36.06345452079082
434,449087,2017.919394959917,0,0,0,0,0,0,0,1,0,2336.542195981233,9475.721285452453,32.46565779739034,16.89739713994238
435,447573,2038.282480426489,0,0,0,0,0,0,0,1,0,429.8637190342959,9255.822749650712,31.74170769189618,37.26048260649608
436,453264,2038.0133008943,0,0,0,0,0,0,0,1,0,2931.147018515411,9192.142289800839,31.51223767028137,36.99130307430298
437,447317,2032.485344635075,0,0,0,0,0,0,0,1,0,305.6913827064382,8951.029948843639,30.70181564939536,31.4633468150714
438,448166,2027.534135324503,0,0,0,0,0,0,0,1,0,9134.717825523214,9367.810979492506,32.0979640471267,26.51213750452416
439,454124,2039.324660245806,0,0,0,0,0,0,0,1,0,875.2881539437971,9613.400607164078,32.93318455518752,38.30266242579295
440,453999,2049.107695793597,0,0,0,0,0,0,0,1,0,216.0242681139797,9624.752022190642,32.94977211950069,48.08569797358949
441,451655,2030.912919902562,0,0,0,0,0,0,0,1,0,4450.871973360404,9302.143515048025,31.87801254465127,29.89092208255536
442,451765,2020.207365768545,0,0,0,0,0,0,0,1,0,81.67524058127172,9748.249257490264,33.37204292171044,19.18536794854791
443,449949,2039.084570535862,0,0,0,0,0,0,0,1,0,2248.064773809023,8987.076918765853,30.82500947094033,38.0625727158567
444,453807,2046.693285439116,0,0,0,0,0,0,0,1,0,2338.811683288206,9079.38995879749,31.13566479423164,45.67128761912558
445,451543,2042.841245643216,0,0,0,0,0,0,0,1,0,1557.078629886164,9221.809867114858,31.61486705002124,41.81924782321668
446,447747,2044.313343126201,0,0,0,0,1,0,0,1,0,2924.687837559747,8628.256085254543,29.613788179755,43.29134530621112
447,459197,2051.96144831555,0,0,0,0,0,0,0,1,0,3614.220285892803,9827.436139706675,33.63019772510282,50.93945049554743
448,450146,2052.769790881832,0,0,0,0,0,0,0,1,0,2281.0759289964,8774.313936915052,30.11059485158849,51.74779306190095
449,459040,2048.924194856251,0,0,0,0,0,0,0,1,0,8445.128470247313,9267.587974201389,31.73662328856733,47.90219703632065
450,452158,2019.938039462171,0,0,0,0,0,0,0,1,0,5310.590798539049,9611.049567601527,32.93084902021143,18.91604164218013
451,456203,2053.174039112801,0,0,0,0,0,0,0,1,0,1056.680684404606,9780.148534101918,33.46134765505065,52.15204129278862
452,450877,2046.408516579265,0,0,0,0,0,0,0,1,0,878.1947655038157,8801.018379960422,30.20142931341805,45.38651875928576
453,450052,2028.4877886386,0,0,0,0,0,0,0,1,0,1487.644062003276,9108.225779758244,31.21745140850117,27.46579081859445
454,446643,2015.034001514628,0,0,0,0,0,0,0,1,0,1865.721613792189,9577.335254317033,32.80839155392969,14.01200369462124
455,451556,2032.754759182852,0,0,0,0,0,0,0,1,0,1440.54152893414,9445.273020818526,32.36864783929226,31.73276136285585
456,451141,2039.084762919531,0,0,0,0,0,0,0,1,0,6005.461841935077,9069.972176172991,31.1071469717639,38.06276509950231
457,453085,2051.909782397197,0,0,0,0,0,0,0,1,0,226.3201336722537,9367.982254774428,32.09187882782371,50.8877845772048
458,454556,2043.161857155793,0,0,0,0,0,0,0,1,0,4058.66839355704,9581.501105074973,32.80956173907268,42.13985933580469
459,456891,2039.842292127646,0,0,0,0,0,0,0,1,0,71.7017373124595,9561.765855487713,32.73879086692169,38.82029430762803
460,440780,2006.749161260384,0,0,0,0,0,0,0,1,0,5902.122277517939,9035.522297204287,30.9830845015884,5.727163438491865
461,449540,2036.679035083727,0,0,0,0,0,0,0,1,0,484.3756519298838,9023.738806449532,30.93623960608781,35.65703726302658
462,450888,2035.09356701759,0,0,0,0,0,0,0,1,0,1397.997892234979,8718.360929601167,29.92067957495832,34.07156919757533
463,447813,2024.695145950551,0,0,0,0,0,0,0,1,0,3408.492335144491,9385.159461403136,32.15662640987148,23.67314813056692
464,449505,2051.165786697141,0,0,0,0,0,0,0,1,0,2179.603744589984,8450.654511997429,29.00466837466599,50.14378887714787
465,453702,2046.565305119764,0,0,0,0,0,0,0,1,0,4913.472345291113,9082.409532327822,31.15173211938865,45.54330729978426
466,455009,2047.12343837196,0,0,0,0,0,0,0,1,0,2529.875543951296,9530.022944075479,32.65295349735381,46.10144055160052
467,457589,2052.979957199896,0,0,0,0,0,0,0,1,0,1994.357755034428,9393.441458136911,32.17576012385717,51.957959379902
468,453163,2046.944422660604,0,0,0,0,0,0,0,1,0,625.3499645087942,9339.658328747128,32.00623838740781,45.92242484066244
469,453369,2038.657656442474,0,0,0,0,0,0,0,1,0,305.7892251584844,9484.357477052592,32.48941480396248,37.63565862246364
470,451748,2048.205397589785,0,0,0,0,0,0,0,1,0,2191.678438627833,9135.821835345869,31.32800055657971,47.18339976945619
471,446802,2020.185932416956,0,0,0,0,0,0,0,1,0,129.4280496150334,9361.398152034813,32.0750828111717,19.16393459697481
472,458446,2039.470277359567,0,0,0,0,0,0,0,1,0,1418.686721408919,9800.942018333442,33.54073112263215,38.44827953954918
473,450203,2034.586083665366,0,0,0,0,0,0,0,1,0,2294.48709510516,9260.815314333589,31.7596722897163,33.56408584536767
474,454904,2037.226166781955,0,0,0,0,0,0,0,1,0,1687.815991658403,9779.722535288554,33.48742715049601,36.20416896194871
475,458482,2052.65328911713,0,0,0,0,0,0,0,1,0,172.6835334546115,9623.542685711755,32.96396245987086,51.63129129710453
476,453557,2024.18690883405,0,0,0,0,0,0,0,1,0,5906.92589883701,9325.928135972496,31.94990279680028,23.16491101406213
477,447337,2033.04155421134,0,0,0,0,1,0,0,1,0,1140.956667945394,9382.803013921299,32.13216983235554,32.01955639135842
478,453851,2035.611297717497,0,0,0,0,0,0,0,1,0,2876.424959052497,9796.029374630365,33.52445637373716,34.58929989751441
479,454760,2046.257270774156,0,0,0,0,0,0,0,1,0,647.9822616879194,9496.409636587328,32.53800066247094,45.23527295416064
480,442195,2011.909715329532,0,0,0,0,0,0,0,1,0,2397.168250636044,9016.962761924047,30.91128249502442,10.88771750954576
481,450113,2044.161489473379,0,0,0,0,0,0,0,1,0,878.3283090391575,8766.962140563626,30.10247204240379,43.13949165613108
482,454620,2045.83927141805,0,0,0,0,0,0,0,1,0,3896.910785186767,9559.201620175498,32.73058040142021,44.81727359807338
483,447795,2034.98427154046,0,0,0,0,0,0,0,1,0,2236.979182333887,8960.361690954554,30.72547623211701,33.96227372045944
484,456330,2048.072164671826,0,0,0,0,0,0,0,1,0,408.7674812142242,9539.834926370508,32.67526150014616,47.05016685181274
485,451616,2033.16274094358,0,0,0,0,0,0,0,1,0,2212.099059847137,9120.925400703665,31.26295956539694,32.14074312355658
486,450323,2045.813863751721,0,0,0,0,0,0,0,1,0,249.4669878658708,8857.165689373032,30.37099835558937,44.7918659317433
487,447875,2044.830595265544,0,0,0,0,0,0,0,1,0,2393.682185340361,8825.366828656986,30.29177482704725,43.80859744561933
488,451921,2029.085926648092,0,0,0,0,0,0,0,1,0,1835.658310415989,8997.828406805322,30.85763484333732,28.06392882810882
489,452263,2036.917615842647,0,0,0,0,0,0,0,1,0,425.6024302943515,9358.161304566274,32.03832244026509,35.89561802265018
490,447768,2018.146226028537,0,0,0,0,0,0,0,1,0,1989.978828631715,9268.746193056313,31.75666572130312,17.12422820853251
491,457127,2050.987527012213,0,0,0,0,0,0,0,1,0,132.5753939401385,9923.536946326925,33.96515681723992,49.96552919054547
492,450981,2039.663340975325,0,0,0,0,0,0,0,1,0,4081.439649255881,8906.127528468196,30.53789033449719,38.64134315531839
493,452708,2034.527178569111,0,0,0,0,0,0,0,1,0,6466.529017650465,9697.615501358101,33.2141803117857,33.50518074909606
494,454463,2045.851630553156,0,0,0,0,0,0,0,1,0,1053.618688918767,9506.456767358948,32.57870844312672,44.82963273314554
495,458103,2052.275104979734,0,0,0,0,0,0,0,1,0,826.7854641305914,9449.758947272856,32.37578971234659,51.25310715973433
496,450241,2032.563878753035,0,0,0,0,0,0,0,1,0,101.9819284962971,9175.745999186423,31.45113020636709,31.54188093302003
497,452772,2053.255299041009,0,0,0,0,0,0,0,1,0,993.453771586117,8346.456302174414,28.67347035418169,52.23330122077046
498,455585,2050.243046610796,0,0,0,0,0,0,0,1,0,593.4850541581166,9307.608275782648,31.91017300023642,49.22104879082125
499,451439,2048.484005169437,0,0,0,0,0,0,0,1,0,303.9340616848196,9004.268444892246,30.88419220791127,47.46200734942155
500,450916,2041.174417902822,0,0,0,0,1,0,0,1,0,3186.703514718529,8930.133615681651,30.64080410587784,40.15242008280752
501,454228,2035.486894823649,0,0,0,0,0,0,0,1,0,457.0863232156107,9490.103183012443,32.48662452281063,34.46489700366033
502,455233,2043.654459354397,0,0,0,0,0,0,0,1,0,474.305439567438,9326.976827322611,31.95885116265875,42.63246153440623
503,451989,2036.816435431404,0,0,0,0,0,0,0,1,0,254.7253940264422,9576.219329198031,32.78692040216035,35.79443761139084
504,448753,2033.908383224232,0,0,0,0,0,0,0,1,0,573.6557694527652,9459.224683893992,32.40593115554815,32.88638540425218
505,446878,2034.619625147572,0,0,0,0,0,0,0,1,0,1679.035352305409,9354.879229859622,32.03964584074103,33.59762732756445
506,452292,2051.8290960331,0,0,0,0,0,0,0,1,0,2599.661144484348,9244.729734365927,31.67916939903719,50.80709821309872
507,452093,2042.616727944963,0,0,0,0,0,0,0,1,0,1018.951470907622,9582.985049580575,32.83826583515864,41.59473012495972
508,459534,2060.861480514723,0,0,0,0,0,0,0,1,0,803.6492636884283,9683.190404747918,33.14580015603691,48.80498773079844
509,452182,2038.562203053277,0,0,0,0,0,0,0,1,0,8424.841768852468,9504.478129762565,32.54448485940215,37.54020523326791
510,451721,2045.730386905557,0,0,0,0,0,0,0,1,0,240.233710761327,9479.197298679965,32.4679774517082,44.70838908645884
511,450702,2035.349048764558,0,0,0,0,0,0,0,1,0,1740.684815691496,9506.491936869857,32.58484352916347,34.32705094458282
512,457916,2044.306301033948,0,0,0,0,0,0,0,1,0,514.7150542015313,9638.494000025485,33.0253806381791,43.28430321396387
513,448833,2041.350780183871,0,0,0,0,0,0,0,1,0,6804.11836249088,8724.827807195918,29.97196485268549,40.32878236385633
514,442867,2009.795792287447,0,0,0,0,0,0,0,1,0,7108.388763801983,9164.748391127512,31.41425411011047,8.773794467453421
515,453312,2033.470702035678,0,0,0,0,0,0,0,1,0,1276.567064665228,9607.140547188634,32.91232519471441,32.4487042156767
516,456172,2049.523048954968,0,0,0,0,0,0,0,1,0,3216.761843610617,9213.681839519721,31.5828916574282,48.50105113496814
517,447226,2033.046785884686,0,0,0,0,1,0,0,1,0,38.01076435351229,8539.600556211159,29.33760977325427,32.02478805990514
518,449686,2046.585074128529,0,0,0,0,0,0,0,1,0,2166.043438064499,8868.364972838901,30.43927524586359,45.5630763075728
519,445759,2009.304045804317,0,0,0,0,0,0,0,1,0,1300.613842219182,9364.215385547923,32.11761426176238,8.282047984304935
520,449638,2033.50091117826,0,0,0,0,0,0,0,1,0,680.1228073298493,9314.005288589067,31.92779550476783,32.47891335830327
521,452665,2043.278188086516,0,0,0,0,0,0,0,1,0,1649.345522000101,9512.656541483873,32.60480519066386,42.25619026650402
522,448567,2026.094668973288,0,0,0,0,0,0,0,1,0,348.6908715098363,9275.637755004314,31.78693717208376,25.07267115327933
523,451063,2031.891725941292,0,0,0,0,0,0,0,1,0,704.1662300086923,9362.958965446065,32.07478191474606,30.86972812127849
524,449707,2024.79896397408,0,0,0,0,0,0,0,1,0,1569.129029491158,9132.3788421588,31.32556289792336,23.77696615406402
525,447792,2013.760757328135,0,0,0,0,0,0,0,1,0,767.5021814717488,9076.768290575277,31.11308570660401,12.73875950812663
526,458140,2048.108569080466,0,0,0,0,0,0,0,1,0,1834.965288768858,9658.53024903963,33.06430833482253,47.08657126033714
527,449027,2022.46765228322,0,0,0,0,0,0,0,1,0,2716.771085114744,9497.039511536272,32.53896072385253,21.445654463242
528,453718,2052.983869157871,0,0,0,0,0,0,0,1,0,1258.819838278706,9537.250607943884,32.67930034329384,51.96187133787387
529,450807,2021.906478129031,0,0,0,0,0,0,0,1,0,574.3397468379987,9624.817421245445,32.95406674609406,20.88448030901693
530,453472,2048.836741006115,0,0,0,0,0,0,0,1,0,3525.481547672953,9102.016544228984,31.19168363556235,47.81474318610712
531,449805,2038.841632323444,0,0,0,0,0,0,0,1,0,1724.394665363478,8839.493807502677,30.32993534046794,37.81963450370576
532,448723,2037.481689853848,0,0,0,0,0,0,0,1,0,539.5947929703019,8342.628058598777,28.66486249640809,36.45969203325826
533,453557,2029.835362424023,0,0,0,0,0,0,0,1,0,2294.259389445133,9527.338863777253,32.62680824693111,28.81336460402522
534,454782,2038.832454251841,0,0,0,0,0,0,0,1,0,345.343571082321,9611.059015403433,32.92709010884579,37.81045643184331
535,447107,2025.045708221813,0,0,0,0,0,0,0,1,0,1336.229954426115,9088.103350505889,31.16180323941706,24.02371040180758
536,451274,2046.975074722913,0,0,0,0,0,0,0,1,0,1213.94608652159,8938.409088085695,30.65860289356378,45.95307690157548
537,451665,2043.922324385945,0,0,0,0,0,0,0,1,0,2864.124605064624,9347.073710349157,32.05011022118332,42.90032656585286
538,454943,2033.854703629934,0,0,0,0,0,0,0,1,0,3624.434604059905,9633.017976123596,32.97544579291707,32.83270580994054
539,454392,2032.781181860803,0,0,0,0,0,0,0,1,0,1205.742877433911,10054.31832281399,34.40171739750659,31.75918404079018
540,450342,2048.319399442374,0,0,0,0,0,0,0,1,0,3875.092533099706,9277.066879482127,31.78619712349232,47.29740162236483
541,448576,2028.652010779723,0,0,0,0,0,0,0,1,0,3211.191035252474,9294.266815179339,31.86065085518309,27.63001295971418
542,450812,2038.133181350174,0,0,0,0,0,0,0,1,0,292.0853269601295,8752.584264972391,30.03896168455596,37.11118353019098
543,452700,2040.787553302281,0,0,0,0,0,0,0,1,0,806.1347914076064,9534.309029648522,32.6486141982223,39.76555548228819
544,452251,2035.490198872558,0,0,0,0,0,0,0,1,0,174.953279600506,9019.119671446648,30.945797072171,34.46820105262009
545,456252,2051.4671126013,0,0,0,0,0,0,0,1,0,123.9518303473869,9745.914928396709,33.36816947582443,50.44511478130204
546,458057,2047.770562522878,0,0,0,0,0,0,0,1,0,1976.401096699573,9416.967510761526,32.24722901328924,46.74856470280664
547,454281,2033.014792102469,0,0,0,0,0,0,0,1,0,2021.695938311202,9317.188926451392,31.92729757606009,31.99279428247622
548,454532,2037.996141616974,0,0,0,0,0,0,0,1,0,3596.617446964245,9729.72714276107,33.32413920042539,36.97414379698088
549,456013,2045.998008973822,0,0,0,0,0,0,0,1,0,7819.271067867187,9502.253856982159,32.54013224580211,44.97601115382184
550,446200,1999.999999999988,0,0,0,0,0,0,0,0,0,11665.07423197197,9440.627401666985,32.31883509424491,-1
551,451173,2033.666430001727,0,0,0,0,0,0,0,1,0,2550.541214558093,9412.504743203932,32.23610511750066,32.64443218172842
552,453360,2026.537723456903,0,0,0,0,0,0,0,1,0,230.8305253967669,9820.208386666282,33.61920008759247,25.5157256368864
553,445776,2048.450740638227,0,0,0,0,0,0,0,1,0,749.4698309190651,8840.70623726847,30.32713197384498,47.42874281846807
554,447263,2018.322773226209,0,0,0,0,0,0,0,1,0,3867.956688706123,9147.442906586672,31.3851590167119,17.30077540620655
555,451897,2034.052125397769,0,0,0,0,0,0,0,1,0,1513.782711643276,9195.246798474702,31.52001733802985,33.03012757776664
556,450680,2031.665777313199,0,0,0,0,0,0,0,1,0,6760.321612079592,8886.055980713139,30.48567712382046,30.64377949638016
557,450322,2022.554318166543,0,0,0,0,0,0,0,1,0,2087.38573775531,9690.866041107125,33.18553338681539,21.53232034653022
558,450623,2023.071049651104,0,0,0,0,0,0,0,1,0,1670.017045353876,9348.625165846925,32.021422041297,22.04905183111577
559,449571,2047.357154584588,0,0,0,0,0,0,0,1,0,2179.91441668611,9082.292209832176,31.13551430136197,46.33515676458137
560,448377,2031.138081133629,0,0,0,0,0,0,0,1,0,41.90766030726283,8345.257331345105,28.68550536770971,30.11608331362251
561,454227,2052.210544399028,0,0,0,0,0,0,0,1,0,4775.50970516662,9404.486999732921,32.1957482310589,51.18854657903599
562,451330,2042.148156512992,0,0,0,0,0,0,0,1,0,166.1719030772828,9166.909640821435,31.42499092772396,41.12615869297596
563,451648,2026.689922627388,0,0,0,0,0,0,0,1,0,391.2329627869061,9769.76845847812,33.44654616735278,25.66792480737915
564,448197,2024.594140249216,0,0,0,0,0,0,0,1,0,3451.899582440831,9585.913616159714,32.8317706310031,23.57214242920827
565,445271,2028.062575249385,0,0,0,0,0,0,0,1,0,1391.277939516269,8615.824624660921,29.56659065412797,27.04057742939056
566,447929,2012.630785232997,0,0,0,0,0,0,0,1,0,2747.709746860501,9461.160010986488,32.40890603318841,11.60878741300576
567,458299,2039.981921444418,0,0,0,0,0,0,0,1,0,503.9465310524891,9612.745450744966,32.93331727721066,38.95992362441804
568,452825,2037.401925283625,0,0,0,0,0,0,0,1,0,1000.825314494136,9214.989601562884,31.57037860545539,36.3799274636238
569,453601,2044.041580604706,0,0,0,0,0,0,0,1,0,2876.993885032407,9558.87281036561,32.73783990808714,43.01958278468041
570,442057,2013.051452418225,0,0,0,0,0,0,0,1,0,1811.949453775852,9111.37705484296,31.23185165486531,12.02945459823658
571,454595,2046.293218305608,0,0,0,0,0,0,0,1,0,1885.812110420164,9162.788742422526,31.40160909601717,45.27122048561613
572,451896,2027.813631191305,0,0,0,0,0,0,0,1,0,3233.570386184,9441.457735351007,32.35460984879531,26.79163337129272
573,452427,2037.230157491474,0,0,0,0,0,0,0,1,0,160.1442611963277,8704.981263546428,29.89280967535341,36.2081596715889
574,451818,2026.310537358,0,0,0,0,0,0,0,1,0,774.4092849817209,9615.718287755644,32.92096655255549,25.28853953799759
575,455163,2039.342518838322,0,0,0,0,0,0,0,1,0,477.8978636255998,9799.868715681057,33.54069917128209,38.3205210181825
576,448055,2033.623850101951,0,0,0,0,0,0,0,1,0,2475.046152843231,9227.344948730373,31.62508281911311,32.60185228194396
577,455721,2048.321724131541,0,0,0,0,0,0,0,1,0,1346.719041232712,9350.891053428117,32.03337791895288,47.29972631153701
578,452632,2042.881630998972,0,0,0,0,0,0,0,1,0,8582.359852636015,9200.335950567858,31.54378637553853,41.85963317897902
579,454040,2049.046064127651,0,0,0,0,0,0,0,1,0,523.2259717009766,9223.026575789794,31.61420250910935,48.02406630754548
580,452242,2028.291112284072,0,0,0,0,0,0,0,1,0,2355.690871591942,9439.256904530223,32.33076220693564,27.26911446407416
581,451070,2047.23257117923,0,0,0,0,0,0,0,1,0,620.5659675668429,9514.952037374616,32.59378364046862,46.21057335922384
582,450141,2020.310205306513,0,0,0,0,0,0,0,1,0,916.4707482911305,9679.036212644458,33.12383443015374,19.28820748652626
583,451059,2036.158217013492,0,0,0,0,0,0,0,1,0,865.4100638831442,9490.889817782096,32.49899555413499,35.13621919349739
584,456343,2052.341713514485,0,0,0,0,1,0,0,1,0,8462.099223763307,9236.22984528393,31.64509474699431,51.3197156945102
585,457549,2047.428050859938,0,0,0,0,0,0,0,1,0,748.3772375737612,9121.798282458056,31.28580809026672,46.40605303992801
586,455917,2052.346162961279,0,0,0,0,0,0,0,1,0,4489.375437894689,9291.184669308574,31.82998680091939,51.32416514127755
587,455775,2046.747487619569,0,0,0,0,0,0,0,1,0,582.4190103648758,9556.746010652998,32.72824185393169,45.72548979957418
588,452244,2032.878004165497,0,0,0,0,0,0,0,1,0,2049.796880567179,9449.92536254984,32.3721531625818,31.85600634549989
589,440498,1999.99999999998,0,0,0,0,0,0,0,0,0,11656.5668302844,8886.432245481295,30.49826906286093,-1
590,454681,2050.687853869068,0,0,0,0,0,0,0,1,0,2119.371112967551,9277.554839370465,31.81101477183659,49.66585604906389
591,451176,2035.740428360215,0,0,0,0,0,0,0,1,0,854.9663011586509,9450.76897140773,32.37646195074763,34.71843054017835
592,449471,2036.760750119801,0,0,0,0,0,0,0,1,0,2127.743446446325,8537.188466707785,29.32676522410027,35.73875229804865
593,459134,2044.254198549987,0,0,0,0,0,0,0,1,0,4135.800420873497,9680.929632525776,33.14145140780039,43.23220072998689
594,451836,2039.527501711549,0,0,0,0,0,0,0,1,0,3343.146271309093,9104.678545091749,31.19749584566695,38.50550389155426
595,449759,2051.169959435303,0,0,0,0,0,0,0,1,0,4133.864081867739,8838.158947127253,30.32780669478794,50.14796161528781
596,444982,2032.026172281205,0,0,0,0,0,0,0,1,0,106.4817696061492,9110.917524834096,31.23256132769453,31.00417446118512
597,455059,2034.961833999408,0,0,0,0,0,0,0,1,0,1606.88406246047,9558.989776713546,32.73591972950654,33.93983617940126
598,449754,2037.552752233987,0,0,0,0,0,0,0,1,0,3688.065858853512,9603.500261879719,32.87515655507568,36.53075441399083
599,452670,2045.231955660477,0,0,0,0,0,0,0,1,0,1535.018491201277,9433.793342768133,32.33030515710789,44.2099578438487
600,456957,2049.289147745564,0,0,0,0,0,0,0,1,0,3622.464307297403,9444.521800182511,32.33855764986503,48.26714992559419
601,454341,2051.1782456709,0,0,0,0,0,0,0,1,0,383.0001947014859,9589.842365833898,32.84270328435082,50.1562478508929
602,452344,2034.517190444948,0,0,0,0,0,0,0,1,0,3230.308840269155,9536.003649954526,32.66259675698038,33.49519262494001
603,449974,2050.466629766725,0,0,0,0,0,0,0,1,0,396.4342991743421,9061.295893716309,31.06104484999206,49.44463194670442
604,450869,2052.152092273563,0,0,0,0,0,0,0,1,0,3437.620633391075,8664.158799644914,29.72273725908991,51.13009445365225
605,444979,2028.291746496021,0,0,0,0,0,0,0,1,0,2683.804373853874,8802.968328768804,30.19821298879586,27.26974871196989
606,453639,2040.326312724307,0,0,0,0,0,0,0,1,0,2489.393408502953,9036.537244668403,30.9842649824176,39.30431490428064
607,444808,2019.920902616335,0,0,0,0,0,0,0,1,0,332.8153032009598,8616.284481197476,29.59233750815332,18.89890479633782
608,453333,2041.136586033917,0,0,0,0,0,0,0,1,0,2157.642459514573,9577.891347156627,32.81339355377617,40.11458821392003
609,448827,2025.303277525572,0,0,0,0,0,0,0,1,0,3224.775201601746,9546.250712702174,32.69963893251168,24.28127970555818
610,452167,2028.163628876271,0,0,0,0,0,0,0,1,0,3545.979145081201,9119.682386004299,31.26191754136082,27.14163105626645
611,451514,2045.483710429942,0,0,0,0,0,0,0,1,0,1062.873882561273,9189.133912485398,31.50180528369959,44.46171260993455
612,442856,2015.875270106842,0,0,0,0,0,0,0,1,0,332.7914303187073,8844.290911486769,30.33959621279768,14.85327228682659
613,444553,2012.589883640585,0,0,0,0,0,0,0,1,0,388.1876304332134,9117.654423845299,31.25018475795671,11.56788582077753
614,454783,2033.780523471081,0,0,0,0,0,0,0,1,0,2448.750947986744,9687.822055385952,33.18525392731301,32.75852565108707
615,455125,2048.950628351868,0,0,0,0,0,0,0,1,0,491.2819575279058,9701.030396104692,33.21791392299944,47.92863053187268
616,441287,1999.999999999442,0,0,0,0,0,0,0,0,0,13139.86928864336,8754.214264081622,30.0481183889647,-1
617,451452,2041.658763181587,0,0,0,0,0,0,0,1,0,3734.114609566986,9030.659912796893,30.99669296706002,40.63676536158183
618,455098,2050.599974492179,0,0,0,0,0,0,0,1,0,1835.756032998047,9270.284563347255,31.77288396629644,49.57797667218865
619,451499,2047.412626170896,0,0,0,0,0,0,0,1,0,1033.53280392037,9056.950285065461,31.0473875613629,46.3906283509479
620,447860,2021.061820816406,0,0,0,0,0,0,0,1,0,1307.07496642918,8922.67764170281,30.59682182626733,20.03982299642004
621,454262,2031.848303127187,0,0,0,0,0,0,0,1,0,2274.105440546656,9820.13472098236,33.6322751380068,30.82630530718972
622,445784,2023.079296851513,0,0,0,0,0,0,0,1,0,6329.239862664242,9082.012240557386,31.14818051229338,22.05729903149123
623,455623,2047.453984325531,0,0,0,0,0,0,0,1,0,6566.984299060856,9564.195025882529,32.76586068456427,46.43198650551049
624,455455,2047.603766868559,0,0,0,0,0,0,0,1,0,586.6547311157236,8981.124411856026,30.80769548415071,46.58176904885602
625,452325,2042.699702682662,0,0,0,0,0,0,0,1,0,268.6890631361421,9288.488795006801,31.84166316360044,41.67770486266593
626,451498,2035.683942312138,0,0,0,0,0,0,0,1,0,914.9779483853658,9370.277707410518,32.11140560086049,34.66194449210267
627,449914,2039.684503774783,0,0,0,0,0,0,0,1,0,7776.935437005197,8879.584360973415,30.46819276418021,38.66250595480356
628,451989,2025.289492373953,0,0,0,0,0,0,0,1,0,4914.633323422046,9565.914407536713,32.7565687925801,24.26749455394605
629,448546,2043.668093648108,0,0,0,0,0,0,0,1,0,117.3448575492801,8915.971367051512,30.58210972825245,42.64609582810568
630,449927,2040.706073945981,0,0,0,0,0,0,0,1,0,2425.917570979722,9125.491087662924,31.29069148047511,39.6840761259762
631,455776,2049.146050546609,0,0,0,0,0,0,0,1,0,793.6848391300672,9015.258306337713,30.94188151782686,48.12405272661655
632,448642,2011.921012557249,0,0,0,0,0,0,0,1,0,2171.75616391985,9636.40052828614,33.00061222170122,10.89901473724912
633,458866,2039.497042756552,0,0,0,0,0,0,0,1,0,1403.504607256051,9872.828602925936,33.79785555414892,38.47504493654979
634,449154,2032.955378414475,0,0,0,0,0,0,0,1,0,1389.405062270516,9445.730635345739,32.34256614024459,31.93338059445681
635,452273,2031.708935886473,0,0,0,0,0,0,0,1,0,3071.209388419152,9451.477561220629,32.38033186943489,30.6869380664905
636,448737,2025.471595668316,0,0,0,0,0,0,0,1,0,792.9610646175025,9440.589304590201,32.32900108992537,24.44959784832006
637,449066,2026.11843215709,0,0,0,0,0,0,0,1,0,939.8088820621632,9148.518097775279,31.36877623487816,25.09643433709633
638,454453,2051.317455619162,0,0,0,0,0,0,0,1,0,1086.622744914712,9372.457009164249,32.10428498318395,50.29545779981642
639,447288,2013.665480840949,0,0,0,0,0,0,0,1,0,1950.921980130364,9339.813522447523,32.00810712745785,12.64348302095003
640,456143,2049.79756738737,0,0,0,0,0,0,0,1,0,616.4657887656559,9609.337967022308,32.90010017492308,48.77556956737789
641,452535,2043.068932225776,0,0,0,0,0,0,0,1,0,3181.777605954358,9497.310663947826,32.54704705066186,42.04693440577774
642,454257,2044.799293864412,0,0,0,0,0,0,0,1,0,195.7195796802261,9290.581855441456,31.83002377305488,43.77729604441462
643,451427,2030.236252596621,0,0,0,0,0,0,0,1,0,1821.153985399101,9442.776769628159,32.35955001262015,29.21425477663859
644,450020,2024.01677540034,0,0,0,0,0,0,0,1,0,476.7321888550862,9452.757250708048,32.3767046180936,22.99477758034198
645,446698,2030.143006320867,0,0,0,0,0,0,0,1,0,3143.650063023049,8752.559852193514,30.02804801900648,29.12100850087064
646,458396,2052.441863656879,0,0,0,0,0,0,0,1,0,938.048424529376,9758.684734241753,33.41856107765125,51.41986583689239
647,451758,2046.044455955694,0,0,0,0,0,0,0,1,0,755.7165974438461,9009.540304334072,30.88794360844124,45.02245813727485
648,449331,2022.052994491555,0,0,0,0,0,0,0,1,0,357.4333364809854,9369.565698361295,32.09674743584124,21.03099667158408
649,449193,2044.203530613147,0,0,0,0,0,0,0,1,0,1711.802130871379,8697.939854042987,29.84901100313926,43.18153279314286
650,452240,2040.055289328953,0,0,0,0,0,0,0,1,0,4641.642140370311,9342.652848631205,32.01634736728279,39.03329150896965
651,450937,2051.788656734548,0,0,0,0,0,0,0,1,0,1927.531363888987,9422.889743244026,32.2711036744728,50.76665891452289
652,455289,2040.370169612665,0,0,0,0,0,0,0,1,0,2166.913347890997,9295.123990635384,31.84253600538768,39.34817179252089
653,452973,2036.698739943089,0,0,0,0,0,0,0,1,0,1834.803110012762,8983.189039047549,30.81644755991886,35.67674212307244
654,451372,2028.868599976322,0,0,0,0,0,0,0,1,0,4857.844714588393,9494.071950287886,32.53783275758923,27.8466021563381
655,454059,2023.86008245033,0,0,0,0,0,0,0,1,0,110.9231030642243,9542.10205050062,32.69226828130686,22.83808463032861
656,454730,2034.181716635008,0,0,0,0,0,0,0,1,0,4479.008116803355,9615.295167509319,32.9491716172435,33.15971881499182
657,453183,2034.788905387634,0,0,0,0,0,0,0,1,0,2232.613590931184,9366.226030168231,32.0831463282161,33.76690756761306
658,453418,2045.604422512218,0,0,0,0,0,0,0,1,0,496.3548735744176,8715.517514414772,29.89998356651829,44.58242469245193
659,452211,2025.017717461856,0,0,0,0,0,0,0,1,0,3590.722143059803,9394.904781117726,32.19511864492265,23.99571964186985
660,449653,2033.216887023772,0,0,0,0,0,0,0,1,0,1708.137310923737,9097.233436284152,31.206106818068,32.1948892036064
661,457730,2052.2177981986,0,0,0,0,0,0,0,1,0,1729.903472759526,9188.515534755894,31.50829537034599,51.19580037861088
662,451332,2019.069661187097,0,0,0,0,0,0,0,1,0,742.6815005110666,9533.687081999111,32.64703474062125,18.04766336706691
663,455314,2050.759643049767,0,0,0,0,0,0,0,1,0,904.9413845226951,9251.830568455132,31.71276301967748,49.73764523025653
664,452532,2040.670616331326,0,0,0,0,0,0,0,1,0,6029.784781962558,9248.433184626998,31.71179676303015,39.6486185115225
665,444750,2031.457882605345,0,0,0,0,0,0,0,1,0,1458.298166471566,8652.554561664352,29.68814410083319,30.43588478529664
666,458233,2050.586959938899,0,0,0,0,0,0,0,1,0,909.2583424850968,9127.557732692825,31.29027300523085,49.56496211890097
667,447477,2019.177696990658,0,0,0,0,0,0,0,1,0,1868.3384400879,9141.913291389559,31.34124858577166,18.15569917065423
668,455212,2042.571869851074,0,0,0,0,0,0,0,1,0,408.3152101646204,9427.6243934138,32.29882049220813,41.54987203106715
669,452991,2036.379316749442,0,0,0,0,0,0,0,1,0,1675.406374728397,9562.07179587656,32.75690508367106,35.35731892942868
670,455174,2034.195563684476,0,0,0,0,0,0,0,1,0,1309.676835902432,9560.115606989566,32.75416040866817,33.17356586446639
671,452753,2042.111289998241,0,0,0,0,0,0,0,1,0,2264.389756972404,9563.106918073679,32.75667735294115,41.08929217824225
672,454358,2052.762206101613,0,0,0,0,0,0,0,1,0,1243.645620182165,9344.23187567805,32.01465439214586,51.74020828163029
673,447503,2037.37980260451,0,0,0,0,0,0,0,1,0,753.7421062230771,9283.917789893287,31.81690420371673,36.35780478449841
674,452368,2049.661351054831,0,0,0,0,0,0,0,1,0,866.5945849091991,8893.376337433965,30.5121910642372,48.63935323484433
675,457876,2051.212552540164,0,0,0,0,0,0,0,1,0,8795.007115124024,9334.299287894975,31.98585356506941,50.19055472017514
676,457101,2045.480580091007,0,0,0,0,0,0,0,1,0,1799.818666180353,9621.212483305588,32.95750198161544,44.4585822710071
677,443630,1999.999999999998,0,0,0,0,0,0,0,0,0,10092.70222619952,9451.222272304716,32.36508154795968,-1
678,454726,2031.89170943631,0,0,0,0,0,0,0,1,0,3341.329943265773,9236.386612149154,31.65537081768825,30.86971161629815
679,455203,2031.187938490476,0,0,0,0,0,0,0,1,0,1198.854260558647,9739.03414295889,33.34630763441892,30.16594067048138
680,454610,2050.930766882963,0,0,0,0,0,0,0,1,0,440.3808083232886,9043.438048889919,30.99987538236849,49.9087690629672
681,452853,2043.26769352004,0,0,0,0,0,0,0,1,0,1436.632922220775,9304.618424340928,31.88897967389062,42.24569570003138
682,451771,2050.386142350513,0,0,0,0,0,0,0,1,0,553.9915002079031,9158.391733900111,31.38693722636939,49.36414453050794
683,453042,2038.52989355897,0,0,0,0,0,0,0,1,0,1620.970419900402,9752.140599552327,33.363096013012,37.50789573897094
684,449687,2039.961043509068,0,0,0,0,0,0,0,1,0,873.9420968819775,9128.51104388949,31.28565053083498,38.93904568902975
685,449131,2015.376722163276,0,0,0,0,0,0,0,1,0,4716.057715619508,9411.551649098059,32.22490223504087,14.35472434327413
686,453191,2048.862962954359,0,0,0,0,0,0,0,1,0,1814.059397981015,9342.751261781341,32.02561685577619,47.84096513435322
687,445838,2046.943549937741,0,0,0,0,0,0,0,1,0,1886.705046979379,8261.365996288847,28.36891333918929,45.92155211809848
688,457449,2042.956728465035,0,0,0,0,0,0,0,1,0,1883.042565896307,9158.987617122519,31.38159115359761,41.93473064504083
689,453151,2050.550779294743,0,0,0,0,0,0,0,1,0,201.9335592956591,9307.098019873098,31.90169620877381,49.52878147491236
690,441449,2019.638948731464,0,0,0,0,0,0,0,1,0,184.6807870375752,8559.013629094667,29.38889718061116,18.61695091149151
691,453171,2043.900290708954,0,0,0,0,0,0,0,1,0,4267.441262381326,8871.779372569059,30.42480132410355,42.87829288895779
692,452250,2025.89145476211,0,0,0,0,0,0,0,1,0,2172.608549516656,8948.624614720669,30.69009129053134,24.86945694212419
693,453798,2040.833064748879,0,0,0,0,0,0,0,1,0,1070.709917386398,9227.865277558421,31.6276674648458,39.81106692890841
694,443247,2011.308396344512,0,0,0,0,0,0,0,1,0,6838.479483627167,9126.072316322105,31.28847233222833,10.28639852450713
695,455260,2038.516837075669,0,0,0,0,0,0,0,1,0,6808.366551601637,9315.46392529154,31.92991952839378,37.49483925568322
696,447700,2026.063031610321,0,0,0,0,0,0,0,1,0,423.3321620168948,9214.084235247385,31.6136763482188,25.04103379032524
697,367511,1559.373834259697,0,0,0,0,0,0,0,1,0,22.10004770824214,6594.689773324967,-1,38.68790782289764
698,454682,2051.346418490093,0,0,0,0,0,0,0,1,0,1527.45482542122,9750.970983836653,33.39554440991426,50.3244206701089
699,449350,2025.46209958544,0,0,0,0,0,0,0,1,0,8978.511033415974,8977.145829643454,30.8179671166364,24.44010176549722
700,453776,2023.4786687598,0,0,0,0,0,0,0,1,0,578.5225663219268,9438.490718288458,32.33456909012742,22.45667093977519
701,448710,2029.618611481199,0,0,0,0,0,0,0,1,0,3093.807873419159,9403.980458831256,32.20993879158259,28.59661366121011
702,453392,2025.237611394838,0,0,0,0,0,0,0,1,0,322.8927704555794,9685.733038637107,33.15094463668667,24.21561357483248
703,453018,2040.353254102995,0,0,0,0,0,0,0,1,0,5509.51253431514,9223.246961495013,31.62551827083136,39.33125628303
704,451257,2036.823708244499,0,0,0,0,0,0,0,1,0,3641.388577535778,9115.412538449504,31.24807006984111,35.80171042453264
705,446475,2022.567668413959,0,0,0,0,0,0,0,1,0,3443.898929230495,9453.026953606737,32.39300295488248,21.5456705938295
706,443726,2023.7019346595,0,0,0,0,0,0,0,1,0,812.5506642490221,8464.211907974059,29.06825515471579,22.67993683940947
707,446952,2044.783690742422,0,0,0,0,0,0,0,1,0,2531.276424071484,8315.309469595566,28.56558191930144,43.761692922755
708,452944,2028.003346018241,0,0,0,0,0,0,0,1,0,2625.63696605593,9251.99285348279,31.71487616949008,26.98134819823293
709,453677,2052.375036189767,0,0,0,0,0,0,0,1,0,796.1336682948578,9248.222183810944,31.69070302663992,51.35303836977459
710,446927,2006.338104754791,0,0,0,0,0,0,0,1,0,466.6134317466659,9145.079625348153,31.35425565600336,5.316106934786569
711,452028,2038.526406026592,0,0,0,0,0,0,0,1,0,2576.50667681431,9797.950353294658,33.52304863263741,37.50440820659352
712,456092,2052.148855248518,0,0,0,0,0,0,0,1,0,386.0416686708151,9561.821971693436,32.74651032255534,51.12685742851668
713,450709,2015.072583448494,0,0,0,0,0,0,0,1,0,1475.914728075038,9646.766498524912,33.03299731520847,14.05058562849426
714,454165,2048.539920124856,0,0,0,0,0,0,0,1,0,4480.334480151536,9411.539375796639,32.20932588643415,47.51792230483242
715,449984,2034.995875773983,0,0,0,0,0,0,0,1,0,1383.271207891039,9142.020752974398,31.3448351188866,33.97387795397974
716,439681,1999.999999999975,0,0,0,0,0,0,0,0,0,10137.46348287745,9048.263041035365,31.00820358919788,-1
717,452921,2052.59044953599,0,0,0,0,0,0,0,1,0,2027.547754786086,8620.484019347086,29.61108931750412,51.56845171597706
718,434132,1847.320005763643,0,0,0,0,0,0,0,1,0,28.64982517955815,8513.884722152994,-1,65.07061842200721
719,453117,2044.466909989988,0,0,0,0,0,0,0,1,0,2917.045027335704,9164.182153565838,31.41947719107844,43.44491216998416
720,450428,2035.814956372196,0,0,0,0,0,0,0,1,0,5385.10694915256,9058.593927264965,31.06746363640578,34.79295855221447
721,455285,2053.219557290648,0,0,0,0,0,0,0,1,0,272.5988354329111,9080.015516208905,31.14792140324048,52.19755946988484
722,453538,2023.720902676617,0,0,0,0,0,0,0,1,0,7708.420892267654,9960.585086566492,34.08718654224273,22.69890485661765
723,453459,2047.295995916645,0,0,0,0,0,0,0,1,0,1085.325208736588,9408.285897037807,32.23561808953934,46.27399809663427
724,452163,2033.467360111291,0,0,0,0,0,0,0,1,0,2991.713738453665,9219.592972163757,31.59599102423726,32.44536229128227
725,454770,2043.199478238336,0,0,0,0,0,0,0,1,0,320.7997504758013,9155.205285430849,31.36854594226715,42.17748041822657
726,455144,2041.218067781539,0,0,0,0,0,0,0,1,0,1027.937550351853,9435.473245561412,32.3309280737332,40.19606996154247
727,448519,2021.089186046303,0,0,0,0,0,0,0,1,0,352.9234434670893,9632.948742277602,32.99561655589218,20.06718822629037
728,448792,2031.533742270816,0,0,0,0,0,0,0,1,0,785.52670967354,9290.251958679333,31.83872873570627,30.51174445095395
729,455223,2046.368640815887,0,0,0,0,0,0,0,1,0,5501.218032509645,9339.891508213625,32.02713118149754,45.3466429958906
730,443990,2027.240183129097,0,0,0,0,0,0,0,1,0,1197.849304890992,8311.662772812777,28.5703580600672,26.21818530930163
731,449262,2032.385758574282,0,0,0,0,0,0,0,1,0,2427.628438935528,9113.374440033782,31.23750933422508,31.36376075428544
732,451626,2033.952248779423,0,0,0,0,0,0,0,1,0,991.7929948371074,9475.349841110377,32.46367641432041,32.93025095942875
733,447006,2019.989274596441,0,0,0,0,0,0,0,1,0,1217.331737437047,9106.663092575824,31.24106792604213,18.96727677643358
734,450317,2033.253973442024,0,0,0,0,0,0,0,1,0,1943.785990656657,9355.178299830188,32.06488193519408,32.23197562203949
735,447583,2029.601439103137,0,0,0,0,0,0,0,1,0,1404.705112480135,8684.463385131092,29.81520287919265,28.57944128300576
736,445540,2016.388710999981,0,0,0,0,0,0,0,1,0,1066.627311230135,9497.747496509954,32.53748837622604,15.36671317996485
737,448228,2040.060993696223,0,0,0,0,0,0,0,1,0,602.9866292282196,9217.51234981306,31.59006551795877,39.03899587622837
738,453967,2037.925857759398,0,0,0,0,0,0,0,1,0,517.2109583957838,9265.710697980459,31.75664733158571,36.90385993938303
739,452972,2052.08538098689,0,0,0,0,0,0,0,1,0,1624.799554009856,9464.490826032737,32.41375606798895,51.06338316689356
740,457245,2047.096693873581,0,0,0,0,1,0,0,1,0,1665.235955233032,9893.630433725944,33.87558255464737,46.0746960535959
741,451664,2049.296261968669,0,0,0,0,0,0,0,1,0,3965.812342436591,9469.619110166539,32.44377444173639,48.27426414866471
742,455209,2046.662872597847,0,0,0,0,0,0,0,1,0,4994.804231936206,9594.56198197087,32.88298234070024,45.6408747778417
743,448609,2031.403958676163,0,0,0,0,0,0,0,1,0,885.0183790897383,9094.472709010439,31.17248495614751,30.38196085613968
744,454491,2038.678357773325,0,0,0,0,0,0,0,1,0,892.4011252256333,9633.777335509005,32.99201673113008,37.65635995333424
745,455603,2045.178231475983,0,0,0,0,0,0,0,1,0,1117.328902214295,9490.132055419655,32.51180114745438,44.15623365597661
746,456696,2040.95214270368,0,0,0,0,0,0,0,1,0,211.6504955769663,9572.340336252168,32.78029396569472,39.93014488366173
747,452141,2029.368892984756,0,0,0,0,0,0,0,1,0,257.1432127569198,8989.005310631144,30.82895190490494,28.34689516471939
748,453298,2051.372705767034,0,0,0,0,0,0,0,1,0,618.730407302557,8801.79588527711,30.21354482878236,50.35070794702097
749,451104,2021.896027901529,0,0,0,0,0,0,0,1,0,2106.821668532992,9349.153916010047,32.03534476614715,20.87403008159287
750,453848,2045.143443990238,0,0,0,0,0,0,0,1,0,520.3575080094055,9128.129580645485,31.30111682954826,44.12144617028672
751,454808,2046.220531936466,0,0,0,0,0,0,0,1,0,3664.318896796695,9581.285471538053,32.79479153601927,45.19853411651621
752,454937,2047.205281497842,0,0,0,0,0,0,0,1,0,2477.176176854216,8836.384655636321,30.3178569847237,46.18328367784984
753,453099,2043.365381015594,0,0,0,0,0,0,0,1,0,520.9985772739593,8938.253687416618,30.65510721807535,42.34338319557312
754,447376,2009.767155094635,0,0,0,0,0,0,0,1,0,169.0175648132354,9586.547867460558,32.83973882854589,8.745157274626955
755,456539,2051.707122875099,0,0,0,0,0,0,0,1,0,539.7999480137943,9434.326767677627,32.32555566148215,50.68512505510233
756,450437,2039.741460270722,0,0,0,0,0,0,0,1,0,4755.718665050361,8910.935898027408,30.5672466343687,38.71946245066757
757,451400,2048.765730833235,0,0,0,0,0,0,0,1,0,135.0781340223684,8936.852051595535,30.64931768322455,47.74373301323493
758,446929,2032.051541066768,0,0,0,0,0,0,0,1,0,731.1908676345148,8388.649737663927,28.81481337449456,31.02954324604861
759,450768,2036.449810779418,0,0,0,0,0,0,0,1,0,1324.632310795678,9426.857817293634,32.30465552923895,35.42781295941738
760,447008,2029.438467368559,0,0,0,0,0,0,0,1,0,1448.251110930516,9469.62786197576,32.45727496085598,28.41646954856012
761,453540,2035.114484461867,0,0,0,0,0,0,0,1,0,820.514135419494,9516.570727914552,32.5996519909349,34.09248664171275
762,453449,2042.166841961468,0,0,0,0,0,0,0,1,0,1439.808668661861,9226.428263279751,31.6244997891162,41.14484414146553
763,450001,2043.278274848175,0,0,0,0,0,0,0,1,0,699.1871412029489,9308.87724195302,31.91501792050059,42.25627702814381
764,453784,2041.014748497068,0,0,0,0,0,0,0,1,0,2022.625317668093,9899.547664954544,33.86612006415304,39.99275067706878
765,450132,2044.186318004264,0,0,0,0,0,0,0,1,0,8979.770093747013,9207.260957234439,31.55735641353711,43.1643201842694
766,450655,2027.409911326324,0,0,0,0,0,0,0,1,0,3109.840059312957,9113.291894106625,31.24805239818555,26.38791350631332
767,453367,2030.752337421145,0,0,0,0,0,0,0,1,0,2805.878623705418,9366.260053618971,32.10759272119896,29.73033960114558
768,448477,2028.068359852937,0,0,0,0,0,0,0,1,0,1401.076533507707,8814.521022232973,30.25220629053017,27.04636203293985
769,452104,2052.668024814943,0,0,0,0,0,0,0,1,0,1492.748744992176,8861.846500149552,30.40813609010961,51.64602699494284
770,452264,2042.066329397152,0,0,0,0,0,0,0,1,0,425.6277275076024,9197.776364810376,31.5334059715443,41.04433157714679
771,449944,2021.234698375679,0,0,0,0,0,0,0,1,0,4767.112553700103,9492.874911030562,32.50864688214836,20.21270055568724
772,452169,2038.538214897601,0,0,0,0,0,0,0,1,0,9089.096237280542,8825.287366429306,30.27746535685002,37.51621707762821
773,450526,2024.834441116153,0,0,0,0,0,0,0,1,0,2844.751200895281,9558.365274212587,32.73619816931399,23.81244329615716
774,454717,2051.154284799758,0,0,0,0,0,0,0,1,0,1296.488822381862,9314.608934130942,31.90415522060222,50.13228697976248
775,455649,2052.254940929548,0,0,0,0,0,0,0,1,0,1352.314864354136,9567.4282385927,32.75572310530936,51.23294310953978
776,449993,2021.347898957122,0,0,0,0,0,0,0,1,0,748.6532341065902,9517.164715285879,32.59762541411247,20.32590113713211
777,449199,2035.358772525533,0,0,0,0,0,0,0,1,0,925.4391785361912,9223.076815540238,31.61440103361569,34.33677470553719
778,455722,2048.360574751076,0,0,0,0,0,0,0,1,0,1112.392434817313,9531.309624980784,32.6536529609013,47.33857693109022
779,446836,2026.659143776191,0,0,0,0,0,0,0,1,0,73.22137070395584,9056.252236219298,31.0661565159012,25.63714595619269
780,454547,2048.517609483766,0,0,0,0,0,0,0,1,0,2834.993738914153,8989.069964444792,30.83828796867499,47.49561166374979
781,447182,2034.842394263633,0,0,0,0,0,0,0,1,0,5505.955467686788,9194.882190827446,31.51386098411225,33.82039644363307
782,451638,2035.125175700442,0,0,0,0,0,0,0,1,0,1111.097286651253,8952.322474413366,30.70303224331187,34.10317788044424
783,453561,2052.597445484782,0,0,0,0,0,0,0,1,0,1637.483242847232,9357.482983011309,32.05619902653117,51.57544766486302
784,451653,2034.58627639365,0,0,0,0,0,0,0,1,0,1903.889230387497,9507.677094419123,32.55486778570931,33.56427857363349
785,456877,2051.601964655961,0,0,0,0,0,0,0,1,0,1750.878959312083,9333.120492874295,31.9808931472107,50.57996683594809
786,452580,2051.786916299719,0,0,0,0,0,0,0,1,0,5489.425812744939,9441.84177720202,32.35482924084491,50.76491847970995
787,453814,2042.555135317382,0,0,0,0,0,0,0,1,0,5363.408073686395,9487.296098764391,32.51307729132927,41.53313749736773
788,450757,2048.050138376223,0,0,0,0,0,0,0,1,0,213.4834439542506,9106.436101168703,31.22298027023932,47.02814055622915
789,449762,2030.779870962931,0,0,0,0,0,0,0,1,0,1332.603004664217,9553.525783849187,32.71608178907335,29.75787314292556
790,440680,2000.000000000107,0,0,0,0,0,0,0,0,0,17790.36361349913,9038.33303612539,31.00249412012578,-1
791,446720,2030.667961193931,0,0,0,0,0,0,0,1,0,1351.085635908829,8884.084604164702,30.47658520075024,29.64596337393847
792,450775,2045.032334694698,0,0,0,0,1,0,0,1,0,410.8128822329015,9233.781874682074,31.63699374474183,44.01033687465821
793,458220,2052.072245355788,0,0,0,0,0,0,0,1,0,1682.712117309262,9715.40834591637,33.26502206262822,51.05024753578506
794,450251,2036.347448663845,0,0,0,0,0,0,0,1,0,6844.012301369395,9448.288076268469,32.35976958249181,35.32545084385622
795,448767,2033.75774562835,0,0,0,0,0,0,0,1,0,3411.493202442604,9115.348630571876,31.26356089404551,32.7357478083612
796,451577,2045.716132310083,0,0,0,0,0,0,0,1,0,1167.496109407556,9120.882168479538,31.24875882981534,44.69413449006748
797,451636,2045.879220733565,0,0,0,0,0,0,0,1,0,1709.598861984569,9175.897300529794,31.44643707381383,44.85722291356966
798,448043,2007.871858332202,0,0,0,0,0,0,0,1,0,2383.716521435857,9391.480481400025,32.17092844708212,6.849860512222329
799,451153,2028.771226691992,0,0,0,0,0,0,0,1,0,1473.085300766834,9515.160334088265,32.58790585868228,27.74922887198678
800,447851,2018.474065811702,0,0,0,0,0,0,0,1,0,1697.557653692628,9288.02816724219,31.85085478786275,17.45206799170972
801,447295,2037.256345317747,0,0,0,0,0,0,0,1,0,2306.374334056533,9000.740546551842,30.86753811527059,36.23434749774998
802,453342,2024.70881759719,0,0,0,0,0,0,0,1,0,63.16104273507551,9399.821587176262,32.21941177998507,23.68681977718574
803,448583,2034.77920767658,0,0,0,0,0,0,0,1,0,706.2904519464893,8878.89291823277,30.44586522445087,33.75720985658148
804,455290,2050.060757207506,0,0,0,0,1,0,0,1,0,2608.984183335209,8769.749632901659,30.0972469172931,49.03875938752405
805,442656,2005.961915447564,0,0,0,0,0,0,0,1,0,1586.872867404946,8846.613837962928,30.36590170744991,4.939917627550646
806,443599,2005.881769365881,0,0,0,0,0,0,0,1,0,87.68656355185314,8637.603533443169,29.63531569474161,4.859771545907841
807,447995,2036.640609094316,0,0,0,0,0,0,0,1,0,2546.209931270731,9191.091722510537,31.52093829547827,35.61861127431961
808,450299,2050.752930721574,0,0,0,0,0,0,0,1,0,687.7598478933099,8676.969801726722,29.80187473915169,49.73093290154436
809,451391,2028.879720426253,0,0,0,0,0,0,0,1,0,9082.468153105769,9880.77260625845,33.82340198693856,27.85772260627304
810,450517,2017.540050492508,0,0,0,0,0,0,0,1,0,1334.427981710665,9548.942748643707,32.69308071213202,16.51805267250191
811,454614,2050.861509963981,0,0,0,0,0,0,0,1,0,372.9757264413706,9181.418711051556,31.45828912709182,49.83951214398859
812,453277,2041.143388683788,0,0,0,0,0,0,0,1,0,6556.78384227771,9209.462454263094,31.5783217056251,40.12139086463308
813,442203,2039.654154687657,0,0,0,0,1,0,0,1,0,2841.586518595606,8519.872913963425,29.27755406413078,38.63215686764622
814,450910,2048.372805556828,0,0,0,0,0,0,0,1,0,3300.80720092814,9047.419127445615,31.01781660784454,47.3508077368341
815,454305,2040.443175682434,0,0,0,0,0,0,0,1,0,787.7662929839471,9282.172156478588,31.81654385711683,39.42117786242877
816,456489,2045.695943982062,0,0,0,0,0,0,0,1,0,2949.803994364649,9550.06374939819,32.71755231605388,44.67394616162012
817,447655,2032.539241868644,0,0,0,0,0,0,0,1,0,1352.662556330264,9210.495310983986,31.55940102121255,31.51724404862736
818,453865,2046.727056169099,0,0,0,0,0,0,0,1,0,711.7387723510826,8949.95875201291,30.6907585631475,45.70505834910592
819,452433,2049.312486371413,0,0,0,0,0,0,0,1,0,1225.386382455197,9255.763809283655,31.71507371335112,48.29048855178814
820,448135,2020.541020226734,0,0,0,0,0,0,0,1,0,692.4246635075265,8999.766447024855,30.85576290983755,19.51902240670417
821,453088,2044.636936941953,0,0,0,0,0,0,0,1,0,1171.146928343942,9552.972998339428,32.69326011938779,43.61493912197642
822,451448,2047.894449108269,0,0,0,0,0,0,0,1,0,624.0842700706303,9116.155345049632,31.25720593228691,46.87245128825865
823,447701,2028.407500068647,0,0,0,0,0,0,0,1,0,3852.306771851839,9379.739321777881,32.15196078160811,27.38550224864711
824,456769,2052.674675330788,0,0,0,0,0,0,0,1,0,3638.825290092021,9354.274920830872,32.05813728067693,51.65267751076984
825,447535,2042.152887241362,0,0,0,0,1,0,0,1,0,3479.273658411614,8926.658078462733,30.62665513942163,41.1308894213718
826,444218,2006.594313620371,0,0,0,0,0,0,0,1,0,2372.372739158378,9520.200028584813,32.59885671075519,5.572315800375566
827,451830,2038.242185726837,0,0,0,0,0,0,0,1,0,165.4583158965521,9436.675576666506,32.33737102743338,37.22018790683182
828,450077,2023.883455291403,0,0,0,0,0,0,0,1,0,570.4102136918573,9360.642660223868,32.07374460070848,22.86145747137875
829,453350,2046.906895926517,0,0,0,0,0,0,0,1,0,218.9359125550416,9448.942056984832,32.37623867649408,45.88489810651453
830,452608,2035.769231551009,0,0,0,0,0,0,0,1,0,867.4458807575984,9409.505948962607,32.24228599786576,34.74723373083263
831,445434,2034.435655053754,0,0,0,0,0,0,0,1,0,4043.938393173773,8506.358966845675,29.21925590541939,33.4136572336449
832,454402,2050.716724573284,0,0,0,0,0,0,0,1,0,1757.951409721075,9102.276811960535,31.22259257142677,49.69472675325402
833,451817,2037.340159647614,0,0,0,0,0,0,0,1,0,1960.612365293105,9375.329512587099,32.12410632507381,36.31816182757008
834,448896,2039.389415019988,0,0,0,0,0,0,0,1,0,119.7729640709768,9111.404540958636,31.2376097152381,38.36741719999515
835,457051,2044.974405850578,0,0,0,0,0,0,0,1,0,953.0484692257901,9881.360996840989,33.81539470698601,43.95240803079109
836,447731,2048.063539212554,0,0,0,0,0,0,0,1,0,3530.78891058819,8198.451910610329,28.18106975505638,47.04154139231517
837,444940,2013.132577082692,0,0,0,0,0,0,0,1,0,2076.160417574824,9335.553852131248,31.97018367060826,12.11057926268
838,444753,2028.247779123161,0,0,0,0,0,0,0,1,0,1090.737096282512,8972.483965093792,30.78970681952832,27.22578130295248
839,448164,2013.281597894094,0,0,0,0,0,0,0,1,0,2821.977927463323,9429.742775110182,32.30669298634129,12.25960007408977
840,455623,2044.941999613902,0,0,0,0,0,0,0,1,0,1297.548027135025,9532.254272836679,32.65512984173505,43.92000179389424
841,456471,2051.90433662362,0,0,0,0,0,0,0,1,0,5304.899920778059,9022.032248636648,30.95063914316798,50.88233880362276
842,453460,2035.858905210592,0,0,0,0,0,0,0,1,0,832.7605298874931,9378.752268280195,32.13380326878465,34.83690739058815
843,448842,2043.809558947578,0,0,0,0,0,0,0,1,0,1138.978771181207,8646.709317902758,29.69733972816652,42.787561127327
844,447445,2029.449755297541,0,0,0,0,0,0,0,1,0,630.3045533168622,9184.722947704233,31.48564054437539,28.4277574775515
845,445643,2022.943079255358,0,0,0,0,0,0,0,1,0,5948.661825713928,8936.922428551972,30.66544197101727,21.92108143535586
846,452619,2034.701337127938,0,0,0,0,0,0,0,1,0,313.5031253227423,9248.23673145463,31.71762322680929,33.67933930794901
847,449777,2032.521864896843,0,0,0,0,0,0,0,1,0,3943.348226429719,9456.89775505258,32.37709129292281,31.49986707683339
848,453827,2042.620749779189,0,0,0,0,0,0,0,1,0,555.5524680802705,9162.709918978089,31.41498759925009,41.59875195917188
849,452376,2020.210946946229,0,0,0,0,0,0,0,1,0,6758.625500071592,9141.409356217106,31.31801213193414,19.18894912623023
850,455549,2037.035235809255,0,0,0,0,0,0,0,1,0,158.8634471325979,9772.632471991335,33.45497786704762,36.01323798924033
851,449286,2026.822887810636,0,0,0,0,0,0,0,1,0,4089.397991848979,9080.858673804307,31.13174532978077,25.80088999062158
852,450115,2048.591161304595,0,0,0,0,0,0,0,1,0,1329.108090548126,9239.568770259079,31.66510457610088,47.56916348458948
853,457609,2052.939954801388,0,0,0,0,0,0,0,1,0,5070.73906810997,9551.584582379966,32.71116862684694,51.91795698137481
854,449569,2039.525318762307,0,0,0,0,0,0,0,1,0,967.9833385726262,9047.125783889724,31.03334215599524,38.50332094226845
855,453863,2042.11915140842,0,0,0,0,0,0,0,1,0,5393.368274963245,9382.733795075652,32.16867971467994,41.09715358855566
856,453604,2047.324278887266,0,0,0,0,0,0,0,1,0,5990.740715513081,9531.034950946021,32.63479701107547,46.30228106725425
857,455472,2049.038140475765,0,0,0,0,0,0,0,1,0,274.8370503435535,9531.996817336976,32.65755758239079,48.01614265575281
858,449834,2040.60871203339,0,0,0,0,0,0,0,1,0,559.8444673376745,9141.196052528003,31.34873934970516,39.58671421339545
859,448858,2028.293471964611,0,0,0,0,0,0,0,1,0,1047.348337752834,9584.09295585797,32.81533428228619,27.27147414468395
860,452219,2051.473173581586,0,0,0,0,0,0,0,1,0,179.2074974786749,8666.606376594125,29.75796654014314,50.45117576151821
861,450393,2053.310663870047,0,0,0,0,0,0,0,1,0,294.8529757360935,8399.746632006023,28.8672836376406,52.28866605201568
862,455349,2049.341739300471,0,0,0,0,0,0,0,1,0,2056.27876714137,9413.575899983696,32.24478867234372,48.31974148048678
863,452710,2036.727141996159,0,0,0,0,0,0,0,1,0,1798.834105927139,9740.015447483051,33.35029087025767,35.70514417615138
864,453334,2032.194041754881,0,0,0,0,0,0,0,1,0,1903.942229837711,9624.994441021243,32.96290477658206,31.17204393489118
865,449054,2041.787543170118,0,0,0,0,0,0,0,1,0,3168.172086448739,8925.617947394005,30.60200895589353,40.76554535016394
866,456816,2051.868531553538,0,0,0,0,0,0,0,1,0,52.19388238086367,9636.511543808025,32.97282444208008,50.84653373353103
867,454140,2052.845525616497,0,0,0,0,0,0,0,1,0,725.205128631812,9208.456869016925,31.56733356798549,51.82352779647692
868,454252,2038.122680182496,0,0,0,0,0,0,0,1,0,87.28214176685468,9614.662076315282,32.93509687430456,37.10068236253895
869,453671,2042.357706035057,0,0,0,0,0,0,0,1,0,602.6830030402798,9342.108040733754,32.01936955534615,41.3357082150738
870,451345,2028.6945003918,0,0,0,0,0,0,0,1,0,851.4057293190588,9673.921966934287,33.13621892074104,27.67250257180065
871,452176,2040.164853707901,0,0,0,0,0,0,0,1,0,135.119091775585,9558.3770930665,32.72902374446383,39.14285588792015
872,451542,2033.839024629595,0,0,0,0,0,0,0,1,0,1794.591383875086,9848.36987751491,33.70603747099432,32.81702680959012
873,444029,2005.762021395838,0,0,0,0,0,0,0,1,0,6243.109711786655,8906.863467216634,30.54684877166375,4.740023575839698
874,456660,2024.497242623327,0,0,0,0,0,0,0,1,0,3553.02602892352,9941.767364887268,34.03053766991371,23.47524480331444
875,456270,2045.951543000773,0,0,0,0,0,0,0,1,0,1302.398816420574,8949.855475628712,30.68537469365259,44.92954518047546
876,453313,2052.098572139322,0,0,0,0,0,0,0,1,0,1333.408143218081,9110.766111772131,31.23872418917194,51.0765743193307
877,451819,2031.050429143967,0,0,0,0,0,0,0,1,0,2529.550984012734,9023.430186126136,30.92176383459717,30.02843132392243
878,455546,2050.76655322966,0,0,0,0,0,0,0,1,0,93.01376965996509,9361.906967498067,32.08337494621549,49.74455540966718
879,456105,2051.42108755244,0,0,0,0,0,0,0,1,0,2721.803785388628,9456.275558795274,32.38372228480516,50.39908973244965
880,451150,2032.294242444935,0,0,0,0,0,0,0,1,0,1228.74970425082,9491.279782812249,32.50791291595327,31.27224462494471
881,452505,2042.252715237458,0,0,0,0,0,0,0,1,0,5108.079402878458,9816.531015993782,33.61489603767871,41.17699884410284
882,450020,2028.713953980437,0,0,0,0,0,0,0,1,0,3092.213248531371,9384.697493482508,32.15751645128231,27.69195616042159
883,453063,2046.909448061882,0,0,0,0,0,0,0,1,0,109.6176305101388,9251.378829448668,31.70705109674587,45.88745024186593
884,451379,2035.772597203576,0,0,0,0,0,0,0,1,0,2732.372871879573,9591.7938590916,32.84620595810656,34.75059938357737
885,450056,2042.003027243429,0,0,0,0,0,0,0,1,0,4144.014669561028,9227.567503673579,31.61449689684626,40.98102942343175
886,455631,2038.400130296417,0,0,0,0,0,0,0,1,0,5622.308099786771,9422.141551752511,32.28993914551928,37.37813247641173
887,455437,2049.248195866198,0,0,0,0,0,0,0,1,0,358.6502629880495,9338.386126813928,31.98903163557391,48.22619804620752
888,449368,2026.120607606297,0,0,0,0,0,0,0,1,0,317.9947388868778,9787.045621626485,33.52043082971124,25.09860978626578
889,451180,2037.484659521549,0,0,0,0,0,0,0,1,0,1940.672629989097,9443.294784279817,32.36238492121296,36.46266170154149
890,448548,2036.206036634647,0,0,0,0,0,0,0,1,0,123.7674594626857,9221.223810881107,31.58728996664459,35.18403881462224
891,443768,2017.323284045659,0,0,0,0,0,0,0,1,0,998.7243317400088,8755.906180376855,30.04702422442354,16.30128622570262
892,453100,2039.543002649878,0,0,0,0,0,0,0,1,0,7224.566564870453,9505.585251359294,32.57026392758717,38.5210048298762
893,451569,2050.111169159371,0,0,0,0,0,0,0,1,0,3942.099215956586,8878.891814495775,30.47025240422288,49.08917133937177
894,453879,2042.652574002546,0,0,0,0,0,0,0,1,0,1589.143276797055,9056.266861388222,31.07417676793407,41.6305761825812
895,454869,2042.094477200514,0,0,0,0,0,0,0,1,0,1313.904234291997,9413.059379769178,32.26187764430941,41.07247938052357
896,451574,2029.352399786207,0,0,0,0,0,0,0,1,0,302.1303935616269,9566.492297010824,32.78296470885608,28.33040196621947
897,453599,2049.099815442895,0,0,0,0,0,0,0,1,0,254.5689429565349,9217.482483185044,31.58854503646477,48.07781762291376
898,452193,2041.757729457479,0,0,0,0,0,0,0,1,0,3090.799035078821,9066.346585005153,31.09915359773223,40.73573163749592
899,451444,2034.442783045895,0,0,0,0,0,0,0,1,0,2935.207370555144,9229.556310775941,31.61802213799832,33.42078522588293
900,446533,2031.516860641088,0,0,0,0,0,0,0,1,0,345.3363694443294,9069.301156464911,31.09140673400884,30.49486282136557
901,457413,2038.611860485445,0,0,0,0,0,0,0,1,0,7175.311965861443,9293.647225877023,31.86704313454258,37.58986266543796
902,450286,2038.809437927005,0,0,0,0,0,0,0,1,0,6400.813639378604,9629.23209823821,32.98252880791179,37.78744010701879
903,450838,2016.113018667163,0,0,0,0,0,0,0,1,0,1570.788433292183,9763.890360304697,33.4324190917459,15.09102084717843
904,455834,2044.70274492402,0,0,0,0,0,0,0,1,0,1457.498272018293,9118.357620326515,31.26903764686436,43.68074710399409
905,455403,2047.928272266098,0,0,0,0,0,0,0,1,0,739.8202177937862,9168.618923003602,31.40938621436678,46.90627444609748
906,450884,2043.219392859193,0,0,0,0,0,0,0,1,0,3690.965488228539,9615.483368752544,32.91288970145438,42.19739503920377
907,455797,2052.746425120448,0,0,0,0,0,0,0,1,0,3907.01710942988,9352.483862144321,32.04569805923335,51.72442730042939
908,456298,2042.025968765388,0,0,0,0,0,0,0,1,0,43.71337979127264,9476.969737593728,32.475899745905,41.00397094554436
909,453910,2026.379950217471,0,0,0,0,0,0,0,1,0,1797.79745007818,9823.267305833586,33.60515756567002,25.35795239747094
910,454567,2042.197313729527,0,0,0,0,0,0,0,1,0,1846.286268056583,9422.551294975405,32.26723712988402,41.17531590955002
911,452644,2043.845266543541,0,0,0,0,0,0,0,1,0,171.2958791799599,9364.556395860198,32.07288939449177,42.8232687235375
912,452349,2043.423555175392,0,0,0,0,0,0,0,1,0,3548.661054563357,8733.782965542274,29.98168649159391,42.40155735536983
913,449917,2049.271378898908,0,0,0,0,0,0,0,1,0,446.986520686808,8917.978050146672,30.57580159070679,48.2493810788942
914,451973,2032.661932705973,0,0,0,0,0,0,0,1,0,4874.642554405566,9246.313846523781,31.6850571549674,31.63993488597261
915,453414,2028.090741758772,0,0,0,0,0,0,0,1,0,396.395755893163,9646.822100866799,33.03823950983226,27.06874393878032
916,450260,2039.615337613181,0,0,0,0,0,0,0,1,0,4335.481281058711,9252.86403175325,31.71760591115775,38.59333979317088
917,459447,2052.961393053731,0,0,0,0,0,0,0,1,0,4947.698593954357,9913.057182430121,33.91783773167033,51.9393952337315
918,450113,2038.851723845913,0,0,0,0,0,0,0,1,0,1799.675340499332,9194.518343151663,31.51700969139067,37.82972602590925
919,446017,2037.070932719604,0,0,0,0,0,0,0,1,0,3372.321238429514,9033.248963824573,30.96320690195718,36.04893489987584
920,450550,2026.008212125298,0,0,0,0,0,0,0,1,0,1099.101888387562,9531.502707490799,32.6433780059705,24.98621430528917
921,448003,2028.213549126532,0,0,0,0,0,0,0,1,0,282.8817821534009,8690.640257263587,29.83082677408972,27.19155130652702
922,452476,2038.784404090228,0,0,0,0,0,0,0,1,0,189.2685176941316,9670.950523781908,33.10236926958905,37.76240627024184
923,447039,2016.775973694686,0,0,0,0,0,0,0,1,0,510.9091057417419,8885.766268614096,30.46747418697715,15.75397587466949
924,454823,2047.682339233974,0,0,0,0,0,0,0,1,0,654.9679917598729,9557.405421155594,32.72499519799752,46.66034141397992
925,445964,2018.405263350282,0,0,0,0,0,0,0,1,0,2457.549494660327,9401.658751372377,32.20898783593741,17.38326553029428
926,448571,2024.773944364394,0,0,0,0,0,0,0,1,0,1019.04491173725,9537.168616814803,32.64915363392923,23.75194654439053
927,454807,2050.224212806736,0,0,0,0,0,0,0,1,0,2764.391903321029,9381.217076220713,32.15445322523532,49.20221498675364
928,455810,2034.908041057833,0,0,0,0,0,0,0,1,0,656.4372302667911,9714.913150366163,33.27905231102828,33.88604323783542
929,453272,2050.68056464594,0,0,0,0,0,0,0,1,0,5330.196955644758,9248.68396147073,31.67406648956849,49.65856682603587
930,456776,2052.51197296299,0,0,0,0,0,0,0,1,0,2817.98911607531,9606.318102470361,32.90235194027051,51.4899751429841
931,449600,2027.722323986317,0,0,0,0,0,0,0,1,0,1424.701888511719,8971.257999494728,30.78676261459483,26.70032616630957
932,453866,2040.584931203023,0,0,0,0,0,0,0,1,0,3580.642153050112,9400.769015925742,32.18472893530699,39.56293338300214
933,459951,2052.59675528969,0,0,0,0,0,0,0,1,0,854.8187589344977,9715.671851528738,33.2587470543811,51.574757469685
934,451567,2037.655574800514,0,0,0,0,0,0,0,1,0,7850.378620753068,9538.407801220283,32.6773438069549,36.63357698058758
935,450043,2031.091390970226,0,0,0,0,0,0,0,1,0,1638.144548576263,8872.325896228005,30.40577642829617,30.06939315022247
936,449597,2035.414375667546,0,0,0,0,0,0,0,1,0,1551.597031094074,9328.270738190075,31.96473088637671,34.39237784753366
937,452780,2038.278482429778,0,0,0,0,0,0,0,1,0,1414.074682978315,9449.553560148895,32.35858394667869,37.25648460978763
938,454756,2047.709651391662,0,0,0,0,0,0,0,1,0,276.9699012186508,8809.810862032453,30.22819739767749,46.68765357247128
939,454972,2045.876445254615,0,0,0,0,0,0,0,1,0,1805.045172491685,9651.951423743254,33.05803129230937,44.85444743460044
940,457846,2049.162429168747,0,0,0,0,0,0,0,1,0,1943.074964052444,9775.096621148728,33.46289097173991,48.14043134875541
941,444498,2013.231416827446,0,0,0,0,0,0,0,1,0,9085.926516183588,8962.037855113105,30.74045110691089,12.20941900742889
942,449972,2023.339358326105,0,0,0,0,0,0,0,1,0,1311.581292658471,9239.691528663339,31.67719309852793,22.31736050612119
943,449672,2027.931902102815,0,0,0,0,0,0,0,1,0,1688.289858998767,9414.9121932498,32.27232026926451,26.9099042828317
944,454951,2049.764566295638,0,0,0,0,0,0,0,1,0,220.3736781266919,9751.172266156784,33.38539346424478,48.74256847561348
945,451539,2047.937138421076,0,0,0,0,0,0,0,1,0,2193.04904326071,8885.252451549983,30.49270615021569,46.91514060109805
946,450390,2044.389138102877,0,0,0,0,0,0,0,1,0,396.1661641125939,9263.48907618104,31.74618529386477,43.36714028286457
947,453040,2036.39865716494,0,0,0,0,0,0,0,1,0,1055.127301191644,9625.665372065143,32.95578793617997,35.37665934492576
948,450147,2032.611944520887,0,0,0,0,0,0,0,1,0,1595.786168232825,8803.867376426422,30.21038932060417,31.58994670089276
949,447139,2035.419887485702,0,0,0,0,0,0,0,1,0,704.0272732570497,8897.811219836276,30.53506984650462,34.39788966571778
950,452741,2052.812261454282,0,0,0,0,0,0,0,1,0,1685.848847076041,9293.445633231786,31.85554600607133,51.79026363423656
951,451251,2041.804938204986,0,0,0,0,0,0,0,1,0,2800.853090134829,9323.535477035857,31.95219110765114,40.78294038499431
952,453819,2039.453074208958,0,0,0,0,0,0,0,1,0,773.0362188889667,9665.936652833854,33.10518212682707,38.43107638895818
953,452968,2045.810403461676,0,0,0,0,0,0,0,1,0,4808.668178414672,9022.305382872217,30.94526357809833,44.78840564168101
954,454716,2044.172414421704,0,0,0,0,0,0,0,1,0,1765.976510049757,9836.001610129844,33.66713222385186,43.15041660170446
955,454926,2023.587647185391,0,0,0,0,0,0,0,1,0,5331.892126422988,9413.78255990557,32.24613149811042,22.56564936541585
956,451011,2041.480172510902,0,0,0,0,0,0,0,1,0,866.9816648850035,8872.682694486004,30.44455668573341,40.45817469094118
957,450047,2035.152626153784,0,0,0,0,0,0,0,1,0,245.5676223644869,9357.29504705149,32.06944674076227,34.13062833379182
958,452141,2049.449018991625,0,0,0,0,0,0,0,1,0,2105.465378748356,8770.372001873247,30.12791354370354,48.42702117224653
959,453036,2022.545652017242,0,0,0,0,0,0,0,1,0,3052.519259064789,9748.808313576656,33.39745621176984,21.52365419723972
960,455503,2047.260262213658,0,0,0,0,0,0,0,1,0,169.4142025579094,9297.977347340355,31.87370164650074,46.23826439364038
961,452713,2051.164532037646,0,0,0,0,0,0,0,1,0,1061.280445128453,8818.942934314935,30.26595250520465,50.14253421766081
962,452926,2039.684180771714,0,0,0,0,0,0,0,1,0,888.2883666426733,9120.205425655387,31.26725704777282,38.66218295171668
963,454176,2041.302946384449,0,0,0,0,0,0,0,1,0,640.6945726473779,8981.149736982648,30.80443734376602,40.28094856444993
964,455408,2052.122930958973,0,0,0,0,0,0,0,1,0,2401.999172502867,9637.67330166357,33.0158503289629,51.10093313895891
965,450753,2036.624736848495,0,0,0,0,0,0,0,1,0,1383.230962551298,9423.294681926242,32.28686510868805,35.60273902852786
966,452753,2023.834201892437,0,0,0,0,0,0,0,1,0,1759.706287965494,9445.390282033992,32.3350345049174,22.81220407243536
967,452373,2047.410988912204,0,0,0,0,0,0,0,1,0,304.3485385671809,9305.00547551584,31.90111273948795,46.38899109222282
968,454186,2047.032066927203,0,0,0,0,0,0,0,1,0,3072.627910455089,9254.624799737687,31.72061945144375,46.01006910723402
969,452213,2052.902847086227,0,0,0,0,0,0,0,1,0,2265.764780710498,9259.39777184207,31.73614512126248,51.88084926621267
970,445125,2028.307835005644,0,0,0,0,0,0,0,1,0,3573.369173312981,9079.712695556993,31.12859673861848,27.2858371856212
971,452080,2043.231332856479,0,0,0,0,0,0,0,1,0,555.6992409275133,9326.819348650983,31.97267093059637,42.20933503648973
972,449652,2048.65328384782,0,0,0,0,0,0,0,1,0,295.0365874823954,9072.846056528719,31.08538477311323,47.63128602785945
973,456732,2041.531009392949,0,0,0,0,0,0,0,1,0,2336.664663774835,9783.715397203829,33.51310506233042,40.50901157291149
974,452355,2050.037397341036,0,0,0,0,0,0,0,1,0,184.0332056897105,9047.135783791698,31.00691685797558,49.01539952102904
975,446791,2017.548449894819,0,0,0,0,0,0,0,1,0,1060.604841855747,9460.430455360774,32.39135217416153,16.52645207481702
976,451698,2039.466080885578,0,0,0,0,0,0,0,1,0,5656.657223448099,9744.26896381505,33.36875036078975,38.44408306558771
977,455397,2038.581196479047,0,0,0,0,0,0,0,1,0,6174.054611925761,9565.08174263406,32.77442747315497,37.55919865904137
978,447367,2019.454902038378,0,0,0,0,0,0,0,1,0,162.8519600372499,9339.861029118001,32.02434669441767,18.43290421838089
979,454188,2043.359420479734,0,0,0,0,0,0,0,1,0,1938.072202567044,9142.854235000115,31.3590932228798,42.33742265972485
980,452010,2046.389506882049,0,0,0,0,0,0,0,1,0,1483.330044123338,9156.017936024222,31.41183045891708,45.36750906205154
981,451242,2030.031956472973,0,0,0,0,0,0,0,1,0,1596.716321049047,9404.76983304474,32.20776531710755,29.00995865295364
982,457970,2047.14153941202,0,0,0,0,0,0,0,1,0,298.3481659015363,9764.892639297497,33.42018637745283,46.11954159200239
983,456575,2033.312272368755,0,0,0,0,0,0,0,1,0,6048.63884397243,9592.802662436774,32.85964777925778,32.29027454875354
984,456951,2050.800706577812,0,0,0,0,0,0,0,1,0,2672.21704129137,9709.65612873497,33.23681876402897,49.77870875781605
985,450520,2027.674982882245,0,0,0,0,0,0,0,1,0,982.1082508596112,9461.376940222339,32.39935419783019,26.65298506225416
986,460627,2049.282241995618,0,0,0,0,0,0,0,1,0,640.9615563965144,9693.038185429512,33.18602534164462,48.26024417560782
987,458744,2052.511913700218,0,0,0,0,0,0,0,1,0,3307.360715914233,9549.870860848319,32.70397210880489,51.48991588021986
988,452152,2033.544968176679,0,0,0,0,0,0,0,1,0,4464.356805406294,8710.764125027643,29.90755251686215,32.52297035666585
989,447844,2034.991508572018,0,0,0,0,0,0,0,1,0,9424.856425797307,9151.514909997173,31.3709708889199,33.96951075201044
990,451467,2050.933864294998,0,0,0,0,0,0,0,1,0,3247.880710406826,8721.777341615061,29.93042053978076,49.91186647502256
991,457815,2044.757201836777,0,0,0,0,0,0,0,1,0,1779.599851165176,9860.228549554804,33.74177018833232,43.73520401677946
992,448312,2027.121416377161,0,0,0,0,0,0,0,1,0,1079.93584853463,9088.705387337528,31.17206054790019,26.09941855716679
993,446803,2022.897730693087,0,0,0,0,0,0,0,1,0,1756.695831132274,8973.428976992765,30.77803903871607,21.87573287310412
994,448493,2030.397807211325,0,0,0,0,0,0,0,1,0,5579.559161536581,9101.50206488591,31.20766391011769,29.37580939131148
995,450186,2017.140547489615,0,0,0,0,0,0,0,1,0,1548.753479402176,9689.298510502218,33.18744244879316,16.11854966960071
996,454175,2039.972126172543,0,0,0,0,0,0,0,1,0,2442.281938910768,9208.746104739706,31.5574688378845,38.95012835255813
997,452304,2038.588365151722,0,0,0,0,0,0,0,1,0,107.4302304530538,9377.49855762552,32.17065771939018,37.56636733172959
998,455661,2040.307294305026,0,0,0,0,0,0,0,1,0,2852.500732192898,9150.648536969968,31.36607233590841,39.28529648504453
999,455988,2047.501648576107,0,0,0,0,0,0,0,1,0,3364.267228149441,9437.481447717757,32.34287230280937,46.47965075520974
