event,photons,edep_MeV,gamma_nuclear,electron_nuclear,muon_nuclear,neutrons,protons,charged_pions,secondary_muons,primary_decay_e,primary_nuclear,primary_death_ns,primary_range_mm,primary_stop_ns,primary_decay_e_ke_MeV,target_z,endpoint_decay,endpoint_capture,endpoint_time_ns,pion_captures,pion_hydrogen,pion_pi0,pion_hard_gamma
0,30673,138.2795039983606,0,0,0,1,7,0,0,0,0,0.0002751641238219861,9.874868320287655e-06,0.0002751641238219861,-1,0,0,0,-1,1,1,1,0
1,2112,91.17369532837984,0,0,0,5,16,0,0,0,0,0.0002751641238219861,9.874868320287655e-06,0.0002751641238219861,-1,0,0,0,-1,1,0,0,0
2,31087,140.5038769992622,0,0,0,1,6,0,0,0,0,0.0002751641238219861,9.874868320287655e-06,0.0002751641238219861,-1,0,0,0,-1,1,1,1,0
3,29477,138.2795040047077,0,0,0,1,7,0,0,0,0,0.0002751641238219861,9.874868320287655e-06,0.0002751641238219861,-1,0,0,0,-1,1,1,1,0
4,0,95.71954262798994,0,0,0,3,27,0,0,0,0,0.0002751641238219861,9.874868320287655e-06,0.0002751641238219861,-1,0,0,0,-1,1,0,0,0
5,960,81.07426965732128,0,0,0,4,18,0,0,0,0,0.0002751641238219861,9.874868320287655e-06,0.0002751641238219861,-1,0,0,0,-1,1,0,0,0
6,1697,103.0078045884791,0,0,0,4,21,0,0,0,0,0.0002751641238219861,9.874868320287655e-06,0.0002751641238219861,-1,0,0,0,-1,1,0,0,0
7,2369,66.17593480014153,0,0,0,6,29,0,0,0,0,0.0002751641238219861,9.874868320287655e-06,0.0002751641238219861,-1,0,0,0,-1,1,0,0,0
8,34,83.19558757783798,0,0,0,3,15,0,0,0,0,0.0002751641238219861,9.874868320287655e-06,0.0002751641238219861,-1,0,0,0,-1,1,0,0,0
9,28794,138.2795039994308,0,0,0,1,10,0,0,0,0,0.0002751641238219861,9.874868320287655e-06,0.0002751641238219861,-1,0,0,0,-1,1,1,1,0
10,0,78.18528795268489,0,0,0,2,11,0,0,0,0,0.0002751641238219861,9.874868320287655e-06,0.0002751641238219861,-1,0,0,0,-1,1,0,0,0
11,0,66.03427564978121,0,0,0,1,9,0,0,0,0,0.0002751641238219861,9.874868320287655e-06,0.0002751641238219861,-1,0,0,0,-1,1,0,0,0
12,2614,73.14383490567404,0,0,0,7,25,0,0,0,0,0.0002751641238219861,9.874868320287655e-06,0.0002751641238219861,-1,0,0,0,-1,1,0,0,0
13,0,86.61163564996541,0,0,0,0,0,0,0,0,0,0.0002751641238219861,9.874868320287655e-06,0.0002751641238219861,-1,0,0,0,-1,1,0,0,0
14,30626,138.2795039989392,0,0,0,1,6,0,0,0,0,0.0002751641238219861,9.874868320287655e-06,0.0002751641238219861,-1,0,0,0,-1,1,1,1,0
15,1607,69.6516914112775,0,0,0,6,35,0,0,0,0,0.0002751641238219861,9.874868320287655e-06,0.0002751641238219861,-1,0,0,0,-1,1,0,0,0
16,0,86.86663430511271,0,0,0,1,8,0,0,0,0,0.0002751641238219861,9.874868320287655e-06,0.0002751641238219861,-1,0,0,0,-1,1,0,0,0
17,2204,83.63184386057743,0,0,0,4,21,0,0,0,0,0.0002751641238219861,9.874868320287655e-06,0.0002751641238219861,-1,0,0,0,-1,1,0,0,0
18,132,77.18911332258685,0,0,0,3,20,0,0,0,0,0.0002751641238219861,9.874868320287655e-06,0.0002751641238219861,-1,0,0,0,-1,1,0,0,0
19,30902,138.279503997774,0,0,0,1,10,0,0,0,0,0.0002751641238219861,9.874868320287655e-06,0.0002751641238219861,-1,0,0,0,-1,1,1,1,0
20,31459,138.2795040015795,0,0,0,1,4,0,0,0,0,0.0002751641238219861,9.874868320287655e-06,0.0002751641238219861,-1,0,0,0,-1,1,1,1,0
21,0,88.53069339936975,0,0,0,4,25,0,0,0,0,0.0002751641238219861,9.874868320287655e-06,0.0002751641238219861,-1,0,0,0,-1,1,0,0,0
22,2117,71.37080242628738,0,0,0,5,24,0,0,0,0,0.0002751641238219861,9.874868320287655e-06,0.0002751641238219861,-1,0,0,0,-1,1,0,0,0
23,788,62.45951974232475,0,0,0,5,23,0,0,0,0,0.0002751641238219861,9.874868320287655e-06,0.0002751641238219861,-1,0,0,0,-1,1,0,0,0
24,615,77.50639586311215,0,0,0,4,28,0,0,0,0,0.0002751641238219861,9.874868320287655e-06,0.0002751641238219861,-1,0,0,0,-1,1,0,0,0
25,30734,138.2795039996444,0,0,0,1,5,0,0,0,0,0.0002751641238219861,9.874868320287655e-06,0.0002751641238219861,-1,0,0,0,-1,1,1,1,0
26,2166,95.69356224916621,0,0,0,5,26,0,0,0,0,0.0002751641238219861,9.874868320287655e-06,0.0002751641238219861,-1,0,0,0,-1,1,0,0,0
27,417,80.42266860976606,0,0,0,3,13,0,0,0,0,0.0002751641238219861,9.874868320287655e-06,0.0002751641238219861,-1,0,0,0,-1,1,0,0,0
28,30681,140.5038769944455,0,0,0,1,9,0,0,0,0,0.0002751641238219861,9.874868320287655e-06,0.0002751641238219861,-1,0,0,0,-1,1,1,1,0
29,28793,138.2795040008749,0,0,0,1,5,0,0,0,0,0.0002751641238219861,9.874868320287655e-06,0.0002751641238219861,-1,0,0,0,-1,1,1,1,0
30,677,65.63152339132066,0,0,0,6,29,0,0,0,0,0.0002751641238219861,9.874868320287655e-06,0.0002751641238219861,-1,0,0,0,-1,1,0,0,0
31,1253,59.40869077033749,0,0,0,3,9,0,0,0,0,0.0002751641238219861,9.874868320287655e-06,0.0002751641238219861,-1,0,0,0,-1,1,0,0,0
32,1645,88.68493778692599,0,0,0,5,27,0,0,0,0,0.0002751641238219861,9.874868320287655e-06,0.0002751641238219861,-1,0,0,0,-1,1,0,0,0
33,823,84.86021393572607,0,0,0,3,15,0,0,0,0,0.0002751641238219861,9.874868320287655e-06,0.0002751641238219861,-1,0,0,0,-1,1,0,0,0
34,30092,138.2795040008195,0,0,0,1,6,0,0,0,0,0.0002751641238219861,9.874868320287655e-06,0.0002751641238219861,-1,0,0,0,-1,1,1,1,0
35,30718,140.5038770010038,0,0,0,1,6,0,0,0,0,0.0002751641238219861,9.874868320287655e-06,0.0002751641238219861,-1,0,0,0,-1,1,1,1,0
36,0,80.45793669933464,0,0,0,1,11,0,0,0,0,0.0002751641238219861,9.874868320287655e-06,0.0002751641238219861,-1,0,0,0,-1,1,0,0,0
37,1420,89.28353137860368,0,0,0,3,18,0,0,0,0,0.0002751641238219861,9.874868320287655e-06,0.0002751641238219861,-1,0,0,0,-1,1,0,0,0
38,1439,78.27119436487985,0,0,0,3,15,0,0,0,0,0.0002751641238219861,9.874868320287655e-06,0.0002751641238219861,-1,0,0,0,-1,1,0,0,0
39,1521,105.2101801792322,0,0,0,4,26,0,0,0,0,0.0002751641238219861,9.874868320287655e-06,0.0002751641238219861,-1,0,0,0,-1,1,0,0,0
40,862,83.64043981307606,0,0,0,5,25,0,0,0,0,0.0002751641238219861,9.874868320287655e-06,0.0002751641238219861,-1,0,0,0,-1,1,0,0,0
41,28995,140.5038770000158,0,0,0,1,6,0,0,0,0,0.0002751641238219861,9.874868320287655e-06,0.0002751641238219861,-1,0,0,0,-1,1,1,1,0
42,699,73.39334168105232,0,0,0,4,28,0,0,0,0,0.0002751641238219861,9.874868320287655e-06,0.0002751641238219861,-1,0,0,0,-1,1,0,0,0
43,28821,138.2795040072388,0,0,0,1,6,0,0,0,0,0.0002751641238219861,9.874868320287655e-06,0.0002751641238219861,-1,0,0,0,-1,1,1,1,0
44,2089,83.62940223059735,0,0,0,6,29,0,0,0,0,0.0002751641238219861,9.874868320287655e-06,0.0002751641238219861,-1,0,0,0,-1,1,0,0,0
45,30800,138.2795039992572,0,0,0,1,3,0,0,0,0,0.0002751641238219861,9.874868320287655e-06,0.0002751641238219861,-1,0,0,0,-1,1,1,1,0
46,0,40.7262496499617,0,0,0,1,12,0,0,0,0,0.0002751641238219861,9.874868320287655e-06,0.0002751641238219861,-1,0,0,0,-1,1,0,0,0
47,28523,138.2795039995904,0,0,0,1,5,0,0,0,0,0.0002751641238219861,9.874868320287655e-06,0.0002751641238219861,-1,0,0,0,-1,1,1,1,0
48,895,70.97933041138545,0,0,0,3,9,0,0,0,0,0.0002751641238219861,9.874868320287655e-06,0.0002751641238219861,-1,0,0,0,-1,1,0,0,0
49,1692,71.84668816595403,0,0,0,4,18,0,0,0,0,0.0002751641238219861,9.874868320287655e-06,0.0002751641238219861,-1,0,0,0,-1,1,0,0,0
50,0,71.87254264195329,0,0,0,3,24,0,0,0,0,0.0002751641238219861,9.874868320287655e-06,0.0002751641238219861,-1,0,0,0,-1,1,0,0,0
51,1925,67.44464007342161,0,0,0,4,9,0,0,0,0,0.0002751641238219861,9.874868320287655e-06,0.0002751641238219861,-1,0,0,0,-1,1,0,0,0
52,979,71.88883682940779,0,0,0,3,16,0,0,0,0,0.0002751641238219861,9.874868320287655e-06,0.0002751641238219861,-1,0,0,0,-1,1,0,0,0
53,0,64.64764206954118,0,0,0,1,5,0,0,0,0,0.0002751641238219861,9.874868320287655e-06,0.0002751641238219861,-1,0,0,0,-1,1,0,0,0
54,0,71.90831949308179,0,0,0,3,24,0,0,0,0,0.0002751641238219861,9.874868320287655e-06,0.0002751641238219861,-1,0,0,0,-1,1,0,0,0
55,29204,138.2795039999489,0,0,0,1,5,0,0,0,0,0.0002751641238219861,9.874868320287655e-06,0.0002751641238219861,-1,0,0,0,-1,1,1,1,0
56,30319,138.2795040032813,0,0,0,1,4,0,0,0,0,0.0002751641238219861,9.874868320287655e-06,0.0002751641238219861,-1,0,0,0,-1,1,1,1,0
57,0,74.13167668513016,0,0,0,2,13,0,0,0,0,0.0002751641238219861,9.874868320287655e-06,0.0002751641238219861,-1,0,0,0,-1,1,0,0,0
58,1761,116.137269731069,0,0,0,1,7,0,0,0,0,0.0002751641238219861,9.874868320287655e-06,0.0002751641238219861,-1,0,0,0,-1,1,0,0,0
59,1408,83.73520953533462,0,0,0,6,22,0,0,0,0,0.0002751641238219861,9.874868320287655e-06,0.0002751641238219861,-1,0,0,0,-1,1,0,0,0
60,0,79.11413201675877,0,0,0,0,1,0,0,0,0,0.0002751641238219861,9.874868320287655e-06,0.0002751641238219861,-1,0,0,0,-1,1,0,0,0
61,29959,138.2795039995553,0,0,0,1,5,0,0,0,0,0.0002751641238219861,9.874868320287655e-06,0.0002751641238219861,-1,0,0,0,-1,1,1,1,0
62,0,85.94085857712649,0,0,0,3,14,0,0,0,0,0.0002751641238219861,9.874868320287655e-06,0.0002751641238219861,-1,0,0,0,-1,1,0,0,0
63,128,76.58627329442443,0,0,0,4,18,0,0,0,0,0.0002751641238219861,9.874868320287655e-06,0.0002751641238219861,-1,0,0,0,-1,1,0,0,0
64,29836,138.2795039995162,0,0,0,1,8,0,0,0,0,0.0002751641238219861,9.874868320287655e-06,0.0002751641238219861,-1,0,0,0,-1,1,1,1,0
65,1613,91.03698210073976,0,0,0,4,19,0,0,0,0,0.0002751641238219861,9.874868320287655e-06,0.0002751641238219861,-1,0,0,0,-1,1,0,0,0
66,1633,108.0870820214205,0,0,0,3,16,0,0,0,0,0.0002751641238219861,9.874868320287655e-06,0.0002751641238219861,-1,0,0,0,-1,1,0,0,0
67,2945,73.39779488117993,0,0,0,5,28,0,0,0,0,0.0002751641238219861,9.874868320287655e-06,0.0002751641238219861,-1,0,0,0,-1,1,0,0,0
68,6,88.75037121369996,0,0,0,4,18,0,0,0,0,0.0002751641238219861,9.874868320287655e-06,0.0002751641238219861,-1,0,0,0,-1,1,0,0,0
69,1250,97.2667178647867,0,0,0,2,21,0,0,0,0,0.0002751641238219861,9.874868320287655e-06,0.0002751641238219861,-1,0,0,0,-1,1,0,0,0
70,2310,71.77015345983085,0,0,0,5,25,0,0,0,0,0.0002751641238219861,9.874868320287655e-06,0.0002751641238219861,-1,0,0,0,-1,1,0,0,0
71,0,97.29179661355838,0,0,0,2,19,0,0,0,0,0.0002751641238219861,9.874868320287655e-06,0.0002751641238219861,-1,0,0,0,-1,1,0,0,0
72,292,88.48285240091167,0,0,0,4,24,0,0,0,0,0.0002751641238219861,9.874868320287655e-06,0.0002751641238219861,-1,0,0,0,-1,1,0,0,0
73,30260,138.2795040072695,0,0,0,1,6,0,0,0,0,0.0002751641238219861,9.874868320287655e-06,0.0002751641238219861,-1,0,0,0,-1,1,1,1,0
74,3,90.42995123323014,0,0,0,2,19,0,0,0,0,0.0002751641238219861,9.874868320287655e-06,0.0002751641238219861,-1,0,0,0,-1,1,0,0,0
75,0,56.0915166487549,0,0,0,3,25,0,0,0,0,0.0002751641238219861,9.874868320287655e-06,0.0002751641238219861,-1,0,0,0,-1,1,0,0,0
76,0,74.95862299736794,0,0,0,4,19,0,0,0,0,0.0002751641238219861,9.874868320287655e-06,0.0002751641238219861,-1,0,0,0,-1,1,0,0,0
77,2235,78.78664297721483,0,0,0,2,7,0,0,0,0,0.0002751641238219861,9.874868320287655e-06,0.0002751641238219861,-1,0,0,0,-1,1,0,0,0
78,742,95.77039914971935,0,0,0,4,25,0,0,0,0,0.0002751641238219861,9.874868320287655e-06,0.0002751641238219861,-1,0,0,0,-1,1,0,0,0
79,2333,83.63318258260495,0,0,0,6,23,0,0,0,0,0.0002751641238219861,9.874868320287655e-06,0.0002751641238219861,-1,0,0,0,-1,1,0,0,0
80,29962,138.2795039995302,0,0,0,1,5,0,0,0,0,0.0002751641238219861,9.874868320287655e-06,0.0002751641238219861,-1,0,0,0,-1,1,1,1,0
81,107,88.69690621482597,0,0,0,4,29,0,0,0,0,0.0002751641238219861,9.874868320287655e-06,0.0002751641238219861,-1,0,0,0,-1,1,0,0,0
82,737,99.61193492004826,0,0,0,3,12,0,0,0,0,0.0002751641238219861,9.874868320287655e-06,0.0002751641238219861,-1,0,0,0,-1,1,0,0,0
83,2187,93.79060820088453,0,0,0,2,11,0,0,0,0,0.0002751641238219861,9.874868320287655e-06,0.0002751641238219861,-1,0,0,0,-1,1,0,0,0
84,1795,75.91774307249592,0,0,0,4,29,0,0,0,0,0.0002751641238219861,9.874868320287655e-06,0.0002751641238219861,-1,0,0,0,-1,1,0,0,0
85,1393,88.55068668950665,0,0,0,4,22,0,0,0,0,0.0002751641238219861,9.874868320287655e-06,0.0002751641238219861,-1,0,0,0,-1,1,0,0,0
86,1789,96.671586622398,0,0,0,2,17,0,0,0,0,0.0002751641238219861,9.874868320287655e-06,0.0002751641238219861,-1,0,0,0,-1,1,0,0,0
87,704,72.7083028702888,0,0,0,3,11,0,0,0,0,0.0002751641238219861,9.874868320287655e-06,0.0002751641238219861,-1,0,0,0,-1,1,0,0,0
88,29386,138.2795040000212,0,0,0,1,3,0,0,0,0,0.0002751641238219861,9.874868320287655e-06,0.0002751641238219861,-1,0,0,0,-1,1,1,1,0
89,1445,65.15892992572529,0,0,0,6,30,0,0,0,0,0.0002751641238219861,9.874868320287655e-06,0.0002751641238219861,-1,0,0,0,-1,1,0,0,0
90,1207,103.9947574285449,0,0,0,2,9,0,0,0,0,0.0002751641238219861,9.874868320287655e-06,0.0002751641238219861,-1,0,0,0,-1,1,0,0,0
91,262,92.48764286497045,0,0,0,4,31,0,0,0,0,0.0002751641238219861,9.874868320287655e-06,0.0002751641238219861,-1,0,0,0,-1,1,0,0,0
92,3119,72.17281787498015,0,0,0,5,27,0,0,0,0,0.0002751641238219861,9.874868320287655e-06,0.0002751641238219861,-1,0,0,0,-1,1,0,0,0
93,509,83.15517632426135,0,0,0,2,6,0,0,0,0,0.0002751641238219861,9.874868320287655e-06,0.0002751641238219861,-1,0,0,0,-1,1,0,0,0
94,0,102.9931546653832,0,0,0,3,32,0,0,0,0,0.0002751641238219861,9.874868320287655e-06,0.0002751641238219861,-1,0,0,0,-1,1,0,0,0
95,271,85.86169257344859,0,0,0,3,15,0,0,0,0,0.0002751641238219861,9.874868320287655e-06,0.0002751641238219861,-1,0,0,0,-1,1,0,0,0
96,161,90.74025056884962,0,0,0,4,22,0,0,0,0,0.0002751641238219861,9.874868320287655e-06,0.0002751641238219861,-1,0,0,0,-1,1,0,0,0
97,558,97.50945803317211,0,0,0,1,8,0,0,0,0,0.0002751641238219861,9.874868320287655e-06,0.0002751641238219861,-1,0,0,0,-1,1,0,0,0
98,31730,138.2795039993199,0,0,0,1,6,0,0,0,0,0.0002751641238219861,9.874868320287655e-06,0.0002751641238219861,-1,0,0,0,-1,1,1,1,0
99,2686,78.15350722137489,0,0,0,4,17,0,0,0,0,0.0002751641238219861,9.874868320287655e-06,0.0002751641238219861,-1,0,0,0,-1,1,0,0,0
100,0,60.57108234349113,0,0,0,1,13,0,0,0,0,0.0002751641238219861,9.874868320287655e-06,0.0002751641238219861,-1,0,0,0,-1,1,0,0,0
101,0,80.40565893132066,0,0,0,2,13,0,0,0,0,0.0002751641238219861,9.874868320287655e-06,0.0002751641238219861,-1,0,0,0,-1,1,0,0,0
102,0,79.53728929827186,0,0,0,1,7,0,0,0,0,0.0002751641238219861,9.874868320287655e-06,0.0002751641238219861,-1,0,0,0,-1,1,0,0,0
103,2377,74.88117267057781,0,0,0,6,23,0,0,0,0,0.0002751641238219861,9.874868320287655e-06,0.0002751641238219861,-1,0,0,0,-1,1,0,0,0
104,0,95.89385621600427,0,0,0,3,27,0,0,0,0,0.0002751641238219861,9.874868320287655e-06,0.0002751641238219861,-1,0,0,0,-1,1,0,0,0
105,17,91.18288558501575,0,0,0,3,18,0,0,0,0,0.0002751641238219861,9.874868320287655e-06,0.0002751641238219861,-1,0,0,0,-1,1,0,0,0
106,2011,64.92772662459791,0,0,0,4,16,0,0,0,0,0.0002751641238219861,9.874868320287655e-06,0.0002751641238219861,-1,0,0,0,-1,1,0,0,0
107,0,104.209951918363,0,0,0,1,9,0,0,0,0,0.0002751641238219861,9.874868320287655e-06,0.0002751641238219861,-1,0,0,0,-1,1,0,0,0
108,0,77.40117755537396,0,0,0,3,20,0,0,0,0,0.0002751641238219861,9.874868320287655e-06,0.0002751641238219861,-1,0,0,0,-1,1,0,0,0
109,0,107.9394779155584,0,0,0,2,17,0,0,0,0,0.0002751641238219861,9.874868320287655e-06,0.0002751641238219861,-1,0,0,0,-1,1,0,0,0
110,29547,138.2795039990722,0,0,0,1,3,0,0,0,0,0.0002751641238219861,9.874868320287655e-06,0.0002751641238219861,-1,0,0,0,-1,1,1,1,0
111,2445,82.12552907646612,0,0,0,3,13,0,0,0,0,0.0002751641238219861,9.874868320287655e-06,0.0002751641238219861,-1,0,0,0,-1,1,0,0,0
112,29802,138.279504001644,0,0,0,1,9,0,0,0,0,0.0002751641238219861,9.874868320287655e-06,0.0002751641238219861,-1,0,0,0,-1,1,1,1,0
113,1727,82.89569543485507,0,0,0,3,18,0,0,0,0,0.0002751641238219861,9.874868320287655e-06,0.0002751641238219861,-1,0,0,0,-1,1,0,0,0
114,675,93.50107059606721,0,0,0,3,17,0,0,0,0,0.0002751641238219861,9.874868320287655e-06,0.0002751641238219861,-1,0,0,0,-1,1,0,0,0
115,0,59.77691563087605,0,0,0,2,21,0,0,0,0,0.0002751641238219861,9.874868320287655e-06,0.0002751641238219861,-1,0,0,0,-1,1,0,0,0
116,29670,138.2795039952749,0,0,0,1,7,0,0,0,0,0.0002751641238219861,9.874868320287655e-06,0.0002751641238219861,-1,0,0,0,-1,1,1,1,0
117,414,75.223782473581,0,0,0,3,23,0,0,0,0,0.0002751641238219861,9.874868320287655e-06,0.0002751641238219861,-1,0,0,0,-1,1,0,0,0
118,840,96.79346940862713,0,0,0,3,23,0,0,0,0,0.0002751641238219861,9.874868320287655e-06,0.0002751641238219861,-1,0,0,0,-1,1,0,0,0
119,981,84.43519559295314,0,0,0,2,7,0,0,0,0,0.0002751641238219861,9.874868320287655e-06,0.0002751641238219861,-1,0,0,0,-1,1,0,0,0
120,0,107.9629055804126,0,0,0,2,14,0,0,0,0,0.0002751641238219861,9.874868320287655e-06,0.0002751641238219861,-1,0,0,0,-1,1,0,0,0
121,446,95.74687370680755,0,0,0,4,26,0,0,0,0,0.0002751641238219861,9.874868320287655e-06,0.0002751641238219861,-1,0,0,0,-1,1,0,0,0
122,0,63.19688756863126,0,0,0,1,8,0,0,0,0,0.0002751641238219861,9.874868320287655e-06,0.0002751641238219861,-1,0,0,0,-1,1,0,0,0
123,22,80.69584910210581,0,0,0,4,25,0,0,0,0,0.0002751641238219861,9.874868320287655e-06,0.0002751641238219861,-1,0,0,0,-1,1,0,0,0
124,529,102.9303298986967,0,0,0,3,22,0,0,0,0,0.0002751641238219861,9.874868320287655e-06,0.0002751641238219861,-1,0,0,0,-1,1,0,0,0
125,0,60.54026264986259,0,0,0,1,9,0,0,0,0,0.0002751641238219861,9.874868320287655e-06,0.0002751641238219861,-1,0,0,0,-1,1,0,0,0
126,0,107.9394779155715,0,0,0,2,17,0,0,0,0,0.0002751641238219861,9.874868320287655e-06,0.0002751641238219861,-1,0,0,0,-1,1,0,0,0
127,651,83.65056965739895,0,0,0,4,25,0,0,0,0,0.0002751641238219861,9.874868320287655e-06,0.0002751641238219861,-1,0,0,0,-1,1,0,0,0
128,1199,68.50317195606046,0,0,0,6,26,0,0,0,0,0.0002751641238219861,9.874868320287655e-06,0.0002751641238219861,-1,0,0,0,-1,1,0,0,0
129,1465,83.73635419636618,0,0,0,7,32,0,0,0,0,0.0002751641238219861,9.874868320287655e-06,0.0002751641238219861,-1,0,0,0,-1,1,0,0,0
130,0,80.59739872947114,0,0,0,2,27,0,0,0,0,0.0002751641238219861,9.874868320287655e-06,0.0002751641238219861,-1,0,0,0,-1,1,0,0,0
131,0,71.87254264779493,0,0,0,3,18,0,0,0,0,0.0002751641238219861,9.874868320287655e-06,0.0002751641238219861,-1,0,0,0,-1,1,0,0,0
132,285,84.94963534883486,0,0,0,4,18,0,0,0,0,0.0002751641238219861,9.874868320287655e-06,0.0002751641238219861,-1,0,0,0,-1,1,0,0,0
133,57,72.4724789483632,0,0,0,3,14,0,0,0,0,0.0002751641238219861,9.874868320287655e-06,0.0002751641238219861,-1,0,0,0,-1,1,0,0,0
134,2009,95.27993378023126,0,0,0,2,11,0,0,0,0,0.0002751641238219861,9.874868320287655e-06,0.0002751641238219861,-1,0,0,0,-1,1,0,0,0
135,30579,138.2795039894709,0,0,0,1,5,0,0,0,0,0.0002751641238219861,9.874868320287655e-06,0.0002751641238219861,-1,0,0,0,-1,1,1,1,0
136,111,90.78306231473513,0,0,0,3,17,0,0,0,0,0.0002751641238219861,9.874868320287655e-06,0.0002751641238219861,-1,0,0,0,-1,1,0,0,0
137,190,72.35742340904321,0,0,0,4,26,0,0,0,0,0.0002751641238219861,9.874868320287655e-06,0.0002751641238219861,-1,0,0,0,-1,1,0,0,0
138,30327,140.5038769991405,0,0,0,1,5,0,0,0,0,0.0002751641238219861,9.874868320287655e-06,0.0002751641238219861,-1,0,0,0,-1,1,1,1,0
139,30442,138.2795039981059,0,0,0,1,7,0,0,0,0,0.0002751641238219861,9.874868320287655e-06,0.0002751641238219861,-1,0,0,0,-1,1,1,1,0
140,30434,138.279504002286,0,0,0,1,5,0,0,0,0,0.0002751641238219861,9.874868320287655e-06,0.0002751641238219861,-1,0,0,0,-1,1,1,1,0
141,29144,138.2795039977088,0,0,0,1,6,0,0,0,0,0.0002751641238219861,9.874868320287655e-06,0.0002751641238219861,-1,0,0,0,-1,1,1,1,0
142,410,61.99870790727622,0,0,0,4,30,0,0,0,0,0.0002751641238219861,9.874868320287655e-06,0.0002751641238219861,-1,0,0,0,-1,1,0,0,0
143,3152,92.28090402464602,0,0,0,5,13,0,0,0,0,0.0002751641238219861,9.874868320287655e-06,0.0002751641238219861,-1,0,0,0,-1,1,0,0,0
144,1481,90.87608027601107,0,0,0,5,11,0,0,0,0,0.0002751641238219861,9.874868320287655e-06,0.0002751641238219861,-1,0,0,0,-1,1,0,0,0
145,0,78.20904580505037,0,0,0,2,14,0,0,0,0,0.0002751641238219861,9.874868320287655e-06,0.0002751641238219861,-1,0,0,0,-1,1,0,0,0
146,344,81.05602685314803,0,0,0,4,27,0,0,0,0,0.0002751641238219861,9.874868320287655e-06,0.0002751641238219861,-1,0,0,0,-1,1,0,0,0
147,707,95.51839003297819,0,0,0,1,5,0,0,0,0,0.0002751641238219861,9.874868320287655e-06,0.0002751641238219861,-1,0,0,0,-1,1,0,0,0
148,12,69.71717009652239,0,0,0,3,14,0,0,0,0,0.0002751641238219861,9.874868320287655e-06,0.0002751641238219861,-1,0,0,0,-1,1,0,0,0
149,2915,73.89838675795372,0,0,0,5,20,0,0,0,0,0.0002751641238219861,9.874868320287655e-06,0.0002751641238219861,-1,0,0,0,-1,1,0,0,0
150,29180,138.2795039997255,0,0,0,1,11,0,0,0,0,0.0002751641238219861,9.874868320287655e-06,0.0002751641238219861,-1,0,0,0,-1,1,1,1,0
151,37,83.54260130776314,0,0,0,3,19,0,0,0,0,0.0002751641238219861,9.874868320287655e-06,0.0002751641238219861,-1,0,0,0,-1,1,0,0,0
152,2281,83.59243731720413,0,0,0,5,12,0,0,0,0,0.0002751641238219861,9.874868320287655e-06,0.0002751641238219861,-1,0,0,0,-1,1,0,0,0
153,0,54.28290264990522,0,0,0,2,21,0,0,0,0,0.0002751641238219861,9.874868320287655e-06,0.0002751641238219861,-1,0,0,0,-1,1,0,0,0
154,0,106.6687717313385,0,0,0,1,14,0,0,0,0,0.0002751641238219861,9.874868320287655e-06,0.0002751641238219861,-1,0,0,0,-1,1,0,0,0
155,0,105.2175276654543,0,0,0,2,13,0,0,0,0,0.0002751641238219861,9.874868320287655e-06,0.0002751641238219861,-1,0,0,0,-1,1,0,0,0
156,29648,138.2795040078424,0,0,0,1,10,0,0,0,0,0.0002751641238219861,9.874868320287655e-06,0.0002751641238219861,-1,0,0,0,-1,1,1,1,0
157,29171,138.2795039996616,0,0,0,1,8,0,0,0,0,0.0002751641238219861,9.874868320287655e-06,0.0002751641238219861,-1,0,0,0,-1,1,1,1,0
158,28863,138.2795039999094,0,0,0,1,6,0,0,0,0,0.0002751641238219861,9.874868320287655e-06,0.0002751641238219861,-1,0,0,0,-1,1,1,1,0
159,29881,138.2795040049052,0,0,0,1,9,0,0,0,0,0.0002751641238219861,9.874868320287655e-06,0.0002751641238219861,-1,0,0,0,-1,1,1,1,0
160,29964,138.279503998034,0,0,0,1,3,0,0,0,0,0.0002751641238219861,9.874868320287655e-06,0.0002751641238219861,-1,0,0,0,-1,1,1,1,0
161,0,86.85475873133628,0,0,0,1,6,0,0,0,0,0.0002751641238219861,9.874868320287655e-06,0.0002751641238219861,-1,0,0,0,-1,1,0,0,0
162,30592,138.2795039998399,0,0,0,1,5,0,0,0,0,0.0002751641238219861,9.874868320287655e-06,0.0002751641238219861,-1,0,0,0,-1,1,1,1,0
163,29991,138.2795040011241,0,0,0,1,6,0,0,0,0,0.0002751641238219861,9.874868320287655e-06,0.0002751641238219861,-1,0,0,0,-1,1,1,1,0
164,29567,138.279504000439,0,0,0,1,5,0,0,0,0,0.0002751641238219861,9.874868320287655e-06,0.0002751641238219861,-1,0,0,0,-1,1,1,1,0
165,29972,138.2795039998843,0,0,0,1,4,0,0,0,0,0.0002751641238219861,9.874868320287655e-06,0.0002751641238219861,-1,0,0,0,-1,1,1,1,0
166,2703,75.1336778618867,0,0,0,6,24,0,0,0,0,0.0002751641238219861,9.874868320287655e-06,0.0002751641238219861,-1,0,0,0,-1,1,0,0,0
167,0,108.0371451540713,0,0,0,2,21,0,0,0,0,0.0002751641238219861,9.874868320287655e-06,0.0002751641238219861,-1,0,0,0,-1,1,0,0,0
168,30657,138.2795039997318,0,0,0,1,6,0,0,0,0,0.0002751641238219861,9.874868320287655e-06,0.0002751641238219861,-1,0,0,0,-1,1,1,1,0
169,5,75.05212770445992,0,0,0,4,31,0,0,0,0,0.0002751641238219861,9.874868320287655e-06,0.0002751641238219861,-1,0,0,0,-1,1,0,0,0
170,28933,138.2795039995293,0,0,0,1,8,0,0,0,0,0.0002751641238219861,9.874868320287655e-06,0.0002751641238219861,-1,0,0,0,-1,1,1,1,0
171,1370,96.07994222086774,0,0,0,3,20,0,0,0,0,0.0002751641238219861,9.874868320287655e-06,0.0002751641238219861,-1,0,0,0,-1,1,0,0,0
172,924,100.734391976372,0,0,0,3,9,0,0,0,0,0.0002751641238219861,9.874868320287655e-06,0.0002751641238219861,-1,0,0,0,-1,1,0,0,0
173,2494,83.74561495191124,0,0,0,4,20,0,0,0,0,0.0002751641238219861,9.874868320287655e-06,0.0002751641238219861,-1,0,0,0,-1,1,0,0,0
174,0,58.31588964886026,0,0,0,2,16,0,0,0,0,0.0002751641238219861,9.874868320287655e-06,0.0002751641238219861,-1,0,0,0,-1,1,0,0,0
175,161,68.73352091802759,0,0,0,4,20,0,0,0,0,0.0002751641238219861,9.874868320287655e-06,0.0002751641238219861,-1,0,0,0,-1,1,0,0,0
176,1642,66.87260374495065,0,0,0,4,14,0,0,0,0,0.0002751641238219861,9.874868320287655e-06,0.0002751641238219861,-1,0,0,0,-1,1,0,0,0
177,30639,138.2795040014888,0,0,0,1,6,0,0,0,0,0.0002751641238219861,9.874868320287655e-06,0.0002751641238219861,-1,0,0,0,-1,1,1,1,0
178,0,69.6675775259953,0,0,0,4,44,0,0,0,0,0.0002751641238219861,9.874868320287655e-06,0.0002751641238219861,-1,0,0,0,-1,1,0,0,0
179,0,104.2012756499558,0,0,0,1,8,0,0,0,0,0.0002751641238219861,9.874868320287655e-06,0.0002751641238219861,-1,0,0,0,-1,1,0,0,0
180,1265,93.50344071856289,0,0,0,4,9,0,0,0,0,0.0002751641238219861,9.874868320287655e-06,0.0002751641238219861,-1,0,0,0,-1,1,0,0,0
181,1481,87.398971994886,0,0,0,5,40,0,0,0,0,0.0002751641238219861,9.874868320287655e-06,0.0002751641238219861,-1,0,0,0,-1,1,0,0,0
182,1757,83.66030496805291,0,0,0,5,32,0,0,0,0,0.0002751641238219861,9.874868320287655e-06,0.0002751641238219861,-1,0,0,0,-1,1,0,0,0
183,0,80.42121379177409,0,0,0,1,7,0,0,0,0,0.0002751641238219861,9.874868320287655e-06,0.0002751641238219861,-1,0,0,0,-1,1,0,0,0
184,1337,104.1855077957853,0,0,0,2,10,0,0,0,0,0.0002751641238219861,9.874868320287655e-06,0.0002751641238219861,-1,0,0,0,-1,1,0,0,0
185,30453,140.5038770001873,0,0,0,1,4,0,0,0,0,0.0002751641238219861,9.874868320287655e-06,0.0002751641238219861,-1,0,0,0,-1,1,1,1,0
186,29405,138.2795039970327,0,0,0,1,6,0,0,0,0,0.0002751641238219861,9.874868320287655e-06,0.0002751641238219861,-1,0,0,0,-1,1,1,1,0
187,30177,138.2795039958143,0,0,0,1,5,0,0,0,0,0.0002751641238219861,9.874868320287655e-06,0.0002751641238219861,-1,0,0,0,-1,1,1,1,0
188,0,95.83538232763649,0,0,0,3,25,0,0,0,0,0.0002751641238219861,9.874868320287655e-06,0.0002751641238219861,-1,0,0,0,-1,1,0,0,0
189,0,55.18343728896114,0,0,0,5,33,0,0,0,0,0.0002751641238219861,9.874868320287655e-06,0.0002751641238219861,-1,0,0,0,-1,1,0,0,0
190,870,57.37504828352207,0,0,0,3,12,0,0,0,0,0.0002751641238219861,9.874868320287655e-06,0.0002751641238219861,-1,0,0,0,-1,1,0,0,0
191,0,95.83976882641566,0,0,0,3,33,0,0,0,0,0.0002751641238219861,9.874868320287655e-06,0.0002751641238219861,-1,0,0,0,-1,1,0,0,0
192,0,59.86182570331165,0,0,0,2,24,0,0,0,0,0.0002751641238219861,9.874868320287655e-06,0.0002751641238219861,-1,0,0,0,-1,1,0,0,0
193,2088,76.51882794180354,0,0,0,6,28,0,0,0,0,0.0002751641238219861,9.874868320287655e-06,0.0002751641238219861,-1,0,0,0,-1,1,0,0,0
194,0,80.59739873093839,0,0,0,2,11,0,0,0,0,0.0002751641238219861,9.874868320287655e-06,0.0002751641238219861,-1,0,0,0,-1,1,0,0,0
195,1032,81.20876328772849,0,0,0,4,20,0,0,0,0,0.0002751641238219861,9.874868320287655e-06,0.0002751641238219861,-1,0,0,0,-1,1,0,0,0
196,954,85.81659361225815,0,0,0,3,18,0,0,0,0,0.0002751641238219861,9.874868320287655e-06,0.0002751641238219861,-1,0,0,0,-1,1,0,0,0
197,2792,105.2512931765851,0,0,0,4,32,0,0,0,0,0.0002751641238219861,9.874868320287655e-06,0.0002751641238219861,-1,0,0,0,-1,1,0,0,0
198,648,80.33033804603322,0,0,0,2,11,0,0,0,0,0.0002751641238219861,9.874868320287655e-06,0.0002751641238219861,-1,0,0,0,-1,1,0,0,0
199,3430,85.9714240841521,0,0,0,6,27,0,0,0,0,0.0002751641238219861,9.874868320287655e-06,0.0002751641238219861,-1,0,0,0,-1,1,0,0,0
200,29881,138.2795040057151,0,0,0,1,3,0,0,0,0,0.0002751641238219861,9.874868320287655e-06,0.0002751641238219861,-1,0,0,0,-1,1,1,1,0
201,29121,138.2795040039842,0,0,0,1,10,0,0,0,0,0.0002751641238219861,9.874868320287655e-06,0.0002751641238219861,-1,0,0,0,-1,1,1,1,0
202,2061,62.09178401957961,0,0,0,5,26,0,0,0,0,0.0002751641238219861,9.874868320287655e-06,0.0002751641238219861,-1,0,0,0,-1,1,0,0,0
203,0,76.50399436821853,0,0,0,4,31,0,0,0,0,0.0002751641238219861,9.874868320287655e-06,0.0002751641238219861,-1,0,0,0,-1,1,0,0,0
204,821,105.1215606503828,0,0,0,3,17,0,0,0,0,0.0002751641238219861,9.874868320287655e-06,0.0002751641238219861,-1,0,0,0,-1,1,0,0,0
205,1309,70.11584414837964,0,0,0,6,30,0,0,0,0,0.0002751641238219861,9.874868320287655e-06,0.0002751641238219861,-1,0,0,0,-1,1,0,0,0
206,613,75.05725027255055,0,0,0,5,46,0,0,0,0,0.0002751641238219861,9.874868320287655e-06,0.0002751641238219861,-1,0,0,0,-1,1,0,0,0
207,961,81.42789757006058,0,0,0,5,24,0,0,0,0,0.0002751641238219861,9.874868320287655e-06,0.0002751641238219861,-1,0,0,0,-1,1,0,0,0
208,2297,97.86616037503831,0,0,0,4,11,0,0,0,0,0.0002751641238219861,9.874868320287655e-06,0.0002751641238219861,-1,0,0,0,-1,1,0,0,0
209,29606,138.2795040003945,0,0,0,1,4,0,0,0,0,0.0002751641238219861,9.874868320287655e-06,0.0002751641238219861,-1,0,0,0,-1,1,1,1,0
210,1295,83.4543575388907,0,0,0,4,16,0,0,0,0,0.0002751641238219861,9.874868320287655e-06,0.0002751641238219861,-1,0,0,0,-1,1,0,0,0
211,848,77.69436338688986,0,0,0,5,31,0,0,0,0,0.0002751641238219861,9.874868320287655e-06,0.0002751641238219861,-1,0,0,0,-1,1,0,0,0
212,0,86.6116356499632,0,0,0,0,0,0,0,0,0,0.0002751641238219861,9.874868320287655e-06,0.0002751641238219861,-1,0,0,0,-1,1,0,0,0
213,602,102.9705998838758,0,0,0,4,29,0,0,0,0,0.0002751641238219861,9.874868320287655e-06,0.0002751641238219861,-1,0,0,0,-1,1,0,0,0
214,2503,98.12358139732324,0,0,0,5,27,0,0,0,0,0.0002751641238219861,9.874868320287655e-06,0.0002751641238219861,-1,0,0,0,-1,1,0,0,0
215,2338,99.4858958608647,0,0,0,5,20,0,0,0,0,0.0002751641238219861,9.874868320287655e-06,0.0002751641238219861,-1,0,0,0,-1,1,0,0,0
216,558,72.21371376040267,0,0,0,2,10,0,0,0,0,0.0002751641238219861,9.874868320287655e-06,0.0002751641238219861,-1,0,0,0,-1,1,0,0,0
217,29030,138.2795039906006,0,0,0,1,9,0,0,0,0,0.0002751641238219861,9.874868320287655e-06,0.0002751641238219861,-1,0,0,0,-1,1,1,1,0
218,28893,138.2795039999311,0,0,0,1,2,0,0,0,0,0.0002751641238219861,9.874868320287655e-06,0.0002751641238219861,-1,0,0,0,-1,1,1,1,0
219,0,71.95241536344558,0,0,0,3,28,0,0,0,0,0.0002751641238219861,9.874868320287655e-06,0.0002751641238219861,-1,0,0,0,-1,1,0,0,0
220,0,95.79110311952181,0,0,0,3,35,0,0,0,0,0.0002751641238219861,9.874868320287655e-06,0.0002751641238219861,-1,0,0,0,-1,1,0,0,0
221,46,65.32172217427117,0,0,0,4,26,0,0,0,0,0.0002751641238219861,9.874868320287655e-06,0.0002751641238219861,-1,0,0,0,-1,1,0,0,0
222,0,44.9813153345912,0,0,0,4,20,0,0,0,0,0.0002751641238219861,9.874868320287655e-06,0.0002751641238219861,-1,0,0,0,-1,1,0,0,0
223,29812,138.2795040008218,0,0,0,1,10,0,0,0,0,0.0002751641238219861,9.874868320287655e-06,0.0002751641238219861,-1,0,0,0,-1,1,1,1,0
224,0,102.993154665542,0,0,0,3,25,0,0,0,0,0.0002751641238219861,9.874868320287655e-06,0.0002751641238219861,-1,0,0,0,-1,1,0,0,0
225,3739,63.56191838545929,0,0,0,6,30,0,0,0,0,0.0002751641238219861,9.874868320287655e-06,0.0002751641238219861,-1,0,0,0,-1,1,0,0,0
226,30683,138.2795039965833,0,0,0,1,4,0,0,0,0,0.0002751641238219861,9.874868320287655e-06,0.0002751641238219861,-1,0,0,0,-1,1,1,1,0
227,0,60.54026264978393,0,0,0,1,5,0,0,0,0,0.0002751641238219861,9.874868320287655e-06,0.0002751641238219861,-1,0,0,0,-1,1,0,0,0
228,0,81.70511361366475,0,0,0,0,2,0,0,0,0,0.0002751641238219861,9.874868320287655e-06,0.0002751641238219861,-1,0,0,0,-1,1,0,0,0
229,2007,95.12291902450788,0,0,0,4,30,0,0,0,0,0.0002751641238219861,9.874868320287655e-06,0.0002751641238219861,-1,0,0,0,-1,1,0,0,0
230,29717,138.2795040050905,0,0,0,1,10,0,0,0,0,0.0002751641238219861,9.874868320287655e-06,0.0002751641238219861,-1,0,0,0,-1,1,1,1,0
231,0,72.84792179140311,0,0,0,1,16,0,0,0,0,0.0002751641238219861,9.874868320287655e-06,0.0002751641238219861,-1,0,0,0,-1,1,0,0,0
232,891,83.25891899994276,0,0,0,4,26,0,0,0,0,0.0002751641238219861,9.874868320287655e-06,0.0002751641238219861,-1,0,0,0,-1,1,0,0,0
233,28877,138.2795039962011,0,0,0,1,5,0,0,0,0,0.0002751641238219861,9.874868320287655e-06,0.0002751641238219861,-1,0,0,0,-1,1,1,1,0
234,26263,123.7913237895466,0,0,0,1,11,0,0,0,0,0.0002751641238219861,9.874868320287655e-06,0.0002751641238219861,-1,0,0,0,-1,1,1,1,0
235,872,87.5342584359155,0,0,0,5,35,0,0,0,0,0.0002751641238219861,9.874868320287655e-06,0.0002751641238219861,-1,0,0,0,-1,1,0,0,0
236,29036,138.2795039960625,0,0,0,1,8,0,0,0,0,0.0002751641238219861,9.874868320287655e-06,0.0002751641238219861,-1,0,0,0,-1,1,1,1,0
237,30463,138.2795040156249,0,0,0,1,8,0,0,0,0,0.0002751641238219861,9.874868320287655e-06,0.0002751641238219861,-1,0,0,0,-1,1,1,1,0
238,29054,138.2795039997436,0,0,0,1,5,0,0,0,0,0.0002751641238219861,9.874868320287655e-06,0.0002751641238219861,-1,0,0,0,-1,1,1,1,0
239,238,83.737657416658,0,0,0,4,26,0,0,0,0,0.0002751641238219861,9.874868320287655e-06,0.0002751641238219861,-1,0,0,0,-1,1,0,0,0
240,30537,138.2795040043948,0,0,0,1,7,0,0,0,0,0.0002751641238219861,9.874868320287655e-06,0.0002751641238219861,-1,0,0,0,-1,1,1,1,0
241,1169,78.13699983999346,0,0,0,3,17,0,0,0,0,0.0002751641238219861,9.874868320287655e-06,0.0002751641238219861,-1,0,0,0,-1,1,0,0,0
242,1268,93.65085493514408,0,0,0,4,13,0,0,0,0,0.0002751641238219861,9.874868320287655e-06,0.0002751641238219861,-1,0,0,0,-1,1,0,0,0
243,31031,138.2795039999442,0,0,0,1,5,0,0,0,0,0.0002751641238219861,9.874868320287655e-06,0.0002751641238219861,-1,0,0,0,-1,1,1,1,0
244,674,95.7569590035536,0,0,0,4,17,0,0,0,0,0.0002751641238219861,9.874868320287655e-06,0.0002751641238219861,-1,0,0,0,-1,1,0,0,0
245,30152,138.2795039942056,0,0,0,1,8,0,0,0,0,0.0002751641238219861,9.874868320287655e-06,0.0002751641238219861,-1,0,0,0,-1,1,1,1,0
246,0,78.18317895869845,0,0,0,2,17,0,0,0,0,0.0002751641238219861,9.874868320287655e-06,0.0002751641238219861,-1,0,0,0,-1,1,0,0,0
247,28717,138.2795040011479,0,0,0,1,5,0,0,0,0,0.0002751641238219861,9.874868320287655e-06,0.0002751641238219861,-1,0,0,0,-1,1,1,1,0
248,0,60.54026264995453,0,0,0,1,9,0,0,0,0,0.0002751641238219861,9.874868320287655e-06,0.0002751641238219861,-1,0,0,0,-1,1,0,0,0
249,0,71.93822208286818,0,0,0,3,25,0,0,0,0,0.0002751641238219861,9.874868320287655e-06,0.0002751641238219861,-1,0,0,0,-1,1,0,0,0
250,0,75.90552964994922,0,0,0,3,26,0,0,0,0,0.0002751641238219861,9.874868320287655e-06,0.0002751641238219861,-1,0,0,0,-1,1,0,0,0
251,31580,138.2795039960366,0,0,0,1,9,0,0,0,0,0.0002751641238219861,9.874868320287655e-06,0.0002751641238219861,-1,0,0,0,-1,1,1,1,0
252,1022,70.64497067482171,0,0,0,5,16,0,0,0,0,0.0002751641238219861,9.874868320287655e-06,0.0002751641238219861,-1,0,0,0,-1,1,0,0,0
253,3458,67.76637869176633,0,0,0,7,29,0,0,0,0,0.0002751641238219861,9.874868320287655e-06,0.0002751641238219861,-1,0,0,0,-1,1,0,0,0
254,1042,73.29766607260527,0,0,0,5,25,0,0,0,0,0.0002751641238219861,9.874868320287655e-06,0.0002751641238219861,-1,0,0,0,-1,1,0,0,0
255,31069,138.2795039998162,0,0,0,1,7,0,0,0,0,0.0002751641238219861,9.874868320287655e-06,0.0002751641238219861,-1,0,0,0,-1,1,1,1,0
256,3183,75.18513960472355,0,0,0,7,26,0,0,0,0,0.0002751641238219861,9.874868320287655e-06,0.0002751641238219861,-1,0,0,0,-1,1,0,0,0
257,30168,138.2795040000897,0,0,0,1,6,0,0,0,0,0.0002751641238219861,9.874868320287655e-06,0.0002751641238219861,-1,0,0,0,-1,1,1,1,0
258,0,73.684121143924,0,0,0,3,20,0,0,0,0,0.0002751641238219861,9.874868320287655e-06,0.0002751641238219861,-1,0,0,0,-1,1,0,0,0
259,3518,71.51075857210559,0,0,0,6,29,0,0,0,0,0.0002751641238219861,9.874868320287655e-06,0.0002751641238219861,-1,0,0,0,-1,1,0,0,0
260,1840,79.9985282938309,0,0,0,6,32,0,0,0,0,0.0002751641238219861,9.874868320287655e-06,0.0002751641238219861,-1,0,0,0,-1,1,0,0,0
261,22,60.44335758647092,0,0,0,2,10,0,0,0,0,0.0002751641238219861,9.874868320287655e-06,0.0002751641238219861,-1,0,0,0,-1,1,0,0,0
262,2685,78.66267051968734,0,0,0,4,10,0,0,0,0,0.0002751641238219861,9.874868320287655e-06,0.0002751641238219861,-1,0,0,0,-1,1,0,0,0
263,0,81.82802600116574,0,0,0,1,14,0,0,0,0,0.0002751641238219861,9.874868320287655e-06,0.0002751641238219861,-1,0,0,0,-1,1,0,0,0
264,30508,138.2795040002328,0,0,0,1,7,0,0,0,0,0.0002751641238219861,9.874868320287655e-06,0.0002751641238219861,-1,0,0,0,-1,1,1,1,0
265,128,100.2057758830884,0,0,0,2,20,0,0,0,0,0.0002751641238219861,9.874868320287655e-06,0.0002751641238219861,-1,0,0,0,-1,1,0,0,0
266,28876,138.2795040003035,0,0,0,1,6,0,0,0,0,0.0002751641238219861,9.874868320287655e-06,0.0002751641238219861,-1,0,0,0,-1,1,1,1,0
267,30268,138.2795040016242,0,0,0,1,7,0,0,0,0,0.0002751641238219861,9.874868320287655e-06,0.0002751641238219861,-1,0,0,0,-1,1,1,1,0
268,29902,138.2795039948705,0,0,0,1,7,0,0,0,0,0.0002751641238219861,9.874868320287655e-06,0.0002751641238219861,-1,0,0,0,-1,1,1,1,0
269,1599,78.06012630427233,0,0,0,4,19,0,0,0,0,0.0002751641238219861,9.874868320287655e-06,0.0002751641238219861,-1,0,0,0,-1,1,0,0,0
270,31892,138.2795040019764,0,0,0,1,7,0,0,0,0,0.0002751641238219861,9.874868320287655e-06,0.0002751641238219861,-1,0,0,0,-1,1,1,1,0
271,2204,85.837322862028,0,0,0,5,18,0,0,0,0,0.0002751641238219861,9.874868320287655e-06,0.0002751641238219861,-1,0,0,0,-1,1,0,0,0
272,1389,102.8902961479986,0,0,0,5,23,0,0,0,0,0.0002751641238219861,9.874868320287655e-06,0.0002751641238219861,-1,0,0,0,-1,1,0,0,0
273,343,85.20560555708526,0,0,0,4,21,0,0,0,0,0.0002751641238219861,9.874868320287655e-06,0.0002751641238219861,-1,0,0,0,-1,1,0,0,0
274,29005,138.2795040000202,0,0,0,1,7,0,0,0,0,0.0002751641238219861,9.874868320287655e-06,0.0002751641238219861,-1,0,0,0,-1,1,1,1,0
275,0,81.64218333254563,0,0,0,3,15,0,0,0,0,0.0002751641238219861,9.874868320287655e-06,0.0002751641238219861,-1,0,0,0,-1,1,0,0,0
276,29605,138.2795039997162,0,0,0,1,7,0,0,0,0,0.0002751641238219861,9.874868320287655e-06,0.0002751641238219861,-1,0,0,0,-1,1,1,1,0
277,30418,138.2795040004401,0,0,0,1,9,0,0,0,0,0.0002751641238219861,9.874868320287655e-06,0.0002751641238219861,-1,0,0,0,-1,1,1,1,0
278,1920,67.78119610948983,0,0,0,5,36,0,0,0,0,0.0002751641238219861,9.874868320287655e-06,0.0002751641238219861,-1,0,0,0,-1,1,0,0,0
279,30722,138.2795039987446,0,0,0,1,8,0,0,0,0,0.0002751641238219861,9.874868320287655e-06,0.0002751641238219861,-1,0,0,0,-1,1,1,1,0
280,4196,98.47886906709124,0,0,0,5,18,0,0,0,0,0.0002751641238219861,9.874868320287655e-06,0.0002751641238219861,-1,0,0,0,-1,1,0,0,0
281,449,69.74264435736229,0,0,0,6,42,0,0,0,0,0.0002751641238219861,9.874868320287655e-06,0.0002751641238219861,-1,0,0,0,-1,1,0,0,0
282,879,77.952293115731,0,0,0,4,19,0,0,0,0,0.0002751641238219861,9.874868320287655e-06,0.0002751641238219861,-1,0,0,0,-1,1,0,0,0
283,0,80.35427564978828,0,0,0,1,5,0,0,0,0,0.0002751641238219861,9.874868320287655e-06,0.0002751641238219861,-1,0,0,0,-1,1,0,0,0
284,30606,138.2795039989617,0,0,0,1,6,0,0,0,0,0.0002751641238219861,9.874868320287655e-06,0.0002751641238219861,-1,0,0,0,-1,1,1,1,0
285,29697,138.2795039992702,0,0,0,1,6,0,0,0,0,0.0002751641238219861,9.874868320287655e-06,0.0002751641238219861,-1,0,0,0,-1,1,1,1,0
286,1243,89.28230955991097,0,0,0,2,14,0,0,0,0,0.0002751641238219861,9.874868320287655e-06,0.0002751641238219861,-1,0,0,0,-1,1,0,0,0
287,801,76.83859433138576,0,0,0,2,8,0,0,0,0,0.0002751641238219861,9.874868320287655e-06,0.0002751641238219861,-1,0,0,0,-1,1,0,0,0
288,30406,138.2795040008416,0,0,0,1,4,0,0,0,0,0.0002751641238219861,9.874868320287655e-06,0.0002751641238219861,-1,0,0,0,-1,1,1,1,0
289,29965,138.279503999908,0,0,0,1,8,0,0,0,0,0.0002751641238219861,9.874868320287655e-06,0.0002751641238219861,-1,0,0,0,-1,1,1,1,0
290,1207,80.40610072596867,0,0,0,2,5,0,0,0,0,0.0002751641238219861,9.874868320287655e-06,0.0002751641238219861,-1,0,0,0,-1,1,0,0,0
291,4,77.20868978352905,0,0,0,3,20,0,0,0,0,0.0002751641238219861,9.874868320287655e-06,0.0002751641238219861,-1,0,0,0,-1,1,0,0,0
292,0,95.74066918216842,0,0,0,3,31,0,0,0,0,0.0002751641238219861,9.874868320287655e-06,0.0002751641238219861,-1,0,0,0,-1,1,0,0,0
293,1663,80.10477223406306,0,0,0,5,24,0,0,0,0,0.0002751641238219861,9.874868320287655e-06,0.0002751641238219861,-1,0,0,0,-1,1,0,0,0
294,30836,138.2795040026713,0,0,0,1,3,0,0,0,0,0.0002751641238219861,9.874868320287655e-06,0.0002751641238219861,-1,0,0,0,-1,1,1,1,0
295,2068,108.0077744004701,0,0,0,3,27,0,0,0,0,0.0002751641238219861,9.874868320287655e-06,0.0002751641238219861,-1,0,0,0,-1,1,0,0,0
296,766,86.4745688498982,0,0,0,4,14,0,0,0,0,0.0002751641238219861,9.874868320287655e-06,0.0002751641238219861,-1,0,0,0,-1,1,0,0,0
297,1763,73.34935564181608,0,0,0,4,16,0,0,0,0,0.0002751641238219861,9.874868320287655e-06,0.0002751641238219861,-1,0,0,0,-1,1,0,0,0
298,1558,83.49690362131146,0,0,0,6,24,0,0,0,0,0.0002751641238219861,9.874868320287655e-06,0.0002751641238219861,-1,0,0,0,-1,1,0,0,0
299,1035,83.78021367942064,0,0,0,4,22,0,0,0,0,0.0002751641238219861,9.874868320287655e-06,0.0002751641238219861,-1,0,0,0,-1,1,0,0,0
300,0,84.43084665538601,0,0,0,1,13,0,0,0,0,0.0002751641238219861,9.874868320287655e-06,0.0002751641238219861,-1,0,0,0,-1,1,0,0,0
301,0,92.65818538836072,0,0,0,1,11,0,0,0,0,0.0002751641238219861,9.874868320287655e-06,0.0002751641238219861,-1,0,0,0,-1,1,0,0,0
302,0,56.5072756499344,0,0,0,1,6,0,0,0,0,0.0002751641238219861,9.874868320287655e-06,0.0002751641238219861,-1,0,0,0,-1,1,0,0,0
303,1353,100.6805658230965,0,0,0,4,21,0,0,0,0,0.0002751641238219861,9.874868320287655e-06,0.0002751641238219861,-1,0,0,0,-1,1,0,0,0
304,219,69.64518772265829,0,0,0,4,25,0,0,0,0,0.0002751641238219861,9.874868320287655e-06,0.0002751641238219861,-1,0,0,0,-1,1,0,0,0
305,29994,138.2795039972834,0,0,0,1,5,0,0,0,0,0.0002751641238219861,9.874868320287655e-06,0.0002751641238219861,-1,0,0,0,-1,1,1,1,0
306,29271,138.27950399819,0,0,0,1,5,0,0,0,0,0.0002751641238219861,9.874868320287655e-06,0.0002751641238219861,-1,0,0,0,-1,1,1,1,0
307,1062,73.85248188448078,0,0,0,4,24,0,0,0,0,0.0002751641238219861,9.874868320287655e-06,0.0002751641238219861,-1,0,0,0,-1,1,0,0,0
308,444,87.28878362060078,0,0,0,3,11,0,0,0,0,0.0002751641238219861,9.874868320287655e-06,0.0002751641238219861,-1,0,0,0,-1,1,0,0,0
309,275,75.98029036277458,0,0,0,4,27,0,0,0,0,0.0002751641238219861,9.874868320287655e-06,0.0002751641238219861,-1,0,0,0,-1,1,0,0,0
310,29083,138.2795040002542,0,0,0,1,6,0,0,0,0,0.0002751641238219861,9.874868320287655e-06,0.0002751641238219861,-1,0,0,0,-1,1,1,1,0
311,43,95.82679390479883,0,0,0,4,19,0,0,0,0,0.0002751641238219861,9.874868320287655e-06,0.0002751641238219861,-1,0,0,0,-1,1,0,0,0
312,30515,138.2795040029898,0,0,0,1,10,0,0,0,0,0.0002751641238219861,9.874868320287655e-06,0.0002751641238219861,-1,0,0,0,-1,1,1,1,0
313,1662,95.9391453436955,0,0,0,4,17,0,0,0,0,0.0002751641238219861,9.874868320287655e-06,0.0002751641238219861,-1,0,0,0,-1,1,0,0,0
314,905,69.24346681391249,0,0,0,6,26,0,0,0,0,0.0002751641238219861,9.874868320287655e-06,0.0002751641238219861,-1,0,0,0,-1,1,0,0,0
315,1264,97.95938206615274,0,0,0,5,28,0,0,0,0,0.0002751641238219861,9.874868320287655e-06,0.0002751641238219861,-1,0,0,0,-1,1,0,0,0
316,682,107.9394779150591,0,0,0,2,20,0,0,0,0,0.0002751641238219861,9.874868320287655e-06,0.0002751641238219861,-1,0,0,0,-1,1,0,0,0
317,0,75.94013462803363,0,0,0,3,34,0,0,0,0,0.0002751641238219861,9.874868320287655e-06,0.0002751641238219861,-1,0,0,0,-1,1,0,0,0
318,210,55.19841677059472,0,0,0,4,25,0,0,0,0,0.0002751641238219861,9.874868320287655e-06,0.0002751641238219861,-1,0,0,0,-1,1,0,0,0
319,0,57.79566572939624,0,0,0,4,35,0,0,0,0,0.0002751641238219861,9.874868320287655e-06,0.0002751641238219861,-1,0,0,0,-1,1,0,0,0
320,124,66.37328523387319,0,0,0,4,22,0,0,0,0,0.0002751641238219861,9.874868320287655e-06,0.0002751641238219861,-1,0,0,0,-1,1,0,0,0
321,2425,72.75967594242967,0,0,0,6,30,0,0,0,0,0.0002751641238219861,9.874868320287655e-06,0.0002751641238219861,-1,0,0,0,-1,1,0,0,0
322,0,71.88117942935159,0,0,0,3,21,0,0,0,0,0.0002751641238219861,9.874868320287655e-06,0.0002751641238219861,-1,0,0,0,-1,1,0,0,0
323,206,71.87254264823332,0,0,0,4,32,0,0,0,0,0.0002751641238219861,9.874868320287655e-06,0.0002751641238219861,-1,0,0,0,-1,1,0,0,0
324,1051,82.04769330224045,0,0,0,3,21,0,0,0,0,0.0002751641238219861,9.874868320287655e-06,0.0002751641238219861,-1,0,0,0,-1,1,0,0,0
325,274,78.03272060929731,0,0,0,2,14,0,0,0,0,0.0002751641238219861,9.874868320287655e-06,0.0002751641238219861,-1,0,0,0,-1,1,0,0,0
326,0,65.10115150711877,0,0,0,3,10,0,0,0,0,0.0002751641238219861,9.874868320287655e-06,0.0002751641238219861,-1,0,0,0,-1,1,0,0,0
327,0,63.80990264948625,0,0,0,2,11,0,0,0,0,0.0002751641238219861,9.874868320287655e-06,0.0002751641238219861,-1,0,0,0,-1,1,0,0,0
328,0,89.26103003311933,0,0,0,2,15,0,0,0,0,0.0002751641238219861,9.874868320287655e-06,0.0002751641238219861,-1,0,0,0,-1,1,0,0,0
329,30008,138.2795040062246,0,0,0,1,7,0,0,0,0,0.0002751641238219861,9.874868320287655e-06,0.0002751641238219861,-1,0,0,0,-1,1,1,1,0
330,27,103.1075060669782,0,0,0,4,28,0,0,0,0,0.0002751641238219861,9.874868320287655e-06,0.0002751641238219861,-1,0,0,0,-1,1,0,0,0
331,30636,138.2795039955246,0,0,0,1,5,0,0,0,0,0.0002751641238219861,9.874868320287655e-06,0.0002751641238219861,-1,0,0,0,-1,1,1,1,0
332,3676,88.40567283131566,0,0,0,6,24,0,0,0,0,0.0002751641238219861,9.874868320287655e-06,0.0002751641238219861,-1,0,0,0,-1,1,0,0,0
333,0,86.61163564996315,0,0,0,0,0,0,0,0,0,0.0002751641238219861,9.874868320287655e-06,0.0002751641238219861,-1,0,0,0,-1,1,0,0,0
334,2159,93.1253313157135,0,0,0,4,15,0,0,0,0,0.0002751641238219861,9.874868320287655e-06,0.0002751641238219861,-1,0,0,0,-1,1,0,0,0
335,512,107.9177796805228,0,0,0,2,22,0,0,0,0,0.0002751641238219861,9.874868320287655e-06,0.0002751641238219861,-1,0,0,0,-1,1,0,0,0
336,30914,138.279504000057,0,0,0,1,7,0,0,0,0,0.0002751641238219861,9.874868320287655e-06,0.0002751641238219861,-1,0,0,0,-1,1,1,1,0
337,921,65.05356409453914,0,0,0,4,23,0,0,0,0,0.0002751641238219861,9.874868320287655e-06,0.0002751641238219861,-1,0,0,0,-1,1,0,0,0
338,31062,138.2795039958247,0,0,0,1,2,0,0,0,0,0.0002751641238219861,9.874868320287655e-06,0.0002751641238219861,-1,0,0,0,-1,1,1,1,0
339,63,77.21854326450192,0,0,0,3,31,0,0,0,0,0.0002751641238219861,9.874868320287655e-06,0.0002751641238219861,-1,0,0,0,-1,1,0,0,0
340,1036,83.68115721717416,0,0,0,4,29,0,0,0,0,0.0002751641238219861,9.874868320287655e-06,0.0002751641238219861,-1,0,0,0,-1,1,0,0,0
341,0,95.87434619609833,0,0,0,4,27,0,0,0,0,0.0002751641238219861,9.874868320287655e-06,0.0002751641238219861,-1,0,0,0,-1,1,0,0,0
342,1736,99.51122961019665,0,0,0,2,10,0,0,0,0,0.0002751641238219861,9.874868320287655e-06,0.0002751641238219861,-1,0,0,0,-1,1,0,0,0
343,0,78.17826612309553,0,0,0,2,17,0,0,0,0,0.0002751641238219861,9.874868320287655e-06,0.0002751641238219861,-1,0,0,0,-1,1,0,0,0
344,0,95.74320848691065,0,0,0,3,22,0,0,0,0,0.0002751641238219861,9.874868320287655e-06,0.0002751641238219861,-1,0,0,0,-1,1,0,0,0
345,1762,76.15189557914542,0,0,0,5,27,0,0,0,0,0.0002751641238219861,9.874868320287655e-06,0.0002751641238219861,-1,0,0,0,-1,1,0,0,0
346,30716,138.2795039967916,0,0,0,1,9,0,0,0,0,0.0002751641238219861,9.874868320287655e-06,0.0002751641238219861,-1,0,0,0,-1,1,1,1,0
347,30287,138.2795039956308,0,0,0,1,9,0,0,0,0,0.0002751641238219861,9.874868320287655e-06,0.0002751641238219861,-1,0,0,0,-1,1,1,1,0
348,1741,79.55466771096589,0,0,0,3,20,0,0,0,0,0.0002751641238219861,9.874868320287655e-06,0.0002751641238219861,-1,0,0,0,-1,1,0,0,0
349,0,89.2999365698719,0,0,0,2,18,0,0,0,0,0.0002751641238219861,9.874868320287655e-06,0.0002751641238219861,-1,0,0,0,-1,1,0,0,0
350,0,89.28703673394088,0,0,0,2,16,0,0,0,0,0.0002751641238219861,9.874868320287655e-06,0.0002751641238219861,-1,0,0,0,-1,1,0,0,0
351,27952,138.2795039987948,0,0,0,1,3,0,0,0,0,0.0002751641238219861,9.874868320287655e-06,0.0002751641238219861,-1,0,0,0,-1,1,1,1,0
352,2597,75.28984263012951,0,0,0,6,37,0,0,0,0,0.0002751641238219861,9.874868320287655e-06,0.0002751641238219861,-1,0,0,0,-1,1,0,0,0
353,0,103.0411528190911,0,0,0,3,23,0,0,0,0,0.0002751641238219861,9.874868320287655e-06,0.0002751641238219861,-1,0,0,0,-1,1,0,0,0
354,31301,138.2795039827577,0,0,0,1,5,0,0,0,0,0.0002751641238219861,9.874868320287655e-06,0.0002751641238219861,-1,0,0,0,-1,1,1,1,0
355,0,107.9394779149089,0,0,0,2,20,0,0,0,0,0.0002751641238219861,9.874868320287655e-06,0.0002751641238219861,-1,0,0,0,-1,1,0,0,0
356,31711,140.5038770016824,0,0,0,1,8,0,0,0,0,0.0002751641238219861,9.874868320287655e-06,0.0002751641238219861,-1,0,0,0,-1,1,1,1,0
357,1261,98.04455856569446,0,0,0,3,18,0,0,0,0,0.0002751641238219861,9.874868320287655e-06,0.0002751641238219861,-1,0,0,0,-1,1,0,0,0
358,0,79.60365299985874,0,0,0,2,25,0,0,0,0,0.0002751641238219861,9.874868320287655e-06,0.0002751641238219861,-1,0,0,0,-1,1,0,0,0
359,31241,138.2795039993705,0,0,0,1,6,0,0,0,0,0.0002751641238219861,9.874868320287655e-06,0.0002751641238219861,-1,0,0,0,-1,1,1,1,0
360,1609,74.7390953323892,0,0,0,4,23,0,0,0,0,0.0002751641238219861,9.874868320287655e-06,0.0002751641238219861,-1,0,0,0,-1,1,0,0,0
361,721,96.82298378622984,0,0,0,4,19,0,0,0,0,0.0002751641238219861,9.874868320287655e-06,0.0002751641238219861,-1,0,0,0,-1,1,0,0,0
362,30309,138.279503997729,0,0,0,1,11,0,0,0,0,0.0002751641238219861,9.874868320287655e-06,0.0002751641238219861,-1,0,0,0,-1,1,1,1,0
363,30826,138.279503997073,0,0,0,1,3,0,0,0,0,0.0002751641238219861,9.874868320287655e-06,0.0002751641238219861,-1,0,0,0,-1,1,1,1,0
364,1815,80.94495485369291,0,0,0,5,23,0,0,0,0,0.0002751641238219861,9.874868320287655e-06,0.0002751641238219861,-1,0,0,0,-1,1,0,0,0
365,21,56.78179512566817,0,0,0,4,10,0,0,0,0,0.0002751641238219861,9.874868320287655e-06,0.0002751641238219861,-1,0,0,0,-1,1,0,0,0
366,59,75.58520840099503,0,0,0,3,23,0,0,0,0,0.0002751641238219861,9.874868320287655e-06,0.0002751641238219861,-1,0,0,0,-1,1,0,0,0
367,30020,138.2795040019582,0,0,0,1,4,0,0,0,0,0.0002751641238219861,9.874868320287655e-06,0.0002751641238219861,-1,0,0,0,-1,1,1,1,0
368,30004,138.2795039988967,0,0,0,1,3,0,0,0,0,0.0002751641238219861,9.874868320287655e-06,0.0002751641238219861,-1,0,0,0,-1,1,1,1,0
369,1928,83.62493533385506,0,0,0,4,18,0,0,0,0,0.0002751641238219861,9.874868320287655e-06,0.0002751641238219861,-1,0,0,0,-1,1,0,0,0
370,428,74.7518802594108,0,0,0,4,20,0,0,0,0,0.0002751641238219861,9.874868320287655e-06,0.0002751641238219861,-1,0,0,0,-1,1,0,0,0
371,0,86.85475873107147,0,0,0,1,8,0,0,0,0,0.0002751641238219861,9.874868320287655e-06,0.0002751641238219861,-1,0,0,0,-1,1,0,0,0
372,3609,84.5369348254781,0,0,0,5,19,0,0,0,0,0.0002751641238219861,9.874868320287655e-06,0.0002751641238219861,-1,0,0,0,-1,1,0,0,0
373,31033,138.2795040022332,0,0,0,1,5,0,0,0,0,0.0002751641238219861,9.874868320287655e-06,0.0002751641238219861,-1,0,0,0,-1,1,1,1,0
374,1006,67.89288374268818,0,0,0,5,20,0,0,0,0,0.0002751641238219861,9.874868320287655e-06,0.0002751641238219861,-1,0,0,0,-1,1,0,0,0
375,0,80.35427564992227,0,0,0,1,7,0,0,0,0,0.0002751641238219861,9.874868320287655e-06,0.0002751641238219861,-1,0,0,0,-1,1,0,0,0
376,0,104.2146131650715,0,0,0,1,4,0,0,0,0,0.0002751641238219861,9.874868320287655e-06,0.0002751641238219861,-1,0,0,0,-1,1,0,0,0
377,1093,95.77836895521459,0,0,0,3,20,0,0,0,0,0.0002751641238219861,9.874868320287655e-06,0.0002751641238219861,-1,0,0,0,-1,1,0,0,0
378,31525,138.2795039996023,0,0,0,1,4,0,0,0,0,0.0002751641238219861,9.874868320287655e-06,0.0002751641238219861,-1,0,0,0,-1,1,1,1,0
379,289,98.07564636542605,0,0,0,3,36,0,0,0,0,0.0002751641238219861,9.874868320287655e-06,0.0002751641238219861,-1,0,0,0,-1,1,0,0,0
380,0,71.87555231548784,0,0,0,3,24,0,0,0,0,0.0002751641238219861,9.874868320287655e-06,0.0002751641238219861,-1,0,0,0,-1,1,0,0,0
381,0,81.23681674818116,0,0,0,3,16,0,0,0,0,0.0002751641238219861,9.874868320287655e-06,0.0002751641238219861,-1,0,0,0,-1,1,0,0,0
382,857,95.64458529266584,0,0,0,4,19,0,0,0,0,0.0002751641238219861,9.874868320287655e-06,0.0002751641238219861,-1,0,0,0,-1,1,0,0,0
383,29707,138.2795039999073,0,0,0,1,7,0,0,0,0,0.0002751641238219861,9.874868320287655e-06,0.0002751641238219861,-1,0,0,0,-1,1,1,1,0
384,30636,138.2795039945454,0,0,0,1,5,0,0,0,0,0.0002751641238219861,9.874868320287655e-06,0.0002751641238219861,-1,0,0,0,-1,1,1,1,0
385,30669,138.2795040026691,0,0,0,1,7,0,0,0,0,0.0002751641238219861,9.874868320287655e-06,0.0002751641238219861,-1,0,0,0,-1,1,1,1,0
386,448,66.53184528153676,0,0,0,5,18,0,0,0,0,0.0002751641238219861,9.874868320287655e-06,0.0002751641238219861,-1,0,0,0,-1,1,0,0,0
387,1594,83.53179373136088,0,0,0,4,11,0,0,0,0,0.0002751641238219861,9.874868320287655e-06,0.0002751641238219861,-1,0,0,0,-1,1,0,0,0
388,1289,74.28034373900424,0,0,0,3,16,0,0,0,0,0.0002751641238219861,9.874868320287655e-06,0.0002751641238219861,-1,0,0,0,-1,1,0,0,0
389,1403,71.23029782444969,0,0,0,5,27,0,0,0,0,0.0002751641238219861,9.874868320287655e-06,0.0002751641238219861,-1,0,0,0,-1,1,0,0,0
390,29263,138.2795039870694,0,0,0,1,5,0,0,0,0,0.0002751641238219861,9.874868320287655e-06,0.0002751641238219861,-1,0,0,0,-1,1,1,1,0
391,30455,138.2795039867296,0,0,0,1,4,0,0,0,0,0.0002751641238219861,9.874868320287655e-06,0.0002751641238219861,-1,0,0,0,-1,1,1,1,0
392,28000,138.2795040096493,0,0,0,1,11,0,0,0,0,0.0002751641238219861,9.874868320287655e-06,0.0002751641238219861,-1,0,0,0,-1,1,1,1,0
393,2035,95.86775620881441,0,0,0,4,27,0,0,0,0,0.0002751641238219861,9.874868320287655e-06,0.0002751641238219861,-1,0,0,0,-1,1,0,0,0
394,0,77.38414091858925,0,0,0,3,22,0,0,0,0,0.0002751641238219861,9.874868320287655e-06,0.0002751641238219861,-1,0,0,0,-1,1,0,0,0
395,2272,90.75414162752904,0,0,0,4,17,0,0,0,0,0.0002751641238219861,9.874868320287655e-06,0.0002751641238219861,-1,0,0,0,-1,1,0,0,0
396,223,94.55253005883206,0,0,0,3,15,0,0,0,0,0.0002751641238219861,9.874868320287655e-06,0.0002751641238219861,-1,0,0,0,-1,1,0,0,0
397,3466,73.45273059258624,0,0,0,6,36,0,0,0,0,0.0002751641238219861,9.874868320287655e-06,0.0002751641238219861,-1,0,0,0,-1,1,0,0,0
398,2104,95.76768292915159,0,0,0,5,28,0,0,0,0,0.0002751641238219861,9.874868320287655e-06,0.0002751641238219861,-1,0,0,0,-1,1,0,0,0
399,30075,140.5038770019042,0,0,0,1,11,0,0,0,0,0.0002751641238219861,9.874868320287655e-06,0.0002751641238219861,-1,0,0,0,-1,1,1,1,0
400,1812,97.94007623737834,0,0,0,3,12,0,0,0,0,0.0002751641238219861,9.874868320287655e-06,0.0002751641238219861,-1,0,0,0,-1,1,0,0,0
401,1532,92.75326066543387,0,0,0,2,17,0,0,0,0,0.0002751641238219861,9.874868320287655e-06,0.0002751641238219861,-1,0,0,0,-1,1,0,0,0
402,28759,138.2795040022962,0,0,0,1,5,0,0,0,0,0.0002751641238219861,9.874868320287655e-06,0.0002751641238219861,-1,0,0,0,-1,1,1,1,0
403,28560,138.2795040032977,0,0,0,1,3,0,0,0,0,0.0002751641238219861,9.874868320287655e-06,0.0002751641238219861,-1,0,0,0,-1,1,1,1,0
404,693,77.41084530316515,0,0,0,5,34,0,0,0,0,0.0002751641238219861,9.874868320287655e-06,0.0002751641238219861,-1,0,0,0,-1,1,0,0,0
405,0,62.01401300126851,0,0,0,1,12,0,0,0,0,0.0002751641238219861,9.874868320287655e-06,0.0002751641238219861,-1,0,0,0,-1,1,0,0,0
406,581,104.1629347278179,0,0,0,2,7,0,0,0,0,0.0002751641238219861,9.874868320287655e-06,0.0002751641238219861,-1,0,0,0,-1,1,0,0,0
407,30566,138.2795040001203,0,0,0,1,8,0,0,0,0,0.0002751641238219861,9.874868320287655e-06,0.0002751641238219861,-1,0,0,0,-1,1,1,1,0
408,1836,85.92882796976423,0,0,0,5,17,0,0,0,0,0.0002751641238219861,9.874868320287655e-06,0.0002751641238219861,-1,0,0,0,-1,1,0,0,0
409,0,88.4820105373223,0,0,0,4,20,0,0,0,0,0.0002751641238219861,9.874868320287655e-06,0.0002751641238219861,-1,0,0,0,-1,1,0,0,0
410,2288,88.4638094410124,0,0,0,5,26,0,0,0,0,0.0002751641238219861,9.874868320287655e-06,0.0002751641238219861,-1,0,0,0,-1,1,0,0,0
411,31167,138.2795039934176,0,0,0,1,5,0,0,0,0,0.0002751641238219861,9.874868320287655e-06,0.0002751641238219861,-1,0,0,0,-1,1,1,1,0
412,28082,138.2795039973695,0,0,0,1,4,0,0,0,0,0.0002751641238219861,9.874868320287655e-06,0.0002751641238219861,-1,0,0,0,-1,1,1,1,0
413,4231,86.0589856700125,0,0,0,5,18,0,0,0,0,0.0002751641238219861,9.874868320287655e-06,0.0002751641238219861,-1,0,0,0,-1,1,0,0,0
414,29407,138.2795039849446,0,0,0,1,7,0,0,0,0,0.0002751641238219861,9.874868320287655e-06,0.0002751641238219861,-1,0,0,0,-1,1,1,1,0
415,1783,95.83076108574085,0,0,0,4,38,0,0,0,0,0.0002751641238219861,9.874868320287655e-06,0.0002751641238219861,-1,0,0,0,-1,1,0,0,0
416,0,80.35427564993503,0,0,0,1,5,0,0,0,0,0.0002751641238219861,9.874868320287655e-06,0.0002751641238219861,-1,0,0,0,-1,1,0,0,0
417,30606,138.2795039863208,0,0,0,1,8,0,0,0,0,0.0002751641238219861,9.874868320287655e-06,0.0002751641238219861,-1,0,0,0,-1,1,1,1,0
418,3605,90.5426792760654,0,0,0,7,32,0,0,0,0,0.0002751641238219861,9.874868320287655e-06,0.0002751641238219861,-1,0,0,0,-1,1,0,0,0
419,1238,87.27709828391882,0,0,0,3,21,0,0,0,0,0.0002751641238219861,9.874868320287655e-06,0.0002751641238219861,-1,0,0,0,-1,1,0,0,0
420,0,85.7607285462315,0,0,0,3,20,0,0,0,0,0.0002751641238219861,9.874868320287655e-06,0.0002751641238219861,-1,0,0,0,-1,1,0,0,0
421,548,84.94959244231258,0,0,0,4,24,0,0,0,0,0.0002751641238219861,9.874868320287655e-06,0.0002751641238219861,-1,0,0,0,-1,1,0,0,0
422,955,69.82068490297937,0,0,0,4,31,0,0,0,0,0.0002751641238219861,9.874868320287655e-06,0.0002751641238219861,-1,0,0,0,-1,1,0,0,0
423,29122,138.2795039959256,0,0,0,1,6,0,0,0,0,0.0002751641238219861,9.874868320287655e-06,0.0002751641238219861,-1,0,0,0,-1,1,1,1,0
424,614,69.65875714206106,0,0,0,5,46,0,0,0,0,0.0002751641238219861,9.874868320287655e-06,0.0002751641238219861,-1,0,0,0,-1,1,0,0,0
425,0,75.57066600130693,0,0,0,2,19,0,0,0,0,0.0002751641238219861,9.874868320287655e-06,0.0002751641238219861,-1,0,0,0,-1,1,0,0,0
426,29711,138.2795040047384,0,0,0,1,4,0,0,0,0,0.0002751641238219861,9.874868320287655e-06,0.0002751641238219861,-1,0,0,0,-1,1,1,1,0
427,1378,76.63944627331362,0,0,0,6,25,0,0,0,0,0.0002751641238219861,9.874868320287655e-06,0.0002751641238219861,-1,0,0,0,-1,1,0,0,0
428,30758,138.2795039940141,0,0,0,1,6,0,0,0,0,0.0002751641238219861,9.874868320287655e-06,0.0002751641238219861,-1,0,0,0,-1,1,1,1,0
429,31041,138.2795040000183,0,0,0,1,6,0,0,0,0,0.0002751641238219861,9.874868320287655e-06,0.0002751641238219861,-1,0,0,0,-1,1,1,1,0
430,1580,78.20011696887565,0,0,0,3,15,0,0,0,0,0.0002751641238219861,9.874868320287655e-06,0.0002751641238219861,-1,0,0,0,-1,1,0,0,0
431,29156,138.2795039982057,0,0,0,1,7,0,0,0,0,0.0002751641238219861,9.874868320287655e-06,0.0002751641238219861,-1,0,0,0,-1,1,1,1,0
432,1868,77.91937831547166,0,0,0,5,18,0,0,0,0,0.0002751641238219861,9.874868320287655e-06,0.0002751641238219861,-1,0,0,0,-1,1,0,0,0
433,1099,83.61292556668289,0,0,0,5,23,0,0,0,0,0.0002751641238219861,9.874868320287655e-06,0.0002751641238219861,-1,0,0,0,-1,1,0,0,0
434,134,72.95082194086368,0,0,0,2,24,0,0,0,0,0.0002751641238219861,9.874868320287655e-06,0.0002751641238219861,-1,0,0,0,-1,1,0,0,0
435,32265,140.5038770066292,0,0,0,1,8,0,0,0,0,0.0002751641238219861,9.874868320287655e-06,0.0002751641238219861,-1,0,0,0,-1,1,1,1,0
436,2261,100.7955447925155,0,0,0,5,19,0,0,0,0,0.0002751641238219861,9.874868320287655e-06,0.0002751641238219861,-1,0,0,0,-1,1,0,0,0
437,29907,138.2795040025004,0,0,0,1,10,0,0,0,0,0.0002751641238219861,9.874868320287655e-06,0.0002751641238219861,-1,0,0,0,-1,1,1,1,0
438,1828,55.38488241119817,0,0,0,6,29,0,0,0,0,0.0002751641238219861,9.874868320287655e-06,0.0002751641238219861,-1,0,0,0,-1,1,0,0,0
439,0,70.62354879148535,0,0,0,2,18,0,0,0,0,0.0002751641238219861,9.874868320287655e-06,0.0002751641238219861,-1,0,0,0,-1,1,0,0,0
440,495,102.9952256595103,0,0,0,3,22,0,0,0,0,0.0002751641238219861,9.874868320287655e-06,0.0002751641238219861,-1,0,0,0,-1,1,0,0,0
441,30644,138.2795039976752,0,0,0,1,6,0,0,0,0,0.0002751641238219861,9.874868320287655e-06,0.0002751641238219861,-1,0,0,0,-1,1,1,1,0
442,29515,138.2795039981482,0,0,0,1,5,0,0,0,0,0.0002751641238219861,9.874868320287655e-06,0.0002751641238219861,-1,0,0,0,-1,1,1,1,0
443,29427,138.2795040010377,0,0,0,1,6,0,0,0,0,0.0002751641238219861,9.874868320287655e-06,0.0002751641238219861,-1,0,0,0,-1,1,1,1,0
444,0,99.41766600133101,0,0,0,2,22,0,0,0,0,0.0002751641238219861,9.874868320287655e-06,0.0002751641238219861,-1,0,0,0,-1,1,0,0,0
445,0,69.34139079622136,0,0,0,5,25,0,0,0,0,0.0002751641238219861,9.874868320287655e-06,0.0002751641238219861,-1,0,0,0,-1,1,0,0,0
446,379,103.160291401654,0,0,0,2,21,0,0,0,0,0.0002751641238219861,9.874868320287655e-06,0.0002751641238219861,-1,0,0,0,-1,1,0,0,0
447,2083,85.97622220257925,0,0,0,4,18,0,0,0,0,0.0002751641238219861,9.874868320287655e-06,0.0002751641238219861,-1,0,0,0,-1,1,0,0,0
448,1227,95.80916867990295,0,0,0,3,21,0,0,0,0,0.0002751641238219861,9.874868320287655e-06,0.0002751641238219861,-1,0,0,0,-1,1,0,0,0
449,30679,138.2795039955359,0,0,0,1,12,0,0,0,0,0.0002751641238219861,9.874868320287655e-06,0.0002751641238219861,-1,0,0,0,-1,1,1,1,0
450,1239,88.68755915137322,0,0,0,5,30,0,0,0,0,0.0002751641238219861,9.874868320287655e-06,0.0002751641238219861,-1,0,0,0,-1,1,0,0,0
451,425,95.75339101591273,0,0,0,4,38,0,0,0,0,0.0002751641238219861,9.874868320287655e-06,0.0002751641238219861,-1,0,0,0,-1,1,0,0,0
452,1005,95.77765601779512,0,0,0,3,19,0,0,0,0,0.0002751641238219861,9.874868320287655e-06,0.0002751641238219861,-1,0,0,0,-1,1,0,0,0
453,30092,138.279504005542,0,0,0,1,8,0,0,0,0,0.0002751641238219861,9.874868320287655e-06,0.0002751641238219861,-1,0,0,0,-1,1,1,1,0
454,1945,86.82849343832639,0,0,0,3,7,0,0,0,0,0.0002751641238219861,9.874868320287655e-06,0.0002751641238219861,-1,0,0,0,-1,1,0,0,0
455,1073,87.39231913061933,0,0,0,3,26,0,0,0,0,0.0002751641238219861,9.874868320287655e-06,0.0002751641238219861,-1,0,0,0,-1,1,0,0,0
456,1236,64.73353377529243,0,0,0,5,27,0,0,0,0,0.0002751641238219861,9.874868320287655e-06,0.0002751641238219861,-1,0,0,0,-1,1,0,0,0
457,29956,138.2795039994687,0,0,0,1,6,0,0,0,0,0.0002751641238219861,9.874868320287655e-06,0.0002751641238219861,-1,0,0,0,-1,1,1,1,0
458,29668,138.2795040048883,0,0,0,1,7,0,0,0,0,0.0002751641238219861,9.874868320287655e-06,0.0002751641238219861,-1,0,0,0,-1,1,1,1,0
459,1836,76.62385296691538,0,0,0,4,23,0,0,0,0,0.0002751641238219861,9.874868320287655e-06,0.0002751641238219861,-1,0,0,0,-1,1,0,0,0
460,30744,138.2795039823885,0,0,0,1,8,0,0,0,0,0.0002751641238219861,9.874868320287655e-06,0.0002751641238219861,-1,0,0,0,-1,1,1,1,0
461,0,66.11062200974672,0,0,0,3,16,0,0,0,0,0.0002751641238219861,9.874868320287655e-06,0.0002751641238219861,-1,0,0,0,-1,1,0,0,0
462,29112,138.279503999989,0,0,0,1,7,0,0,0,0,0.0002751641238219861,9.874868320287655e-06,0.0002751641238219861,-1,0,0,0,-1,1,1,1,0
463,2487,98.1154494688906,0,0,0,4,15,0,0,0,0,0.0002751641238219861,9.874868320287655e-06,0.0002751641238219861,-1,0,0,0,-1,1,0,0,0
464,1596,78.16702480371437,0,0,0,3,28,0,0,0,0,0.0002751641238219861,9.874868320287655e-06,0.0002751641238219861,-1,0,0,0,-1,1,0,0,0
465,745,62.5260851918397,0,0,0,4,16,0,0,0,0,0.0002751641238219861,9.874868320287655e-06,0.0002751641238219861,-1,0,0,0,-1,1,0,0,0
466,111,81.54969190935935,0,0,0,3,13,0,0,0,0,0.0002751641238219861,9.874868320287655e-06,0.0002751641238219861,-1,0,0,0,-1,1,0,0,0
467,30079,138.2795039996894,0,0,0,1,7,0,0,0,0,0.0002751641238219861,9.874868320287655e-06,0.0002751641238219861,-1,0,0,0,-1,1,1,1,0
468,2864,85.15092436532045,0,0,0,4,24,0,0,0,0,0.0002751641238219861,9.874868320287655e-06,0.0002751641238219861,-1,0,0,0,-1,1,0,0,0
469,29545,138.2795039955304,0,0,0,1,6,0,0,0,0,0.0002751641238219861,9.874868320287655e-06,0.0002751641238219861,-1,0,0,0,-1,1,1,1,0
470,30785,138.2795040007228,0,0,0,1,5,0,0,0,0,0.0002751641238219861,9.874868320287655e-06,0.0002751641238219861,-1,0,0,0,-1,1,1,1,0
471,29559,138.279503999897,0,0,0,1,5,0,0,0,0,0.0002751641238219861,9.874868320287655e-06,0.0002751641238219861,-1,0,0,0,-1,1,1,1,0
472,814,98.14729400957532,0,0,0,3,17,0,0,0,0,0.0002751641238219861,9.874868320287655e-06,0.0002751641238219861,-1,0,0,0,-1,1,0,0,0
473,4422,95.82618369489875,0,0,0,7,32,0,0,0,0,0.0002751641238219861,9.874868320287655e-06,0.0002751641238219861,-1,0,0,0,-1,1,0,0,0
474,29915,138.2795039993995,0,0,0,1,7,0,0,0,0,0.0002751641238219861,9.874868320287655e-06,0.0002751641238219861,-1,0,0,0,-1,1,1,1,0
475,30438,138.2795039993312,0,0,0,1,4,0,0,0,0,0.0002751641238219861,9.874868320287655e-06,0.0002751641238219861,-1,0,0,0,-1,1,1,1,0
476,195,108.0033456225438,0,0,0,3,18,0,0,0,0,0.0002751641238219861,9.874868320287655e-06,0.0002751641238219861,-1,0,0,0,-1,1,0,0,0
477,953,76.37420218507064,0,0,0,3,24,0,0,0,0,0.0002751641238219861,9.874868320287655e-06,0.0002751641238219861,-1,0,0,0,-1,1,0,0,0
478,3290,99.51080832294589,0,0,0,3,10,0,0,0,0,0.0002751641238219861,9.874868320287655e-06,0.0002751641238219861,-1,0,0,0,-1,1,0,0,0
479,2863,62.5663129504272,0,0,0,4,11,0,0,0,0,0.0002751641238219861,9.874868320287655e-06,0.0002751641238219861,-1,0,0,0,-1,1,0,0,0
480,1643,95.85165302135839,0,0,0,4,15,0,0,0,0,0.0002751641238219861,9.874868320287655e-06,0.0002751641238219861,-1,0,0,0,-1,1,0,0,0
481,0,97.9439156492583,0,0,0,2,15,0,0,0,0,0.0002751641238219861,9.874868320287655e-06,0.0002751641238219861,-1,0,0,0,-1,1,0,0,0
482,1820,94.5502151596815,0,0,0,2,14,0,0,0,0,0.0002751641238219861,9.874868320287655e-06,0.0002751641238219861,-1,0,0,0,-1,1,0,0,0
483,29766,138.2795039999046,0,0,0,1,10,0,0,0,0,0.0002751641238219861,9.874868320287655e-06,0.0002751641238219861,-1,0,0,0,-1,1,1,1,0
484,4488,64.55484380345719,0,0,0,9,43,0,0,0,0,0.0002751641238219861,9.874868320287655e-06,0.0002751641238219861,-1,0,0,0,-1,1,0,0,0
485,29508,138.279504002551,0,0,0,1,7,0,0,0,0,0.0002751641238219861,9.874868320287655e-06,0.0002751641238219861,-1,0,0,0,-1,1,1,1,0
486,28865,138.2795039994134,0,0,0,1,4,0,0,0,0,0.0002751641238219861,9.874868320287655e-06,0.0002751641238219861,-1,0,0,0,-1,1,1,1,0
487,1682,72.92098328868397,0,0,0,2,10,0,0,0,0,0.0002751641238219861,9.874868320287655e-06,0.0002751641238219861,-1,0,0,0,-1,1,0,0,0
488,30597,138.2795039954113,0,0,0,1,7,0,0,0,0,0.0002751641238219861,9.874868320287655e-06,0.0002751641238219861,-1,0,0,0,-1,1,1,1,0
489,0,71.91743986433289,0,0,0,3,27,0,0,0,0,0.0002751641238219861,9.874868320287655e-06,0.0002751641238219861,-1,0,0,0,-1,1,0,0,0
490,29152,138.2795040008635,0,0,0,1,7,0,0,0,0,0.0002751641238219861,9.874868320287655e-06,0.0002751641238219861,-1,0,0,0,-1,1,1,1,0
491,1434,79.74709355279317,0,0,0,5,19,0,0,0,0,0.0002751641238219861,9.874868320287655e-06,0.0002751641238219861,-1,0,0,0,-1,1,0,0,0
492,0,74.90217284448899,0,0,0,3,15,0,0,0,0,0.0002751641238219861,9.874868320287655e-06,0.0002751641238219861,-1,0,0,0,-1,1,0,0,0
493,2448,72.83615232681376,0,0,0,7,24,0,0,0,0,0.0002751641238219861,9.874868320287655e-06,0.0002751641238219861,-1,0,0,0,-1,1,0,0,0
494,0,58.31588964992148,0,0,0,2,22,0,0,0,0,0.0002751641238219861,9.874868320287655e-06,0.0002751641238219861,-1,0,0,0,-1,1,0,0,0
495,29694,138.2795039999995,0,0,0,1,8,0,0,0,0,0.0002751641238219861,9.874868320287655e-06,0.0002751641238219861,-1,0,0,0,-1,1,1,1,0
496,1508,84.56010579969374,0,0,0,5,28,0,0,0,0,0.0002751641238219861,9.874868320287655e-06,0.0002751641238219861,-1,0,0,0,-1,1,0,0,0
497,0,102.9931546628395,0,0,0,3,24,0,0,0,0,0.0002751641238219861,9.874868320287655e-06,0.0002751641238219861,-1,0,0,0,-1,1,0,0,0
498,1726,65.61043628904827,0,0,0,6,19,0,0,0,0,0.0002751641238219861,9.874868320287655e-06,0.0002751641238219861,-1,0,0,0,-1,1,0,0,0
499,0,63.80990263499679,0,0,0,2,15,0,0,0,0,0.0002751641238219861,9.874868320287655e-06,0.0002751641238219861,-1,0,0,0,-1,1,0,0,0
500,1459,76.88473522900001,0,0,0,3,19,0,0,0,0,0.0002751641238219861,9.874868320287655e-06,0.0002751641238219861,-1,0,0,0,-1,1,0,0,0
501,411,81.39658802472407,0,0,0,5,23,0,0,0,0,0.0002751641238219861,9.874868320287655e-06,0.0002751641238219861,-1,0,0,0,-1,1,0,0,0
502,446,90.12339843146198,0,0,0,3,17,0,0,0,0,0.0002751641238219861,9.874868320287655e-06,0.0002751641238219861,-1,0,0,0,-1,1,0,0,0
503,0,70.64054044314069,0,0,0,2,16,0,0,0,0,0.0002751641238219861,9.874868320287655e-06,0.0002751641238219861,-1,0,0,0,-1,1,0,0,0
504,2299,85.80471956322825,0,0,0,4,17,0,0,0,0,0.0002751641238219861,9.874868320287655e-06,0.0002751641238219861,-1,0,0,0,-1,1,0,0,0
505,1964,63.2204096054937,0,0,0,5,16,0,0,0,0,0.0002751641238219861,9.874868320287655e-06,0.0002751641238219861,-1,0,0,0,-1,1,0,0,0
506,945,87.81833868058536,0,0,0,2,10,0,0,0,0,0.0002751641238219861,9.874868320287655e-06,0.0002751641238219861,-1,0,0,0,-1,1,0,0,0
507,30961,138.2795040000438,0,0,0,1,10,0,0,0,0,0.0002751641238219861,9.874868320287655e-06,0.0002751641238219861,-1,0,0,0,-1,1,1,1,0
508,30303,138.2795039961367,0,0,0,1,2,0,0,0,0,0.0002751641238219861,9.874868320287655e-06,0.0002751641238219861,-1,0,0,0,-1,1,1,1,0
509,30054,138.2795039973624,0,0,0,1,6,0,0,0,0,0.0002751641238219861,9.874868320287655e-06,0.0002751641238219861,-1,0,0,0,-1,1,1,1,0
510,4,90.84183013606425,0,0,0,3,20,0,0,0,0,0.0002751641238219861,9.874868320287655e-06,0.0002751641238219861,-1,0,0,0,-1,1,0,0,0
511,1925,100.2345282415522,0,0,0,3,19,0,0,0,0,0.0002751641238219861,9.874868320287655e-06,0.0002751641238219861,-1,0,0,0,-1,1,0,0,0
512,0,96.74931639108334,0,0,0,1,8,0,0,0,0,0.0002751641238219861,9.874868320287655e-06,0.0002751641238219861,-1,0,0,0,-1,1,0,0,0
513,0,64.64089315667852,0,0,0,4,27,0,0,0,0,0.0002751641238219861,9.874868320287655e-06,0.0002751641238219861,-1,0,0,0,-1,1,0,0,0
514,29895,138.2795040060765,0,0,0,1,7,0,0,0,0,0.0002751641238219861,9.874868320287655e-06,0.0002751641238219861,-1,0,0,0,-1,1,1,1,0
515,2175,85.8772008287698,0,0,0,4,22,0,0,0,0,0.0002751641238219861,9.874868320287655e-06,0.0002751641238219861,-1,0,0,0,-1,1,0,0,0
516,30987,138.2795039996821,0,0,0,1,3,0,0,0,0,0.0002751641238219861,9.874868320287655e-06,0.0002751641238219861,-1,0,0,0,-1,1,1,1,0
517,31196,138.2795039957216,0,0,0,1,5,0,0,0,0,0.0002751641238219861,9.874868320287655e-06,0.0002751641238219861,-1,0,0,0,-1,1,1,1,0
518,1183,88.47671984976148,0,0,0,5,30,0,0,0,0,0.0002751641238219861,9.874868320287655e-06,0.0002751641238219861,-1,0,0,0,-1,1,0,0,0
519,0,95.28508503317606,0,0,0,1,10,0,0,0,0,0.0002751641238219861,9.874868320287655e-06,0.0002751641238219861,-1,0,0,0,-1,1,0,0,0
520,29882,138.2795040014568,0,0,0,1,5,0,0,0,0,0.0002751641238219861,9.874868320287655e-06,0.0002751641238219861,-1,0,0,0,-1,1,1,1,0
521,1430,83.15968955361781,0,0,0,3,13,0,0,0,0,0.0002751641238219861,9.874868320287655e-06,0.0002751641238219861,-1,0,0,0,-1,1,0,0,0
522,2037,102.9914736629269,0,0,0,5,25,0,0,0,0,0.0002751641238219861,9.874868320287655e-06,0.0002751641238219861,-1,0,0,0,-1,1,0,0,0
523,574,67.09532179046218,0,0,0,5,25,0,0,0,0,0.0002751641238219861,9.874868320287655e-06,0.0002751641238219861,-1,0,0,0,-1,1,0,0,0
524,0,99.51616961366095,0,0,0,1,6,0,0,0,0,0.0002751641238219861,9.874868320287655e-06,0.0002751641238219861,-1,0,0,0,-1,1,0,0,0
525,0,104.2101657454962,0,0,0,1,8,0,0,0,0,0.0002751641238219861,9.874868320287655e-06,0.0002751641238219861,-1,0,0,0,-1,1,0,0,0
526,29811,138.2795040049421,0,0,0,1,4,0,0,0,0,0.0002751641238219861,9.874868320287655e-06,0.0002751641238219861,-1,0,0,0,-1,1,1,1,0
527,2064,102.9238421429611,0,0,0,4,26,0,0,0,0,0.0002751641238219861,9.874868320287655e-06,0.0002751641238219861,-1,0,0,0,-1,1,0,0,0
528,0,71.13166773612826,0,0,0,4,23,0,0,0,0,0.0002751641238219861,9.874868320287655e-06,0.0002751641238219861,-1,0,0,0,-1,1,0,0,0
529,0,95.71954264971292,0,0,0,3,34,0,0,0,0,0.0002751641238219861,9.874868320287655e-06,0.0002751641238219861,-1,0,0,0,-1,1,0,0,0
530,583,85.73298579605203,0,0,0,3,16,0,0,0,0,0.0002751641238219861,9.874868320287655e-06,0.0002751641238219861,-1,0,0,0,-1,1,0,0,0
531,30124,138.2795039974818,0,0,0,1,7,0,0,0,0,0.0002751641238219861,9.874868320287655e-06,0.0002751641238219861,-1,0,0,0,-1,1,1,1,0
532,556,70.96314838416446,0,0,0,4,20,0,0,0,0,0.0002751641238219861,9.874868320287655e-06,0.0002751641238219861,-1,0,0,0,-1,1,0,0,0
533,30061,138.2795039988345,0,0,0,1,6,0,0,0,0,0.0002751641238219861,9.874868320287655e-06,0.0002751641238219861,-1,0,0,0,-1,1,1,1,0
534,1813,93.47810503546334,0,0,0,5,16,0,0,0,0,0.0002751641238219861,9.874868320287655e-06,0.0002751641238219861,-1,0,0,0,-1,1,0,0,0
535,3,90.75359481548401,0,0,0,3,18,0,0,0,0,0.0002751641238219861,9.874868320287655e-06,0.0002751641238219861,-1,0,0,0,-1,1,0,0,0
536,29441,138.2795040106954,0,0,0,1,11,0,0,0,0,0.0002751641238219861,9.874868320287655e-06,0.0002751641238219861,-1,0,0,0,-1,1,1,1,0
537,30529,138.2795040033441,0,0,0,1,6,0,0,0,0,0.0002751641238219861,9.874868320287655e-06,0.0002751641238219861,-1,0,0,0,-1,1,1,1,0
538,976,107.9536140934249,0,0,0,3,21,0,0,0,0,0.0002751641238219861,9.874868320287655e-06,0.0002751641238219861,-1,0,0,0,-1,1,0,0,0
539,837,97.25273938947362,0,0,0,3,17,0,0,0,0,0.0002751641238219861,9.874868320287655e-06,0.0002751641238219861,-1,0,0,0,-1,1,0,0,0
540,0,103.065082258737,0,0,0,3,22,0,0,0,0,0.0002751641238219861,9.874868320287655e-06,0.0002751641238219861,-1,0,0,0,-1,1,0,0,0
541,198,105.3369004593916,0,0,0,3,26,0,0,0,0,0.0002751641238219861,9.874868320287655e-06,0.0002751641238219861,-1,0,0,0,-1,1,0,0,0
542,1629,66.32820742887867,0,0,0,6,27,0,0,0,0,0.0002751641238219861,9.874868320287655e-06,0.0002751641238219861,-1,0,0,0,-1,1,0,0,0
543,29244,138.2795040046952,0,0,0,1,8,0,0,0,0,0.0002751641238219861,9.874868320287655e-06,0.0002751641238219861,-1,0,0,0,-1,1,1,1,0
544,606,72.91760176515507,0,0,0,7,35,0,0,0,0,0.0002751641238219861,9.874868320287655e-06,0.0002751641238219861,-1,0,0,0,-1,1,0,0,0
545,31080,138.2795040014358,0,0,0,1,3,0,0,0,0,0.0002751641238219861,9.874868320287655e-06,0.0002751641238219861,-1,0,0,0,-1,1,1,1,0
546,0,75.65548884569786,0,0,0,2,21,0,0,0,0,0.0002751641238219861,9.874868320287655e-06,0.0002751641238219861,-1,0,0,0,-1,1,0,0,0
547,261,66.13596796434344,0,0,0,2,22,0,0,0,0,0.0002751641238219861,9.874868320287655e-06,0.0002751641238219861,-1,0,0,0,-1,1,0,0,0
548,30262,138.2795039980361,0,0,0,1,8,0,0,0,0,0.0002751641238219861,9.874868320287655e-06,0.0002751641238219861,-1,0,0,0,-1,1,1,1,0
549,31551,138.2795040024477,0,0,0,1,10,0,0,0,0,0.0002751641238219861,9.874868320287655e-06,0.0002751641238219861,-1,0,0,0,-1,1,1,1,0
550,2989,74.67070853528068,0,0,0,8,39,0,0,0,0,0.0002751641238219861,9.874868320287655e-06,0.0002751641238219861,-1,0,0,0,-1,1,0,0,0
551,30550,140.5038769997165,0,0,0,1,6,0,0,0,0,0.0002751641238219861,9.874868320287655e-06,0.0002751641238219861,-1,0,0,0,-1,1,1,1,0
552,420,64.73914781575245,0,0,0,4,22,0,0,0,0,0.0002751641238219861,9.874868320287655e-06,0.0002751641238219861,-1,0,0,0,-1,1,0,0,0
553,987,63.96003619764561,0,0,0,5,35,0,0,0,0,0.0002751641238219861,9.874868320287655e-06,0.0002751641238219861,-1,0,0,0,-1,1,0,0,0
554,30049,138.2795039999862,0,0,0,1,7,0,0,0,0,0.0002751641238219861,9.874868320287655e-06,0.0002751641238219861,-1,0,0,0,-1,1,1,1,0
555,29480,138.2795039999495,0,0,0,1,5,0,0,0,0,0.0002751641238219861,9.874868320287655e-06,0.0002751641238219861,-1,0,0,0,-1,1,1,1,0
556,29643,138.2795040032839,0,0,0,1,8,0,0,0,0,0.0002751641238219861,9.874868320287655e-06,0.0002751641238219861,-1,0,0,0,-1,1,1,1,0
557,0,104.2383685906427,0,0,0,1,12,0,0,0,0,0.0002751641238219861,9.874868320287655e-06,0.0002751641238219861,-1,0,0,0,-1,1,0,0,0
558,102,80.23400469763419,0,0,0,5,33,0,0,0,0,0.0002751641238219861,9.874868320287655e-06,0.0002751641238219861,-1,0,0,0,-1,1,0,0,0
559,1557,63.12359851691664,0,0,0,7,21,0,0,0,0,0.0002751641238219861,9.874868320287655e-06,0.0002751641238219861,-1,0,0,0,-1,1,0,0,0
560,1014,86.84846115441447,0,0,0,3,11,0,0,0,0,0.0002751641238219861,9.874868320287655e-06,0.0002751641238219861,-1,0,0,0,-1,1,0,0,0
561,29918,138.2795040089853,0,0,0,1,5,0,0,0,0,0.0002751641238219861,9.874868320287655e-06,0.0002751641238219861,-1,0,0,0,-1,1,1,1,0
562,17,96.95246625552333,0,0,0,2,12,0,0,0,0,0.0002751641238219861,9.874868320287655e-06,0.0002751641238219861,-1,0,0,0,-1,1,0,0,0
563,31212,138.2795039999463,0,0,0,1,4,0,0,0,0,0.0002751641238219861,9.874868320287655e-06,0.0002751641238219861,-1,0,0,0,-1,1,1,1,0
564,29697,138.2795039944027,0,0,0,1,4,0,0,0,0,0.0002751641238219861,9.874868320287655e-06,0.0002751641238219861,-1,0,0,0,-1,1,1,1,0
565,1882,78.87785250294361,0,0,0,5,13,0,0,0,0,0.0002751641238219861,9.874868320287655e-06,0.0002751641238219861,-1,0,0,0,-1,1,0,0,0
566,0,57.6951888703431,0,0,0,3,27,0,0,0,0,0.0002751641238219861,9.874868320287655e-06,0.0002751641238219861,-1,0,0,0,-1,1,0,0,0
567,1605,72.93087897223306,0,0,0,6,27,0,0,0,0,0.0002751641238219861,9.874868320287655e-06,0.0002751641238219861,-1,0,0,0,-1,1,0,0,0
568,176,50.24103036057407,0,0,0,6,29,0,0,0,0,0.0002751641238219861,9.874868320287655e-06,0.0002751641238219861,-1,0,0,0,-1,1,0,0,0
569,788,110.1638509155683,0,0,0,1,6,0,0,0,0,0.0002751641238219861,9.874868320287655e-06,0.0002751641238219861,-1,0,0,0,-1,1,0,0,0
570,1539,96.99646397996499,0,0,0,2,9,0,0,0,0,0.0002751641238219861,9.874868320287655e-06,0.0002751641238219861,-1,0,0,0,-1,1,0,0,0
571,30473,140.503876992953,0,0,0,1,8,0,0,0,0,0.0002751641238219861,9.874868320287655e-06,0.0002751641238219861,-1,0,0,0,-1,1,1,1,0
572,30221,138.2795039953315,0,0,0,1,4,0,0,0,0,0.0002751641238219861,9.874868320287655e-06,0.0002751641238219861,-1,0,0,0,-1,1,1,1,0
573,0,80.354275649952,0,0,0,1,6,0,0,0,0,0.0002751641238219861,9.874868320287655e-06,0.0002751641238219861,-1,0,0,0,-1,1,0,0,0
574,0,95.2941270994244,0,0,0,1,6,0,0,0,0,0.0002751641238219861,9.874868320287655e-06,0.0002751641238219861,-1,0,0,0,-1,1,0,0,0
575,199,72.14923290284571,0,0,0,2,8,0,0,0,0,0.0002751641238219861,9.874868320287655e-06,0.0002751641238219861,-1,0,0,0,-1,1,0,0,0
576,30691,138.2795039999754,0,0,0,1,7,0,0,0,0,0.0002751641238219861,9.874868320287655e-06,0.0002751641238219861,-1,0,0,0,-1,1,1,1,0
577,746,60.71327740124654,0,0,0,6,29,0,0,0,0,0.0002751641238219861,9.874868320287655e-06,0.0002751641238219861,-1,0,0,0,-1,1,0,0,0
578,0,62.76463564996528,0,0,0,0,0,0,0,0,0,0.0002751641238219861,9.874868320287655e-06,0.0002751641238219861,-1,0,0,0,-1,1,0,0,0
579,29548,138.2795039968084,0,0,0,1,5,0,0,0,0,0.0002751641238219861,9.874868320287655e-06,0.0002751641238219861,-1,0,0,0,-1,1,1,1,0
580,795,81.12459231341587,0,0,0,3,15,0,0,0,0,0.0002751641238219861,9.874868320287655e-06,0.0002751641238219861,-1,0,0,0,-1,1,0,0,0
581,29509,138.2795039999586,0,0,0,1,7,0,0,0,0,0.0002751641238219861,9.874868320287655e-06,0.0002751641238219861,-1,0,0,0,-1,1,1,1,0
582,0,107.9888045469347,0,0,0,2,17,0,0,0,0,0.0002751641238219861,9.874868320287655e-06,0.0002751641238219861,-1,0,0,0,-1,1,0,0,0
583,30115,138.2795040011491,0,0,0,1,3,0,0,0,0,0.0002751641238219861,9.874868320287655e-06,0.0002751641238219861,-1,0,0,0,-1,1,1,1,0
584,602,65.29087821205475,0,0,0,6,33,0,0,0,0,0.0002751641238219861,9.874868320287655e-06,0.0002751641238219861,-1,0,0,0,-1,1,0,0,0
585,0,63.21038299325094,0,0,0,3,24,0,0,0,0,0.0002751641238219861,9.874868320287655e-06,0.0002751641238219861,-1,0,0,0,-1,1,0,0,0
586,0,98.00363390440383,0,0,0,2,16,0,0,0,0,0.0002751641238219861,9.874868320287655e-06,0.0002751641238219861,-1,0,0,0,-1,1,0,0,0
587,30561,138.2795040002383,0,0,0,1,10,0,0,0,0,0.0002751641238219861,9.874868320287655e-06,0.0002751641238219861,-1,0,0,0,-1,1,1,1,0
588,1785,78.23808606107194,0,0,0,3,17,0,0,0,0,0.0002751641238219861,9.874868320287655e-06,0.0002751641238219861,-1,0,0,0,-1,1,0,0,0
589,723,97.99248289816802,0,0,0,2,11,0,0,0,0,0.0002751641238219861,9.874868320287655e-06,0.0002751641238219861,-1,0,0,0,-1,1,0,0,0
590,717,74.84391378286838,0,0,0,6,33,0,0,0,0,0.0002751641238219861,9.874868320287655e-06,0.0002751641238219861,-1,0,0,0,-1,1,0,0,0
591,180,64.86148933497768,0,0,0,5,30,0,0,0,0,0.0002751641238219861,9.874868320287655e-06,0.0002751641238219861,-1,0,0,0,-1,1,0,0,0
592,0,95.95467212584251,0,0,0,3,22,0,0,0,0,0.0002751641238219861,9.874868320287655e-06,0.0002751641238219861,-1,0,0,0,-1,1,0,0,0
593,29918,138.279503998303,0,0,0,1,8,0,0,0,0,0.0002751641238219861,9.874868320287655e-06,0.0002751641238219861,-1,0,0,0,-1,1,1,1,0
594,30373,138.2795039982375,0,0,0,1,5,0,0,0,0,0.0002751641238219861,9.874868320287655e-06,0.0002751641238219861,-1,0,0,0,-1,1,1,1,0
595,228,77.24969146496954,0,0,0,4,26,0,0,0,0,0.0002751641238219861,9.874868320287655e-06,0.0002751641238219861,-1,0,0,0,-1,1,0,0,0
596,2051,92.96321116791543,0,0,0,4,5,0,0,0,0,0.0002751641238219861,9.874868320287655e-06,0.0002751641238219861,-1,0,0,0,-1,1,0,0,0
597,0,73.44496734273312,0,0,0,2,24,0,0,0,0,0.0002751641238219861,9.874868320287655e-06,0.0002751641238219861,-1,0,0,0,-1,1,0,0,0
598,1698,97.04310670975524,0,0,0,3,10,0,0,0,0,0.0002751641238219861,9.874868320287655e-06,0.0002751641238219861,-1,0,0,0,-1,1,0,0,0
599,1279,72.89266884662575,0,0,0,6,30,0,0,0,0,0.0002751641238219861,9.874868320287655e-06,0.0002751641238219861,-1,0,0,0,-1,1,0,0,0
600,0,95.78145300578231,0,0,0,3,27,0,0,0,0,0.0002751641238219861,9.874868320287655e-06,0.0002751641238219861,-1,0,0,0,-1,1,0,0,0
601,30293,138.279504005473,0,0,0,1,4,0,0,0,0,0.0002751641238219861,9.874868320287655e-06,0.0002751641238219861,-1,0,0,0,-1,1,1,1,0
602,200,66.51828203833168,0,0,0,6,24,0,0,0,0,0.0002751641238219861,9.874868320287655e-06,0.0002751641238219861,-1,0,0,0,-1,1,0,0,0
603,588,73.40572499550912,0,0,0,4,26,0,0,0,0,0.0002751641238219861,9.874868320287655e-06,0.0002751641238219861,-1,0,0,0,-1,1,0,0,0
604,1957,82.04612904949562,0,0,0,4,25,0,0,0,0,0.0002751641238219861,9.874868320287655e-06,0.0002751641238219861,-1,0,0,0,-1,1,0,0,0
605,30042,138.2795039913406,0,0,0,1,6,0,0,0,0,0.0002751641238219861,9.874868320287655e-06,0.0002751641238219861,-1,0,0,0,-1,1,1,1,0
606,2159,90.50746424803535,0,0,0,3,23,0,0,0,0,0.0002751641238219861,9.874868320287655e-06,0.0002751641238219861,-1,0,0,0,-1,1,0,0,0
607,30639,138.2795039992551,0,0,0,1,6,0,0,0,0,0.0002751641238219861,9.874868320287655e-06,0.0002751641238219861,-1,0,0,0,-1,1,1,1,0
608,0,78.12990264964195,0,0,0,2,12,0,0,0,0,0.0002751641238219861,9.874868320287655e-06,0.0002751641238219861,-1,0,0,0,-1,1,0,0,0
609,0,95.71954264745746,0,0,0,3,32,0,0,0,0,0.0002751641238219861,9.874868320287655e-06,0.0002751641238219861,-1,0,0,0,-1,1,0,0,0
610,427,68.50892916560453,0,0,0,3,16,0,0,0,0,0.0002751641238219861,9.874868320287655e-06,0.0002751641238219861,-1,0,0,0,-1,1,0,0,0
611,2139,54.18741556792965,0,0,0,4,16,0,0,0,0,0.0002751641238219861,9.874868320287655e-06,0.0002751641238219861,-1,0,0,0,-1,1,0,0,0
612,2229,68.17858374649578,0,0,0,5,21,0,0,0,0,0.0002751641238219861,9.874868320287655e-06,0.0002751641238219861,-1,0,0,0,-1,1,0,0,0
613,0,63.80990264992275,0,0,0,2,15,0,0,0,0,0.0002751641238219861,9.874868320287655e-06,0.0002751641238219861,-1,0,0,0,-1,1,0,0,0
614,557,95.92365285896527,0,0,0,3,14,0,0,0,0,0.0002751641238219861,9.874868320287655e-06,0.0002751641238219861,-1,0,0,0,-1,1,0,0,0
615,0,80.02895112907132,0,0,0,4,28,0,0,0,0,0.0002751641238219861,9.874868320287655e-06,0.0002751641238219861,-1,0,0,0,-1,1,0,0,0
616,27695,138.2795040062395,0,0,0,1,7,0,0,0,0,0.0002751641238219861,9.874868320287655e-06,0.0002751641238219861,-1,0,0,0,-1,1,1,1,0
617,1630,90.47926594237035,0,0,0,4,22,0,0,0,0,0.0002751641238219861,9.874868320287655e-06,0.0002751641238219861,-1,0,0,0,-1,1,0,0,0
618,24,86.12748922827591,0,0,0,3,16,0,0,0,0,0.0002751641238219861,9.874868320287655e-06,0.0002751641238219861,-1,0,0,0,-1,1,0,0,0
619,29899,138.2795040006321,0,0,0,1,4,0,0,0,0,0.0002751641238219861,9.874868320287655e-06,0.0002751641238219861,-1,0,0,0,-1,1,1,1,0
620,968,97.45199319816435,0,0,0,3,11,0,0,0,0,0.0002751641238219861,9.874868320287655e-06,0.0002751641238219861,-1,0,0,0,-1,1,0,0,0
621,481,60.71637606314813,0,0,0,7,36,0,0,0,0,0.0002751641238219861,9.874868320287655e-06,0.0002751641238219861,-1,0,0,0,-1,1,0,0,0
622,364,53.73797345740618,0,0,0,5,20,0,0,0,0,0.0002751641238219861,9.874868320287655e-06,0.0002751641238219861,-1,0,0,0,-1,1,0,0,0
623,447,73.14118360560309,0,0,0,2,13,0,0,0,0,0.0002751641238219861,9.874868320287655e-06,0.0002751641238219861,-1,0,0,0,-1,1,0,0,0
624,30254,138.2795040055215,0,0,0,1,6,0,0,0,0,0.0002751641238219861,9.874868320287655e-06,0.0002751641238219861,-1,0,0,0,-1,1,1,1,0
625,0,74.12495765160001,0,0,0,2,17,0,0,0,0,0.0002751641238219861,9.874868320287655e-06,0.0002751641238219861,-1,0,0,0,-1,1,0,0,0
626,0,78.129902648794,0,0,0,2,14,0,0,0,0,0.0002751641238219861,9.874868320287655e-06,0.0002751641238219861,-1,0,0,0,-1,1,0,0,0
627,0,85.05339993616356,0,0,0,3,18,0,0,0,0,0.0002751641238219861,9.874868320287655e-06,0.0002751641238219861,-1,0,0,0,-1,1,0,0,0
628,411,78.43554463454878,0,0,0,4,28,0,0,0,0,0.0002751641238219861,9.874868320287655e-06,0.0002751641238219861,-1,0,0,0,-1,1,0,0,0
629,1127,75.15076938854516,0,0,0,5,36,0,0,0,0,0.0002751641238219861,9.874868320287655e-06,0.0002751641238219861,-1,0,0,0,-1,1,0,0,0
630,30923,138.2795039991316,0,0,0,1,4,0,0,0,0,0.0002751641238219861,9.874868320287655e-06,0.0002751641238219861,-1,0,0,0,-1,1,1,1,0
631,28625,138.2795039996959,0,0,0,1,9,0,0,0,0,0.0002751641238219861,9.874868320287655e-06,0.0002751641238219861,-1,0,0,0,-1,1,1,1,0
632,0,69.00038127248497,0,0,0,3,22,0,0,0,0,0.0002751641238219861,9.874868320287655e-06,0.0002751641238219861,-1,0,0,0,-1,1,0,0,0
633,59,77.43398920366069,0,0,0,3,20,0,0,0,0,0.0002751641238219861,9.874868320287655e-06,0.0002751641238219861,-1,0,0,0,-1,1,0,0,0
634,763,103.2502457741168,0,0,0,4,31,0,0,0,0,0.0002751641238219861,9.874868320287655e-06,0.0002751641238219861,-1,0,0,0,-1,1,0,0,0
635,671,70.97958040361112,0,0,0,4,16,0,0,0,0,0.0002751641238219861,9.874868320287655e-06,0.0002751641238219861,-1,0,0,0,-1,1,0,0,0
636,117,89.26103003305427,0,0,0,2,15,0,0,0,0,0.0002751641238219861,9.874868320287655e-06,0.0002751641238219861,-1,0,0,0,-1,1,0,0,0
637,29887,138.2795039978635,0,0,0,1,8,0,0,0,0,0.0002751641238219861,9.874868320287655e-06,0.0002751641238219861,-1,0,0,0,-1,1,1,1,0
638,578,65.18736565359339,0,0,0,6,27,0,0,0,0,0.0002751641238219861,9.874868320287655e-06,0.0002751641238219861,-1,0,0,0,-1,1,0,0,0
639,29739,138.2795040045855,0,0,0,1,7,0,0,0,0,0.0002751641238219861,9.874868320287655e-06,0.0002751641238219861,-1,0,0,0,-1,1,1,1,0
640,1733,103.0502710699808,0,0,0,4,26,0,0,0,0,0.0002751641238219861,9.874868320287655e-06,0.0002751641238219861,-1,0,0,0,-1,1,0,0,0
641,279,75.51862204464513,0,0,0,3,17,0,0,0,0,0.0002751641238219861,9.874868320287655e-06,0.0002751641238219861,-1,0,0,0,-1,1,0,0,0
642,627,81.37105923379187,0,0,0,5,21,0,0,0,0,0.0002751641238219861,9.874868320287655e-06,0.0002751641238219861,-1,0,0,0,-1,1,0,0,0
643,3692,97.87836555201675,0,0,0,5,24,0,0,0,0,0.0002751641238219861,9.874868320287655e-06,0.0002751641238219861,-1,0,0,0,-1,1,0,0,0
644,4376,87.59534456188247,0,0,0,7,26,0,0,0,0,0.0002751641238219861,9.874868320287655e-06,0.0002751641238219861,-1,0,0,0,-1,1,0,0,0
645,1339,65.6555101498181,0,0,0,7,28,0,0,0,0,0.0002751641238219861,9.874868320287655e-06,0.0002751641238219861,-1,0,0,0,-1,1,0,0,0
646,2664,73.24495563220826,0,0,0,5,19,0,0,0,0,0.0002751641238219861,9.874868320287655e-06,0.0002751641238219861,-1,0,0,0,-1,1,0,0,0
647,29231,138.2795040003533,0,0,0,1,11,0,0,0,0,0.0002751641238219861,9.874868320287655e-06,0.0002751641238219861,-1,0,0,0,-1,1,1,1,0
648,1297,78.16246600430433,0,0,0,3,14,0,0,0,0,0.0002751641238219861,9.874868320287655e-06,0.0002751641238219861,-1,0,0,0,-1,1,0,0,0
649,2488,84.51384886950341,0,0,0,3,6,0,0,0,0,0.0002751641238219861,9.874868320287655e-06,0.0002751641238219861,-1,0,0,0,-1,1,0,0,0
650,0,84.12610773419445,0,0,0,1,3,0,0,0,0,0.0002751641238219861,9.874868320287655e-06,0.0002751641238219861,-1,0,0,0,-1,1,0,0,0
651,268,80.45035296125872,0,0,0,3,23,0,0,0,0,0.0002751641238219861,9.874868320287655e-06,0.0002751641238219861,-1,0,0,0,-1,1,0,0,0
652,397,75.65261672150871,0,0,0,4,30,0,0,0,0,0.0002751641238219861,9.874868320287655e-06,0.0002751641238219861,-1,0,0,0,-1,1,0,0,0
653,1426,90.90816319775628,0,0,0,5,19,0,0,0,0,0.0002751641238219861,9.874868320287655e-06,0.0002751641238219861,-1,0,0,0,-1,1,0,0,0
654,2181,100.7771857873437,0,0,0,4,13,0,0,0,0,0.0002751641238219861,9.874868320287655e-06,0.0002751641238219861,-1,0,0,0,-1,1,0,0,0
655,0,95.77441629665823,0,0,0,3,27,0,0,0,0,0.0002751641238219861,9.874868320287655e-06,0.0002751641238219861,-1,0,0,0,-1,1,0,0,0
656,0,74.38951586561886,0,0,0,1,11,0,0,0,0,0.0002751641238219861,9.874868320287655e-06,0.0002751641238219861,-1,0,0,0,-1,1,0,0,0
657,30438,138.2795039958956,0,0,0,1,3,0,0,0,0,0.0002751641238219861,9.874868320287655e-06,0.0002751641238219861,-1,0,0,0,-1,1,1,1,0
658,459,97.9229827336527,0,0,0,3,22,0,0,0,0,0.0002751641238219861,9.874868320287655e-06,0.0002751641238219861,-1,0,0,0,-1,1,0,0,0
659,0,103.9873532623944,0,0,0,2,21,0,0,0,0,0.0002751641238219861,9.874868320287655e-06,0.0002751641238219861,-1,0,0,0,-1,1,0,0,0
660,143,85.81935986889671,0,0,0,3,30,0,0,0,0,0.0002751641238219861,9.874868320287655e-06,0.0002751641238219861,-1,0,0,0,-1,1,0,0,0
661,29962,138.2795039981268,0,0,0,1,5,0,0,0,0,0.0002751641238219861,9.874868320287655e-06,0.0002751641238219861,-1,0,0,0,-1,1,1,1,0
662,0,95.3062843043171,0,0,0,1,10,0,0,0,0,0.0002751641238219861,9.874868320287655e-06,0.0002751641238219861,-1,0,0,0,-1,1,0,0,0
663,29161,138.279503999853,0,0,0,1,4,0,0,0,0,0.0002751641238219861,9.874868320287655e-06,0.0002751641238219861,-1,0,0,0,-1,1,1,1,0
664,926,92.18330466198468,0,0,0,4,13,0,0,0,0,0.0002751641238219861,9.874868320287655e-06,0.0002751641238219861,-1,0,0,0,-1,1,0,0,0
665,0,83.68498257709669,0,0,0,2,13,0,0,0,0,0.0002751641238219861,9.874868320287655e-06,0.0002751641238219861,-1,0,0,0,-1,1,0,0,0
666,1743,89.358679267851,0,0,0,2,22,0,0,0,0,0.0002751641238219861,9.874868320287655e-06,0.0002751641238219861,-1,0,0,0,-1,1,0,0,0
667,106,92.04066699339519,0,0,0,2,14,0,0,0,0,0.0002751641238219861,9.874868320287655e-06,0.0002751641238219861,-1,0,0,0,-1,1,0,0,0
668,28040,138.2795039969384,0,0,0,1,5,0,0,0,0,0.0002751641238219861,9.874868320287655e-06,0.0002751641238219861,-1,0,0,0,-1,1,1,1,0
669,30058,138.2795040020522,0,0,0,1,6,0,0,0,0,0.0002751641238219861,9.874868320287655e-06,0.0002751641238219861,-1,0,0,0,-1,1,1,1,0
670,1431,82.38104543051179,0,0,0,5,23,0,0,0,0,0.0002751641238219861,9.874868320287655e-06,0.0002751641238219861,-1,0,0,0,-1,1,0,0,0
671,1676,71.82109557321884,0,0,0,5,24,0,0,0,0,0.0002751641238219861,9.874868320287655e-06,0.0002751641238219861,-1,0,0,0,-1,1,0,0,0
672,28443,138.2795039980022,0,0,0,1,5,0,0,0,0,0.0002751641238219861,9.874868320287655e-06,0.0002751641238219861,-1,0,0,0,-1,1,1,1,0
673,1579,83.57860847569711,0,0,0,5,17,0,0,0,0,0.0002751641238219861,9.874868320287655e-06,0.0002751641238219861,-1,0,0,0,-1,1,0,0,0
674,634,60.44904159714201,0,0,0,2,11,0,0,0,0,0.0002751641238219861,9.874868320287655e-06,0.0002751641238219861,-1,0,0,0,-1,1,0,0,0
675,1657,66.17143998533612,0,0,0,4,26,0,0,0,0,0.0002751641238219861,9.874868320287655e-06,0.0002751641238219861,-1,0,0,0,-1,1,0,0,0
676,2572,96.20919087558454,0,0,0,4,15,0,0,0,0,0.0002751641238219861,9.874868320287655e-06,0.0002751641238219861,-1,0,0,0,-1,1,0,0,0
677,1704,76.291268162142,0,0,0,3,22,0,0,0,0,0.0002751641238219861,9.874868320287655e-06,0.0002751641238219861,-1,0,0,0,-1,1,0,0,0
678,693,112.3882239155769,0,0,0,2,17,0,0,0,0,0.0002751641238219861,9.874868320287655e-06,0.0002751641238219861,-1,0,0,0,-1,1,0,0,0
679,29651,138.2795039967687,0,0,0,1,4,0,0,0,0,0.0002751641238219861,9.874868320287655e-06,0.0002751641238219861,-1,0,0,0,-1,1,1,1,0
680,30408,138.2795040002271,0,0,0,1,5,0,0,0,0,0.0002751641238219861,9.874868320287655e-06,0.0002751641238219861,-1,0,0,0,-1,1,1,1,0
681,535,77.3602727337306,0,0,0,4,26,0,0,0,0,0.0002751641238219861,9.874868320287655e-06,0.0002751641238219861,-1,0,0,0,-1,1,0,0,0
682,2104,88.52468110660645,0,0,0,6,29,0,0,0,0,0.0002751641238219861,9.874868320287655e-06,0.0002751641238219861,-1,0,0,0,-1,1,0,0,0
683,373,63.11903221464777,0,0,0,6,26,0,0,0,0,0.0002751641238219861,9.874868320287655e-06,0.0002751641238219861,-1,0,0,0,-1,1,0,0,0
684,29903,138.2795040064227,0,0,0,1,6,0,0,0,0,0.0002751641238219861,9.874868320287655e-06,0.0002751641238219861,-1,0,0,0,-1,1,1,1,0
685,1924,53.44144402928468,0,0,0,7,29,0,0,0,0,0.0002751641238219861,9.874868320287655e-06,0.0002751641238219861,-1,0,0,0,-1,1,0,0,0
686,28390,138.27950400353,0,0,0,1,6,0,0,0,0,0.0002751641238219861,9.874868320287655e-06,0.0002751641238219861,-1,0,0,0,-1,1,1,1,0
687,0,95.86119938370797,0,0,0,3,27,0,0,0,0,0.0002751641238219861,9.874868320287655e-06,0.0002751641238219861,-1,0,0,0,-1,1,0,0,0
688,29546,138.2795039910837,0,0,0,1,6,0,0,0,0,0.0002751641238219861,9.874868320287655e-06,0.0002751641238219861,-1,0,0,0,-1,1,1,1,0
689,29485,138.2795039983746,0,0,0,1,4,0,0,0,0,0.0002751641238219861,9.874868320287655e-06,0.0002751641238219861,-1,0,0,0,-1,1,1,1,0
690,1343,66.08734474899956,0,0,0,3,19,0,0,0,0,0.0002751641238219861,9.874868320287655e-06,0.0002751641238219861,-1,0,0,0,-1,1,0,0,0
691,31155,138.2795039995884,0,0,0,1,7,0,0,0,0,0.0002751641238219861,9.874868320287655e-06,0.0002751641238219861,-1,0,0,0,-1,1,1,1,0
692,913,72.71445341367053,0,0,0,5,28,0,0,0,0,0.0002751641238219861,9.874868320287655e-06,0.0002751641238219861,-1,0,0,0,-1,1,0,0,0
693,835,83.67795970119118,0,0,0,4,26,0,0,0,0,0.0002751641238219861,9.874868320287655e-06,0.0002751641238219861,-1,0,0,0,-1,1,0,0,0
694,29969,138.2795039995831,0,0,0,1,6,0,0,0,0,0.0002751641238219861,9.874868320287655e-06,0.0002751641238219861,-1,0,0,0,-1,1,1,1,0
695,29774,138.2795039922776,0,0,0,1,4,0,0,0,0,0.0002751641238219861,9.874868320287655e-06,0.0002751641238219861,-1,0,0,0,-1,1,1,1,0
696,28597,138.2795039999152,0,0,0,1,6,0,0,0,0,0.0002751641238219861,9.874868320287655e-06,0.0002751641238219861,-1,0,0,0,-1,1,1,1,0
697,30284,138.2795039947929,0,0,0,1,6,0,0,0,0,0.0002751641238219861,9.874868320287655e-06,0.0002751641238219861,-1,0,0,0,-1,1,1,1,0
698,1293,80.628163789135,0,0,0,5,33,0,0,0,0,0.0002751641238219861,9.874868320287655e-06,0.0002751641238219861,-1,0,0,0,-1,1,0,0,0
699,0,95.79136973538075,0,0,0,3,32,0,0,0,0,0.0002751641238219861,9.874868320287655e-06,0.0002751641238219861,-1,0,0,0,-1,1,0,0,0
700,135,57.98102599452352,0,0,0,1,6,0,0,0,0,0.0002751641238219861,9.874868320287655e-06,0.0002751641238219861,-1,0,0,0,-1,1,0,0,0
701,716,62.9513262455901,0,0,0,5,37,0,0,0,0,0.0002751641238219861,9.874868320287655e-06,0.0002751641238219861,-1,0,0,0,-1,1,0,0,0
702,0,71.12192000115967,0,0,0,4,30,0,0,0,0,0.0002751641238219861,9.874868320287655e-06,0.0002751641238219861,-1,0,0,0,-1,1,0,0,0
703,1092,83.99091159435538,0,0,0,4,18,0,0,0,0,0.0002751641238219861,9.874868320287655e-06,0.0002751641238219861,-1,0,0,0,-1,1,0,0,0
704,0,90.82969576264981,0,0,0,3,13,0,0,0,0,0.0002751641238219861,9.874868320287655e-06,0.0002751641238219861,-1,0,0,0,-1,1,0,0,0
705,29852,138.2795039992191,0,0,0,1,5,0,0,0,0,0.0002751641238219861,9.874868320287655e-06,0.0002751641238219861,-1,0,0,0,-1,1,1,1,0
706,378,107.9822048151302,0,0,0,2,23,0,0,0,0,0.0002751641238219861,9.874868320287655e-06,0.0002751641238219861,-1,0,0,0,-1,1,0,0,0
707,30024,138.2795040087846,0,0,0,1,8,0,0,0,0,0.0002751641238219861,9.874868320287655e-06,0.0002751641238219861,-1,0,0,0,-1,1,1,1,0
708,31798,138.2795039975957,0,0,0,1,8,0,0,0,0,0.0002751641238219861,9.874868320287655e-06,0.0002751641238219861,-1,0,0,0,-1,1,1,1,0
709,29495,138.2795039994777,0,0,0,1,4,0,0,0,0,0.0002751641238219861,9.874868320287655e-06,0.0002751641238219861,-1,0,0,0,-1,1,1,1,0
710,2487,92.24160492235991,0,0,0,5,21,0,0,0,0,0.0002751641238219861,9.874868320287655e-06,0.0002751641238219861,-1,0,0,0,-1,1,0,0,0
711,0,50.34949765940346,0,0,0,5,30,0,0,0,0,0.0002751641238219861,9.874868320287655e-06,0.0002751641238219861,-1,0,0,0,-1,1,0,0,0
712,30756,138.2795040064272,0,0,0,1,6,0,0,0,0,0.0002751641238219861,9.874868320287655e-06,0.0002751641238219861,-1,0,0,0,-1,1,1,1,0
713,1822,72.75179695803286,0,0,0,6,24,0,0,0,0,0.0002751641238219861,9.874868320287655e-06,0.0002751641238219861,-1,0,0,0,-1,1,0,0,0
714,685,60.5492936908505,0,0,0,5,21,0,0,0,0,0.0002751641238219861,9.874868320287655e-06,0.0002751641238219861,-1,0,0,0,-1,1,0,0,0
715,754,95.64686258720323,0,0,0,4,26,0,0,0,0,0.0002751641238219861,9.874868320287655e-06,0.0002751641238219861,-1,0,0,0,-1,1,0,0,0
716,30814,138.2795040085218,0,0,0,1,5,0,0,0,0,0.0002751641238219861,9.874868320287655e-06,0.0002751641238219861,-1,0,0,0,-1,1,1,1,0
717,0,76.16005295624734,0,0,0,3,15,0,0,0,0,0.0002751641238219861,9.874868320287655e-06,0.0002751641238219861,-1,0,0,0,-1,1,0,0,0
718,29660,138.2795040005609,0,0,0,1,6,0,0,0,0,0.0002751641238219861,9.874868320287655e-06,0.0002751641238219861,-1,0,0,0,-1,1,1,1,0
719,1478,70.07124889524164,0,0,0,7,31,0,0,0,0,0.0002751641238219861,9.874868320287655e-06,0.0002751641238219861,-1,0,0,0,-1,1,0,0,0
720,0,64.57324964979638,0,0,0,1,7,0,0,0,0,0.0002751641238219861,9.874868320287655e-06,0.0002751641238219861,-1,0,0,0,-1,1,0,0,0
721,0,70.62354879097764,0,0,0,2,15,0,0,0,0,0.0002751641238219861,9.874868320287655e-06,0.0002751641238219861,-1,0,0,0,-1,1,0,0,0
722,651,76.06689530362817,0,0,0,4,35,0,0,0,0,0.0002751641238219861,9.874868320287655e-06,0.0002751641238219861,-1,0,0,0,-1,1,0,0,0
723,0,75.90552964919917,0,0,0,3,33,0,0,0,0,0.0002751641238219861,9.874868320287655e-06,0.0002751641238219861,-1,0,0,0,-1,1,0,0,0
724,44,77.24523178897952,0,0,0,1,4,0,0,0,0,0.0002751641238219861,9.874868320287655e-06,0.0002751641238219861,-1,0,0,0,-1,1,0,0,0
725,29430,138.2795039980779,0,0,0,1,4,0,0,0,0,0.0002751641238219861,9.874868320287655e-06,0.0002751641238219861,-1,0,0,0,-1,1,1,1,0
726,1677,86.68307756431679,0,0,0,5,15,0,0,0,0,0.0002751641238219861,9.874868320287655e-06,0.0002751641238219861,-1,0,0,0,-1,1,0,0,0
727,861,68.18332154812256,0,0,0,5,26,0,0,0,0,0.0002751641238219861,9.874868320287655e-06,0.0002751641238219861,-1,0,0,0,-1,1,0,0,0
728,1463,61.16337041573203,0,0,0,5,27,0,0,0,0,0.0002751641238219861,9.874868320287655e-06,0.0002751641238219861,-1,0,0,0,-1,1,0,0,0
729,29956,138.2795039990555,0,0,0,1,3,0,0,0,0,0.0002751641238219861,9.874868320287655e-06,0.0002751641238219861,-1,0,0,0,-1,1,1,1,0
730,0,95.77789987459683,0,0,0,3,27,0,0,0,0,0.0002751641238219861,9.874868320287655e-06,0.0002751641238219861,-1,0,0,0,-1,1,0,0,0
731,73,90.40645603310288,0,0,0,2,15,0,0,0,0,0.0002751641238219861,9.874868320287655e-06,0.0002751641238219861,-1,0,0,0,-1,1,0,0,0
732,517,107.9394779081623,0,0,0,2,10,0,0,0,0,0.0002751641238219861,9.874868320287655e-06,0.0002751641238219861,-1,0,0,0,-1,1,0,0,0
733,0,86.37768672946909,0,0,0,2,17,0,0,0,0,0.0002751641238219861,9.874868320287655e-06,0.0002751641238219861,-1,0,0,0,-1,1,0,0,0
734,531,95.71992406485477,0,0,0,4,17,0,0,0,0,0.0002751641238219861,9.874868320287655e-06,0.0002751641238219861,-1,0,0,0,-1,1,0,0,0
735,156,71.89921742581254,0,0,0,4,27,0,0,0,0,0.0002751641238219861,9.874868320287655e-06,0.0002751641238219861,-1,0,0,0,-1,1,0,0,0
736,1461,85.80598916756293,0,0,0,3,17,0,0,0,0,0.0002751641238219861,9.874868320287655e-06,0.0002751641238219861,-1,0,0,0,-1,1,0,0,0
737,30247,138.2795040000726,0,0,0,1,5,0,0,0,0,0.0002751641238219861,9.874868320287655e-06,0.0002751641238219861,-1,0,0,0,-1,1,1,1,0
738,736,85.00227329041789,0,0,0,4,29,0,0,0,0,0.0002751641238219861,9.874868320287655e-06,0.0002751641238219861,-1,0,0,0,-1,1,0,0,0
739,19,100.7703426002107,0,0,0,4,14,0,0,0,0,0.0002751641238219861,9.874868320287655e-06,0.0002751641238219861,-1,0,0,0,-1,1,0,0,0
740,1208,71.91628861088762,0,0,0,4,24,0,0,0,0,0.0002751641238219861,9.874868320287655e-06,0.0002751641238219861,-1,0,0,0,-1,1,0,0,0
741,3229,65.91941610521313,0,0,0,7,26,0,0,0,0,0.0002751641238219861,9.874868320287655e-06,0.0002751641238219861,-1,0,0,0,-1,1,0,0,0
742,0,74.19603680749317,0,0,0,2,15,0,0,0,0,0.0002751641238219861,9.874868320287655e-06,0.0002751641238219861,-1,0,0,0,-1,1,0,0,0
743,28272,138.2795040126961,0,0,0,1,3,0,0,0,0,0.0002751641238219861,9.874868320287655e-06,0.0002751641238219861,-1,0,0,0,-1,1,1,1,0
744,314,88.74905909856585,0,0,0,3,28,0,0,0,0,0.0002751641238219861,9.874868320287655e-06,0.0002751641238219861,-1,0,0,0,-1,1,0,0,0
745,0,74.16903443869543,0,0,0,2,25,0,0,0,0,0.0002751641238219861,9.874868320287655e-06,0.0002751641238219861,-1,0,0,0,-1,1,0,0,0
746,119,66.45714703270403,0,0,0,4,22,0,0,0,0,0.0002751641238219861,9.874868320287655e-06,0.0002751641238219861,-1,0,0,0,-1,1,0,0,0
747,1571,100.9045390592644,0,0,0,4,21,0,0,0,0,0.0002751641238219861,9.874868320287655e-06,0.0002751641238219861,-1,0,0,0,-1,1,0,0,0
748,471,64.70633532244076,0,0,0,4,22,0,0,0,0,0.0002751641238219861,9.874868320287655e-06,0.0002751641238219861,-1,0,0,0,-1,1,0,0,0
749,197,71.90978929690938,0,0,0,4,34,0,0,0,0,0.0002751641238219861,9.874868320287655e-06,0.0002751641238219861,-1,0,0,0,-1,1,0,0,0
750,29833,138.2795039861581,0,0,0,1,7,0,0,0,0,0.0002751641238219861,9.874868320287655e-06,0.0002751641238219861,-1,0,0,0,-1,1,1,1,0
751,607,105.2382853238837,0,0,0,2,22,0,0,0,0,0.0002751641238219861,9.874868320287655e-06,0.0002751641238219861,-1,0,0,0,-1,1,0,0,0
752,1674,88.27605104292194,0,0,0,4,25,0,0,0,0,0.0002751641238219861,9.874868320287655e-06,0.0002751641238219861,-1,0,0,0,-1,1,0,0,0
753,1349,103.0460009296457,0,0,0,4,27,0,0,0,0,0.0002751641238219861,9.874868320287655e-06,0.0002751641238219861,-1,0,0,0,-1,1,0,0,0
754,31115,138.2795039996932,0,0,0,1,6,0,0,0,0,0.0002751641238219861,9.874868320287655e-06,0.0002751641238219861,-1,0,0,0,-1,1,1,1,0
755,317,81.93687610287809,0,0,0,2,11,0,0,0,0,0.0002751641238219861,9.874868320287655e-06,0.0002751641238219861,-1,0,0,0,-1,1,0,0,0
756,424,68.04373406718997,0,0,0,5,28,0,0,0,0,0.0002751641238219861,9.874868320287655e-06,0.0002751641238219861,-1,0,0,0,-1,1,0,0,0
757,0,46.22026264996187,0,0,0,1,12,0,0,0,0,0.0002751641238219861,9.874868320287655e-06,0.0002751641238219861,-1,0,0,0,-1,1,0,0,0
758,42,81.84632117729572,0,0,0,2,9,0,0,0,0,0.0002751641238219861,9.874868320287655e-06,0.0002751641238219861,-1,0,0,0,-1,1,0,0,0
759,3476,73.74996401734718,0,0,0,6,16,0,0,0,0,0.0002751641238219861,9.874868320287655e-06,0.0002751641238219861,-1,0,0,0,-1,1,0,0,0
760,0,69.64816964915236,0,0,0,4,35,0,0,0,0,0.0002751641238219861,9.874868320287655e-06,0.0002751641238219861,-1,0,0,0,-1,1,0,0,0
761,1037,98.03257117488272,0,0,0,3,15,0,0,0,0,0.0002751641238219861,9.874868320287655e-06,0.0002751641238219861,-1,0,0,0,-1,1,0,0,0
762,3817,93.70237501098165,0,0,0,5,20,0,0,0,0,0.0002751641238219861,9.874868320287655e-06,0.0002751641238219861,-1,0,0,0,-1,1,0,0,0
763,31035,138.2795039979358,0,0,0,1,6,0,0,0,0,0.0002751641238219861,9.874868320287655e-06,0.0002751641238219861,-1,0,0,0,-1,1,1,1,0
764,3181,86.92363492135831,0,0,0,3,16,0,0,0,0,0.0002751641238219861,9.874868320287655e-06,0.0002751641238219861,-1,0,0,0,-1,1,0,0,0
765,0,86.61163564996461,0,0,0,0,0,0,0,0,0,0.0002751641238219861,9.874868320287655e-06,0.0002751641238219861,-1,0,0,0,-1,1,0,0,0
766,527,68.26522562530063,0,0,0,2,15,0,0,0,0,0.0002751641238219861,9.874868320287655e-06,0.0002751641238219861,-1,0,0,0,-1,1,0,0,0
767,31884,140.5038770040395,0,0,0,1,7,0,0,0,0,0.0002751641238219861,9.874868320287655e-06,0.0002751641238219861,-1,0,0,0,-1,1,1,1,0
768,936,60.57225191694669,0,0,0,2,12,0,0,0,0,0.0002751641238219861,9.874868320287655e-06,0.0002751641238219861,-1,0,0,0,-1,1,0,0,0
769,31493,138.2795039999236,0,0,0,1,7,0,0,0,0,0.0002751641238219861,9.874868320287655e-06,0.0002751641238219861,-1,0,0,0,-1,1,1,1,0
770,0,103.0708451038081,0,0,0,3,25,0,0,0,0,0.0002751641238219861,9.874868320287655e-06,0.0002751641238219861,-1,0,0,0,-1,1,0,0,0
771,1440,106.456252080435,0,0,0,1,2,0,0,0,0,0.0002751641238219861,9.874868320287655e-06,0.0002751641238219861,-1,0,0,0,-1,1,0,0,0
772,168,98.04061189144784,0,0,0,3,21,0,0,0,0,0.0002751641238219861,9.874868320287655e-06,0.0002751641238219861,-1,0,0,0,-1,1,0,0,0
773,30383,138.2795040034466,0,0,0,1,5,0,0,0,0,0.0002751641238219861,9.874868320287655e-06,0.0002751641238219861,-1,0,0,0,-1,1,1,1,0
774,0,80.35427564995746,0,0,0,1,9,0,0,0,0,0.0002751641238219861,9.874868320287655e-06,0.0002751641238219861,-1,0,0,0,-1,1,0,0,0
775,30346,138.2795040134526,0,0,0,1,6,0,0,0,0,0.0002751641238219861,9.874868320287655e-06,0.0002751641238219861,-1,0,0,0,-1,1,1,1,0
776,30353,138.2795040004282,0,0,0,1,8,0,0,0,0,0.0002751641238219861,9.874868320287655e-06,0.0002751641238219861,-1,0,0,0,-1,1,1,1,0
777,0,79.48074061366169,0,0,0,1,10,0,0,0,0,0.0002751641238219861,9.874868320287655e-06,0.0002751641238219861,-1,0,0,0,-1,1,0,0,0
778,1666,84.38649609233931,0,0,0,2,12,0,0,0,0,0.0002751641238219861,9.874868320287655e-06,0.0002751641238219861,-1,0,0,0,-1,1,0,0,0
779,0,95.85870872566116,0,0,0,3,23,0,0,0,0,0.0002751641238219861,9.874868320287655e-06,0.0002751641238219861,-1,0,0,0,-1,1,0,0,0
780,30110,138.2795040066313,0,0,0,1,5,0,0,0,0,0.0002751641238219861,9.874868320287655e-06,0.0002751641238219861,-1,0,0,0,-1,1,1,1,0
781,1039,84.98576620885517,0,0,0,4,23,0,0,0,0,0.0002751641238219861,9.874868320287655e-06,0.0002751641238219861,-1,0,0,0,-1,1,0,0,0
782,0,51.29518264992407,0,0,0,4,28,0,0,0,0,0.0002751641238219861,9.874868320287655e-06,0.0002751641238219861,-1,0,0,0,-1,1,0,0,0
783,576,84.82156159886341,0,0,0,3,18,0,0,0,0,0.0002751641238219861,9.874868320287655e-06,0.0002751641238219861,-1,0,0,0,-1,1,0,0,0
784,3395,76.64436384469516,0,0,0,5,17,0,0,0,0,0.0002751641238219861,9.874868320287655e-06,0.0002751641238219861,-1,0,0,0,-1,1,0,0,0
785,1795,100.3394987358069,0,0,0,4,32,0,0,0,0,0.0002751641238219861,9.874868320287655e-06,0.0002751641238219861,-1,0,0,0,-1,1,0,0,0
786,816,76.31293179499893,0,0,0,6,33,0,0,0,0,0.0002751641238219861,9.874868320287655e-06,0.0002751641238219861,-1,0,0,0,-1,1,0,0,0
787,902,83.58021807472409,0,0,0,4,30,0,0,0,0,0.0002751641238219861,9.874868320287655e-06,0.0002751641238219861,-1,0,0,0,-1,1,0,0,0
788,1045,71.17636331842208,0,0,0,5,33,0,0,0,0,0.0002751641238219861,9.874868320287655e-06,0.0002751641238219861,-1,0,0,0,-1,1,0,0,0
789,0,78.1299026425563,0,0,0,2,22,0,0,0,0,0.0002751641238219861,9.874868320287655e-06,0.0002751641238219861,-1,0,0,0,-1,1,0,0,0
790,297,100.8206571744237,0,0,0,3,21,0,0,0,0,0.0002751641238219861,9.874868320287655e-06,0.0002751641238219861,-1,0,0,0,-1,1,0,0,0
791,29391,138.2795040001649,0,0,0,1,7,0,0,0,0,0.0002751641238219861,9.874868320287655e-06,0.0002751641238219861,-1,0,0,0,-1,1,1,1,0
792,1020,77.90468655236212,0,0,0,4,26,0,0,0,0,0.0002751641238219861,9.874868320287655e-06,0.0002751641238219861,-1,0,0,0,-1,1,0,0,0
793,256,84.98858524658853,0,0,0,4,29,0,0,0,0,0.0002751641238219861,9.874868320287655e-06,0.0002751641238219861,-1,0,0,0,-1,1,0,0,0
794,29797,138.2795039975612,0,0,0,1,4,0,0,0,0,0.0002751641238219861,9.874868320287655e-06,0.0002751641238219861,-1,0,0,0,-1,1,1,1,0
795,30435,138.2795039972113,0,0,0,1,5,0,0,0,0,0.0002751641238219861,9.874868320287655e-06,0.0002751641238219861,-1,0,0,0,-1,1,1,1,0
796,0,107.9394779154111,0,0,0,2,15,0,0,0,0,0.0002751641238219861,9.874868320287655e-06,0.0002751641238219861,-1,0,0,0,-1,1,0,0,0
797,0,48.44463564996489,0,0,0,0,0,0,0,0,0,0.0002751641238219861,9.874868320287655e-06,0.0002751641238219861,-1,0,0,0,-1,1,0,0,0
798,0,95.7796650495318,0,0,0,3,36,0,0,0,0,0.0002751641238219861,9.874868320287655e-06,0.0002751641238219861,-1,0,0,0,-1,1,0,0,0
799,1839,87.43036195393812,0,0,0,2,15,0,0,0,0,0.0002751641238219861,9.874868320287655e-06,0.0002751641238219861,-1,0,0,0,-1,1,0,0,0
800,667,88.63920764784012,0,0,0,3,26,0,0,0,0,0.0002751641238219861,9.874868320287655e-06,0.0002751641238219861,-1,0,0,0,-1,1,0,0,0
801,1526,80.18872842777824,0,0,0,6,39,0,0,0,0,0.0002751641238219861,9.874868320287655e-06,0.0002751641238219861,-1,0,0,0,-1,1,0,0,0
802,30402,138.2795039999495,0,0,0,1,8,0,0,0,0,0.0002751641238219861,9.874868320287655e-06,0.0002751641238219861,-1,0,0,0,-1,1,1,1,0
803,0,61.20169593012136,0,0,0,4,26,0,0,0,0,0.0002751641238219861,9.874868320287655e-06,0.0002751641238219861,-1,0,0,0,-1,1,0,0,0
804,28043,138.279503999032,0,0,0,1,10,0,0,0,0,0.0002751641238219861,9.874868320287655e-06,0.0002751641238219861,-1,0,0,0,-1,1,1,1,0
805,30086,138.2795039985739,0,0,0,1,6,0,0,0,0,0.0002751641238219861,9.874868320287655e-06,0.0002751641238219861,-1,0,0,0,-1,1,1,1,0
806,0,78.12990264987816,0,0,0,2,16,0,0,0,0,0.0002751641238219861,9.874868320287655e-06,0.0002751641238219861,-1,0,0,0,-1,1,0,0,0
807,0,70.98237506442884,0,0,0,3,19,0,0,0,0,0.0002751641238219861,9.874868320287655e-06,0.0002751641238219861,-1,0,0,0,-1,1,0,0,0
808,1001,80.37610817302814,0,0,0,2,12,0,0,0,0,0.0002751641238219861,9.874868320287655e-06,0.0002751641238219861,-1,0,0,0,-1,1,0,0,0
809,0,56.61652030523224,0,0,0,2,19,0,0,0,0,0.0002751641238219861,9.874868320287655e-06,0.0002751641238219861,-1,0,0,0,-1,1,0,0,0
810,109,42.53160706966026,0,0,0,4,33,0,0,0,0,0.0002751641238219861,9.874868320287655e-06,0.0002751641238219861,-1,0,0,0,-1,1,0,0,0
811,29662,138.2795040018145,0,0,0,1,5,0,0,0,0,0.0002751641238219861,9.874868320287655e-06,0.0002751641238219861,-1,0,0,0,-1,1,1,1,0
812,0,70.62354879152832,0,0,0,2,15,0,0,0,0,0.0002751641238219861,9.874868320287655e-06,0.0002751641238219861,-1,0,0,0,-1,1,0,0,0
813,1974,88.66074414494483,0,0,0,5,15,0,0,0,0,0.0002751641238219861,9.874868320287655e-06,0.0002751641238219861,-1,0,0,0,-1,1,0,0,0
814,0,55.36884647495669,0,0,0,4,30,0,0,0,0,0.0002751641238219861,9.874868320287655e-06,0.0002751641238219861,-1,0,0,0,-1,1,0,0,0
815,0,75.93892143140509,0,0,0,3,35,0,0,0,0,0.0002751641238219861,9.874868320287655e-06,0.0002751641238219861,-1,0,0,0,-1,1,0,0,0
816,0,70.23926661692349,0,0,0,5,21,0,0,0,0,0.0002751641238219861,9.874868320287655e-06,0.0002751641238219861,-1,0,0,0,-1,1,0,0,0
817,29669,138.2795040041844,0,0,0,1,6,0,0,0,0,0.0002751641238219861,9.874868320287655e-06,0.0002751641238219861,-1,0,0,0,-1,1,1,1,0
818,842,68.42750385916285,0,0,0,5,17,0,0,0,0,0.0002751641238219861,9.874868320287655e-06,0.0002751641238219861,-1,0,0,0,-1,1,0,0,0
819,1355,54.57491602452941,0,0,0,6,36,0,0,0,0,0.0002751641238219861,9.874868320287655e-06,0.0002751641238219861,-1,0,0,0,-1,1,0,0,0
820,346,74.85852334993126,0,0,0,6,31,0,0,0,0,0.0002751641238219861,9.874868320287655e-06,0.0002751641238219861,-1,0,0,0,-1,1,0,0,0
821,782,72.81570662882815,0,0,0,5,30,0,0,0,0,0.0002751641238219861,9.874868320287655e-06,0.0002751641238219861,-1,0,0,0,-1,1,0,0,0
822,0,78.12990264995516,0,0,0,2,21,0,0,0,0,0.0002751641238219861,9.874868320287655e-06,0.0002751641238219861,-1,0,0,0,-1,1,0,0,0
823,0,67.3800659944262,0,0,0,4,32,0,0,0,0,0.0002751641238219861,9.874868320287655e-06,0.0002751641238219861,-1,0,0,0,-1,1,0,0,0
824,600,74.10117447590552,0,0,0,3,18,0,0,0,0,0.0002751641238219861,9.874868320287655e-06,0.0002751641238219861,-1,0,0,0,-1,1,0,0,0
825,1741,95.70965834799541,0,0,0,5,20,0,0,0,0,0.0002751641238219861,9.874868320287655e-06,0.0002751641238219861,-1,0,0,0,-1,1,0,0,0
826,0,97.98639167870137,0,0,0,2,22,0,0,0,0,0.0002751641238219861,9.874868320287655e-06,0.0002751641238219861,-1,0,0,0,-1,1,0,0,0
827,0,79.60453289896977,0,0,0,2,15,0,0,0,0,0.0002751641238219861,9.874868320287655e-06,0.0002751641238219861,-1,0,0,0,-1,1,0,0,0
828,3371,78.59112341383721,0,0,0,5,22,0,0,0,0,0.0002751641238219861,9.874868320287655e-06,0.0002751641238219861,-1,0,0,0,-1,1,0,0,0
829,1956,80.02596388315867,0,0,0,6,36,0,0,0,0,0.0002751641238219861,9.874868320287655e-06,0.0002751641238219861,-1,0,0,0,-1,1,0,0,0
830,30705,138.2795039990371,0,0,0,1,7,0,0,0,0,0.0002751641238219861,9.874868320287655e-06,0.0002751641238219861,-1,0,0,0,-1,1,1,1,0
831,30000,138.2795039381219,0,0,0,1,7,0,0,0,0,0.0002751641238219861,9.874868320287655e-06,0.0002751641238219861,-1,0,0,0,-1,1,1,1,0
832,29986,138.2795040094393,0,0,0,1,8,0,0,0,0,0.0002751641238219861,9.874868320287655e-06,0.0002751641238219861,-1,0,0,0,-1,1,1,1,0
833,664,105.1742265004562,0,0,0,4,26,0,0,0,0,0.0002751641238219861,9.874868320287655e-06,0.0002751641238219861,-1,0,0,0,-1,1,0,0,0
834,211,87.40502017222521,0,0,0,4,23,0,0,0,0,0.0002751641238219861,9.874868320287655e-06,0.0002751641238219861,-1,0,0,0,-1,1,0,0,0
835,31471,140.503877,0,0,0,1,4,0,0,0,0,0.0002751641238219861,9.874868320287655e-06,0.0002751641238219861,-1,0,0,0,-1,1,1,1,0
836,3606,85.84701668719251,0,0,0,5,20,0,0,0,0,0.0002751641238219861,9.874868320287655e-06,0.0002751641238219861,-1,0,0,0,-1,1,0,0,0
837,30985,138.2795039962324,0,0,0,1,7,0,0,0,0,0.0002751641238219861,9.874868320287655e-06,0.0002751641238219861,-1,0,0,0,-1,1,1,1,0
838,30851,138.2795039999666,0,0,0,1,6,0,0,0,0,0.0002751641238219861,9.874868320287655e-06,0.0002751641238219861,-1,0,0,0,-1,1,1,1,0
839,0,89.261030032758,0,0,0,2,17,0,0,0,0,0.0002751641238219861,9.874868320287655e-06,0.0002751641238219861,-1,0,0,0,-1,1,0,0,0
840,29921,138.2795039999885,0,0,0,1,5,0,0,0,0,0.0002751641238219861,9.874868320287655e-06,0.0002751641238219861,-1,0,0,0,-1,1,1,1,0
841,29425,138.279503999509,0,0,0,1,8,0,0,0,0,0.0002751641238219861,9.874868320287655e-06,0.0002751641238219861,-1,0,0,0,-1,1,1,1,0
842,0,107.9948664215861,0,0,0,2,11,0,0,0,0,0.0002751641238219861,9.874868320287655e-06,0.0002751641238219861,-1,0,0,0,-1,1,0,0,0
843,30076,138.2795039977221,0,0,0,1,6,0,0,0,0,0.0002751641238219861,9.874868320287655e-06,0.0002751641238219861,-1,0,0,0,-1,1,1,1,0
844,1699,61.7789976515433,0,0,0,6,20,0,0,0,0,0.0002751641238219861,9.874868320287655e-06,0.0002751641238219861,-1,0,0,0,-1,1,0,0,0
845,30632,138.2795039998611,0,0,0,1,2,0,0,0,0,0.0002751641238219861,9.874868320287655e-06,0.0002751641238219861,-1,0,0,0,-1,1,1,1,0
846,30239,140.503877000438,0,0,0,1,6,0,0,0,0,0.0002751641238219861,9.874868320287655e-06,0.0002751641238219861,-1,0,0,0,-1,1,1,1,0
847,0,84.12761594809167,0,0,0,1,10,0,0,0,0,0.0002751641238219861,9.874868320287655e-06,0.0002751641238219861,-1,0,0,0,-1,1,0,0,0
848,1337,98.04672809424557,0,0,0,4,19,0,0,0,0,0.0002751641238219861,9.874868320287655e-06,0.0002751641238219861,-1,0,0,0,-1,1,0,0,0
849,610,72.71224829951012,0,0,0,4,30,0,0,0,0,0.0002751641238219861,9.874868320287655e-06,0.0002751641238219861,-1,0,0,0,-1,1,0,0,0
850,1734,107.9400173088621,0,0,0,3,19,0,0,0,0,0.0002751641238219861,9.874868320287655e-06,0.0002751641238219861,-1,0,0,0,-1,1,0,0,0
851,328,81.26321206336576,0,0,0,5,33,0,0,0,0,0.0002751641238219861,9.874868320287655e-06,0.0002751641238219861,-1,0,0,0,-1,1,0,0,0
852,0,80.35427564982675,0,0,0,1,6,0,0,0,0,0.0002751641238219861,9.874868320287655e-06,0.0002751641238219861,-1,0,0,0,-1,1,0,0,0
853,719,93.47538513271212,0,0,0,3,12,0,0,0,0,0.0002751641238219861,9.874868320287655e-06,0.0002751641238219861,-1,0,0,0,-1,1,0,0,0
854,0,103.1602960677318,0,0,0,2,15,0,0,0,0,0.0002751641238219861,9.874868320287655e-06,0.0002751641238219861,-1,0,0,0,-1,1,0,0,0
855,27931,138.2795039960107,0,0,0,1,4,0,0,0,0,0.0002751641238219861,9.874868320287655e-06,0.0002751641238219861,-1,0,0,0,-1,1,1,1,0
856,0,91.9483129389659,0,0,0,2,11,0,0,0,0,0.0002751641238219861,9.874868320287655e-06,0.0002751641238219861,-1,0,0,0,-1,1,0,0,0
857,0,80.35427564990746,0,0,0,1,5,0,0,0,0,0.0002751641238219861,9.874868320287655e-06,0.0002751641238219861,-1,0,0,0,-1,1,0,0,0
858,31458,138.2795040014153,0,0,0,1,6,0,0,0,0,0.0002751641238219861,9.874868320287655e-06,0.0002751641238219861,-1,0,0,0,-1,1,1,1,0
859,324,95.74048980814486,0,0,0,4,28,0,0,0,0,0.0002751641238219861,9.874868320287655e-06,0.0002751641238219861,-1,0,0,0,-1,1,0,0,0
860,30516,138.279503999999,0,0,0,1,7,0,0,0,0,0.0002751641238219861,9.874868320287655e-06,0.0002751641238219861,-1,0,0,0,-1,1,1,1,0
861,1198,78.23174449120131,0,0,0,3,14,0,0,0,0,0.0002751641238219861,9.874868320287655e-06,0.0002751641238219861,-1,0,0,0,-1,1,0,0,0
862,1497,60.01949521155317,0,0,0,4,16,0,0,0,0,0.0002751641238219861,9.874868320287655e-06,0.0002751641238219861,-1,0,0,0,-1,1,0,0,0
863,889,83.7170804008462,0,0,0,6,22,0,0,0,0,0.0002751641238219861,9.874868320287655e-06,0.0002751641238219861,-1,0,0,0,-1,1,0,0,0
864,0,75.0722947915384,0,0,0,0,0,0,0,0,0,0.0002751641238219861,9.874868320287655e-06,0.0002751641238219861,-1,0,0,0,-1,1,0,0,0
865,29699,140.5038769971985,0,0,0,1,10,0,0,0,0,0.0002751641238219861,9.874868320287655e-06,0.0002751641238219861,-1,0,0,0,-1,1,1,1,0
866,2376,85.63313523376083,0,0,0,5,17,0,0,0,0,0.0002751641238219861,9.874868320287655e-06,0.0002751641238219861,-1,0,0,0,-1,1,0,0,0
867,30415,138.2795039936934,0,0,0,1,5,0,0,0,0,0.0002751641238219861,9.874868320287655e-06,0.0002751641238219861,-1,0,0,0,-1,1,1,1,0
868,0,66.03427564996008,0,0,0,1,16,0,0,0,0,0.0002751641238219861,9.874868320287655e-06,0.0002751641238219861,-1,0,0,0,-1,1,0,0,0
869,4060,81.270279513506,0,0,0,8,28,0,0,0,0,0.0002751641238219861,9.874868320287655e-06,0.0002751641238219861,-1,0,0,0,-1,1,0,0,0
870,30697,138.2795040008662,0,0,0,1,8,0,0,0,0,0.0002751641238219861,9.874868320287655e-06,0.0002751641238219861,-1,0,0,0,-1,1,1,1,0
871,1868,77.7764860508631,0,0,0,6,21,0,0,0,0,0.0002751641238219861,9.874868320287655e-06,0.0002751641238219861,-1,0,0,0,-1,1,0,0,0
872,834,116.1534280251029,0,0,0,1,9,0,0,0,0,0.0002751641238219861,9.874868320287655e-06,0.0002751641238219861,-1,0,0,0,-1,1,0,0,0
873,29656,138.2795039894025,0,0,0,1,10,0,0,0,0,0.0002751641238219861,9.874868320287655e-06,0.0002751641238219861,-1,0,0,0,-1,1,1,1,0
874,29958,138.2795039980719,0,0,0,1,8,0,0,0,0,0.0002751641238219861,9.874868320287655e-06,0.0002751641238219861,-1,0,0,0,-1,1,1,1,0
875,621,89.49600023319005,0,0,0,4,25,0,0,0,0,0.0002751641238219861,9.874868320287655e-06,0.0002751641238219861,-1,0,0,0,-1,1,0,0,0
876,1188,93.79242329391218,0,0,0,4,25,0,0,0,0,0.0002751641238219861,9.874868320287655e-06,0.0002751641238219861,-1,0,0,0,-1,1,0,0,0
877,600,85.85914863977399,0,0,0,4,20,0,0,0,0,0.0002751641238219861,9.874868320287655e-06,0.0002751641238219861,-1,0,0,0,-1,1,0,0,0
878,363,74.01996019464781,0,0,0,5,23,0,0,0,0,0.0002751641238219861,9.874868320287655e-06,0.0002751641238219861,-1,0,0,0,-1,1,0,0,0
879,941,84.52359597688024,0,0,0,5,28,0,0,0,0,0.0002751641238219861,9.874868320287655e-06,0.0002751641238219861,-1,0,0,0,-1,1,0,0,0
880,29300,138.2795039999618,0,0,0,1,5,0,0,0,0,0.0002751641238219861,9.874868320287655e-06,0.0002751641238219861,-1,0,0,0,-1,1,1,1,0
881,1618,104.1014910761395,0,0,0,2,12,0,0,0,0,0.0002751641238219861,9.874868320287655e-06,0.0002751641238219861,-1,0,0,0,-1,1,0,0,0
882,0,78.22050638094407,0,0,0,2,21,0,0,0,0,0.0002751641238219861,9.874868320287655e-06,0.0002751641238219861,-1,0,0,0,-1,1,0,0,0
883,2206,73.37265602432095,0,0,0,6,21,0,0,0,0,0.0002751641238219861,9.874868320287655e-06,0.0002751641238219861,-1,0,0,0,-1,1,0,0,0
884,29693,140.5038769937049,0,0,0,1,6,0,0,0,0,0.0002751641238219861,9.874868320287655e-06,0.0002751641238219861,-1,0,0,0,-1,1,1,1,0
885,29464,140.5038769995627,0,0,0,1,1,0,0,0,0,0.0002751641238219861,9.874868320287655e-06,0.0002751641238219861,-1,0,0,0,-1,1,1,1,0
886,29423,138.2795040003075,0,0,0,1,3,0,0,0,0,0.0002751641238219861,9.874868320287655e-06,0.0002751641238219861,-1,0,0,0,-1,1,1,1,0
887,29499,138.2795040018989,0,0,0,1,4,0,0,0,0,0.0002751641238219861,9.874868320287655e-06,0.0002751641238219861,-1,0,0,0,-1,1,1,1,0
888,0,81.33943824553359,0,0,0,4,19,0,0,0,0,0.0002751641238219861,9.874868320287655e-06,0.0002751641238219861,-1,0,0,0,-1,1,0,0,0
889,30499,138.2795040101608,0,0,0,1,4,0,0,0,0,0.0002751641238219861,9.874868320287655e-06,0.0002751641238219861,-1,0,0,0,-1,1,1,1,0
890,31281,138.279503987406,0,0,0,1,8,0,0,0,0,0.0002751641238219861,9.874868320287655e-06,0.0002751641238219861,-1,0,0,0,-1,1,1,1,0
891,76,62.72250103393635,0,0,0,6,34,0,0,0,0,0.0002751641238219861,9.874868320287655e-06,0.0002751641238219861,-1,0,0,0,-1,1,0,0,0
892,1839,77.44275994472166,0,0,0,4,24,0,0,0,0,0.0002751641238219861,9.874868320287655e-06,0.0002751641238219861,-1,0,0,0,-1,1,0,0,0
893,615,96.83009998926441,0,0,0,4,22,0,0,0,0,0.0002751641238219861,9.874868320287655e-06,0.0002751641238219861,-1,0,0,0,-1,1,0,0,0
894,30234,138.2795039994926,0,0,0,1,5,0,0,0,0,0.0002751641238219861,9.874868320287655e-06,0.0002751641238219861,-1,0,0,0,-1,1,1,1,0
895,1053,84.90111157991093,0,0,0,4,27,0,0,0,0,0.0002751641238219861,9.874868320287655e-06,0.0002751641238219861,-1,0,0,0,-1,1,0,0,0
896,1790,74.99529162812325,0,0,0,4,19,0,0,0,0,0.0002751641238219861,9.874868320287655e-06,0.0002751641238219861,-1,0,0,0,-1,1,0,0,0
897,5192,80.78575424508155,0,0,0,7,18,0,0,0,0,0.0002751641238219861,9.874868320287655e-06,0.0002751641238219861,-1,0,0,0,-1,1,0,0,0
898,0,83.52227755473531,0,0,0,3,10,0,0,0,0,0.0002751641238219861,9.874868320287655e-06,0.0002751641238219861,-1,0,0,0,-1,1,0,0,0
899,1184,78.17608101843338,0,0,0,3,20,0,0,0,0,0.0002751641238219861,9.874868320287655e-06,0.0002751641238219861,-1,0,0,0,-1,1,0,0,0
900,0,95.74675597320741,0,0,0,3,27,0,0,0,0,0.0002751641238219861,9.874868320287655e-06,0.0002751641238219861,-1,0,0,0,-1,1,0,0,0
901,136,77.23836120748422,0,0,0,2,6,0,0,0,0,0.0002751641238219861,9.874868320287655e-06,0.0002751641238219861,-1,0,0,0,-1,1,0,0,0
902,31589,138.279503998317,0,0,0,1,7,0,0,0,0,0.0002751641238219861,9.874868320287655e-06,0.0002751641238219861,-1,0,0,0,-1,1,1,1,0
903,31007,138.2795039972385,0,0,0,1,5,0,0,0,0,0.0002751641238219861,9.874868320287655e-06,0.0002751641238219861,-1,0,0,0,-1,1,1,1,0
904,29352,138.2795040045357,0,0,0,1,7,0,0,0,0,0.0002751641238219861,9.874868320287655e-06,0.0002751641238219861,-1,0,0,0,-1,1,1,1,0
905,0,69.67892929302855,0,0,0,4,44,0,0,0,0,0.0002751641238219861,9.874868320287655e-06,0.0002751641238219861,-1,0,0,0,-1,1,0,0,0
906,517,77.2216631411205,0,0,0,3,22,0,0,0,0,0.0002751641238219861,9.874868320287655e-06,0.0002751641238219861,-1,0,0,0,-1,1,0,0,0
907,318,107.939477915565,0,0,0,2,16,0,0,0,0,0.0002751641238219861,9.874868320287655e-06,0.0002751641238219861,-1,0,0,0,-1,1,0,0,0
908,28830,138.2795039999395,0,0,0,1,7,0,0,0,0,0.0002751641238219861,9.874868320287655e-06,0.0002751641238219861,-1,0,0,0,-1,1,1,1,0
909,1255,64.53941847477564,0,0,0,7,24,0,0,0,0,0.0002751641238219861,9.874868320287655e-06,0.0002751641238219861,-1,0,0,0,-1,1,0,0,0
910,1846,87.15116423914846,0,0,0,4,21,0,0,0,0,0.0002751641238219861,9.874868320287655e-06,0.0002751641238219861,-1,0,0,0,-1,1,0,0,0
911,31291,138.2795039981715,0,0,0,1,3,0,0,0,0,0.0002751641238219861,9.874868320287655e-06,0.0002751641238219861,-1,0,0,0,-1,1,1,1,0
912,29825,138.2795040006553,0,0,0,1,7,0,0,0,0,0.0002751641238219861,9.874868320287655e-06,0.0002751641238219861,-1,0,0,0,-1,1,1,1,0
913,487,62.00896887098566,0,0,0,2,15,0,0,0,0,0.0002751641238219861,9.874868320287655e-06,0.0002751641238219861,-1,0,0,0,-1,1,0,0,0
914,2531,90.91059619542271,0,0,0,6,23,0,0,0,0,0.0002751641238219861,9.874868320287655e-06,0.0002751641238219861,-1,0,0,0,-1,1,0,0,0
915,623,97.97929828723368,0,0,0,3,18,0,0,0,0,0.0002751641238219861,9.874868320287655e-06,0.0002751641238219861,-1,0,0,0,-1,1,0,0,0
916,1295,83.68880759828603,0,0,0,4,27,0,0,0,0,0.0002751641238219861,9.874868320287655e-06,0.0002751641238219861,-1,0,0,0,-1,1,0,0,0
917,30112,138.2795040045457,0,0,0,1,7,0,0,0,0,0.0002751641238219861,9.874868320287655e-06,0.0002751641238219861,-1,0,0,0,-1,1,1,1,0
918,28615,138.2795039987441,0,0,0,1,5,0,0,0,0,0.0002751641238219861,9.874868320287655e-06,0.0002751641238219861,-1,0,0,0,-1,1,1,1,0
919,2434,75.08746422319085,0,0,0,4,24,0,0,0,0,0.0002751641238219861,9.874868320287655e-06,0.0002751641238219861,-1,0,0,0,-1,1,0,0,0
920,3229,103.2055472374792,0,0,0,1,8,0,0,0,0,0.0002751641238219861,9.874868320287655e-06,0.0002751641238219861,-1,0,0,0,-1,1,0,0,0
921,0,69.72653400410795,0,0,0,4,39,0,0,0,0,0.0002751641238219861,9.874868320287655e-06,0.0002751641238219861,-1,0,0,0,-1,1,0,0,0
922,1245,71.50938352259341,0,0,0,6,17,0,0,0,0,0.0002751641238219861,9.874868320287655e-06,0.0002751641238219861,-1,0,0,0,-1,1,0,0,0
923,31154,138.279503990084,0,0,0,1,10,0,0,0,0,0.0002751641238219861,9.874868320287655e-06,0.0002751641238219861,-1,0,0,0,-1,1,1,1,0
924,31280,138.2795039987348,0,0,0,1,9,0,0,0,0,0.0002751641238219861,9.874868320287655e-06,0.0002751641238219861,-1,0,0,0,-1,1,1,1,0
925,1391,56.29671400852532,0,0,0,4,25,0,0,0,0,0.0002751641238219861,9.874868320287655e-06,0.0002751641238219861,-1,0,0,0,-1,1,0,0,0
926,0,80.40565893045427,0,0,0,2,13,0,0,0,0,0.0002751641238219861,9.874868320287655e-06,0.0002751641238219861,-1,0,0,0,-1,1,0,0,0
927,0,78.14612819878083,0,0,0,2,20,0,0,0,0,0.0002751641238219861,9.874868320287655e-06,0.0002751641238219861,-1,0,0,0,-1,1,0,0,0
928,1570,95.52943259430378,0,0,0,1,9,0,0,0,0,0.0002751641238219861,9.874868320287655e-06,0.0002751641238219861,-1,0,0,0,-1,1,0,0,0
929,30104,138.2795039999839,0,0,0,1,8,0,0,0,0,0.0002751641238219861,9.874868320287655e-06,0.0002751641238219861,-1,0,0,0,-1,1,1,1,0
930,29950,138.2795040016524,0,0,0,1,5,0,0,0,0,0.0002751641238219861,9.874868320287655e-06,0.0002751641238219861,-1,0,0,0,-1,1,1,1,0
931,0,76.44077770836421,0,0,0,3,16,0,0,0,0,0.0002751641238219861,9.874868320287655e-06,0.0002751641238219861,-1,0,0,0,-1,1,0,0,0
932,312,88.7097079745087,0,0,0,4,15,0,0,0,0,0.0002751641238219861,9.874868320287655e-06,0.0002751641238219861,-1,0,0,0,-1,1,0,0,0
933,237,90.85366202676008,0,0,0,4,29,0,0,0,0,0.0002751641238219861,9.874868320287655e-06,0.0002751641238219861,-1,0,0,0,-1,1,0,0,0
934,0,95.87639632570479,0,0,0,3,31,0,0,0,0,0.0002751641238219861,9.874868320287655e-06,0.0002751641238219861,-1,0,0,0,-1,1,0,0,0
935,0,103.9032568848518,0,0,0,2,22,0,0,0,0,0.0002751641238219861,9.874868320287655e-06,0.0002751641238219861,-1,0,0,0,-1,1,0,0,0
936,148,81.56783660841423,0,0,0,3,33,0,0,0,0,0.0002751641238219861,9.874868320287655e-06,0.0002751641238219861,-1,0,0,0,-1,1,0,0,0
937,0,95.28508503310829,0,0,0,1,11,0,0,0,0,0.0002751641238219861,9.874868320287655e-06,0.0002751641238219861,-1,0,0,0,-1,1,0,0,0
938,366,82.82328934470679,0,0,0,3,21,0,0,0,0,0.0002751641238219861,9.874868320287655e-06,0.0002751641238219861,-1,0,0,0,-1,1,0,0,0
939,2223,80.10584790331421,0,0,0,6,35,0,0,0,0,0.0002751641238219861,9.874868320287655e-06,0.0002751641238219861,-1,0,0,0,-1,1,0,0,0
940,2907,78.21019531664385,0,0,0,4,17,0,0,0,0,0.0002751641238219861,9.874868320287655e-06,0.0002751641238219861,-1,0,0,0,-1,1,0,0,0
941,2242,87.27372937872948,0,0,0,5,26,0,0,0,0,0.0002751641238219861,9.874868320287655e-06,0.0002751641238219861,-1,0,0,0,-1,1,0,0,0
942,30843,138.279504001147,0,0,0,1,4,0,0,0,0,0.0002751641238219861,9.874868320287655e-06,0.0002751641238219861,-1,0,0,0,-1,1,1,1,0
943,0,73.15633540241508,0,0,0,2,2,0,0,0,0,0.0002751641238219861,9.874868320287655e-06,0.0002751641238219861,-1,0,0,0,-1,1,0,0,0
944,30693,140.503877000651,0,0,0,1,3,0,0,0,0,0.0002751641238219861,9.874868320287655e-06,0.0002751641238219861,-1,0,0,0,-1,1,1,1,0
945,0,73.16759043713519,0,0,0,2,6,0,0,0,0,0.0002751641238219861,9.874868320287655e-06,0.0002751641238219861,-1,0,0,0,-1,1,0,0,0
946,0,84.3872626499069,0,0,0,1,9,0,0,0,0,0.0002751641238219861,9.874868320287655e-06,0.0002751641238219861,-1,0,0,0,-1,1,0,0,0
947,0,95.75236945112475,0,0,0,3,20,0,0,0,0,0.0002751641238219861,9.874868320287655e-06,0.0002751641238219861,-1,0,0,0,-1,1,0,0,0
948,1165,80.33314981748603,0,0,0,5,22,0,0,0,0,0.0002751641238219861,9.874868320287655e-06,0.0002751641238219861,-1,0,0,0,-1,1,0,0,0
949,30722,138.27950399561,0,0,0,1,7,0,0,0,0,0.0002751641238219861,9.874868320287655e-06,0.0002751641238219861,-1,0,0,0,-1,1,1,1,0
950,32035,138.2795040005716,0,0,0,1,7,0,0,0,0,0.0002751641238219861,9.874868320287655e-06,0.0002751641238219861,-1,0,0,0,-1,1,1,1,0
951,1515,73.28630527292913,0,0,0,4,27,0,0,0,0,0.0002751641238219861,9.874868320287655e-06,0.0002751641238219861,-1,0,0,0,-1,1,0,0,0
952,150,91.485403033114,0,0,0,2,13,0,0,0,0,0.0002751641238219861,9.874868320287655e-06,0.0002751641238219861,-1,0,0,0,-1,1,0,0,0
953,3953,75.70406230199889,0,0,0,5,16,0,0,0,0,0.0002751641238219861,9.874868320287655e-06,0.0002751641238219861,-1,0,0,0,-1,1,0,0,0
954,1974,62.94226161688461,0,0,0,7,21,0,0,0,0,0.0002751641238219861,9.874868320287655e-06,0.0002751641238219861,-1,0,0,0,-1,1,0,0,0
955,15,62.4529903908038,0,0,0,5,36,0,0,0,0,0.0002751641238219861,9.874868320287655e-06,0.0002751641238219861,-1,0,0,0,-1,1,0,0,0
956,1532,71.82690361477043,0,0,0,4,28,0,0,0,0,0.0002751641238219861,9.874868320287655e-06,0.0002751641238219861,-1,0,0,0,-1,1,0,0,0
957,0,66.79762264996477,0,0,0,0,1,0,0,0,0,0.0002751641238219861,9.874868320287655e-06,0.0002751641238219861,-1,0,0,0,-1,1,0,0,0
958,28135,138.2795039979239,0,0,0,1,3,0,0,0,0,0.0002751641238219861,9.874868320287655e-06,0.0002751641238219861,-1,0,0,0,-1,1,1,1,0
959,1741,105.2607536653859,0,0,0,2,15,0,0,0,0,0.0002751641238219861,9.874868320287655e-06,0.0002751641238219861,-1,0,0,0,-1,1,0,0,0
960,0,108.0395540096414,0,0,0,2,29,0,0,0,0,0.0002751641238219861,9.874868320287655e-06,0.0002751641238219861,-1,0,0,0,-1,1,0,0,0
961,30074,138.2795039998245,0,0,0,1,10,0,0,0,0,0.0002751641238219861,9.874868320287655e-06,0.0002751641238219861,-1,0,0,0,-1,1,1,1,0
962,614,64.12615327059039,0,0,0,5,31,0,0,0,0,0.0002751641238219861,9.874868320287655e-06,0.0002751641238219861,-1,0,0,0,-1,1,0,0,0
963,1444,95.5183900331742,0,0,0,1,12,0,0,0,0,0.0002751641238219861,9.874868320287655e-06,0.0002751641238219861,-1,0,0,0,-1,1,0,0,0
964,0,80.35427564948975,0,0,0,1,10,0,0,0,0,0.0002751641238219861,9.874868320287655e-06,0.0002751641238219861,-1,0,0,0,-1,1,0,0,0
965,0,84.38726264995708,0,0,0,1,8,0,0,0,0,0.0002751641238219861,9.874868320287655e-06,0.0002751641238219861,-1,0,0,0,-1,1,0,0,0
966,283,90.8983800070137,0,0,0,4,22,0,0,0,0,0.0002751641238219861,9.874868320287655e-06,0.0002751641238219861,-1,0,0,0,-1,1,0,0,0
967,0,104.1040936136202,0,0,0,1,9,0,0,0,0,0.0002751641238219861,9.874868320287655e-06,0.0002751641238219861,-1,0,0,0,-1,1,0,0,0
968,1186,77.3839361521988,0,0,0,4,23,0,0,0,0,0.0002751641238219861,9.874868320287655e-06,0.0002751641238219861,-1,0,0,0,-1,1,0,0,0
969,2910,89.20149750638117,0,0,0,5,19,0,0,0,0,0.0002751641238219861,9.874868320287655e-06,0.0002751641238219861,-1,0,0,0,-1,1,0,0,0
970,0,90.5719270462093,0,0,0,2,18,0,0,0,0,0.0002751641238219861,9.874868320287655e-06,0.0002751641238219861,-1,0,0,0,-1,1,0,0,0
971,272,80.38610806996583,0,0,0,2,20,0,0,0,0,0.0002751641238219861,9.874868320287655e-06,0.0002751641238219861,-1,0,0,0,-1,1,0,0,0
972,28790,138.2795040050266,0,0,0,1,8,0,0,0,0,0.0002751641238219861,9.874868320287655e-06,0.0002751641238219861,-1,0,0,0,-1,1,1,1,0
973,30505,138.2795039993029,0,0,0,1,9,0,0,0,0,0.0002751641238219861,9.874868320287655e-06,0.0002751641238219861,-1,0,0,0,-1,1,1,1,0
974,28797,138.2795039997312,0,0,0,1,7,0,0,0,0,0.0002751641238219861,9.874868320287655e-06,0.0002751641238219861,-1,0,0,0,-1,1,1,1,0
975,670,107.9972565140829,0,0,0,2,24,0,0,0,0,0.0002751641238219861,9.874868320287655e-06,0.0002751641238219861,-1,0,0,0,-1,1,0,0,0
976,29627,138.2795040000099,0,0,0,1,4,0,0,0,0,0.0002751641238219861,9.874868320287655e-06,0.0002751641238219861,-1,0,0,0,-1,1,1,1,0
977,29427,138.2795040007832,0,0,0,1,7,0,0,0,0,0.0002751641238219861,9.874868320287655e-06,0.0002751641238219861,-1,0,0,0,-1,1,1,1,0
978,2404,85.02297305494476,0,0,0,5,25,0,0,0,0,0.0002751641238219861,9.874868320287655e-06,0.0002751641238219861,-1,0,0,0,-1,1,0,0,0
979,1573,93.60562679252654,0,0,0,3,14,0,0,0,0,0.0002751641238219861,9.874868320287655e-06,0.0002751641238219861,-1,0,0,0,-1,1,0,0,0
980,661,74.97008481324525,0,0,0,4,18,0,0,0,0,0.0002751641238219861,9.874868320287655e-06,0.0002751641238219861,-1,0,0,0,-1,1,0,0,0
981,0,90.8522066631168,0,0,0,4,21,0,0,0,0,0.0002751641238219861,9.874868320287655e-06,0.0002751641238219861,-1,0,0,0,-1,1,0,0,0
982,30296,138.2795040000115,0,0,0,1,5,0,0,0,0,0.0002751641238219861,9.874868320287655e-06,0.0002751641238219861,-1,0,0,0,-1,1,1,1,0
983,153,63.47315144299115,0,0,0,3,16,0,0,0,0,0.0002751641238219861,9.874868320287655e-06,0.0002751641238219861,-1,0,0,0,-1,1,0,0,0
984,30483,138.2795039931329,0,0,0,1,5,0,0,0,0,0.0002751641238219861,9.874868320287655e-06,0.0002751641238219861,-1,0,0,0,-1,1,1,1,0
985,1324,76.45139116747069,0,0,0,5,21,0,0,0,0,0.0002751641238219861,9.874868320287655e-06,0.0002751641238219861,-1,0,0,0,-1,1,0,0,0
986,31147,138.279503999524,0,0,0,1,6,0,0,0,0,0.0002751641238219861,9.874868320287655e-06,0.0002751641238219861,-1,0,0,0,-1,1,1,1,0
987,1671,73.31112904170453,0,0,0,4,17,0,0,0,0,0.0002751641238219861,9.874868320287655e-06,0.0002751641238219861,-1,0,0,0,-1,1,0,0,0
988,29086,138.2795040005444,0,0,0,1,13,0,0,0,0,0.0002751641238219861,9.874868320287655e-06,0.0002751641238219861,-1,0,0,0,-1,1,1,1,0
989,29813,138.2795039978934,0,0,0,1,6,0,0,0,0,0.0002751641238219861,9.874868320287655e-06,0.0002751641238219861,-1,0,0,0,-1,1,1,1,0
990,885,70.93902494133694,0,0,0,2,1,0,0,0,0,0.0002751641238219861,9.874868320287655e-06,0.0002751641238219861,-1,0,0,0,-1,1,0,0,0
991,796,52.63976716582569,0,0,0,4,13,0,0,0,0,0.0002751641238219861,9.874868320287655e-06,0.0002751641238219861,-1,0,0,0,-1,1,0,0,0
992,4066,103.1173846271048,0,0,0,5,24,0,0,0,0,0.0002751641238219861,9.874868320287655e-06,0.0002751641238219861,-1,0,0,0,-1,1,0,0,0
993,30,76.53413251014835,0,0,0,3,14,0,0,0,0,0.0002751641238219861,9.874868320287655e-06,0.0002751641238219861,-1,0,0,0,-1,1,0,0,0
994,2304,84.83509060681152,0,0,0,6,13,0,0,0,0,0.0002751641238219861,9.874868320287655e-06,0.0002751641238219861,-1,0,0,0,-1,1,0,0,0
995,28,71.024274167646,0,0,0,3,16,0,0,0,0,0.0002751641238219861,9.874868320287655e-06,0.0002751641238219861,-1,0,0,0,-1,1,0,0,0
996,182,103.0154082447118,0,0,0,4,31,0,0,0,0,0.0002751641238219861,9.874868320287655e-06,0.0002751641238219861,-1,0,0,0,-1,1,0,0,0
997,1485,89.26103002569073,0,0,0,2,19,0,0,0,0,0.0002751641238219861,9.874868320287655e-06,0.0002751641238219861,-1,0,0,0,-1,1,0,0,0
998,1480,88.58870441108108,0,0,0,5,23,0,0,0,0,0.0002751641238219861,9.874868320287655e-06,0.0002751641238219861,-1,0,0,0,-1,1,0,0,0
999,1765,70.43692469722848,0,0,0,1,0,0,0,0,0,0.0002751641238219861,9.874868320287655e-06,0.0002751641238219861,-1,0,0,0,-1,1,0,0,0
1000,0,78.1299026498326,0,0,0,2,19,0,0,0,0,0.0002751641238219861,9.874868320287655e-06,0.0002751641238219861,-1,0,0,0,-1,1,0,0,0
1001,0,79.3484048719389,0,0,0,1,6,0,0,0,0,0.0002751641238219861,9.874868320287655e-06,0.0002751641238219861,-1,0,0,0,-1,1,0,0,0
1002,386,69.47703350623485,0,0,0,5,24,0,0,0,0,0.0002751641238219861,9.874868320287655e-06,0.0002751641238219861,-1,0,0,0,-1,1,0,0,0
1003,30336,138.2795039937285,0,0,0,1,6,0,0,0,0,0.0002751641238219861,9.874868320287655e-06,0.0002751641238219861,-1,0,0,0,-1,1,1,1,0
1004,30701,138.2795040012339,0,0,0,1,4,0,0,0,0,0.0002751641238219861,9.874868320287655e-06,0.0002751641238219861,-1,0,0,0,-1,1,1,1,0
1005,0,97.36821587798629,0,0,0,2,19,0,0,0,0,0.0002751641238219861,9.874868320287655e-06,0.0002751641238219861,-1,0,0,0,-1,1,0,0,0
1006,27863,138.2795039964031,0,0,0,1,3,0,0,0,0,0.0002751641238219861,9.874868320287655e-06,0.0002751641238219861,-1,0,0,0,-1,1,1,1,0
1007,167,73.38926148371787,0,0,0,4,21,0,0,0,0,0.0002751641238219861,9.874868320287655e-06,0.0002751641238219861,-1,0,0,0,-1,1,0,0,0
1008,0,105.3273423455989,0,0,0,2,17,0,0,0,0,0.0002751641238219861,9.874868320287655e-06,0.0002751641238219861,-1,0,0,0,-1,1,0,0,0
1009,30010,138.2795039911326,0,0,0,1,2,0,0,0,0,0.0002751641238219861,9.874868320287655e-06,0.0002751641238219861,-1,0,0,0,-1,1,1,1,0
1010,1478,90.69914390025318,0,0,0,4,19,0,0,0,0,0.0002751641238219861,9.874868320287655e-06,0.0002751641238219861,-1,0,0,0,-1,1,0,0,0
1011,0,85.06063139647775,0,0,0,4,24,0,0,0,0,0.0002751641238219861,9.874868320287655e-06,0.0002751641238219861,-1,0,0,0,-1,1,0,0,0
1012,2270,95.80912235409754,0,0,0,4,14,0,0,0,0,0.0002751641238219861,9.874868320287655e-06,0.0002751641238219861,-1,0,0,0,-1,1,0,0,0
1013,1421,73.35685683534103,0,0,0,4,19,0,0,0,0,0.0002751641238219861,9.874868320287655e-06,0.0002751641238219861,-1,0,0,0,-1,1,0,0,0
1014,29173,138.2795039947972,0,0,0,1,10,0,0,0,0,0.0002751641238219861,9.874868320287655e-06,0.0002751641238219861,-1,0,0,0,-1,1,1,1,0
1015,1251,75.26401572212188,0,0,0,7,42,0,0,0,0,0.0002751641238219861,9.874868320287655e-06,0.0002751641238219861,-1,0,0,0,-1,1,0,0,0
1016,30332,138.2795039947709,0,0,0,1,5,0,0,0,0,0.0002751641238219861,9.874868320287655e-06,0.0002751641238219861,-1,0,0,0,-1,1,1,1,0
1017,0,95.82408912794223,0,0,0,2,14,0,0,0,0,0.0002751641238219861,9.874868320287655e-06,0.0002751641238219861,-1,0,0,0,-1,1,0,0,0
1018,2054,97.84789869165849,0,0,0,5,36,0,0,0,0,0.0002751641238219861,9.874868320287655e-06,0.0002751641238219861,-1,0,0,0,-1,1,0,0,0
1019,29146,138.2795039880259,0,0,0,1,3,0,0,0,0,0.0002751641238219861,9.874868320287655e-06,0.0002751641238219861,-1,0,0,0,-1,1,1,1,0
1020,776,66.96981429475501,0,0,0,5,30,0,0,0,0,0.0002751641238219861,9.874868320287655e-06,0.0002751641238219861,-1,0,0,0,-1,1,0,0,0
1021,28040,138.2795039988495,0,0,0,1,7,0,0,0,0,0.0002751641238219861,9.874868320287655e-06,0.0002751641238219861,-1,0,0,0,-1,1,1,1,0
1022,730,63.40980030890092,0,0,0,5,27,0,0,0,0,0.0002751641238219861,9.874868320287655e-06,0.0002751641238219861,-1,0,0,0,-1,1,0,0,0
1023,30595,138.2795039939906,0,0,0,1,5,0,0,0,0,0.0002751641238219861,9.874868320287655e-06,0.0002751641238219861,-1,0,0,0,-1,1,1,1,0
1024,0,86.85632128954431,0,0,0,1,13,0,0,0,0,0.0002751641238219861,9.874868320287655e-06,0.0002751641238219861,-1,0,0,0,-1,1,0,0,0
1025,30594,140.5038769963731,0,0,0,1,6,0,0,0,0,0.0002751641238219861,9.874868320287655e-06,0.0002751641238219861,-1,0,0,0,-1,1,1,1,0
1026,528,69.54566950230721,0,0,0,6,46,0,0,0,0,0.0002751641238219861,9.874868320287655e-06,0.0002751641238219861,-1,0,0,0,-1,1,0,0,0
1027,1549,64.78236004903387,0,0,0,6,22,0,0,0,0,0.0002751641238219861,9.874868320287655e-06,0.0002751641238219861,-1,0,0,0,-1,1,0,0,0
1028,30280,138.2795040003518,0,0,0,1,7,0,0,0,0,0.0002751641238219861,9.874868320287655e-06,0.0002751641238219861,-1,0,0,0,-1,1,1,1,0
1029,1830,74.09222746112351,0,0,0,4,6,0,0,0,0,0.0002751641238219861,9.874868320287655e-06,0.0002751641238219861,-1,0,0,0,-1,1,0,0,0
1030,964,100.7215291108364,0,0,0,3,15,0,0,0,0,0.0002751641238219861,9.874868320287655e-06,0.0002751641238219861,-1,0,0,0,-1,1,0,0,0
1031,264,64.90971414040666,0,0,0,4,29,0,0,0,0,0.0002751641238219861,9.874868320287655e-06,0.0002751641238219861,-1,0,0,0,-1,1,0,0,0
1032,30475,138.2795040040606,0,0,0,1,6,0,0,0,0,0.0002751641238219861,9.874868320287655e-06,0.0002751641238219861,-1,0,0,0,-1,1,1,1,0
1033,0,103.0202124161298,0,0,0,3,28,0,0,0,0,0.0002751641238219861,9.874868320287655e-06,0.0002751641238219861,-1,0,0,0,-1,1,0,0,0
1034,31806,138.2795039987638,0,0,0,1,5,0,0,0,0,0.0002751641238219861,9.874868320287655e-06,0.0002751641238219861,-1,0,0,0,-1,1,1,1,0
1035,640,85.64475750915031,0,0,0,3,14,0,0,0,0,0.0002751641238219861,9.874868320287655e-06,0.0002751641238219861,-1,0,0,0,-1,1,0,0,0
1036,0,88.53821331600058,0,0,0,4,31,0,0,0,0,0.0002751641238219861,9.874868320287655e-06,0.0002751641238219861,-1,0,0,0,-1,1,0,0,0
1037,697,108.0003888971873,0,0,0,2,15,0,0,0,0,0.0002751641238219861,9.874868320287655e-06,0.0002751641238219861,-1,0,0,0,-1,1,0,0,0
1038,53,75.6329579311505,0,0,0,3,25,0,0,0,0,0.0002751641238219861,9.874868320287655e-06,0.0002751641238219861,-1,0,0,0,-1,1,0,0,0
1039,30163,138.2795039996185,0,0,0,1,7,0,0,0,0,0.0002751641238219861,9.874868320287655e-06,0.0002751641238219861,-1,0,0,0,-1,1,1,1,0
1040,0,88.69247840174792,0,0,0,4,25,0,0,0,0,0.0002751641238219861,9.874868320287655e-06,0.0002751641238219861,-1,0,0,0,-1,1,0,0,0
1041,540,107.9394779151156,0,0,0,2,23,0,0,0,0,0.0002751641238219861,9.874868320287655e-06,0.0002751641238219861,-1,0,0,0,-1,1,0,0,0
1042,1770,80.38567863353684,0,0,0,3,18,0,0,0,0,0.0002751641238219861,9.874868320287655e-06,0.0002751641238219861,-1,0,0,0,-1,1,0,0,0
1043,30375,138.2795040050928,0,0,0,1,7,0,0,0,0,0.0002751641238219861,9.874868320287655e-06,0.0002751641238219861,-1,0,0,0,-1,1,1,1,0
1044,30699,138.2795040001153,0,0,0,1,7,0,0,0,0,0.0002751641238219861,9.874868320287655e-06,0.0002751641238219861,-1,0,0,0,-1,1,1,1,0
1045,3214,102.9665130226471,0,0,0,6,31,0,0,0,0,0.0002751641238219861,9.874868320287655e-06,0.0002751641238219861,-1,0,0,0,-1,1,0,0,0
1046,2402,103.2559399646848,0,0,0,5,20,0,0,0,0,0.0002751641238219861,9.874868320287655e-06,0.0002751641238219861,-1,0,0,0,-1,1,0,0,0
1047,233,60.00947766281604,0,0,0,4,30,0,0,0,0,0.0002751641238219861,9.874868320287655e-06,0.0002751641238219861,-1,0,0,0,-1,1,0,0,0
1048,57,90.99118432193778,0,0,0,3,16,0,0,0,0,0.0002751641238219861,9.874868320287655e-06,0.0002751641238219861,-1,0,0,0,-1,1,0,0,0
1049,549,95.9143983709145,0,0,0,3,22,0,0,0,0,0.0002751641238219861,9.874868320287655e-06,0.0002751641238219861,-1,0,0,0,-1,1,0,0,0
1050,28407,138.2795039955759,0,0,0,1,5,0,0,0,0,0.0002751641238219861,9.874868320287655e-06,0.0002751641238219861,-1,0,0,0,-1,1,1,1,0
1051,30377,138.2795039998851,0,0,0,1,8,0,0,0,0,0.0002751641238219861,9.874868320287655e-06,0.0002751641238219861,-1,0,0,0,-1,1,1,1,0
1052,332,80.87616163873105,0,0,0,5,29,0,0,0,0,0.0002751641238219861,9.874868320287655e-06,0.0002751641238219861,-1,0,0,0,-1,1,0,0,0
1053,3727,96.14036634158597,0,0,0,5,18,0,0,0,0,0.0002751641238219861,9.874868320287655e-06,0.0002751641238219861,-1,0,0,0,-1,1,0,0,0
1054,243,54.74834528920797,0,0,0,3,21,0,0,0,0,0.0002751641238219861,9.874868320287655e-06,0.0002751641238219861,-1,0,0,0,-1,1,0,0,0
1055,1576,76.5732898518626,0,0,0,5,17,0,0,0,0,0.0002751641238219861,9.874868320287655e-06,0.0002751641238219861,-1,0,0,0,-1,1,0,0,0
1056,846,80.17764102382998,0,0,0,5,33,0,0,0,0,0.0002751641238219861,9.874868320287655e-06,0.0002751641238219861,-1,0,0,0,-1,1,0,0,0
1057,31064,138.2795039979819,0,0,0,1,8,0,0,0,0,0.0002751641238219861,9.874868320287655e-06,0.0002751641238219861,-1,0,0,0,-1,1,1,1,0
1058,1335,97.29677546865955,0,0,0,4,10,0,0,0,0,0.0002751641238219861,9.874868320287655e-06,0.0002751641238219861,-1,0,0,0,-1,1,0,0,0
1059,29999,138.2795039990205,0,0,0,1,6,0,0,0,0,0.0002751641238219861,9.874868320287655e-06,0.0002751641238219861,-1,0,0,0,-1,1,1,1,0
1060,1804,58.46216554203171,0,0,0,5,22,0,0,0,0,0.0002751641238219861,9.874868320287655e-06,0.0002751641238219861,-1,0,0,0,-1,1,0,0,0
1061,29502,138.2795040012861,0,0,0,1,2,0,0,0,0,0.0002751641238219861,9.874868320287655e-06,0.0002751641238219861,-1,0,0,0,-1,1,1,1,0
1062,30830,138.2795040034951,0,0,0,1,4,0,0,0,0,0.0002751641238219861,9.874868320287655e-06,0.0002751641238219861,-1,0,0,0,-1,1,1,1,0
1063,29835,138.2795040035732,0,0,0,1,5,0,0,0,0,0.0002751641238219861,9.874868320287655e-06,0.0002751641238219861,-1,0,0,0,-1,1,1,1,0
1064,1335,88.5141404984449,0,0,0,5,30,0,0,0,0,0.0002751641238219861,9.874868320287655e-06,0.0002751641238219861,-1,0,0,0,-1,1,0,0,0
1065,29887,138.2795039994319,0,0,0,1,5,0,0,0,0,0.0002751641238219861,9.874868320287655e-06,0.0002751641238219861,-1,0,0,0,-1,1,1,1,0
1066,0,78.12990264983287,0,0,0,2,19,0,0,0,0,0.0002751641238219861,9.874868320287655e-06,0.0002751641238219861,-1,0,0,0,-1,1,0,0,0
1067,95,95.82730508781917,0,0,0,3,18,0,0,0,0,0.0002751641238219861,9.874868320287655e-06,0.0002751641238219861,-1,0,0,0,-1,1,0,0,0
1068,2596,80.17194758604938,0,0,0,6,30,0,0,0,0,0.0002751641238219861,9.874868320287655e-06,0.0002751641238219861,-1,0,0,0,-1,1,0,0,0
1069,0,95.71954263770236,0,0,0,3,34,0,0,0,0,0.0002751641238219861,9.874868320287655e-06,0.0002751641238219861,-1,0,0,0,-1,1,0,0,0
1070,801,86.3117355369361,0,0,0,4,19,0,0,0,0,0.0002751641238219861,9.874868320287655e-06,0.0002751641238219861,-1,0,0,0,-1,1,0,0,0
1071,1243,59.77268323657333,0,0,0,4,22,0,0,0,0,0.0002751641238219861,9.874868320287655e-06,0.0002751641238219861,-1,0,0,0,-1,1,0,0,0
1072,783,82.08759362682315,0,0,0,3,20,0,0,0,0,0.0002751641238219861,9.874868320287655e-06,0.0002751641238219861,-1,0,0,0,-1,1,0,0,0
1073,30000,138.2795039999347,0,0,0,1,9,0,0,0,0,0.0002751641238219861,9.874868320287655e-06,0.0002751641238219861,-1,0,0,0,-1,1,1,1,0
1074,30290,138.279503995325,0,0,0,1,4,0,0,0,0,0.0002751641238219861,9.874868320287655e-06,0.0002751641238219861,-1,0,0,0,-1,1,1,1,0
1075,0,97.97799377276594,0,0,0,2,21,0,0,0,0,0.0002751641238219861,9.874868320287655e-06,0.0002751641238219861,-1,0,0,0,-1,1,0,0,0
1076,225,75.001074865851,0,0,0,4,25,0,0,0,0,0.0002751641238219861,9.874868320287655e-06,0.0002751641238219861,-1,0,0,0,-1,1,0,0,0
1077,0,87.04772841648879,0,0,0,3,34,0,0,0,0,0.0002751641238219861,9.874868320287655e-06,0.0002751641238219861,-1,0,0,0,-1,1,0,0,0
1078,30221,138.279504002765,0,0,0,1,2,0,0,0,0,0.0002751641238219861,9.874868320287655e-06,0.0002751641238219861,-1,0,0,0,-1,1,1,1,0
1079,0,105.2384095340412,0,0,0,2,18,0,0,0,0,0.0002751641238219861,9.874868320287655e-06,0.0002751641238219861,-1,0,0,0,-1,1,0,0,0
1080,30834,138.2795040003965,0,0,0,1,3,0,0,0,0,0.0002751641238219861,9.874868320287655e-06,0.0002751641238219861,-1,0,0,0,-1,1,1,1,0
1081,3779,99.43241700832425,0,0,0,5,26,0,0,0,0,0.0002751641238219861,9.874868320287655e-06,0.0002751641238219861,-1,0,0,0,-1,1,0,0,0
1082,28969,138.2795040000914,0,0,0,1,7,0,0,0,0,0.0002751641238219861,9.874868320287655e-06,0.0002751641238219861,-1,0,0,0,-1,1,1,1,0
1083,30133,138.2795040016048,0,0,0,1,10,0,0,0,0,0.0002751641238219861,9.874868320287655e-06,0.0002751641238219861,-1,0,0,0,-1,1,1,1,0
1084,467,66.01929399458223,0,0,0,3,15,0,0,0,0,0.0002751641238219861,9.874868320287655e-06,0.0002751641238219861,-1,0,0,0,-1,1,0,0,0
1085,30009,138.2795039994127,0,0,0,1,3,0,0,0,0,0.0002751641238219861,9.874868320287655e-06,0.0002751641238219861,-1,0,0,0,-1,1,1,1,0
1086,3,72.9444805395577,0,0,0,5,30,0,0,0,0,0.0002751641238219861,9.874868320287655e-06,0.0002751641238219861,-1,0,0,0,-1,1,0,0,0
1087,0,103.0919696755214,0,0,0,3,31,0,0,0,0,0.0002751641238219861,9.874868320287655e-06,0.0002751641238219861,-1,0,0,0,-1,1,0,0,0
1088,0,80.60542939672439,0,0,0,2,17,0,0,0,0,0.0002751641238219861,9.874868320287655e-06,0.0002751641238219861,-1,0,0,0,-1,1,0,0,0
1089,1212,81.72368153488618,0,0,0,4,25,0,0,0,0,0.0002751641238219861,9.874868320287655e-06,0.0002751641238219861,-1,0,0,0,-1,1,0,0,0
1090,0,54.28290264986348,0,0,0,2,22,0,0,0,0,0.0002751641238219861,9.874868320287655e-06,0.0002751641238219861,-1,0,0,0,-1,1,0,0,0
1091,3015,107.9534612217154,0,0,0,3,13,0,0,0,0,0.0002751641238219861,9.874868320287655e-06,0.0002751641238219861,-1,0,0,0,-1,1,0,0,0
1092,334,78.78449550398018,0,0,0,4,19,0,0,0,0,0.0002751641238219861,9.874868320287655e-06,0.0002751641238219861,-1,0,0,0,-1,1,0,0,0
1093,15,94.53623567702311,0,0,0,1,1,0,0,0,0,0.0002751641238219861,9.874868320287655e-06,0.0002751641238219861,-1,0,0,0,-1,1,0,0,0
1094,29360,138.2795039925813,0,0,0,1,5,0,0,0,0,0.0002751641238219861,9.874868320287655e-06,0.0002751641238219861,-1,0,0,0,-1,1,1,1,0
1095,933,95.85335732165382,0,0,0,5,23,0,0,0,0,0.0002751641238219861,9.874868320287655e-06,0.0002751641238219861,-1,0,0,0,-1,1,0,0,0
1096,1724,93.5585958287504,0,0,0,4,13,0,0,0,0,0.0002751641238219861,9.874868320287655e-06,0.0002751641238219861,-1,0,0,0,-1,1,0,0,0
1097,0,79.64574349850055,0,0,0,2,18,0,0,0,0,0.0002751641238219861,9.874868320287655e-06,0.0002751641238219861,-1,0,0,0,-1,1,0,0,0
1098,29987,138.2795039998221,0,0,0,1,4,0,0,0,0,0.0002751641238219861,9.874868320287655e-06,0.0002751641238219861,-1,0,0,0,-1,1,1,1,0
1099,30667,138.2795039973714,0,0,0,1,6,0,0,0,0,0.0002751641238219861,9.874868320287655e-06,0.0002751641238219861,-1,0,0,0,-1,1,1,1,0
1100,1018,85.13002999194086,0,0,0,5,26,0,0,0,0,0.0002751641238219861,9.874868320287655e-06,0.0002751641238219861,-1,0,0,0,-1,1,0,0,0
1101,0,103.0727673747491,0,0,0,3,35,0,0,0,0,0.0002751641238219861,9.874868320287655e-06,0.0002751641238219861,-1,0,0,0,-1,1,0,0,0
1102,28872,138.2795040009971,0,0,0,1,7,0,0,0,0,0.0002751641238219861,9.874868320287655e-06,0.0002751641238219861,-1,0,0,0,-1,1,1,1,0
1103,1265,79.4674317135604,0,0,0,2,12,0,0,0,0,0.0002751641238219861,9.874868320287655e-06,0.0002751641238219861,-1,0,0,0,-1,1,0,0,0
1104,708,110.2916296889262,0,0,0,1,11,0,0,0,0,0.0002751641238219861,9.874868320287655e-06,0.0002751641238219861,-1,0,0,0,-1,1,0,0,0
1105,28,83.54996206911693,0,0,0,4,17,0,0,0,0,0.0002751641238219861,9.874868320287655e-06,0.0002751641238219861,-1,0,0,0,-1,1,0,0,0
1106,2084,81.23302737073679,0,0,0,7,24,0,0,0,0,0.0002751641238219861,9.874868320287655e-06,0.0002751641238219861,-1,0,0,0,-1,1,0,0,0
1107,439,107.9904738900315,0,0,0,2,15,0,0,0,0,0.0002751641238219861,9.874868320287655e-06,0.0002751641238219861,-1,0,0,0,-1,1,0,0,0
1108,3182,84.61513165649156,0,0,0,7,19,0,0,0,0,0.0002751641238219861,9.874868320287655e-06,0.0002751641238219861,-1,0,0,0,-1,1,0,0,0
1109,904,93.14445834711071,0,0,0,5,31,0,0,0,0,0.0002751641238219861,9.874868320287655e-06,0.0002751641238219861,-1,0,0,0,-1,1,0,0,0
1110,30218,138.2795040004835,0,0,0,1,4,0,0,0,0,0.0002751641238219861,9.874868320287655e-06,0.0002751641238219861,-1,0,0,0,-1,1,1,1,0
1111,714,78.12509217037491,0,0,0,3,17,0,0,0,0,0.0002751641238219861,9.874868320287655e-06,0.0002751641238219861,-1,0,0,0,-1,1,0,0,0
1112,2973,82.10861423485156,0,0,0,8,38,0,0,0,0,0.0002751641238219861,9.874868320287655e-06,0.0002751641238219861,-1,0,0,0,-1,1,0,0,0
1113,30910,138.27950399737,0,0,0,1,10,0,0,0,0,0.0002751641238219861,9.874868320287655e-06,0.0002751641238219861,-1,0,0,0,-1,1,1,1,0
1114,0,95.81544026988836,0,0,0,3,24,0,0,0,0,0.0002751641238219861,9.874868320287655e-06,0.0002751641238219861,-1,0,0,0,-1,1,0,0,0
1115,52,82.7255124136659,0,0,0,1,13,0,0,0,0,0.0002751641238219861,9.874868320287655e-06,0.0002751641238219861,-1,0,0,0,-1,1,0,0,0
1116,30647,138.2795039996578,0,0,0,1,4,0,0,0,0,0.0002751641238219861,9.874868320287655e-06,0.0002751641238219861,-1,0,0,0,-1,1,1,1,0
1117,0,107.9573466559402,0,0,0,2,18,0,0,0,0,0.0002751641238219861,9.874868320287655e-06,0.0002751641238219861,-1,0,0,0,-1,1,0,0,0
1118,0,80.35427564973217,0,0,0,1,9,0,0,0,0,0.0002751641238219861,9.874868320287655e-06,0.0002751641238219861,-1,0,0,0,-1,1,0,0,0
1119,1185,93.25545103492092,0,0,0,3,19,0,0,0,0,0.0002751641238219861,9.874868320287655e-06,0.0002751641238219861,-1,0,0,0,-1,1,0,0,0
1120,30542,138.2795039993088,0,0,0,1,8,0,0,0,0,0.0002751641238219861,9.874868320287655e-06,0.0002751641238219861,-1,0,0,0,-1,1,1,1,0
1121,4503,78.6704369170489,0,0,0,6,22,0,0,0,0,0.0002751641238219861,9.874868320287655e-06,0.0002751641238219861,-1,0,0,0,-1,1,0,0,0
1122,1766,76.37714206954533,0,0,0,3,16,0,0,0,0,0.0002751641238219861,9.874868320287655e-06,0.0002751641238219861,-1,0,0,0,-1,1,0,0,0
1123,704,65.02327567696177,0,0,0,4,24,0,0,0,0,0.0002751641238219861,9.874868320287655e-06,0.0002751641238219861,-1,0,0,0,-1,1,0,0,0
1124,1664,76.25497363437958,0,0,0,3,5,0,0,0,0,0.0002751641238219861,9.874868320287655e-06,0.0002751641238219861,-1,0,0,0,-1,1,0,0,0
1125,30739,138.2795039950515,0,0,0,1,10,0,0,0,0,0.0002751641238219861,9.874868320287655e-06,0.0002751641238219861,-1,0,0,0,-1,1,1,1,0
1126,1565,84.72720762746783,0,0,0,5,20,0,0,0,0,0.0002751641238219861,9.874868320287655e-06,0.0002751641238219861,-1,0,0,0,-1,1,0,0,0
1127,1723,73.16963115435242,0,0,0,6,29,0,0,0,0,0.0002751641238219861,9.874868320287655e-06,0.0002751641238219861,-1,0,0,0,-1,1,0,0,0
1128,293,66.22267784776277,0,0,0,3,16,0,0,0,0,0.0002751641238219861,9.874868320287655e-06,0.0002751641238219861,-1,0,0,0,-1,1,0,0,0
1129,55,66.23353030281453,0,0,0,5,20,0,0,0,0,0.0002751641238219861,9.874868320287655e-06,0.0002751641238219861,-1,0,0,0,-1,1,0,0,0
1130,0,77.43902705836446,0,0,0,3,28,0,0,0,0,0.0002751641238219861,9.874868320287655e-06,0.0002751641238219861,-1,0,0,0,-1,1,0,0,0
1131,1306,66.50293282343478,0,0,0,3,16,0,0,0,0,0.0002751641238219861,9.874868320287655e-06,0.0002751641238219861,-1,0,0,0,-1,1,0,0,0
1132,165,74.17706534630688,0,0,0,5,20,0,0,0,0,0.0002751641238219861,9.874868320287655e-06,0.0002751641238219861,-1,0,0,0,-1,1,0,0,0
1133,1319,72.53807339710403,0,0,0,5,25,0,0,0,0,0.0002751641238219861,9.874868320287655e-06,0.0002751641238219861,-1,0,0,0,-1,1,0,0,0
1134,0,74.09691564954664,0,0,0,2,19,0,0,0,0,0.0002751641238219861,9.874868320287655e-06,0.0002751641238219861,-1,0,0,0,-1,1,0,0,0
1135,0,82.56256503718861,0,0,0,3,5,0,0,0,0,0.0002751641238219861,9.874868320287655e-06,0.0002751641238219861,-1,0,0,0,-1,1,0,0,0
1136,2051,62.23136771268805,0,0,0,8,35,0,0,0,0,0.0002751641238219861,9.874868320287655e-06,0.0002751641238219861,-1,0,0,0,-1,1,0,0,0
1137,0,108.0085191342069,0,0,0,2,16,0,0,0,0,0.0002751641238219861,9.874868320287655e-06,0.0002751641238219861,-1,0,0,0,-1,1,0,0,0
1138,29891,138.2795040023105,0,0,0,1,2,0,0,0,0,0.0002751641238219861,9.874868320287655e-06,0.0002751641238219861,-1,0,0,0,-1,1,1,1,0
1139,30149,138.2795039953446,0,0,0,1,10,0,0,0,0,0.0002751641238219861,9.874868320287655e-06,0.0002751641238219861,-1,0,0,0,-1,1,1,1,0
1140,0,95.79317362662124,0,0,0,3,28,0,0,0,0,0.0002751641238219861,9.874868320287655e-06,0.0002751641238219861,-1,0,0,0,-1,1,0,0,0
1141,1675,93.25007496605629,0,0,0,6,35,0,0,0,0,0.0002751641238219861,9.874868320287655e-06,0.0002751641238219861,-1,0,0,0,-1,1,0,0,0
1142,1092,78.66765246739014,0,0,0,4,13,0,0,0,0,0.0002751641238219861,9.874868320287655e-06,0.0002751641238219861,-1,0,0,0,-1,1,0,0,0
1143,1071,44.03407717671361,0,0,0,3,17,0,0,0,0,0.0002751641238219861,9.874868320287655e-06,0.0002751641238219861,-1,0,0,0,-1,1,0,0,0
1144,30852,138.2795039924414,0,0,0,1,2,0,0,0,0,0.0002751641238219861,9.874868320287655e-06,0.0002751641238219861,-1,0,0,0,-1,1,1,1,0
1145,3333,83.76966844295576,0,0,0,5,20,0,0,0,0,0.0002751641238219861,9.874868320287655e-06,0.0002751641238219861,-1,0,0,0,-1,1,0,0,0
1146,27,83.58321698278822,0,0,0,4,17,0,0,0,0,0.0002751641238219861,9.874868320287655e-06,0.0002751641238219861,-1,0,0,0,-1,1,0,0,0
1147,0,71.33725334543453,0,0,0,3,34,0,0,0,0,0.0002751641238219861,9.874868320287655e-06,0.0002751641238219861,-1,0,0,0,-1,1,0,0,0
1148,28765,138.2795039952784,0,0,0,1,9,0,0,0,0,0.0002751641238219861,9.874868320287655e-06,0.0002751641238219861,-1,0,0,0,-1,1,1,1,0
1149,3173,90.8686648472234,0,0,0,6,30,0,0,0,0,0.0002751641238219861,9.874868320287655e-06,0.0002751641238219861,-1,0,0,0,-1,1,0,0,0
1150,29649,138.2795040026315,0,0,0,1,5,0,0,0,0,0.0002751641238219861,9.874868320287655e-06,0.0002751641238219861,-1,0,0,0,-1,1,1,1,0
1151,2340,87.44908848666859,0,0,0,7,47,0,0,0,0,0.0002751641238219861,9.874868320287655e-06,0.0002751641238219861,-1,0,0,0,-1,1,0,0,0
1152,304,100.7296074457225,0,0,0,4,13,0,0,0,0,0.0002751641238219861,9.874868320287655e-06,0.0002751641238219861,-1,0,0,0,-1,1,0,0,0
1153,0,103.8782640330972,0,0,0,2,16,0,0,0,0,0.0002751641238219861,9.874868320287655e-06,0.0002751641238219861,-1,0,0,0,-1,1,0,0,0
1154,2910,98.10901291975868,0,0,0,4,11,0,0,0,0,0.0002751641238219861,9.874868320287655e-06,0.0002751641238219861,-1,0,0,0,-1,1,0,0,0
1155,29427,138.279504002617,0,0,0,1,4,0,0,0,0,0.0002751641238219861,9.874868320287655e-06,0.0002751641238219861,-1,0,0,0,-1,1,1,1,0
1156,174,81.36868564519415,0,0,0,5,19,0,0,0,0,0.0002751641238219861,9.874868320287655e-06,0.0002751641238219861,-1,0,0,0,-1,1,0,0,0
1157,0,69.69887368585952,0,0,0,4,37,0,0,0,0,0.0002751641238219861,9.874868320287655e-06,0.0002751641238219861,-1,0,0,0,-1,1,0,0,0
1158,1853,100.8138001329359,0,0,0,4,12,0,0,0,0,0.0002751641238219861,9.874868320287655e-06,0.0002751641238219861,-1,0,0,0,-1,1,0,0,0
1159,1454,67.93391132337631,0,0,0,5,24,0,0,0,0,0.0002751641238219861,9.874868320287655e-06,0.0002751641238219861,-1,0,0,0,-1,1,0,0,0
1160,535,108.0048244471843,0,0,0,2,16,0,0,0,0,0.0002751641238219861,9.874868320287655e-06,0.0002751641238219861,-1,0,0,0,-1,1,0,0,0
1161,506,88.80664515108779,0,0,0,4,18,0,0,0,0,0.0002751641238219861,9.874868320287655e-06,0.0002751641238219861,-1,0,0,0,-1,1,0,0,0
1162,0,87.16384393002927,0,0,0,3,31,0,0,0,0,0.0002751641238219861,9.874868320287655e-06,0.0002751641238219861,-1,0,0,0,-1,1,0,0,0
1163,30902,138.2795040141255,0,0,0,1,4,0,0,0,0,0.0002751641238219861,9.874868320287655e-06,0.0002751641238219861,-1,0,0,0,-1,1,1,1,0
1164,629,78.08700490580304,0,0,0,2,18,0,0,0,0,0.0002751641238219861,9.874868320287655e-06,0.0002751641238219861,-1,0,0,0,-1,1,0,0,0
1165,346,70.14175841102052,0,0,0,6,25,0,0,0,0,0.0002751641238219861,9.874868320287655e-06,0.0002751641238219861,-1,0,0,0,-1,1,0,0,0
1166,1290,98.00106701241498,0,0,0,3,24,0,0,0,0,0.0002751641238219861,9.874868320287655e-06,0.0002751641238219861,-1,0,0,0,-1,1,0,0,0
1167,0,74.70354459207454,0,0,0,2,11,0,0,0,0,0.0002751641238219861,9.874868320287655e-06,0.0002751641238219861,-1,0,0,0,-1,1,0,0,0
1168,1095,88.49307973264438,0,0,0,6,27,0,0,0,0,0.0002751641238219861,9.874868320287655e-06,0.0002751641238219861,-1,0,0,0,-1,1,0,0,0
1169,572,55.33139496147891,0,0,0,3,17,0,0,0,0,0.0002751641238219861,9.874868320287655e-06,0.0002751641238219861,-1,0,0,0,-1,1,0,0,0
1170,436,77.31582760252729,0,0,0,5,27,0,0,0,0,0.0002751641238219861,9.874868320287655e-06,0.0002751641238219861,-1,0,0,0,-1,1,0,0,0
1171,30413,138.2795040017179,0,0,0,1,9,0,0,0,0,0.0002751641238219861,9.874868320287655e-06,0.0002751641238219861,-1,0,0,0,-1,1,1,1,0
1172,1439,95.42872675079771,0,0,0,2,6,0,0,0,0,0.0002751641238219861,9.874868320287655e-06,0.0002751641238219861,-1,0,0,0,-1,1,0,0,0
1173,1034,97.00656842509377,0,0,0,2,10,0,0,0,0,0.0002751641238219861,9.874868320287655e-06,0.0002751641238219861,-1,0,0,0,-1,1,0,0,0
1174,1434,71.15934626995242,0,0,0,5,17,0,0,0,0,0.0002751641238219861,9.874868320287655e-06,0.0002751641238219861,-1,0,0,0,-1,1,0,0,0
1175,0,80.35427564996587,0,0,0,1,16,0,0,0,0,0.0002751641238219861,9.874868320287655e-06,0.0002751641238219861,-1,0,0,0,-1,1,0,0,0
1176,92,107.9618061227954,0,0,0,2,16,0,0,0,0,0.0002751641238219861,9.874868320287655e-06,0.0002751641238219861,-1,0,0,0,-1,1,0,0,0
1177,31389,138.2795039997355,0,0,0,1,7,0,0,0,0,0.0002751641238219861,9.874868320287655e-06,0.0002751641238219861,-1,0,0,0,-1,1,1,1,0
1178,931,84.97874673322038,0,0,0,4,30,0,0,0,0,0.0002751641238219861,9.874868320287655e-06,0.0002751641238219861,-1,0,0,0,-1,1,0,0,0
1179,1076,95.78213085180263,0,0,0,3,26,0,0,0,0,0.0002751641238219861,9.874868320287655e-06,0.0002751641238219861,-1,0,0,0,-1,1,0,0,0
1180,0,86.85475873121229,0,0,0,1,14,0,0,0,0,0.0002751641238219861,9.874868320287655e-06,0.0002751641238219861,-1,0,0,0,-1,1,0,0,0
1181,30464,138.279504005864,0,0,0,1,6,0,0,0,0,0.0002751641238219861,9.874868320287655e-06,0.0002751641238219861,-1,0,0,0,-1,1,1,1,0
1182,347,74.60297570556965,0,0,0,2,6,0,0,0,0,0.0002751641238219861,9.874868320287655e-06,0.0002751641238219861,-1,0,0,0,-1,1,0,0,0
1183,1355,65.90566750171077,0,0,0,6,43,0,0,0,0,0.0002751641238219861,9.874868320287655e-06,0.0002751641238219861,-1,0,0,0,-1,1,0,0,0
1184,4201,79.70006734304076,0,0,0,5,20,0,0,0,0,0.0002751641238219861,9.874868320287655e-06,0.0002751641238219861,-1,0,0,0,-1,1,0,0,0
1185,1637,87.41084157643057,0,0,0,4,27,0,0,0,0,0.0002751641238219861,9.874868320287655e-06,0.0002751641238219861,-1,0,0,0,-1,1,0,0,0
1186,29716,138.2795039967762,0,0,0,1,5,0,0,0,0,0.0002751641238219861,9.874868320287655e-06,0.0002751641238219861,-1,0,0,0,-1,1,1,1,0
1187,660,107.9681338294724,0,0,0,3,20,0,0,0,0,0.0002751641238219861,9.874868320287655e-06,0.0002751641238219861,-1,0,0,0,-1,1,0,0,0
1188,30145,138.279503999655,0,0,0,1,8,0,0,0,0,0.0002751641238219861,9.874868320287655e-06,0.0002751641238219861,-1,0,0,0,-1,1,1,1,0
1189,29965,140.5038769929406,0,0,0,1,6,0,0,0,0,0.0002751641238219861,9.874868320287655e-06,0.0002751641238219861,-1,0,0,0,-1,1,1,1,0
1190,32,81.39096913067758,0,0,0,0,2,0,0,0,0,0.0002751641238219861,9.874868320287655e-06,0.0002751641238219861,-1,0,0,0,-1,1,0,0,0
1191,1771,70.67799448589065,0,0,0,5,22,0,0,0,0,0.0002751641238219861,9.874868320287655e-06,0.0002751641238219861,-1,0,0,0,-1,1,0,0,0
1192,31751,138.2795039948959,0,0,0,1,5,0,0,0,0,0.0002751641238219861,9.874868320287655e-06,0.0002751641238219861,-1,0,0,0,-1,1,1,1,0
1193,115,85.03609118775688,0,0,0,3,5,0,0,0,0,0.0002751641238219861,9.874868320287655e-06,0.0002751641238219861,-1,0,0,0,-1,1,0,0,0
1194,0,79.60365300059527,0,0,0,2,17,0,0,0,0,0.0002751641238219861,9.874868320287655e-06,0.0002751641238219861,-1,0,0,0,-1,1,0,0,0
1195,0,95.71954264841335,0,0,0,3,20,0,0,0,0,0.0002751641238219861,9.874868320287655e-06,0.0002751641238219861,-1,0,0,0,-1,1,0,0,0
1196,0,95.71954264283622,0,0,0,3,20,0,0,0,0,0.0002751641238219861,9.874868320287655e-06,0.0002751641238219861,-1,0,0,0,-1,1,0,0,0
1197,2308,65.14375945814982,0,0,0,6,24,0,0,0,0,0.0002751641238219861,9.874868320287655e-06,0.0002751641238219861,-1,0,0,0,-1,1,0,0,0
1198,29754,138.279504000247,0,0,0,1,5,0,0,0,0,0.0002751641238219861,9.874868320287655e-06,0.0002751641238219861,-1,0,0,0,-1,1,1,1,0
1199,1901,100.9568892556431,0,0,0,3,17,0,0,0,0,0.0002751641238219861,9.874868320287655e-06,0.0002751641238219861,-1,0,0,0,-1,1,0,0,0
1200,0,108.0488181235363,0,0,0,2,17,0,0,0,0,0.0002751641238219861,9.874868320287655e-06,0.0002751641238219861,-1,0,0,0,-1,1,0,0,0
1201,32243,138.2795040002922,0,0,0,1,5,0,0,0,0,0.0002751641238219861,9.874868320287655e-06,0.0002751641238219861,-1,0,0,0,-1,1,1,1,0
1202,30633,138.2795040016768,0,0,0,1,4,0,0,0,0,0.0002751641238219861,9.874868320287655e-06,0.0002751641238219861,-1,0,0,0,-1,1,1,1,0
1203,29917,138.279504000153,0,0,0,1,10,0,0,0,0,0.0002751641238219861,9.874868320287655e-06,0.0002751641238219861,-1,0,0,0,-1,1,1,1,0
1204,0,75.57641130215679,0,0,0,2,8,0,0,0,0,0.0002751641238219861,9.874868320287655e-06,0.0002751641238219861,-1,0,0,0,-1,1,0,0,0
1205,4,74.70608968735648,0,0,0,2,12,0,0,0,0,0.0002751641238219861,9.874868320287655e-06,0.0002751641238219861,-1,0,0,0,-1,1,0,0,0
1206,9,73.1777353791434,0,0,0,2,2,0,0,0,0,0.0002751641238219861,9.874868320287655e-06,0.0002751641238219861,-1,0,0,0,-1,1,0,0,0
1207,0,80.43428362623963,0,0,0,1,9,0,0,0,0,0.0002751641238219861,9.874868320287655e-06,0.0002751641238219861,-1,0,0,0,-1,1,0,0,0
1208,513,60.53853043429415,0,0,0,2,7,0,0,0,0,0.0002751641238219861,9.874868320287655e-06,0.0002751641238219861,-1,0,0,0,-1,1,0,0,0
1209,3153,69.90246099232941,0,0,0,5,16,0,0,0,0,0.0002751641238219861,9.874868320287655e-06,0.0002751641238219861,-1,0,0,0,-1,1,0,0,0
1210,30271,138.2795040033083,0,0,0,1,7,0,0,0,0,0.0002751641238219861,9.874868320287655e-06,0.0002751641238219861,-1,0,0,0,-1,1,1,1,0
1211,31270,138.2795039999988,0,0,0,1,6,0,0,0,0,0.0002751641238219861,9.874868320287655e-06,0.0002751641238219861,-1,0,0,0,-1,1,1,1,0
1212,239,64.87978384574882,0,0,0,3,13,0,0,0,0,0.0002751641238219861,9.874868320287655e-06,0.0002751641238219861,-1,0,0,0,-1,1,0,0,0
1213,60,72.49334897664023,0,0,0,5,32,0,0,0,0,0.0002751641238219861,9.874868320287655e-06,0.0002751641238219861,-1,0,0,0,-1,1,0,0,0
1214,29696,138.2795040001128,0,0,0,1,7,0,0,0,0,0.0002751641238219861,9.874868320287655e-06,0.0002751641238219861,-1,0,0,0,-1,1,1,1,0
1215,2742,93.07555096697197,0,0,0,4,24,0,0,0,0,0.0002751641238219861,9.874868320287655e-06,0.0002751641238219861,-1,0,0,0,-1,1,0,0,0
1216,1841,57.23095575355363,0,0,0,7,32,0,0,0,0,0.0002751641238219861,9.874868320287655e-06,0.0002751641238219861,-1,0,0,0,-1,1,0,0,0
1217,2038,74.10390881613003,0,0,0,4,22,0,0,0,0,0.0002751641238219861,9.874868320287655e-06,0.0002751641238219861,-1,0,0,0,-1,1,0,0,0
1218,551,74.20695010112159,0,0,0,3,15,0,0,0,0,0.0002751641238219861,9.874868320287655e-06,0.0002751641238219861,-1,0,0,0,-1,1,0,0,0
1219,884,91.12160431404199,0,0,0,3,17,0,0,0,0,0.0002751641238219861,9.874868320287655e-06,0.0002751641238219861,-1,0,0,0,-1,1,0,0,0
1220,704,80.27214676589321,0,0,0,4,23,0,0,0,0,0.0002751641238219861,9.874868320287655e-06,0.0002751641238219861,-1,0,0,0,-1,1,0,0,0
1221,1862,59.15493171807761,0,0,0,5,17,0,0,0,0,0.0002751641238219861,9.874868320287655e-06,0.0002751641238219861,-1,0,0,0,-1,1,0,0,0
1222,29183,138.2795040023811,0,0,0,1,7,0,0,0,0,0.0002751641238219861,9.874868320287655e-06,0.0002751641238219861,-1,0,0,0,-1,1,1,1,0
1223,31583,138.2795039894739,0,0,0,1,3,0,0,0,0,0.0002751641238219861,9.874868320287655e-06,0.0002751641238219861,-1,0,0,0,-1,1,1,1,0
1224,34,85.7902029597998,0,0,0,3,23,0,0,0,0,0.0002751641238219861,9.874868320287655e-06,0.0002751641238219861,-1,0,0,0,-1,1,0,0,0
1225,0,80.35427564995426,0,0,0,1,12,0,0,0,0,0.0002751641238219861,9.874868320287655e-06,0.0002751641238219861,-1,0,0,0,-1,1,0,0,0
1226,444,76.40294219081282,0,0,0,5,24,0,0,0,0,0.0002751641238219861,9.874868320287655e-06,0.0002751641238219861,-1,0,0,0,-1,1,0,0,0
1227,525,80.30437108949832,0,0,0,2,5,0,0,0,0,0.0002751641238219861,9.874868320287655e-06,0.0002751641238219861,-1,0,0,0,-1,1,0,0,0
1228,29093,138.2795039999865,0,0,0,1,6,0,0,0,0,0.0002751641238219861,9.874868320287655e-06,0.0002751641238219861,-1,0,0,0,-1,1,1,1,0
1229,30404,138.2795040036738,0,0,0,1,9,0,0,0,0,0.0002751641238219861,9.874868320287655e-06,0.0002751641238219861,-1,0,0,0,-1,1,1,1,0
1230,29004,138.2795039988756,0,0,0,1,6,0,0,0,0,0.0002751641238219861,9.874868320287655e-06,0.0002751641238219861,-1,0,0,0,-1,1,1,1,0
1231,29790,138.279504002228,0,0,0,1,6,0,0,0,0,0.0002751641238219861,9.874868320287655e-06,0.0002751641238219861,-1,0,0,0,-1,1,1,1,0
1232,29747,138.2795039992251,0,0,0,1,6,0,0,0,0,0.0002751641238219861,9.874868320287655e-06,0.0002751641238219861,-1,0,0,0,-1,1,1,1,0
1233,0,96.75056059261999,0,0,0,1,7,0,0,0,0,0.0002751641238219861,9.874868320287655e-06,0.0002751641238219861,-1,0,0,0,-1,1,0,0,0
1234,28594,138.2795040023094,0,0,0,1,10,0,0,0,0,0.0002751641238219861,9.874868320287655e-06,0.0002751641238219861,-1,0,0,0,-1,1,1,1,0
1235,30494,138.279503999959,0,0,0,1,9,0,0,0,0,0.0002751641238219861,9.874868320287655e-06,0.0002751641238219861,-1,0,0,0,-1,1,1,1,0
1236,1134,72.20239428838707,0,0,0,5,35,0,0,0,0,0.0002751641238219861,9.874868320287655e-06,0.0002751641238219861,-1,0,0,0,-1,1,0,0,0
1237,345,56.12969516870238,0,0,0,3,13,0,0,0,0,0.0002751641238219861,9.874868320287655e-06,0.0002751641238219861,-1,0,0,0,-1,1,0,0,0
1238,0,98.03606565110438,0,0,0,2,20,0,0,0,0,0.0002751641238219861,9.874868320287655e-06,0.0002751641238219861,-1,0,0,0,-1,1,0,0,0
1239,980,71.18224054810196,0,0,0,4,31,0,0,0,0,0.0002751641238219861,9.874868320287655e-06,0.0002751641238219861,-1,0,0,0,-1,1,0,0,0
1240,523,83.62329043388388,0,0,0,4,17,0,0,0,0,0.0002751641238219861,9.874868320287655e-06,0.0002751641238219861,-1,0,0,0,-1,1,0,0,0
1241,29686,138.279504000047,0,0,0,1,5,0,0,0,0,0.0002751641238219861,9.874868320287655e-06,0.0002751641238219861,-1,0,0,0,-1,1,1,1,0
1242,29819,138.279503999948,0,0,0,1,7,0,0,0,0,0.0002751641238219861,9.874868320287655e-06,0.0002751641238219861,-1,0,0,0,-1,1,1,1,0
1243,212,68.75380688743793,0,0,0,4,30,0,0,0,0,0.0002751641238219861,9.874868320287655e-06,0.0002751641238219861,-1,0,0,0,-1,1,0,0,0
1244,0,74.17473578012743,0,0,0,2,25,0,0,0,0,0.0002751641238219861,9.874868320287655e-06,0.0002751641238219861,-1,0,0,0,-1,1,0,0,0
1245,0,80.36210776554206,0,0,0,1,9,0,0,0,0,0.0002751641238219861,9.874868320287655e-06,0.0002751641238219861,-1,0,0,0,-1,1,0,0,0
1246,29723,138.2795039975398,0,0,0,1,11,0,0,0,0,0.0002751641238219861,9.874868320287655e-06,0.0002751641238219861,-1,0,0,0,-1,1,1,1,0
1247,221,85.73171959324245,0,0,0,4,19,0,0,0,0,0.0002751641238219861,9.874868320287655e-06,0.0002751641238219861,-1,0,0,0,-1,1,0,0,0
1248,29824,138.2795040126348,0,0,0,1,4,0,0,0,0,0.0002751641238219861,9.874868320287655e-06,0.0002751641238219861,-1,0,0,0,-1,1,1,1,0
1249,0,74.09691564982396,0,0,0,2,17,0,0,0,0,0.0002751641238219861,9.874868320287655e-06,0.0002751641238219861,-1,0,0,0,-1,1,0,0,0
1250,199,85.77324807444538,0,0,0,3,17,0,0,0,0,0.0002751641238219861,9.874868320287655e-06,0.0002751641238219861,-1,0,0,0,-1,1,0,0,0
1251,1290,107.9008647726247,0,0,0,3,23,0,0,0,0,0.0002751641238219861,9.874868320287655e-06,0.0002751641238219861,-1,0,0,0,-1,1,0,0,0
1252,208,82.35654785458966,0,0,0,4,19,0,0,0,0,0.0002751641238219861,9.874868320287655e-06,0.0002751641238219861,-1,0,0,0,-1,1,0,0,0
1253,29746,138.2795039972879,0,0,0,1,5,0,0,0,0,0.0002751641238219861,9.874868320287655e-06,0.0002751641238219861,-1,0,0,0,-1,1,1,1,0
1254,30644,138.2795040015703,0,0,0,1,5,0,0,0,0,0.0002751641238219861,9.874868320287655e-06,0.0002751641238219861,-1,0,0,0,-1,1,1,1,0
1255,29766,138.2795039991456,0,0,0,1,5,0,0,0,0,0.0002751641238219861,9.874868320287655e-06,0.0002751641238219861,-1,0,0,0,-1,1,1,1,0
1256,1812,83.82612710685785,0,0,0,5,26,0,0,0,0,0.0002751641238219861,9.874868320287655e-06,0.0002751641238219861,-1,0,0,0,-1,1,0,0,0
1257,0,80.35427564973843,0,0,0,1,5,0,0,0,0,0.0002751641238219861,9.874868320287655e-06,0.0002751641238219861,-1,0,0,0,-1,1,0,0,0
1258,2536,88.53557261827373,0,0,0,5,28,0,0,0,0,0.0002751641238219861,9.874868320287655e-06,0.0002751641238219861,-1,0,0,0,-1,1,0,0,0
1259,29434,138.2795039987761,0,0,0,1,5,0,0,0,0,0.0002751641238219861,9.874868320287655e-06,0.0002751641238219861,-1,0,0,0,-1,1,1,1,0
1260,0,78.12990264963153,0,0,0,2,15,0,0,0,0,0.0002751641238219861,9.874868320287655e-06,0.0002751641238219861,-1,0,0,0,-1,1,0,0,0
1261,4237,103.0580899746502,0,0,0,6,19,0,0,0,0,0.0002751641238219861,9.874868320287655e-06,0.0002751641238219861,-1,0,0,0,-1,1,0,0,0
1262,30678,138.2795040067262,0,0,0,1,7,0,0,0,0,0.0002751641238219861,9.874868320287655e-06,0.0002751641238219861,-1,0,0,0,-1,1,1,1,0
1263,29051,138.2795040052026,0,0,0,1,4,0,0,0,0,0.0002751641238219861,9.874868320287655e-06,0.0002751641238219861,-1,0,0,0,-1,1,1,1,0
1264,3880,93.14821564571375,0,0,0,6,11,0,0,0,0,0.0002751641238219861,9.874868320287655e-06,0.0002751641238219861,-1,0,0,0,-1,1,0,0,0
1265,1796,62.61563273116738,0,0,0,5,27,0,0,0,0,0.0002751641238219861,9.874868320287655e-06,0.0002751641238219861,-1,0,0,0,-1,1,0,0,0
1266,30420,140.5038770000006,0,0,0,1,2,0,0,0,0,0.0002751641238219861,9.874868320287655e-06,0.0002751641238219861,-1,0,0,0,-1,1,1,1,0
1267,809,105.3525494613653,0,0,0,2,17,0,0,0,0,0.0002751641238219861,9.874868320287655e-06,0.0002751641238219861,-1,0,0,0,-1,1,0,0,0
1268,344,107.9394779155422,0,0,0,2,13,0,0,0,0,0.0002751641238219861,9.874868320287655e-06,0.0002751641238219861,-1,0,0,0,-1,1,0,0,0
1269,0,103.0244853274381,0,0,0,3,28,0,0,0,0,0.0002751641238219861,9.874868320287655e-06,0.0002751641238219861,-1,0,0,0,-1,1,0,0,0
1270,1981,96.01824963616377,0,0,0,5,21,0,0,0,0,0.0002751641238219861,9.874868320287655e-06,0.0002751641238219861,-1,0,0,0,-1,1,0,0,0
1271,41,80.4056589304609,0,0,0,2,14,0,0,0,0,0.0002751641238219861,9.874868320287655e-06,0.0002751641238219861,-1,0,0,0,-1,1,0,0,0
1272,4,78.1419017078688,0,0,0,3,24,0,0,0,0,0.0002751641238219861,9.874868320287655e-06,0.0002751641238219861,-1,0,0,0,-1,1,0,0,0
1273,242,75.60213358196503,0,0,0,4,24,0,0,0,0,0.0002751641238219861,9.874868320287655e-06,0.0002751641238219861,-1,0,0,0,-1,1,0,0,0
1274,1329,88.25317480682142,0,0,0,4,27,0,0,0,0,0.0002751641238219861,9.874868320287655e-06,0.0002751641238219861,-1,0,0,0,-1,1,0,0,0
1275,30589,138.2795040013774,0,0,0,1,7,0,0,0,0,0.0002751641238219861,9.874868320287655e-06,0.0002751641238219861,-1,0,0,0,-1,1,1,1,0
1276,1265,68.70395669133035,0,0,0,5,36,0,0,0,0,0.0002751641238219861,9.874868320287655e-06,0.0002751641238219861,-1,0,0,0,-1,1,0,0,0
1277,447,58.76773917837156,0,0,0,4,22,0,0,0,0,0.0002751641238219861,9.874868320287655e-06,0.0002751641238219861,-1,0,0,0,-1,1,0,0,0
1278,0,95.71954264995991,0,0,0,3,25,0,0,0,0,0.0002751641238219861,9.874868320287655e-06,0.0002751641238219861,-1,0,0,0,-1,1,0,0,0
1279,65,100.1682886498253,0,0,0,2,8,0,0,0,0,0.0002751641238219861,9.874868320287655e-06,0.0002751641238219861,-1,0,0,0,-1,1,0,0,0
1280,31213,138.2795039890673,0,0,0,1,7,0,0,0,0,0.0002751641238219861,9.874868320287655e-06,0.0002751641238219861,-1,0,0,0,-1,1,1,1,0
1281,0,64.73952104503549,0,0,0,4,20,0,0,0,0,0.0002751641238219861,9.874868320287655e-06,0.0002751641238219861,-1,0,0,0,-1,1,0,0,0
1282,30153,138.2795040026903,0,0,0,1,5,0,0,0,0,0.0002751641238219861,9.874868320287655e-06,0.0002751641238219861,-1,0,0,0,-1,1,1,1,0
1283,475,89.27490718969582,0,0,0,3,27,0,0,0,0,0.0002751641238219861,9.874868320287655e-06,0.0002751641238219861,-1,0,0,0,-1,1,0,0,0
1284,29985,138.2795040043123,0,0,0,1,5,0,0,0,0,0.0002751641238219861,9.874868320287655e-06,0.0002751641238219861,-1,0,0,0,-1,1,1,1,0
1285,30014,138.2795039972503,0,0,0,1,3,0,0,0,0,0.0002751641238219861,9.874868320287655e-06,0.0002751641238219861,-1,0,0,0,-1,1,1,1,0
1286,29828,138.2795040031928,0,0,0,1,3,0,0,0,0,0.0002751641238219861,9.874868320287655e-06,0.0002751641238219861,-1,0,0,0,-1,1,1,1,0
1287,563,85.67564503351349,0,0,0,6,28,0,0,0,0,0.0002751641238219861,9.874868320287655e-06,0.0002751641238219861,-1,0,0,0,-1,1,0,0,0
1288,2923,93.16736247464793,0,0,0,5,20,0,0,0,0,0.0002751641238219861,9.874868320287655e-06,0.0002751641238219861,-1,0,0,0,-1,1,0,0,0
1289,29274,138.279503995667,0,0,0,1,7,0,0,0,0,0.0002751641238219861,9.874868320287655e-06,0.0002751641238219861,-1,0,0,0,-1,1,1,1,0
1290,0,54.2829026494164,0,0,0,2,15,0,0,0,0,0.0002751641238219861,9.874868320287655e-06,0.0002751641238219861,-1,0,0,0,-1,1,0,0,0
1291,30682,138.2795039999777,0,0,0,1,4,0,0,0,0,0.0002751641238219861,9.874868320287655e-06,0.0002751641238219861,-1,0,0,0,-1,1,1,1,0
1292,4454,97.0478583773684,0,0,0,4,9,0,0,0,0,0.0002751641238219861,9.874868320287655e-06,0.0002751641238219861,-1,0,0,0,-1,1,0,0,0
1293,0,79.48074061365325,0,0,0,1,11,0,0,0,0,0.0002751641238219861,9.874868320287655e-06,0.0002751641238219861,-1,0,0,0,-1,1,0,0,0
1294,238,87.03665703314748,0,0,0,3,28,0,0,0,0,0.0002751641238219861,9.874868320287655e-06,0.0002751641238219861,-1,0,0,0,-1,1,0,0,0
1295,0,63.85799417077492,0,0,0,2,25,0,0,0,0,0.0002751641238219861,9.874868320287655e-06,0.0002751641238219861,-1,0,0,0,-1,1,0,0,0
1296,0,63.83732883219314,0,0,0,2,21,0,0,0,0,0.0002751641238219861,9.874868320287655e-06,0.0002751641238219861,-1,0,0,0,-1,1,0,0,0
1297,1497,88.38413589968154,0,0,0,3,15,0,0,0,0,0.0002751641238219861,9.874868320287655e-06,0.0002751641238219861,-1,0,0,0,-1,1,0,0,0
1298,0,89.07913173133686,0,0,0,0,0,0,0,0,0,0.0002751641238219861,9.874868320287655e-06,0.0002751641238219861,-1,0,0,0,-1,1,0,0,0
1299,275,98.52761493348706,0,0,0,3,30,0,0,0,0,0.0002751641238219861,9.874868320287655e-06,0.0002751641238219861,-1,0,0,0,-1,1,0,0,0
1300,58,75.68223074476757,0,0,0,5,34,0,0,0,0,0.0002751641238219861,9.874868320287655e-06,0.0002751641238219861,-1,0,0,0,-1,1,0,0,0
1301,1963,71.943894817726,0,0,0,4,25,0,0,0,0,0.0002751641238219861,9.874868320287655e-06,0.0002751641238219861,-1,0,0,0,-1,1,0,0,0
1302,28756,138.2795039979424,0,0,0,1,5,0,0,0,0,0.0002751641238219861,9.874868320287655e-06,0.0002751641238219861,-1,0,0,0,-1,1,1,1,0
1303,0,64.57324964927635,0,0,0,1,7,0,0,0,0,0.0002751641238219861,9.874868320287655e-06,0.0002751641238219861,-1,0,0,0,-1,1,0,0,0
1304,479,48.61955190621701,0,0,0,4,19,0,0,0,0,0.0002751641238219861,9.874868320287655e-06,0.0002751641238219861,-1,0,0,0,-1,1,0,0,0
1305,254,68.25864864996328,0,0,0,1,8,0,0,0,0,0.0002751641238219861,9.874868320287655e-06,0.0002751641238219861,-1,0,0,0,-1,1,0,0,0
1306,1470,100.561746484471,0,0,0,3,15,0,0,0,0,0.0002751641238219861,9.874868320287655e-06,0.0002751641238219861,-1,0,0,0,-1,1,0,0,0
1307,30224,138.2795039973543,0,0,0,1,5,0,0,0,0,0.0002751641238219861,9.874868320287655e-06,0.0002751641238219861,-1,0,0,0,-1,1,1,1,0
1308,0,89.26103003248488,0,0,0,2,19,0,0,0,0,0.0002751641238219861,9.874868320287655e-06,0.0002751641238219861,-1,0,0,0,-1,1,0,0,0
1309,30159,138.279503995763,0,0,0,1,7,0,0,0,0,0.0002751641238219861,9.874868320287655e-06,0.0002751641238219861,-1,0,0,0,-1,1,1,1,0
1310,2030,89.09923686174226,0,0,0,5,22,0,0,0,0,0.0002751641238219861,9.874868320287655e-06,0.0002751641238219861,-1,0,0,0,-1,1,0,0,0
1311,1179,65.35851786601833,0,0,0,5,41,0,0,0,0,0.0002751641238219861,9.874868320287655e-06,0.0002751641238219861,-1,0,0,0,-1,1,0,0,0
1312,681,84.57211681288346,0,0,0,4,28,0,0,0,0,0.0002751641238219861,9.874868320287655e-06,0.0002751641238219861,-1,0,0,0,-1,1,0,0,0
1313,30902,140.5038770007793,0,0,0,1,8,0,0,0,0,0.0002751641238219861,9.874868320287655e-06,0.0002751641238219861,-1,0,0,0,-1,1,1,1,0
1314,29237,138.2795040041952,0,0,0,1,6,0,0,0,0,0.0002751641238219861,9.874868320287655e-06,0.0002751641238219861,-1,0,0,0,-1,1,1,1,0
1315,29786,138.2795040015764,0,0,0,1,11,0,0,0,0,0.0002751641238219861,9.874868320287655e-06,0.0002751641238219861,-1,0,0,0,-1,1,1,1,0
1316,0,107.9394779148996,0,0,0,2,18,0,0,0,0,0.0002751641238219861,9.874868320287655e-06,0.0002751641238219861,-1,0,0,0,-1,1,0,0,0
1317,31038,138.2795039995383,0,0,0,1,11,0,0,0,0,0.0002751641238219861,9.874868320287655e-06,0.0002751641238219861,-1,0,0,0,-1,1,1,1,0
1318,1161,75.67250218984452,0,0,0,3,16,0,0,0,0,0.0002751641238219861,9.874868320287655e-06,0.0002751641238219861,-1,0,0,0,-1,1,0,0,0
1319,606,90.71448924555187,0,0,0,4,21,0,0,0,0,0.0002751641238219861,9.874868320287655e-06,0.0002751641238219861,-1,0,0,0,-1,1,0,0,0
1320,0,95.71954264983853,0,0,0,3,32,0,0,0,0,0.0002751641238219861,9.874868320287655e-06,0.0002751641238219861,-1,0,0,0,-1,1,0,0,0
1321,29435,138.2795040000529,0,0,0,1,8,0,0,0,0,0.0002751641238219861,9.874868320287655e-06,0.0002751641238219861,-1,0,0,0,-1,1,1,1,0
1322,0,95.76983069179667,0,0,0,3,31,0,0,0,0,0.0002751641238219861,9.874868320287655e-06,0.0002751641238219861,-1,0,0,0,-1,1,0,0,0
1323,628,65.73359942041687,0,0,0,6,32,0,0,0,0,0.0002751641238219861,9.874868320287655e-06,0.0002751641238219861,-1,0,0,0,-1,1,0,0,0
1324,0,88.53025524689954,0,0,0,4,25,0,0,0,0,0.0002751641238219861,9.874868320287655e-06,0.0002751641238219861,-1,0,0,0,-1,1,0,0,0
1325,31045,138.279504004287,0,0,0,1,7,0,0,0,0,0.0002751641238219861,9.874868320287655e-06,0.0002751641238219861,-1,0,0,0,-1,1,1,1,0
1326,1111,76.31930837784601,0,0,0,6,19,0,0,0,0,0.0002751641238219861,9.874868320287655e-06,0.0002751641238219861,-1,0,0,0,-1,1,0,0,0
1327,0,74.09691564967467,0,0,0,2,17,0,0,0,0,0.0002751641238219861,9.874868320287655e-06,0.0002751641238219861,-1,0,0,0,-1,1,0,0,0
1328,610,72.62047280619805,0,0,0,5,37,0,0,0,0,0.0002751641238219861,9.874868320287655e-06,0.0002751641238219861,-1,0,0,0,-1,1,0,0,0
1329,671,65.0174529112078,0,0,0,5,25,0,0,0,0,0.0002751641238219861,9.874868320287655e-06,0.0002751641238219861,-1,0,0,0,-1,1,0,0,0
1330,31057,138.2795039986653,0,0,0,1,10,0,0,0,0,0.0002751641238219861,9.874868320287655e-06,0.0002751641238219861,-1,0,0,0,-1,1,1,1,0
1331,28469,138.2795039994251,0,0,0,1,9,0,0,0,0,0.0002751641238219861,9.874868320287655e-06,0.0002751641238219861,-1,0,0,0,-1,1,1,1,0
1332,596,100.8066009019789,0,0,0,3,22,0,0,0,0,0.0002751641238219861,9.874868320287655e-06,0.0002751641238219861,-1,0,0,0,-1,1,0,0,0
1333,2990,90.73703311604451,0,0,0,4,23,0,0,0,0,0.0002751641238219861,9.874868320287655e-06,0.0002751641238219861,-1,0,0,0,-1,1,0,0,0
1334,557,87.03665703293447,0,0,0,3,23,0,0,0,0,0.0002751641238219861,9.874868320287655e-06,0.0002751641238219861,-1,0,0,0,-1,1,0,0,0
1335,0,80.38898527577841,0,0,0,1,9,0,0,0,0,0.0002751641238219861,9.874868320287655e-06,0.0002751641238219861,-1,0,0,0,-1,1,0,0,0
1336,762,78.38583958339532,0,0,0,3,18,0,0,0,0,0.0002751641238219861,9.874868320287655e-06,0.0002751641238219861,-1,0,0,0,-1,1,0,0,0
1337,897,63.16381006157708,0,0,0,4,6,0,0,0,0,0.0002751641238219861,9.874868320287655e-06,0.0002751641238219861,-1,0,0,0,-1,1,0,0,0
1338,873,95.7068255797731,0,0,0,4,25,0,0,0,0,0.0002751641238219861,9.874868320287655e-06,0.0002751641238219861,-1,0,0,0,-1,1,0,0,0
1339,29714,138.2795040019576,0,0,0,1,8,0,0,0,0,0.0002751641238219861,9.874868320287655e-06,0.0002751641238219861,-1,0,0,0,-1,1,1,1,0
1340,655,81.98283842257841,0,0,0,3,11,0,0,0,0,0.0002751641238219861,9.874868320287655e-06,0.0002751641238219861,-1,0,0,0,-1,1,0,0,0
1341,30988,138.279503992921,0,0,0,1,7,0,0,0,0,0.0002751641238219861,9.874868320287655e-06,0.0002751641238219861,-1,0,0,0,-1,1,1,1,0
1342,31,70.97670793162619,0,0,0,3,15,0,0,0,0,0.0002751641238219861,9.874868320287655e-06,0.0002751641238219861,-1,0,0,0,-1,1,0,0,0
1343,29692,140.5038770015619,0,0,0,1,5,0,0,0,0,0.0002751641238219861,9.874868320287655e-06,0.0002751641238219861,-1,0,0,0,-1,1,1,1,0
1344,29742,138.2795039985914,0,0,0,1,4,0,0,0,0,0.0002751641238219861,9.874868320287655e-06,0.0002751641238219861,-1,0,0,0,-1,1,1,1,0
1345,1667,74.18027507730731,0,0,0,3,23,0,0,0,0,0.0002751641238219861,9.874868320287655e-06,0.0002751641238219861,-1,0,0,0,-1,1,0,0,0
1346,1974,100.7538316437497,0,0,0,3,20,0,0,0,0,0.0002751641238219861,9.874868320287655e-06,0.0002751641238219861,-1,0,0,0,-1,1,0,0,0
1347,2265,64.52178985993272,0,0,0,8,43,0,0,0,0,0.0002751641238219861,9.874868320287655e-06,0.0002751641238219861,-1,0,0,0,-1,1,0,0,0
1348,0,75.619393839701,0,0,0,2,15,0,0,0,0,0.0002751641238219861,9.874868320287655e-06,0.0002751641238219861,-1,0,0,0,-1,1,0,0,0
1349,0,87.19708182422724,0,0,0,3,31,0,0,0,0,0.0002751641238219861,9.874868320287655e-06,0.0002751641238219861,-1,0,0,0,-1,1,0,0,0
1350,0,89.27122204705877,0,0,0,2,15,0,0,0,0,0.0002751641238219861,9.874868320287655e-06,0.0002751641238219861,-1,0,0,0,-1,1,0,0,0
1351,2721,100.8711364987043,0,0,0,4,16,0,0,0,0,0.0002751641238219861,9.874868320287655e-06,0.0002751641238219861,-1,0,0,0,-1,1,0,0,0
1352,159,98.17449098505713,0,0,0,3,22,0,0,0,0,0.0002751641238219861,9.874868320287655e-06,0.0002751641238219861,-1,0,0,0,-1,1,0,0,0
1353,962,66.53535679550619,0,0,0,6,26,0,0,0,0,0.0002751641238219861,9.874868320287655e-06,0.0002751641238219861,-1,0,0,0,-1,1,0,0,0
1354,2000,75.01154445337507,0,0,0,7,37,0,0,0,0,0.0002751641238219861,9.874868320287655e-06,0.0002751641238219861,-1,0,0,0,-1,1,0,0,0
1355,1027,68.21701539697897,0,0,0,4,21,0,0,0,0,0.0002751641238219861,9.874868320287655e-06,0.0002751641238219861,-1,0,0,0,-1,1,0,0,0
1356,1983,72.76332010236163,0,0,0,6,29,0,0,0,0,0.0002751641238219861,9.874868320287655e-06,0.0002751641238219861,-1,0,0,0,-1,1,0,0,0
1357,27965,138.2795039998182,0,0,0,1,8,0,0,0,0,0.0002751641238219861,9.874868320287655e-06,0.0002751641238219861,-1,0,0,0,-1,1,1,1,0
1358,720,90.08566241544501,0,0,0,4,13,0,0,0,0,0.0002751641238219861,9.874868320287655e-06,0.0002751641238219861,-1,0,0,0,-1,1,0,0,0
1359,1524,88.37555783170558,0,0,0,4,24,0,0,0,0,0.0002751641238219861,9.874868320287655e-06,0.0002751641238219861,-1,0,0,0,-1,1,0,0,0
1360,0,95.76039715513646,0,0,0,3,25,0,0,0,0,0.0002751641238219861,9.874868320287655e-06,0.0002751641238219861,-1,0,0,0,-1,1,0,0,0
1361,408,60.72913089046833,0,0,0,4,14,0,0,0,0,0.0002751641238219861,9.874868320287655e-06,0.0002751641238219861,-1,0,0,0,-1,1,0,0,0
1362,735,85.96286959113003,0,0,0,4,24,0,0,0,0,0.0002751641238219861,9.874868320287655e-06,0.0002751641238219861,-1,0,0,0,-1,1,0,0,0
1363,18,79.61481436345503,0,0,0,2,9,0,0,0,0,0.0002751641238219861,9.874868320287655e-06,0.0002751641238219861,-1,0,0,0,-1,1,0,0,0
1364,0,107.9913671574901,0,0,0,2,21,0,0,0,0,0.0002751641238219861,9.874868320287655e-06,0.0002751641238219861,-1,0,0,0,-1,1,0,0,0
1365,1578,76.53794307761832,0,0,0,5,27,0,0,0,0,0.0002751641238219861,9.874868320287655e-06,0.0002751641238219861,-1,0,0,0,-1,1,0,0,0
1366,0,97.94391564995152,0,0,0,2,18,0,0,0,0,0.0002751641238219861,9.874868320287655e-06,0.0002751641238219861,-1,0,0,0,-1,1,0,0,0
1367,29886,138.2795039951601,0,0,0,1,5,0,0,0,0,0.0002751641238219861,9.874868320287655e-06,0.0002751641238219861,-1,0,0,0,-1,1,1,1,0
1368,646,74.38505258373279,0,0,0,2,11,0,0,0,0,0.0002751641238219861,9.874868320287655e-06,0.0002751641238219861,-1,0,0,0,-1,1,0,0,0
1369,29711,138.2795040006699,0,0,0,1,4,0,0,0,0,0.0002751641238219861,9.874868320287655e-06,0.0002751641238219861,-1,0,0,0,-1,1,1,1,0
1370,28631,138.2795040017063,0,0,0,1,5,0,0,0,0,0.0002751641238219861,9.874868320287655e-06,0.0002751641238219861,-1,0,0,0,-1,1,1,1,0
1371,639,89.53908005434059,0,0,0,2,12,0,0,0,0,0.0002751641238219861,9.874868320287655e-06,0.0002751641238219861,-1,0,0,0,-1,1,0,0,0
1372,0,80.60857267902043,0,0,0,2,18,0,0,0,0,0.0002751641238219861,9.874868320287655e-06,0.0002751641238219861,-1,0,0,0,-1,1,0,0,0
1373,29019,140.503877002904,0,0,0,1,7,0,0,0,0,0.0002751641238219861,9.874868320287655e-06,0.0002751641238219861,-1,0,0,0,-1,1,1,1,0
1374,29551,138.2795039994223,0,0,0,1,6,0,0,0,0,0.0002751641238219861,9.874868320287655e-06,0.0002751641238219861,-1,0,0,0,-1,1,1,1,0
1375,2914,80.53705821600158,0,0,0,4,21,0,0,0,0,0.0002751641238219861,9.874868320287655e-06,0.0002751641238219861,-1,0,0,0,-1,1,0,0,0
1376,946,75.54516315774853,0,0,0,5,26,0,0,0,0,0.0002751641238219861,9.874868320287655e-06,0.0002751641238219861,-1,0,0,0,-1,1,0,0,0
1377,3067,74.91049560775821,0,0,0,5,32,0,0,0,0,0.0002751641238219861,9.874868320287655e-06,0.0002751641238219861,-1,0,0,0,-1,1,0,0,0
1378,30797,138.2795040067697,0,0,0,1,4,0,0,0,0,0.0002751641238219861,9.874868320287655e-06,0.0002751641238219861,-1,0,0,0,-1,1,1,1,0
1379,0,86.6116356499671,0,0,0,0,0,0,0,0,0,0.0002751641238219861,9.874868320287655e-06,0.0002751641238219861,-1,0,0,0,-1,1,0,0,0
1380,29780,138.2795039967366,0,0,0,1,6,0,0,0,0,0.0002751641238219861,9.874868320287655e-06,0.0002751641238219861,-1,0,0,0,-1,1,1,1,0
1381,28529,138.2795039998977,0,0,0,1,4,0,0,0,0,0.0002751641238219861,9.874868320287655e-06,0.0002751641238219861,-1,0,0,0,-1,1,1,1,0
1382,2868,95.7942654445079,0,0,0,4,24,0,0,0,0,0.0002751641238219861,9.874868320287655e-06,0.0002751641238219861,-1,0,0,0,-1,1,0,0,0
1383,0,87.05299116624025,0,0,0,3,31,0,0,0,0,0.0002751641238219861,9.874868320287655e-06,0.0002751641238219861,-1,0,0,0,-1,1,0,0,0
1384,29449,138.2795040033352,0,0,0,1,6,0,0,0,0,0.0002751641238219861,9.874868320287655e-06,0.0002751641238219861,-1,0,0,0,-1,1,1,1,0
1385,0,71.9599267622327,0,0,0,3,33,0,0,0,0,0.0002751641238219861,9.874868320287655e-06,0.0002751641238219861,-1,0,0,0,-1,1,0,0,0
1386,29966,138.279503999988,0,0,0,1,7,0,0,0,0,0.0002751641238219861,9.874868320287655e-06,0.0002751641238219861,-1,0,0,0,-1,1,1,1,0
1387,913,72.09847434073097,0,0,0,5,20,0,0,0,0,0.0002751641238219861,9.874868320287655e-06,0.0002751641238219861,-1,0,0,0,-1,1,0,0,0
1388,0,73.34629299897119,0,0,0,3,22,0,0,0,0,0.0002751641238219861,9.874868320287655e-06,0.0002751641238219861,-1,0,0,0,-1,1,0,0,0
1389,1168,76.51170316171327,0,0,0,5,33,0,0,0,0,0.0002751641238219861,9.874868320287655e-06,0.0002751641238219861,-1,0,0,0,-1,1,0,0,0
1390,541,73.94771773370509,0,0,0,3,8,0,0,0,0,0.0002751641238219861,9.874868320287655e-06,0.0002751641238219861,-1,0,0,0,-1,1,0,0,0
1391,664,66.35872642544064,0,0,0,4,17,0,0,0,0,0.0002751641238219861,9.874868320287655e-06,0.0002751641238219861,-1,0,0,0,-1,1,0,0,0
1392,29978,138.2795039994754,0,0,0,1,9,0,0,0,0,0.0002751641238219861,9.874868320287655e-06,0.0002751641238219861,-1,0,0,0,-1,1,1,1,0
1393,426,90.91052672392077,0,0,0,4,16,0,0,0,0,0.0002751641238219861,9.874868320287655e-06,0.0002751641238219861,-1,0,0,0,-1,1,0,0,0
1394,937,90.80128224006576,0,0,0,3,21,0,0,0,0,0.0002751641238219861,9.874868320287655e-06,0.0002751641238219861,-1,0,0,0,-1,1,0,0,0
1395,0,72.09729914290972,0,0,0,2,17,0,0,0,0,0.0002751641238219861,9.874868320287655e-06,0.0002751641238219861,-1,0,0,0,-1,1,0,0,0
1396,29918,138.2795040000719,0,0,0,1,2,0,0,0,0,0.0002751641238219861,9.874868320287655e-06,0.0002751641238219861,-1,0,0,0,-1,1,1,1,0
1397,0,79.35518868513263,0,0,0,1,9,0,0,0,0,0.0002751641238219861,9.874868320287655e-06,0.0002751641238219861,-1,0,0,0,-1,1,0,0,0
1398,28857,138.2795039925847,0,0,0,1,7,0,0,0,0,0.0002751641238219861,9.874868320287655e-06,0.0002751641238219861,-1,0,0,0,-1,1,1,1,0
1399,1522,88.64168570615813,0,0,0,4,23,0,0,0,0,0.0002751641238219861,9.874868320287655e-06,0.0002751641238219861,-1,0,0,0,-1,1,0,0,0
1400,30355,138.2795039948313,0,0,0,1,4,0,0,0,0,0.0002751641238219861,9.874868320287655e-06,0.0002751641238219861,-1,0,0,0,-1,1,1,1,0
1401,0,75.94157388830581,0,0,0,3,29,0,0,0,0,0.0002751641238219861,9.874868320287655e-06,0.0002751641238219861,-1,0,0,0,-1,1,0,0,0
1402,0,68.44604265713281,0,0,0,3,28,0,0,0,0,0.0002751641238219861,9.874868320287655e-06,0.0002751641238219861,-1,0,0,0,-1,1,0,0,0
1403,0,70.25124551465257,0,0,0,4,28,0,0,0,0,0.0002751641238219861,9.874868320287655e-06,0.0002751641238219861,-1,0,0,0,-1,1,0,0,0
1404,568,88.62672026768189,0,0,0,4,16,0,0,0,0,0.0002751641238219861,9.874868320287655e-06,0.0002751641238219861,-1,0,0,0,-1,1,0,0,0
1405,895,65.26373520031903,0,0,0,4,23,0,0,0,0,0.0002751641238219861,9.874868320287655e-06,0.0002751641238219861,-1,0,0,0,-1,1,0,0,0
1406,31382,138.2795039992208,0,0,0,1,5,0,0,0,0,0.0002751641238219861,9.874868320287655e-06,0.0002751641238219861,-1,0,0,0,-1,1,1,1,0
1407,3182,93.49826058079235,0,0,0,6,22,0,0,0,0,0.0002751641238219861,9.874868320287655e-06,0.0002751641238219861,-1,0,0,0,-1,1,0,0,0
1408,1258,98.10594073618965,0,0,0,3,14,0,0,0,0,0.0002751641238219861,9.874868320287655e-06,0.0002751641238219861,-1,0,0,0,-1,1,0,0,0
1409,1295,60.51725607301246,0,0,0,6,31,0,0,0,0,0.0002751641238219861,9.874868320287655e-06,0.0002751641238219861,-1,0,0,0,-1,1,0,0,0
1410,28619,138.2795039999897,0,0,0,1,3,0,0,0,0,0.0002751641238219861,9.874868320287655e-06,0.0002751641238219861,-1,0,0,0,-1,1,1,1,0
1411,1465,95.75918969715224,0,0,0,4,26,0,0,0,0,0.0002751641238219861,9.874868320287655e-06,0.0002751641238219861,-1,0,0,0,-1,1,0,0,0
1412,29798,138.2795039995176,0,0,0,1,6,0,0,0,0,0.0002751641238219861,9.874868320287655e-06,0.0002751641238219861,-1,0,0,0,-1,1,1,1,0
1413,1189,73.42452938397291,0,0,0,5,15,0,0,0,0,0.0002751641238219861,9.874868320287655e-06,0.0002751641238219861,-1,0,0,0,-1,1,0,0,0
1414,2004,93.02797079323099,0,0,0,4,18,0,0,0,0,0.0002751641238219861,9.874868320287655e-06,0.0002751641238219861,-1,0,0,0,-1,1,0,0,0
1415,6537,100.6655933824911,0,0,0,7,19,0,0,0,0,0.0002751641238219861,9.874868320287655e-06,0.0002751641238219861,-1,0,0,0,-1,1,0,0,0
1416,28757,138.2795039980358,0,0,0,1,8,0,0,0,0,0.0002751641238219861,9.874868320287655e-06,0.0002751641238219861,-1,0,0,0,-1,1,1,1,0
1417,589,75.57582111536203,0,0,0,3,28,0,0,0,0,0.0002751641238219861,9.874868320287655e-06,0.0002751641238219861,-1,0,0,0,-1,1,0,0,0
1418,28645,138.2795039987747,0,0,0,1,8,0,0,0,0,0.0002751641238219861,9.874868320287655e-06,0.0002751641238219861,-1,0,0,0,-1,1,1,1,0
1419,27489,138.2795039998108,0,0,0,1,11,0,0,0,0,0.0002751641238219861,9.874868320287655e-06,0.0002751641238219861,-1,0,0,0,-1,1,1,1,0
1420,30064,138.2795040004487,0,0,0,1,6,0,0,0,0,0.0002751641238219861,9.874868320287655e-06,0.0002751641238219861,-1,0,0,0,-1,1,1,1,0
1421,31226,138.2795040017883,0,0,0,1,6,0,0,0,0,0.0002751641238219861,9.874868320287655e-06,0.0002751641238219861,-1,0,0,0,-1,1,1,1,0
1422,30629,138.2795039974805,0,0,0,1,6,0,0,0,0,0.0002751641238219861,9.874868320287655e-06,0.0002751641238219861,-1,0,0,0,-1,1,1,1,0
1423,0,87.04724461896325,0,0,0,3,22,0,0,0,0,0.0002751641238219861,9.874868320287655e-06,0.0002751641238219861,-1,0,0,0,-1,1,0,0,0
1424,339,72.59288094443939,0,0,0,4,27,0,0,0,0,0.0002751641238219861,9.874868320287655e-06,0.0002751641238219861,-1,0,0,0,-1,1,0,0,0
1425,1401,97.94912333969648,0,0,0,4,30,0,0,0,0,0.0002751641238219861,9.874868320287655e-06,0.0002751641238219861,-1,0,0,0,-1,1,0,0,0
1426,29317,138.2795039996791,0,0,0,1,8,0,0,0,0,0.0002751641238219861,9.874868320287655e-06,0.0002751641238219861,-1,0,0,0,-1,1,1,1,0
1427,1581,93.41489353785791,0,0,0,4,16,0,0,0,0,0.0002751641238219861,9.874868320287655e-06,0.0002751641238219861,-1,0,0,0,-1,1,0,0,0
1428,2378,86.90411653132529,0,0,0,5,18,0,0,0,0,0.0002751641238219861,9.874868320287655e-06,0.0002751641238219861,-1,0,0,0,-1,1,0,0,0
1429,30132,140.5038770022337,0,0,0,1,7,0,0,0,0,0.0002751641238219861,9.874868320287655e-06,0.0002751641238219861,-1,0,0,0,-1,1,1,1,0
1430,30830,138.2795040038882,0,0,0,1,4,0,0,0,0,0.0002751641238219861,9.874868320287655e-06,0.0002751641238219861,-1,0,0,0,-1,1,1,1,0
1431,29208,138.2795039999968,0,0,0,1,5,0,0,0,0,0.0002751641238219861,9.874868320287655e-06,0.0002751641238219861,-1,0,0,0,-1,1,1,1,0
1432,30598,138.2795039985108,0,0,0,1,10,0,0,0,0,0.0002751641238219861,9.874868320287655e-06,0.0002751641238219861,-1,0,0,0,-1,1,1,1,0
1433,30153,138.2795039972007,0,0,0,1,4,0,0,0,0,0.0002751641238219861,9.874868320287655e-06,0.0002751641238219861,-1,0,0,0,-1,1,1,1,0
1434,1765,77.01381301702565,0,0,0,3,18,0,0,0,0,0.0002751641238219861,9.874868320287655e-06,0.0002751641238219861,-1,0,0,0,-1,1,0,0,0
1435,30111,138.2795039925743,0,0,0,1,5,0,0,0,0,0.0002751641238219861,9.874868320287655e-06,0.0002751641238219861,-1,0,0,0,-1,1,1,1,0
1436,3,58.89214044723362,0,0,0,2,7,0,0,0,0,0.0002751641238219861,9.874868320287655e-06,0.0002751641238219861,-1,0,0,0,-1,1,0,0,0
1437,642,82.21032389612783,0,0,0,5,24,0,0,0,0,0.0002751641238219861,9.874868320287655e-06,0.0002751641238219861,-1,0,0,0,-1,1,0,0,0
1438,0,95.71954264980678,0,0,0,3,25,0,0,0,0,0.0002751641238219861,9.874868320287655e-06,0.0002751641238219861,-1,0,0,0,-1,1,0,0,0
1439,3467,86.00992069561036,0,0,0,5,16,0,0,0,0,0.0002751641238219861,9.874868320287655e-06,0.0002751641238219861,-1,0,0,0,-1,1,0,0,0
1440,600,81.17670757705217,0,0,0,3,17,0,0,0,0,0.0002751641238219861,9.874868320287655e-06,0.0002751641238219861,-1,0,0,0,-1,1,0,0,0
1441,45,80.52852141795795,0,0,0,2,17,0,0,0,0,0.0002751641238219861,9.874868320287655e-06,0.0002751641238219861,-1,0,0,0,-1,1,0,0,0
1442,29384,140.5038770028161,0,0,0,1,6,0,0,0,0,0.0002751641238219861,9.874868320287655e-06,0.0002751641238219861,-1,0,0,0,-1,1,1,1,0
1443,979,103.284505267841,0,0,0,3,19,0,0,0,0,0.0002751641238219861,9.874868320287655e-06,0.0002751641238219861,-1,0,0,0,-1,1,0,0,0
1444,31785,138.2795040085151,0,0,0,1,9,0,0,0,0,0.0002751641238219861,9.874868320287655e-06,0.0002751641238219861,-1,0,0,0,-1,1,1,1,0
1445,29953,138.2795039996724,0,0,0,1,4,0,0,0,0,0.0002751641238219861,9.874868320287655e-06,0.0002751641238219861,-1,0,0,0,-1,1,1,1,0
1446,1289,58.22787234858227,0,0,0,3,17,0,0,0,0,0.0002751641238219861,9.874868320287655e-06,0.0002751641238219861,-1,0,0,0,-1,1,0,0,0
1447,685,118.340298885578,0,0,0,1,11,0,0,0,0,0.0002751641238219861,9.874868320287655e-06,0.0002751641238219861,-1,0,0,0,-1,1,0,0,0
1448,1933,90.80543945911423,0,0,0,4,12,0,0,0,0,0.0002751641238219861,9.874868320287655e-06,0.0002751641238219861,-1,0,0,0,-1,1,0,0,0
1449,3276,93.53032523864013,0,0,0,5,21,0,0,0,0,0.0002751641238219861,9.874868320287655e-06,0.0002751641238219861,-1,0,0,0,-1,1,0,0,0
1450,31608,138.2795039992816,0,0,0,1,4,0,0,0,0,0.0002751641238219861,9.874868320287655e-06,0.0002751641238219861,-1,0,0,0,-1,1,1,1,0
1451,0,76.16887791765205,0,0,0,2,18,0,0,0,0,0.0002751641238219861,9.874868320287655e-06,0.0002751641238219861,-1,0,0,0,-1,1,0,0,0
1452,532,78.03272061244043,0,0,0,2,19,0,0,0,0,0.0002751641238219861,9.874868320287655e-06,0.0002751641238219861,-1,0,0,0,-1,1,0,0,0
1453,0,107.9394779108048,0,0,0,2,21,0,0,0,0,0.0002751641238219861,9.874868320287655e-06,0.0002751641238219861,-1,0,0,0,-1,1,0,0,0
1454,956,65.00109733023855,0,0,0,3,20,0,0,0,0,0.0002751641238219861,9.874868320287655e-06,0.0002751641238219861,-1,0,0,0,-1,1,0,0,0
1455,797,77.03245001547292,0,0,0,7,36,0,0,0,0,0.0002751641238219861,9.874868320287655e-06,0.0002751641238219861,-1,0,0,0,-1,1,0,0,0
1456,1405,85.69314478371719,0,0,0,5,22,0,0,0,0,0.0002751641238219861,9.874868320287655e-06,0.0002751641238219861,-1,0,0,0,-1,1,0,0,0
1457,1651,63.42070437895435,0,0,0,5,22,0,0,0,0,0.0002751641238219861,9.874868320287655e-06,0.0002751641238219861,-1,0,0,0,-1,1,0,0,0
1458,0,57.55254264987855,0,0,0,3,23,0,0,0,0,0.0002751641238219861,9.874868320287655e-06,0.0002751641238219861,-1,0,0,0,-1,1,0,0,0
1459,29577,138.279504001675,0,0,0,1,6,0,0,0,0,0.0002751641238219861,9.874868320287655e-06,0.0002751641238219861,-1,0,0,0,-1,1,1,1,0
1460,1110,80.18876604548883,0,0,0,6,33,0,0,0,0,0.0002751641238219861,9.874868320287655e-06,0.0002751641238219861,-1,0,0,0,-1,1,0,0,0
1461,31092,138.2795040041512,0,0,0,1,9,0,0,0,0,0.0002751641238219861,9.874868320287655e-06,0.0002751641238219861,-1,0,0,0,-1,1,1,1,0
1462,31412,138.2795039958144,0,0,0,1,7,0,0,0,0,0.0002751641238219861,9.874868320287655e-06,0.0002751641238219861,-1,0,0,0,-1,1,1,1,0
1463,29475,138.2795040012084,0,0,0,1,6,0,0,0,0,0.0002751641238219861,9.874868320287655e-06,0.0002751641238219861,-1,0,0,0,-1,1,1,1,0
1464,1220,80.71745493372286,0,0,0,4,17,0,0,0,0,0.0002751641238219861,9.874868320287655e-06,0.0002751641238219861,-1,0,0,0,-1,1,0,0,0
1465,0,95.71954264967565,0,0,0,3,28,0,0,0,0,0.0002751641238219861,9.874868320287655e-06,0.0002751641238219861,-1,0,0,0,-1,1,0,0,0
1466,30930,138.2795040022066,0,0,0,1,6,0,0,0,0,0.0002751641238219861,9.874868320287655e-06,0.0002751641238219861,-1,0,0,0,-1,1,1,1,0
1467,0,71.95232540774843,0,0,0,3,24,0,0,0,0,0.0002751641238219861,9.874868320287655e-06,0.0002751641238219861,-1,0,0,0,-1,1,0,0,0
1468,1279,74.83369101636302,0,0,0,5,29,0,0,0,0,0.0002751641238219861,9.874868320287655e-06,0.0002751641238219861,-1,0,0,0,-1,1,0,0,0
1469,29357,138.2795040006965,0,0,0,1,4,0,0,0,0,0.0002751641238219861,9.874868320287655e-06,0.0002751641238219861,-1,0,0,0,-1,1,1,1,0
1470,0,63.87896316479094,0,0,0,2,14,0,0,0,0,0.0002751641238219861,9.874868320287655e-06,0.0002751641238219861,-1,0,0,0,-1,1,0,0,0
1471,15,76.39778811477309,0,0,0,5,25,0,0,0,0,0.0002751641238219861,9.874868320287655e-06,0.0002751641238219861,-1,0,0,0,-1,1,0,0,0
1472,0,95.71954263459693,0,0,0,3,21,0,0,0,0,0.0002751641238219861,9.874868320287655e-06,0.0002751641238219861,-1,0,0,0,-1,1,0,0,0
1473,3661,73.39786808883079,0,0,0,6,22,0,0,0,0,0.0002751641238219861,9.874868320287655e-06,0.0002751641238219861,-1,0,0,0,-1,1,0,0,0
1474,275,46.40474682423731,0,0,0,6,26,0,0,0,0,0.0002751641238219861,9.874868320287655e-06,0.0002751641238219861,-1,0,0,0,-1,1,0,0,0
1475,30013,138.2795039965046,0,0,0,1,2,0,0,0,0,0.0002751641238219861,9.874868320287655e-06,0.0002751641238219861,-1,0,0,0,-1,1,1,1,0
1476,20,100.7891278999857,0,0,0,2,15,0,0,0,0,0.0002751641238219861,9.874868320287655e-06,0.0002751641238219861,-1,0,0,0,-1,1,0,0,0
1477,30859,138.2795039991132,0,0,0,1,3,0,0,0,0,0.0002751641238219861,9.874868320287655e-06,0.0002751641238219861,-1,0,0,0,-1,1,1,1,0
1478,30873,138.2795039993907,0,0,0,1,4,0,0,0,0,0.0002751641238219861,9.874868320287655e-06,0.0002751641238219861,-1,0,0,0,-1,1,1,1,0
1479,0,71.87254264981257,0,0,0,3,22,0,0,0,0,0.0002751641238219861,9.874868320287655e-06,0.0002751641238219861,-1,0,0,0,-1,1,0,0,0
1480,30214,138.2795040009202,0,0,0,1,5,0,0,0,0,0.0002751641238219861,9.874868320287655e-06,0.0002751641238219861,-1,0,0,0,-1,1,1,1,0
1481,2069,75.07341425410526,0,0,0,6,32,0,0,0,0,0.0002751641238219861,9.874868320287655e-06,0.0002751641238219861,-1,0,0,0,-1,1,0,0,0
1482,731,97.99037932208867,0,0,0,3,16,0,0,0,0,0.0002751641238219861,9.874868320287655e-06,0.0002751641238219861,-1,0,0,0,-1,1,0,0,0
1483,415,57.60444784175071,0,0,0,7,45,0,0,0,0,0.0002751641238219861,9.874868320287655e-06,0.0002751641238219861,-1,0,0,0,-1,1,0,0,0
1484,204,63.22930034992438,0,0,0,5,22,0,0,0,0,0.0002751641238219861,9.874868320287655e-06,0.0002751641238219861,-1,0,0,0,-1,1,0,0,0
1485,1704,75.74597463798614,0,0,0,5,18,0,0,0,0,0.0002751641238219861,9.874868320287655e-06,0.0002751641238219861,-1,0,0,0,-1,1,0,0,0
1486,223,81.70511361366398,0,0,0,0,2,0,0,0,0,0.0002751641238219861,9.874868320287655e-06,0.0002751641238219861,-1,0,0,0,-1,1,0,0,0
1487,27385,138.2795039964182,0,0,0,1,8,0,0,0,0,0.0002751641238219861,9.874868320287655e-06,0.0002751641238219861,-1,0,0,0,-1,1,1,1,0
1488,30650,138.2795040001794,0,0,0,1,3,0,0,0,0,0.0002751641238219861,9.874868320287655e-06,0.0002751641238219861,-1,0,0,0,-1,1,1,1,0
1489,1108,74.65110585995009,0,0,0,5,25,0,0,0,0,0.0002751641238219861,9.874868320287655e-06,0.0002751641238219861,-1,0,0,0,-1,1,0,0,0
1490,2728,75.11345160431385,0,0,0,7,28,0,0,0,0,0.0002751641238219861,9.874868320287655e-06,0.0002751641238219861,-1,0,0,0,-1,1,0,0,0
1491,892,59.48875187952339,0,0,0,6,23,0,0,0,0,0.0002751641238219861,9.874868320287655e-06,0.0002751641238219861,-1,0,0,0,-1,1,0,0,0
1492,1644,95.95675770672521,0,0,0,5,24,0,0,0,0,0.0002751641238219861,9.874868320287655e-06,0.0002751641238219861,-1,0,0,0,-1,1,0,0,0
1493,0,107.9394779155216,0,0,0,2,18,0,0,0,0,0.0002751641238219861,9.874868320287655e-06,0.0002751641238219861,-1,0,0,0,-1,1,0,0,0
1494,910,74.87993216435308,0,0,0,3,29,0,0,0,0,0.0002751641238219861,9.874868320287655e-06,0.0002751641238219861,-1,0,0,0,-1,1,0,0,0
1495,156,99.51616961365778,0,0,0,2,16,0,0,0,0,0.0002751641238219861,9.874868320287655e-06,0.0002751641238219861,-1,0,0,0,-1,1,0,0,0
1496,2310,89.54484869410877,0,0,0,4,23,0,0,0,0,0.0002751641238219861,9.874868320287655e-06,0.0002751641238219861,-1,0,0,0,-1,1,0,0,0
1497,110,80.61209983485362,0,0,0,3,19,0,0,0,0,0.0002751641238219861,9.874868320287655e-06,0.0002751641238219861,-1,0,0,0,-1,1,0,0,0
1498,949,94.53063555780253,0,0,0,4,24,0,0,0,0,0.0002751641238219861,9.874868320287655e-06,0.0002751641238219861,-1,0,0,0,-1,1,0,0,0
1499,0,86.61163564996484,0,0,0,0,0,0,0,0,0,0.0002751641238219861,9.874868320287655e-06,0.0002751641238219861,-1,0,0,0,-1,1,0,0,0
1500,56,85.5895753097419,0,0,0,3,14,0,0,0,0,0.0002751641238219861,9.874868320287655e-06,0.0002751641238219861,-1,0,0,0,-1,1,0,0,0
1501,0,99.61636355441026,0,0,0,2,17,0,0,0,0,0.0002751641238219861,9.874868320287655e-06,0.0002751641238219861,-1,0,0,0,-1,1,0,0,0
1502,3147,93.98454157196613,0,0,0,5,17,0,0,0,0,0.0002751641238219861,9.874868320287655e-06,0.0002751641238219861,-1,0,0,0,-1,1,0,0,0
1503,110,85.86584197166772,0,0,0,3,16,0,0,0,0,0.0002751641238219861,9.874868320287655e-06,0.0002751641238219861,-1,0,0,0,-1,1,0,0,0
1504,1052,84.52262087101992,0,0,0,4,16,0,0,0,0,0.0002751641238219861,9.874868320287655e-06,0.0002751641238219861,-1,0,0,0,-1,1,0,0,0
1505,913,78.15640591797562,0,0,0,3,18,0,0,0,0,0.0002751641238219861,9.874868320287655e-06,0.0002751641238219861,-1,0,0,0,-1,1,0,0,0
1506,2078,70.88216354141734,0,0,0,4,22,0,0,0,0,0.0002751641238219861,9.874868320287655e-06,0.0002751641238219861,-1,0,0,0,-1,1,0,0,0
1507,1261,95.65428588889596,0,0,0,3,24,0,0,0,0,0.0002751641238219861,9.874868320287655e-06,0.0002751641238219861,-1,0,0,0,-1,1,0,0,0
1508,0,81.27171121084682,0,0,0,4,21,0,0,0,0,0.0002751641238219861,9.874868320287655e-06,0.0002751641238219861,-1,0,0,0,-1,1,0,0,0
1509,0,61.81925308231622,0,0,0,5,32,0,0,0,0,0.0002751641238219861,9.874868320287655e-06,0.0002751641238219861,-1,0,0,0,-1,1,0,0,0
1510,1938,66.28641265452163,0,0,0,4,26,0,0,0,0,0.0002751641238219861,9.874868320287655e-06,0.0002751641238219861,-1,0,0,0,-1,1,0,0,0
1511,16,68.96403428338115,0,0,0,4,33,0,0,0,0,0.0002751641238219861,9.874868320287655e-06,0.0002751641238219861,-1,0,0,0,-1,1,0,0,0
1512,29804,138.2795040020422,0,0,0,1,3,0,0,0,0,0.0002751641238219861,9.874868320287655e-06,0.0002751641238219861,-1,0,0,0,-1,1,1,1,0
1513,2963,76.07175116916439,0,0,0,5,31,0,0,0,0,0.0002751641238219861,9.874868320287655e-06,0.0002751641238219861,-1,0,0,0,-1,1,0,0,0
1514,30674,138.2795039930563,0,0,0,1,7,0,0,0,0,0.0002751641238219861,9.874868320287655e-06,0.0002751641238219861,-1,0,0,0,-1,1,1,1,0
1515,30693,138.2795040022706,0,0,0,1,4,0,0,0,0,0.0002751641238219861,9.874868320287655e-06,0.0002751641238219861,-1,0,0,0,-1,1,1,1,0
1516,12,107.9876288149246,0,0,0,2,18,0,0,0,0,0.0002751641238219861,9.874868320287655e-06,0.0002751641238219861,-1,0,0,0,-1,1,0,0,0
1517,1996,96.06690964606163,0,0,0,4,18,0,0,0,0,0.0002751641238219861,9.874868320287655e-06,0.0002751641238219861,-1,0,0,0,-1,1,0,0,0
1518,3136,78.73438344636635,0,0,0,5,12,0,0,0,0,0.0002751641238219861,9.874868320287655e-06,0.0002751641238219861,-1,0,0,0,-1,1,0,0,0
1519,0,95.56883405583358,0,0,0,1,11,0,0,0,0,0.0002751641238219861,9.874868320287655e-06,0.0002751641238219861,-1,0,0,0,-1,1,0,0,0
1520,2667,86.98108727440629,0,0,0,4,26,0,0,0,0,0.0002751641238219861,9.874868320287655e-06,0.0002751641238219861,-1,0,0,0,-1,1,0,0,0
1521,525,83.20269276621839,0,0,0,2,15,0,0,0,0,0.0002751641238219861,9.874868320287655e-06,0.0002751641238219861,-1,0,0,0,-1,1,0,0,0
1522,0,75.90552964794493,0,0,0,3,28,0,0,0,0,0.0002751641238219861,9.874868320287655e-06,0.0002751641238219861,-1,0,0,0,-1,1,0,0,0
1523,30686,138.279503992788,0,0,0,1,5,0,0,0,0,0.0002751641238219861,9.874868320287655e-06,0.0002751641238219861,-1,0,0,0,-1,1,1,1,0
1524,29236,140.5038769999654,0,0,0,1,8,0,0,0,0,0.0002751641238219861,9.874868320287655e-06,0.0002751641238219861,-1,0,0,0,-1,1,1,1,0
1525,31108,138.279504002314,0,0,0,1,5,0,0,0,0,0.0002751641238219861,9.874868320287655e-06,0.0002751641238219861,-1,0,0,0,-1,1,1,1,0
1526,829,87.40739921312129,0,0,0,6,36,0,0,0,0,0.0002751641238219861,9.874868320287655e-06,0.0002751641238219861,-1,0,0,0,-1,1,0,0,0
1527,29889,138.2795040004744,0,0,0,1,8,0,0,0,0,0.0002751641238219861,9.874868320287655e-06,0.0002751641238219861,-1,0,0,0,-1,1,1,1,0
1528,307,88.48542775268848,0,0,0,5,27,0,0,0,0,0.0002751641238219861,9.874868320287655e-06,0.0002751641238219861,-1,0,0,0,-1,1,0,0,0
1529,1477,44.09728268123177,0,0,0,3,18,0,0,0,0,0.0002751641238219861,9.874868320287655e-06,0.0002751641238219861,-1,0,0,0,-1,1,0,0,0
1530,0,86.86034036344941,0,0,0,1,11,0,0,0,0,0.0002751641238219861,9.874868320287655e-06,0.0002751641238219861,-1,0,0,0,-1,1,0,0,0
1531,31220,138.279503993716,0,0,0,1,7,0,0,0,0,0.0002751641238219861,9.874868320287655e-06,0.0002751641238219861,-1,0,0,0,-1,1,1,1,0
1532,0,95.89091914824412,0,0,0,3,41,0,0,0,0,0.0002751641238219861,9.874868320287655e-06,0.0002751641238219861,-1,0,0,0,-1,1,0,0,0
1533,533,67.38025691028264,0,0,0,5,27,0,0,0,0,0.0002751641238219861,9.874868320287655e-06,0.0002751641238219861,-1,0,0,0,-1,1,0,0,0
1534,0,76.22603480057464,0,0,0,4,8,0,0,0,0,0.0002751641238219861,9.874868320287655e-06,0.0002751641238219861,-1,0,0,0,-1,1,0,0,0
1535,31268,138.2795039955891,0,0,0,1,8,0,0,0,0,0.0002751641238219861,9.874868320287655e-06,0.0002751641238219861,-1,0,0,0,-1,1,1,1,0
1536,884,95.80065837611643,0,0,0,3,14,0,0,0,0,0.0002751641238219861,9.874868320287655e-06,0.0002751641238219861,-1,0,0,0,-1,1,0,0,0
1537,494,108.0790842152599,0,0,0,2,18,0,0,0,0,0.0002751641238219861,9.874868320287655e-06,0.0002751641238219861,-1,0,0,0,-1,1,0,0,0
1538,503,84.98982958894734,0,0,0,4,34,0,0,0,0,0.0002751641238219861,9.874868320287655e-06,0.0002751641238219861,-1,0,0,0,-1,1,0,0,0
1539,0,80.35427564988798,0,0,0,1,6,0,0,0,0,0.0002751641238219861,9.874868320287655e-06,0.0002751641238219861,-1,0,0,0,-1,1,0,0,0
1540,664,84.37006072639802,0,0,0,2,7,0,0,0,0,0.0002751641238219861,9.874868320287655e-06,0.0002751641238219861,-1,0,0,0,-1,1,0,0,0
1541,1010,70.87708892027523,0,0,0,4,16,0,0,0,0,0.0002751641238219861,9.874868320287655e-06,0.0002751641238219861,-1,0,0,0,-1,1,0,0,0
1542,604,83.10227931217491,0,0,0,2,12,0,0,0,0,0.0002751641238219861,9.874868320287655e-06,0.0002751641238219861,-1,0,0,0,-1,1,0,0,0
1543,0,77.39609135380388,0,0,0,4,29,0,0,0,0,0.0002751641238219861,9.874868320287655e-06,0.0002751641238219861,-1,0,0,0,-1,1,0,0,0
1544,0,74.20506827772763,0,0,0,2,17,0,0,0,0,0.0002751641238219861,9.874868320287655e-06,0.0002751641238219861,-1,0,0,0,-1,1,0,0,0
1545,1399,74.13228698121524,0,0,0,5,32,0,0,0,0,0.0002751641238219861,9.874868320287655e-06,0.0002751641238219861,-1,0,0,0,-1,1,0,0,0
1546,920,54.89524986369351,0,0,0,3,8,0,0,0,0,0.0002751641238219861,9.874868320287655e-06,0.0002751641238219861,-1,0,0,0,-1,1,0,0,0
1547,1417,103.9486729211081,0,0,0,2,15,0,0,0,0,0.0002751641238219861,9.874868320287655e-06,0.0002751641238219861,-1,0,0,0,-1,1,0,0,0
1548,0,84.38726264996268,0,0,0,1,8,0,0,0,0,0.0002751641238219861,9.874868320287655e-06,0.0002751641238219861,-1,0,0,0,-1,1,0,0,0
1549,2776,67.77405841700083,0,0,0,7,34,0,0,0,0,0.0002751641238219861,9.874868320287655e-06,0.0002751641238219861,-1,0,0,0,-1,1,0,0,0
1550,30208,138.2795040000018,0,0,0,1,6,0,0,0,0,0.0002751641238219861,9.874868320287655e-06,0.0002751641238219861,-1,0,0,0,-1,1,1,1,0
1551,29797,138.2795039992903,0,0,0,1,7,0,0,0,0,0.0002751641238219861,9.874868320287655e-06,0.0002751641238219861,-1,0,0,0,-1,1,1,1,0
1552,30108,138.279503999894,0,0,0,1,9,0,0,0,0,0.0002751641238219861,9.874868320287655e-06,0.0002751641238219861,-1,0,0,0,-1,1,1,1,0
1553,114,62.49960108659985,0,0,0,6,21,0,0,0,0,0.0002751641238219861,9.874868320287655e-06,0.0002751641238219861,-1,0,0,0,-1,1,0,0,0
1554,30150,138.2795039938848,0,0,0,1,5,0,0,0,0,0.0002751641238219861,9.874868320287655e-06,0.0002751641238219861,-1,0,0,0,-1,1,1,1,0
1555,29156,138.2795040053124,0,0,0,1,6,0,0,0,0,0.0002751641238219861,9.874868320287655e-06,0.0002751641238219861,-1,0,0,0,-1,1,1,1,0
1556,0,78.18797107331064,0,0,0,2,15,0,0,0,0,0.0002751641238219861,9.874868320287655e-06,0.0002751641238219861,-1,0,0,0,-1,1,0,0,0
1557,30434,140.5038769995056,0,0,0,1,3,0,0,0,0,0.0002751641238219861,9.874868320287655e-06,0.0002751641238219861,-1,0,0,0,-1,1,1,1,0
1558,0,80.35427564993472,0,0,0,1,7,0,0,0,0,0.0002751641238219861,9.874868320287655e-06,0.0002751641238219861,-1,0,0,0,-1,1,0,0,0
1559,30801,138.279503992745,0,0,0,1,5,0,0,0,0,0.0002751641238219861,9.874868320287655e-06,0.0002751641238219861,-1,0,0,0,-1,1,1,1,0
1560,2105,81.37490654098374,0,0,0,5,22,0,0,0,0,0.0002751641238219861,9.874868320287655e-06,0.0002751641238219861,-1,0,0,0,-1,1,0,0,0
1561,0,53.36332011685281,0,0,0,2,4,0,0,0,0,0.0002751641238219861,9.874868320287655e-06,0.0002751641238219861,-1,0,0,0,-1,1,0,0,0
1562,29370,138.2795039992542,0,0,0,1,4,0,0,0,0,0.0002751641238219861,9.874868320287655e-06,0.0002751641238219861,-1,0,0,0,-1,1,1,1,0
1563,3029,81.24999242814224,0,0,0,6,22,0,0,0,0,0.0002751641238219861,9.874868320287655e-06,0.0002751641238219861,-1,0,0,0,-1,1,0,0,0
1564,508,77.33994543598422,0,0,0,3,15,0,0,0,0,0.0002751641238219861,9.874868320287655e-06,0.0002751641238219861,-1,0,0,0,-1,1,0,0,0
1565,156,93.46318170868354,0,0,0,3,18,0,0,0,0,0.0002751641238219861,9.874868320287655e-06,0.0002751641238219861,-1,0,0,0,-1,1,0,0,0
1566,669,68.46353640736996,0,0,0,5,30,0,0,0,0,0.0002751641238219861,9.874868320287655e-06,0.0002751641238219861,-1,0,0,0,-1,1,0,0,0
1567,598,90.88525526938461,0,0,0,4,19,0,0,0,0,0.0002751641238219861,9.874868320287655e-06,0.0002751641238219861,-1,0,0,0,-1,1,0,0,0
1568,816,89.22500403934157,0,0,0,4,20,0,0,0,0,0.0002751641238219861,9.874868320287655e-06,0.0002751641238219861,-1,0,0,0,-1,1,0,0,0
1569,31034,138.2795039999829,0,0,0,1,6,0,0,0,0,0.0002751641238219861,9.874868320287655e-06,0.0002751641238219861,-1,0,0,0,-1,1,1,1,0
1570,664,85.85620765618143,0,0,0,3,20,0,0,0,0,0.0002751641238219861,9.874868320287655e-06,0.0002751641238219861,-1,0,0,0,-1,1,0,0,0
1571,29507,138.2795039853124,0,0,0,1,12,0,0,0,0,0.0002751641238219861,9.874868320287655e-06,0.0002751641238219861,-1,0,0,0,-1,1,1,1,0
1572,3581,91.19309535607624,0,0,0,7,33,0,0,0,0,0.0002751641238219861,9.874868320287655e-06,0.0002751641238219861,-1,0,0,0,-1,1,0,0,0
1573,626,87.28420115408417,0,0,0,3,13,0,0,0,0,0.0002751641238219861,9.874868320287655e-06,0.0002751641238219861,-1,0,0,0,-1,1,0,0,0
1574,449,80.87805673009267,0,0,0,4,25,0,0,0,0,0.0002751641238219861,9.874868320287655e-06,0.0002751641238219861,-1,0,0,0,-1,1,0,0,0
1575,1924,83.95099295537605,0,0,0,4,17,0,0,0,0,0.0002751641238219861,9.874868320287655e-06,0.0002751641238219861,-1,0,0,0,-1,1,0,0,0
1576,30465,138.2795039999591,0,0,0,1,3,0,0,0,0,0.0002751641238219861,9.874868320287655e-06,0.0002751641238219861,-1,0,0,0,-1,1,1,1,0
1577,0,69.71042606222738,0,0,0,4,28,0,0,0,0,0.0002751641238219861,9.874868320287655e-06,0.0002751641238219861,-1,0,0,0,-1,1,0,0,0
1578,514,93.53241713798852,0,0,0,4,18,0,0,0,0,0.0002751641238219861,9.874868320287655e-06,0.0002751641238219861,-1,0,0,0,-1,1,0,0,0
1579,2876,79.76009587578517,0,0,0,6,28,0,0,0,0,0.0002751641238219861,9.874868320287655e-06,0.0002751641238219861,-1,0,0,0,-1,1,0,0,0
1580,2019,75.07884035191947,0,0,0,6,34,0,0,0,0,0.0002751641238219861,9.874868320287655e-06,0.0002751641238219861,-1,0,0,0,-1,1,0,0,0
1581,29594,138.2795039998013,0,0,0,1,8,0,0,0,0,0.0002751641238219861,9.874868320287655e-06,0.0002751641238219861,-1,0,0,0,-1,1,1,1,0
1582,2540,72.65918179658935,0,0,0,4,4,0,0,0,0,0.0002751641238219861,9.874868320287655e-06,0.0002751641238219861,-1,0,0,0,-1,1,0,0,0
1583,1429,95.75922389541354,0,0,0,4,23,0,0,0,0,0.0002751641238219861,9.874868320287655e-06,0.0002751641238219861,-1,0,0,0,-1,1,0,0,0
1584,1129,90.94620172047755,0,0,0,4,15,0,0,0,0,0.0002751641238219861,9.874868320287655e-06,0.0002751641238219861,-1,0,0,0,-1,1,0,0,0
1585,30596,138.2795039933351,0,0,0,1,5,0,0,0,0,0.0002751641238219861,9.874868320287655e-06,0.0002751641238219861,-1,0,0,0,-1,1,1,1,0
1586,31300,138.2795040052003,0,0,0,1,5,0,0,0,0,0.0002751641238219861,9.874868320287655e-06,0.0002751641238219861,-1,0,0,0,-1,1,1,1,0
1587,2168,102.9303166189725,0,0,0,5,33,0,0,0,0,0.0002751641238219861,9.874868320287655e-06,0.0002751641238219861,-1,0,0,0,-1,1,0,0,0
1588,3031,75.86084770068528,0,0,0,5,32,0,0,0,0,0.0002751641238219861,9.874868320287655e-06,0.0002751641238219861,-1,0,0,0,-1,1,0,0,0
1589,3256,91.78252897223808,0,0,0,4,11,0,0,0,0,0.0002751641238219861,9.874868320287655e-06,0.0002751641238219861,-1,0,0,0,-1,1,0,0,0
1590,320,69.7115313079114,0,0,0,4,20,0,0,0,0,0.0002751641238219861,9.874868320287655e-06,0.0002751641238219861,-1,0,0,0,-1,1,0,0,0
1591,37,77.16551064035369,0,0,0,3,22,0,0,0,0,0.0002751641238219861,9.874868320287655e-06,0.0002751641238219861,-1,0,0,0,-1,1,0,0,0
1592,970,90.0789564003509,0,0,0,3,18,0,0,0,0,0.0002751641238219861,9.874868320287655e-06,0.0002751641238219861,-1,0,0,0,-1,1,0,0,0
1593,0,95.7195426495105,0,0,0,3,20,0,0,0,0,0.0002751641238219861,9.874868320287655e-06,0.0002751641238219861,-1,0,0,0,-1,1,0,0,0
1594,29531,138.2795039974738,0,0,0,1,7,0,0,0,0,0.0002751641238219861,9.874868320287655e-06,0.0002751641238219861,-1,0,0,0,-1,1,1,1,0
1595,28218,138.2795039953657,0,0,0,1,5,0,0,0,0,0.0002751641238219861,9.874868320287655e-06,0.0002751641238219861,-1,0,0,0,-1,1,1,1,0
1596,767,93.03568216892606,0,0,0,3,20,0,0,0,0,0.0002751641238219861,9.874868320287655e-06,0.0002751641238219861,-1,0,0,0,-1,1,0,0,0
1597,29512,138.2795039999149,0,0,0,1,8,0,0,0,0,0.0002751641238219861,9.874868320287655e-06,0.0002751641238219861,-1,0,0,0,-1,1,1,1,0
1598,29333,138.2795039979407,0,0,0,1,4,0,0,0,0,0.0002751641238219861,9.874868320287655e-06,0.0002751641238219861,-1,0,0,0,-1,1,1,1,0
1599,30030,138.2795039992264,0,0,0,1,10,0,0,0,0,0.0002751641238219861,9.874868320287655e-06,0.0002751641238219861,-1,0,0,0,-1,1,1,1,0
1600,0,58.31594297716175,0,0,0,2,18,0,0,0,0,0.0002751641238219861,9.874868320287655e-06,0.0002751641238219861,-1,0,0,0,-1,1,0,0,0
1601,30259,138.2795040006033,0,0,0,1,7,0,0,0,0,0.0002751641238219861,9.874868320287655e-06,0.0002751641238219861,-1,0,0,0,-1,1,1,1,0
1602,0,86.61163564996639,0,0,0,0,0,0,0,0,0,0.0002751641238219861,9.874868320287655e-06,0.0002751641238219861,-1,0,0,0,-1,1,0,0,0
1603,58,73.06000806656634,0,0,0,6,38,0,0,0,0,0.0002751641238219861,9.874868320287655e-06,0.0002751641238219861,-1,0,0,0,-1,1,0,0,0
1604,340,84.42953833514716,0,0,0,2,5,0,0,0,0,0.0002751641238219861,9.874868320287655e-06,0.0002751641238219861,-1,0,0,0,-1,1,0,0,0
1605,1367,95.8592634390474,0,0,0,5,13,0,0,0,0,0.0002751641238219861,9.874868320287655e-06,0.0002751641238219861,-1,0,0,0,-1,1,0,0,0
1606,0,95.76464485143737,0,0,0,3,29,0,0,0,0,0.0002751641238219861,9.874868320287655e-06,0.0002751641238219861,-1,0,0,0,-1,1,0,0,0
1607,470,74.72314867126632,0,0,0,4,28,0,0,0,0,0.0002751641238219861,9.874868320287655e-06,0.0002751641238219861,-1,0,0,0,-1,1,0,0,0
1608,30476,138.279503999791,0,0,0,1,4,0,0,0,0,0.0002751641238219861,9.874868320287655e-06,0.0002751641238219861,-1,0,0,0,-1,1,1,1,0
1609,1098,76.09857885902808,0,0,0,5,24,0,0,0,0,0.0002751641238219861,9.874868320287655e-06,0.0002751641238219861,-1,0,0,0,-1,1,0,0,0
1610,771,88.59646597935348,0,0,0,5,25,0,0,0,0,0.0002751641238219861,9.874868320287655e-06,0.0002751641238219861,-1,0,0,0,-1,1,0,0,0
1611,30117,138.2795039930373,0,0,0,1,6,0,0,0,0,0.0002751641238219861,9.874868320287655e-06,0.0002751641238219861,-1,0,0,0,-1,1,1,1,0
1612,2153,88.59307620564593,0,0,0,5,25,0,0,0,0,0.0002751641238219861,9.874868320287655e-06,0.0002751641238219861,-1,0,0,0,-1,1,0,0,0
1613,893,95.72487639991533,0,0,0,4,25,0,0,0,0,0.0002751641238219861,9.874868320287655e-06,0.0002751641238219861,-1,0,0,0,-1,1,0,0,0
1614,1434,83.59730291550443,0,0,0,5,23,0,0,0,0,0.0002751641238219861,9.874868320287655e-06,0.0002751641238219861,-1,0,0,0,-1,1,0,0,0
1615,0,63.82812269477559,0,0,0,2,16,0,0,0,0,0.0002751641238219861,9.874868320287655e-06,0.0002751641238219861,-1,0,0,0,-1,1,0,0,0
1616,627,63.55296020869389,0,0,0,4,25,0,0,0,0,0.0002751641238219861,9.874868320287655e-06,0.0002751641238219861,-1,0,0,0,-1,1,0,0,0
1617,1135,84.88926070490017,0,0,0,3,12,0,0,0,0,0.0002751641238219861,9.874868320287655e-06,0.0002751641238219861,-1,0,0,0,-1,1,0,0,0
1618,29593,138.2795040085553,0,0,0,1,5,0,0,0,0,0.0002751641238219861,9.874868320287655e-06,0.0002751641238219861,-1,0,0,0,-1,1,1,1,0
1619,30680,138.2795040062474,0,0,0,1,7,0,0,0,0,0.0002751641238219861,9.874868320287655e-06,0.0002751641238219861,-1,0,0,0,-1,1,1,1,0
1620,28489,138.2795040046195,0,0,0,1,8,0,0,0,0,0.0002751641238219861,9.874868320287655e-06,0.0002751641238219861,-1,0,0,0,-1,1,1,1,0
1621,0,58.35377714855561,0,0,0,2,12,0,0,0,0,0.0002751641238219861,9.874868320287655e-06,0.0002751641238219861,-1,0,0,0,-1,1,0,0,0
1622,28946,138.2795039940746,0,0,0,1,2,0,0,0,0,0.0002751641238219861,9.874868320287655e-06,0.0002751641238219861,-1,0,0,0,-1,1,1,1,0
1623,3747,107.4226901582157,0,0,0,5,20,0,0,0,0,0.0002751641238219861,9.874868320287655e-06,0.0002751641238219861,-1,0,0,0,-1,1,0,0,0
1624,0,104.2012756489238,0,0,0,1,9,0,0,0,0,0.0002751641238219861,9.874868320287655e-06,0.0002751641238219861,-1,0,0,0,-1,1,0,0,0
1625,1320,71.596568551633,0,0,0,5,20,0,0,0,0,0.0002751641238219861,9.874868320287655e-06,0.0002751641238219861,-1,0,0,0,-1,1,0,0,0
1626,0,80.37243396340575,0,0,0,1,5,0,0,0,0,0.0002751641238219861,9.874868320287655e-06,0.0002751641238219861,-1,0,0,0,-1,1,0,0,0
1627,0,103.3387635338155,0,0,0,3,26,0,0,0,0,0.0002751641238219861,9.874868320287655e-06,0.0002751641238219861,-1,0,0,0,-1,1,0,0,0
1628,26,78.07484353136194,0,0,0,3,25,0,0,0,0,0.0002751641238219861,9.874868320287655e-06,0.0002751641238219861,-1,0,0,0,-1,1,0,0,0
1629,30071,138.279503999585,0,0,0,1,3,0,0,0,0,0.0002751641238219861,9.874868320287655e-06,0.0002751641238219861,-1,0,0,0,-1,1,1,1,0
1630,0,95.93615485481796,0,0,0,3,28,0,0,0,0,0.0002751641238219861,9.874868320287655e-06,0.0002751641238219861,-1,0,0,0,-1,1,0,0,0
1631,474,95.80024967249445,0,0,0,3,24,0,0,0,0,0.0002751641238219861,9.874868320287655e-06,0.0002751641238219861,-1,0,0,0,-1,1,0,0,0
1632,1169,96.86516463509908,0,0,0,2,7,0,0,0,0,0.0002751641238219861,9.874868320287655e-06,0.0002751641238219861,-1,0,0,0,-1,1,0,0,0
1633,1278,95.85177180005584,0,0,0,3,18,0,0,0,0,0.0002751641238219861,9.874868320287655e-06,0.0002751641238219861,-1,0,0,0,-1,1,0,0,0
1634,342,85.06077784979071,0,0,0,4,24,0,0,0,0,0.0002751641238219861,9.874868320287655e-06,0.0002751641238219861,-1,0,0,0,-1,1,0,0,0
1635,372,71.61390553086055,0,0,0,5,24,0,0,0,0,0.0002751641238219861,9.874868320287655e-06,0.0002751641238219861,-1,0,0,0,-1,1,0,0,0
1636,1605,84.31241340703544,0,0,0,5,31,0,0,0,0,0.0002751641238219861,9.874868320287655e-06,0.0002751641238219861,-1,0,0,0,-1,1,0,0,0
1637,0,99.42986317413425,0,0,0,2,28,0,0,0,0,0.0002751641238219861,9.874868320287655e-06,0.0002751641238219861,-1,0,0,0,-1,1,0,0,0
1638,0,89.42271589599501,0,0,0,3,21,0,0,0,0,0.0002751641238219861,9.874868320287655e-06,0.0002751641238219861,-1,0,0,0,-1,1,0,0,0
1639,30917,138.2795039879946,0,0,0,1,4,0,0,0,0,0.0002751641238219861,9.874868320287655e-06,0.0002751641238219861,-1,0,0,0,-1,1,1,1,0
1640,29760,138.2795040040123,0,0,0,1,5,0,0,0,0,0.0002751641238219861,9.874868320287655e-06,0.0002751641238219861,-1,0,0,0,-1,1,1,1,0
1641,29399,138.2795040003282,0,0,0,1,3,0,0,0,0,0.0002751641238219861,9.874868320287655e-06,0.0002751641238219861,-1,0,0,0,-1,1,1,1,0
1642,0,95.71954264760333,0,0,0,3,24,0,0,0,0,0.0002751641238219861,9.874868320287655e-06,0.0002751641238219861,-1,0,0,0,-1,1,0,0,0
1643,1569,95.84299135804093,0,0,0,3,20,0,0,0,0,0.0002751641238219861,9.874868320287655e-06,0.0002751641238219861,-1,0,0,0,-1,1,0,0,0
1644,58,88.88739193133756,0,0,0,0,2,0,0,0,0,0.0002751641238219861,9.874868320287655e-06,0.0002751641238219861,-1,0,0,0,-1,1,0,0,0
1645,30122,138.2795040027893,0,0,0,1,5,0,0,0,0,0.0002751641238219861,9.874868320287655e-06,0.0002751641238219861,-1,0,0,0,-1,1,1,1,0
1646,109,97.94391564990903,0,0,0,3,17,0,0,0,0,0.0002751641238219861,9.874868320287655e-06,0.0002751641238219861,-1,0,0,0,-1,1,0,0,0
1647,2244,83.52225419190519,0,0,0,5,17,0,0,0,0,0.0002751641238219861,9.874868320287655e-06,0.0002751641238219861,-1,0,0,0,-1,1,0,0,0
1648,0,79.37236214559449,0,0,0,1,9,0,0,0,0,0.0002751641238219861,9.874868320287655e-06,0.0002751641238219861,-1,0,0,0,-1,1,0,0,0
1649,664,85.6423312483942,0,0,0,3,19,0,0,0,0,0.0002751641238219861,9.874868320287655e-06,0.0002751641238219861,-1,0,0,0,-1,1,0,0,0
1650,1980,81.5007684676672,0,0,0,3,13,0,0,0,0,0.0002751641238219861,9.874868320287655e-06,0.0002751641238219861,-1,0,0,0,-1,1,0,0,0
1651,0,95.34637218182344,0,0,0,1,9,0,0,0,0,0.0002751641238219861,9.874868320287655e-06,0.0002751641238219861,-1,0,0,0,-1,1,0,0,0
1652,29486,138.2795039978481,0,0,0,1,5,0,0,0,0,0.0002751641238219861,9.874868320287655e-06,0.0002751641238219861,-1,0,0,0,-1,1,1,1,0
1653,846,61.11133329716653,0,0,0,3,13,0,0,0,0,0.0002751641238219861,9.874868320287655e-06,0.0002751641238219861,-1,0,0,0,-1,1,0,0,0
1654,1826,62.65663595077865,0,0,0,4,16,0,0,0,0,0.0002751641238219861,9.874868320287655e-06,0.0002751641238219861,-1,0,0,0,-1,1,0,0,0
1655,901,80.88667837011083,0,0,0,3,18,0,0,0,0,0.0002751641238219861,9.874868320287655e-06,0.0002751641238219861,-1,0,0,0,-1,1,0,0,0
1656,29288,138.2795040014493,0,0,0,1,6,0,0,0,0,0.0002751641238219861,9.874868320287655e-06,0.0002751641238219861,-1,0,0,0,-1,1,1,1,0
1657,30164,138.2795039985035,0,0,0,1,6,0,0,0,0,0.0002751641238219861,9.874868320287655e-06,0.0002751641238219861,-1,0,0,0,-1,1,1,1,0
1658,0,75.2688730765656,0,0,0,4,28,0,0,0,0,0.0002751641238219861,9.874868320287655e-06,0.0002751641238219861,-1,0,0,0,-1,1,0,0,0
1659,901,82.30933546692205,0,0,0,4,22,0,0,0,0,0.0002751641238219861,9.874868320287655e-06,0.0002751641238219861,-1,0,0,0,-1,1,0,0,0
1660,249,85.84454849397845,0,0,0,3,15,0,0,0,0,0.0002751641238219861,9.874868320287655e-06,0.0002751641238219861,-1,0,0,0,-1,1,0,0,0
1661,0,84.15015676727971,0,0,0,1,13,0,0,0,0,0.0002751641238219861,9.874868320287655e-06,0.0002751641238219861,-1,0,0,0,-1,1,0,0,0
1662,30800,138.2795040052062,0,0,0,1,9,0,0,0,0,0.0002751641238219861,9.874868320287655e-06,0.0002751641238219861,-1,0,0,0,-1,1,1,1,0
1663,29715,138.2795039991829,0,0,0,1,7,0,0,0,0,0.0002751641238219861,9.874868320287655e-06,0.0002751641238219861,-1,0,0,0,-1,1,1,1,0
1664,30828,138.2795040002617,0,0,0,1,7,0,0,0,0,0.0002751641238219861,9.874868320287655e-06,0.0002751641238219861,-1,0,0,0,-1,1,1,1,0
1665,288,41.40311249854661,0,0,0,3,15,0,0,0,0,0.0002751641238219861,9.874868320287655e-06,0.0002751641238219861,-1,0,0,0,-1,1,0,0,0
1666,1090,95.72141033831916,0,0,0,4,20,0,0,0,0,0.0002751641238219861,9.874868320287655e-06,0.0002751641238219861,-1,0,0,0,-1,1,0,0,0
1667,0,80.35616970988904,0,0,0,1,9,0,0,0,0,0.0002751641238219861,9.874868320287655e-06,0.0002751641238219861,-1,0,0,0,-1,1,0,0,0
1668,0,97.98397074400843,0,0,0,2,13,0,0,0,0,0.0002751641238219861,9.874868320287655e-06,0.0002751641238219861,-1,0,0,0,-1,1,0,0,0
1669,191,59.77691564988469,0,0,0,3,26,0,0,0,0,0.0002751641238219861,9.874868320287655e-06,0.0002751641238219861,-1,0,0,0,-1,1,0,0,0
1670,29241,138.2795040005072,0,0,0,1,4,0,0,0,0,0.0002751641238219861,9.874868320287655e-06,0.0002751641238219861,-1,0,0,0,-1,1,1,1,0
1671,29661,138.2795040005841,0,0,0,1,6,0,0,0,0,0.0002751641238219861,9.874868320287655e-06,0.0002751641238219861,-1,0,0,0,-1,1,1,1,0
1672,0,77.36655564993237,0,0,0,3,27,0,0,0,0,0.0002751641238219861,9.874868320287655e-06,0.0002751641238219861,-1,0,0,0,-1,1,0,0,0
1673,0,80.38012820204372,0,0,0,1,9,0,0,0,0,0.0002751641238219861,9.874868320287655e-06,0.0002751641238219861,-1,0,0,0,-1,1,0,0,0
1674,164,63.83834399071041,0,0,0,3,11,0,0,0,0,0.0002751641238219861,9.874868320287655e-06,0.0002751641238219861,-1,0,0,0,-1,1,0,0,0
1675,2127,107.4434933959985,0,0,0,4,20,0,0,0,0,0.0002751641238219861,9.874868320287655e-06,0.0002751641238219861,-1,0,0,0,-1,1,0,0,0
1676,30792,138.2795039999268,0,0,0,1,4,0,0,0,0,0.0002751641238219861,9.874868320287655e-06,0.0002751641238219861,-1,0,0,0,-1,1,1,1,0
1677,0,86.19385883035402,0,0,0,2,20,0,0,0,0,0.0002751641238219861,9.874868320287655e-06,0.0002751641238219861,-1,0,0,0,-1,1,0,0,0
1678,0,55.07650205700235,0,0,0,7,34,0,0,0,0,0.0002751641238219861,9.874868320287655e-06,0.0002751641238219861,-1,0,0,0,-1,1,0,0,0
1679,0,80.3892360071965,0,0,0,1,6,0,0,0,0,0.0002751641238219861,9.874868320287655e-06,0.0002751641238219861,-1,0,0,0,-1,1,0,0,0
1680,28448,138.2795039974064,0,0,0,1,3,0,0,0,0,0.0002751641238219861,9.874868320287655e-06,0.0002751641238219861,-1,0,0,0,-1,1,1,1,0
1681,31347,138.2795039973602,0,0,0,1,12,0,0,0,0,0.0002751641238219861,9.874868320287655e-06,0.0002751641238219861,-1,0,0,0,-1,1,1,1,0
1682,2229,97.93041162900448,0,0,0,4,20,0,0,0,0,0.0002751641238219861,9.874868320287655e-06,0.0002751641238219861,-1,0,0,0,-1,1,0,0,0
1683,31497,140.5038769990984,0,0,0,1,6,0,0,0,0,0.0002751641238219861,9.874868320287655e-06,0.0002751641238219861,-1,0,0,0,-1,1,1,1,0
1684,1548,58.76771831561886,0,0,0,6,19,0,0,0,0,0.0002751641238219861,9.874868320287655e-06,0.0002751641238219861,-1,0,0,0,-1,1,0,0,0
1685,587,78.08140730485324,0,0,0,2,22,0,0,0,0,0.0002751641238219861,9.874868320287655e-06,0.0002751641238219861,-1,0,0,0,-1,1,0,0,0
1686,214,56.08157727583612,0,0,0,4,33,0,0,0,0,0.0002751641238219861,9.874868320287655e-06,0.0002751641238219861,-1,0,0,0,-1,1,0,0,0
1687,30147,138.2795040082743,0,0,0,1,5,0,0,0,0,0.0002751641238219861,9.874868320287655e-06,0.0002751641238219861,-1,0,0,0,-1,1,1,1,0
1688,1160,105.0703518191599,0,0,0,4,32,0,0,0,0,0.0002751641238219861,9.874868320287655e-06,0.0002751641238219861,-1,0,0,0,-1,1,0,0,0
1689,8,70.28110049125274,0,0,0,5,21,0,0,0,0,0.0002751641238219861,9.874868320287655e-06,0.0002751641238219861,-1,0,0,0,-1,1,0,0,0
1690,29564,138.2795039934591,0,0,0,1,8,0,0,0,0,0.0002751641238219861,9.874868320287655e-06,0.0002751641238219861,-1,0,0,0,-1,1,1,1,0
1691,0,95.85443730452289,0,0,0,3,19,0,0,0,0,0.0002751641238219861,9.874868320287655e-06,0.0002751641238219861,-1,0,0,0,-1,1,0,0,0
1692,0,56.0915166496004,0,0,0,3,23,0,0,0,0,0.0002751641238219861,9.874868320287655e-06,0.0002751641238219861,-1,0,0,0,-1,1,0,0,0
1693,739,75.89995913327414,0,0,0,4,25,0,0,0,0,0.0002751641238219861,9.874868320287655e-06,0.0002751641238219861,-1,0,0,0,-1,1,0,0,0
1694,27876,138.2795039949443,0,0,0,1,6,0,0,0,0,0.0002751641238219861,9.874868320287655e-06,0.0002751641238219861,-1,0,0,0,-1,1,1,1,0
1695,1382,88.65554655888734,0,0,0,4,29,0,0,0,0,0.0002751641238219861,9.874868320287655e-06,0.0002751641238219861,-1,0,0,0,-1,1,0,0,0
1696,30126,138.2795040002011,0,0,0,1,4,0,0,0,0,0.0002751641238219861,9.874868320287655e-06,0.0002751641238219861,-1,0,0,0,-1,1,1,1,0
1697,3057,88.7345097967802,0,0,0,6,25,0,0,0,0,0.0002751641238219861,9.874868320287655e-06,0.0002751641238219861,-1,0,0,0,-1,1,0,0,0
1698,1242,67.99949723437969,0,0,0,7,37,0,0,0,0,0.0002751641238219861,9.874868320287655e-06,0.0002751641238219861,-1,0,0,0,-1,1,0,0,0
1699,30243,140.5038770000004,0,0,0,1,8,0,0,0,0,0.0002751641238219861,9.874868320287655e-06,0.0002751641238219861,-1,0,0,0,-1,1,1,1,0
1700,29960,138.2795039949354,0,0,0,1,4,0,0,0,0,0.0002751641238219861,9.874868320287655e-06,0.0002751641238219861,-1,0,0,0,-1,1,1,1,0
1701,1079,81.16962339497759,0,0,0,5,30,0,0,0,0,0.0002751641238219861,9.874868320287655e-06,0.0002751641238219861,-1,0,0,0,-1,1,0,0,0
1702,1050,70.98999865577103,0,0,0,4,8,0,0,0,0,0.0002751641238219861,9.874868320287655e-06,0.0002751641238219861,-1,0,0,0,-1,1,0,0,0
1703,1838,95.70908258421319,0,0,0,4,14,0,0,0,0,0.0002751641238219861,9.874868320287655e-06,0.0002751641238219861,-1,0,0,0,-1,1,0,0,0
1704,0,95.28508503313604,0,0,0,1,10,0,0,0,0,0.0002751641238219861,9.874868320287655e-06,0.0002751641238219861,-1,0,0,0,-1,1,0,0,0
1705,0,60.54026264976675,0,0,0,1,15,0,0,0,0,0.0002751641238219861,9.874868320287655e-06,0.0002751641238219861,-1,0,0,0,-1,1,0,0,0
1706,118,57.43101504536558,0,0,0,3,26,0,0,0,0,0.0002751641238219861,9.874868320287655e-06,0.0002751641238219861,-1,0,0,0,-1,1,0,0,0
1707,30275,138.279503992722,0,0,0,1,5,0,0,0,0,0.0002751641238219861,9.874868320287655e-06,0.0002751641238219861,-1,0,0,0,-1,1,1,1,0
1708,142,82.13736377974411,0,0,0,2,14,0,0,0,0,0.0002751641238219861,9.874868320287655e-06,0.0002751641238219861,-1,0,0,0,-1,1,0,0,0
1709,1506,113.917924680781,0,0,0,1,2,0,0,0,0,0.0002751641238219861,9.874868320287655e-06,0.0002751641238219861,-1,0,0,0,-1,1,0,0,0
1710,0,64.76761456383319,0,0,0,4,30,0,0,0,0,0.0002751641238219861,9.874868320287655e-06,0.0002751641238219861,-1,0,0,0,-1,1,0,0,0
1711,174,63.72343934131069,0,0,0,5,23,0,0,0,0,0.0002751641238219861,9.874868320287655e-06,0.0002751641238219861,-1,0,0,0,-1,1,0,0,0
1712,1173,69.66951053071398,0,0,0,6,31,0,0,0,0,0.0002751641238219861,9.874868320287655e-06,0.0002751641238219861,-1,0,0,0,-1,1,0,0,0
1713,29619,138.2795039997826,0,0,0,1,5,0,0,0,0,0.0002751641238219861,9.874868320287655e-06,0.0002751641238219861,-1,0,0,0,-1,1,1,1,0
1714,0,107.9972055297881,0,0,0,2,13,0,0,0,0,0.0002751641238219861,9.874868320287655e-06,0.0002751641238219861,-1,0,0,0,-1,1,0,0,0
1715,789,66.09257886906376,0,0,0,5,28,0,0,0,0,0.0002751641238219861,9.874868320287655e-06,0.0002751641238219861,-1,0,0,0,-1,1,0,0,0
1716,240,59.64018159899414,0,0,0,3,19,0,0,0,0,0.0002751641238219861,9.874868320287655e-06,0.0002751641238219861,-1,0,0,0,-1,1,0,0,0
1717,29763,138.2795039962589,0,0,0,1,7,0,0,0,0,0.0002751641238219861,9.874868320287655e-06,0.0002751641238219861,-1,0,0,0,-1,1,1,1,0
1718,30418,138.2795039963584,0,0,0,1,10,0,0,0,0,0.0002751641238219861,9.874868320287655e-06,0.0002751641238219861,-1,0,0,0,-1,1,1,1,0
1719,28327,138.2795039980272,0,0,0,1,3,0,0,0,0,0.0002751641238219861,9.874868320287655e-06,0.0002751641238219861,-1,0,0,0,-1,1,1,1,0
1720,336,95.77520356967553,0,0,0,3,17,0,0,0,0,0.0002751641238219861,9.874868320287655e-06,0.0002751641238219861,-1,0,0,0,-1,1,0,0,0
1721,459,107.939477912802,0,0,0,2,14,0,0,0,0,0.0002751641238219861,9.874868320287655e-06,0.0002751641238219861,-1,0,0,0,-1,1,0,0,0
1722,29606,138.2795040038274,0,0,0,1,7,0,0,0,0,0.0002751641238219861,9.874868320287655e-06,0.0002751641238219861,-1,0,0,0,-1,1,1,1,0
1723,3290,90.95965392448599,0,0,0,3,20,0,0,0,0,0.0002751641238219861,9.874868320287655e-06,0.0002751641238219861,-1,0,0,0,-1,1,0,0,0
1724,1237,95.91934336351153,0,0,0,4,22,0,0,0,0,0.0002751641238219861,9.874868320287655e-06,0.0002751641238219861,-1,0,0,0,-1,1,0,0,0
1725,29059,138.2795039980498,0,0,0,1,4,0,0,0,0,0.0002751641238219861,9.874868320287655e-06,0.0002751641238219861,-1,0,0,0,-1,1,1,1,0
1726,552,66.11232829189021,0,0,0,5,32,0,0,0,0,0.0002751641238219861,9.874868320287655e-06,0.0002751641238219861,-1,0,0,0,-1,1,0,0,0
1727,0,95.7331749412497,0,0,0,3,25,0,0,0,0,0.0002751641238219861,9.874868320287655e-06,0.0002751641238219861,-1,0,0,0,-1,1,0,0,0
1728,1207,71.16123191313211,0,0,0,5,31,0,0,0,0,0.0002751641238219861,9.874868320287655e-06,0.0002751641238219861,-1,0,0,0,-1,1,0,0,0
1729,0,96.01444707190043,0,0,0,4,28,0,0,0,0,0.0002751641238219861,9.874868320287655e-06,0.0002751641238219861,-1,0,0,0,-1,1,0,0,0
1730,0,54.2829026499377,0,0,0,2,21,0,0,0,0,0.0002751641238219861,9.874868320287655e-06,0.0002751641238219861,-1,0,0,0,-1,1,0,0,0
1731,2833,95.73674150250855,0,0,0,6,20,0,0,0,0,0.0002751641238219861,9.874868320287655e-06,0.0002751641238219861,-1,0,0,0,-1,1,0,0,0
1732,998,68.52490094859536,0,0,0,6,33,0,0,0,0,0.0002751641238219861,9.874868320287655e-06,0.0002751641238219861,-1,0,0,0,-1,1,0,0,0
1733,1162,83.56811707143675,0,0,0,5,20,0,0,0,0,0.0002751641238219861,9.874868320287655e-06,0.0002751641238219861,-1,0,0,0,-1,1,0,0,0
1734,0,71.87254264990302,0,0,0,3,28,0,0,0,0,0.0002751641238219861,9.874868320287655e-06,0.0002751641238219861,-1,0,0,0,-1,1,0,0,0
1735,30057,138.2795040022293,0,0,0,1,5,0,0,0,0,0.0002751641238219861,9.874868320287655e-06,0.0002751641238219861,-1,0,0,0,-1,1,1,1,0
1736,1840,85.85463735174257,0,0,0,4,11,0,0,0,0,0.0002751641238219861,9.874868320287655e-06,0.0002751641238219861,-1,0,0,0,-1,1,0,0,0
1737,31288,138.279503999436,0,0,0,1,8,0,0,0,0,0.0002751641238219861,9.874868320287655e-06,0.0002751641238219861,-1,0,0,0,-1,1,1,1,0
1738,4513,95.7523070848089,0,0,0,6,17,0,0,0,0,0.0002751641238219861,9.874868320287655e-06,0.0002751641238219861,-1,0,0,0,-1,1,0,0,0
1739,31632,138.279503999836,0,0,0,1,5,0,0,0,0,0.0002751641238219861,9.874868320287655e-06,0.0002751641238219861,-1,0,0,0,-1,1,1,1,0
1740,288,98.03586696684609,0,0,0,3,24,0,0,0,0,0.0002751641238219861,9.874868320287655e-06,0.0002751641238219861,-1,0,0,0,-1,1,0,0,0
1741,30101,138.2795039923733,0,0,0,1,3,0,0,0,0,0.0002751641238219861,9.874868320287655e-06,0.0002751641238219861,-1,0,0,0,-1,1,1,1,0
1742,0,62.76463564996526,0,0,0,0,0,0,0,0,0,0.0002751641238219861,9.874868320287655e-06,0.0002751641238219861,-1,0,0,0,-1,1,0,0,0
1743,29132,138.279503998744,0,0,0,1,8,0,0,0,0,0.0002751641238219861,9.874868320287655e-06,0.0002751641238219861,-1,0,0,0,-1,1,1,1,0
1744,29480,138.2795039987626,0,0,0,1,7,0,0,0,0,0.0002751641238219861,9.874868320287655e-06,0.0002751641238219861,-1,0,0,0,-1,1,1,1,0
1745,29212,138.2795039996265,0,0,0,1,4,0,0,0,0,0.0002751641238219861,9.874868320287655e-06,0.0002751641238219861,-1,0,0,0,-1,1,1,1,0
1746,10,57.46196192331164,0,0,0,3,14,0,0,0,0,0.0002751641238219861,9.874868320287655e-06,0.0002751641238219861,-1,0,0,0,-1,1,0,0,0
1747,31215,138.2795040092157,0,0,0,1,5,0,0,0,0,0.0002751641238219861,9.874868320287655e-06,0.0002751641238219861,-1,0,0,0,-1,1,1,1,0
1748,2034,75.87899880133197,0,0,0,4,20,0,0,0,0,0.0002751641238219861,9.874868320287655e-06,0.0002751641238219861,-1,0,0,0,-1,1,0,0,0
1749,30224,138.2795039996633,0,0,0,1,2,0,0,0,0,0.0002751641238219861,9.874868320287655e-06,0.0002751641238219861,-1,0,0,0,-1,1,1,1,0
1750,0,84.38726264990349,0,0,0,1,8,0,0,0,0,0.0002751641238219861,9.874868320287655e-06,0.0002751641238219861,-1,0,0,0,-1,1,0,0,0
1751,30736,138.279504004235,0,0,0,1,5,0,0,0,0,0.0002751641238219861,9.874868320287655e-06,0.0002751641238219861,-1,0,0,0,-1,1,1,1,0
1752,3492,88.61502389304029,0,0,0,6,29,0,0,0,0,0.0002751641238219861,9.874868320287655e-06,0.0002751641238219861,-1,0,0,0,-1,1,0,0,0
1753,0,88.26157038419403,0,0,0,2,14,0,0,0,0,0.0002751641238219861,9.874868320287655e-06,0.0002751641238219861,-1,0,0,0,-1,1,0,0,0
1754,30977,138.2795040039532,0,0,0,1,6,0,0,0,0,0.0002751641238219861,9.874868320287655e-06,0.0002751641238219861,-1,0,0,0,-1,1,1,1,0
1755,3024,77.19491000022749,0,0,0,5,22,0,0,0,0,0.0002751641238219861,9.874868320287655e-06,0.0002751641238219861,-1,0,0,0,-1,1,0,0,0
1756,431,92.65384647083316,0,0,0,1,13,0,0,0,0,0.0002751641238219861,9.874868320287655e-06,0.0002751641238219861,-1,0,0,0,-1,1,0,0,0
1757,82,73.17585712759828,0,0,0,2,9,0,0,0,0,0.0002751641238219861,9.874868320287655e-06,0.0002751641238219861,-1,0,0,0,-1,1,0,0,0
1758,0,95.79579103496617,0,0,0,3,26,0,0,0,0,0.0002751641238219861,9.874868320287655e-06,0.0002751641238219861,-1,0,0,0,-1,1,0,0,0
1759,31264,140.5038770057072,0,0,0,1,5,0,0,0,0,0.0002751641238219861,9.874868320287655e-06,0.0002751641238219861,-1,0,0,0,-1,1,1,1,0
1760,180,100.8108814711264,0,0,0,3,19,0,0,0,0,0.0002751641238219861,9.874868320287655e-06,0.0002751641238219861,-1,0,0,0,-1,1,0,0,0
1761,41,67.59713942839414,0,0,0,5,36,0,0,0,0,0.0002751641238219861,9.874868320287655e-06,0.0002751641238219861,-1,0,0,0,-1,1,0,0,0
1762,1426,93.04137962044867,0,0,0,4,17,0,0,0,0,0.0002751641238219861,9.874868320287655e-06,0.0002751641238219861,-1,0,0,0,-1,1,0,0,0
1763,30272,138.2795040006097,0,0,0,1,8,0,0,0,0,0.0002751641238219861,9.874868320287655e-06,0.0002751641238219861,-1,0,0,0,-1,1,1,1,0
1764,0,72.84792179136318,0,0,0,1,13,0,0,0,0,0.0002751641238219861,9.874868320287655e-06,0.0002751641238219861,-1,0,0,0,-1,1,0,0,0
1765,1475,116.1159258855613,0,0,0,1,13,0,0,0,0,0.0002751641238219861,9.874868320287655e-06,0.0002751641238219861,-1,0,0,0,-1,1,0,0,0
1766,29095,138.2795039966155,0,0,0,1,3,0,0,0,0,0.0002751641238219861,9.874868320287655e-06,0.0002751641238219861,-1,0,0,0,-1,1,1,1,0
1767,30649,138.2795039991109,0,0,0,1,3,0,0,0,0,0.0002751641238219861,9.874868320287655e-06,0.0002751641238219861,-1,0,0,0,-1,1,1,1,0
1768,0,71.96164066733023,0,0,0,3,25,0,0,0,0,0.0002751641238219861,9.874868320287655e-06,0.0002751641238219861,-1,0,0,0,-1,1,0,0,0
1769,1172,75.26496231128361,0,0,0,4,11,0,0,0,0,0.0002751641238219861,9.874868320287655e-06,0.0002751641238219861,-1,0,0,0,-1,1,0,0,0
1770,30455,138.279504001768,0,0,0,1,5,0,0,0,0,0.0002751641238219861,9.874868320287655e-06,0.0002751641238219861,-1,0,0,0,-1,1,1,1,0
1771,28744,138.2795039999603,0,0,0,1,4,0,0,0,0,0.0002751641238219861,9.874868320287655e-06,0.0002751641238219861,-1,0,0,0,-1,1,1,1,0
1772,181,68.51923121282861,0,0,0,4,23,0,0,0,0,0.0002751641238219861,9.874868320287655e-06,0.0002751641238219861,-1,0,0,0,-1,1,0,0,0
1773,29145,138.2795039942676,0,0,0,1,6,0,0,0,0,0.0002751641238219861,9.874868320287655e-06,0.0002751641238219861,-1,0,0,0,-1,1,1,1,0
1774,2999,82.96113820684108,0,0,0,4,19,0,0,0,0,0.0002751641238219861,9.874868320287655e-06,0.0002751641238219861,-1,0,0,0,-1,1,0,0,0
1775,29473,138.2795040000543,0,0,0,1,3,0,0,0,0,0.0002751641238219861,9.874868320287655e-06,0.0002751641238219861,-1,0,0,0,-1,1,1,1,0
1776,1213,95.80397955414891,0,0,0,4,36,0,0,0,0,0.0002751641238219861,9.874868320287655e-06,0.0002751641238219861,-1,0,0,0,-1,1,0,0,0
1777,31131,138.2795039978745,0,0,0,1,5,0,0,0,0,0.0002751641238219861,9.874868320287655e-06,0.0002751641238219861,-1,0,0,0,-1,1,1,1,0
1778,2134,80.12696190923971,0,0,0,6,31,0,0,0,0,0.0002751641238219861,9.874868320287655e-06,0.0002751641238219861,-1,0,0,0,-1,1,0,0,0
1779,1530,116.1553488967644,0,0,0,2,13,0,0,0,0,0.0002751641238219861,9.874868320287655e-06,0.0002751641238219861,-1,0,0,0,-1,1,0,0,0
1780,0,104.2012756496248,0,0,0,1,17,0,0,0,0,0.0002751641238219861,9.874868320287655e-06,0.0002751641238219861,-1,0,0,0,-1,1,0,0,0
1781,1565,77.77591402799148,0,0,0,5,27,0,0,0,0,0.0002751641238219861,9.874868320287655e-06,0.0002751641238219861,-1,0,0,0,-1,1,0,0,0
1782,0,66.22808541159982,0,0,0,4,34,0,0,0,0,0.0002751641238219861,9.874868320287655e-06,0.0002751641238219861,-1,0,0,0,-1,1,0,0,0
1783,0,104.2845710513273,0,0,0,1,10,0,0,0,0,0.0002751641238219861,9.874868320287655e-06,0.0002751641238219861,-1,0,0,0,-1,1,0,0,0
1784,3011,102.0204664097856,0,0,0,5,28,0,0,0,0,0.0002751641238219861,9.874868320287655e-06,0.0002751641238219861,-1,0,0,0,-1,1,0,0,0
1785,0,54.28290264987699,0,0,0,2,17,0,0,0,0,0.0002751641238219861,9.874868320287655e-06,0.0002751641238219861,-1,0,0,0,-1,1,0,0,0
1786,1287,98.00082576958994,0,0,0,4,32,0,0,0,0,0.0002751641238219861,9.874868320287655e-06,0.0002751641238219861,-1,0,0,0,-1,1,0,0,0
1787,0,66.03427564996471,0,0,0,1,12,0,0,0,0,0.0002751641238219861,9.874868320287655e-06,0.0002751641238219861,-1,0,0,0,-1,1,0,0,0
1788,477,88.08010745433067,0,0,0,2,6,0,0,0,0,0.0002751641238219861,9.874868320287655e-06,0.0002751641238219861,-1,0,0,0,-1,1,0,0,0
1789,1784,108.0111721350937,0,0,0,3,22,0,0,0,0,0.0002751641238219861,9.874868320287655e-06,0.0002751641238219861,-1,0,0,0,-1,1,0,0,0
1790,31028,138.2795039983045,0,0,0,1,5,0,0,0,0,0.0002751641238219861,9.874868320287655e-06,0.0002751641238219861,-1,0,0,0,-1,1,1,1,0
1791,1504,66.95624105357965,0,0,0,7,39,0,0,0,0,0.0002751641238219861,9.874868320287655e-06,0.0002751641238219861,-1,0,0,0,-1,1,0,0,0
1792,30959,138.2795039859353,0,0,0,1,9,0,0,0,0,0.0002751641238219861,9.874868320287655e-06,0.0002751641238219861,-1,0,0,0,-1,1,1,1,0
1793,2685,88.61767775092606,0,0,0,5,21,0,0,0,0,0.0002751641238219861,9.874868320287655e-06,0.0002751641238219861,-1,0,0,0,-1,1,0,0,0
1794,1314,95.80428902694072,0,0,0,3,13,0,0,0,0,0.0002751641238219861,9.874868320287655e-06,0.0002751641238219861,-1,0,0,0,-1,1,0,0,0
1795,27738,138.2795039956493,0,0,0,1,4,0,0,0,0,0.0002751641238219861,9.874868320287655e-06,0.0002751641238219861,-1,0,0,0,-1,1,1,1,0
1796,3143,89.32624010109539,0,0,0,3,16,0,0,0,0,0.0002751641238219861,9.874868320287655e-06,0.0002751641238219861,-1,0,0,0,-1,1,0,0,0
1797,253,72.28751834103993,0,0,0,3,23,0,0,0,0,0.0002751641238219861,9.874868320287655e-06,0.0002751641238219861,-1,0,0,0,-1,1,0,0,0
1798,959,90.89107940593327,0,0,0,4,12,0,0,0,0,0.0002751641238219861,9.874868320287655e-06,0.0002751641238219861,-1,0,0,0,-1,1,0,0,0
1799,28693,138.2795039994283,0,0,0,1,11,0,0,0,0,0.0002751641238219861,9.874868320287655e-06,0.0002751641238219861,-1,0,0,0,-1,1,1,1,0
1800,30406,138.2795039976282,0,0,0,1,6,0,0,0,0,0.0002751641238219861,9.874868320287655e-06,0.0002751641238219861,-1,0,0,0,-1,1,1,1,0
1801,1771,60.6256761779814,0,0,0,7,29,0,0,0,0,0.0002751641238219861,9.874868320287655e-06,0.0002751641238219861,-1,0,0,0,-1,1,0,0,0
1802,919,52.95601390176383,0,0,0,6,33,0,0,0,0,0.0002751641238219861,9.874868320287655e-06,0.0002751641238219861,-1,0,0,0,-1,1,0,0,0
1803,1313,99.47434394781408,0,0,0,3,11,0,0,0,0,0.0002751641238219861,9.874868320287655e-06,0.0002751641238219861,-1,0,0,0,-1,1,0,0,0
1804,0,80.42041887311029,0,0,0,1,8,0,0,0,0,0.0002751641238219861,9.874868320287655e-06,0.0002751641238219861,-1,0,0,0,-1,1,0,0,0
1805,3496,62.99525656304034,0,0,0,7,37,0,0,0,0,0.0002751641238219861,9.874868320287655e-06,0.0002751641238219861,-1,0,0,0,-1,1,0,0,0
1806,75,75.89899001287711,0,0,0,4,31,0,0,0,0,0.0002751641238219861,9.874868320287655e-06,0.0002751641238219861,-1,0,0,0,-1,1,0,0,0
1807,30498,138.279503999884,0,0,0,1,5,0,0,0,0,0.0002751641238219861,9.874868320287655e-06,0.0002751641238219861,-1,0,0,0,-1,1,1,1,0
1808,2401,96.89468475054922,0,0,0,5,16,0,0,0,0,0.0002751641238219861,9.874868320287655e-06,0.0002751641238219861,-1,0,0,0,-1,1,0,0,0
1809,971,70.95456216020793,0,0,0,3,19,0,0,0,0,0.0002751641238219861,9.874868320287655e-06,0.0002751641238219861,-1,0,0,0,-1,1,0,0,0
1810,82,74.9658317894833,0,0,0,4,29,0,0,0,0,0.0002751641238219861,9.874868320287655e-06,0.0002751641238219861,-1,0,0,0,-1,1,0,0,0
1811,28761,138.2795039974482,0,0,0,1,6,0,0,0,0,0.0002751641238219861,9.874868320287655e-06,0.0002751641238219861,-1,0,0,0,-1,1,1,1,0
1812,30239,138.2795040011191,0,0,0,1,4,0,0,0,0,0.0002751641238219861,9.874868320287655e-06,0.0002751641238219861,-1,0,0,0,-1,1,1,1,0
1813,368,107.9394779154862,0,0,0,2,20,0,0,0,0,0.0002751641238219861,9.874868320287655e-06,0.0002751641238219861,-1,0,0,0,-1,1,0,0,0
1814,29762,138.2795040003243,0,0,0,1,5,0,0,0,0,0.0002751641238219861,9.874868320287655e-06,0.0002751641238219861,-1,0,0,0,-1,1,1,1,0
1815,246,62.32346548498045,0,0,0,1,2,0,0,0,0,0.0002751641238219861,9.874868320287655e-06,0.0002751641238219861,-1,0,0,0,-1,1,0,0,0
1816,29691,138.2795039979701,0,0,0,1,8,0,0,0,0,0.0002751641238219861,9.874868320287655e-06,0.0002751641238219861,-1,0,0,0,-1,1,1,1,0
1817,987,85.88715948292143,0,0,0,3,21,0,0,0,0,0.0002751641238219861,9.874868320287655e-06,0.0002751641238219861,-1,0,0,0,-1,1,0,0,0
1818,0,97.33659590148351,0,0,0,2,17,0,0,0,0,0.0002751641238219861,9.874868320287655e-06,0.0002751641238219861,-1,0,0,0,-1,1,0,0,0
1819,28707,138.2795040013891,0,0,0,1,7,0,0,0,0,0.0002751641238219861,9.874868320287655e-06,0.0002751641238219861,-1,0,0,0,-1,1,1,1,0
1820,1586,108.0648160476088,0,0,0,3,15,0,0,0,0,0.0002751641238219861,9.874868320287655e-06,0.0002751641238219861,-1,0,0,0,-1,1,0,0,0
1821,29237,138.2795039976965,0,0,0,1,7,0,0,0,0,0.0002751641238219861,9.874868320287655e-06,0.0002751641238219861,-1,0,0,0,-1,1,1,1,0
1822,1394,64.93837203083703,0,0,0,5,27,0,0,0,0,0.0002751641238219861,9.874868320287655e-06,0.0002751641238219861,-1,0,0,0,-1,1,0,0,0
1823,31999,138.2795040004079,0,0,0,1,6,0,0,0,0,0.0002751641238219861,9.874868320287655e-06,0.0002751641238219861,-1,0,0,0,-1,1,1,1,0
1824,1593,95.84063244103474,0,0,0,3,14,0,0,0,0,0.0002751641238219861,9.874868320287655e-06,0.0002751641238219861,-1,0,0,0,-1,1,0,0,0
1825,940,75.99623235314583,0,0,0,4,22,0,0,0,0,0.0002751641238219861,9.874868320287655e-06,0.0002751641238219861,-1,0,0,0,-1,1,0,0,0
1826,1707,68.50183838034798,0,0,0,5,24,0,0,0,0,0.0002751641238219861,9.874868320287655e-06,0.0002751641238219861,-1,0,0,0,-1,1,0,0,0
1827,30496,138.2795039976218,0,0,0,1,2,0,0,0,0,0.0002751641238219861,9.874868320287655e-06,0.0002751641238219861,-1,0,0,0,-1,1,1,1,0
1828,1514,89.28462273929279,0,0,0,2,14,0,0,0,0,0.0002751641238219861,9.874868320287655e-06,0.0002751641238219861,-1,0,0,0,-1,1,0,0,0
1829,0,103.159920077566,0,0,0,2,17,0,0,0,0,0.0002751641238219861,9.874868320287655e-06,0.0002751641238219861,-1,0,0,0,-1,1,0,0,0
1830,0,95.80160184491434,0,0,0,3,29,0,0,0,0,0.0002751641238219861,9.874868320287655e-06,0.0002751641238219861,-1,0,0,0,-1,1,0,0,0
1831,30830,138.2795040048983,0,0,0,1,4,0,0,0,0,0.0002751641238219861,9.874868320287655e-06,0.0002751641238219861,-1,0,0,0,-1,1,1,1,0
1832,3088,83.34240149152903,0,0,0,3,16,0,0,0,0,0.0002751641238219861,9.874868320287655e-06,0.0002751641238219861,-1,0,0,0,-1,1,0,0,0
1833,2074,95.81007107385048,0,0,0,5,36,0,0,0,0,0.0002751641238219861,9.874868320287655e-06,0.0002751641238219861,-1,0,0,0,-1,1,0,0,0
1834,31570,138.2795040036476,0,0,0,1,5,0,0,0,0,0.0002751641238219861,9.874868320287655e-06,0.0002751641238219861,-1,0,0,0,-1,1,1,1,0
1835,0,104.2012756489772,0,0,0,1,12,0,0,0,0,0.0002751641238219861,9.874868320287655e-06,0.0002751641238219861,-1,0,0,0,-1,1,0,0,0
1836,4333,103.3793298245419,0,0,0,4,19,0,0,0,0,0.0002751641238219861,9.874868320287655e-06,0.0002751641238219861,-1,0,0,0,-1,1,0,0,0
1837,0,98.00342909163895,0,0,0,2,18,0,0,0,0,0.0002751641238219861,9.874868320287655e-06,0.0002751641238219861,-1,0,0,0,-1,1,0,0,0
1838,0,83.65466245900829,0,0,0,2,14,0,0,0,0,0.0002751641238219861,9.874868320287655e-06,0.0002751641238219861,-1,0,0,0,-1,1,0,0,0
1839,2079,70.95283057399895,0,0,0,6,32,0,0,0,0,0.0002751641238219861,9.874868320287655e-06,0.0002751641238219861,-1,0,0,0,-1,1,0,0,0
1840,757,61.32528284405303,0,0,0,6,36,0,0,0,0,0.0002751641238219861,9.874868320287655e-06,0.0002751641238219861,-1,0,0,0,-1,1,0,0,0
1841,201,71.85018162807719,0,0,0,4,22,0,0,0,0,0.0002751641238219861,9.874868320287655e-06,0.0002751641238219861,-1,0,0,0,-1,1,0,0,0
1842,1561,77.09158411659028,0,0,0,6,43,0,0,0,0,0.0002751641238219861,9.874868320287655e-06,0.0002751641238219861,-1,0,0,0,-1,1,0,0,0
1843,0,95.28508503316336,0,0,0,1,11,0,0,0,0,0.0002751641238219861,9.874868320287655e-06,0.0002751641238219861,-1,0,0,0,-1,1,0,0,0
1844,30328,138.2795039966748,0,0,0,1,7,0,0,0,0,0.0002751641238219861,9.874868320287655e-06,0.0002751641238219861,-1,0,0,0,-1,1,1,1,0
1845,415,90.77543751258317,0,0,0,3,22,0,0,0,0,0.0002751641238219861,9.874868320287655e-06,0.0002751641238219861,-1,0,0,0,-1,1,0,0,0
1846,0,79.48074061362833,0,0,0,1,15,0,0,0,0,0.0002751641238219861,9.874868320287655e-06,0.0002751641238219861,-1,0,0,0,-1,1,0,0,0
1847,1355,78.44655274265325,0,0,0,3,15,0,0,0,0,0.0002751641238219861,9.874868320287655e-06,0.0002751641238219861,-1,0,0,0,-1,1,0,0,0
1848,827,103.4283871915647,0,0,0,3,20,0,0,0,0,0.0002751641238219861,9.874868320287655e-06,0.0002751641238219861,-1,0,0,0,-1,1,0,0,0
1849,29541,138.2795040007061,0,0,0,1,6,0,0,0,0,0.0002751641238219861,9.874868320287655e-06,0.0002751641238219861,-1,0,0,0,-1,1,1,1,0
1850,14,90.90026576627324,0,0,0,3,25,0,0,0,0,0.0002751641238219861,9.874868320287655e-06,0.0002751641238219861,-1,0,0,0,-1,1,0,0,0
1851,947,90.98514468920573,0,0,0,4,16,0,0,0,0,0.0002751641238219861,9.874868320287655e-06,0.0002751641238219861,-1,0,0,0,-1,1,0,0,0
1852,0,95.77217812264365,0,0,0,3,29,0,0,0,0,0.0002751641238219861,9.874868320287655e-06,0.0002751641238219861,-1,0,0,0,-1,1,0,0,0
1853,494,74.8628744689767,0,0,0,4,30,0,0,0,0,0.0002751641238219861,9.874868320287655e-06,0.0002751641238219861,-1,0,0,0,-1,1,0,0,0
1854,429,73.02180469704123,0,0,0,5,17,0,0,0,0,0.0002751641238219861,9.874868320287655e-06,0.0002751641238219861,-1,0,0,0,-1,1,0,0,0
1855,317,70.9489874204224,0,0,0,3,17,0,0,0,0,0.0002751641238219861,9.874868320287655e-06,0.0002751641238219861,-1,0,0,0,-1,1,0,0,0
1856,129,95.64399298178488,0,0,0,4,23,0,0,0,0,0.0002751641238219861,9.874868320287655e-06,0.0002751641238219861,-1,0,0,0,-1,1,0,0,0
1857,1851,90.4256002599983,0,0,0,4,32,0,0,0,0,0.0002751641238219861,9.874868320287655e-06,0.0002751641238219861,-1,0,0,0,-1,1,0,0,0
1858,1801,62.79652935542907,0,0,0,6,33,0,0,0,0,0.0002751641238219861,9.874868320287655e-06,0.0002751641238219861,-1,0,0,0,-1,1,0,0,0
1859,26,82.64760061774884,0,0,0,1,8,0,0,0,0,0.0002751641238219861,9.874868320287655e-06,0.0002751641238219861,-1,0,0,0,-1,1,0,0,0
1860,1251,88.55881844662254,0,0,0,4,29,0,0,0,0,0.0002751641238219861,9.874868320287655e-06,0.0002751641238219861,-1,0,0,0,-1,1,0,0,0
1861,29774,138.2795039999584,0,0,0,1,5,0,0,0,0,0.0002751641238219861,9.874868320287655e-06,0.0002751641238219861,-1,0,0,0,-1,1,1,1,0
1862,942,84.39817149014232,0,0,0,2,10,0,0,0,0,0.0002751641238219861,9.874868320287655e-06,0.0002751641238219861,-1,0,0,0,-1,1,0,0,0
1863,1467,88.47703156375353,0,0,0,5,30,0,0,0,0,0.0002751641238219861,9.874868320287655e-06,0.0002751641238219861,-1,0,0,0,-1,1,0,0,0
1864,677,95.52823409548313,0,0,0,1,10,0,0,0,0,0.0002751641238219861,9.874868320287655e-06,0.0002751641238219861,-1,0,0,0,-1,1,0,0,0
1865,1387,83.5799280988941,0,0,0,4,25,0,0,0,0,0.0002751641238219861,9.874868320287655e-06,0.0002751641238219861,-1,0,0,0,-1,1,0,0,0
1866,650,93.47555783614771,0,0,0,3,9,0,0,0,0,0.0002751641238219861,9.874868320287655e-06,0.0002751641238219861,-1,0,0,0,-1,1,0,0,0
1867,2016,80.11253731250575,0,0,0,6,21,0,0,0,0,0.0002751641238219861,9.874868320287655e-06,0.0002751641238219861,-1,0,0,0,-1,1,0,0,0
1868,3080,75.2426498145322,0,0,0,7,28,0,0,0,0,0.0002751641238219861,9.874868320287655e-06,0.0002751641238219861,-1,0,0,0,-1,1,0,0,0
1869,0,78.12990264994207,0,0,0,2,20,0,0,0,0,0.0002751641238219861,9.874868320287655e-06,0.0002751641238219861,-1,0,0,0,-1,1,0,0,0
1870,2057,75.47963518952923,0,0,0,5,23,0,0,0,0,0.0002751641238219861,9.874868320287655e-06,0.0002751641238219861,-1,0,0,0,-1,1,0,0,0
1871,1610,73.58458851214355,0,0,0,4,22,0,0,0,0,0.0002751641238219861,9.874868320287655e-06,0.0002751641238219861,-1,0,0,0,-1,1,0,0,0
1872,184,97.96536804700649,0,0,0,3,34,0,0,0,0,0.0002751641238219861,9.874868320287655e-06,0.0002751641238219861,-1,0,0,0,-1,1,0,0,0
1873,377,77.50268165022526,0,0,0,4,28,0,0,0,0,0.0002751641238219861,9.874868320287655e-06,0.0002751641238219861,-1,0,0,0,-1,1,0,0,0
1874,29734,138.2795040035672,0,0,0,1,6,0,0,0,0,0.0002751641238219861,9.874868320287655e-06,0.0002751641238219861,-1,0,0,0,-1,1,1,1,0
1875,3234,90.86589845381728,0,0,0,5,15,0,0,0,0,0.0002751641238219861,9.874868320287655e-06,0.0002751641238219861,-1,0,0,0,-1,1,0,0,0
1876,0,90.16764238323714,0,0,0,3,17,0,0,0,0,0.0002751641238219861,9.874868320287655e-06,0.0002751641238219861,-1,0,0,0,-1,1,0,0,0
1877,29626,140.5038770018543,0,0,0,1,2,0,0,0,0,0.0002751641238219861,9.874868320287655e-06,0.0002751641238219861,-1,0,0,0,-1,1,1,1,0
1878,1420,95.84812944641487,0,0,0,3,16,0,0,0,0,0.0002751641238219861,9.874868320287655e-06,0.0002751641238219861,-1,0,0,0,-1,1,0,0,0
1879,202,71.726777360458,0,0,0,4,19,0,0,0,0,0.0002751641238219861,9.874868320287655e-06,0.0002751641238219861,-1,0,0,0,-1,1,0,0,0
1880,648,86.31930698101496,0,0,0,4,18,0,0,0,0,0.0002751641238219861,9.874868320287655e-06,0.0002751641238219861,-1,0,0,0,-1,1,0,0,0
1881,0,78.41664571469424,0,0,0,3,26,0,0,0,0,0.0002751641238219861,9.874868320287655e-06,0.0002751641238219861,-1,0,0,0,-1,1,0,0,0
1882,3452,96.81335822867112,0,0,0,3,11,0,0,0,0,0.0002751641238219861,9.874868320287655e-06,0.0002751641238219861,-1,0,0,0,-1,1,0,0,0
1883,28008,138.2795039953614,0,0,0,1,3,0,0,0,0,0.0002751641238219861,9.874868320287655e-06,0.0002751641238219861,-1,0,0,0,-1,1,1,1,0
1884,30486,138.279504000446,0,0,0,1,7,0,0,0,0,0.0002751641238219861,9.874868320287655e-06,0.0002751641238219861,-1,0,0,0,-1,1,1,1,0
1885,466,90.86767066357243,0,0,0,3,17,0,0,0,0,0.0002751641238219861,9.874868320287655e-06,0.0002751641238219861,-1,0,0,0,-1,1,0,0,0
1886,1689,77.21464362311232,0,0,0,2,7,0,0,0,0,0.0002751641238219861,9.874868320287655e-06,0.0002751641238219861,-1,0,0,0,-1,1,0,0,0
1887,1287,69.71108908158307,0,0,0,3,8,0,0,0,0,0.0002751641238219861,9.874868320287655e-06,0.0002751641238219861,-1,0,0,0,-1,1,0,0,0
1888,0,105.2274818725964,0,0,0,2,13,0,0,0,0,0.0002751641238219861,9.874868320287655e-06,0.0002751641238219861,-1,0,0,0,-1,1,0,0,0
1889,183,67.90590373588465,0,0,0,6,32,0,0,0,0,0.0002751641238219861,9.874868320287655e-06,0.0002751641238219861,-1,0,0,0,-1,1,0,0,0
1890,1940,78.70087157280754,0,0,0,5,20,0,0,0,0,0.0002751641238219861,9.874868320287655e-06,0.0002751641238219861,-1,0,0,0,-1,1,0,0,0
1891,425,65.98870793367425,0,0,0,4,13,0,0,0,0,0.0002751641238219861,9.874868320287655e-06,0.0002751641238219861,-1,0,0,0,-1,1,0,0,0
1892,0,73.43073349011482,0,0,0,3,28,0,0,0,0,0.0002751641238219861,9.874868320287655e-06,0.0002751641238219861,-1,0,0,0,-1,1,0,0,0
1893,30716,138.279503992468,0,0,0,1,4,0,0,0,0,0.0002751641238219861,9.874868320287655e-06,0.0002751641238219861,-1,0,0,0,-1,1,1,1,0
1894,2362,88.14918986581065,0,0,0,4,19,0,0,0,0,0.0002751641238219861,9.874868320287655e-06,0.0002751641238219861,-1,0,0,0,-1,1,0,0,0
1895,30516,138.2795039988072,0,0,0,1,7,0,0,0,0,0.0002751641238219861,9.874868320287655e-06,0.0002751641238219861,-1,0,0,0,-1,1,1,1,0
1896,30441,138.2795040001904,0,0,0,1,4,0,0,0,0,0.0002751641238219861,9.874868320287655e-06,0.0002751641238219861,-1,0,0,0,-1,1,1,1,0
1897,1021,89.35905672368204,0,0,0,2,20,0,0,0,0,0.0002751641238219861,9.874868320287655e-06,0.0002751641238219861,-1,0,0,0,-1,1,0,0,0
1898,31052,138.2795039758172,0,0,0,1,6,0,0,0,0,0.0002751641238219861,9.874868320287655e-06,0.0002751641238219861,-1,0,0,0,-1,1,1,1,0
1899,29730,138.2795040003233,0,0,0,1,6,0,0,0,0,0.0002751641238219861,9.874868320287655e-06,0.0002751641238219861,-1,0,0,0,-1,1,1,1,0
1900,31431,138.2795039989852,0,0,0,1,7,0,0,0,0,0.0002751641238219861,9.874868320287655e-06,0.0002751641238219861,-1,0,0,0,-1,1,1,1,0
1901,31096,138.2795040000016,0,0,0,1,7,0,0,0,0,0.0002751641238219861,9.874868320287655e-06,0.0002751641238219861,-1,0,0,0,-1,1,1,1,0
1902,3621,80.10539651013062,0,0,0,8,24,0,0,0,0,0.0002751641238219861,9.874868320287655e-06,0.0002751641238219861,-1,0,0,0,-1,1,0,0,0
1903,0,66.2245989950852,0,0,0,3,25,0,0,0,0,0.0002751641238219861,9.874868320287655e-06,0.0002751641238219861,-1,0,0,0,-1,1,0,0,0
1904,2764,68.76866260668903,0,0,0,5,29,0,0,0,0,0.0002751641238219861,9.874868320287655e-06,0.0002751641238219861,-1,0,0,0,-1,1,0,0,0
1905,2,68.11085724826856,0,0,0,3,24,0,0,0,0,0.0002751641238219861,9.874868320287655e-06,0.0002751641238219861,-1,0,0,0,-1,1,0,0,0
1906,327,90.81761398106124,0,0,0,3,9,0,0,0,0,0.0002751641238219861,9.874868320287655e-06,0.0002751641238219861,-1,0,0,0,-1,1,0,0,0
1907,425,88.57478451299063,0,0,0,4,33,0,0,0,0,0.0002751641238219861,9.874868320287655e-06,0.0002751641238219861,-1,0,0,0,-1,1,0,0,0
1908,904,116.1159258855786,0,0,0,1,7,0,0,0,0,0.0002751641238219861,9.874868320287655e-06,0.0002751641238219861,-1,0,0,0,-1,1,0,0,0
1909,4631,93.67640958933869,0,0,0,4,17,0,0,0,0,0.0002751641238219861,9.874868320287655e-06,0.0002751641238219861,-1,0,0,0,-1,1,0,0,0
1910,1059,85.88858258802972,0,0,0,4,22,0,0,0,0,0.0002751641238219861,9.874868320287655e-06,0.0002751641238219861,-1,0,0,0,-1,1,0,0,0
1911,0,78.37302573065477,0,0,0,3,26,0,0,0,0,0.0002751641238219861,9.874868320287655e-06,0.0002751641238219861,-1,0,0,0,-1,1,0,0,0
1912,261,97.94391564871208,0,0,0,3,24,0,0,0,0,0.0002751641238219861,9.874868320287655e-06,0.0002751641238219861,-1,0,0,0,-1,1,0,0,0
1913,443,57.74399718991768,0,0,0,4,18,0,0,0,0,0.0002751641238219861,9.874868320287655e-06,0.0002751641238219861,-1,0,0,0,-1,1,0,0,0
1914,30163,138.2795039929801,0,0,0,1,6,0,0,0,0,0.0002751641238219861,9.874868320287655e-06,0.0002751641238219861,-1,0,0,0,-1,1,1,1,0
1915,803,65.90761826232354,0,0,0,4,15,0,0,0,0,0.0002751641238219861,9.874868320287655e-06,0.0002751641238219861,-1,0,0,0,-1,1,0,0,0
1916,1606,68.69484594812633,0,0,0,5,28,0,0,0,0,0.0002751641238219861,9.874868320287655e-06,0.0002751641238219861,-1,0,0,0,-1,1,0,0,0
1917,859,77.16547766922653,0,0,0,4,32,0,0,0,0,0.0002751641238219861,9.874868320287655e-06,0.0002751641238219861,-1,0,0,0,-1,1,0,0,0
1918,31224,138.2795040003034,0,0,0,1,4,0,0,0,0,0.0002751641238219861,9.874868320287655e-06,0.0002751641238219861,-1,0,0,0,-1,1,1,1,0
1919,1934,96.7448530222747,0,0,0,5,12,0,0,0,0,0.0002751641238219861,9.874868320287655e-06,0.0002751641238219861,-1,0,0,0,-1,1,0,0,0
1920,2279,69.45472898741011,0,0,0,7,15,0,0,0,0,0.0002751641238219861,9.874868320287655e-06,0.0002751641238219861,-1,0,0,0,-1,1,0,0,0
1921,664,88.66661390742476,0,0,0,4,17,0,0,0,0,0.0002751641238219861,9.874868320287655e-06,0.0002751641238219861,-1,0,0,0,-1,1,0,0,0
1922,989,95.84601128056065,0,0,0,4,27,0,0,0,0,0.0002751641238219861,9.874868320287655e-06,0.0002751641238219861,-1,0,0,0,-1,1,0,0,0
1923,1641,97.95181048722982,0,0,0,3,16,0,0,0,0,0.0002751641238219861,9.874868320287655e-06,0.0002751641238219861,-1,0,0,0,-1,1,0,0,0
1924,181,100.3665390293014,0,0,0,2,18,0,0,0,0,0.0002751641238219861,9.874868320287655e-06,0.0002751641238219861,-1,0,0,0,-1,1,0,0,0
1925,367,80.41540252615677,0,0,0,2,14,0,0,0,0,0.0002751641238219861,9.874868320287655e-06,0.0002751641238219861,-1,0,0,0,-1,1,0,0,0
1926,30010,138.2795039999609,0,0,0,1,6,0,0,0,0,0.0002751641238219861,9.874868320287655e-06,0.0002751641238219861,-1,0,0,0,-1,1,1,1,0
1927,29810,138.2795040013706,0,0,0,1,1,0,0,0,0,0.0002751641238219861,9.874868320287655e-06,0.0002751641238219861,-1,0,0,0,-1,1,1,1,0
1928,28444,138.2795040027919,0,0,0,1,6,0,0,0,0,0.0002751641238219861,9.874868320287655e-06,0.0002751641238219861,-1,0,0,0,-1,1,1,1,0
1929,30700,138.2795040027021,0,0,0,1,8,0,0,0,0,0.0002751641238219861,9.874868320287655e-06,0.0002751641238219861,-1,0,0,0,-1,1,1,1,0
1930,2016,83.42136125955055,0,0,0,5,22,0,0,0,0,0.0002751641238219861,9.874868320287655e-06,0.0002751641238219861,-1,0,0,0,-1,1,0,0,0
1931,29525,138.2795039896282,0,0,0,1,7,0,0,0,0,0.0002751641238219861,9.874868320287655e-06,0.0002751641238219861,-1,0,0,0,-1,1,1,1,0
1932,577,73.45828977979569,0,0,0,2,7,0,0,0,0,0.0002751641238219861,9.874868320287655e-06,0.0002751641238219861,-1,0,0,0,-1,1,0,0,0
1933,614,58.46470691189386,0,0,0,3,15,0,0,0,0,0.0002751641238219861,9.874868320287655e-06,0.0002751641238219861,-1,0,0,0,-1,1,0,0,0
1934,0,97.98467287065846,0,0,0,2,23,0,0,0,0,0.0002751641238219861,9.874868320287655e-06,0.0002751641238219861,-1,0,0,0,-1,1,0,0,0
1935,1588,67.55290898542366,0,0,0,4,26,0,0,0,0,0.0002751641238219861,9.874868320287655e-06,0.0002751641238219861,-1,0,0,0,-1,1,0,0,0
1936,0,77.48925908738194,0,0,0,3,26,0,0,0,0,0.0002751641238219861,9.874868320287655e-06,0.0002751641238219861,-1,0,0,0,-1,1,0,0,0
1937,481,62.90633028061744,0,0,0,6,36,0,0,0,0,0.0002751641238219861,9.874868320287655e-06,0.0002751641238219861,-1,0,0,0,-1,1,0,0,0
1938,1042,92.66568938909447,0,0,0,5,24,0,0,0,0,0.0002751641238219861,9.874868320287655e-06,0.0002751641238219861,-1,0,0,0,-1,1,0,0,0
1939,2160,57.70205460909578,0,0,0,6,22,0,0,0,0,0.0002751641238219861,9.874868320287655e-06,0.0002751641238219861,-1,0,0,0,-1,1,0,0,0
1940,1182,70.26806634646438,0,0,0,4,25,0,0,0,0,0.0002751641238219861,9.874868320287655e-06,0.0002751641238219861,-1,0,0,0,-1,1,0,0,0
1941,2887,80.157958106975,0,0,0,7,25,0,0,0,0,0.0002751641238219861,9.874868320287655e-06,0.0002751641238219861,-1,0,0,0,-1,1,0,0,0
1942,30892,138.2795039990544,0,0,0,1,4,0,0,0,0,0.0002751641238219861,9.874868320287655e-06,0.0002751641238219861,-1,0,0,0,-1,1,1,1,0
1943,266,67.74381382742585,0,0,0,6,29,0,0,0,0,0.0002751641238219861,9.874868320287655e-06,0.0002751641238219861,-1,0,0,0,-1,1,0,0,0
1944,0,95.31727735012154,0,0,0,1,8,0,0,0,0,0.0002751641238219861,9.874868320287655e-06,0.0002751641238219861,-1,0,0,0,-1,1,0,0,0
1945,29738,138.2795040004186,0,0,0,1,9,0,0,0,0,0.0002751641238219861,9.874868320287655e-06,0.0002751641238219861,-1,0,0,0,-1,1,1,1,0
1946,1119,86.12946160087048,0,0,0,3,13,0,0,0,0,0.0002751641238219861,9.874868320287655e-06,0.0002751641238219861,-1,0,0,0,-1,1,0,0,0
1947,30658,138.2795040006058,0,0,0,1,6,0,0,0,0,0.0002751641238219861,9.874868320287655e-06,0.0002751641238219861,-1,0,0,0,-1,1,1,1,0
1948,247,58.02034965219189,0,0,0,5,30,0,0,0,0,0.0002751641238219861,9.874868320287655e-06,0.0002751641238219861,-1,0,0,0,-1,1,0,0,0
1949,169,93.55532458040025,0,0,0,3,24,0,0,0,0,0.0002751641238219861,9.874868320287655e-06,0.0002751641238219861,-1,0,0,0,-1,1,0,0,0
1950,1108,100.7011312548589,0,0,0,3,21,0,0,0,0,0.0002751641238219861,9.874868320287655e-06,0.0002751641238219861,-1,0,0,0,-1,1,0,0,0
1951,1553,75.59520513693253,0,0,0,3,10,0,0,0,0,0.0002751641238219861,9.874868320287655e-06,0.0002751641238219861,-1,0,0,0,-1,1,0,0,0
1952,0,62.76463564996504,0,0,0,0,0,0,0,0,0,0.0002751641238219861,9.874868320287655e-06,0.0002751641238219861,-1,0,0,0,-1,1,0,0,0
1953,30006,138.2795040067224,0,0,0,1,9,0,0,0,0,0.0002751641238219861,9.874868320287655e-06,0.0002751641238219861,-1,0,0,0,-1,1,1,1,0
1954,1245,98.04574700705889,0,0,0,2,6,0,0,0,0,0.0002751641238219861,9.874868320287655e-06,0.0002751641238219861,-1,0,0,0,-1,1,0,0,0
1955,29931,138.2795039958546,0,0,0,1,7,0,0,0,0,0.0002751641238219861,9.874868320287655e-06,0.0002751641238219861,-1,0,0,0,-1,1,1,1,0
1956,238,95.63217962216429,0,0,0,4,42,0,0,0,0,0.0002751641238219861,9.874868320287655e-06,0.0002751641238219861,-1,0,0,0,-1,1,0,0,0
1957,30618,138.2795040041054,0,0,0,1,6,0,0,0,0,0.0002751641238219861,9.874868320287655e-06,0.0002751641238219861,-1,0,0,0,-1,1,1,1,0
1958,30353,138.2795039901821,0,0,0,1,7,0,0,0,0,0.0002751641238219861,9.874868320287655e-06,0.0002751641238219861,-1,0,0,0,-1,1,1,1,0
1959,0,90.40645603018976,0,0,0,2,17,0,0,0,0,0.0002751641238219861,9.874868320287655e-06,0.0002751641238219861,-1,0,0,0,-1,1,0,0,0
1960,1418,55.95583907103743,0,0,0,7,29,0,0,0,0,0.0002751641238219861,9.874868320287655e-06,0.0002751641238219861,-1,0,0,0,-1,1,0,0,0
1961,617,82.3039383524879,0,0,0,6,26,0,0,0,0,0.0002751641238219861,9.874868320287655e-06,0.0002751641238219861,-1,0,0,0,-1,1,0,0,0
1962,29941,138.2795039971945,0,0,0,1,4,0,0,0,0,0.0002751641238219861,9.874868320287655e-06,0.0002751641238219861,-1,0,0,0,-1,1,1,1,0
1963,30586,138.2795039845532,0,0,0,1,3,0,0,0,0,0.0002751641238219861,9.874868320287655e-06,0.0002751641238219861,-1,0,0,0,-1,1,1,1,0
1964,0,95.30431820603289,0,0,0,1,14,0,0,0,0,0.0002751641238219861,9.874868320287655e-06,0.0002751641238219861,-1,0,0,0,-1,1,0,0,0
1965,31208,138.2795040029359,0,0,0,1,6,0,0,0,0,0.0002751641238219861,9.874868320287655e-06,0.0002751641238219861,-1,0,0,0,-1,1,1,1,0
1966,1078,64.25156021535255,0,0,0,5,30,0,0,0,0,0.0002751641238219861,9.874868320287655e-06,0.0002751641238219861,-1,0,0,0,-1,1,0,0,0
1967,228,74.28692124099628,0,0,0,8,33,0,0,0,0,0.0002751641238219861,9.874868320287655e-06,0.0002751641238219861,-1,0,0,0,-1,1,0,0,0
1968,30405,138.2795040016584,0,0,0,1,3,0,0,0,0,0.0002751641238219861,9.874868320287655e-06,0.0002751641238219861,-1,0,0,0,-1,1,1,1,0
1969,29718,138.279503999955,0,0,0,1,5,0,0,0,0,0.0002751641238219861,9.874868320287655e-06,0.0002751641238219861,-1,0,0,0,-1,1,1,1,0
1970,3477,77.77230054745266,0,0,0,6,26,0,0,0,0,0.0002751641238219861,9.874868320287655e-06,0.0002751641238219861,-1,0,0,0,-1,1,0,0,0
1971,1199,78.10927670246419,0,0,0,3,16,0,0,0,0,0.0002751641238219861,9.874868320287655e-06,0.0002751641238219861,-1,0,0,0,-1,1,0,0,0
1972,508,80.47882564405349,0,0,0,6,29,0,0,0,0,0.0002751641238219861,9.874868320287655e-06,0.0002751641238219861,-1,0,0,0,-1,1,0,0,0
1973,563,83.50160259217715,0,0,0,4,28,0,0,0,0,0.0002751641238219861,9.874868320287655e-06,0.0002751641238219861,-1,0,0,0,-1,1,0,0,0
1974,1349,72.25325632588221,0,0,0,3,8,0,0,0,0,0.0002751641238219861,9.874868320287655e-06,0.0002751641238219861,-1,0,0,0,-1,1,0,0,0
1975,30159,138.2795039998077,0,0,0,1,6,0,0,0,0,0.0002751641238219861,9.874868320287655e-06,0.0002751641238219861,-1,0,0,0,-1,1,1,1,0
1976,945,85.78915367961419,0,0,0,3,25,0,0,0,0,0.0002751641238219861,9.874868320287655e-06,0.0002751641238219861,-1,0,0,0,-1,1,0,0,0
1977,1350,64.82874070228489,0,0,0,5,20,0,0,0,0,0.0002751641238219861,9.874868320287655e-06,0.0002751641238219861,-1,0,0,0,-1,1,0,0,0
1978,29275,138.2795040010722,0,0,0,1,8,0,0,0,0,0.0002751641238219861,9.874868320287655e-06,0.0002751641238219861,-1,0,0,0,-1,1,1,1,0
1979,0,105.2879720071498,0,0,0,2,11,0,0,0,0,0.0002751641238219861,9.874868320287655e-06,0.0002751641238219861,-1,0,0,0,-1,1,0,0,0
1980,1130,67.95034825935687,0,0,0,4,12,0,0,0,0,0.0002751641238219861,9.874868320287655e-06,0.0002751641238219861,-1,0,0,0,-1,1,0,0,0
1981,29445,138.2795039968912,0,0,0,1,5,0,0,0,0,0.0002751641238219861,9.874868320287655e-06,0.0002751641238219861,-1,0,0,0,-1,1,1,1,0
1982,3021,98.03473563700965,0,0,0,4,17,0,0,0,0,0.0002751641238219861,9.874868320287655e-06,0.0002751641238219861,-1,0,0,0,-1,1,0,0,0
1983,1631,95.69091266653426,0,0,0,4,38,0,0,0,0,0.0002751641238219861,9.874868320287655e-06,0.0002751641238219861,-1,0,0,0,-1,1,0,0,0
1984,0,56.50727564980595,0,0,0,1,9,0,0,0,0,0.0002751641238219861,9.874868320287655e-06,0.0002751641238219861,-1,0,0,0,-1,1,0,0,0
1985,208,90.79998873310159,0,0,0,4,25,0,0,0,0,0.0002751641238219861,9.874868320287655e-06,0.0002751641238219861,-1,0,0,0,-1,1,0,0,0
1986,3096,67.74445582439969,0,0,0,7,31,0,0,0,0,0.0002751641238219861,9.874868320287655e-06,0.0002751641238219861,-1,0,0,0,-1,1,0,0,0
1987,0,58.31588964901207,0,0,0,2,15,0,0,0,0,0.0002751641238219861,9.874868320287655e-06,0.0002751641238219861,-1,0,0,0,-1,1,0,0,0
1988,1322,80.66552173482889,0,0,0,4,11,0,0,0,0,0.0002751641238219861,9.874868320287655e-06,0.0002751641238219861,-1,0,0,0,-1,1,0,0,0
1989,0,84.38726264966758,0,0,0,1,5,0,0,0,0,0.0002751641238219861,9.874868320287655e-06,0.0002751641238219861,-1,0,0,0,-1,1,0,0,0
1990,29743,138.2795040040672,0,0,0,1,9,0,0,0,0,0.0002751641238219861,9.874868320287655e-06,0.0002751641238219861,-1,0,0,0,-1,1,1,1,0
1991,0,84.41682485781647,0,0,0,1,9,0,0,0,0,0.0002751641238219861,9.874868320287655e-06,0.0002751641238219861,-1,0,0,0,-1,1,0,0,0
1992,1487,88.67557170913274,0,0,0,4,26,0,0,0,0,0.0002751641238219861,9.874868320287655e-06,0.0002751641238219861,-1,0,0,0,-1,1,0,0,0
1993,29281,138.279504001044,0,0,0,1,5,0,0,0,0,0.0002751641238219861,9.874868320287655e-06,0.0002751641238219861,-1,0,0,0,-1,1,1,1,0
1994,0,60.54026264996029,0,0,0,1,10,0,0,0,0,0.0002751641238219861,9.874868320287655e-06,0.0002751641238219861,-1,0,0,0,-1,1,0,0,0
1995,30062,138.2795040042862,0,0,0,1,8,0,0,0,0,0.0002751641238219861,9.874868320287655e-06,0.0002751641238219861,-1,0,0,0,-1,1,1,1,0
1996,630,73.43038065602228,0,0,0,6,32,0,0,0,0,0.0002751641238219861,9.874868320287655e-06,0.0002751641238219861,-1,0,0,0,-1,1,0,0,0
1997,854,78.35154123721671,0,0,0,5,30,0,0,0,0,0.0002751641238219861,9.874868320287655e-06,0.0002751641238219861,-1,0,0,0,-1,1,0,0,0
1998,0,50.13804094419919,0,0,0,3,18,0,0,0,0,0.0002751641238219861,9.874868320287655e-06,0.0002751641238219861,-1,0,0,0,-1,1,0,0,0
1999,0,99.4176660013287,0,0,0,2,26,0,0,0,0,0.0002751641238219861,9.874868320287655e-06,0.0002751641238219861,-1,0,0,0,-1,1,0,0,0
2000,28921,138.2795039981317,0,0,0,1,5,0,0,0,0,0.0002751641238219861,9.874868320287655e-06,0.0002751641238219861,-1,0,0,0,-1,1,1,1,0
2001,29946,138.279503999801,0,0,0,1,6,0,0,0,0,0.0002751641238219861,9.874868320287655e-06,0.0002751641238219861,-1,0,0,0,-1,1,1,1,0
2002,1771,71.99721461246551,0,0,0,4,27,0,0,0,0,0.0002751641238219861,9.874868320287655e-06,0.0002751641238219861,-1,0,0,0,-1,1,0,0,0
2003,239,80.88464773248455,0,0,0,5,25,0,0,0,0,0.0002751641238219861,9.874868320287655e-06,0.0002751641238219861,-1,0,0,0,-1,1,0,0,0
2004,29021,138.2795039999325,0,0,0,1,8,0,0,0,0,0.0002751641238219861,9.874868320287655e-06,0.0002751641238219861,-1,0,0,0,-1,1,1,1,0
2005,1467,116.1206689447883,0,0,0,1,9,0,0,0,0,0.0002751641238219861,9.874868320287655e-06,0.0002751641238219861,-1,0,0,0,-1,1,0,0,0
2006,0,73.34629300013039,0,0,0,3,25,0,0,0,0,0.0002751641238219861,9.874868320287655e-06,0.0002751641238219861,-1,0,0,0,-1,1,0,0,0
2007,639,69.68510107383068,0,0,0,3,21,0,0,0,0,0.0002751641238219861,9.874868320287655e-06,0.0002751641238219861,-1,0,0,0,-1,1,0,0,0
2008,92,68.80588797664474,0,0,0,4,22,0,0,0,0,0.0002751641238219861,9.874868320287655e-06,0.0002751641238219861,-1,0,0,0,-1,1,0,0,0
2009,209,85.03449261380366,0,0,0,5,28,0,0,0,0,0.0002751641238219861,9.874868320287655e-06,0.0002751641238219861,-1,0,0,0,-1,1,0,0,0
2010,31040,138.2795039910879,0,0,0,1,6,0,0,0,0,0.0002751641238219861,9.874868320287655e-06,0.0002751641238219861,-1,0,0,0,-1,1,1,1,0
2011,1745,95.6680033577761,0,0,0,5,28,0,0,0,0,0.0002751641238219861,9.874868320287655e-06,0.0002751641238219861,-1,0,0,0,-1,1,0,0,0
2012,28145,138.2795039993185,0,0,0,1,6,0,0,0,0,0.0002751641238219861,9.874868320287655e-06,0.0002751641238219861,-1,0,0,0,-1,1,1,1,0
2013,3280,91.04080582472589,0,0,0,6,12,0,0,0,0,0.0002751641238219861,9.874868320287655e-06,0.0002751641238219861,-1,0,0,0,-1,1,0,0,0
2014,45,83.71410221948355,0,0,0,4,22,0,0,0,0,0.0002751641238219861,9.874868320287655e-06,0.0002751641238219861,-1,0,0,0,-1,1,0,0,0
2015,335,78.63316676627595,0,0,0,4,17,0,0,0,0,0.0002751641238219861,9.874868320287655e-06,0.0002751641238219861,-1,0,0,0,-1,1,0,0,0
2016,5,107.9300803594712,0,0,0,3,19,0,0,0,0,0.0002751641238219861,9.874868320287655e-06,0.0002751641238219861,-1,0,0,0,-1,1,0,0,0
2017,0,97.94391564963789,0,0,0,2,17,0,0,0,0,0.0002751641238219861,9.874868320287655e-06,0.0002751641238219861,-1,0,0,0,-1,1,0,0,0
2018,889,69.59274652086081,0,0,0,6,32,0,0,0,0,0.0002751641238219861,9.874868320287655e-06,0.0002751641238219861,-1,0,0,0,-1,1,0,0,0
2019,0,72.53989609000713,0,0,0,5,36,0,0,0,0,0.0002751641238219861,9.874868320287655e-06,0.0002751641238219861,-1,0,0,0,-1,1,0,0,0
2020,62,74.32167214290409,0,0,0,1,14,0,0,0,0,0.0002751641238219861,9.874868320287655e-06,0.0002751641238219861,-1,0,0,0,-1,1,0,0,0
2021,31837,138.2795039950835,0,0,0,1,8,0,0,0,0,0.0002751641238219861,9.874868320287655e-06,0.0002751641238219861,-1,0,0,0,-1,1,1,1,0
2022,32084,138.2795040045222,0,0,0,1,6,0,0,0,0,0.0002751641238219861,9.874868320287655e-06,0.0002751641238219861,-1,0,0,0,-1,1,1,1,0
2023,29470,138.2795039568287,0,0,0,1,9,0,0,0,0,0.0002751641238219861,9.874868320287655e-06,0.0002751641238219861,-1,0,0,0,-1,1,1,1,0
2024,31143,138.2795040035082,0,0,0,1,4,0,0,0,0,0.0002751641238219861,9.874868320287655e-06,0.0002751641238219861,-1,0,0,0,-1,1,1,1,0
2025,0,97.94391564992036,0,0,0,2,13,0,0,0,0,0.0002751641238219861,9.874868320287655e-06,0.0002751641238219861,-1,0,0,0,-1,1,0,0,0
2026,0,89.26103001768062,0,0,0,2,15,0,0,0,0,0.0002751641238219861,9.874868320287655e-06,0.0002751641238219861,-1,0,0,0,-1,1,0,0,0
2027,271,63.34826682120925,0,0,0,4,24,0,0,0,0,0.0002751641238219861,9.874868320287655e-06,0.0002751641238219861,-1,0,0,0,-1,1,0,0,0
2028,7,79.98636308380283,0,0,0,5,30,0,0,0,0,0.0002751641238219861,9.874868320287655e-06,0.0002751641238219861,-1,0,0,0,-1,1,0,0,0
2029,29067,138.2795040026753,0,0,0,1,7,0,0,0,0,0.0002751641238219861,9.874868320287655e-06,0.0002751641238219861,-1,0,0,0,-1,1,1,1,0
2030,1453,100.8214074815472,0,0,0,3,13,0,0,0,0,0.0002751641238219861,9.874868320287655e-06,0.0002751641238219861,-1,0,0,0,-1,1,0,0,0
2031,29290,138.2795040010654,0,0,0,1,3,0,0,0,0,0.0002751641238219861,9.874868320287655e-06,0.0002751641238219861,-1,0,0,0,-1,1,1,1,0
2032,30673,138.2795039980267,0,0,0,1,6,0,0,0,0,0.0002751641238219861,9.874868320287655e-06,0.0002751641238219861,-1,0,0,0,-1,1,1,1,0
2033,28781,138.2795039948959,0,0,0,1,4,0,0,0,0,0.0002751641238219861,9.874868320287655e-06,0.0002751641238219861,-1,0,0,0,-1,1,1,1,0
2034,234,61.91438517395687,0,0,0,4,23,0,0,0,0,0.0002751641238219861,9.874868320287655e-06,0.0002751641238219861,-1,0,0,0,-1,1,0,0,0
2035,0,107.955300790956,0,0,0,2,15,0,0,0,0,0.0002751641238219861,9.874868320287655e-06,0.0002751641238219861,-1,0,0,0,-1,1,0,0,0
2036,306,73.65389189058594,0,0,0,5,34,0,0,0,0,0.0002751641238219861,9.874868320287655e-06,0.0002751641238219861,-1,0,0,0,-1,1,0,0,0
2037,29312,138.2795039816025,0,0,0,1,8,0,0,0,0,0.0002751641238219861,9.874868320287655e-06,0.0002751641238219861,-1,0,0,0,-1,1,1,1,0
2038,157,99.16318418118907,0,0,0,2,14,0,0,0,0,0.0002751641238219861,9.874868320287655e-06,0.0002751641238219861,-1,0,0,0,-1,1,0,0,0
2039,30680,140.5038769932535,0,0,0,1,8,0,0,0,0,0.0002751641238219861,9.874868320287655e-06,0.0002751641238219861,-1,0,0,0,-1,1,1,1,0
2040,29355,138.2795040038352,0,0,0,1,6,0,0,0,0,0.0002751641238219861,9.874868320287655e-06,0.0002751641238219861,-1,0,0,0,-1,1,1,1,0
2041,103,73.53587653754009,0,0,0,3,21,0,0,0,0,0.0002751641238219861,9.874868320287655e-06,0.0002751641238219861,-1,0,0,0,-1,1,0,0,0
2042,30051,138.2795039935052,0,0,0,1,4,0,0,0,0,0.0002751641238219861,9.874868320287655e-06,0.0002751641238219861,-1,0,0,0,-1,1,1,1,0
2043,276,59.77073595995351,0,0,0,5,21,0,0,0,0,0.0002751641238219861,9.874868320287655e-06,0.0002751641238219861,-1,0,0,0,-1,1,0,0,0
2044,29987,138.2795039997776,0,0,0,1,6,0,0,0,0,0.0002751641238219861,9.874868320287655e-06,0.0002751641238219861,-1,0,0,0,-1,1,1,1,0
2045,0,66.25613790444439,0,0,0,4,23,0,0,0,0,0.0002751641238219861,9.874868320287655e-06,0.0002751641238219861,-1,0,0,0,-1,1,0,0,0
2046,11,76.46159304147191,0,0,0,3,18,0,0,0,0,0.0002751641238219861,9.874868320287655e-06,0.0002751641238219861,-1,0,0,0,-1,1,0,0,0
2047,521,77.32869608569618,0,0,0,4,26,0,0,0,0,0.0002751641238219861,9.874868320287655e-06,0.0002751641238219861,-1,0,0,0,-1,1,0,0,0
2048,0,95.74612230381803,0,0,0,3,26,0,0,0,0,0.0002751641238219861,9.874868320287655e-06,0.0002751641238219861,-1,0,0,0,-1,1,0,0,0
2049,7,85.08656420232752,0,0,0,4,35,0,0,0,0,0.0002751641238219861,9.874868320287655e-06,0.0002751641238219861,-1,0,0,0,-1,1,0,0,0
2050,31008,138.2795040132247,0,0,0,1,6,0,0,0,0,0.0002751641238219861,9.874868320287655e-06,0.0002751641238219861,-1,0,0,0,-1,1,1,1,0
2051,2089,98.14600911295233,0,0,0,3,21,0,0,0,0,0.0002751641238219861,9.874868320287655e-06,0.0002751641238219861,-1,0,0,0,-1,1,0,0,0
2052,29649,138.2795040029098,0,0,0,1,2,0,0,0,0,0.0002751641238219861,9.874868320287655e-06,0.0002751641238219861,-1,0,0,0,-1,1,1,1,0
2053,30783,138.2795040033633,0,0,0,1,6,0,0,0,0,0.0002751641238219861,9.874868320287655e-06,0.0002751641238219861,-1,0,0,0,-1,1,1,1,0
2054,30889,138.2795039996923,0,0,0,1,4,0,0,0,0,0.0002751641238219861,9.874868320287655e-06,0.0002751641238219861,-1,0,0,0,-1,1,1,1,0
2055,28678,138.2795039999902,0,0,0,1,6,0,0,0,0,0.0002751641238219861,9.874868320287655e-06,0.0002751641238219861,-1,0,0,0,-1,1,1,1,0
2056,31663,138.279503999824,0,0,0,1,12,0,0,0,0,0.0002751641238219861,9.874868320287655e-06,0.0002751641238219861,-1,0,0,0,-1,1,1,1,0
2057,3151,84.90886826487873,0,0,0,6,27,0,0,0,0,0.0002751641238219861,9.874868320287655e-06,0.0002751641238219861,-1,0,0,0,-1,1,0,0,0
2058,1304,62.45193243454671,0,0,0,4,24,0,0,0,0,0.0002751641238219861,9.874868320287655e-06,0.0002751641238219861,-1,0,0,0,-1,1,0,0,0
2059,1063,105.2540508747059,0,0,0,3,18,0,0,0,0,0.0002751641238219861,9.874868320287655e-06,0.0002751641238219861,-1,0,0,0,-1,1,0,0,0
2060,2036,70.87204573623274,0,0,0,4,20,0,0,0,0,0.0002751641238219861,9.874868320287655e-06,0.0002751641238219861,-1,0,0,0,-1,1,0,0,0
2061,212,80.59739873120434,0,0,0,3,36,0,0,0,0,0.0002751641238219861,9.874868320287655e-06,0.0002751641238219861,-1,0,0,0,-1,1,0,0,0
2062,537,68.49817536250332,0,0,0,3,16,0,0,0,0,0.0002751641238219861,9.874868320287655e-06,0.0002751641238219861,-1,0,0,0,-1,1,0,0,0
2063,54,90.7853540260101,0,0,0,3,19,0,0,0,0,0.0002751641238219861,9.874868320287655e-06,0.0002751641238219861,-1,0,0,0,-1,1,0,0,0
2064,2005,84.59958315140547,0,0,0,2,11,0,0,0,0,0.0002751641238219861,9.874868320287655e-06,0.0002751641238219861,-1,0,0,0,-1,1,0,0,0
2065,3261,74.97836939973126,0,0,0,6,14,0,0,0,0,0.0002751641238219861,9.874868320287655e-06,0.0002751641238219861,-1,0,0,0,-1,1,0,0,0
2066,763,80.26956200369909,0,0,0,3,24,0,0,0,0,0.0002751641238219861,9.874868320287655e-06,0.0002751641238219861,-1,0,0,0,-1,1,0,0,0
2067,30236,138.2795039970434,0,0,0,1,6,0,0,0,0,0.0002751641238219861,9.874868320287655e-06,0.0002751641238219861,-1,0,0,0,-1,1,1,1,0
2068,0,60.60820516049444,0,0,0,1,7,0,0,0,0,0.0002751641238219861,9.874868320287655e-06,0.0002751641238219861,-1,0,0,0,-1,1,0,0,0
2069,1087,51.91732747734983,0,0,0,5,29,0,0,0,0,0.0002751641238219861,9.874868320287655e-06,0.0002751641238219861,-1,0,0,0,-1,1,0,0,0
2070,710,73.36302606705949,0,0,0,4,28,0,0,0,0,0.0002751641238219861,9.874868320287655e-06,0.0002751641238219861,-1,0,0,0,-1,1,0,0,0
2071,1359,80.98106932646976,0,0,0,5,25,0,0,0,0,0.0002751641238219861,9.874868320287655e-06,0.0002751641238219861,-1,0,0,0,-1,1,0,0,0
2072,1321,72.8899466617377,0,0,0,5,14,0,0,0,0,0.0002751641238219861,9.874868320287655e-06,0.0002751641238219861,-1,0,0,0,-1,1,0,0,0
2073,3033,76.47209056755837,0,0,0,7,23,0,0,0,0,0.0002751641238219861,9.874868320287655e-06,0.0002751641238219861,-1,0,0,0,-1,1,0,0,0
2074,1891,87.28419749484696,0,0,0,3,22,0,0,0,0,0.0002751641238219861,9.874868320287655e-06,0.0002751641238219861,-1,0,0,0,-1,1,0,0,0
2075,2865,68.77464754647356,0,0,0,6,30,0,0,0,0,0.0002751641238219861,9.874868320287655e-06,0.0002751641238219861,-1,0,0,0,-1,1,0,0,0
2076,201,57.45077115742884,0,0,0,7,40,0,0,0,0,0.0002751641238219861,9.874868320287655e-06,0.0002751641238219861,-1,0,0,0,-1,1,0,0,0
2077,28798,138.279504000843,0,0,0,1,9,0,0,0,0,0.0002751641238219861,9.874868320287655e-06,0.0002751641238219861,-1,0,0,0,-1,1,1,1,0
2078,32373,138.2795040003068,0,0,0,1,3,0,0,0,0,0.0002751641238219861,9.874868320287655e-06,0.0002751641238219861,-1,0,0,0,-1,1,1,1,0
2079,0,79.48074061355011,0,0,0,1,9,0,0,0,0,0.0002751641238219861,9.874868320287655e-06,0.0002751641238219861,-1,0,0,0,-1,1,0,0,0
2080,30299,138.2795039902539,0,0,0,1,6,0,0,0,0,0.0002751641238219861,9.874868320287655e-06,0.0002751641238219861,-1,0,0,0,-1,1,1,1,0
2081,527,108.1008155041349,0,0,0,2,18,0,0,0,0,0.0002751641238219861,9.874868320287655e-06,0.0002751641238219861,-1,0,0,0,-1,1,0,0,0
2082,30339,138.2795040000158,0,0,0,1,5,0,0,0,0,0.0002751641238219861,9.874868320287655e-06,0.0002751641238219861,-1,0,0,0,-1,1,1,1,0
2083,79,78.10458504546291,0,0,0,3,20,0,0,0,0,0.0002751641238219861,9.874868320287655e-06,0.0002751641238219861,-1,0,0,0,-1,1,0,0,0
2084,910,92.08052766048125,0,0,0,3,10,0,0,0,0,0.0002751641238219861,9.874868320287655e-06,0.0002751641238219861,-1,0,0,0,-1,1,0,0,0
2085,949,97.95617201295721,0,0,0,3,15,0,0,0,0,0.0002751641238219861,9.874868320287655e-06,0.0002751641238219861,-1,0,0,0,-1,1,0,0,0
2086,680,74.6989549777673,0,0,0,5,32,0,0,0,0,0.0002751641238219861,9.874868320287655e-06,0.0002751641238219861,-1,0,0,0,-1,1,0,0,0
2087,31482,138.2795039999006,0,0,0,1,9,0,0,0,0,0.0002751641238219861,9.874868320287655e-06,0.0002751641238219861,-1,0,0,0,-1,1,1,1,0
2088,1368,84.43724034071106,0,0,0,5,19,0,0,0,0,0.0002751641238219861,9.874868320287655e-06,0.0002751641238219861,-1,0,0,0,-1,1,0,0,0
2089,1580,70.99827286235003,0,0,0,6,35,0,0,0,0,0.0002751641238219861,9.874868320287655e-06,0.0002751641238219861,-1,0,0,0,-1,1,0,0,0
2090,434,95.89666342178197,0,0,0,4,25,0,0,0,0,0.0002751641238219861,9.874868320287655e-06,0.0002751641238219861,-1,0,0,0,-1,1,0,0,0
2091,0,66.79762264996376,0,0,0,0,1,0,0,0,0,0.0002751641238219861,9.874868320287655e-06,0.0002751641238219861,-1,0,0,0,-1,1,0,0,0
2092,29563,138.2795039996695,0,0,0,1,4,0,0,0,0,0.0002751641238219861,9.874868320287655e-06,0.0002751641238219861,-1,0,0,0,-1,1,1,1,0
2093,2289,73.02347720168277,0,0,0,7,41,0,0,0,0,0.0002751641238219861,9.874868320287655e-06,0.0002751641238219861,-1,0,0,0,-1,1,0,0,0
2094,0,78.18383167399317,0,0,0,2,20,0,0,0,0,0.0002751641238219861,9.874868320287655e-06,0.0002751641238219861,-1,0,0,0,-1,1,0,0,0
2095,29431,138.2795040007095,0,0,0,1,7,0,0,0,0,0.0002751641238219861,9.874868320287655e-06,0.0002751641238219861,-1,0,0,0,-1,1,1,1,0
2096,16,87.2937901456139,0,0,0,3,20,0,0,0,0,0.0002751641238219861,9.874868320287655e-06,0.0002751641238219861,-1,0,0,0,-1,1,0,0,0
2097,496,103.2724970143654,0,0,0,2,19,0,0,0,0,0.0002751641238219861,9.874868320287655e-06,0.0002751641238219861,-1,0,0,0,-1,1,0,0,0
2098,29986,138.2795040018753,0,0,0,1,7,0,0,0,0,0.0002751641238219861,9.874868320287655e-06,0.0002751641238219861,-1,0,0,0,-1,1,1,1,0
2099,30390,138.2795039832485,0,0,0,1,6,0,0,0,0,0.0002751641238219861,9.874868320287655e-06,0.0002751641238219861,-1,0,0,0,-1,1,1,1,0
2100,0,108.0109272495704,0,0,0,2,19,0,0,0,0,0.0002751641238219861,9.874868320287655e-06,0.0002751641238219861,-1,0,0,0,-1,1,0,0,0
2101,0,96.6949217915365,0,0,0,1,13,0,0,0,0,0.0002751641238219861,9.874868320287655e-06,0.0002751641238219861,-1,0,0,0,-1,1,0,0,0
2102,0,95.76137594076445,0,0,0,3,28,0,0,0,0,0.0002751641238219861,9.874868320287655e-06,0.0002751641238219861,-1,0,0,0,-1,1,0,0,0
2103,2910,73.43324133188599,0,0,0,5,19,0,0,0,0,0.0002751641238219861,9.874868320287655e-06,0.0002751641238219861,-1,0,0,0,-1,1,0,0,0
2104,0,80.35427564992031,0,0,0,1,8,0,0,0,0,0.0002751641238219861,9.874868320287655e-06,0.0002751641238219861,-1,0,0,0,-1,1,0,0,0
2105,31471,138.2795040018553,0,0,0,1,5,0,0,0,0,0.0002751641238219861,9.874868320287655e-06,0.0002751641238219861,-1,0,0,0,-1,1,1,1,0
2106,1700,85.0218661821591,0,0,0,6,26,0,0,0,0,0.0002751641238219861,9.874868320287655e-06,0.0002751641238219861,-1,0,0,0,-1,1,0,0,0
2107,28710,138.2795040049625,0,0,0,1,6,0,0,0,0,0.0002751641238219861,9.874868320287655e-06,0.0002751641238219861,-1,0,0,0,-1,1,1,1,0
2108,1391,91.04222416217964,0,0,0,5,22,0,0,0,0,0.0002751641238219861,9.874868320287655e-06,0.0002751641238219861,-1,0,0,0,-1,1,0,0,0
2109,168,60.54026264984167,0,0,0,2,17,0,0,0,0,0.0002751641238219861,9.874868320287655e-06,0.0002751641238219861,-1,0,0,0,-1,1,0,0,0
2110,29709,138.2795039987403,0,0,0,1,6,0,0,0,0,0.0002751641238219861,9.874868320287655e-06,0.0002751641238219861,-1,0,0,0,-1,1,1,1,0
2111,1146,70.66652063792353,0,0,0,6,28,0,0,0,0,0.0002751641238219861,9.874868320287655e-06,0.0002751641238219861,-1,0,0,0,-1,1,0,0,0
2112,1028,95.80977319164441,0,0,0,4,26,0,0,0,0,0.0002751641238219861,9.874868320287655e-06,0.0002751641238219861,-1,0,0,0,-1,1,0,0,0
2113,0,63.80990264867742,0,0,0,2,16,0,0,0,0,0.0002751641238219861,9.874868320287655e-06,0.0002751641238219861,-1,0,0,0,-1,1,0,0,0
2114,29616,138.2795039999991,0,0,0,1,8,0,0,0,0,0.0002751641238219861,9.874868320287655e-06,0.0002751641238219861,-1,0,0,0,-1,1,1,1,0
2115,249,80.36125598537133,0,0,0,3,23,0,0,0,0,0.0002751641238219861,9.874868320287655e-06,0.0002751641238219861,-1,0,0,0,-1,1,0,0,0
2116,29589,138.2795039952719,0,0,0,1,6,0,0,0,0,0.0002751641238219861,9.874868320287655e-06,0.0002751641238219861,-1,0,0,0,-1,1,1,1,0
2117,30756,138.2795040014051,0,0,0,1,5,0,0,0,0,0.0002751641238219861,9.874868320287655e-06,0.0002751641238219861,-1,0,0,0,-1,1,1,1,0
2118,0,107.9394779155556,0,0,0,2,14,0,0,0,0,0.0002751641238219861,9.874868320287655e-06,0.0002751641238219861,-1,0,0,0,-1,1,0,0,0
2119,3114,86.19595274119027,0,0,0,7,18,0,0,0,0,0.0002751641238219861,9.874868320287655e-06,0.0002751641238219861,-1,0,0,0,-1,1,0,0,0
2120,29024,138.2795039963784,0,0,0,1,5,0,0,0,0,0.0002751641238219861,9.874868320287655e-06,0.0002751641238219861,-1,0,0,0,-1,1,1,1,0
2121,3145,94.48946322184408,0,0,0,5,13,0,0,0,0,0.0002751641238219861,9.874868320287655e-06,0.0002751641238219861,-1,0,0,0,-1,1,0,0,0
2122,0,74.18455907487368,0,0,0,2,20,0,0,0,0,0.0002751641238219861,9.874868320287655e-06,0.0002751641238219861,-1,0,0,0,-1,1,0,0,0
2123,37,67.46284290283796,0,0,0,3,18,0,0,0,0,0.0002751641238219861,9.874868320287655e-06,0.0002751641238219861,-1,0,0,0,-1,1,0,0,0
2124,0,107.972655822892,0,0,0,2,14,0,0,0,0,0.0002751641238219861,9.874868320287655e-06,0.0002751641238219861,-1,0,0,0,-1,1,0,0,0
2125,29536,138.2795040000151,0,0,0,1,11,0,0,0,0,0.0002751641238219861,9.874868320287655e-06,0.0002751641238219861,-1,0,0,0,-1,1,1,1,0
2126,1202,105.291289214289,0,0,0,3,14,0,0,0,0,0.0002751641238219861,9.874868320287655e-06,0.0002751641238219861,-1,0,0,0,-1,1,0,0,0
2127,0,69.72551943283844,0,0,0,4,31,0,0,0,0,0.0002751641238219861,9.874868320287655e-06,0.0002751641238219861,-1,0,0,0,-1,1,0,0,0
2128,1273,74.16035568829379,0,0,0,4,11,0,0,0,0,0.0002751641238219861,9.874868320287655e-06,0.0002751641238219861,-1,0,0,0,-1,1,0,0,0
2129,30037,138.2795040023988,0,0,0,1,4,0,0,0,0,0.0002751641238219861,9.874868320287655e-06,0.0002751641238219861,-1,0,0,0,-1,1,1,1,0
2130,1006,83.7644820305628,0,0,0,5,19,0,0,0,0,0.0002751641238219861,9.874868320287655e-06,0.0002751641238219861,-1,0,0,0,-1,1,0,0,0
2131,29968,138.2795039927161,0,0,0,1,8,0,0,0,0,0.0002751641238219861,9.874868320287655e-06,0.0002751641238219861,-1,0,0,0,-1,1,1,1,0
2132,616,67.87130617588549,0,0,0,5,17,0,0,0,0,0.0002751641238219861,9.874868320287655e-06,0.0002751641238219861,-1,0,0,0,-1,1,0,0,0
2133,466,100.8483332165277,0,0,0,3,22,0,0,0,0,0.0002751641238219861,9.874868320287655e-06,0.0002751641238219861,-1,0,0,0,-1,1,0,0,0
2134,0,97.34179395299331,0,0,0,2,20,0,0,0,0,0.0002751641238219861,9.874868320287655e-06,0.0002751641238219861,-1,0,0,0,-1,1,0,0,0
2135,2529,66.16258266961046,0,0,0,7,24,0,0,0,0,0.0002751641238219861,9.874868320287655e-06,0.0002751641238219861,-1,0,0,0,-1,1,0,0,0
2136,0,103.2759908991788,0,0,0,3,24,0,0,0,0,0.0002751641238219861,9.874868320287655e-06,0.0002751641238219861,-1,0,0,0,-1,1,0,0,0
2137,1053,92.09220665708413,0,0,0,2,7,0,0,0,0,0.0002751641238219861,9.874868320287655e-06,0.0002751641238219861,-1,0,0,0,-1,1,0,0,0
2138,2110,58.60307008350333,0,0,0,6,31,0,0,0,0,0.0002751641238219861,9.874868320287655e-06,0.0002751641238219861,-1,0,0,0,-1,1,0,0,0
2139,1338,88.72752153265709,0,0,0,4,24,0,0,0,0,0.0002751641238219861,9.874868320287655e-06,0.0002751641238219861,-1,0,0,0,-1,1,0,0,0
2140,793,76.51892907131186,0,0,0,5,23,0,0,0,0,0.0002751641238219861,9.874868320287655e-06,0.0002751641238219861,-1,0,0,0,-1,1,0,0,0
2141,0,95.78321313356315,0,0,0,3,22,0,0,0,0,0.0002751641238219861,9.874868320287655e-06,0.0002751641238219861,-1,0,0,0,-1,1,0,0,0
2142,0,95.72563075905052,0,0,0,3,23,0,0,0,0,0.0002751641238219861,9.874868320287655e-06,0.0002751641238219861,-1,0,0,0,-1,1,0,0,0
2143,0,74.74297340837776,0,0,0,4,34,0,0,0,0,0.0002751641238219861,9.874868320287655e-06,0.0002751641238219861,-1,0,0,0,-1,1,0,0,0
2144,1949,82.2955701997976,0,0,0,5,27,0,0,0,0,0.0002751641238219861,9.874868320287655e-06,0.0002751641238219861,-1,0,0,0,-1,1,0,0,0
2145,421,95.66335078102269,0,0,0,4,22,0,0,0,0,0.0002751641238219861,9.874868320287655e-06,0.0002751641238219861,-1,0,0,0,-1,1,0,0,0
2146,1896,95.63764513444112,0,0,0,5,22,0,0,0,0,0.0002751641238219861,9.874868320287655e-06,0.0002751641238219861,-1,0,0,0,-1,1,0,0,0
2147,0,105.2175276655724,0,0,0,2,16,0,0,0,0,0.0002751641238219861,9.874868320287655e-06,0.0002751641238219861,-1,0,0,0,-1,1,0,0,0
2148,29678,138.2795040015599,0,0,0,1,7,0,0,0,0,0.0002751641238219861,9.874868320287655e-06,0.0002751641238219861,-1,0,0,0,-1,1,1,1,0
2149,30769,138.2795040084043,0,0,0,1,5,0,0,0,0,0.0002751641238219861,9.874868320287655e-06,0.0002751641238219861,-1,0,0,0,-1,1,1,1,0
2150,30671,138.2795040034616,0,0,0,1,8,0,0,0,0,0.0002751641238219861,9.874868320287655e-06,0.0002751641238219861,-1,0,0,0,-1,1,1,1,0
2151,30597,138.2795040072114,0,0,0,1,4,0,0,0,0,0.0002751641238219861,9.874868320287655e-06,0.0002751641238219861,-1,0,0,0,-1,1,1,1,0
2152,2806,85.86106944916065,0,0,0,5,26,0,0,0,0,0.0002751641238219861,9.874868320287655e-06,0.0002751641238219861,-1,0,0,0,-1,1,0,0,0
2153,0,79.52127578104589,0,0,0,1,9,0,0,0,0,0.0002751641238219861,9.874868320287655e-06,0.0002751641238219861,-1,0,0,0,-1,1,0,0,0
2154,1561,88.56598214310303,0,0,0,4,28,0,0,0,0,0.0002751641238219861,9.874868320287655e-06,0.0002751641238219861,-1,0,0,0,-1,1,0,0,0
2155,30055,138.2795040017886,0,0,0,1,8,0,0,0,0,0.0002751641238219861,9.874868320287655e-06,0.0002751641238219861,-1,0,0,0,-1,1,1,1,0
2156,29542,138.2795040003873,0,0,0,1,5,0,0,0,0,0.0002751641238219861,9.874868320287655e-06,0.0002751641238219861,-1,0,0,0,-1,1,1,1,0
2157,1593,95.33390531229945,0,0,0,2,14,0,0,0,0,0.0002751641238219861,9.874868320287655e-06,0.0002751641238219861,-1,0,0,0,-1,1,0,0,0
2158,1872,67.20216089431197,0,0,0,6,34,0,0,0,0,0.0002751641238219861,9.874868320287655e-06,0.0002751641238219861,-1,0,0,0,-1,1,0,0,0
2159,860,85.78299290623646,0,0,0,4,21,0,0,0,0,0.0002751641238219861,9.874868320287655e-06,0.0002751641238219861,-1,0,0,0,-1,1,0,0,0
2160,30721,140.5038770000068,0,0,0,1,7,0,0,0,0,0.0002751641238219861,9.874868320287655e-06,0.0002751641238219861,-1,0,0,0,-1,1,1,1,0
2161,1009,67.98533997488299,0,0,0,6,36,0,0,0,0,0.0002751641238219861,9.874868320287655e-06,0.0002751641238219861,-1,0,0,0,-1,1,0,0,0
2162,28780,140.5038769970114,0,0,0,1,5,0,0,0,0,0.0002751641238219861,9.874868320287655e-06,0.0002751641238219861,-1,0,0,0,-1,1,1,1,0
2163,30217,138.2795040029769,0,0,0,1,7,0,0,0,0,0.0002751641238219861,9.874868320287655e-06,0.0002751641238219861,-1,0,0,0,-1,1,1,1,0
2164,515,107.6585019873234,0,0,0,2,19,0,0,0,0,0.0002751641238219861,9.874868320287655e-06,0.0002751641238219861,-1,0,0,0,-1,1,0,0,0
2165,865,87.08334559410514,0,0,0,4,31,0,0,0,0,0.0002751641238219861,9.874868320287655e-06,0.0002751641238219861,-1,0,0,0,-1,1,0,0,0
2166,1478,98.9206062843533,0,0,0,4,28,0,0,0,0,0.0002751641238219861,9.874868320287655e-06,0.0002751641238219861,-1,0,0,0,-1,1,0,0,0
2167,30968,138.2795039997761,0,0,0,1,12,0,0,0,0,0.0002751641238219861,9.874868320287655e-06,0.0002751641238219861,-1,0,0,0,-1,1,1,1,0
2168,30943,138.2795039996674,0,0,0,1,9,0,0,0,0,0.0002751641238219861,9.874868320287655e-06,0.0002751641238219861,-1,0,0,0,-1,1,1,1,0
2169,645,91.84699877803175,0,0,0,3,19,0,0,0,0,0.0002751641238219861,9.874868320287655e-06,0.0002751641238219861,-1,0,0,0,-1,1,0,0,0
2170,0,84.38726264927159,0,0,0,1,9,0,0,0,0,0.0002751641238219861,9.874868320287655e-06,0.0002751641238219861,-1,0,0,0,-1,1,0,0,0
2171,29986,138.2795039978466,0,0,0,1,9,0,0,0,0,0.0002751641238219861,9.874868320287655e-06,0.0002751641238219861,-1,0,0,0,-1,1,1,1,0
2172,46,85.2298027483528,0,0,0,4,24,0,0,0,0,0.0002751641238219861,9.874868320287655e-06,0.0002751641238219861,-1,0,0,0,-1,1,0,0,0
2173,30916,138.2795040000372,0,0,0,1,5,0,0,0,0,0.0002751641238219861,9.874868320287655e-06,0.0002751641238219861,-1,0,0,0,-1,1,1,1,0
2174,30229,138.2795039984925,0,0,0,1,6,0,0,0,0,0.0002751641238219861,9.874868320287655e-06,0.0002751641238219861,-1,0,0,0,-1,1,1,1,0
2175,1504,89.50008676945967,0,0,0,3,6,0,0,0,0,0.0002751641238219861,9.874868320287655e-06,0.0002751641238219861,-1,0,0,0,-1,1,0,0,0
2176,883,79.70258310697595,0,0,0,3,17,0,0,0,0,0.0002751641238219861,9.874868320287655e-06,0.0002751641238219861,-1,0,0,0,-1,1,0,0,0
2177,28937,138.2795040066032,0,0,0,1,6,0,0,0,0,0.0002751641238219861,9.874868320287655e-06,0.0002751641238219861,-1,0,0,0,-1,1,1,1,0
2178,29866,138.2795039984939,0,0,0,1,4,0,0,0,0,0.0002751641238219861,9.874868320287655e-06,0.0002751641238219861,-1,0,0,0,-1,1,1,1,0
2179,0,75.15082162190711,0,0,0,4,36,0,0,0,0,0.0002751641238219861,9.874868320287655e-06,0.0002751641238219861,-1,0,0,0,-1,1,0,0,0
2180,0,85.17803306651886,0,0,0,4,24,0,0,0,0,0.0002751641238219861,9.874868320287655e-06,0.0002751641238219861,-1,0,0,0,-1,1,0,0,0
2181,391,88.58511223218991,0,0,0,4,27,0,0,0,0,0.0002751641238219861,9.874868320287655e-06,0.0002751641238219861,-1,0,0,0,-1,1,0,0,0
2182,0,79.48074061360252,0,0,0,1,14,0,0,0,0,0.0002751641238219861,9.874868320287655e-06,0.0002751641238219861,-1,0,0,0,-1,1,0,0,0
2183,0,73.5352239053442,0,0,0,3,25,0,0,0,0,0.0002751641238219861,9.874868320287655e-06,0.0002751641238219861,-1,0,0,0,-1,1,0,0,0
2184,30033,138.2795040019913,0,0,0,1,2,0,0,0,0,0.0002751641238219861,9.874868320287655e-06,0.0002751641238219861,-1,0,0,0,-1,1,1,1,0
2185,0,84.3872626499568,0,0,0,1,14,0,0,0,0,0.0002751641238219861,9.874868320287655e-06,0.0002751641238219861,-1,0,0,0,-1,1,0,0,0
2186,1266,85.01516147248783,0,0,0,6,40,0,0,0,0,0.0002751641238219861,9.874868320287655e-06,0.0002751641238219861,-1,0,0,0,-1,1,0,0,0
2187,0,106.7527300838141,0,0,0,1,8,0,0,0,0,0.0002751641238219861,9.874868320287655e-06,0.0002751641238219861,-1,0,0,0,-1,1,0,0,0
2188,2044,72.64953199928514,0,0,0,5,25,0,0,0,0,0.0002751641238219861,9.874868320287655e-06,0.0002751641238219861,-1,0,0,0,-1,1,0,0,0
2189,1724,104.0138247256159,0,0,0,2,12,0,0,0,0,0.0002751641238219861,9.874868320287655e-06,0.0002751641238219861,-1,0,0,0,-1,1,0,0,0
2190,1693,72.91071458710556,0,0,0,6,26,0,0,0,0,0.0002751641238219861,9.874868320287655e-06,0.0002751641238219861,-1,0,0,0,-1,1,0,0,0
2191,29446,138.2795040081305,0,0,0,1,5,0,0,0,0,0.0002751641238219861,9.874868320287655e-06,0.0002751641238219861,-1,0,0,0,-1,1,1,1,0
2192,455,61.58258358077908,0,0,0,6,25,0,0,0,0,0.0002751641238219861,9.874868320287655e-06,0.0002751641238219861,-1,0,0,0,-1,1,0,0,0
2193,880,74.98366246472247,0,0,0,4,25,0,0,0,0,0.0002751641238219861,9.874868320287655e-06,0.0002751641238219861,-1,0,0,0,-1,1,0,0,0
2194,29852,138.2795040057559,0,0,0,1,4,0,0,0,0,0.0002751641238219861,9.874868320287655e-06,0.0002751641238219861,-1,0,0,0,-1,1,1,1,0
2195,0,89.35452142933445,0,0,0,2,23,0,0,0,0,0.0002751641238219861,9.874868320287655e-06,0.0002751641238219861,-1,0,0,0,-1,1,0,0,0
2196,1290,71.82777409469738,0,0,0,4,27,0,0,0,0,0.0002751641238219861,9.874868320287655e-06,0.0002751641238219861,-1,0,0,0,-1,1,0,0,0
2197,1816,75.54281239473679,0,0,0,5,24,0,0,0,0,0.0002751641238219861,9.874868320287655e-06,0.0002751641238219861,-1,0,0,0,-1,1,0,0,0
2198,0,84.42308294717576,0,0,0,1,11,0,0,0,0,0.0002751641238219861,9.874868320287655e-06,0.0002751641238219861,-1,0,0,0,-1,1,0,0,0
2199,1022,98.11121047211529,0,0,0,3,17,0,0,0,0,0.0002751641238219861,9.874868320287655e-06,0.0002751641238219861,-1,0,0,0,-1,1,0,0,0
2200,1732,95.72497626795099,0,0,0,4,32,0,0,0,0,0.0002751641238219861,9.874868320287655e-06,0.0002751641238219861,-1,0,0,0,-1,1,0,0,0
2201,1278,91.85687600638951,0,0,0,3,19,0,0,0,0,0.0002751641238219861,9.874868320287655e-06,0.0002751641238219861,-1,0,0,0,-1,1,0,0,0
2202,0,58.3666617341598,0,0,0,2,19,0,0,0,0,0.0002751641238219861,9.874868320287655e-06,0.0002751641238219861,-1,0,0,0,-1,1,0,0,0
2203,6,82.28489047569467,0,0,0,4,21,0,0,0,0,0.0002751641238219861,9.874868320287655e-06,0.0002751641238219861,-1,0,0,0,-1,1,0,0,0
2204,0,76.88090879048229,0,0,0,1,12,0,0,0,0,0.0002751641238219861,9.874868320287655e-06,0.0002751641238219861,-1,0,0,0,-1,1,0,0,0
2205,30480,138.2795039997393,0,0,0,1,9,0,0,0,0,0.0002751641238219861,9.874868320287655e-06,0.0002751641238219861,-1,0,0,0,-1,1,1,1,0
2206,598,100.8831660520627,0,0,0,3,17,0,0,0,0,0.0002751641238219861,9.874868320287655e-06,0.0002751641238219861,-1,0,0,0,-1,1,0,0,0
2207,30272,138.279504008777,0,0,0,1,5,0,0,0,0,0.0002751641238219861,9.874868320287655e-06,0.0002751641238219861,-1,0,0,0,-1,1,1,1,0
2208,29017,138.2795040026449,0,0,0,1,4,0,0,0,0,0.0002751641238219861,9.874868320287655e-06,0.0002751641238219861,-1,0,0,0,-1,1,1,1,0
2209,31143,138.2795039998957,0,0,0,1,5,0,0,0,0,0.0002751641238219861,9.874868320287655e-06,0.0002751641238219861,-1,0,0,0,-1,1,1,1,0
2210,296,67.39042801775948,0,0,0,2,9,0,0,0,0,0.0002751641238219861,9.874868320287655e-06,0.0002751641238219861,-1,0,0,0,-1,1,0,0,0
2211,2289,108.4103360156675,0,0,0,3,13,0,0,0,0,0.0002751641238219861,9.874868320287655e-06,0.0002751641238219861,-1,0,0,0,-1,1,0,0,0
2212,3303,88.35769315221418,0,0,0,7,29,0,0,0,0,0.0002751641238219861,9.874868320287655e-06,0.0002751641238219861,-1,0,0,0,-1,1,0,0,0
2213,1247,91.7932973609808,0,0,0,5,19,0,0,0,0,0.0002751641238219861,9.874868320287655e-06,0.0002751641238219861,-1,0,0,0,-1,1,0,0,0
2214,0,80.40616662513513,0,0,0,2,13,0,0,0,0,0.0002751641238219861,9.874868320287655e-06,0.0002751641238219861,-1,0,0,0,-1,1,0,0,0
2215,123,98.19620235801702,0,0,0,3,26,0,0,0,0,0.0002751641238219861,9.874868320287655e-06,0.0002751641238219861,-1,0,0,0,-1,1,0,0,0
2216,1566,107.9267875182668,0,0,0,3,16,0,0,0,0,0.0002751641238219861,9.874868320287655e-06,0.0002751641238219861,-1,0,0,0,-1,1,0,0,0
2217,0,62.7646356499669,0,0,0,0,0,0,0,0,0,0.0002751641238219861,9.874868320287655e-06,0.0002751641238219861,-1,0,0,0,-1,1,0,0,0
2218,377,108.0025017309753,0,0,0,2,23,0,0,0,0,0.0002751641238219861,9.874868320287655e-06,0.0002751641238219861,-1,0,0,0,-1,1,0,0,0
2219,30038,138.2795039873256,0,0,0,1,7,0,0,0,0,0.0002751641238219861,9.874868320287655e-06,0.0002751641238219861,-1,0,0,0,-1,1,1,1,0
2220,1408,70.16220705411696,0,0,0,5,36,0,0,0,0,0.0002751641238219861,9.874868320287655e-06,0.0002751641238219861,-1,0,0,0,-1,1,0,0,0
2221,30911,138.2795040026026,0,0,0,1,6,0,0,0,0,0.0002751641238219861,9.874868320287655e-06,0.0002751641238219861,-1,0,0,0,-1,1,1,1,0
2222,0,78.18825069925842,0,0,0,2,15,0,0,0,0,0.0002751641238219861,9.874868320287655e-06,0.0002751641238219861,-1,0,0,0,-1,1,0,0,0
2223,4243,83.67133816884891,0,0,0,6,15,0,0,0,0,0.0002751641238219861,9.874868320287655e-06,0.0002751641238219861,-1,0,0,0,-1,1,0,0,0
2224,236,71.95015102259123,0,0,0,4,38,0,0,0,0,0.0002751641238219861,9.874868320287655e-06,0.0002751641238219861,-1,0,0,0,-1,1,0,0,0
2225,1820,98.21770550479125,0,0,0,3,28,0,0,0,0,0.0002751641238219861,9.874868320287655e-06,0.0002751641238219861,-1,0,0,0,-1,1,0,0,0
2226,30559,138.2795039992858,0,0,0,1,6,0,0,0,0,0.0002751641238219861,9.874868320287655e-06,0.0002751641238219861,-1,0,0,0,-1,1,1,1,0
2227,411,90.00563882450675,0,0,0,4,4,0,0,0,0,0.0002751641238219861,9.874868320287655e-06,0.0002751641238219861,-1,0,0,0,-1,1,0,0,0
2228,589,107.9400100916397,0,0,0,2,24,0,0,0,0,0.0002751641238219861,9.874868320287655e-06,0.0002751641238219861,-1,0,0,0,-1,1,0,0,0
2229,1331,62.92175059697524,0,0,0,5,24,0,0,0,0,0.0002751641238219861,9.874868320287655e-06,0.0002751641238219861,-1,0,0,0,-1,1,0,0,0
2230,2637,83.90132495138533,0,0,0,4,15,0,0,0,0,0.0002751641238219861,9.874868320287655e-06,0.0002751641238219861,-1,0,0,0,-1,1,0,0,0
2231,29300,138.2795039990313,0,0,0,1,3,0,0,0,0,0.0002751641238219861,9.874868320287655e-06,0.0002751641238219861,-1,0,0,0,-1,1,1,1,0
2232,2510,89.21885012105616,0,0,0,6,32,0,0,0,0,0.0002751641238219861,9.874868320287655e-06,0.0002751641238219861,-1,0,0,0,-1,1,0,0,0
2233,0,95.79703665306231,0,0,0,3,19,0,0,0,0,0.0002751641238219861,9.874868320287655e-06,0.0002751641238219861,-1,0,0,0,-1,1,0,0,0
2234,29432,138.2795039958014,0,0,0,1,7,0,0,0,0,0.0002751641238219861,9.874868320287655e-06,0.0002751641238219861,-1,0,0,0,-1,1,1,1,0
2235,3407,74.95469807763641,0,0,0,6,23,0,0,0,0,0.0002751641238219861,9.874868320287655e-06,0.0002751641238219861,-1,0,0,0,-1,1,0,0,0
2236,30106,138.2795040043125,0,0,0,1,5,0,0,0,0,0.0002751641238219861,9.874868320287655e-06,0.0002751641238219861,-1,0,0,0,-1,1,1,1,0
2237,0,86.85475873133588,0,0,0,1,8,0,0,0,0,0.0002751641238219861,9.874868320287655e-06,0.0002751641238219861,-1,0,0,0,-1,1,0,0,0
2238,539,80.25653770993671,0,0,0,2,8,0,0,0,0,0.0002751641238219861,9.874868320287655e-06,0.0002751641238219861,-1,0,0,0,-1,1,0,0,0
2239,30561,138.2795040017961,0,0,0,1,10,0,0,0,0,0.0002751641238219861,9.874868320287655e-06,0.0002751641238219861,-1,0,0,0,-1,1,1,1,0
2240,0,108.0126475130738,0,0,0,2,23,0,0,0,0,0.0002751641238219861,9.874868320287655e-06,0.0002751641238219861,-1,0,0,0,-1,1,0,0,0
2241,695,88.69018526147889,0,0,0,5,31,0,0,0,0,0.0002751641238219861,9.874868320287655e-06,0.0002751641238219861,-1,0,0,0,-1,1,0,0,0
2242,1597,75.03662123802206,0,0,0,5,24,0,0,0,0,0.0002751641238219861,9.874868320287655e-06,0.0002751641238219861,-1,0,0,0,-1,1,0,0,0
2243,2076,96.10391987088984,0,0,0,4,20,0,0,0,0,0.0002751641238219861,9.874868320287655e-06,0.0002751641238219861,-1,0,0,0,-1,1,0,0,0
2244,0,108.0131095736608,0,0,0,2,13,0,0,0,0,0.0002751641238219861,9.874868320287655e-06,0.0002751641238219861,-1,0,0,0,-1,1,0,0,0
2245,96,70.93339685675669,0,0,0,3,15,0,0,0,0,0.0002751641238219861,9.874868320287655e-06,0.0002751641238219861,-1,0,0,0,-1,1,0,0,0
2246,1379,65.21583623004587,0,0,0,7,26,0,0,0,0,0.0002751641238219861,9.874868320287655e-06,0.0002751641238219861,-1,0,0,0,-1,1,0,0,0
2247,30980,138.2795040000205,0,0,0,1,6,0,0,0,0,0.0002751641238219861,9.874868320287655e-06,0.0002751641238219861,-1,0,0,0,-1,1,1,1,0
2248,31326,138.2795039928344,0,0,0,1,8,0,0,0,0,0.0002751641238219861,9.874868320287655e-06,0.0002751641238219861,-1,0,0,0,-1,1,1,1,0
2249,31685,138.2795040002516,0,0,0,1,8,0,0,0,0,0.0002751641238219861,9.874868320287655e-06,0.0002751641238219861,-1,0,0,0,-1,1,1,1,0
2250,1703,88.66568295920048,0,0,0,5,28,0,0,0,0,0.0002751641238219861,9.874868320287655e-06,0.0002751641238219861,-1,0,0,0,-1,1,0,0,0
2251,0,74.20382922033325,0,0,0,2,20,0,0,0,0,0.0002751641238219861,9.874868320287655e-06,0.0002751641238219861,-1,0,0,0,-1,1,0,0,0
2252,1310,76.49487528742563,0,0,0,6,22,0,0,0,0,0.0002751641238219861,9.874868320287655e-06,0.0002751641238219861,-1,0,0,0,-1,1,0,0,0
2253,2526,68.25088961191352,0,0,0,3,7,0,0,0,0,0.0002751641238219861,9.874868320287655e-06,0.0002751641238219861,-1,0,0,0,-1,1,0,0,0
2254,3221,81.4079390783706,0,0,0,5,20,0,0,0,0,0.0002751641238219861,9.874868320287655e-06,0.0002751641238219861,-1,0,0,0,-1,1,0,0,0
2255,50,95.73203284240249,0,0,0,3,22,0,0,0,0,0.0002751641238219861,9.874868320287655e-06,0.0002751641238219861,-1,0,0,0,-1,1,0,0,0
2256,152,82.82177173133501,0,0,0,2,16,0,0,0,0,0.0002751641238219861,9.874868320287655e-06,0.0002751641238219861,-1,0,0,0,-1,1,0,0,0
2257,1064,87.04190720971255,0,0,0,3,20,0,0,0,0,0.0002751641238219861,9.874868320287655e-06,0.0002751641238219861,-1,0,0,0,-1,1,0,0,0
2258,0,80.59739873063135,0,0,0,2,13,0,0,0,0,0.0002751641238219861,9.874868320287655e-06,0.0002751641238219861,-1,0,0,0,-1,1,0,0,0
2259,29966,138.2795040146319,0,0,0,1,4,0,0,0,0,0.0002751641238219861,9.874868320287655e-06,0.0002751641238219861,-1,0,0,0,-1,1,1,1,0
2260,0,71.22042361305594,0,0,0,3,21,0,0,0,0,0.0002751641238219861,9.874868320287655e-06,0.0002751641238219861,-1,0,0,0,-1,1,0,0,0
2261,0,95.80428336143014,0,0,0,3,32,0,0,0,0,0.0002751641238219861,9.874868320287655e-06,0.0002751641238219861,-1,0,0,0,-1,1,0,0,0
2262,0,95.79231210616302,0,0,0,3,26,0,0,0,0,0.0002751641238219861,9.874868320287655e-06,0.0002751641238219861,-1,0,0,0,-1,1,0,0,0
2263,1142,60.46137527484378,0,0,0,2,9,0,0,0,0,0.0002751641238219861,9.874868320287655e-06,0.0002751641238219861,-1,0,0,0,-1,1,0,0,0
2264,296,95.70347874494556,0,0,0,4,34,0,0,0,0,0.0002751641238219861,9.874868320287655e-06,0.0002751641238219861,-1,0,0,0,-1,1,0,0,0
2265,29079,140.5038770003569,0,0,0,1,4,0,0,0,0,0.0002751641238219861,9.874868320287655e-06,0.0002751641238219861,-1,0,0,0,-1,1,1,1,0
2266,2184,69.84676388034499,0,0,0,7,23,0,0,0,0,0.0002751641238219861,9.874868320287655e-06,0.0002751641238219861,-1,0,0,0,-1,1,0,0,0
2267,249,78.41196499471029,0,0,0,3,31,0,0,0,0,0.0002751641238219861,9.874868320287655e-06,0.0002751641238219861,-1,0,0,0,-1,1,0,0,0
2268,1376,95.81570353962782,0,0,0,4,16,0,0,0,0,0.0002751641238219861,9.874868320287655e-06,0.0002751641238219861,-1,0,0,0,-1,1,0,0,0
2269,29003,138.2795040054137,0,0,0,1,4,0,0,0,0,0.0002751641238219861,9.874868320287655e-06,0.0002751641238219861,-1,0,0,0,-1,1,1,1,0
2270,1667,77.36072741789579,0,0,0,5,30,0,0,0,0,0.0002751641238219861,9.874868320287655e-06,0.0002751641238219861,-1,0,0,0,-1,1,0,0,0
2271,0,90.77577023771326,0,0,0,3,15,0,0,0,0,0.0002751641238219861,9.874868320287655e-06,0.0002751641238219861,-1,0,0,0,-1,1,0,0,0
2272,31285,138.2795040088129,0,0,0,1,6,0,0,0,0,0.0002751641238219861,9.874868320287655e-06,0.0002751641238219861,-1,0,0,0,-1,1,1,1,0
2273,1038,88.6048950186254,0,0,0,4,13,0,0,0,0,0.0002751641238219861,9.874868320287655e-06,0.0002751641238219861,-1,0,0,0,-1,1,0,0,0
2274,32206,138.2795040046353,0,0,0,1,3,0,0,0,0,0.0002751641238219861,9.874868320287655e-06,0.0002751641238219861,-1,0,0,0,-1,1,1,1,0
2275,29732,138.2795040011183,0,0,0,1,7,0,0,0,0,0.0002751641238219861,9.874868320287655e-06,0.0002751641238219861,-1,0,0,0,-1,1,1,1,0
2276,0,89.32225481270785,0,0,0,1,7,0,0,0,0,0.0002751641238219861,9.874868320287655e-06,0.0002751641238219861,-1,0,0,0,-1,1,0,0,0
2277,2768,93.63439402940999,0,0,0,6,18,0,0,0,0,0.0002751641238219861,9.874868320287655e-06,0.0002751641238219861,-1,0,0,0,-1,1,0,0,0
2278,2077,95.83539952191752,0,0,0,3,17,0,0,0,0,0.0002751641238219861,9.874868320287655e-06,0.0002751641238219861,-1,0,0,0,-1,1,0,0,0
2279,1800,85.64336820877136,0,0,0,4,24,0,0,0,0,0.0002751641238219861,9.874868320287655e-06,0.0002751641238219861,-1,0,0,0,-1,1,0,0,0
2280,30042,138.2795039953222,0,0,0,1,6,0,0,0,0,0.0002751641238219861,9.874868320287655e-06,0.0002751641238219861,-1,0,0,0,-1,1,1,1,0
2281,1389,80.60645016489927,0,0,0,4,29,0,0,0,0,0.0002751641238219861,9.874868320287655e-06,0.0002751641238219861,-1,0,0,0,-1,1,0,0,0
2282,29877,138.2795039908489,0,0,0,1,5,0,0,0,0,0.0002751641238219861,9.874868320287655e-06,0.0002751641238219861,-1,0,0,0,-1,1,1,1,0
2283,1115,104.1809027350952,0,0,0,2,12,0,0,0,0,0.0002751641238219861,9.874868320287655e-06,0.0002751641238219861,-1,0,0,0,-1,1,0,0,0
2284,0,97.94391564907241,0,0,0,2,16,0,0,0,0,0.0002751641238219861,9.874868320287655e-06,0.0002751641238219861,-1,0,0,0,-1,1,0,0,0
2285,0,90.47709357853167,0,0,0,2,17,0,0,0,0,0.0002751641238219861,9.874868320287655e-06,0.0002751641238219861,-1,0,0,0,-1,1,0,0,0
2286,937,78.61260680541832,0,0,0,4,19,0,0,0,0,0.0002751641238219861,9.874868320287655e-06,0.0002751641238219861,-1,0,0,0,-1,1,0,0,0
2287,0,66.03427564996262,0,0,0,1,7,0,0,0,0,0.0002751641238219861,9.874868320287655e-06,0.0002751641238219861,-1,0,0,0,-1,1,0,0,0
2288,0,96.74138100783075,0,0,0,1,10,0,0,0,0,0.0002751641238219861,9.874868320287655e-06,0.0002751641238219861,-1,0,0,0,-1,1,0,0,0
2289,3037,74.74550787280674,0,0,0,7,27,0,0,0,0,0.0002751641238219861,9.874868320287655e-06,0.0002751641238219861,-1,0,0,0,-1,1,0,0,0
2290,29709,138.2795039993718,0,0,0,1,2,0,0,0,0,0.0002751641238219861,9.874868320287655e-06,0.0002751641238219861,-1,0,0,0,-1,1,1,1,0
2291,1542,88.5858381786292,0,0,0,5,23,0,0,0,0,0.0002751641238219861,9.874868320287655e-06,0.0002751641238219861,-1,0,0,0,-1,1,0,0,0
2292,417,59.09810399252475,0,0,0,5,28,0,0,0,0,0.0002751641238219861,9.874868320287655e-06,0.0002751641238219861,-1,0,0,0,-1,1,0,0,0
2293,1277,105.4052110632608,0,0,0,3,21,0,0,0,0,0.0002751641238219861,9.874868320287655e-06,0.0002751641238219861,-1,0,0,0,-1,1,0,0,0
2294,0,95.73963998000094,0,0,0,3,25,0,0,0,0,0.0002751641238219861,9.874868320287655e-06,0.0002751641238219861,-1,0,0,0,-1,1,0,0,0
2295,3257,76.51549729496007,0,0,0,5,16,0,0,0,0,0.0002751641238219861,9.874868320287655e-06,0.0002751641238219861,-1,0,0,0,-1,1,0,0,0
2296,554,75.2464788972988,0,0,0,5,18,0,0,0,0,0.0002751641238219861,9.874868320287655e-06,0.0002751641238219861,-1,0,0,0,-1,1,0,0,0
2297,30486,138.2795039915854,0,0,0,1,7,0,0,0,0,0.0002751641238219861,9.874868320287655e-06,0.0002751641238219861,-1,0,0,0,-1,1,1,1,0
2298,3,85.76983749058847,0,0,0,3,19,0,0,0,0,0.0002751641238219861,9.874868320287655e-06,0.0002751641238219861,-1,0,0,0,-1,1,0,0,0
2299,639,103.9001179317785,0,0,0,3,12,0,0,0,0,0.0002751641238219861,9.874868320287655e-06,0.0002751641238219861,-1,0,0,0,-1,1,0,0,0
2300,136,85.0085096338608,0,0,0,4,23,0,0,0,0,0.0002751641238219861,9.874868320287655e-06,0.0002751641238219861,-1,0,0,0,-1,1,0,0,0
2301,3872,71.70634106882551,0,0,0,6,15,0,0,0,0,0.0002751641238219861,9.874868320287655e-06,0.0002751641238219861,-1,0,0,0,-1,1,0,0,0
2302,0,103.3090561458221,0,0,0,3,37,0,0,0,0,0.0002751641238219861,9.874868320287655e-06,0.0002751641238219861,-1,0,0,0,-1,1,0,0,0
2303,31203,138.279503998657,0,0,0,1,1,0,0,0,0,0.0002751641238219861,9.874868320287655e-06,0.0002751641238219861,-1,0,0,0,-1,1,1,1,0
2304,28775,138.2795040022298,0,0,0,1,4,0,0,0,0,0.0002751641238219861,9.874868320287655e-06,0.0002751641238219861,-1,0,0,0,-1,1,1,1,0
2305,307,97.94391564987036,0,0,0,3,18,0,0,0,0,0.0002751641238219861,9.874868320287655e-06,0.0002751641238219861,-1,0,0,0,-1,1,0,0,0
2306,30273,138.2795040020865,0,0,0,1,3,0,0,0,0,0.0002751641238219861,9.874868320287655e-06,0.0002751641238219861,-1,0,0,0,-1,1,1,1,0
2307,788,71.37314560125481,0,0,0,5,29,0,0,0,0,0.0002751641238219861,9.874868320287655e-06,0.0002751641238219861,-1,0,0,0,-1,1,0,0,0
2308,3598,83.55830501734093,0,0,0,7,18,0,0,0,0,0.0002751641238219861,9.874868320287655e-06,0.0002751641238219861,-1,0,0,0,-1,1,0,0,0
2309,1938,74.24420256464184,0,0,0,6,25,0,0,0,0,0.0002751641238219861,9.874868320287655e-06,0.0002751641238219861,-1,0,0,0,-1,1,0,0,0
2310,1182,80.41145651538095,0,0,0,2,13,0,0,0,0,0.0002751641238219861,9.874868320287655e-06,0.0002751641238219861,-1,0,0,0,-1,1,0,0,0
2311,716,83.59333705052109,0,0,0,4,34,0,0,0,0,0.0002751641238219861,9.874868320287655e-06,0.0002751641238219861,-1,0,0,0,-1,1,0,0,0
2312,0,69.64816964748606,0,0,0,4,29,0,0,0,0,0.0002751641238219861,9.874868320287655e-06,0.0002751641238219861,-1,0,0,0,-1,1,0,0,0
2313,0,53.8675086670604,0,0,0,5,36,0,0,0,0,0.0002751641238219861,9.874868320287655e-06,0.0002751641238219861,-1,0,0,0,-1,1,0,0,0
2314,31016,138.2795040017076,0,0,0,1,4,0,0,0,0,0.0002751641238219861,9.874868320287655e-06,0.0002751641238219861,-1,0,0,0,-1,1,1,1,0
2315,2163,93.4032089953833,0,0,0,6,26,0,0,0,0,0.0002751641238219861,9.874868320287655e-06,0.0002751641238219861,-1,0,0,0,-1,1,0,0,0
2316,46,68.75943477352888,0,0,0,4,31,0,0,0,0,0.0002751641238219861,9.874868320287655e-06,0.0002751641238219861,-1,0,0,0,-1,1,0,0,0
2317,4487,70.31924849957377,0,0,0,8,31,0,0,0,0,0.0002751641238219861,9.874868320287655e-06,0.0002751641238219861,-1,0,0,0,-1,1,0,0,0
2318,31102,138.2795040031429,0,0,0,1,3,0,0,0,0,0.0002751641238219861,9.874868320287655e-06,0.0002751641238219861,-1,0,0,0,-1,1,1,1,0
2319,30331,138.2795040080225,0,0,0,1,5,0,0,0,0,0.0002751641238219861,9.874868320287655e-06,0.0002751641238219861,-1,0,0,0,-1,1,1,1,0
2320,969,69.58975354620567,0,0,0,5,41,0,0,0,0,0.0002751641238219861,9.874868320287655e-06,0.0002751641238219861,-1,0,0,0,-1,1,0,0,0
2321,1259,80.4296823484766,0,0,0,2,11,0,0,0,0,0.0002751641238219861,9.874868320287655e-06,0.0002751641238219861,-1,0,0,0,-1,1,0,0,0
2322,29815,140.5038769982954,0,0,0,1,1,0,0,0,0,0.0002751641238219861,9.874868320287655e-06,0.0002751641238219861,-1,0,0,0,-1,1,1,1,0
2323,2593,95.77353103559972,0,0,0,5,18,0,0,0,0,0.0002751641238219861,9.874868320287655e-06,0.0002751641238219861,-1,0,0,0,-1,1,0,0,0
2324,0,78.12990264991242,0,0,0,2,13,0,0,0,0,0.0002751641238219861,9.874868320287655e-06,0.0002751641238219861,-1,0,0,0,-1,1,0,0,0
2325,30543,138.2795039961129,0,0,0,1,6,0,0,0,0,0.0002751641238219861,9.874868320287655e-06,0.0002751641238219861,-1,0,0,0,-1,1,1,1,0
2326,1043,80.12513140809418,0,0,0,5,31,0,0,0,0,0.0002751641238219861,9.874868320287655e-06,0.0002751641238219861,-1,0,0,0,-1,1,0,0,0
2327,803,83.58798491440992,0,0,0,4,19,0,0,0,0,0.0002751641238219861,9.874868320287655e-06,0.0002751641238219861,-1,0,0,0,-1,1,0,0,0
2328,29297,138.2795039975153,0,0,0,1,6,0,0,0,0,0.0002751641238219861,9.874868320287655e-06,0.0002751641238219861,-1,0,0,0,-1,1,1,1,0
2329,30245,138.2795039943812,0,0,0,1,4,0,0,0,0,0.0002751641238219861,9.874868320287655e-06,0.0002751641238219861,-1,0,0,0,-1,1,1,1,0
2330,30954,138.2795040015829,0,0,0,1,8,0,0,0,0,0.0002751641238219861,9.874868320287655e-06,0.0002751641238219861,-1,0,0,0,-1,1,1,1,0
2331,30033,138.2795040042834,0,0,0,1,4,0,0,0,0,0.0002751641238219861,9.874868320287655e-06,0.0002751641238219861,-1,0,0,0,-1,1,1,1,0
2332,962,77.81537998244357,0,0,0,5,23,0,0,0,0,0.0002751641238219861,9.874868320287655e-06,0.0002751641238219861,-1,0,0,0,-1,1,0,0,0
2333,1351,65.41279631295809,0,0,0,6,20,0,0,0,0,0.0002751641238219861,9.874868320287655e-06,0.0002751641238219861,-1,0,0,0,-1,1,0,0,0
2334,3259,98.26394093862436,0,0,0,3,23,0,0,0,0,0.0002751641238219861,9.874868320287655e-06,0.0002751641238219861,-1,0,0,0,-1,1,0,0,0
2335,285,89.32086796804288,0,0,0,3,22,0,0,0,0,0.0002751641238219861,9.874868320287655e-06,0.0002751641238219861,-1,0,0,0,-1,1,0,0,0
2336,30039,138.2795039969853,0,0,0,1,9,0,0,0,0,0.0002751641238219861,9.874868320287655e-06,0.0002751641238219861,-1,0,0,0,-1,1,1,1,0
2337,0,59.89195545958849,0,0,0,2,14,0,0,0,0,0.0002751641238219861,9.874868320287655e-06,0.0002751641238219861,-1,0,0,0,-1,1,0,0,0
2338,29885,138.2795040014894,0,0,0,1,6,0,0,0,0,0.0002751641238219861,9.874868320287655e-06,0.0002751641238219861,-1,0,0,0,-1,1,1,1,0
2339,29035,138.2795039919891,0,0,0,1,5,0,0,0,0,0.0002751641238219861,9.874868320287655e-06,0.0002751641238219861,-1,0,0,0,-1,1,1,1,0
2340,399,69.76144352511115,0,0,0,5,35,0,0,0,0,0.0002751641238219861,9.874868320287655e-06,0.0002751641238219861,-1,0,0,0,-1,1,0,0,0
2341,31034,138.2795040007137,0,0,0,1,6,0,0,0,0,0.0002751641238219861,9.874868320287655e-06,0.0002751641238219861,-1,0,0,0,-1,1,1,1,0
2342,531,75.62425229391087,0,0,0,4,25,0,0,0,0,0.0002751641238219861,9.874868320287655e-06,0.0002751641238219861,-1,0,0,0,-1,1,0,0,0
2343,0,78.18742224739313,0,0,0,2,15,0,0,0,0,0.0002751641238219861,9.874868320287655e-06,0.0002751641238219861,-1,0,0,0,-1,1,0,0,0
2344,1022,74.12504687852348,0,0,0,5,19,0,0,0,0,0.0002751641238219861,9.874868320287655e-06,0.0002751641238219861,-1,0,0,0,-1,1,0,0,0
2345,1227,68.00887784583207,0,0,0,6,33,0,0,0,0,0.0002751641238219861,9.874868320287655e-06,0.0002751641238219861,-1,0,0,0,-1,1,0,0,0
2346,31573,138.2795039959408,0,0,0,1,11,0,0,0,0,0.0002751641238219861,9.874868320287655e-06,0.0002751641238219861,-1,0,0,0,-1,1,1,1,0
2347,29695,138.2795039901833,0,0,0,1,6,0,0,0,0,0.0002751641238219861,9.874868320287655e-06,0.0002751641238219861,-1,0,0,0,-1,1,1,1,0
2348,203,80.33966819442632,0,0,0,2,9,0,0,0,0,0.0002751641238219861,9.874868320287655e-06,0.0002751641238219861,-1,0,0,0,-1,1,0,0,0
2349,1168,72.48456111032672,0,0,0,6,17,0,0,0,0,0.0002751641238219861,9.874868320287655e-06,0.0002751641238219861,-1,0,0,0,-1,1,0,0,0
2350,30323,138.2795040002494,0,0,0,1,6,0,0,0,0,0.0002751641238219861,9.874868320287655e-06,0.0002751641238219861,-1,0,0,0,-1,1,1,1,0
2351,288,110.1870739977423,0,0,0,2,17,0,0,0,0,0.0002751641238219861,9.874868320287655e-06,0.0002751641238219861,-1,0,0,0,-1,1,0,0,0
2352,1725,106.1454842191887,0,0,0,4,17,0,0,0,0,0.0002751641238219861,9.874868320287655e-06,0.0002751641238219861,-1,0,0,0,-1,1,0,0,0
2353,0,98.10442601813899,0,0,0,2,15,0,0,0,0,0.0002751641238219861,9.874868320287655e-06,0.0002751641238219861,-1,0,0,0,-1,1,0,0,0
2354,0,80.35427564996479,0,0,0,1,7,0,0,0,0,0.0002751641238219861,9.874868320287655e-06,0.0002751641238219861,-1,0,0,0,-1,1,0,0,0
2355,2060,103.038886320833,0,0,0,5,21,0,0,0,0,0.0002751641238219861,9.874868320287655e-06,0.0002751641238219861,-1,0,0,0,-1,1,0,0,0
2356,0,104.2537822289008,0,0,0,1,7,0,0,0,0,0.0002751641238219861,9.874868320287655e-06,0.0002751641238219861,-1,0,0,0,-1,1,0,0,0
2357,28266,138.2795040010779,0,0,0,1,3,0,0,0,0,0.0002751641238219861,9.874868320287655e-06,0.0002751641238219861,-1,0,0,0,-1,1,1,1,0
2358,30790,138.2795040026489,0,0,0,1,8,0,0,0,0,0.0002751641238219861,9.874868320287655e-06,0.0002751641238219861,-1,0,0,0,-1,1,1,1,0
2359,694,95.88359935015035,0,0,0,5,39,0,0,0,0,0.0002751641238219861,9.874868320287655e-06,0.0002751641238219861,-1,0,0,0,-1,1,0,0,0
2360,29326,138.2795039993091,0,0,0,1,7,0,0,0,0,0.0002751641238219861,9.874868320287655e-06,0.0002751641238219861,-1,0,0,0,-1,1,1,1,0
2361,29426,138.2795040058768,0,0,0,1,6,0,0,0,0,0.0002751641238219861,9.874868320287655e-06,0.0002751641238219861,-1,0,0,0,-1,1,1,1,0
2362,27956,138.2795040018111,0,0,0,1,6,0,0,0,0,0.0002751641238219861,9.874868320287655e-06,0.0002751641238219861,-1,0,0,0,-1,1,1,1,0
2363,1446,54.63878959803245,0,0,0,4,16,0,0,0,0,0.0002751641238219861,9.874868320287655e-06,0.0002751641238219861,-1,0,0,0,-1,1,0,0,0
2364,30390,138.2795040039691,0,0,0,1,3,0,0,0,0,0.0002751641238219861,9.874868320287655e-06,0.0002751641238219861,-1,0,0,0,-1,1,1,1,0
2365,0,71.8725426497674,0,0,0,3,14,0,0,0,0,0.0002751641238219861,9.874868320287655e-06,0.0002751641238219861,-1,0,0,0,-1,1,0,0,0
2366,0,107.9394779153249,0,0,0,2,10,0,0,0,0,0.0002751641238219861,9.874868320287655e-06,0.0002751641238219861,-1,0,0,0,-1,1,0,0,0
2367,982,61.96624891271097,0,0,0,4,22,0,0,0,0,0.0002751641238219861,9.874868320287655e-06,0.0002751641238219861,-1,0,0,0,-1,1,0,0,0
2368,1070,67.92903746601276,0,0,0,6,22,0,0,0,0,0.0002751641238219861,9.874868320287655e-06,0.0002751641238219861,-1,0,0,0,-1,1,0,0,0
2369,582,55.92805160745405,0,0,0,4,21,0,0,0,0,0.0002751641238219861,9.874868320287655e-06,0.0002751641238219861,-1,0,0,0,-1,1,0,0,0
2370,607,100.7788793199554,0,0,0,3,21,0,0,0,0,0.0002751641238219861,9.874868320287655e-06,0.0002751641238219861,-1,0,0,0,-1,1,0,0,0
2371,0,78.12990264993546,0,0,0,2,16,0,0,0,0,0.0002751641238219861,9.874868320287655e-06,0.0002751641238219861,-1,0,0,0,-1,1,0,0,0
2372,730,95.99065517298779,0,0,0,5,29,0,0,0,0,0.0002751641238219861,9.874868320287655e-06,0.0002751641238219861,-1,0,0,0,-1,1,0,0,0
2373,0,77.41405333673212,0,0,0,3,18,0,0,0,0,0.0002751641238219861,9.874868320287655e-06,0.0002751641238219861,-1,0,0,0,-1,1,0,0,0
2374,30402,138.2795040063033,0,0,0,1,5,0,0,0,0,0.0002751641238219861,9.874868320287655e-06,0.0002751641238219861,-1,0,0,0,-1,1,1,1,0
2375,30962,138.2795040005308,0,0,0,1,8,0,0,0,0,0.0002751641238219861,9.874868320287655e-06,0.0002751641238219861,-1,0,0,0,-1,1,1,1,0
2376,0,84.38726264996706,0,0,0,1,8,0,0,0,0,0.0002751641238219861,9.874868320287655e-06,0.0002751641238219861,-1,0,0,0,-1,1,0,0,0
2377,3244,72.58024606029343,0,0,0,5,15,0,0,0,0,0.0002751641238219861,9.874868320287655e-06,0.0002751641238219861,-1,0,0,0,-1,1,0,0,0
2378,3109,75.91824797694943,0,0,0,5,27,0,0,0,0,0.0002751641238219861,9.874868320287655e-06,0.0002751641238219861,-1,0,0,0,-1,1,0,0,0
2379,394,84.9795358241572,0,0,0,4,24,0,0,0,0,0.0002751641238219861,9.874868320287655e-06,0.0002751641238219861,-1,0,0,0,-1,1,0,0,0
2380,611,58.46214487101565,0,0,0,3,18,0,0,0,0,0.0002751641238219861,9.874868320287655e-06,0.0002751641238219861,-1,0,0,0,-1,1,0,0,0
2381,0,95.71954264992875,0,0,0,3,25,0,0,0,0,0.0002751641238219861,9.874868320287655e-06,0.0002751641238219861,-1,0,0,0,-1,1,0,0,0
2382,166,83.57226724202178,0,0,0,4,25,0,0,0,0,0.0002751641238219861,9.874868320287655e-06,0.0002751641238219861,-1,0,0,0,-1,1,0,0,0
2383,911,102.9931546654469,0,0,0,3,26,0,0,0,0,0.0002751641238219861,9.874868320287655e-06,0.0002751641238219861,-1,0,0,0,-1,1,0,0,0
2384,1109,60.61058306975213,0,0,0,6,20,0,0,0,0,0.0002751641238219861,9.874868320287655e-06,0.0002751641238219861,-1,0,0,0,-1,1,0,0,0
2385,655,62.49366334350225,0,0,0,6,36,0,0,0,0,0.0002751641238219861,9.874868320287655e-06,0.0002751641238219861,-1,0,0,0,-1,1,0,0,0
2386,2239,66.89287178033769,0,0,0,4,19,0,0,0,0,0.0002751641238219861,9.874868320287655e-06,0.0002751641238219861,-1,0,0,0,-1,1,0,0,0
2387,0,73.41671149678409,0,0,0,3,22,0,0,0,0,0.0002751641238219861,9.874868320287655e-06,0.0002751641238219861,-1,0,0,0,-1,1,0,0,0
2388,0,78.18494705008402,0,0,0,2,15,0,0,0,0,0.0002751641238219861,9.874868320287655e-06,0.0002751641238219861,-1,0,0,0,-1,1,0,0,0
2389,3519,76.68490858184116,0,0,0,6,13,0,0,0,0,0.0002751641238219861,9.874868320287655e-06,0.0002751641238219861,-1,0,0,0,-1,1,0,0,0
2390,0,80.59739873123708,0,0,0,2,13,0,0,0,0,0.0002751641238219861,9.874868320287655e-06,0.0002751641238219861,-1,0,0,0,-1,1,0,0,0
2391,0,104.2055826023145,0,0,0,1,4,0,0,0,0,0.0002751641238219861,9.874868320287655e-06,0.0002751641238219861,-1,0,0,0,-1,1,0,0,0
2392,29510,138.2795039830304,0,0,0,1,5,0,0,0,0,0.0002751641238219861,9.874868320287655e-06,0.0002751641238219861,-1,0,0,0,-1,1,1,1,0
2393,1395,105.3104733905923,0,0,0,3,23,0,0,0,0,0.0002751641238219861,9.874868320287655e-06,0.0002751641238219861,-1,0,0,0,-1,1,0,0,0
2394,0,74.14217993430944,0,0,0,2,12,0,0,0,0,0.0002751641238219861,9.874868320287655e-06,0.0002751641238219861,-1,0,0,0,-1,1,0,0,0
2395,0,86.86659185111959,0,0,0,1,13,0,0,0,0,0.0002751641238219861,9.874868320287655e-06,0.0002751641238219861,-1,0,0,0,-1,1,0,0,0
2396,1589,96.79721176710594,0,0,0,3,19,0,0,0,0,0.0002751641238219861,9.874868320287655e-06,0.0002751641238219861,-1,0,0,0,-1,1,0,0,0
2397,1482,85.07058965097914,0,0,0,4,18,0,0,0,0,0.0002751641238219861,9.874868320287655e-06,0.0002751641238219861,-1,0,0,0,-1,1,0,0,0
2398,2322,74.20745759286764,0,0,0,7,22,0,0,0,0,0.0002751641238219861,9.874868320287655e-06,0.0002751641238219861,-1,0,0,0,-1,1,0,0,0
2399,0,108.0450817625752,0,0,0,2,22,0,0,0,0,0.0002751641238219861,9.874868320287655e-06,0.0002751641238219861,-1,0,0,0,-1,1,0,0,0
2400,1008,84.37105878236294,0,0,0,4,41,0,0,0,0,0.0002751641238219861,9.874868320287655e-06,0.0002751641238219861,-1,0,0,0,-1,1,0,0,0
2401,28753,138.2795039967502,0,0,0,1,4,0,0,0,0,0.0002751641238219861,9.874868320287655e-06,0.0002751641238219861,-1,0,0,0,-1,1,1,1,0
2402,29937,138.2795040014437,0,0,0,1,5,0,0,0,0,0.0002751641238219861,9.874868320287655e-06,0.0002751641238219861,-1,0,0,0,-1,1,1,1,0
2403,1070,83.79105924750027,0,0,0,3,12,0,0,0,0,0.0002751641238219861,9.874868320287655e-06,0.0002751641238219861,-1,0,0,0,-1,1,0,0,0
2404,1613,69.77880109736681,0,0,0,6,30,0,0,0,0,0.0002751641238219861,9.874868320287655e-06,0.0002751641238219861,-1,0,0,0,-1,1,0,0,0
2405,0,103.2610123449247,0,0,0,2,17,0,0,0,0,0.0002751641238219861,9.874868320287655e-06,0.0002751641238219861,-1,0,0,0,-1,1,0,0,0
2406,715,56.21789673472734,0,0,0,7,38,0,0,0,0,0.0002751641238219861,9.874868320287655e-06,0.0002751641238219861,-1,0,0,0,-1,1,0,0,0
2407,0,107.9776569184874,0,0,0,2,18,0,0,0,0,0.0002751641238219861,9.874868320287655e-06,0.0002751641238219861,-1,0,0,0,-1,1,0,0,0
2408,2472,73.21091367646984,0,0,0,6,22,0,0,0,0,0.0002751641238219861,9.874868320287655e-06,0.0002751641238219861,-1,0,0,0,-1,1,0,0,0
2409,3483,62.94310708348771,0,0,0,7,28,0,0,0,0,0.0002751641238219861,9.874868320287655e-06,0.0002751641238219861,-1,0,0,0,-1,1,0,0,0
2410,321,92.06654180300676,0,0,0,2,11,0,0,0,0,0.0002751641238219861,9.874868320287655e-06,0.0002751641238219861,-1,0,0,0,-1,1,0,0,0
2411,29509,138.2795039953862,0,0,0,1,7,0,0,0,0,0.0002751641238219861,9.874868320287655e-06,0.0002751641238219861,-1,0,0,0,-1,1,1,1,0
2412,348,108.0106930720832,0,0,0,2,22,0,0,0,0,0.0002751641238219861,9.874868320287655e-06,0.0002751641238219861,-1,0,0,0,-1,1,0,0,0
2413,2423,78.1724272027196,0,0,0,5,35,0,0,0,0,0.0002751641238219861,9.874868320287655e-06,0.0002751641238219861,-1,0,0,0,-1,1,0,0,0
2414,1525,87.99759402021654,0,0,0,3,16,0,0,0,0,0.0002751641238219861,9.874868320287655e-06,0.0002751641238219861,-1,0,0,0,-1,1,0,0,0
2415,652,66.88550058077205,0,0,0,4,26,0,0,0,0,0.0002751641238219861,9.874868320287655e-06,0.0002751641238219861,-1,0,0,0,-1,1,0,0,0
2416,0,95.29119151390488,0,0,0,1,7,0,0,0,0,0.0002751641238219861,9.874868320287655e-06,0.0002751641238219861,-1,0,0,0,-1,1,0,0,0
2417,1065,93.03627889309547,0,0,0,5,26,0,0,0,0,0.0002751641238219861,9.874868320287655e-06,0.0002751641238219861,-1,0,0,0,-1,1,0,0,0
2418,333,82.20760263788334,0,0,0,5,41,0,0,0,0,0.0002751641238219861,9.874868320287655e-06,0.0002751641238219861,-1,0,0,0,-1,1,0,0,0
2419,0,95.80095320073505,0,0,0,3,35,0,0,0,0,0.0002751641238219861,9.874868320287655e-06,0.0002751641238219861,-1,0,0,0,-1,1,0,0,0
2420,918,87.05104208547966,0,0,0,4,26,0,0,0,0,0.0002751641238219861,9.874868320287655e-06,0.0002751641238219861,-1,0,0,0,-1,1,0,0,0
2421,29481,138.2795040009316,0,0,0,1,3,0,0,0,0,0.0002751641238219861,9.874868320287655e-06,0.0002751641238219861,-1,0,0,0,-1,1,1,1,0
2422,0,76.88090879153485,0,0,0,1,10,0,0,0,0,0.0002751641238219861,9.874868320287655e-06,0.0002751641238219861,-1,0,0,0,-1,1,0,0,0
2423,8,82.85820736021313,0,0,0,2,24,0,0,0,0,0.0002751641238219861,9.874868320287655e-06,0.0002751641238219861,-1,0,0,0,-1,1,0,0,0
2424,4151,76.44398285942732,0,0,0,6,23,0,0,0,0,0.0002751641238219861,9.874868320287655e-06,0.0002751641238219861,-1,0,0,0,-1,1,0,0,0
2425,30036,138.2795040018345,0,0,0,1,6,0,0,0,0,0.0002751641238219861,9.874868320287655e-06,0.0002751641238219861,-1,0,0,0,-1,1,1,1,0
2426,892,100.6824033471173,0,0,0,3,16,0,0,0,0,0.0002751641238219861,9.874868320287655e-06,0.0002751641238219861,-1,0,0,0,-1,1,0,0,0
2427,0,76.88090879152686,0,0,0,1,12,0,0,0,0,0.0002751641238219861,9.874868320287655e-06,0.0002751641238219861,-1,0,0,0,-1,1,0,0,0
2428,2441,92.24106726614559,0,0,0,5,20,0,0,0,0,0.0002751641238219861,9.874868320287655e-06,0.0002751641238219861,-1,0,0,0,-1,1,0,0,0
2429,79,67.37684657758972,0,0,0,4,15,0,0,0,0,0.0002751641238219861,9.874868320287655e-06,0.0002751641238219861,-1,0,0,0,-1,1,0,0,0
2430,604,88.48815198274994,0,0,0,5,30,0,0,0,0,0.0002751641238219861,9.874868320287655e-06,0.0002751641238219861,-1,0,0,0,-1,1,0,0,0
2431,1353,73.403143570151,0,0,0,4,32,0,0,0,0,0.0002751641238219861,9.874868320287655e-06,0.0002751641238219861,-1,0,0,0,-1,1,0,0,0
2432,28,59.02398846136229,0,0,0,5,35,0,0,0,0,0.0002751641238219861,9.874868320287655e-06,0.0002751641238219861,-1,0,0,0,-1,1,0,0,0
2433,0,88.53324913691142,0,0,0,4,36,0,0,0,0,0.0002751641238219861,9.874868320287655e-06,0.0002751641238219861,-1,0,0,0,-1,1,0,0,0
2434,0,60.54026264980419,0,0,0,1,11,0,0,0,0,0.0002751641238219861,9.874868320287655e-06,0.0002751641238219861,-1,0,0,0,-1,1,0,0,0
2435,30686,140.503876993279,0,0,0,1,6,0,0,0,0,0.0002751641238219861,9.874868320287655e-06,0.0002751641238219861,-1,0,0,0,-1,1,1,1,0
2436,28955,138.2795039996483,0,0,0,1,7,0,0,0,0,0.0002751641238219861,9.874868320287655e-06,0.0002751641238219861,-1,0,0,0,-1,1,1,1,0
2437,30157,138.2795040012732,0,0,0,1,8,0,0,0,0,0.0002751641238219861,9.874868320287655e-06,0.0002751641238219861,-1,0,0,0,-1,1,1,1,0
2438,413,71.40277356236186,0,0,0,4,17,0,0,0,0,0.0002751641238219861,9.874868320287655e-06,0.0002751641238219861,-1,0,0,0,-1,1,0,0,0
2439,0,74.15670226834493,0,0,0,2,23,0,0,0,0,0.0002751641238219861,9.874868320287655e-06,0.0002751641238219861,-1,0,0,0,-1,1,0,0,0
2440,30117,138.2795040042865,0,0,0,1,9,0,0,0,0,0.0002751641238219861,9.874868320287655e-06,0.0002751641238219861,-1,0,0,0,-1,1,1,1,0
2441,3653,73.83793664122899,0,0,0,5,10,0,0,0,0,0.0002751641238219861,9.874868320287655e-06,0.0002751641238219861,-1,0,0,0,-1,1,0,0,0
2442,30166,138.2795040002898,0,0,0,1,6,0,0,0,0,0.0002751641238219861,9.874868320287655e-06,0.0002751641238219861,-1,0,0,0,-1,1,1,1,0
2443,1000,97.95442244898958,0,0,0,3,13,0,0,0,0,0.0002751641238219861,9.874868320287655e-06,0.0002751641238219861,-1,0,0,0,-1,1,0,0,0
2444,28017,138.2795039971832,0,0,0,1,3,0,0,0,0,0.0002751641238219861,9.874868320287655e-06,0.0002751641238219861,-1,0,0,0,-1,1,1,1,0
2445,0,80.62864892972399,0,0,0,2,19,0,0,0,0,0.0002751641238219861,9.874868320287655e-06,0.0002751641238219861,-1,0,0,0,-1,1,0,0,0
2446,0,95.71954264758737,0,0,0,3,18,0,0,0,0,0.0002751641238219861,9.874868320287655e-06,0.0002751641238219861,-1,0,0,0,-1,1,0,0,0
2447,727,88.90037534158854,0,0,0,0,2,0,0,0,0,0.0002751641238219861,9.874868320287655e-06,0.0002751641238219861,-1,0,0,0,-1,1,0,0,0
2448,0,95.83104974141231,0,0,0,3,19,0,0,0,0,0.0002751641238219861,9.874868320287655e-06,0.0002751641238219861,-1,0,0,0,-1,1,0,0,0
2449,30771,138.279503997837,0,0,0,1,7,0,0,0,0,0.0002751641238219861,9.874868320287655e-06,0.0002751641238219861,-1,0,0,0,-1,1,1,1,0
2450,1731,65.22356369089341,0,0,0,3,18,0,0,0,0,0.0002751641238219861,9.874868320287655e-06,0.0002751641238219861,-1,0,0,0,-1,1,0,0,0
2451,30206,138.2795040023735,0,0,0,1,5,0,0,0,0,0.0002751641238219861,9.874868320287655e-06,0.0002751641238219861,-1,0,0,0,-1,1,1,1,0
2452,1917,81.3770709078715,0,0,0,7,32,0,0,0,0,0.0002751641238219861,9.874868320287655e-06,0.0002751641238219861,-1,0,0,0,-1,1,0,0,0
2453,1785,76.49296609543572,0,0,0,5,30,0,0,0,0,0.0002751641238219861,9.874868320287655e-06,0.0002751641238219861,-1,0,0,0,-1,1,0,0,0
2454,29369,138.2795040014274,0,0,0,1,7,0,0,0,0,0.0002751641238219861,9.874868320287655e-06,0.0002751641238219861,-1,0,0,0,-1,1,1,1,0
2455,1286,74.10544911435345,0,0,0,5,27,0,0,0,0,0.0002751641238219861,9.874868320287655e-06,0.0002751641238219861,-1,0,0,0,-1,1,0,0,0
2456,28436,140.5038770044949,0,0,0,1,4,0,0,0,0,0.0002751641238219861,9.874868320287655e-06,0.0002751641238219861,-1,0,0,0,-1,1,1,1,0
2457,31037,138.2795039891456,0,0,0,1,6,0,0,0,0,0.0002751641238219861,9.874868320287655e-06,0.0002751641238219861,-1,0,0,0,-1,1,1,1,0
2458,561,75.00481873173101,0,0,0,5,28,0,0,0,0,0.0002751641238219861,9.874868320287655e-06,0.0002751641238219861,-1,0,0,0,-1,1,0,0,0
2459,30531,138.2795039997644,0,0,0,1,8,0,0,0,0,0.0002751641238219861,9.874868320287655e-06,0.0002751641238219861,-1,0,0,0,-1,1,1,1,0
2460,400,52.58064472585227,0,0,0,3,16,0,0,0,0,0.0002751641238219861,9.874868320287655e-06,0.0002751641238219861,-1,0,0,0,-1,1,0,0,0
2461,31570,138.2795039982352,0,0,0,1,5,0,0,0,0,0.0002751641238219861,9.874868320287655e-06,0.0002751641238219861,-1,0,0,0,-1,1,1,1,0
2462,1698,87.00771044869695,0,0,0,4,29,0,0,0,0,0.0002751641238219861,9.874868320287655e-06,0.0002751641238219861,-1,0,0,0,-1,1,0,0,0
2463,2858,79.5355091263048,0,0,0,4,11,0,0,0,0,0.0002751641238219861,9.874868320287655e-06,0.0002751641238219861,-1,0,0,0,-1,1,0,0,0
2464,1487,84.35264477611699,0,0,0,2,8,0,0,0,0,0.0002751641238219861,9.874868320287655e-06,0.0002751641238219861,-1,0,0,0,-1,1,0,0,0
2465,0,60.54026264996551,0,0,0,1,8,0,0,0,0,0.0002751641238219861,9.874868320287655e-06,0.0002751641238219861,-1,0,0,0,-1,1,0,0,0
2466,0,95.77573844877561,0,0,0,3,23,0,0,0,0,0.0002751641238219861,9.874868320287655e-06,0.0002751641238219861,-1,0,0,0,-1,1,0,0,0
2467,31543,138.2795040018231,0,0,0,1,3,0,0,0,0,0.0002751641238219861,9.874868320287655e-06,0.0002751641238219861,-1,0,0,0,-1,1,1,1,0
2468,0,73.41143822674042,0,0,0,3,31,0,0,0,0,0.0002751641238219861,9.874868320287655e-06,0.0002751641238219861,-1,0,0,0,-1,1,0,0,0
2469,0,80.40888028041682,0,0,0,1,8,0,0,0,0,0.0002751641238219861,9.874868320287655e-06,0.0002751641238219861,-1,0,0,0,-1,1,0,0,0
2470,0,95.7570576659936,0,0,0,3,25,0,0,0,0,0.0002751641238219861,9.874868320287655e-06,0.0002751641238219861,-1,0,0,0,-1,1,0,0,0
2471,1317,110.2486172370202,0,0,0,3,20,0,0,0,0,0.0002751641238219861,9.874868320287655e-06,0.0002751641238219861,-1,0,0,0,-1,1,0,0,0
2472,313,68.90150842438274,0,0,0,6,33,0,0,0,0,0.0002751641238219861,9.874868320287655e-06,0.0002751641238219861,-1,0,0,0,-1,1,0,0,0
2473,432,85.60216331963663,0,0,0,3,21,0,0,0,0,0.0002751641238219861,9.874868320287655e-06,0.0002751641238219861,-1,0,0,0,-1,1,0,0,0
2474,0,88.61066510947688,0,0,0,4,21,0,0,0,0,0.0002751641238219861,9.874868320287655e-06,0.0002751641238219861,-1,0,0,0,-1,1,0,0,0
2475,1687,73.56556314234562,0,0,0,4,18,0,0,0,0,0.0002751641238219861,9.874868320287655e-06,0.0002751641238219861,-1,0,0,0,-1,1,0,0,0
2476,30152,138.2795040047863,0,0,0,1,4,0,0,0,0,0.0002751641238219861,9.874868320287655e-06,0.0002751641238219861,-1,0,0,0,-1,1,1,1,0
2477,0,80.39266468598562,0,0,0,1,11,0,0,0,0,0.0002751641238219861,9.874868320287655e-06,0.0002751641238219861,-1,0,0,0,-1,1,0,0,0
2478,1521,115.4640449980024,0,0,0,3,13,0,0,0,0,0.0002751641238219861,9.874868320287655e-06,0.0002751641238219861,-1,0,0,0,-1,1,0,0,0
2479,889,69.2769675159403,0,0,0,6,37,0,0,0,0,0.0002751641238219861,9.874868320287655e-06,0.0002751641238219861,-1,0,0,0,-1,1,0,0,0
2480,30576,140.5038769949535,0,0,0,1,7,0,0,0,0,0.0002751641238219861,9.874868320287655e-06,0.0002751641238219861,-1,0,0,0,-1,1,1,1,0
2481,2323,84.96565229050226,0,0,0,6,30,0,0,0,0,0.0002751641238219861,9.874868320287655e-06,0.0002751641238219861,-1,0,0,0,-1,1,0,0,0
2482,0,76.7144366135919,0,0,0,3,24,0,0,0,0,0.0002751641238219861,9.874868320287655e-06,0.0002751641238219861,-1,0,0,0,-1,1,0,0,0
2483,1103,95.78876924785072,0,0,0,4,13,0,0,0,0,0.0002751641238219861,9.874868320287655e-06,0.0002751641238219861,-1,0,0,0,-1,1,0,0,0
2484,0,60.6058981038817,0,0,0,1,10,0,0,0,0,0.0002751641238219861,9.874868320287655e-06,0.0002751641238219861,-1,0,0,0,-1,1,0,0,0
2485,0,58.31588964980527,0,0,0,2,14,0,0,0,0,0.0002751641238219861,9.874868320287655e-06,0.0002751641238219861,-1,0,0,0,-1,1,0,0,0
2486,962,107.8972883401148,0,0,0,3,22,0,0,0,0,0.0002751641238219861,9.874868320287655e-06,0.0002751641238219861,-1,0,0,0,-1,1,0,0,0
2487,31185,138.2795039996836,0,0,0,1,8,0,0,0,0,0.0002751641238219861,9.874868320287655e-06,0.0002751641238219861,-1,0,0,0,-1,1,1,1,0
2488,1583,81.21733501354956,0,0,0,4,17,0,0,0,0,0.0002751641238219861,9.874868320287655e-06,0.0002751641238219861,-1,0,0,0,-1,1,0,0,0
2489,29092,138.2795040008035,0,0,0,1,5,0,0,0,0,0.0002751641238219861,9.874868320287655e-06,0.0002751641238219861,-1,0,0,0,-1,1,1,1,0
2490,1492,83.55108118922601,0,0,0,5,30,0,0,0,0,0.0002751641238219861,9.874868320287655e-06,0.0002751641238219861,-1,0,0,0,-1,1,0,0,0
2491,687,70.17777381815186,0,0,0,5,22,0,0,0,0,0.0002751641238219861,9.874868320287655e-06,0.0002751641238219861,-1,0,0,0,-1,1,0,0,0
2492,30782,138.2795040015919,0,0,0,1,9,0,0,0,0,0.0002751641238219861,9.874868320287655e-06,0.0002751641238219861,-1,0,0,0,-1,1,1,1,0
2493,612,85.06145357258033,0,0,0,5,31,0,0,0,0,0.0002751641238219861,9.874868320287655e-06,0.0002751641238219861,-1,0,0,0,-1,1,0,0,0
2494,168,102.6684956528327,0,0,0,3,19,0,0,0,0,0.0002751641238219861,9.874868320287655e-06,0.0002751641238219861,-1,0,0,0,-1,1,0,0,0
2495,31468,138.2795040028483,0,0,0,1,5,0,0,0,0,0.0002751641238219861,9.874868320287655e-06,0.0002751641238219861,-1,0,0,0,-1,1,1,1,0
2496,1097,67.51994014043123,0,0,0,3,19,0,0,0,0,0.0002751641238219861,9.874868320287655e-06,0.0002751641238219861,-1,0,0,0,-1,1,0,0,0
2497,30245,138.2795040096638,0,0,0,1,5,0,0,0,0,0.0002751641238219861,9.874868320287655e-06,0.0002751641238219861,-1,0,0,0,-1,1,1,1,0
2498,1043,77.79450314750498,0,0,0,5,16,0,0,0,0,0.0002751641238219861,9.874868320287655e-06,0.0002751641238219861,-1,0,0,0,-1,1,0,0,0
2499,0,84.46128146452646,0,0,0,1,8,0,0,0,0,0.0002751641238219861,9.874868320287655e-06,0.0002751641238219861,-1,0,0,0,-1,1,0,0,0
2500,269,76.14488108264861,0,0,0,3,16,0,0,0,0,0.0002751641238219861,9.874868320287655e-06,0.0002751641238219861,-1,0,0,0,-1,1,0,0,0
2501,759,85.76374301541354,0,0,0,4,16,0,0,0,0,0.0002751641238219861,9.874868320287655e-06,0.0002751641238219861,-1,0,0,0,-1,1,0,0,0
2502,0,80.13876874068691,0,0,0,4,29,0,0,0,0,0.0002751641238219861,9.874868320287655e-06,0.0002751641238219861,-1,0,0,0,-1,1,0,0,0
2503,0,75.90552964815853,0,0,0,3,23,0,0,0,0,0.0002751641238219861,9.874868320287655e-06,0.0002751641238219861,-1,0,0,0,-1,1,0,0,0
2504,28755,138.2795039961014,0,0,0,1,7,0,0,0,0,0.0002751641238219861,9.874868320287655e-06,0.0002751641238219861,-1,0,0,0,-1,1,1,1,0
2505,642,105.3973539792458,0,0,0,3,25,0,0,0,0,0.0002751641238219861,9.874868320287655e-06,0.0002751641238219861,-1,0,0,0,-1,1,0,0,0
2506,2163,95.70886511827285,0,0,0,4,30,0,0,0,0,0.0002751641238219861,9.874868320287655e-06,0.0002751641238219861,-1,0,0,0,-1,1,0,0,0
2507,1306,59.75169790596786,0,0,0,3,14,0,0,0,0,0.0002751641238219861,9.874868320287655e-06,0.0002751641238219861,-1,0,0,0,-1,1,0,0,0
2508,1622,95.82880703453785,0,0,0,4,28,0,0,0,0,0.0002751641238219861,9.874868320287655e-06,0.0002751641238219861,-1,0,0,0,-1,1,0,0,0
2509,32,72.80861349422665,0,0,0,6,32,0,0,0,0,0.0002751641238219861,9.874868320287655e-06,0.0002751641238219861,-1,0,0,0,-1,1,0,0,0
2510,29775,138.2795039977197,0,0,0,1,8,0,0,0,0,0.0002751641238219861,9.874868320287655e-06,0.0002751641238219861,-1,0,0,0,-1,1,1,1,0
2511,31940,138.2795040005917,0,0,0,1,4,0,0,0,0,0.0002751641238219861,9.874868320287655e-06,0.0002751641238219861,-1,0,0,0,-1,1,1,1,0
2512,0,83.53247508248481,0,0,0,1,9,0,0,0,0,0.0002751641238219861,9.874868320287655e-06,0.0002751641238219861,-1,0,0,0,-1,1,0,0,0
2513,28559,138.2795039976247,0,0,0,1,8,0,0,0,0,0.0002751641238219861,9.874868320287655e-06,0.0002751641238219861,-1,0,0,0,-1,1,1,1,0
2514,29300,138.2795039992936,0,0,0,1,7,0,0,0,0,0.0002751641238219861,9.874868320287655e-06,0.0002751641238219861,-1,0,0,0,-1,1,1,1,0
2515,0,72.09729914285286,0,0,0,2,24,0,0,0,0,0.0002751641238219861,9.874868320287655e-06,0.0002751641238219861,-1,0,0,0,-1,1,0,0,0
2516,3404,72.8310005307824,0,0,0,7,35,0,0,0,0,0.0002751641238219861,9.874868320287655e-06,0.0002751641238219861,-1,0,0,0,-1,1,0,0,0
2517,429,95.66049128578585,0,0,0,4,40,0,0,0,0,0.0002751641238219861,9.874868320287655e-06,0.0002751641238219861,-1,0,0,0,-1,1,0,0,0
2518,811,95.68136890074267,0,0,0,4,32,0,0,0,0,0.0002751641238219861,9.874868320287655e-06,0.0002751641238219861,-1,0,0,0,-1,1,0,0,0
2519,2265,67.99343921224263,0,0,0,6,24,0,0,0,0,0.0002751641238219861,9.874868320287655e-06,0.0002751641238219861,-1,0,0,0,-1,1,0,0,0
2520,904,59.70308217812555,0,0,0,3,19,0,0,0,0,0.0002751641238219861,9.874868320287655e-06,0.0002751641238219861,-1,0,0,0,-1,1,0,0,0
2521,1417,96.71559164675152,0,0,0,4,12,0,0,0,0,0.0002751641238219861,9.874868320287655e-06,0.0002751641238219861,-1,0,0,0,-1,1,0,0,0
2522,1381,55.98722666563421,0,0,0,6,32,0,0,0,0,0.0002751641238219861,9.874868320287655e-06,0.0002751641238219861,-1,0,0,0,-1,1,0,0,0
2523,988,104.2124892200732,0,0,0,2,7,0,0,0,0,0.0002751641238219861,9.874868320287655e-06,0.0002751641238219861,-1,0,0,0,-1,1,0,0,0
2524,173,89.47591205648759,0,0,0,3,10,0,0,0,0,0.0002751641238219861,9.874868320287655e-06,0.0002751641238219861,-1,0,0,0,-1,1,0,0,0
2525,28527,138.2795039955229,0,0,0,1,8,0,0,0,0,0.0002751641238219861,9.874868320287655e-06,0.0002751641238219861,-1,0,0,0,-1,1,1,1,0
2526,0,57.552542649953,0,0,0,3,19,0,0,0,0,0.0002751641238219861,9.874868320287655e-06,0.0002751641238219861,-1,0,0,0,-1,1,0,0,0
2527,29109,138.2795039999698,0,0,0,1,7,0,0,0,0,0.0002751641238219861,9.874868320287655e-06,0.0002751641238219861,-1,0,0,0,-1,1,1,1,0
2528,255,74.2270400254652,0,0,0,0,2,0,0,0,0,0.0002751641238219861,9.874868320287655e-06,0.0002751641238219861,-1,0,0,0,-1,1,0,0,0
2529,0,80.35427563429367,0,0,0,1,7,0,0,0,0,0.0002751641238219861,9.874868320287655e-06,0.0002751641238219861,-1,0,0,0,-1,1,0,0,0
2530,2533,79.81794391083284,0,0,0,6,23,0,0,0,0,0.0002751641238219861,9.874868320287655e-06,0.0002751641238219861,-1,0,0,0,-1,1,0,0,0
2531,28837,138.2795039982691,0,0,0,1,7,0,0,0,0,0.0002751641238219861,9.874868320287655e-06,0.0002751641238219861,-1,0,0,0,-1,1,1,1,0
2532,1198,85.80918189756503,0,0,0,4,28,0,0,0,0,0.0002751641238219861,9.874868320287655e-06,0.0002751641238219861,-1,0,0,0,-1,1,0,0,0
2533,949,82.05778386641717,0,0,0,3,11,0,0,0,0,0.0002751641238219861,9.874868320287655e-06,0.0002751641238219861,-1,0,0,0,-1,1,0,0,0
2534,2428,63.72600610569013,0,0,0,4,26,0,0,0,0,0.0002751641238219861,9.874868320287655e-06,0.0002751641238219861,-1,0,0,0,-1,1,0,0,0
2535,0,107.9780890730913,0,0,0,2,19,0,0,0,0,0.0002751641238219861,9.874868320287655e-06,0.0002751641238219861,-1,0,0,0,-1,1,0,0,0
2536,362,107.9394779112768,0,0,0,2,17,0,0,0,0,0.0002751641238219861,9.874868320287655e-06,0.0002751641238219861,-1,0,0,0,-1,1,0,0,0
2537,29605,138.2795039999862,0,0,0,1,8,0,0,0,0,0.0002751641238219861,9.874868320287655e-06,0.0002751641238219861,-1,0,0,0,-1,1,1,1,0
2538,0,45.83916781608705,0,0,0,4,32,0,0,0,0,0.0002751641238219861,9.874868320287655e-06,0.0002751641238219861,-1,0,0,0,-1,1,0,0,0
2539,30610,138.2795040008347,0,0,0,1,3,0,0,0,0,0.0002751641238219861,9.874868320287655e-06,0.0002751641238219861,-1,0,0,0,-1,1,1,1,0
2540,31024,138.2795040021234,0,0,0,1,9,0,0,0,0,0.0002751641238219861,9.874868320287655e-06,0.0002751641238219861,-1,0,0,0,-1,1,1,1,0
2541,0,95.88736262669502,0,0,0,3,22,0,0,0,0,0.0002751641238219861,9.874868320287655e-06,0.0002751641238219861,-1,0,0,0,-1,1,0,0,0
2542,2133,101.1257454319889,0,0,0,3,21,0,0,0,0,0.0002751641238219861,9.874868320287655e-06,0.0002751641238219861,-1,0,0,0,-1,1,0,0,0
2543,31253,138.2795039974831,0,0,0,1,1,0,0,0,0,0.0002751641238219861,9.874868320287655e-06,0.0002751641238219861,-1,0,0,0,-1,1,1,1,0
2544,29614,138.2795040045581,0,0,0,1,9,0,0,0,0,0.0002751641238219861,9.874868320287655e-06,0.0002751641238219861,-1,0,0,0,-1,1,1,1,0
2545,1003,90.75496865636831,0,0,0,5,27,0,0,0,0,0.0002751641238219861,9.874868320287655e-06,0.0002751641238219861,-1,0,0,0,-1,1,0,0,0
2546,0,61.19840183786226,0,0,0,5,33,0,0,0,0,0.0002751641238219861,9.874868320287655e-06,0.0002751641238219861,-1,0,0,0,-1,1,0,0,0
2547,30746,138.2795039999745,0,0,0,1,2,0,0,0,0,0.0002751641238219861,9.874868320287655e-06,0.0002751641238219861,-1,0,0,0,-1,1,1,1,0
2548,0,78.19413674028739,0,0,0,2,11,0,0,0,0,0.0002751641238219861,9.874868320287655e-06,0.0002751641238219861,-1,0,0,0,-1,1,0,0,0
2549,0,78.12990264986303,0,0,0,2,16,0,0,0,0,0.0002751641238219861,9.874868320287655e-06,0.0002751641238219861,-1,0,0,0,-1,1,0,0,0
2550,880,88.59815198350847,0,0,0,4,17,0,0,0,0,0.0002751641238219861,9.874868320287655e-06,0.0002751641238219861,-1,0,0,0,-1,1,0,0,0
2551,701,69.80106094850034,0,0,0,5,34,0,0,0,0,0.0002751641238219861,9.874868320287655e-06,0.0002751641238219861,-1,0,0,0,-1,1,0,0,0
2552,29835,138.2795040000364,0,0,0,1,7,0,0,0,0,0.0002751641238219861,9.874868320287655e-06,0.0002751641238219861,-1,0,0,0,-1,1,1,1,0
2553,29676,138.2795039992215,0,0,0,1,4,0,0,0,0,0.0002751641238219861,9.874868320287655e-06,0.0002751641238219861,-1,0,0,0,-1,1,1,1,0
2554,31279,138.2795040079944,0,0,0,1,5,0,0,0,0,0.0002751641238219861,9.874868320287655e-06,0.0002751641238219861,-1,0,0,0,-1,1,1,1,0
2555,314,73.1412070433955,0,0,0,2,8,0,0,0,0,0.0002751641238219861,9.874868320287655e-06,0.0002751641238219861,-1,0,0,0,-1,1,0,0,0
2556,721,95.8290514483742,0,0,0,4,23,0,0,0,0,0.0002751641238219861,9.874868320287655e-06,0.0002751641238219861,-1,0,0,0,-1,1,0,0,0
2557,0,97.97418991209581,0,0,0,2,16,0,0,0,0,0.0002751641238219861,9.874868320287655e-06,0.0002751641238219861,-1,0,0,0,-1,1,0,0,0
2558,0,80.65802486018944,0,0,0,2,23,0,0,0,0,0.0002751641238219861,9.874868320287655e-06,0.0002751641238219861,-1,0,0,0,-1,1,0,0,0
2559,1585,70.09159638469222,0,0,0,5,31,0,0,0,0,0.0002751641238219861,9.874868320287655e-06,0.0002751641238219861,-1,0,0,0,-1,1,0,0,0
2560,279,107.9838465015333,0,0,0,2,19,0,0,0,0,0.0002751641238219861,9.874868320287655e-06,0.0002751641238219861,-1,0,0,0,-1,1,0,0,0
2561,30042,138.2795039947874,0,0,0,1,8,0,0,0,0,0.0002751641238219861,9.874868320287655e-06,0.0002751641238219861,-1,0,0,0,-1,1,1,1,0
2562,29777,138.2795040082571,0,0,0,1,6,0,0,0,0,0.0002751641238219861,9.874868320287655e-06,0.0002751641238219861,-1,0,0,0,-1,1,1,1,0
2563,1383,79.73484926441327,0,0,0,3,17,0,0,0,0,0.0002751641238219861,9.874868320287655e-06,0.0002751641238219861,-1,0,0,0,-1,1,0,0,0
2564,29940,138.2795040022342,0,0,0,1,3,0,0,0,0,0.0002751641238219861,9.874868320287655e-06,0.0002751641238219861,-1,0,0,0,-1,1,1,1,0
2565,2165,98.01337648802749,0,0,0,5,24,0,0,0,0,0.0002751641238219861,9.874868320287655e-06,0.0002751641238219861,-1,0,0,0,-1,1,0,0,0
2566,29576,138.2795039860212,0,0,0,1,3,0,0,0,0,0.0002751641238219861,9.874868320287655e-06,0.0002751641238219861,-1,0,0,0,-1,1,1,1,0
2567,30187,138.2795039930398,0,0,0,1,7,0,0,0,0,0.0002751641238219861,9.874868320287655e-06,0.0002751641238219861,-1,0,0,0,-1,1,1,1,0
2568,270,87.26036133799089,0,0,0,6,30,0,0,0,0,0.0002751641238219861,9.874868320287655e-06,0.0002751641238219861,-1,0,0,0,-1,1,0,0,0
2569,0,71.87254264986818,0,0,0,3,26,0,0,0,0,0.0002751641238219861,9.874868320287655e-06,0.0002751641238219861,-1,0,0,0,-1,1,0,0,0
2570,28939,138.2795039984489,0,0,0,1,9,0,0,0,0,0.0002751641238219861,9.874868320287655e-06,0.0002751641238219861,-1,0,0,0,-1,1,1,1,0
2571,30323,138.2795040011962,0,0,0,1,7,0,0,0,0,0.0002751641238219861,9.874868320287655e-06,0.0002751641238219861,-1,0,0,0,-1,1,1,1,0
2572,0,79.60365300104309,0,0,0,2,16,0,0,0,0,0.0002751641238219861,9.874868320287655e-06,0.0002751641238219861,-1,0,0,0,-1,1,0,0,0
2573,1869,76.39406942363621,0,0,0,6,20,0,0,0,0,0.0002751641238219861,9.874868320287655e-06,0.0002751641238219861,-1,0,0,0,-1,1,0,0,0
2574,29162,138.2795039989303,0,0,0,1,7,0,0,0,0,0.0002751641238219861,9.874868320287655e-06,0.0002751641238219861,-1,0,0,0,-1,1,1,1,0
2575,628,78.14524992385631,0,0,0,3,20,0,0,0,0,0.0002751641238219861,9.874868320287655e-06,0.0002751641238219861,-1,0,0,0,-1,1,0,0,0
2576,30279,138.2795039976951,0,0,0,1,6,0,0,0,0,0.0002751641238219861,9.874868320287655e-06,0.0002751641238219861,-1,0,0,0,-1,1,1,1,0
2577,529,103.1297500242772,0,0,0,4,22,0,0,0,0,0.0002751641238219861,9.874868320287655e-06,0.0002751641238219861,-1,0,0,0,-1,1,0,0,0
2578,30648,138.2795039889711,0,0,0,1,3,0,0,0,0,0.0002751641238219861,9.874868320287655e-06,0.0002751641238219861,-1,0,0,0,-1,1,1,1,0
2579,1663,78.90460116890723,0,0,0,5,13,0,0,0,0,0.0002751641238219861,9.874868320287655e-06,0.0002751641238219861,-1,0,0,0,-1,1,0,0,0
2580,630,107.9787245330157,0,0,0,2,24,0,0,0,0,0.0002751641238219861,9.874868320287655e-06,0.0002751641238219861,-1,0,0,0,-1,1,0,0,0
2581,0,99.43106039221169,0,0,0,2,21,0,0,0,0,0.0002751641238219861,9.874868320287655e-06,0.0002751641238219861,-1,0,0,0,-1,1,0,0,0
2582,1844,81.68799426465954,0,0,0,6,15,0,0,0,0,0.0002751641238219861,9.874868320287655e-06,0.0002751641238219861,-1,0,0,0,-1,1,0,0,0
2583,585,93.15070605794051,0,0,0,3,16,0,0,0,0,0.0002751641238219861,9.874868320287655e-06,0.0002751641238219861,-1,0,0,0,-1,1,0,0,0
2584,683,68.95225913432513,0,0,0,5,30,0,0,0,0,0.0002751641238219861,9.874868320287655e-06,0.0002751641238219861,-1,0,0,0,-1,1,0,0,0
2585,0,104.2661066997769,0,0,0,1,12,0,0,0,0,0.0002751641238219861,9.874868320287655e-06,0.0002751641238219861,-1,0,0,0,-1,1,0,0,0
2586,30673,138.2795039981438,0,0,0,1,7,0,0,0,0,0.0002751641238219861,9.874868320287655e-06,0.0002751641238219861,-1,0,0,0,-1,1,1,1,0
2587,28829,138.2795039959767,0,0,0,1,3,0,0,0,0,0.0002751641238219861,9.874868320287655e-06,0.0002751641238219861,-1,0,0,0,-1,1,1,1,0
2588,30549,138.2795040000011,0,0,0,1,6,0,0,0,0,0.0002751641238219861,9.874868320287655e-06,0.0002751641238219861,-1,0,0,0,-1,1,1,1,0
2589,593,85.91855084270162,0,0,0,3,19,0,0,0,0,0.0002751641238219861,9.874868320287655e-06,0.0002751641238219861,-1,0,0,0,-1,1,0,0,0
2590,30962,138.279503999118,0,0,0,1,8,0,0,0,0,0.0002751641238219861,9.874868320287655e-06,0.0002751641238219861,-1,0,0,0,-1,1,1,1,0
2591,908,95.95338701829107,0,0,0,3,17,0,0,0,0,0.0002751641238219861,9.874868320287655e-06,0.0002751641238219861,-1,0,0,0,-1,1,0,0,0
2592,30335,138.2795039960343,0,0,0,1,7,0,0,0,0,0.0002751641238219861,9.874868320287655e-06,0.0002751641238219861,-1,0,0,0,-1,1,1,1,0
2593,1698,77.35797216559855,0,0,0,4,28,0,0,0,0,0.0002751641238219861,9.874868320287655e-06,0.0002751641238219861,-1,0,0,0,-1,1,0,0,0
2594,30257,138.279504003654,0,0,0,1,6,0,0,0,0,0.0002751641238219861,9.874868320287655e-06,0.0002751641238219861,-1,0,0,0,-1,1,1,1,0
2595,1117,85.7915009919129,0,0,0,4,19,0,0,0,0,0.0002751641238219861,9.874868320287655e-06,0.0002751641238219861,-1,0,0,0,-1,1,0,0,0
2596,29867,138.279504008985,0,0,0,1,3,0,0,0,0,0.0002751641238219861,9.874868320287655e-06,0.0002751641238219861,-1,0,0,0,-1,1,1,1,0
2597,398,107.9889884719012,0,0,0,2,18,0,0,0,0,0.0002751641238219861,9.874868320287655e-06,0.0002751641238219861,-1,0,0,0,-1,1,0,0,0
2598,523,108.0560836046813,0,0,0,2,20,0,0,0,0,0.0002751641238219861,9.874868320287655e-06,0.0002751641238219861,-1,0,0,0,-1,1,0,0,0
2599,0,95.79074275746306,0,0,0,3,30,0,0,0,0,0.0002751641238219861,9.874868320287655e-06,0.0002751641238219861,-1,0,0,0,-1,1,0,0,0
2600,30456,138.2795039986879,0,0,0,1,4,0,0,0,0,0.0002751641238219861,9.874868320287655e-06,0.0002751641238219861,-1,0,0,0,-1,1,1,1,0
2601,29029,138.2795040014113,0,0,0,1,8,0,0,0,0,0.0002751641238219861,9.874868320287655e-06,0.0002751641238219861,-1,0,0,0,-1,1,1,1,0
2602,3782,99.03603703577529,0,0,0,5,27,0,0,0,0,0.0002751641238219861,9.874868320287655e-06,0.0002751641238219861,-1,0,0,0,-1,1,0,0,0
2603,0,71.8725426465549,0,0,0,3,20,0,0,0,0,0.0002751641238219861,9.874868320287655e-06,0.0002751641238219861,-1,0,0,0,-1,1,0,0,0
2604,28710,138.2795039996603,0,0,0,1,7,0,0,0,0,0.0002751641238219861,9.874868320287655e-06,0.0002751641238219861,-1,0,0,0,-1,1,1,1,0
2605,30526,138.2795039986221,0,0,0,1,6,0,0,0,0,0.0002751641238219861,9.874868320287655e-06,0.0002751641238219861,-1,0,0,0,-1,1,1,1,0
2606,44,64.75219842112676,0,0,0,4,24,0,0,0,0,0.0002751641238219861,9.874868320287655e-06,0.0002751641238219861,-1,0,0,0,-1,1,0,0,0
2607,0,108.0617629861539,0,0,0,2,20,0,0,0,0,0.0002751641238219861,9.874868320287655e-06,0.0002751641238219861,-1,0,0,0,-1,1,0,0,0
2608,160,63.34120126416097,0,0,0,5,27,0,0,0,0,0.0002751641238219861,9.874868320287655e-06,0.0002751641238219861,-1,0,0,0,-1,1,0,0,0
2609,31126,138.2795039961637,0,0,0,1,3,0,0,0,0,0.0002751641238219861,9.874868320287655e-06,0.0002751641238219861,-1,0,0,0,-1,1,1,1,0
2610,677,75.10168614318009,0,0,0,4,29,0,0,0,0,0.0002751641238219861,9.874868320287655e-06,0.0002751641238219861,-1,0,0,0,-1,1,0,0,0
2611,86,91.0158991512502,0,0,0,4,22,0,0,0,0,0.0002751641238219861,9.874868320287655e-06,0.0002751641238219861,-1,0,0,0,-1,1,0,0,0
2612,0,70.91799077530396,0,0,0,3,15,0,0,0,0,0.0002751641238219861,9.874868320287655e-06,0.0002751641238219861,-1,0,0,0,-1,1,0,0,0
2613,187,76.34107774456054,0,0,0,4,14,0,0,0,0,0.0002751641238219861,9.874868320287655e-06,0.0002751641238219861,-1,0,0,0,-1,1,0,0,0
2614,1580,77.89519786302628,0,0,0,7,26,0,0,0,0,0.0002751641238219861,9.874868320287655e-06,0.0002751641238219861,-1,0,0,0,-1,1,0,0,0
2615,0,107.944391832442,0,0,0,2,18,0,0,0,0,0.0002751641238219861,9.874868320287655e-06,0.0002751641238219861,-1,0,0,0,-1,1,0,0,0
2616,841,97.91408798147039,0,0,0,3,17,0,0,0,0,0.0002751641238219861,9.874868320287655e-06,0.0002751641238219861,-1,0,0,0,-1,1,0,0,0
2617,30692,138.2795039820071,0,0,0,1,6,0,0,0,0,0.0002751641238219861,9.874868320287655e-06,0.0002751641238219861,-1,0,0,0,-1,1,1,1,0
2618,0,75.66948296696962,0,0,0,3,15,0,0,0,0,0.0002751641238219861,9.874868320287655e-06,0.0002751641238219861,-1,0,0,0,-1,1,0,0,0
2619,170,94.11369040181248,0,0,0,3,28,0,0,0,0,0.0002751641238219861,9.874868320287655e-06,0.0002751641238219861,-1,0,0,0,-1,1,0,0,0
2620,298,78.2280979342106,0,0,0,3,15,0,0,0,0,0.0002751641238219861,9.874868320287655e-06,0.0002751641238219861,-1,0,0,0,-1,1,0,0,0
2621,31407,138.279503999195,0,0,0,1,10,0,0,0,0,0.0002751641238219861,9.874868320287655e-06,0.0002751641238219861,-1,0,0,0,-1,1,1,1,0
2622,29836,138.2795040007884,0,0,0,1,5,0,0,0,0,0.0002751641238219861,9.874868320287655e-06,0.0002751641238219861,-1,0,0,0,-1,1,1,1,0
2623,29250,138.2795040032576,0,0,0,1,9,0,0,0,0,0.0002751641238219861,9.874868320287655e-06,0.0002751641238219861,-1,0,0,0,-1,1,1,1,0
2624,1849,81.08910542319359,0,0,0,5,14,0,0,0,0,0.0002751641238219861,9.874868320287655e-06,0.0002751641238219861,-1,0,0,0,-1,1,0,0,0
2625,29248,138.2795040034559,0,0,0,1,7,0,0,0,0,0.0002751641238219861,9.874868320287655e-06,0.0002751641238219861,-1,0,0,0,-1,1,1,1,0
2626,637,85.57076570512106,0,0,0,1,15,0,0,0,0,0.0002751641238219861,9.874868320287655e-06,0.0002751641238219861,-1,0,0,0,-1,1,0,0,0
2627,31153,138.2795039977586,0,0,0,1,6,0,0,0,0,0.0002751641238219861,9.874868320287655e-06,0.0002751641238219861,-1,0,0,0,-1,1,1,1,0
2628,2719,108.2974158415,0,0,0,4,20,0,0,0,0,0.0002751641238219861,9.874868320287655e-06,0.0002751641238219861,-1,0,0,0,-1,1,0,0,0
2629,0,95.72076523257779,0,0,0,3,25,0,0,0,0,0.0002751641238219861,9.874868320287655e-06,0.0002751641238219861,-1,0,0,0,-1,1,0,0,0
2630,2164,88.50596888351616,0,0,0,5,20,0,0,0,0,0.0002751641238219861,9.874868320287655e-06,0.0002751641238219861,-1,0,0,0,-1,1,0,0,0
2631,1254,75.65993103547548,0,0,0,4,30,0,0,0,0,0.0002751641238219861,9.874868320287655e-06,0.0002751641238219861,-1,0,0,0,-1,1,0,0,0
2632,1693,100.9158838579232,0,0,0,4,23,0,0,0,0,0.0002751641238219861,9.874868320287655e-06,0.0002751641238219861,-1,0,0,0,-1,1,0,0,0
2633,30248,138.2795040027181,0,0,0,1,8,0,0,0,0,0.0002751641238219861,9.874868320287655e-06,0.0002751641238219861,-1,0,0,0,-1,1,1,1,0
2634,29981,138.279503989367,0,0,0,1,1,0,0,0,0,0.0002751641238219861,9.874868320287655e-06,0.0002751641238219861,-1,0,0,0,-1,1,1,1,0
2635,188,72.82546660035418,0,0,0,5,31,0,0,0,0,0.0002751641238219861,9.874868320287655e-06,0.0002751641238219861,-1,0,0,0,-1,1,0,0,0
2636,29280,138.2795039944305,0,0,0,1,7,0,0,0,0,0.0002751641238219861,9.874868320287655e-06,0.0002751641238219861,-1,0,0,0,-1,1,1,1,0
2637,0,95.83463416384711,0,0,0,3,29,0,0,0,0,0.0002751641238219861,9.874868320287655e-06,0.0002751641238219861,-1,0,0,0,-1,1,0,0,0
2638,0,95.7981717450058,0,0,0,3,36,0,0,0,0,0.0002751641238219861,9.874868320287655e-06,0.0002751641238219861,-1,0,0,0,-1,1,0,0,0
2639,2140,72.84033732812159,0,0,0,6,26,0,0,0,0,0.0002751641238219861,9.874868320287655e-06,0.0002751641238219861,-1,0,0,0,-1,1,0,0,0
2640,4,83.64203779077503,0,0,0,4,24,0,0,0,0,0.0002751641238219861,9.874868320287655e-06,0.0002751641238219861,-1,0,0,0,-1,1,0,0,0
2641,0,78.17271775411902,0,0,0,2,14,0,0,0,0,0.0002751641238219861,9.874868320287655e-06,0.0002751641238219861,-1,0,0,0,-1,1,0,0,0
2642,0,78.18228744987469,0,0,0,2,23,0,0,0,0,0.0002751641238219861,9.874868320287655e-06,0.0002751641238219861,-1,0,0,0,-1,1,0,0,0
2643,1573,80.23875691577923,0,0,0,6,30,0,0,0,0,0.0002751641238219861,9.874868320287655e-06,0.0002751641238219861,-1,0,0,0,-1,1,0,0,0
2644,1001,92.4385121469757,0,0,0,4,11,0,0,0,0,0.0002751641238219861,9.874868320287655e-06,0.0002751641238219861,-1,0,0,0,-1,1,0,0,0
2645,738,95.9204850972079,0,0,0,3,21,0,0,0,0,0.0002751641238219861,9.874868320287655e-06,0.0002751641238219861,-1,0,0,0,-1,1,0,0,0
2646,30647,138.2795039999156,0,0,0,1,7,0,0,0,0,0.0002751641238219861,9.874868320287655e-06,0.0002751641238219861,-1,0,0,0,-1,1,1,1,0
2647,30645,138.2795039975051,0,0,0,1,6,0,0,0,0,0.0002751641238219861,9.874868320287655e-06,0.0002751641238219861,-1,0,0,0,-1,1,1,1,0
2648,332,81.29186139791099,0,0,0,4,24,0,0,0,0,0.0002751641238219861,9.874868320287655e-06,0.0002751641238219861,-1,0,0,0,-1,1,0,0,0
2649,29350,138.2795039962323,0,0,0,1,6,0,0,0,0,0.0002751641238219861,9.874868320287655e-06,0.0002751641238219861,-1,0,0,0,-1,1,1,1,0
2650,0,97.29287034330996,0,0,0,2,17,0,0,0,0,0.0002751641238219861,9.874868320287655e-06,0.0002751641238219861,-1,0,0,0,-1,1,0,0,0
2651,1198,83.4869895531139,0,0,0,4,12,0,0,0,0,0.0002751641238219861,9.874868320287655e-06,0.0002751641238219861,-1,0,0,0,-1,1,0,0,0
2652,348,107.9761180449383,0,0,0,2,13,0,0,0,0,0.0002751641238219861,9.874868320287655e-06,0.0002751641238219861,-1,0,0,0,-1,1,0,0,0
2653,226,87.06222721237695,0,0,0,3,29,0,0,0,0,0.0002751641238219861,9.874868320287655e-06,0.0002751641238219861,-1,0,0,0,-1,1,0,0,0
2654,1010,103.3971981880158,0,0,0,3,26,0,0,0,0,0.0002751641238219861,9.874868320287655e-06,0.0002751641238219861,-1,0,0,0,-1,1,0,0,0
2655,38,82.6410661094672,0,0,0,1,9,0,0,0,0,0.0002751641238219861,9.874868320287655e-06,0.0002751641238219861,-1,0,0,0,-1,1,0,0,0
2656,1728,81.423305145424,0,0,0,6,21,0,0,0,0,0.0002751641238219861,9.874868320287655e-06,0.0002751641238219861,-1,0,0,0,-1,1,0,0,0
2657,28154,138.2795040011172,0,0,0,1,5,0,0,0,0,0.0002751641238219861,9.874868320287655e-06,0.0002751641238219861,-1,0,0,0,-1,1,1,1,0
2658,30876,138.2795039961822,0,0,0,1,8,0,0,0,0,0.0002751641238219861,9.874868320287655e-06,0.0002751641238219861,-1,0,0,0,-1,1,1,1,0
2659,1070,80.46571701711706,0,0,0,3,17,0,0,0,0,0.0002751641238219861,9.874868320287655e-06,0.0002751641238219861,-1,0,0,0,-1,1,0,0,0
2660,30341,138.2795039912657,0,0,0,1,4,0,0,0,0,0.0002751641238219861,9.874868320287655e-06,0.0002751641238219861,-1,0,0,0,-1,1,1,1,0
2661,28999,138.279503999326,0,0,0,1,7,0,0,0,0,0.0002751641238219861,9.874868320287655e-06,0.0002751641238219861,-1,0,0,0,-1,1,1,1,0
2662,1181,74.98358993388675,0,0,0,4,24,0,0,0,0,0.0002751641238219861,9.874868320287655e-06,0.0002751641238219861,-1,0,0,0,-1,1,0,0,0
2663,29478,138.2795039415145,0,0,0,1,7,0,0,0,0,0.0002751641238219861,9.874868320287655e-06,0.0002751641238219861,-1,0,0,0,-1,1,1,1,0
2664,801,88.58657975161853,0,0,0,6,31,0,0,0,0,0.0002751641238219861,9.874868320287655e-06,0.0002751641238219861,-1,0,0,0,-1,1,0,0,0
2665,1509,72.72951435312417,0,0,0,6,20,0,0,0,0,0.0002751641238219861,9.874868320287655e-06,0.0002751641238219861,-1,0,0,0,-1,1,0,0,0
2666,28800,138.2795039996141,0,0,0,1,6,0,0,0,0,0.0002751641238219861,9.874868320287655e-06,0.0002751641238219861,-1,0,0,0,-1,1,1,1,0
2667,30353,138.2795040020064,0,0,0,1,11,0,0,0,0,0.0002751641238219861,9.874868320287655e-06,0.0002751641238219861,-1,0,0,0,-1,1,1,1,0
2668,28346,138.2795039997273,0,0,0,1,10,0,0,0,0,0.0002751641238219861,9.874868320287655e-06,0.0002751641238219861,-1,0,0,0,-1,1,1,1,0
2669,29823,138.2795039948364,0,0,0,1,3,0,0,0,0,0.0002751641238219861,9.874868320287655e-06,0.0002751641238219861,-1,0,0,0,-1,1,1,1,0
2670,297,95.71575280862413,0,0,0,4,25,0,0,0,0,0.0002751641238219861,9.874868320287655e-06,0.0002751641238219861,-1,0,0,0,-1,1,0,0,0
2671,874,97.96896067086985,0,0,0,3,12,0,0,0,0,0.0002751641238219861,9.874868320287655e-06,0.0002751641238219861,-1,0,0,0,-1,1,0,0,0
2672,30348,138.2795039944357,0,0,0,1,3,0,0,0,0,0.0002751641238219861,9.874868320287655e-06,0.0002751641238219861,-1,0,0,0,-1,1,1,1,0
2673,1656,66.36674422607838,0,0,0,5,14,0,0,0,0,0.0002751641238219861,9.874868320287655e-06,0.0002751641238219861,-1,0,0,0,-1,1,0,0,0
2674,0,78.12990264981384,0,0,0,2,14,0,0,0,0,0.0002751641238219861,9.874868320287655e-06,0.0002751641238219861,-1,0,0,0,-1,1,0,0,0
2675,0,98.4411604458885,0,0,0,3,24,0,0,0,0,0.0002751641238219861,9.874868320287655e-06,0.0002751641238219861,-1,0,0,0,-1,1,0,0,0
2676,0,78.12990263969795,0,0,0,2,21,0,0,0,0,0.0002751641238219861,9.874868320287655e-06,0.0002751641238219861,-1,0,0,0,-1,1,0,0,0
2677,0,104.201275648269,0,0,0,1,5,0,0,0,0,0.0002751641238219861,9.874868320287655e-06,0.0002751641238219861,-1,0,0,0,-1,1,0,0,0
2678,2381,74.38044978331205,0,0,0,4,27,0,0,0,0,0.0002751641238219861,9.874868320287655e-06,0.0002751641238219861,-1,0,0,0,-1,1,0,0,0
2679,562,69.19797699216808,0,0,0,6,23,0,0,0,0,0.0002751641238219861,9.874868320287655e-06,0.0002751641238219861,-1,0,0,0,-1,1,0,0,0
2680,0,104.2464977423721,0,0,0,1,11,0,0,0,0,0.0002751641238219861,9.874868320287655e-06,0.0002751641238219861,-1,0,0,0,-1,1,0,0,0
2681,0,80.5973987312651,0,0,0,2,21,0,0,0,0,0.0002751641238219861,9.874868320287655e-06,0.0002751641238219861,-1,0,0,0,-1,1,0,0,0
2682,0,97.98427097869308,0,0,0,2,11,0,0,0,0,0.0002751641238219861,9.874868320287655e-06,0.0002751641238219861,-1,0,0,0,-1,1,0,0,0
2683,0,97.29234890075459,0,0,0,2,24,0,0,0,0,0.0002751641238219861,9.874868320287655e-06,0.0002751641238219861,-1,0,0,0,-1,1,0,0,0
2684,0,79.65174883609239,0,0,0,2,17,0,0,0,0,0.0002751641238219861,9.874868320287655e-06,0.0002751641238219861,-1,0,0,0,-1,1,0,0,0
2685,28620,138.2795039913473,0,0,0,1,7,0,0,0,0,0.0002751641238219861,9.874868320287655e-06,0.0002751641238219861,-1,0,0,0,-1,1,1,1,0
2686,29573,138.2795039985907,0,0,0,1,10,0,0,0,0,0.0002751641238219861,9.874868320287655e-06,0.0002751641238219861,-1,0,0,0,-1,1,1,1,0
2687,1629,95.63767573815984,0,0,0,4,27,0,0,0,0,0.0002751641238219861,9.874868320287655e-06,0.0002751641238219861,-1,0,0,0,-1,1,0,0,0
2688,1562,100.7106818745149,0,0,0,3,11,0,0,0,0,0.0002751641238219861,9.874868320287655e-06,0.0002751641238219861,-1,0,0,0,-1,1,0,0,0
2689,2394,100.8127937950464,0,0,0,4,20,0,0,0,0,0.0002751641238219861,9.874868320287655e-06,0.0002751641238219861,-1,0,0,0,-1,1,0,0,0
2690,30502,138.2795040069262,0,0,0,1,6,0,0,0,0,0.0002751641238219861,9.874868320287655e-06,0.0002751641238219861,-1,0,0,0,-1,1,1,1,0
2691,29761,138.2795039989954,0,0,0,1,9,0,0,0,0,0.0002751641238219861,9.874868320287655e-06,0.0002751641238219861,-1,0,0,0,-1,1,1,1,0
2692,1472,90.78166921312506,0,0,0,5,13,0,0,0,0,0.0002751641238219861,9.874868320287655e-06,0.0002751641238219861,-1,0,0,0,-1,1,0,0,0
2693,123,66.03427564859061,0,0,0,2,9,0,0,0,0,0.0002751641238219861,9.874868320287655e-06,0.0002751641238219861,-1,0,0,0,-1,1,0,0,0
2694,0,97.9439156499337,0,0,0,2,21,0,0,0,0,0.0002751641238219861,9.874868320287655e-06,0.0002751641238219861,-1,0,0,0,-1,1,0,0,0
2695,31375,138.2795040003567,0,0,0,1,7,0,0,0,0,0.0002751641238219861,9.874868320287655e-06,0.0002751641238219861,-1,0,0,0,-1,1,1,1,0
2696,2308,90.79194509729616,0,0,0,4,20,0,0,0,0,0.0002751641238219861,9.874868320287655e-06,0.0002751641238219861,-1,0,0,0,-1,1,0,0,0
2697,30439,138.2795039966311,0,0,0,1,5,0,0,0,0,0.0002751641238219861,9.874868320287655e-06,0.0002751641238219861,-1,0,0,0,-1,1,1,1,0
2698,31784,138.2795039991679,0,0,0,1,7,0,0,0,0,0.0002751641238219861,9.874868320287655e-06,0.0002751641238219861,-1,0,0,0,-1,1,1,1,0
2699,199,86.61163564996222,0,0,0,1,10,0,0,0,0,0.0002751641238219861,9.874868320287655e-06,0.0002751641238219861,-1,0,0,0,-1,1,0,0,0
2700,29825,138.27950398122,0,0,0,1,11,0,0,0,0,0.0002751641238219861,9.874868320287655e-06,0.0002751641238219861,-1,0,0,0,-1,1,1,1,0
2701,28604,138.2795039998852,0,0,0,1,13,0,0,0,0,0.0002751641238219861,9.874868320287655e-06,0.0002751641238219861,-1,0,0,0,-1,1,1,1,0
2702,0,88.75966479854335,0,0,0,3,17,0,0,0,0,0.0002751641238219861,9.874868320287655e-06,0.0002751641238219861,-1,0,0,0,-1,1,0,0,0
2703,2361,90.95264275828113,0,0,0,6,22,0,0,0,0,0.0002751641238219861,9.874868320287655e-06,0.0002751641238219861,-1,0,0,0,-1,1,0,0,0
2704,31046,138.2795039981538,0,0,0,1,6,0,0,0,0,0.0002751641238219861,9.874868320287655e-06,0.0002751641238219861,-1,0,0,0,-1,1,1,1,0
2705,0,104.1236587365698,0,0,0,1,10,0,0,0,0,0.0002751641238219861,9.874868320287655e-06,0.0002751641238219861,-1,0,0,0,-1,1,0,0,0
2706,1722,109.0617460481411,0,0,0,2,10,0,0,0,0,0.0002751641238219861,9.874868320287655e-06,0.0002751641238219861,-1,0,0,0,-1,1,0,0,0
2707,30788,138.2795040064129,0,0,0,1,6,0,0,0,0,0.0002751641238219861,9.874868320287655e-06,0.0002751641238219861,-1,0,0,0,-1,1,1,1,0
2708,0,83.64211141150109,0,0,0,2,14,0,0,0,0,0.0002751641238219861,9.874868320287655e-06,0.0002751641238219861,-1,0,0,0,-1,1,0,0,0
2709,0,71.93195746833278,0,0,0,3,30,0,0,0,0,0.0002751641238219861,9.874868320287655e-06,0.0002751641238219861,-1,0,0,0,-1,1,0,0,0
2710,1209,97.9963215387338,0,0,0,3,24,0,0,0,0,0.0002751641238219861,9.874868320287655e-06,0.0002751641238219861,-1,0,0,0,-1,1,0,0,0
2711,0,95.34304891294349,0,0,0,1,12,0,0,0,0,0.0002751641238219861,9.874868320287655e-06,0.0002751641238219861,-1,0,0,0,-1,1,0,0,0
2712,30136,138.2795040121389,0,0,0,1,4,0,0,0,0,0.0002751641238219861,9.874868320287655e-06,0.0002751641238219861,-1,0,0,0,-1,1,1,1,0
2713,532,83.368741349527,0,0,0,2,13,0,0,0,0,0.0002751641238219861,9.874868320287655e-06,0.0002751641238219861,-1,0,0,0,-1,1,0,0,0
2714,0,86.85475873068133,0,0,0,1,7,0,0,0,0,0.0002751641238219861,9.874868320287655e-06,0.0002751641238219861,-1,0,0,0,-1,1,0,0,0
2715,0,110.1957791610865,0,0,0,1,6,0,0,0,0,0.0002751641238219861,9.874868320287655e-06,0.0002751641238219861,-1,0,0,0,-1,1,0,0,0
2716,30346,138.2795039682458,0,0,0,1,5,0,0,0,0,0.0002751641238219861,9.874868320287655e-06,0.0002751641238219861,-1,0,0,0,-1,1,1,1,0
2717,137,73.459660305066,0,0,0,3,22,0,0,0,0,0.0002751641238219861,9.874868320287655e-06,0.0002751641238219861,-1,0,0,0,-1,1,0,0,0
2718,687,58.32697436787684,0,0,0,8,35,0,0,0,0,0.0002751641238219861,9.874868320287655e-06,0.0002751641238219861,-1,0,0,0,-1,1,0,0,0
2719,27826,138.279503996685,0,0,0,1,3,0,0,0,0,0.0002751641238219861,9.874868320287655e-06,0.0002751641238219861,-1,0,0,0,-1,1,1,1,0
2720,29298,138.2795039999839,0,0,0,1,9,0,0,0,0,0.0002751641238219861,9.874868320287655e-06,0.0002751641238219861,-1,0,0,0,-1,1,1,1,0
2721,2180,95.58051738886627,0,0,0,5,24,0,0,0,0,0.0002751641238219861,9.874868320287655e-06,0.0002751641238219861,-1,0,0,0,-1,1,0,0,0
2722,821,83.54575649786996,0,0,0,5,27,0,0,0,0,0.0002751641238219861,9.874868320287655e-06,0.0002751641238219861,-1,0,0,0,-1,1,0,0,0
2723,2112,62.0759512701516,0,0,0,4,22,0,0,0,0,0.0002751641238219861,9.874868320287655e-06,0.0002751641238219861,-1,0,0,0,-1,1,0,0,0
2724,0,97.94391564988467,0,0,0,2,14,0,0,0,0,0.0002751641238219861,9.874868320287655e-06,0.0002751641238219861,-1,0,0,0,-1,1,0,0,0
2725,0,59.83859848771055,0,0,0,2,21,0,0,0,0,0.0002751641238219861,9.874868320287655e-06,0.0002751641238219861,-1,0,0,0,-1,1,0,0,0
2726,31559,138.2795040000262,0,0,0,1,9,0,0,0,0,0.0002751641238219861,9.874868320287655e-06,0.0002751641238219861,-1,0,0,0,-1,1,1,1,0
2727,2768,96.64375867215925,0,0,0,6,22,0,0,0,0,0.0002751641238219861,9.874868320287655e-06,0.0002751641238219861,-1,0,0,0,-1,1,0,0,0
2728,29335,138.2795040000479,0,0,0,1,8,0,0,0,0,0.0002751641238219861,9.874868320287655e-06,0.0002751641238219861,-1,0,0,0,-1,1,1,1,0
2729,30645,138.2795040009986,0,0,0,1,4,0,0,0,0,0.0002751641238219861,9.874868320287655e-06,0.0002751641238219861,-1,0,0,0,-1,1,1,1,0
2730,1014,95.27963411789194,0,0,0,2,7,0,0,0,0,0.0002751641238219861,9.874868320287655e-06,0.0002751641238219861,-1,0,0,0,-1,1,0,0,0
2731,49,80.98996781664347,0,0,0,4,22,0,0,0,0,0.0002751641238219861,9.874868320287655e-06,0.0002751641238219861,-1,0,0,0,-1,1,0,0,0
2732,740,98.113597675474,0,0,0,3,17,0,0,0,0,0.0002751641238219861,9.874868320287655e-06,0.0002751641238219861,-1,0,0,0,-1,1,0,0,0
2733,0,78.16969813118565,0,0,0,2,19,0,0,0,0,0.0002751641238219861,9.874868320287655e-06,0.0002751641238219861,-1,0,0,0,-1,1,0,0,0
2734,501,80.41201994304957,0,0,0,2,4,0,0,0,0,0.0002751641238219861,9.874868320287655e-06,0.0002751641238219861,-1,0,0,0,-1,1,0,0,0
2735,738,52.72374824834522,0,0,0,6,16,0,0,0,0,0.0002751641238219861,9.874868320287655e-06,0.0002751641238219861,-1,0,0,0,-1,1,0,0,0
2736,2679,95.85166247392334,0,0,0,3,17,0,0,0,0,0.0002751641238219861,9.874868320287655e-06,0.0002751641238219861,-1,0,0,0,-1,1,0,0,0
2737,2384,58.41652560474346,0,0,0,4,13,0,0,0,0,0.0002751641238219861,9.874868320287655e-06,0.0002751641238219861,-1,0,0,0,-1,1,0,0,0
2738,30767,138.2795039842623,0,0,0,1,7,0,0,0,0,0.0002751641238219861,9.874868320287655e-06,0.0002751641238219861,-1,0,0,0,-1,1,1,1,0
2739,29888,138.2795039954188,0,0,0,1,5,0,0,0,0,0.0002751641238219861,9.874868320287655e-06,0.0002751641238219861,-1,0,0,0,-1,1,1,1,0
2740,1759,73.53488097738258,0,0,0,4,15,0,0,0,0,0.0002751641238219861,9.874868320287655e-06,0.0002751641238219861,-1,0,0,0,-1,1,0,0,0
2741,1243,77.22822673981403,0,0,0,3,7,0,0,0,0,0.0002751641238219861,9.874868320287655e-06,0.0002751641238219861,-1,0,0,0,-1,1,0,0,0
2742,30443,138.2795039979126,0,0,0,1,10,0,0,0,0,0.0002751641238219861,9.874868320287655e-06,0.0002751641238219861,-1,0,0,0,-1,1,1,1,0
2743,1585,71.93250081357363,0,0,0,4,30,0,0,0,0,0.0002751641238219861,9.874868320287655e-06,0.0002751641238219861,-1,0,0,0,-1,1,0,0,0
2744,0,95.71954264987077,0,0,0,3,20,0,0,0,0,0.0002751641238219861,9.874868320287655e-06,0.0002751641238219861,-1,0,0,0,-1,1,0,0,0
2745,1608,97.94116080381663,0,0,0,3,15,0,0,0,0,0.0002751641238219861,9.874868320287655e-06,0.0002751641238219861,-1,0,0,0,-1,1,0,0,0
2746,1177,80.70269519604771,0,0,0,5,19,0,0,0,0,0.0002751641238219861,9.874868320287655e-06,0.0002751641238219861,-1,0,0,0,-1,1,0,0,0
2747,30469,138.2795040118624,0,0,0,1,5,0,0,0,0,0.0002751641238219861,9.874868320287655e-06,0.0002751641238219861,-1,0,0,0,-1,1,1,1,0
2748,483,79.40710263827938,0,0,0,3,15,0,0,0,0,0.0002751641238219861,9.874868320287655e-06,0.0002751641238219861,-1,0,0,0,-1,1,0,0,0
2749,997,95.78007399178694,0,0,0,4,29,0,0,0,0,0.0002751641238219861,9.874868320287655e-06,0.0002751641238219861,-1,0,0,0,-1,1,0,0,0
2750,1597,88.7288819324307,0,0,0,6,19,0,0,0,0,0.0002751641238219861,9.874868320287655e-06,0.0002751641238219861,-1,0,0,0,-1,1,0,0,0
2751,0,84.75066844331519,0,0,0,2,12,0,0,0,0,0.0002751641238219861,9.874868320287655e-06,0.0002751641238219861,-1,0,0,0,-1,1,0,0,0
2752,0,104.2578941147174,0,0,0,1,6,0,0,0,0,0.0002751641238219861,9.874868320287655e-06,0.0002751641238219861,-1,0,0,0,-1,1,0,0,0
2753,1057,85.77890899917824,0,0,0,5,31,0,0,0,0,0.0002751641238219861,9.874868320287655e-06,0.0002751641238219861,-1,0,0,0,-1,1,0,0,0
2754,118,97.92937571188402,0,0,0,4,17,0,0,0,0,0.0002751641238219861,9.874868320287655e-06,0.0002751641238219861,-1,0,0,0,-1,1,0,0,0
2755,0,103.0949663683224,0,0,0,3,27,0,0,0,0,0.0002751641238219861,9.874868320287655e-06,0.0002751641238219861,-1,0,0,0,-1,1,0,0,0
2756,2394,80.13689642035779,0,0,0,6,32,0,0,0,0,0.0002751641238219861,9.874868320287655e-06,0.0002751641238219861,-1,0,0,0,-1,1,0,0,0
2757,31015,138.2795040103706,0,0,0,1,6,0,0,0,0,0.0002751641238219861,9.874868320287655e-06,0.0002751641238219861,-1,0,0,0,-1,1,1,1,0
2758,0,55.16822676398792,0,0,0,5,23,0,0,0,0,0.0002751641238219861,9.874868320287655e-06,0.0002751641238219861,-1,0,0,0,-1,1,0,0,0
2759,1037,70.60425434755075,0,0,0,3,21,0,0,0,0,0.0002751641238219861,9.874868320287655e-06,0.0002751641238219861,-1,0,0,0,-1,1,0,0,0
2760,0,81.82802600099161,0,0,0,1,7,0,0,0,0,0.0002751641238219861,9.874868320287655e-06,0.0002751641238219861,-1,0,0,0,-1,1,0,0,0
2761,0,86.85475873130527,0,0,0,1,7,0,0,0,0,0.0002751641238219861,9.874868320287655e-06,0.0002751641238219861,-1,0,0,0,-1,1,0,0,0
2762,689,78.11427290700459,0,0,0,3,13,0,0,0,0,0.0002751641238219861,9.874868320287655e-06,0.0002751641238219861,-1,0,0,0,-1,1,0,0,0
2763,30779,138.2795039993433,0,0,0,1,10,0,0,0,0,0.0002751641238219861,9.874868320287655e-06,0.0002751641238219861,-1,0,0,0,-1,1,1,1,0
2764,1193,78.23122579436961,0,0,0,3,16,0,0,0,0,0.0002751641238219861,9.874868320287655e-06,0.0002751641238219861,-1,0,0,0,-1,1,0,0,0
2765,0,88.54506231280838,0,0,0,4,24,0,0,0,0,0.0002751641238219861,9.874868320287655e-06,0.0002751641238219861,-1,0,0,0,-1,1,0,0,0
2766,30081,138.2795039999128,0,0,0,1,4,0,0,0,0,0.0002751641238219861,9.874868320287655e-06,0.0002751641238219861,-1,0,0,0,-1,1,1,1,0
2767,1200,66.27561272206489,0,0,0,5,28,0,0,0,0,0.0002751641238219861,9.874868320287655e-06,0.0002751641238219861,-1,0,0,0,-1,1,0,0,0
2768,1402,88.53528522538829,0,0,0,4,24,0,0,0,0,0.0002751641238219861,9.874868320287655e-06,0.0002751641238219861,-1,0,0,0,-1,1,0,0,0
2769,3111,83.66882983995572,0,0,0,5,25,0,0,0,0,0.0002751641238219861,9.874868320287655e-06,0.0002751641238219861,-1,0,0,0,-1,1,0,0,0
2770,0,62.45173388364407,0,0,0,5,35,0,0,0,0,0.0002751641238219861,9.874868320287655e-06,0.0002751641238219861,-1,0,0,0,-1,1,0,0,0
2771,1943,67.45660672906595,0,0,0,4,17,0,0,0,0,0.0002751641238219861,9.874868320287655e-06,0.0002751641238219861,-1,0,0,0,-1,1,0,0,0
2772,0,87.44186589955483,0,0,0,3,14,0,0,0,0,0.0002751641238219861,9.874868320287655e-06,0.0002751641238219861,-1,0,0,0,-1,1,0,0,0
2773,0,92.29778537376956,0,0,0,3,12,0,0,0,0,0.0002751641238219861,9.874868320287655e-06,0.0002751641238219861,-1,0,0,0,-1,1,0,0,0
2774,348,73.6623674803696,0,0,0,3,16,0,0,0,0,0.0002751641238219861,9.874868320287655e-06,0.0002751641238219861,-1,0,0,0,-1,1,0,0,0
2775,2826,72.72245227455548,0,0,0,6,23,0,0,0,0,0.0002751641238219861,9.874868320287655e-06,0.0002751641238219861,-1,0,0,0,-1,1,0,0,0
2776,0,81.41401326664722,0,0,0,4,27,0,0,0,0,0.0002751641238219861,9.874868320287655e-06,0.0002751641238219861,-1,0,0,0,-1,1,0,0,0
2777,30196,138.2795039999973,0,0,0,1,8,0,0,0,0,0.0002751641238219861,9.874868320287655e-06,0.0002751641238219861,-1,0,0,0,-1,1,1,1,0
2778,1022,85.04892076902463,0,0,0,4,28,0,0,0,0,0.0002751641238219861,9.874868320287655e-06,0.0002751641238219861,-1,0,0,0,-1,1,0,0,0
2779,30133,138.2795040036004,0,0,0,1,8,0,0,0,0,0.0002751641238219861,9.874868320287655e-06,0.0002751641238219861,-1,0,0,0,-1,1,1,1,0
2780,30898,138.2795040033478,0,0,0,1,10,0,0,0,0,0.0002751641238219861,9.874868320287655e-06,0.0002751641238219861,-1,0,0,0,-1,1,1,1,0
2781,2555,107.9138472161858,0,0,0,4,17,0,0,0,0,0.0002751641238219861,9.874868320287655e-06,0.0002751641238219861,-1,0,0,0,-1,1,0,0,0
2782,0,74.09691564993035,0,0,0,2,18,0,0,0,0,0.0002751641238219861,9.874868320287655e-06,0.0002751641238219861,-1,0,0,0,-1,1,0,0,0
2783,321,66.06129809907826,0,0,0,3,19,0,0,0,0,0.0002751641238219861,9.874868320287655e-06,0.0002751641238219861,-1,0,0,0,-1,1,0,0,0
2784,0,78.12990264993519,0,0,0,2,17,0,0,0,0,0.0002751641238219861,9.874868320287655e-06,0.0002751641238219861,-1,0,0,0,-1,1,0,0,0
2785,0,80.35427564996736,0,0,0,1,9,0,0,0,0,0.0002751641238219861,9.874868320287655e-06,0.0002751641238219861,-1,0,0,0,-1,1,0,0,0
2786,0,95.71954264980535,0,0,0,3,35,0,0,0,0,0.0002751641238219861,9.874868320287655e-06,0.0002751641238219861,-1,0,0,0,-1,1,0,0,0
2787,229,97.95819609552683,0,0,0,3,29,0,0,0,0,0.0002751641238219861,9.874868320287655e-06,0.0002751641238219861,-1,0,0,0,-1,1,0,0,0
2788,30174,138.2795039928087,0,0,0,1,3,0,0,0,0,0.0002751641238219861,9.874868320287655e-06,0.0002751641238219861,-1,0,0,0,-1,1,1,1,0
2789,1025,62.73485632772162,0,0,0,4,10,0,0,0,0,0.0002751641238219861,9.874868320287655e-06,0.0002751641238219861,-1,0,0,0,-1,1,0,0,0
2790,3434,91.68139556558675,0,0,0,4,18,0,0,0,0,0.0002751641238219861,9.874868320287655e-06,0.0002751641238219861,-1,0,0,0,-1,1,0,0,0
2791,31369,138.2795039996812,0,0,0,1,7,0,0,0,0,0.0002751641238219861,9.874868320287655e-06,0.0002751641238219861,-1,0,0,0,-1,1,1,1,0
2792,344,94.59546967926441,0,0,0,2,10,0,0,0,0,0.0002751641238219861,9.874868320287655e-06,0.0002751641238219861,-1,0,0,0,-1,1,0,0,0
2793,29518,140.5038770000001,0,0,0,1,7,0,0,0,0,0.0002751641238219861,9.874868320287655e-06,0.0002751641238219861,-1,0,0,0,-1,1,1,1,0
2794,0,108.0832472300556,0,0,0,2,19,0,0,0,0,0.0002751641238219861,9.874868320287655e-06,0.0002751641238219861,-1,0,0,0,-1,1,0,0,0
2795,0,54.28290264991551,0,0,0,2,15,0,0,0,0,0.0002751641238219861,9.874868320287655e-06,0.0002751641238219861,-1,0,0,0,-1,1,0,0,0
2796,30468,138.279504004055,0,0,0,1,5,0,0,0,0,0.0002751641238219861,9.874868320287655e-06,0.0002751641238219861,-1,0,0,0,-1,1,1,1,0
2797,195,87.19912661366443,0,0,0,0,1,0,0,0,0,0.0002751641238219861,9.874868320287655e-06,0.0002751641238219861,-1,0,0,0,-1,1,0,0,0
2798,1107,95.73374914474985,0,0,0,4,30,0,0,0,0,0.0002751641238219861,9.874868320287655e-06,0.0002751641238219861,-1,0,0,0,-1,1,0,0,0
2799,29543,138.279503993874,0,0,0,1,6,0,0,0,0,0.0002751641238219861,9.874868320287655e-06,0.0002751641238219861,-1,0,0,0,-1,1,1,1,0
2800,29769,138.2795039982199,0,0,0,1,6,0,0,0,0,0.0002751641238219861,9.874868320287655e-06,0.0002751641238219861,-1,0,0,0,-1,1,1,1,0
2801,1897,89.68779717984756,0,0,0,4,18,0,0,0,0,0.0002751641238219861,9.874868320287655e-06,0.0002751641238219861,-1,0,0,0,-1,1,0,0,0
2802,3744,85.71772018317741,0,0,0,5,25,0,0,0,0,0.0002751641238219861,9.874868320287655e-06,0.0002751641238219861,-1,0,0,0,-1,1,0,0,0
2803,288,92.27101640357998,0,0,0,4,27,0,0,0,0,0.0002751641238219861,9.874868320287655e-06,0.0002751641238219861,-1,0,0,0,-1,1,0,0,0
2804,0,81.82802600115259,0,0,0,1,10,0,0,0,0,0.0002751641238219861,9.874868320287655e-06,0.0002751641238219861,-1,0,0,0,-1,1,0,0,0
2805,31180,138.2795039999589,0,0,0,1,4,0,0,0,0,0.0002751641238219861,9.874868320287655e-06,0.0002751641238219861,-1,0,0,0,-1,1,1,1,0
2806,1033,68.37755748194326,0,0,0,3,11,0,0,0,0,0.0002751641238219861,9.874868320287655e-06,0.0002751641238219861,-1,0,0,0,-1,1,0,0,0
2807,768,93.13237277056889,0,0,0,3,15,0,0,0,0,0.0002751641238219861,9.874868320287655e-06,0.0002751641238219861,-1,0,0,0,-1,1,0,0,0
2808,0,66.07703892120706,0,0,0,1,12,0,0,0,0,0.0002751641238219861,9.874868320287655e-06,0.0002751641238219861,-1,0,0,0,-1,1,0,0,0
2809,0,84.38726264967742,0,0,0,1,6,0,0,0,0,0.0002751641238219861,9.874868320287655e-06,0.0002751641238219861,-1,0,0,0,-1,1,0,0,0
2810,1141,74.80046996418316,0,0,0,5,31,0,0,0,0,0.0002751641238219861,9.874868320287655e-06,0.0002751641238219861,-1,0,0,0,-1,1,0,0,0
2811,0,95.76101126904588,0,0,0,3,23,0,0,0,0,0.0002751641238219861,9.874868320287655e-06,0.0002751641238219861,-1,0,0,0,-1,1,0,0,0
2812,2098,69.21638310545258,0,0,0,7,29,0,0,0,0,0.0002751641238219861,9.874868320287655e-06,0.0002751641238219861,-1,0,0,0,-1,1,0,0,0
2813,29658,138.2795039945638,0,0,0,1,4,0,0,0,0,0.0002751641238219861,9.874868320287655e-06,0.0002751641238219861,-1,0,0,0,-1,1,1,1,0
2814,0,78.12990264878763,0,0,0,2,17,0,0,0,0,0.0002751641238219861,9.874868320287655e-06,0.0002751641238219861,-1,0,0,0,-1,1,0,0,0
2815,31874,138.2795040079449,0,0,0,1,5,0,0,0,0,0.0002751641238219861,9.874868320287655e-06,0.0002751641238219861,-1,0,0,0,-1,1,1,1,0
2816,1887,67.86278036644418,0,0,0,7,26,0,0,0,0,0.0002751641238219861,9.874868320287655e-06,0.0002751641238219861,-1,0,0,0,-1,1,0,0,0
2817,1304,82.05541430670273,0,0,0,7,34,0,0,0,0,0.0002751641238219861,9.874868320287655e-06,0.0002751641238219861,-1,0,0,0,-1,1,0,0,0
2818,29260,138.2795040014852,0,0,0,1,3,0,0,0,0,0.0002751641238219861,9.874868320287655e-06,0.0002751641238219861,-1,0,0,0,-1,1,1,1,0
2819,634,72.52407004302155,0,0,0,4,16,0,0,0,0,0.0002751641238219861,9.874868320287655e-06,0.0002751641238219861,-1,0,0,0,-1,1,0,0,0
2820,1883,78.04328560341337,0,0,0,4,20,0,0,0,0,0.0002751641238219861,9.874868320287655e-06,0.0002751641238219861,-1,0,0,0,-1,1,0,0,0
2821,715,78.70883697459533,0,0,0,4,18,0,0,0,0,0.0002751641238219861,9.874868320287655e-06,0.0002751641238219861,-1,0,0,0,-1,1,0,0,0
2822,31120,138.2795039996015,0,0,0,1,4,0,0,0,0,0.0002751641238219861,9.874868320287655e-06,0.0002751641238219861,-1,0,0,0,-1,1,1,1,0
2823,0,103.0644024713977,0,0,0,3,24,0,0,0,0,0.0002751641238219861,9.874868320287655e-06,0.0002751641238219861,-1,0,0,0,-1,1,0,0,0
2824,1115,100.7159880844736,0,0,0,4,15,0,0,0,0,0.0002751641238219861,9.874868320287655e-06,0.0002751641238219861,-1,0,0,0,-1,1,0,0,0
2825,1913,83.61614465210234,0,0,0,5,22,0,0,0,0,0.0002751641238219861,9.874868320287655e-06,0.0002751641238219861,-1,0,0,0,-1,1,0,0,0
2826,0,84.38726264994435,0,0,0,1,10,0,0,0,0,0.0002751641238219861,9.874868320287655e-06,0.0002751641238219861,-1,0,0,0,-1,1,0,0,0
2827,28953,138.2795040102384,0,0,0,1,6,0,0,0,0,0.0002751641238219861,9.874868320287655e-06,0.0002751641238219861,-1,0,0,0,-1,1,1,1,0
2828,1853,84.97559491118305,0,0,0,4,21,0,0,0,0,0.0002751641238219861,9.874868320287655e-06,0.0002751641238219861,-1,0,0,0,-1,1,0,0,0
2829,30058,138.2795040022341,0,0,0,1,2,0,0,0,0,0.0002751641238219861,9.874868320287655e-06,0.0002751641238219861,-1,0,0,0,-1,1,1,1,0
2830,29580,138.2795039998987,0,0,0,1,3,0,0,0,0,0.0002751641238219861,9.874868320287655e-06,0.0002751641238219861,-1,0,0,0,-1,1,1,1,0
2831,0,66.03427564952753,0,0,0,1,11,0,0,0,0,0.0002751641238219861,9.874868320287655e-06,0.0002751641238219861,-1,0,0,0,-1,1,0,0,0
2832,0,100.8613746180232,0,0,0,3,21,0,0,0,0,0.0002751641238219861,9.874868320287655e-06,0.0002751641238219861,-1,0,0,0,-1,1,0,0,0
2833,1170,69.74117210376541,0,0,0,5,26,0,0,0,0,0.0002751641238219861,9.874868320287655e-06,0.0002751641238219861,-1,0,0,0,-1,1,0,0,0
2834,1158,74.68873052108843,0,0,0,4,10,0,0,0,0,0.0002751641238219861,9.874868320287655e-06,0.0002751641238219861,-1,0,0,0,-1,1,0,0,0
2835,67,83.53764135221701,0,0,0,3,15,0,0,0,0,0.0002751641238219861,9.874868320287655e-06,0.0002751641238219861,-1,0,0,0,-1,1,0,0,0
2836,1458,59.85836314070286,0,0,0,5,28,0,0,0,0,0.0002751641238219861,9.874868320287655e-06,0.0002751641238219861,-1,0,0,0,-1,1,0,0,0
2837,0,86.85475873119621,0,0,0,1,9,0,0,0,0,0.0002751641238219861,9.874868320287655e-06,0.0002751641238219861,-1,0,0,0,-1,1,0,0,0
2838,29904,138.2795039994827,0,0,0,1,3,0,0,0,0,0.0002751641238219861,9.874868320287655e-06,0.0002751641238219861,-1,0,0,0,-1,1,1,1,0
2839,29218,138.2795040000273,0,0,0,1,4,0,0,0,0,0.0002751641238219861,9.874868320287655e-06,0.0002751641238219861,-1,0,0,0,-1,1,1,1,0
2840,0,107.9450849758036,0,0,0,2,19,0,0,0,0,0.0002751641238219861,9.874868320287655e-06,0.0002751641238219861,-1,0,0,0,-1,1,0,0,0
2841,0,56.50727564933416,0,0,0,1,3,0,0,0,0,0.0002751641238219861,9.874868320287655e-06,0.0002751641238219861,-1,0,0,0,-1,1,0,0,0
2842,312,96.75465539669388,0,0,0,3,19,0,0,0,0,0.0002751641238219861,9.874868320287655e-06,0.0002751641238219861,-1,0,0,0,-1,1,0,0,0
2843,487,93.07313253880925,0,0,0,4,34,0,0,0,0,0.0002751641238219861,9.874868320287655e-06,0.0002751641238219861,-1,0,0,0,-1,1,0,0,0
2844,187,63.02718677799045,0,0,0,5,20,0,0,0,0,0.0002751641238219861,9.874868320287655e-06,0.0002751641238219861,-1,0,0,0,-1,1,0,0,0
2845,30818,138.2795040019475,0,0,0,1,6,0,0,0,0,0.0002751641238219861,9.874868320287655e-06,0.0002751641238219861,-1,0,0,0,-1,1,1,1,0
2846,50,78.49834176491477,0,0,0,4,30,0,0,0,0,0.0002751641238219861,9.874868320287655e-06,0.0002751641238219861,-1,0,0,0,-1,1,0,0,0
2847,134,62.19956951416926,0,0,0,6,19,0,0,0,0,0.0002751641238219861,9.874868320287655e-06,0.0002751641238219861,-1,0,0,0,-1,1,0,0,0
2848,28553,138.2795040007084,0,0,0,1,5,0,0,0,0,0.0002751641238219861,9.874868320287655e-06,0.0002751641238219861,-1,0,0,0,-1,1,1,1,0
2849,30515,138.2795039960275,0,0,0,1,10,0,0,0,0,0.0002751641238219861,9.874868320287655e-06,0.0002751641238219861,-1,0,0,0,-1,1,1,1,0
2850,29556,138.2795039997574,0,0,0,1,4,0,0,0,0,0.0002751641238219861,9.874868320287655e-06,0.0002751641238219861,-1,0,0,0,-1,1,1,1,0
2851,1557,75.98273587204542,0,0,0,4,19,0,0,0,0,0.0002751641238219861,9.874868320287655e-06,0.0002751641238219861,-1,0,0,0,-1,1,0,0,0
2852,29002,138.2795039959671,0,0,0,1,9,0,0,0,0,0.0002751641238219861,9.874868320287655e-06,0.0002751641238219861,-1,0,0,0,-1,1,1,1,0
2853,1356,76.4555376455391,0,0,0,5,18,0,0,0,0,0.0002751641238219861,9.874868320287655e-06,0.0002751641238219861,-1,0,0,0,-1,1,0,0,0
2854,1563,100.6314382906941,0,0,0,4,17,0,0,0,0,0.0002751641238219861,9.874868320287655e-06,0.0002751641238219861,-1,0,0,0,-1,1,0,0,0
2855,29480,138.2795040030069,0,0,0,1,4,0,0,0,0,0.0002751641238219861,9.874868320287655e-06,0.0002751641238219861,-1,0,0,0,-1,1,1,1,0
2856,30565,138.2795040048582,0,0,0,1,7,0,0,0,0,0.0002751641238219861,9.874868320287655e-06,0.0002751641238219861,-1,0,0,0,-1,1,1,1,0
2857,28796,138.279503996416,0,0,0,1,7,0,0,0,0,0.0002751641238219861,9.874868320287655e-06,0.0002751641238219861,-1,0,0,0,-1,1,1,1,0
2858,88,83.53510879065416,0,0,0,5,22,0,0,0,0,0.0002751641238219861,9.874868320287655e-06,0.0002751641238219861,-1,0,0,0,-1,1,0,0,0
2859,30253,138.2795040003709,0,0,0,1,6,0,0,0,0,0.0002751641238219861,9.874868320287655e-06,0.0002751641238219861,-1,0,0,0,-1,1,1,1,0
2860,429,71.89455351679453,0,0,0,4,20,0,0,0,0,0.0002751641238219861,9.874868320287655e-06,0.0002751641238219861,-1,0,0,0,-1,1,0,0,0
2861,252,95.88091086738127,0,0,0,3,12,0,0,0,0,0.0002751641238219861,9.874868320287655e-06,0.0002751641238219861,-1,0,0,0,-1,1,0,0,0
2862,30733,138.2795039999856,0,0,0,1,8,0,0,0,0,0.0002751641238219861,9.874868320287655e-06,0.0002751641238219861,-1,0,0,0,-1,1,1,1,0
2863,656,110.2128779427158,0,0,0,2,17,0,0,0,0,0.0002751641238219861,9.874868320287655e-06,0.0002751641238219861,-1,0,0,0,-1,1,0,0,0
2864,29609,138.2795040109079,0,0,0,1,4,0,0,0,0,0.0002751641238219861,9.874868320287655e-06,0.0002751641238219861,-1,0,0,0,-1,1,1,1,0
2865,31442,138.2795039952362,0,0,0,1,5,0,0,0,0,0.0002751641238219861,9.874868320287655e-06,0.0002751641238219861,-1,0,0,0,-1,1,1,1,0
2866,1070,78.18703140809227,0,0,0,3,14,0,0,0,0,0.0002751641238219861,9.874868320287655e-06,0.0002751641238219861,-1,0,0,0,-1,1,0,0,0
2867,28501,138.2795040075348,0,0,0,1,8,0,0,0,0,0.0002751641238219861,9.874868320287655e-06,0.0002751641238219861,-1,0,0,0,-1,1,1,1,0
2868,29738,138.2795039954177,0,0,0,1,7,0,0,0,0,0.0002751641238219861,9.874868320287655e-06,0.0002751641238219861,-1,0,0,0,-1,1,1,1,0
2869,28390,138.2795039927977,0,0,0,1,5,0,0,0,0,0.0002751641238219861,9.874868320287655e-06,0.0002751641238219861,-1,0,0,0,-1,1,1,1,0
2870,0,53.51955564990328,0,0,0,3,27,0,0,0,0,0.0002751641238219861,9.874868320287655e-06,0.0002751641238219861,-1,0,0,0,-1,1,0,0,0
2871,0,88.55616156109008,0,0,0,4,23,0,0,0,0,0.0002751641238219861,9.874868320287655e-06,0.0002751641238219861,-1,0,0,0,-1,1,0,0,0
2872,29878,138.2795039948876,0,0,0,1,4,0,0,0,0,0.0002751641238219861,9.874868320287655e-06,0.0002751641238219861,-1,0,0,0,-1,1,1,1,0
2873,2419,87.20846580975376,0,0,0,5,20,0,0,0,0,0.0002751641238219861,9.874868320287655e-06,0.0002751641238219861,-1,0,0,0,-1,1,0,0,0
2874,1906,77.081795040031,0,0,0,4,21,0,0,0,0,0.0002751641238219861,9.874868320287655e-06,0.0002751641238219861,-1,0,0,0,-1,1,0,0,0
2875,0,55.55873992783944,0,0,0,4,26,0,0,0,0,0.0002751641238219861,9.874868320287655e-06,0.0002751641238219861,-1,0,0,0,-1,1,0,0,0
2876,27860,138.2795040019129,0,0,0,1,7,0,0,0,0,0.0002751641238219861,9.874868320287655e-06,0.0002751641238219861,-1,0,0,0,-1,1,1,1,0
2877,30332,138.2795039899125,0,0,0,1,6,0,0,0,0,0.0002751641238219861,9.874868320287655e-06,0.0002751641238219861,-1,0,0,0,-1,1,1,1,0
2878,29627,138.2795040000515,0,0,0,1,4,0,0,0,0,0.0002751641238219861,9.874868320287655e-06,0.0002751641238219861,-1,0,0,0,-1,1,1,1,0
2879,2587,80.92934110679217,0,0,0,7,29,0,0,0,0,0.0002751641238219861,9.874868320287655e-06,0.0002751641238219861,-1,0,0,0,-1,1,0,0,0
2880,880,72.93547273517603,0,0,0,6,38,0,0,0,0,0.0002751641238219861,9.874868320287655e-06,0.0002751641238219861,-1,0,0,0,-1,1,0,0,0
2881,763,70.94714648557253,0,0,0,3,24,0,0,0,0,0.0002751641238219861,9.874868320287655e-06,0.0002751641238219861,-1,0,0,0,-1,1,0,0,0
2882,276,107.9394779088524,0,0,0,2,22,0,0,0,0,0.0002751641238219861,9.874868320287655e-06,0.0002751641238219861,-1,0,0,0,-1,1,0,0,0
2883,108,88.61631789448084,0,0,0,4,34,0,0,0,0,0.0002751641238219861,9.874868320287655e-06,0.0002751641238219861,-1,0,0,0,-1,1,0,0,0
2884,0,95.78116114331021,0,0,0,3,29,0,0,0,0,0.0002751641238219861,9.874868320287655e-06,0.0002751641238219861,-1,0,0,0,-1,1,0,0,0
2885,829,85.84776611518174,0,0,0,3,22,0,0,0,0,0.0002751641238219861,9.874868320287655e-06,0.0002751641238219861,-1,0,0,0,-1,1,0,0,0
2886,30055,138.2795039989707,0,0,0,1,8,0,0,0,0,0.0002751641238219861,9.874868320287655e-06,0.0002751641238219861,-1,0,0,0,-1,1,1,1,0
2887,639,80.39301640873148,0,0,0,2,12,0,0,0,0,0.0002751641238219861,9.874868320287655e-06,0.0002751641238219861,-1,0,0,0,-1,1,0,0,0
2888,1076,80.78055158596791,0,0,0,4,21,0,0,0,0,0.0002751641238219861,9.874868320287655e-06,0.0002751641238219861,-1,0,0,0,-1,1,0,0,0
2889,29314,138.2795039995314,0,0,0,1,6,0,0,0,0,0.0002751641238219861,9.874868320287655e-06,0.0002751641238219861,-1,0,0,0,-1,1,1,1,0
2890,0,104.1040936136618,0,0,0,1,17,0,0,0,0,0.0002751641238219861,9.874868320287655e-06,0.0002751641238219861,-1,0,0,0,-1,1,0,0,0
2891,0,76.44136820019551,0,0,0,4,29,0,0,0,0,0.0002751641238219861,9.874868320287655e-06,0.0002751641238219861,-1,0,0,0,-1,1,0,0,0
2892,0,86.86832998286199,0,0,0,1,9,0,0,0,0,0.0002751641238219861,9.874868320287655e-06,0.0002751641238219861,-1,0,0,0,-1,1,0,0,0
2893,0,103.1768723054187,0,0,0,3,26,0,0,0,0,0.0002751641238219861,9.874868320287655e-06,0.0002751641238219861,-1,0,0,0,-1,1,0,0,0
2894,433,73.27761725885868,0,0,0,5,24,0,0,0,0,0.0002751641238219861,9.874868320287655e-06,0.0002751641238219861,-1,0,0,0,-1,1,0,0,0
2895,0,70.62354879147745,0,0,0,2,15,0,0,0,0,0.0002751641238219861,9.874868320287655e-06,0.0002751641238219861,-1,0,0,0,-1,1,0,0,0
2896,511,85.53855442488235,0,0,0,3,18,0,0,0,0,0.0002751641238219861,9.874868320287655e-06,0.0002751641238219861,-1,0,0,0,-1,1,0,0,0
2897,1799,116.1652881332123,0,0,0,2,8,0,0,0,0,0.0002751641238219861,9.874868320287655e-06,0.0002751641238219861,-1,0,0,0,-1,1,0,0,0
2898,30151,138.2795039987903,0,0,0,1,6,0,0,0,0,0.0002751641238219861,9.874868320287655e-06,0.0002751641238219861,-1,0,0,0,-1,1,1,1,0
2899,2429,90.76046182477455,0,0,0,6,22,0,0,0,0,0.0002751641238219861,9.874868320287655e-06,0.0002751641238219861,-1,0,0,0,-1,1,0,0,0
2900,153,80.34256116672931,0,0,0,2,9,0,0,0,0,0.0002751641238219861,9.874868320287655e-06,0.0002751641238219861,-1,0,0,0,-1,1,0,0,0
2901,30144,138.2795040006731,0,0,0,1,6,0,0,0,0,0.0002751641238219861,9.874868320287655e-06,0.0002751641238219861,-1,0,0,0,-1,1,1,1,0
2902,139,79.14362420627496,0,0,0,5,27,0,0,0,0,0.0002751641238219861,9.874868320287655e-06,0.0002751641238219861,-1,0,0,0,-1,1,0,0,0
2903,29415,138.2795039999935,0,0,0,1,8,0,0,0,0,0.0002751641238219861,9.874868320287655e-06,0.0002751641238219861,-1,0,0,0,-1,1,1,1,0
2904,0,84.40712275653851,0,0,0,1,11,0,0,0,0,0.0002751641238219861,9.874868320287655e-06,0.0002751641238219861,-1,0,0,0,-1,1,0,0,0
2905,2746,80.09252624721768,0,0,0,7,41,0,0,0,0,0.0002751641238219861,9.874868320287655e-06,0.0002751641238219861,-1,0,0,0,-1,1,0,0,0
2906,30470,138.2795039998905,0,0,0,1,4,0,0,0,0,0.0002751641238219861,9.874868320287655e-06,0.0002751641238219861,-1,0,0,0,-1,1,1,1,0
2907,31308,138.2795039997059,0,0,0,1,6,0,0,0,0,0.0002751641238219861,9.874868320287655e-06,0.0002751641238219861,-1,0,0,0,-1,1,1,1,0
2908,30853,138.2795039969289,0,0,0,1,2,0,0,0,0,0.0002751641238219861,9.874868320287655e-06,0.0002751641238219861,-1,0,0,0,-1,1,1,1,0
2909,0,95.76093745519283,0,0,0,3,20,0,0,0,0,0.0002751641238219861,9.874868320287655e-06,0.0002751641238219861,-1,0,0,0,-1,1,0,0,0
2910,0,95.71954264993705,0,0,0,3,36,0,0,0,0,0.0002751641238219861,9.874868320287655e-06,0.0002751641238219861,-1,0,0,0,-1,1,0,0,0
2911,417,83.58354222830282,0,0,0,4,27,0,0,0,0,0.0002751641238219861,9.874868320287655e-06,0.0002751641238219861,-1,0,0,0,-1,1,0,0,0
2912,0,76.88885275282291,0,0,0,1,12,0,0,0,0,0.0002751641238219861,9.874868320287655e-06,0.0002751641238219861,-1,0,0,0,-1,1,0,0,0
2913,1077,100.7965790628109,0,0,0,3,14,0,0,0,0,0.0002751641238219861,9.874868320287655e-06,0.0002751641238219861,-1,0,0,0,-1,1,0,0,0
2914,2749,100.7115352594155,0,0,0,4,19,0,0,0,0,0.0002751641238219861,9.874868320287655e-06,0.0002751641238219861,-1,0,0,0,-1,1,0,0,0
2915,505,53.31150258111019,0,0,0,2,10,0,0,0,0,0.0002751641238219861,9.874868320287655e-06,0.0002751641238219861,-1,0,0,0,-1,1,0,0,0
2916,0,97.06045781685276,0,0,0,2,9,0,0,0,0,0.0002751641238219861,9.874868320287655e-06,0.0002751641238219861,-1,0,0,0,-1,1,0,0,0
2917,0,97.94391564995493,0,0,0,2,16,0,0,0,0,0.0002751641238219861,9.874868320287655e-06,0.0002751641238219861,-1,0,0,0,-1,1,0,0,0
2918,24,78.11294283877085,0,0,0,3,15,0,0,0,0,0.0002751641238219861,9.874868320287655e-06,0.0002751641238219861,-1,0,0,0,-1,1,0,0,0
2919,2697,83.66074203620953,0,0,0,5,30,0,0,0,0,0.0002751641238219861,9.874868320287655e-06,0.0002751641238219861,-1,0,0,0,-1,1,0,0,0
2920,679,75.15829294025471,0,0,0,5,40,0,0,0,0,0.0002751641238219861,9.874868320287655e-06,0.0002751641238219861,-1,0,0,0,-1,1,0,0,0
2921,306,95.11844250860659,0,0,0,4,35,0,0,0,0,0.0002751641238219861,9.874868320287655e-06,0.0002751641238219861,-1,0,0,0,-1,1,0,0,0
2922,1942,75.10475929583804,0,0,0,6,40,0,0,0,0,0.0002751641238219861,9.874868320287655e-06,0.0002751641238219861,-1,0,0,0,-1,1,0,0,0
2923,69,73.81711924146775,0,0,0,3,24,0,0,0,0,0.0002751641238219861,9.874868320287655e-06,0.0002751641238219861,-1,0,0,0,-1,1,0,0,0
2924,1243,55.1313966882452,0,0,0,5,20,0,0,0,0,0.0002751641238219861,9.874868320287655e-06,0.0002751641238219861,-1,0,0,0,-1,1,0,0,0
2925,0,71.99618548782301,0,0,0,3,21,0,0,0,0,0.0002751641238219861,9.874868320287655e-06,0.0002751641238219861,-1,0,0,0,-1,1,0,0,0
2926,257,65.99521638618769,0,0,0,3,15,0,0,0,0,0.0002751641238219861,9.874868320287655e-06,0.0002751641238219861,-1,0,0,0,-1,1,0,0,0
2927,436,88.52476149197192,0,0,0,4,20,0,0,0,0,0.0002751641238219861,9.874868320287655e-06,0.0002751641238219861,-1,0,0,0,-1,1,0,0,0
2928,29620,138.2795040033712,0,0,0,1,3,0,0,0,0,0.0002751641238219861,9.874868320287655e-06,0.0002751641238219861,-1,0,0,0,-1,1,1,1,0
2929,0,81.92713171651489,0,0,0,1,8,0,0,0,0,0.0002751641238219861,9.874868320287655e-06,0.0002751641238219861,-1,0,0,0,-1,1,0,0,0
2930,996,52.00683382030901,0,0,0,4,30,0,0,0,0,0.0002751641238219861,9.874868320287655e-06,0.0002751641238219861,-1,0,0,0,-1,1,0,0,0
2931,30190,138.2795040004995,0,0,0,1,7,0,0,0,0,0.0002751641238219861,9.874868320287655e-06,0.0002751641238219861,-1,0,0,0,-1,1,1,1,0
2932,30456,140.5038770000545,0,0,0,1,8,0,0,0,0,0.0002751641238219861,9.874868320287655e-06,0.0002751641238219861,-1,0,0,0,-1,1,1,1,0
2933,911,56.77004596616594,0,0,0,5,24,0,0,0,0,0.0002751641238219861,9.874868320287655e-06,0.0002751641238219861,-1,0,0,0,-1,1,0,0,0
2934,30069,138.2795039999933,0,0,0,1,8,0,0,0,0,0.0002751641238219861,9.874868320287655e-06,0.0002751641238219861,-1,0,0,0,-1,1,1,1,0
2935,0,82.82177173133421,0,0,0,1,6,0,0,0,0,0.0002751641238219861,9.874868320287655e-06,0.0002751641238219861,-1,0,0,0,-1,1,0,0,0
2936,30300,138.2795040002854,0,0,0,1,6,0,0,0,0,0.0002751641238219861,9.874868320287655e-06,0.0002751641238219861,-1,0,0,0,-1,1,1,1,0
2937,28433,138.279503999924,0,0,0,1,4,0,0,0,0,0.0002751641238219861,9.874868320287655e-06,0.0002751641238219861,-1,0,0,0,-1,1,1,1,0
2938,321,93.62450380677343,0,0,0,4,19,0,0,0,0,0.0002751641238219861,9.874868320287655e-06,0.0002751641238219861,-1,0,0,0,-1,1,0,0,0
2939,0,88.72018803729523,0,0,0,4,24,0,0,0,0,0.0002751641238219861,9.874868320287655e-06,0.0002751641238219861,-1,0,0,0,-1,1,0,0,0
2940,30505,138.2795039868575,0,0,0,1,6,0,0,0,0,0.0002751641238219861,9.874868320287655e-06,0.0002751641238219861,-1,0,0,0,-1,1,1,1,0
2941,1319,77.72254501941285,0,0,0,6,25,0,0,0,0,0.0002751641238219861,9.874868320287655e-06,0.0002751641238219861,-1,0,0,0,-1,1,0,0,0
2942,1937,85.65874678050079,0,0,0,4,22,0,0,0,0,0.0002751641238219861,9.874868320287655e-06,0.0002751641238219861,-1,0,0,0,-1,1,0,0,0
2943,0,84.38726264990359,0,0,0,1,8,0,0,0,0,0.0002751641238219861,9.874868320287655e-06,0.0002751641238219861,-1,0,0,0,-1,1,0,0,0
2944,0,80.59739873123372,0,0,0,2,11,0,0,0,0,0.0002751641238219861,9.874868320287655e-06,0.0002751641238219861,-1,0,0,0,-1,1,0,0,0
2945,536,72.98369532136411,0,0,0,5,22,0,0,0,0,0.0002751641238219861,9.874868320287655e-06,0.0002751641238219861,-1,0,0,0,-1,1,0,0,0
2946,687,95.90374588420302,0,0,0,4,24,0,0,0,0,0.0002751641238219861,9.874868320287655e-06,0.0002751641238219861,-1,0,0,0,-1,1,0,0,0
2947,1235,84.30622734638011,0,0,0,1,7,0,0,0,0,0.0002751641238219861,9.874868320287655e-06,0.0002751641238219861,-1,0,0,0,-1,1,0,0,0
2948,30448,138.2795039981125,0,0,0,1,4,0,0,0,0,0.0002751641238219861,9.874868320287655e-06,0.0002751641238219861,-1,0,0,0,-1,1,1,1,0
2949,30402,138.2795039899523,0,0,0,1,7,0,0,0,0,0.0002751641238219861,9.874868320287655e-06,0.0002751641238219861,-1,0,0,0,-1,1,1,1,0
2950,361,67.47764334355962,0,0,0,5,36,0,0,0,0,0.0002751641238219861,9.874868320287655e-06,0.0002751641238219861,-1,0,0,0,-1,1,0,0,0
2951,29903,138.2795039969799,0,0,0,1,5,0,0,0,0,0.0002751641238219861,9.874868320287655e-06,0.0002751641238219861,-1,0,0,0,-1,1,1,1,0
2952,30494,138.2795040027048,0,0,0,1,4,0,0,0,0,0.0002751641238219861,9.874868320287655e-06,0.0002751641238219861,-1,0,0,0,-1,1,1,1,0
2953,969,78.41319579934729,0,0,0,4,29,0,0,0,0,0.0002751641238219861,9.874868320287655e-06,0.0002751641238219861,-1,0,0,0,-1,1,0,0,0
2954,30237,138.2795040080976,0,0,0,1,4,0,0,0,0,0.0002751641238219861,9.874868320287655e-06,0.0002751641238219861,-1,0,0,0,-1,1,1,1,0
2955,403,108.0141581220859,0,0,0,2,21,0,0,0,0,0.0002751641238219861,9.874868320287655e-06,0.0002751641238219861,-1,0,0,0,-1,1,0,0,0
2956,30338,138.2795039981072,0,0,0,1,10,0,0,0,0,0.0002751641238219861,9.874868320287655e-06,0.0002751641238219861,-1,0,0,0,-1,1,1,1,0
2957,4026,81.40119097889931,0,0,0,6,16,0,0,0,0,0.0002751641238219861,9.874868320287655e-06,0.0002751641238219861,-1,0,0,0,-1,1,0,0,0
2958,30769,138.2795039981425,0,0,0,1,6,0,0,0,0,0.0002751641238219861,9.874868320287655e-06,0.0002751641238219861,-1,0,0,0,-1,1,1,1,0
2959,853,78.18963568874872,0,0,0,3,12,0,0,0,0,0.0002751641238219861,9.874868320287655e-06,0.0002751641238219861,-1,0,0,0,-1,1,0,0,0
2960,0,78.12990264928514,0,0,0,2,15,0,0,0,0,0.0002751641238219861,9.874868320287655e-06,0.0002751641238219861,-1,0,0,0,-1,1,0,0,0
2961,30216,138.2795039910145,0,0,0,1,7,0,0,0,0,0.0002751641238219861,9.874868320287655e-06,0.0002751641238219861,-1,0,0,0,-1,1,1,1,0
2962,1395,97.09508441367198,0,0,0,3,13,0,0,0,0,0.0002751641238219861,9.874868320287655e-06,0.0002751641238219861,-1,0,0,0,-1,1,0,0,0
2963,823,72.78580455300789,0,0,0,5,29,0,0,0,0,0.0002751641238219861,9.874868320287655e-06,0.0002751641238219861,-1,0,0,0,-1,1,0,0,0
2964,1316,102.9909871863887,0,0,0,4,36,0,0,0,0,0.0002751641238219861,9.874868320287655e-06,0.0002751641238219861,-1,0,0,0,-1,1,0,0,0
2965,779,85.00290311134557,0,0,0,5,16,0,0,0,0,0.0002751641238219861,9.874868320287655e-06,0.0002751641238219861,-1,0,0,0,-1,1,0,0,0
2966,481,100.8042696004114,0,0,0,2,20,0,0,0,0,0.0002751641238219861,9.874868320287655e-06,0.0002751641238219861,-1,0,0,0,-1,1,0,0,0
2967,30992,138.2795039999066,0,0,0,1,9,0,0,0,0,0.0002751641238219861,9.874868320287655e-06,0.0002751641238219861,-1,0,0,0,-1,1,1,1,0
2968,44,65.93622926465518,0,0,0,3,17,0,0,0,0,0.0002751641238219861,9.874868320287655e-06,0.0002751641238219861,-1,0,0,0,-1,1,0,0,0
2969,30615,138.2795039969917,0,0,0,1,7,0,0,0,0,0.0002751641238219861,9.874868320287655e-06,0.0002751641238219861,-1,0,0,0,-1,1,1,1,0
2970,965,89.29110450702268,0,0,0,2,15,0,0,0,0,0.0002751641238219861,9.874868320287655e-06,0.0002751641238219861,-1,0,0,0,-1,1,0,0,0
2971,32795,138.2795039862086,0,0,0,1,5,0,0,0,0,0.0002751641238219861,9.874868320287655e-06,0.0002751641238219861,-1,0,0,0,-1,1,1,1,0
2972,317,73.67893705746251,0,0,0,4,21,0,0,0,0,0.0002751641238219861,9.874868320287655e-06,0.0002751641238219861,-1,0,0,0,-1,1,0,0,0
2973,256,104.1153773378449,0,0,0,3,26,0,0,0,0,0.0002751641238219861,9.874868320287655e-06,0.0002751641238219861,-1,0,0,0,-1,1,0,0,0
2974,0,96.69492178684267,0,0,0,1,12,0,0,0,0,0.0002751641238219861,9.874868320287655e-06,0.0002751641238219861,-1,0,0,0,-1,1,0,0,0
2975,29469,140.5038770023676,0,0,0,1,6,0,0,0,0,0.0002751641238219861,9.874868320287655e-06,0.0002751641238219861,-1,0,0,0,-1,1,1,1,0
2976,30462,138.2795040007926,0,0,0,1,8,0,0,0,0,0.0002751641238219861,9.874868320287655e-06,0.0002751641238219861,-1,0,0,0,-1,1,1,1,0
2977,0,107.939477915439,0,0,0,2,19,0,0,0,0,0.0002751641238219861,9.874868320287655e-06,0.0002751641238219861,-1,0,0,0,-1,1,0,0,0
2978,1210,78.56523065598049,0,0,0,3,19,0,0,0,0,0.0002751641238219861,9.874868320287655e-06,0.0002751641238219861,-1,0,0,0,-1,1,0,0,0
2979,30258,138.2795039948545,0,0,0,1,8,0,0,0,0,0.0002751641238219861,9.874868320287655e-06,0.0002751641238219861,-1,0,0,0,-1,1,1,1,0
2980,387,81.44212179986116,0,0,0,5,23,0,0,0,0,0.0002751641238219861,9.874868320287655e-06,0.0002751641238219861,-1,0,0,0,-1,1,0,0,0
2981,531,107.9394779155215,0,0,0,2,15,0,0,0,0,0.0002751641238219861,9.874868320287655e-06,0.0002751641238219861,-1,0,0,0,-1,1,0,0,0
2982,4,53.33675314839179,0,0,0,2,10,0,0,0,0,0.0002751641238219861,9.874868320287655e-06,0.0002751641238219861,-1,0,0,0,-1,1,0,0,0
2983,1174,71.46102274254727,0,0,0,5,30,0,0,0,0,0.0002751641238219861,9.874868320287655e-06,0.0002751641238219861,-1,0,0,0,-1,1,0,0,0
2984,461,108.0235882826972,0,0,0,2,20,0,0,0,0,0.0002751641238219861,9.874868320287655e-06,0.0002751641238219861,-1,0,0,0,-1,1,0,0,0
2985,29728,138.2795040010249,0,0,0,1,5,0,0,0,0,0.0002751641238219861,9.874868320287655e-06,0.0002751641238219861,-1,0,0,0,-1,1,1,1,0
2986,31166,138.2795040002183,0,0,0,1,6,0,0,0,0,0.0002751641238219861,9.874868320287655e-06,0.0002751641238219861,-1,0,0,0,-1,1,1,1,0
2987,891,80.9237891919711,0,0,0,5,32,0,0,0,0,0.0002751641238219861,9.874868320287655e-06,0.0002751641238219861,-1,0,0,0,-1,1,0,0,0
2988,0,74.09691563940349,0,0,0,2,13,0,0,0,0,0.0002751641238219861,9.874868320287655e-06,0.0002751641238219861,-1,0,0,0,-1,1,0,0,0
2989,30400,138.2795040000112,0,0,0,1,5,0,0,0,0,0.0002751641238219861,9.874868320287655e-06,0.0002751641238219861,-1,0,0,0,-1,1,1,1,0
2990,1439,78.13150239437809,0,0,0,3,15,0,0,0,0,0.0002751641238219861,9.874868320287655e-06,0.0002751641238219861,-1,0,0,0,-1,1,0,0,0
2991,30296,138.2795039997624,0,0,0,1,6,0,0,0,0,0.0002751641238219861,9.874868320287655e-06,0.0002751641238219861,-1,0,0,0,-1,1,1,1,0
2992,199,67.50028307583361,0,0,0,4,29,0,0,0,0,0.0002751641238219861,9.874868320287655e-06,0.0002751641238219861,-1,0,0,0,-1,1,0,0,0
2993,29013,138.2795040049744,0,0,0,1,3,0,0,0,0,0.0002751641238219861,9.874868320287655e-06,0.0002751641238219861,-1,0,0,0,-1,1,1,1,0
2994,29559,138.279504003366,0,0,0,1,7,0,0,0,0,0.0002751641238219861,9.874868320287655e-06,0.0002751641238219861,-1,0,0,0,-1,1,1,1,0
2995,29179,138.279504001749,0,0,0,1,4,0,0,0,0,0.0002751641238219861,9.874868320287655e-06,0.0002751641238219861,-1,0,0,0,-1,1,1,1,0
2996,1278,86.17292950474447,0,0,0,3,19,0,0,0,0,0.0002751641238219861,9.874868320287655e-06,0.0002751641238219861,-1,0,0,0,-1,1,0,0,0
2997,29251,138.279503999939,0,0,0,1,7,0,0,0,0,0.0002751641238219861,9.874868320287655e-06,0.0002751641238219861,-1,0,0,0,-1,1,1,1,0
2998,1193,57.420344901906,0,0,0,5,39,0,0,0,0,0.0002751641238219861,9.874868320287655e-06,0.0002751641238219861,-1,0,0,0,-1,1,0,0,0
2999,0,103.1213028387839,0,0,0,3,26,0,0,0,0,0.0002751641238219861,9.874868320287655e-06,0.0002751641238219861,-1,0,0,0,-1,1,0,0,0
