event,photons,edep_MeV,gamma_nuclear,electron_nuclear,muon_nuclear,neutrons,protons,charged_pions,secondary_muons,primary_decay_e,primary_nuclear,primary_death_ns,primary_range_mm,primary_stop_ns,primary_decay_e_ke_MeV,target_z,endpoint_decay,endpoint_capture,endpoint_time_ns,pion_captures,pion_hydrogen,pion_pi0,pion_hard_gamma
0,1958,85.76662390468704,0,0,0,3,24,0,0,0,0,0.0002751641238219861,9.874868320287655e-06,0.0002751641238219861,-1,0,0,0,-1,1,0,0,0
1,0,89.39229693692415,0,0,0,2,17,0,0,0,0,0.0002751641238219861,9.874868320287655e-06,0.0002751641238219861,-1,0,0,0,-1,1,0,0,0
2,1380,71.41680653312824,0,0,0,3,18,0,0,0,0,0.0002751641238219861,9.874868320287655e-06,0.0002751641238219861,-1,0,0,0,-1,1,0,0,0
3,1707,60.38594082182293,0,0,0,6,37,0,0,0,0,0.0002751641238219861,9.874868320287655e-06,0.0002751641238219861,-1,0,0,0,-1,1,0,0,0
4,0,97.94391564198251,0,0,0,2,12,0,0,0,0,0.0002751641238219861,9.874868320287655e-06,0.0002751641238219861,-1,0,0,0,-1,1,0,0,0
5,2309,70.89692184246837,0,0,0,4,11,0,0,0,0,0.0002751641238219861,9.874868320287655e-06,0.0002751641238219861,-1,0,0,0,-1,1,0,0,0
6,0,84.39011396305857,0,0,0,1,12,0,0,0,0,0.0002751641238219861,9.874868320287655e-06,0.0002751641238219861,-1,0,0,0,-1,1,0,0,0
7,0,81.82802600132339,0,0,0,1,8,0,0,0,0,0.0002751641238219861,9.874868320287655e-06,0.0002751641238219861,-1,0,0,0,-1,1,0,0,0
8,990,76.44115606054793,0,0,0,6,29,0,0,0,0,0.0002751641238219861,9.874868320287655e-06,0.0002751641238219861,-1,0,0,0,-1,1,0,0,0
9,0,71.2875870365618,0,0,0,3,21,0,0,0,0,0.0002751641238219861,9.874868320287655e-06,0.0002751641238219861,-1,0,0,0,-1,1,0,0,0
10,804,95.6700491516883,0,0,0,4,28,0,0,0,0,0.0002751641238219861,9.874868320287655e-06,0.0002751641238219861,-1,0,0,0,-1,1,0,0,0
11,1050,95.31430011508915,0,0,0,1,8,0,0,0,0,0.0002751641238219861,9.874868320287655e-06,0.0002751641238219861,-1,0,0,0,-1,1,0,0,0
12,443,107.9394779151242,0,0,0,2,14,0,0,0,0,0.0002751641238219861,9.874868320287655e-06,0.0002751641238219861,-1,0,0,0,-1,1,0,0,0
13,0,79.10865479200173,0,0,0,0,1,0,0,0,0,0.0002751641238219861,9.874868320287655e-06,0.0002751641238219861,-1,0,0,0,-1,1,0,0,0
14,0,99.41766600127048,0,0,0,2,24,0,0,0,0,0.0002751641238219861,9.874868320287655e-06,0.0002751641238219861,-1,0,0,0,-1,1,0,0,0
15,0,84.38726264995948,0,0,0,1,8,0,0,0,0,0.0002751641238219861,9.874868320287655e-06,0.0002751641238219861,-1,0,0,0,-1,1,0,0,0
16,790,88.68022828032787,0,0,0,5,17,0,0,0,0,0.0002751641238219861,9.874868320287655e-06,0.0002751641238219861,-1,0,0,0,-1,1,0,0,0
17,494,67.67637710698394,0,0,0,5,31,0,0,0,0,0.0002751641238219861,9.874868320287655e-06,0.0002751641238219861,-1,0,0,0,-1,1,0,0,0
18,846,91.78785781338426,0,0,0,3,19,0,0,0,0,0.0002751641238219861,9.874868320287655e-06,0.0002751641238219861,-1,0,0,0,-1,1,0,0,0
19,39,72.3947604741666,0,0,0,3,16,0,0,0,0,0.0002751641238219861,9.874868320287655e-06,0.0002751641238219861,-1,0,0,0,-1,1,0,0,0
20,1801,79.38051832798216,0,0,0,4,12,0,0,0,0,0.0002751641238219861,9.874868320287655e-06,0.0002751641238219861,-1,0,0,0,-1,1,0,0,0
21,1632,77.78899830572232,0,0,0,4,13,0,0,0,0,0.0002751641238219861,9.874868320287655e-06,0.0002751641238219861,-1,0,0,0,-1,1,0,0,0
22,729,89.42220506997974,0,0,0,4,19,0,0,0,0,0.0002751641238219861,9.874868320287655e-06,0.0002751641238219861,-1,0,0,0,-1,1,0,0,0
23,3636,83.20235592571518,0,0,0,3,7,0,0,0,0,0.0002751641238219861,9.874868320287655e-06,0.0002751641238219861,-1,0,0,0,-1,1,0,0,0
24,1080,80.32271660227445,0,0,0,2,6,0,0,0,0,0.0002751641238219861,9.874868320287655e-06,0.0002751641238219861,-1,0,0,0,-1,1,0,0,0
25,1210,80.36524931030468,0,0,0,2,13,0,0,0,0,0.0002751641238219861,9.874868320287655e-06,0.0002751641238219861,-1,0,0,0,-1,1,0,0,0
26,852,95.82696258088124,0,0,0,4,28,0,0,0,0,0.0002751641238219861,9.874868320287655e-06,0.0002751641238219861,-1,0,0,0,-1,1,0,0,0
27,0,74.08622249334668,0,0,0,5,18,0,0,0,0,0.0002751641238219861,9.874868320287655e-06,0.0002751641238219861,-1,0,0,0,-1,1,0,0,0
28,1823,70.08822336681362,0,0,0,5,24,0,0,0,0,0.0002751641238219861,9.874868320287655e-06,0.0002751641238219861,-1,0,0,0,-1,1,0,0,0
29,0,78.15165394818973,0,0,0,2,14,0,0,0,0,0.0002751641238219861,9.874868320287655e-06,0.0002751641238219861,-1,0,0,0,-1,1,0,0,0
30,0,77.20700666704191,0,0,0,2,10,0,0,0,0,0.0002751641238219861,9.874868320287655e-06,0.0002751641238219861,-1,0,0,0,-1,1,0,0,0
31,0,74.13535657892986,0,0,0,2,19,0,0,0,0,0.0002751641238219861,9.874868320287655e-06,0.0002751641238219861,-1,0,0,0,-1,1,0,0,0
32,476,90.79614358956216,0,0,0,3,15,0,0,0,0,0.0002751641238219861,9.874868320287655e-06,0.0002751641238219861,-1,0,0,0,-1,1,0,0,0
33,0,75.5804469050218,0,0,0,2,19,0,0,0,0,0.0002751641238219861,9.874868320287655e-06,0.0002751641238219861,-1,0,0,0,-1,1,0,0,0
34,757,95.78145110856984,0,0,0,4,30,0,0,0,0,0.0002751641238219861,9.874868320287655e-06,0.0002751641238219861,-1,0,0,0,-1,1,0,0,0
35,0,78.15927835768954,0,0,0,2,22,0,0,0,0,0.0002751641238219861,9.874868320287655e-06,0.0002751641238219861,-1,0,0,0,-1,1,0,0,0
36,491,67.43049273598358,0,0,0,4,28,0,0,0,0,0.0002751641238219861,9.874868320287655e-06,0.0002751641238219861,-1,0,0,0,-1,1,0,0,0
37,10,82.64340996033988,0,0,0,1,6,0,0,0,0,0.0002751641238219861,9.874868320287655e-06,0.0002751641238219861,-1,0,0,0,-1,1,0,0,0
38,264,72.06714688010248,0,0,0,4,31,0,0,0,0,0.0002751641238219861,9.874868320287655e-06,0.0002751641238219861,-1,0,0,0,-1,1,0,0,0
39,0,90.84150927278002,0,0,0,3,13,0,0,0,0,0.0002751641238219861,9.874868320287655e-06,0.0002751641238219861,-1,0,0,0,-1,1,0,0,0
40,325,85.16485176318747,0,0,0,3,18,0,0,0,0,0.0002751641238219861,9.874868320287655e-06,0.0002751641238219861,-1,0,0,0,-1,1,0,0,0
41,470,97.50945803317489,0,0,0,0,1,0,0,0,0,0.0002751641238219861,9.874868320287655e-06,0.0002751641238219861,-1,0,0,0,-1,1,0,0,0
42,255,57.97992157783847,0,0,0,3,27,0,0,0,0,0.0002751641238219861,9.874868320287655e-06,0.0002751641238219861,-1,0,0,0,-1,1,0,0,0
43,0,104.2014109213997,0,0,0,1,9,0,0,0,0,0.0002751641238219861,9.874868320287655e-06,0.0002751641238219861,-1,0,0,0,-1,1,0,0,0
44,713,86.02944867209328,0,0,0,6,23,0,0,0,0,0.0002751641238219861,9.874868320287655e-06,0.0002751641238219861,-1,0,0,0,-1,1,0,0,0
45,606,74.86029775820414,0,0,0,4,29,0,0,0,0,0.0002751641238219861,9.874868320287655e-06,0.0002751641238219861,-1,0,0,0,-1,1,0,0,0
46,125,50.47173938146845,0,0,0,4,26,0,0,0,0,0.0002751641238219861,9.874868320287655e-06,0.0002751641238219861,-1,0,0,0,-1,1,0,0,0
47,1598,107.9375462165832,0,0,0,3,17,0,0,0,0,0.0002751641238219861,9.874868320287655e-06,0.0002751641238219861,-1,0,0,0,-1,1,0,0,0
48,778,89.22648117959388,0,0,0,3,15,0,0,0,0,0.0002751641238219861,9.874868320287655e-06,0.0002751641238219861,-1,0,0,0,-1,1,0,0,0
49,339,69.00386580013385,0,0,0,5,11,0,0,0,0,0.0002751641238219861,9.874868320287655e-06,0.0002751641238219861,-1,0,0,0,-1,1,0,0,0
50,4280,103.3933133801697,0,0,0,5,18,0,0,0,0,0.0002751641238219861,9.874868320287655e-06,0.0002751641238219861,-1,0,0,0,-1,1,0,0,0
51,742,68.04502239076905,0,0,0,5,29,0,0,0,0,0.0002751641238219861,9.874868320287655e-06,0.0002751641238219861,-1,0,0,0,-1,1,0,0,0
52,0,80.3542756498726,0,0,0,1,11,0,0,0,0,0.0002751641238219861,9.874868320287655e-06,0.0002751641238219861,-1,0,0,0,-1,1,0,0,0
53,799,77.35514529866946,0,0,0,4,22,0,0,0,0,0.0002751641238219861,9.874868320287655e-06,0.0002751641238219861,-1,0,0,0,-1,1,0,0,0
54,0,75.93953464940735,0,0,0,3,29,0,0,0,0,0.0002751641238219861,9.874868320287655e-06,0.0002751641238219861,-1,0,0,0,-1,1,0,0,0
55,2511,62.75139948382323,0,0,0,6,22,0,0,0,0,0.0002751641238219861,9.874868320287655e-06,0.0002751641238219861,-1,0,0,0,-1,1,0,0,0
56,352,85.23642341854227,0,0,0,5,22,0,0,0,0,0.0002751641238219861,9.874868320287655e-06,0.0002751641238219861,-1,0,0,0,-1,1,0,0,0
57,560,98.10157856355141,0,0,0,3,20,0,0,0,0,0.0002751641238219861,9.874868320287655e-06,0.0002751641238219861,-1,0,0,0,-1,1,0,0,0
58,1404,74.89596692130125,0,0,0,5,20,0,0,0,0,0.0002751641238219861,9.874868320287655e-06,0.0002751641238219861,-1,0,0,0,-1,1,0,0,0
59,0,78.12990264928143,0,0,0,2,19,0,0,0,0,0.0002751641238219861,9.874868320287655e-06,0.0002751641238219861,-1,0,0,0,-1,1,0,0,0
60,959,89.67149080096506,0,0,0,5,18,0,0,0,0,0.0002751641238219861,9.874868320287655e-06,0.0002751641238219861,-1,0,0,0,-1,1,0,0,0
61,2407,72.70912162119575,0,0,0,7,44,0,0,0,0,0.0002751641238219861,9.874868320287655e-06,0.0002751641238219861,-1,0,0,0,-1,1,0,0,0
62,927,91.69917616617006,0,0,0,3,20,0,0,0,0,0.0002751641238219861,9.874868320287655e-06,0.0002751641238219861,-1,0,0,0,-1,1,0,0,0
63,1811,102.9826054490129,0,0,0,4,16,0,0,0,0,0.0002751641238219861,9.874868320287655e-06,0.0002751641238219861,-1,0,0,0,-1,1,0,0,0
64,298,62.22480143427499,0,0,0,7,26,0,0,0,0,0.0002751641238219861,9.874868320287655e-06,0.0002751641238219861,-1,0,0,0,-1,1,0,0,0
65,0,108.1199718506548,0,0,0,2,18,0,0,0,0,0.0002751641238219861,9.874868320287655e-06,0.0002751641238219861,-1,0,0,0,-1,1,0,0,0
66,0,108.1319061532241,0,0,0,2,24,0,0,0,0,0.0002751641238219861,9.874868320287655e-06,0.0002751641238219861,-1,0,0,0,-1,1,0,0,0
67,2259,56.95681497955885,0,0,0,8,38,0,0,0,0,0.0002751641238219861,9.874868320287655e-06,0.0002751641238219861,-1,0,0,0,-1,1,0,0,0
68,0,100.8240625101327,0,0,0,3,15,0,0,0,0,0.0002751641238219861,9.874868320287655e-06,0.0002751641238219861,-1,0,0,0,-1,1,0,0,0
69,0,60.54026264996637,0,0,0,1,11,0,0,0,0,0.0002751641238219861,9.874868320287655e-06,0.0002751641238219861,-1,0,0,0,-1,1,0,0,0
70,0,70.9124332084137,0,0,0,3,16,0,0,0,0,0.0002751641238219861,9.874868320287655e-06,0.0002751641238219861,-1,0,0,0,-1,1,0,0,0
71,2515,70.61258909021473,0,0,0,4,16,0,0,0,0,0.0002751641238219861,9.874868320287655e-06,0.0002751641238219861,-1,0,0,0,-1,1,0,0,0
72,27,76.06063591052941,0,0,0,3,13,0,0,0,0,0.0002751641238219861,9.874868320287655e-06,0.0002751641238219861,-1,0,0,0,-1,1,0,0,0
73,0,78.1924351587227,0,0,0,2,16,0,0,0,0,0.0002751641238219861,9.874868320287655e-06,0.0002751641238219861,-1,0,0,0,-1,1,0,0,0
74,2563,72.79964364278197,0,0,0,6,26,0,0,0,0,0.0002751641238219861,9.874868320287655e-06,0.0002751641238219861,-1,0,0,0,-1,1,0,0,0
75,1168,80.33745635426419,0,0,0,3,13,0,0,0,0,0.0002751641238219861,9.874868320287655e-06,0.0002751641238219861,-1,0,0,0,-1,1,0,0,0
76,1043,61.26785729356558,0,0,0,4,21,0,0,0,0,0.0002751641238219861,9.874868320287655e-06,0.0002751641238219861,-1,0,0,0,-1,1,0,0,0
77,836,97.94713770356296,0,0,0,4,29,0,0,0,0,0.0002751641238219861,9.874868320287655e-06,0.0002751641238219861,-1,0,0,0,-1,1,0,0,0
78,0,103.1894529334706,0,0,0,2,15,0,0,0,0,0.0002751641238219861,9.874868320287655e-06,0.0002751641238219861,-1,0,0,0,-1,1,0,0,0
79,0,58.31588964985497,0,0,0,2,17,0,0,0,0,0.0002751641238219861,9.874868320287655e-06,0.0002751641238219861,-1,0,0,0,-1,1,0,0,0
80,1282,96.89657083890204,0,0,0,3,13,0,0,0,0,0.0002751641238219861,9.874868320287655e-06,0.0002751641238219861,-1,0,0,0,-1,1,0,0,0
81,1413,69.83248280713121,0,0,0,5,31,0,0,0,0,0.0002751641238219861,9.874868320287655e-06,0.0002751641238219861,-1,0,0,0,-1,1,0,0,0
82,113,72.70510662058584,0,0,0,5,24,0,0,0,0,0.0002751641238219861,9.874868320287655e-06,0.0002751641238219861,-1,0,0,0,-1,1,0,0,0
83,241,65.93401374270746,0,0,0,3,21,0,0,0,0,0.0002751641238219861,9.874868320287655e-06,0.0002751641238219861,-1,0,0,0,-1,1,0,0,0
84,0,83.74165572339709,0,0,0,4,24,0,0,0,0,0.0002751641238219861,9.874868320287655e-06,0.0002751641238219861,-1,0,0,0,-1,1,0,0,0
85,1512,84.5077447690319,0,0,0,4,20,0,0,0,0,0.0002751641238219861,9.874868320287655e-06,0.0002751641238219861,-1,0,0,0,-1,1,0,0,0
86,1502,72.39941465175599,0,0,0,5,26,0,0,0,0,0.0002751641238219861,9.874868320287655e-06,0.0002751641238219861,-1,0,0,0,-1,1,0,0,0
87,709,103.1106689732048,0,0,0,4,27,0,0,0,0,0.0002751641238219861,9.874868320287655e-06,0.0002751641238219861,-1,0,0,0,-1,1,0,0,0
88,0,79.55049265745153,0,0,0,1,12,0,0,0,0,0.0002751641238219861,9.874868320287655e-06,0.0002751641238219861,-1,0,0,0,-1,1,0,0,0
89,0,96.74332048743901,0,0,0,3,15,0,0,0,0,0.0002751641238219861,9.874868320287655e-06,0.0002751641238219861,-1,0,0,0,-1,1,0,0,0
90,2086,66.93973435454733,0,0,0,3,16,0,0,0,0,0.0002751641238219861,9.874868320287655e-06,0.0002751641238219861,-1,0,0,0,-1,1,0,0,0
91,612,99.4623301514285,0,0,0,3,18,0,0,0,0,0.0002751641238219861,9.874868320287655e-06,0.0002751641238219861,-1,0,0,0,-1,1,0,0,0
92,347,95.77277765201103,0,0,0,3,14,0,0,0,0,0.0002751641238219861,9.874868320287655e-06,0.0002751641238219861,-1,0,0,0,-1,1,0,0,0
93,524,89.27207953616092,0,0,0,2,15,0,0,0,0,0.0002751641238219861,9.874868320287655e-06,0.0002751641238219861,-1,0,0,0,-1,1,0,0,0
94,0,103.2151149127244,0,0,0,2,15,0,0,0,0,0.0002751641238219861,9.874868320287655e-06,0.0002751641238219861,-1,0,0,0,-1,1,0,0,0
95,0,103.0136694990191,0,0,0,3,33,0,0,0,0,0.0002751641238219861,9.874868320287655e-06,0.0002751641238219861,-1,0,0,0,-1,1,0,0,0
96,307,66.79762264996711,0,0,0,1,8,0,0,0,0,0.0002751641238219861,9.874868320287655e-06,0.0002751641238219861,-1,0,0,0,-1,1,0,0,0
97,1955,75.52607406922476,0,0,0,5,29,0,0,0,0,0.0002751641238219861,9.874868320287655e-06,0.0002751641238219861,-1,0,0,0,-1,1,0,0,0
98,0,67.97002006845423,0,0,0,5,39,0,0,0,0,0.0002751641238219861,9.874868320287655e-06,0.0002751641238219861,-1,0,0,0,-1,1,0,0,0
99,1,64.61478775740179,0,0,0,5,36,0,0,0,0,0.0002751641238219861,9.874868320287655e-06,0.0002751641238219861,-1,0,0,0,-1,1,0,0,0
100,0,71.94312949183109,0,0,0,3,16,0,0,0,0,0.0002751641238219861,9.874868320287655e-06,0.0002751641238219861,-1,0,0,0,-1,1,0,0,0
101,0,95.77164682869517,0,0,0,3,32,0,0,0,0,0.0002751641238219861,9.874868320287655e-06,0.0002751641238219861,-1,0,0,0,-1,1,0,0,0
102,812,82.21161025795466,0,0,0,3,20,0,0,0,0,0.0002751641238219861,9.874868320287655e-06,0.0002751641238219861,-1,0,0,0,-1,1,0,0,0
103,2039,66.36314642153972,0,0,0,5,15,0,0,0,0,0.0002751641238219861,9.874868320287655e-06,0.0002751641238219861,-1,0,0,0,-1,1,0,0,0
104,797,98.03537169647815,0,0,0,3,18,0,0,0,0,0.0002751641238219861,9.874868320287655e-06,0.0002751641238219861,-1,0,0,0,-1,1,0,0,0
105,0,70.70746386758367,0,0,0,2,20,0,0,0,0,0.0002751641238219861,9.874868320287655e-06,0.0002751641238219861,-1,0,0,0,-1,1,0,0,0
106,1,70.92664348039047,0,0,0,3,16,0,0,0,0,0.0002751641238219861,9.874868320287655e-06,0.0002751641238219861,-1,0,0,0,-1,1,0,0,0
107,762,80.87323069717878,0,0,0,5,28,0,0,0,0,0.0002751641238219861,9.874868320287655e-06,0.0002751641238219861,-1,0,0,0,-1,1,0,0,0
108,0,62.76463564996573,0,0,0,0,0,0,0,0,0,0.0002751641238219861,9.874868320287655e-06,0.0002751641238219861,-1,0,0,0,-1,1,0,0,0
109,0,104.2012756499266,0,0,0,1,8,0,0,0,0,0.0002751641238219861,9.874868320287655e-06,0.0002751641238219861,-1,0,0,0,-1,1,0,0,0
110,0,107.9748072981085,0,0,0,2,18,0,0,0,0,0.0002751641238219861,9.874868320287655e-06,0.0002751641238219861,-1,0,0,0,-1,1,0,0,0
111,145,105.2610060959837,0,0,0,3,24,0,0,0,0,0.0002751641238219861,9.874868320287655e-06,0.0002751641238219861,-1,0,0,0,-1,1,0,0,0
112,600,58.14268521009755,0,0,0,2,17,0,0,0,0,0.0002751641238219861,9.874868320287655e-06,0.0002751641238219861,-1,0,0,0,-1,1,0,0,0
113,74,69.69937575459052,0,0,0,3,26,0,0,0,0,0.0002751641238219861,9.874868320287655e-06,0.0002751641238219861,-1,0,0,0,-1,1,0,0,0
114,92,95.76126016070404,0,0,0,4,29,0,0,0,0,0.0002751641238219861,9.874868320287655e-06,0.0002751641238219861,-1,0,0,0,-1,1,0,0,0
115,1011,95.91767249307711,0,0,0,3,21,0,0,0,0,0.0002751641238219861,9.874868320287655e-06,0.0002751641238219861,-1,0,0,0,-1,1,0,0,0
116,126,80.8660842271933,0,0,0,3,22,0,0,0,0,0.0002751641238219861,9.874868320287655e-06,0.0002751641238219861,-1,0,0,0,-1,1,0,0,0
117,2448,72.31743562891553,0,0,0,4,25,0,0,0,0,0.0002751641238219861,9.874868320287655e-06,0.0002751641238219861,-1,0,0,0,-1,1,0,0,0
118,291,87.19740174923396,0,0,0,4,25,0,0,0,0,0.0002751641238219861,9.874868320287655e-06,0.0002751641238219861,-1,0,0,0,-1,1,0,0,0
119,0,97.94391564731426,0,0,0,2,18,0,0,0,0,0.0002751641238219861,9.874868320287655e-06,0.0002751641238219861,-1,0,0,0,-1,1,0,0,0
120,1441,78.33008270743969,0,0,0,3,29,0,0,0,0,0.0002751641238219861,9.874868320287655e-06,0.0002751641238219861,-1,0,0,0,-1,1,0,0,0
121,805,72.73692427761324,0,0,0,5,30,0,0,0,0,0.0002751641238219861,9.874868320287655e-06,0.0002751641238219861,-1,0,0,0,-1,1,0,0,0
122,568,71.90228562524874,0,0,0,4,19,0,0,0,0,0.0002751641238219861,9.874868320287655e-06,0.0002751641238219861,-1,0,0,0,-1,1,0,0,0
123,67,87.03665703305248,0,0,0,3,29,0,0,0,0,0.0002751641238219861,9.874868320287655e-06,0.0002751641238219861,-1,0,0,0,-1,1,0,0,0
124,0,88.63810493105822,0,0,0,4,29,0,0,0,0,0.0002751641238219861,9.874868320287655e-06,0.0002751641238219861,-1,0,0,0,-1,1,0,0,0
125,5007,90.87400458538794,0,0,0,6,24,0,0,0,0,0.0002751641238219861,9.874868320287655e-06,0.0002751641238219861,-1,0,0,0,-1,1,0,0,0
126,508,98.20342544658835,0,0,0,3,19,0,0,0,0,0.0002751641238219861,9.874868320287655e-06,0.0002751641238219861,-1,0,0,0,-1,1,0,0,0
127,1020,88.02768154897763,0,0,0,2,7,0,0,0,0,0.0002751641238219861,9.874868320287655e-06,0.0002751641238219861,-1,0,0,0,-1,1,0,0,0
128,3583,95.76623030571882,0,0,0,4,14,0,0,0,0,0.0002751641238219861,9.874868320287655e-06,0.0002751641238219861,-1,0,0,0,-1,1,0,0,0
129,2,80.27434516650786,0,0,0,2,8,0,0,0,0,0.0002751641238219861,9.874868320287655e-06,0.0002751641238219861,-1,0,0,0,-1,1,0,0,0
130,434,86.37092439805376,0,0,0,4,13,0,0,0,0,0.0002751641238219861,9.874868320287655e-06,0.0002751641238219861,-1,0,0,0,-1,1,0,0,0
131,604,82.21546796316137,0,0,0,4,31,0,0,0,0,0.0002751641238219861,9.874868320287655e-06,0.0002751641238219861,-1,0,0,0,-1,1,0,0,0
132,2330,88.57891852388565,0,0,0,5,16,0,0,0,0,0.0002751641238219861,9.874868320287655e-06,0.0002751641238219861,-1,0,0,0,-1,1,0,0,0
133,0,95.28508503314127,0,0,0,1,9,0,0,0,0,0.0002751641238219861,9.874868320287655e-06,0.0002751641238219861,-1,0,0,0,-1,1,0,0,0
134,0,78.16358940958025,0,0,0,2,30,0,0,0,0,0.0002751641238219861,9.874868320287655e-06,0.0002751641238219861,-1,0,0,0,-1,1,0,0,0
135,1555,80.33939334141635,0,0,0,3,15,0,0,0,0,0.0002751641238219861,9.874868320287655e-06,0.0002751641238219861,-1,0,0,0,-1,1,0,0,0
136,1990,95.85343477988519,0,0,0,3,24,0,0,0,0,0.0002751641238219861,9.874868320287655e-06,0.0002751641238219861,-1,0,0,0,-1,1,0,0,0
137,1841,74.06502258883138,0,0,0,4,24,0,0,0,0,0.0002751641238219861,9.874868320287655e-06,0.0002751641238219861,-1,0,0,0,-1,1,0,0,0
138,779,59.95612615015532,0,0,0,4,16,0,0,0,0,0.0002751641238219861,9.874868320287655e-06,0.0002751641238219861,-1,0,0,0,-1,1,0,0,0
139,1834,86.9879352901448,0,0,0,4,24,0,0,0,0,0.0002751641238219861,9.874868320287655e-06,0.0002751641238219861,-1,0,0,0,-1,1,0,0,0
140,0,86.85475873132093,0,0,0,1,14,0,0,0,0,0.0002751641238219861,9.874868320287655e-06,0.0002751641238219861,-1,0,0,0,-1,1,0,0,0
141,1081,103.1084112608191,0,0,0,4,27,0,0,0,0,0.0002751641238219861,9.874868320287655e-06,0.0002751641238219861,-1,0,0,0,-1,1,0,0,0
142,1131,105.255818057054,0,0,0,3,19,0,0,0,0,0.0002751641238219861,9.874868320287655e-06,0.0002751641238219861,-1,0,0,0,-1,1,0,0,0
143,209,71.92545895348992,0,0,0,4,36,0,0,0,0,0.0002751641238219861,9.874868320287655e-06,0.0002751641238219861,-1,0,0,0,-1,1,0,0,0
144,1753,73.88100638235211,0,0,0,5,21,0,0,0,0,0.0002751641238219861,9.874868320287655e-06,0.0002751641238219861,-1,0,0,0,-1,1,0,0,0
145,0,103.8782640329868,0,0,0,2,21,0,0,0,0,0.0002751641238219861,9.874868320287655e-06,0.0002751641238219861,-1,0,0,0,-1,1,0,0,0
146,155,72.77725234181088,0,0,0,2,9,0,0,0,0,0.0002751641238219861,9.874868320287655e-06,0.0002751641238219861,-1,0,0,0,-1,1,0,0,0
147,0,75.63277424541822,0,0,0,2,22,0,0,0,0,0.0002751641238219861,9.874868320287655e-06,0.0002751641238219861,-1,0,0,0,-1,1,0,0,0
148,185,84.49998982127131,0,0,0,3,22,0,0,0,0,0.0002751641238219861,9.874868320287655e-06,0.0002751641238219861,-1,0,0,0,-1,1,0,0,0
149,2049,68.53948551444419,0,0,0,5,30,0,0,0,0,0.0002751641238219861,9.874868320287655e-06,0.0002751641238219861,-1,0,0,0,-1,1,0,0,0
150,0,95.71954261507449,0,0,0,3,23,0,0,0,0,0.0002751641238219861,9.874868320287655e-06,0.0002751641238219861,-1,0,0,0,-1,1,0,0,0
151,1233,73.74452650135113,0,0,0,4,6,0,0,0,0,0.0002751641238219861,9.874868320287655e-06,0.0002751641238219861,-1,0,0,0,-1,1,0,0,0
152,422,71.84221265633268,0,0,0,4,22,0,0,0,0,0.0002751641238219861,9.874868320287655e-06,0.0002751641238219861,-1,0,0,0,-1,1,0,0,0
153,1595,92.02474841022172,0,0,0,2,9,0,0,0,0,0.0002751641238219861,9.874868320287655e-06,0.0002751641238219861,-1,0,0,0,-1,1,0,0,0
154,987,93.54036588457787,0,0,0,4,13,0,0,0,0,0.0002751641238219861,9.874868320287655e-06,0.0002751641238219861,-1,0,0,0,-1,1,0,0,0
155,0,93.37164817749436,0,0,0,3,20,0,0,0,0,0.0002751641238219861,9.874868320287655e-06,0.0002751641238219861,-1,0,0,0,-1,1,0,0,0
156,0,98.06940647027865,0,0,0,2,21,0,0,0,0,0.0002751641238219861,9.874868320287655e-06,0.0002751641238219861,-1,0,0,0,-1,1,0,0,0
157,651,95.78357944418995,0,0,0,4,33,0,0,0,0,0.0002751641238219861,9.874868320287655e-06,0.0002751641238219861,-1,0,0,0,-1,1,0,0,0
158,1209,85.57075204492759,0,0,0,3,17,0,0,0,0,0.0002751641238219861,9.874868320287655e-06,0.0002751641238219861,-1,0,0,0,-1,1,0,0,0
159,620,107.9394779155309,0,0,0,2,13,0,0,0,0,0.0002751641238219861,9.874868320287655e-06,0.0002751641238219861,-1,0,0,0,-1,1,0,0,0
160,0,95.73808125166617,0,0,0,3,30,0,0,0,0,0.0002751641238219861,9.874868320287655e-06,0.0002751641238219861,-1,0,0,0,-1,1,0,0,0
161,2231,108.9702792637968,0,0,0,2,11,0,0,0,0,0.0002751641238219861,9.874868320287655e-06,0.0002751641238219861,-1,0,0,0,-1,1,0,0,0
162,0,70.9841542953922,0,0,0,3,25,0,0,0,0,0.0002751641238219861,9.874868320287655e-06,0.0002751641238219861,-1,0,0,0,-1,1,0,0,0
163,1158,67.16429786205414,0,0,0,5,21,0,0,0,0,0.0002751641238219861,9.874868320287655e-06,0.0002751641238219861,-1,0,0,0,-1,1,0,0,0
164,642,95.76298072029117,0,0,0,4,22,0,0,0,0,0.0002751641238219861,9.874868320287655e-06,0.0002751641238219861,-1,0,0,0,-1,1,0,0,0
165,0,78.12990264841343,0,0,0,2,14,0,0,0,0,0.0002751641238219861,9.874868320287655e-06,0.0002751641238219861,-1,0,0,0,-1,1,0,0,0
166,219,94.48471017590327,0,0,0,3,7,0,0,0,0,0.0002751641238219861,9.874868320287655e-06,0.0002751641238219861,-1,0,0,0,-1,1,0,0,0
167,96,53.11875759610076,0,0,0,4,25,0,0,0,0,0.0002751641238219861,9.874868320287655e-06,0.0002751641238219861,-1,0,0,0,-1,1,0,0,0
168,3,107.9582118478416,0,0,0,2,21,0,0,0,0,0.0002751641238219861,9.874868320287655e-06,0.0002751641238219861,-1,0,0,0,-1,1,0,0,0
169,3570,71.72465382807172,0,0,0,5,14,0,0,0,0,0.0002751641238219861,9.874868320287655e-06,0.0002751641238219861,-1,0,0,0,-1,1,0,0,0
170,0,95.75200016191482,0,0,0,3,28,0,0,0,0,0.0002751641238219861,9.874868320287655e-06,0.0002751641238219861,-1,0,0,0,-1,1,0,0,0
171,0,78.23914814001243,0,0,0,2,19,0,0,0,0,0.0002751641238219861,9.874868320287655e-06,0.0002751641238219861,-1,0,0,0,-1,1,0,0,0
172,1475,61.53322997508077,0,0,0,6,23,0,0,0,0,0.0002751641238219861,9.874868320287655e-06,0.0002751641238219861,-1,0,0,0,-1,1,0,0,0
173,572,107.9394779155682,0,0,0,2,18,0,0,0,0,0.0002751641238219861,9.874868320287655e-06,0.0002751641238219861,-1,0,0,0,-1,1,0,0,0
174,249,88.54855405012933,0,0,0,4,27,0,0,0,0,0.0002751641238219861,9.874868320287655e-06,0.0002751641238219861,-1,0,0,0,-1,1,0,0,0
175,0,107.9402730983929,0,0,0,2,18,0,0,0,0,0.0002751641238219861,9.874868320287655e-06,0.0002751641238219861,-1,0,0,0,-1,1,0,0,0
176,160,58.81726806688452,0,0,0,3,9,0,0,0,0,0.0002751641238219861,9.874868320287655e-06,0.0002751641238219861,-1,0,0,0,-1,1,0,0,0
177,0,74.096915649704,0,0,0,2,13,0,0,0,0,0.0002751641238219861,9.874868320287655e-06,0.0002751641238219861,-1,0,0,0,-1,1,0,0,0
178,1553,95.85112312735988,0,0,0,3,19,0,0,0,0,0.0002751641238219861,9.874868320287655e-06,0.0002751641238219861,-1,0,0,0,-1,1,0,0,0
179,2322,90.87618306944992,0,0,0,6,32,0,0,0,0,0.0002751641238219861,9.874868320287655e-06,0.0002751641238219861,-1,0,0,0,-1,1,0,0,0
180,262,89.27218450112052,0,0,0,3,30,0,0,0,0,0.0002751641238219861,9.874868320287655e-06,0.0002751641238219861,-1,0,0,0,-1,1,0,0,0
181,56,65.98403708595797,0,0,0,3,19,0,0,0,0,0.0002751641238219861,9.874868320287655e-06,0.0002751641238219861,-1,0,0,0,-1,1,0,0,0
182,191,66.99772327072293,0,0,0,4,26,0,0,0,0,0.0002751641238219861,9.874868320287655e-06,0.0002751641238219861,-1,0,0,0,-1,1,0,0,0
183,0,66.08253586376728,0,0,0,1,8,0,0,0,0,0.0002751641238219861,9.874868320287655e-06,0.0002751641238219861,-1,0,0,0,-1,1,0,0,0
184,1505,100.8838015611688,0,0,0,3,16,0,0,0,0,0.0002751641238219861,9.874868320287655e-06,0.0002751641238219861,-1,0,0,0,-1,1,0,0,0
185,4,85.11914654254046,0,0,0,4,32,0,0,0,0,0.0002751641238219861,9.874868320287655e-06,0.0002751641238219861,-1,0,0,0,-1,1,0,0,0
186,528,95.71488816164118,0,0,0,4,21,0,0,0,0,0.0002751641238219861,9.874868320287655e-06,0.0002751641238219861,-1,0,0,0,-1,1,0,0,0
187,178,98.05256968638361,0,0,0,3,14,0,0,0,0,0.0002751641238219861,9.874868320287655e-06,0.0002751641238219861,-1,0,0,0,-1,1,0,0,0
188,2506,105.287670305748,0,0,0,4,13,0,0,0,0,0.0002751641238219861,9.874868320287655e-06,0.0002751641238219861,-1,0,0,0,-1,1,0,0,0
189,0,56.58324534527584,0,0,0,1,8,0,0,0,0,0.0002751641238219861,9.874868320287655e-06,0.0002751641238219861,-1,0,0,0,-1,1,0,0,0
190,460,97.32426969926441,0,0,0,3,21,0,0,0,0,0.0002751641238219861,9.874868320287655e-06,0.0002751641238219861,-1,0,0,0,-1,1,0,0,0
191,200,90.88204606206068,0,0,0,4,25,0,0,0,0,0.0002751641238219861,9.874868320287655e-06,0.0002751641238219861,-1,0,0,0,-1,1,0,0,0
192,1821,95.88635392899531,0,0,0,3,14,0,0,0,0,0.0002751641238219861,9.874868320287655e-06,0.0002751641238219861,-1,0,0,0,-1,1,0,0,0
193,0,95.78052657503302,0,0,0,3,28,0,0,0,0,0.0002751641238219861,9.874868320287655e-06,0.0002751641238219861,-1,0,0,0,-1,1,0,0,0
194,0,96.69492179153427,0,0,0,1,6,0,0,0,0,0.0002751641238219861,9.874868320287655e-06,0.0002751641238219861,-1,0,0,0,-1,1,0,0,0
195,0,59.81421542761097,0,0,0,2,24,0,0,0,0,0.0002751641238219861,9.874868320287655e-06,0.0002751641238219861,-1,0,0,0,-1,1,0,0,0
196,312,95.888783147794,0,0,0,4,14,0,0,0,0,0.0002751641238219861,9.874868320287655e-06,0.0002751641238219861,-1,0,0,0,-1,1,0,0,0
197,0,77.38642112071641,0,0,0,3,28,0,0,0,0,0.0002751641238219861,9.874868320287655e-06,0.0002751641238219861,-1,0,0,0,-1,1,0,0,0
198,0,56.50634248904917,0,0,0,4,25,0,0,0,0,0.0002751641238219861,9.874868320287655e-06,0.0002751641238219861,-1,0,0,0,-1,1,0,0,0
199,3322,81.35703193680831,0,0,0,6,15,0,0,0,0,0.0002751641238219861,9.874868320287655e-06,0.0002751641238219861,-1,0,0,0,-1,1,0,0,0
200,0,80.3542756499585,0,0,0,1,8,0,0,0,0,0.0002751641238219861,9.874868320287655e-06,0.0002751641238219861,-1,0,0,0,-1,1,0,0,0
201,2824,62.42025739428755,0,0,0,7,22,0,0,0,0,0.0002751641238219861,9.874868320287655e-06,0.0002751641238219861,-1,0,0,0,-1,1,0,0,0
202,4057,72.77322473308917,0,0,0,6,31,0,0,0,0,0.0002751641238219861,9.874868320287655e-06,0.0002751641238219861,-1,0,0,0,-1,1,0,0,0
203,896,76.68406314015081,0,0,0,4,31,0,0,0,0,0.0002751641238219861,9.874868320287655e-06,0.0002751641238219861,-1,0,0,0,-1,1,0,0,0
204,1604,69.45396920022345,0,0,0,5,20,0,0,0,0,0.0002751641238219861,9.874868320287655e-06,0.0002751641238219861,-1,0,0,0,-1,1,0,0,0
205,1275,81.03256482576732,0,0,0,3,9,0,0,0,0,0.0002751641238219861,9.874868320287655e-06,0.0002751641238219861,-1,0,0,0,-1,1,0,0,0
206,159,59.88237141437788,0,0,0,3,16,0,0,0,0,0.0002751641238219861,9.874868320287655e-06,0.0002751641238219861,-1,0,0,0,-1,1,0,0,0
207,1121,76.38190501691966,0,0,0,5,16,0,0,0,0,0.0002751641238219861,9.874868320287655e-06,0.0002751641238219861,-1,0,0,0,-1,1,0,0,0
208,0,95.86250246680511,0,0,0,3,25,0,0,0,0,0.0002751641238219861,9.874868320287655e-06,0.0002751641238219861,-1,0,0,0,-1,1,0,0,0
209,603,78.16062804310296,0,0,0,3,13,0,0,0,0,0.0002751641238219861,9.874868320287655e-06,0.0002751641238219861,-1,0,0,0,-1,1,0,0,0
210,369,98.00831172969326,0,0,0,3,35,0,0,0,0,0.0002751641238219861,9.874868320287655e-06,0.0002751641238219861,-1,0,0,0,-1,1,0,0,0
211,2097,77.48010339351865,0,0,0,5,28,0,0,0,0,0.0002751641238219861,9.874868320287655e-06,0.0002751641238219861,-1,0,0,0,-1,1,0,0,0
212,2135,70.27213720942775,0,0,0,5,26,0,0,0,0,0.0002751641238219861,9.874868320287655e-06,0.0002751641238219861,-1,0,0,0,-1,1,0,0,0
213,1720,68.07976392390729,0,0,0,3,7,0,0,0,0,0.0002751641238219861,9.874868320287655e-06,0.0002751641238219861,-1,0,0,0,-1,1,0,0,0
214,656,103.0320579105905,0,0,0,3,23,0,0,0,0,0.0002751641238219861,9.874868320287655e-06,0.0002751641238219861,-1,0,0,0,-1,1,0,0,0
215,1008,88.67984408752545,0,0,0,5,28,0,0,0,0,0.0002751641238219861,9.874868320287655e-06,0.0002751641238219861,-1,0,0,0,-1,1,0,0,0
216,1412,95.88108384458803,0,0,0,4,26,0,0,0,0,0.0002751641238219861,9.874868320287655e-06,0.0002751641238219861,-1,0,0,0,-1,1,0,0,0
217,317,78.62732222276756,0,0,0,4,16,0,0,0,0,0.0002751641238219861,9.874868320287655e-06,0.0002751641238219861,-1,0,0,0,-1,1,0,0,0
218,0,78.12990264996162,0,0,0,2,25,0,0,0,0,0.0002751641238219861,9.874868320287655e-06,0.0002751641238219861,-1,0,0,0,-1,1,0,0,0
219,1771,52.54188906022502,0,0,0,5,27,0,0,0,0,0.0002751641238219861,9.874868320287655e-06,0.0002751641238219861,-1,0,0,0,-1,1,0,0,0
220,0,95.80429645621662,0,0,0,3,35,0,0,0,0,0.0002751641238219861,9.874868320287655e-06,0.0002751641238219861,-1,0,0,0,-1,1,0,0,0
221,2122,65.97832003537319,0,0,0,4,21,0,0,0,0,0.0002751641238219861,9.874868320287655e-06,0.0002751641238219861,-1,0,0,0,-1,1,0,0,0
222,282,66.75108731005821,0,0,0,3,19,0,0,0,0,0.0002751641238219861,9.874868320287655e-06,0.0002751641238219861,-1,0,0,0,-1,1,0,0,0
223,2549,87.43143378342683,0,0,0,5,18,0,0,0,0,0.0002751641238219861,9.874868320287655e-06,0.0002751641238219861,-1,0,0,0,-1,1,0,0,0
224,1481,65.97601095148481,0,0,0,2,15,0,0,0,0,0.0002751641238219861,9.874868320287655e-06,0.0002751641238219861,-1,0,0,0,-1,1,0,0,0
225,481,103.0567816620255,0,0,0,3,24,0,0,0,0,0.0002751641238219861,9.874868320287655e-06,0.0002751641238219861,-1,0,0,0,-1,1,0,0,0
226,236,70.07439114961424,0,0,0,5,29,0,0,0,0,0.0002751641238219861,9.874868320287655e-06,0.0002751641238219861,-1,0,0,0,-1,1,0,0,0
227,1439,70.2049004625146,0,0,0,5,28,0,0,0,0,0.0002751641238219861,9.874868320287655e-06,0.0002751641238219861,-1,0,0,0,-1,1,0,0,0
228,1297,98.07381169746854,0,0,0,4,17,0,0,0,0,0.0002751641238219861,9.874868320287655e-06,0.0002751641238219861,-1,0,0,0,-1,1,0,0,0
229,0,99.41766599960998,0,0,0,2,13,0,0,0,0,0.0002751641238219861,9.874868320287655e-06,0.0002751641238219861,-1,0,0,0,-1,1,0,0,0
230,943,66.02948419451801,0,0,0,2,9,0,0,0,0,0.0002751641238219861,9.874868320287655e-06,0.0002751641238219861,-1,0,0,0,-1,1,0,0,0
231,211,92.28810595765822,0,0,0,3,22,0,0,0,0,0.0002751641238219861,9.874868320287655e-06,0.0002751641238219861,-1,0,0,0,-1,1,0,0,0
232,171,84.59159875094825,0,0,0,4,26,0,0,0,0,0.0002751641238219861,9.874868320287655e-06,0.0002751641238219861,-1,0,0,0,-1,1,0,0,0
233,309,58.73164864996568,0,0,0,1,5,0,0,0,0,0.0002751641238219861,9.874868320287655e-06,0.0002751641238219861,-1,0,0,0,-1,1,0,0,0
234,364,56.85253459527028,0,0,0,3,13,0,0,0,0,0.0002751641238219861,9.874868320287655e-06,0.0002751641238219861,-1,0,0,0,-1,1,0,0,0
235,607,67.79971254803742,0,0,0,6,28,0,0,0,0,0.0002751641238219861,9.874868320287655e-06,0.0002751641238219861,-1,0,0,0,-1,1,0,0,0
236,135,78.68306656425464,0,0,0,5,19,0,0,0,0,0.0002751641238219861,9.874868320287655e-06,0.0002751641238219861,-1,0,0,0,-1,1,0,0,0
237,785,103.2280198288824,0,0,0,2,15,0,0,0,0,0.0002751641238219861,9.874868320287655e-06,0.0002751641238219861,-1,0,0,0,-1,1,0,0,0
238,0,98.02941262437486,0,0,0,2,22,0,0,0,0,0.0002751641238219861,9.874868320287655e-06,0.0002751641238219861,-1,0,0,0,-1,1,0,0,0
239,843,97.99650530052207,0,0,0,3,18,0,0,0,0,0.0002751641238219861,9.874868320287655e-06,0.0002751641238219861,-1,0,0,0,-1,1,0,0,0
240,697,90.77149430575271,0,0,0,3,19,0,0,0,0,0.0002751641238219861,9.874868320287655e-06,0.0002751641238219861,-1,0,0,0,-1,1,0,0,0
241,643,103.0515334869387,0,0,0,4,26,0,0,0,0,0.0002751641238219861,9.874868320287655e-06,0.0002751641238219861,-1,0,0,0,-1,1,0,0,0
242,18,71.00458428821921,0,0,0,3,23,0,0,0,0,0.0002751641238219861,9.874868320287655e-06,0.0002751641238219861,-1,0,0,0,-1,1,0,0,0
243,152,80.02603346652403,0,0,0,5,35,0,0,0,0,0.0002751641238219861,9.874868320287655e-06,0.0002751641238219861,-1,0,0,0,-1,1,0,0,0
244,607,95.90930252914933,0,0,0,3,18,0,0,0,0,0.0002751641238219861,9.874868320287655e-06,0.0002751641238219861,-1,0,0,0,-1,1,0,0,0
245,84,81.35922980070602,0,0,0,5,29,0,0,0,0,0.0002751641238219861,9.874868320287655e-06,0.0002751641238219861,-1,0,0,0,-1,1,0,0,0
246,4847,69.88842865058265,0,0,0,7,28,0,0,0,0,0.0002751641238219861,9.874868320287655e-06,0.0002751641238219861,-1,0,0,0,-1,1,0,0,0
247,817,107.9854522545818,0,0,0,3,24,0,0,0,0,0.0002751641238219861,9.874868320287655e-06,0.0002751641238219861,-1,0,0,0,-1,1,0,0,0
248,292,86.67855694471071,0,0,0,1,7,0,0,0,0,0.0002751641238219861,9.874868320287655e-06,0.0002751641238219861,-1,0,0,0,-1,1,0,0,0
249,0,86.85475873130441,0,0,0,1,7,0,0,0,0,0.0002751641238219861,9.874868320287655e-06,0.0002751641238219861,-1,0,0,0,-1,1,0,0,0
250,25,72.92488626664402,0,0,0,5,34,0,0,0,0,0.0002751641238219861,9.874868320287655e-06,0.0002751641238219861,-1,0,0,0,-1,1,0,0,0
251,1102,85.06472968937393,0,0,0,5,24,0,0,0,0,0.0002751641238219861,9.874868320287655e-06,0.0002751641238219861,-1,0,0,0,-1,1,0,0,0
252,227,99.584149993675,0,0,0,2,20,0,0,0,0,0.0002751641238219861,9.874868320287655e-06,0.0002751641238219861,-1,0,0,0,-1,1,0,0,0
253,1359,108.0874720424643,0,0,0,3,15,0,0,0,0,0.0002751641238219861,9.874868320287655e-06,0.0002751641238219861,-1,0,0,0,-1,1,0,0,0
254,3492,96.57290021183414,0,0,0,6,18,0,0,0,0,0.0002751641238219861,9.874868320287655e-06,0.0002751641238219861,-1,0,0,0,-1,1,0,0,0
255,0,70.62354878992839,0,0,0,2,19,0,0,0,0,0.0002751641238219861,9.874868320287655e-06,0.0002751641238219861,-1,0,0,0,-1,1,0,0,0
256,2161,72.68308719104708,0,0,0,6,32,0,0,0,0,0.0002751641238219861,9.874868320287655e-06,0.0002751641238219861,-1,0,0,0,-1,1,0,0,0
257,1187,85.05910959327194,0,0,0,4,26,0,0,0,0,0.0002751641238219861,9.874868320287655e-06,0.0002751641238219861,-1,0,0,0,-1,1,0,0,0
258,1413,85.05610992836851,0,0,0,5,16,0,0,0,0,0.0002751641238219861,9.874868320287655e-06,0.0002751641238219861,-1,0,0,0,-1,1,0,0,0
259,0,77.36655564992313,0,0,0,3,23,0,0,0,0,0.0002751641238219861,9.874868320287655e-06,0.0002751641238219861,-1,0,0,0,-1,1,0,0,0
260,173,100.7747811472486,0,0,0,4,15,0,0,0,0,0.0002751641238219861,9.874868320287655e-06,0.0002751641238219861,-1,0,0,0,-1,1,0,0,0
261,1285,66.15698847324138,0,0,0,5,29,0,0,0,0,0.0002751641238219861,9.874868320287655e-06,0.0002751641238219861,-1,0,0,0,-1,1,0,0,0
262,857,83.46464554198265,0,0,0,5,32,0,0,0,0,0.0002751641238219861,9.874868320287655e-06,0.0002751641238219861,-1,0,0,0,-1,1,0,0,0
263,605,73.15954934173888,0,0,0,2,6,0,0,0,0,0.0002751641238219861,9.874868320287655e-06,0.0002751641238219861,-1,0,0,0,-1,1,0,0,0
264,0,48.03870005734512,0,0,0,3,26,0,0,0,0,0.0002751641238219861,9.874868320287655e-06,0.0002751641238219861,-1,0,0,0,-1,1,0,0,0
265,0,95.82434540768654,0,0,0,3,35,0,0,0,0,0.0002751641238219861,9.874868320287655e-06,0.0002751641238219861,-1,0,0,0,-1,1,0,0,0
266,1534,80.86940322396948,0,0,0,4,14,0,0,0,0,0.0002751641238219861,9.874868320287655e-06,0.0002751641238219861,-1,0,0,0,-1,1,0,0,0
267,12,77.0624255253247,0,0,0,3,22,0,0,0,0,0.0002751641238219861,9.874868320287655e-06,0.0002751641238219861,-1,0,0,0,-1,1,0,0,0
268,498,100.810203617675,0,0,0,3,18,0,0,0,0,0.0002751641238219861,9.874868320287655e-06,0.0002751641238219861,-1,0,0,0,-1,1,0,0,0
269,0,103.0952063266642,0,0,0,3,32,0,0,0,0,0.0002751641238219861,9.874868320287655e-06,0.0002751641238219861,-1,0,0,0,-1,1,0,0,0
270,1157,95.51839003317177,0,0,0,1,10,0,0,0,0,0.0002751641238219861,9.874868320287655e-06,0.0002751641238219861,-1,0,0,0,-1,1,0,0,0
271,0,102.9931546649554,0,0,0,3,23,0,0,0,0,0.0002751641238219861,9.874868320287655e-06,0.0002751641238219861,-1,0,0,0,-1,1,0,0,0
272,1660,87.20934910304049,0,0,0,3,17,0,0,0,0,0.0002751641238219861,9.874868320287655e-06,0.0002751641238219861,-1,0,0,0,-1,1,0,0,0
273,247,104.3236596756814,0,0,0,2,12,0,0,0,0,0.0002751641238219861,9.874868320287655e-06,0.0002751641238219861,-1,0,0,0,-1,1,0,0,0
274,1480,81.33399097638461,0,0,0,5,24,0,0,0,0,0.0002751641238219861,9.874868320287655e-06,0.0002751641238219861,-1,0,0,0,-1,1,0,0,0
275,849,78.61273186389995,0,0,0,5,22,0,0,0,0,0.0002751641238219861,9.874868320287655e-06,0.0002751641238219861,-1,0,0,0,-1,1,0,0,0
276,0,104.2012756498987,0,0,0,1,10,0,0,0,0,0.0002751641238219861,9.874868320287655e-06,0.0002751641238219861,-1,0,0,0,-1,1,0,0,0
277,1373,80.32216414164162,0,0,0,6,30,0,0,0,0,0.0002751641238219861,9.874868320287655e-06,0.0002751641238219861,-1,0,0,0,-1,1,0,0,0
278,672,95.29696093395592,0,0,0,1,10,0,0,0,0,0.0002751641238219861,9.874868320287655e-06,0.0002751641238219861,-1,0,0,0,-1,1,0,0,0
279,126,72.78986272347991,0,0,0,5,29,0,0,0,0,0.0002751641238219861,9.874868320287655e-06,0.0002751641238219861,-1,0,0,0,-1,1,0,0,0
280,2424,93.83493520254501,0,0,0,4,18,0,0,0,0,0.0002751641238219861,9.874868320287655e-06,0.0002751641238219861,-1,0,0,0,-1,1,0,0,0
281,914,90.29502165670969,0,0,0,3,11,0,0,0,0,0.0002751641238219861,9.874868320287655e-06,0.0002751641238219861,-1,0,0,0,-1,1,0,0,0
282,929,97.99453941489148,0,0,0,3,17,0,0,0,0,0.0002751641238219861,9.874868320287655e-06,0.0002751641238219861,-1,0,0,0,-1,1,0,0,0
283,607,98.01619011331155,0,0,0,2,18,0,0,0,0,0.0002751641238219861,9.874868320287655e-06,0.0002751641238219861,-1,0,0,0,-1,1,0,0,0
284,22,59.90757546927635,0,0,0,4,20,0,0,0,0,0.0002751641238219861,9.874868320287655e-06,0.0002751641238219861,-1,0,0,0,-1,1,0,0,0
285,768,102.9931546653745,0,0,0,3,20,0,0,0,0,0.0002751641238219861,9.874868320287655e-06,0.0002751641238219861,-1,0,0,0,-1,1,0,0,0
286,2361,80.67060853705625,0,0,0,5,32,0,0,0,0,0.0002751641238219861,9.874868320287655e-06,0.0002751641238219861,-1,0,0,0,-1,1,0,0,0
287,870,62.94467946000901,0,0,0,6,34,0,0,0,0,0.0002751641238219861,9.874868320287655e-06,0.0002751641238219861,-1,0,0,0,-1,1,0,0,0
288,0,80.60291923664984,0,0,0,2,20,0,0,0,0,0.0002751641238219861,9.874868320287655e-06,0.0002751641238219861,-1,0,0,0,-1,1,0,0,0
289,420,78.0992843282345,0,0,0,3,23,0,0,0,0,0.0002751641238219861,9.874868320287655e-06,0.0002751641238219861,-1,0,0,0,-1,1,0,0,0
290,3041,80.08396554169451,0,0,0,7,42,0,0,0,0,0.0002751641238219861,9.874868320287655e-06,0.0002751641238219861,-1,0,0,0,-1,1,0,0,0
291,1438,95.7419438804562,0,0,0,4,30,0,0,0,0,0.0002751641238219861,9.874868320287655e-06,0.0002751641238219861,-1,0,0,0,-1,1,0,0,0
292,1714,71.63104280532379,0,0,0,7,29,0,0,0,0,0.0002751641238219861,9.874868320287655e-06,0.0002751641238219861,-1,0,0,0,-1,1,0,0,0
293,394,74.64563079399785,0,0,0,4,17,0,0,0,0,0.0002751641238219861,9.874868320287655e-06,0.0002751641238219861,-1,0,0,0,-1,1,0,0,0
294,0,79.70215661366386,0,0,0,1,12,0,0,0,0,0.0002751641238219861,9.874868320287655e-06,0.0002751641238219861,-1,0,0,0,-1,1,0,0,0
295,1716,63.02294211108378,0,0,0,6,35,0,0,0,0,0.0002751641238219861,9.874868320287655e-06,0.0002751641238219861,-1,0,0,0,-1,1,0,0,0
296,0,95.71954264984694,0,0,0,3,28,0,0,0,0,0.0002751641238219861,9.874868320287655e-06,0.0002751641238219861,-1,0,0,0,-1,1,0,0,0
297,1936,66.78007907683869,0,0,0,6,31,0,0,0,0,0.0002751641238219861,9.874868320287655e-06,0.0002751641238219861,-1,0,0,0,-1,1,0,0,0
298,0,64.69662373074256,0,0,0,4,25,0,0,0,0,0.0002751641238219861,9.874868320287655e-06,0.0002751641238219861,-1,0,0,0,-1,1,0,0,0
299,2238,80.28188933761396,0,0,0,3,8,0,0,0,0,0.0002751641238219861,9.874868320287655e-06,0.0002751641238219861,-1,0,0,0,-1,1,0,0,0
300,1310,87.06855489062205,0,0,0,3,22,0,0,0,0,0.0002751641238219861,9.874868320287655e-06,0.0002751641238219861,-1,0,0,0,-1,1,0,0,0
301,270,98.97577079906468,0,0,0,1,11,0,0,0,0,0.0002751641238219861,9.874868320287655e-06,0.0002751641238219861,-1,0,0,0,-1,1,0,0,0
302,1043,74.93013664690379,0,0,0,4,32,0,0,0,0,0.0002751641238219861,9.874868320287655e-06,0.0002751641238219861,-1,0,0,0,-1,1,0,0,0
303,0,80.35427564995476,0,0,0,1,8,0,0,0,0,0.0002751641238219861,9.874868320287655e-06,0.0002751641238219861,-1,0,0,0,-1,1,0,0,0
304,2046,77.74706745601713,0,0,0,6,25,0,0,0,0,0.0002751641238219861,9.874868320287655e-06,0.0002751641238219861,-1,0,0,0,-1,1,0,0,0
305,4397,103.3460428835502,0,0,0,5,23,0,0,0,0,0.0002751641238219861,9.874868320287655e-06,0.0002751641238219861,-1,0,0,0,-1,1,0,0,0
306,0,96.6949217911542,0,0,0,1,9,0,0,0,0,0.0002751641238219861,9.874868320287655e-06,0.0002751641238219861,-1,0,0,0,-1,1,0,0,0
307,562,61.97062725830928,0,0,0,3,23,0,0,0,0,0.0002751641238219861,9.874868320287655e-06,0.0002751641238219861,-1,0,0,0,-1,1,0,0,0
308,1846,103.2215897921113,0,0,0,3,16,0,0,0,0,0.0002751641238219861,9.874868320287655e-06,0.0002751641238219861,-1,0,0,0,-1,1,0,0,0
309,474,70.88665510546592,0,0,0,4,15,0,0,0,0,0.0002751641238219861,9.874868320287655e-06,0.0002751641238219861,-1,0,0,0,-1,1,0,0,0
310,281,77.62794478586822,0,0,0,3,8,0,0,0,0,0.0002751641238219861,9.874868320287655e-06,0.0002751641238219861,-1,0,0,0,-1,1,0,0,0
311,28617,138.2795039999503,0,0,0,1,6,0,0,0,0,0.0002751641238219861,9.874868320287655e-06,0.0002751641238219861,-1,0,0,0,-1,1,1,1,0
312,96,110.1638509155594,0,0,0,2,22,0,0,0,0,0.0002751641238219861,9.874868320287655e-06,0.0002751641238219861,-1,0,0,0,-1,1,0,0,0
313,0,78.12990264938756,0,0,0,2,16,0,0,0,0,0.0002751641238219861,9.874868320287655e-06,0.0002751641238219861,-1,0,0,0,-1,1,0,0,0
314,255,66.94902251013202,0,0,0,4,26,0,0,0,0,0.0002751641238219861,9.874868320287655e-06,0.0002751641238219861,-1,0,0,0,-1,1,0,0,0
315,597,78.17461055674544,0,0,0,3,22,0,0,0,0,0.0002751641238219861,9.874868320287655e-06,0.0002751641238219861,-1,0,0,0,-1,1,0,0,0
316,782,78.72878194861107,0,0,0,5,24,0,0,0,0,0.0002751641238219861,9.874868320287655e-06,0.0002751641238219861,-1,0,0,0,-1,1,0,0,0
317,2476,83.37828226603122,0,0,0,4,7,0,0,0,0,0.0002751641238219861,9.874868320287655e-06,0.0002751641238219861,-1,0,0,0,-1,1,0,0,0
318,1313,107.9185491319798,0,0,0,3,25,0,0,0,0,0.0002751641238219861,9.874868320287655e-06,0.0002751641238219861,-1,0,0,0,-1,1,0,0,0
319,0,59.77691564702917,0,0,0,2,21,0,0,0,0,0.0002751641238219861,9.874868320287655e-06,0.0002751641238219861,-1,0,0,0,-1,1,0,0,0
320,0,103.919560465471,0,0,0,2,21,0,0,0,0,0.0002751641238219861,9.874868320287655e-06,0.0002751641238219861,-1,0,0,0,-1,1,0,0,0
321,2534,97.92082651401876,0,0,0,5,18,0,0,0,0,0.0002751641238219861,9.874868320287655e-06,0.0002751641238219861,-1,0,0,0,-1,1,0,0,0
322,0,83.62349955294526,0,0,0,4,22,0,0,0,0,0.0002751641238219861,9.874868320287655e-06,0.0002751641238219861,-1,0,0,0,-1,1,0,0,0
323,1363,89.07718458547902,0,0,0,2,6,0,0,0,0,0.0002751641238219861,9.874868320287655e-06,0.0002751641238219861,-1,0,0,0,-1,1,0,0,0
324,177,107.4419006655657,0,0,0,2,19,0,0,0,0,0.0002751641238219861,9.874868320287655e-06,0.0002751641238219861,-1,0,0,0,-1,1,0,0,0
325,967,77.1358993619874,0,0,0,5,28,0,0,0,0,0.0002751641238219861,9.874868320287655e-06,0.0002751641238219861,-1,0,0,0,-1,1,0,0,0
326,0,75.72006230226393,0,0,0,3,19,0,0,0,0,0.0002751641238219861,9.874868320287655e-06,0.0002751641238219861,-1,0,0,0,-1,1,0,0,0
327,3184,93.10043793131894,0,0,0,5,26,0,0,0,0,0.0002751641238219861,9.874868320287655e-06,0.0002751641238219861,-1,0,0,0,-1,1,0,0,0
328,0,79.48074061347219,0,0,0,1,9,0,0,0,0,0.0002751641238219861,9.874868320287655e-06,0.0002751641238219861,-1,0,0,0,-1,1,0,0,0
329,3649,90.90041435957441,0,0,0,5,29,0,0,0,0,0.0002751641238219861,9.874868320287655e-06,0.0002751641238219861,-1,0,0,0,-1,1,0,0,0
330,5,62.10232041040218,0,0,0,6,24,0,0,0,0,0.0002751641238219861,9.874868320287655e-06,0.0002751641238219861,-1,0,0,0,-1,1,0,0,0
331,941,71.71396673760303,0,0,0,5,31,0,0,0,0,0.0002751641238219861,9.874868320287655e-06,0.0002751641238219861,-1,0,0,0,-1,1,0,0,0
332,20,74.33199765449692,0,0,0,1,8,0,0,0,0,0.0002751641238219861,9.874868320287655e-06,0.0002751641238219861,-1,0,0,0,-1,1,0,0,0
333,0,96.7446048763594,0,0,0,1,13,0,0,0,0,0.0002751641238219861,9.874868320287655e-06,0.0002751641238219861,-1,0,0,0,-1,1,0,0,0
334,0,79.5449313916701,0,0,0,1,9,0,0,0,0,0.0002751641238219861,9.874868320287655e-06,0.0002751641238219861,-1,0,0,0,-1,1,0,0,0
335,0,80.36304417523191,0,0,0,1,8,0,0,0,0,0.0002751641238219861,9.874868320287655e-06,0.0002751641238219861,-1,0,0,0,-1,1,0,0,0
336,3737,89.41642397358831,0,0,0,5,19,0,0,0,0,0.0002751641238219861,9.874868320287655e-06,0.0002751641238219861,-1,0,0,0,-1,1,0,0,0
337,2566,86.83621206729431,0,0,0,5,19,0,0,0,0,0.0002751641238219861,9.874868320287655e-06,0.0002751641238219861,-1,0,0,0,-1,1,0,0,0
338,1570,89.26103003171733,0,0,0,2,15,0,0,0,0,0.0002751641238219861,9.874868320287655e-06,0.0002751641238219861,-1,0,0,0,-1,1,0,0,0
339,2700,94.03361879214962,0,0,0,4,16,0,0,0,0,0.0002751641238219861,9.874868320287655e-06,0.0002751641238219861,-1,0,0,0,-1,1,0,0,0
340,9,103.2532531183376,0,0,0,2,17,0,0,0,0,0.0002751641238219861,9.874868320287655e-06,0.0002751641238219861,-1,0,0,0,-1,1,0,0,0
341,0,62.01460215625142,0,0,0,1,13,0,0,0,0,0.0002751641238219861,9.874868320287655e-06,0.0002751641238219861,-1,0,0,0,-1,1,0,0,0
342,0,66.04488457855645,0,0,0,1,12,0,0,0,0,0.0002751641238219861,9.874868320287655e-06,0.0002751641238219861,-1,0,0,0,-1,1,0,0,0
343,1125,103.0895330169718,0,0,0,3,25,0,0,0,0,0.0002751641238219861,9.874868320287655e-06,0.0002751641238219861,-1,0,0,0,-1,1,0,0,0
344,854,90.92322810532725,0,0,0,6,17,0,0,0,0,0.0002751641238219861,9.874868320287655e-06,0.0002751641238219861,-1,0,0,0,-1,1,0,0,0
345,1514,81.8327132260419,0,0,0,2,12,0,0,0,0,0.0002751641238219861,9.874868320287655e-06,0.0002751641238219861,-1,0,0,0,-1,1,0,0,0
346,0,78.472229662326,0,0,0,3,22,0,0,0,0,0.0002751641238219861,9.874868320287655e-06,0.0002751641238219861,-1,0,0,0,-1,1,0,0,0
347,308,88.55810095845186,0,0,0,4,21,0,0,0,0,0.0002751641238219861,9.874868320287655e-06,0.0002751641238219861,-1,0,0,0,-1,1,0,0,0
348,0,70.96503095463373,0,0,0,3,14,0,0,0,0,0.0002751641238219861,9.874868320287655e-06,0.0002751641238219861,-1,0,0,0,-1,1,0,0,0
349,29702,138.279504002958,0,0,0,1,8,0,0,0,0,0.0002751641238219861,9.874868320287655e-06,0.0002751641238219861,-1,0,0,0,-1,1,1,1,0
350,571,75.20281856795742,0,0,0,5,35,0,0,0,0,0.0002751641238219861,9.874868320287655e-06,0.0002751641238219861,-1,0,0,0,-1,1,0,0,0
351,1287,64.62862216846703,0,0,0,6,24,0,0,0,0,0.0002751641238219861,9.874868320287655e-06,0.0002751641238219861,-1,0,0,0,-1,1,0,0,0
352,407,62.53051897548733,0,0,0,6,39,0,0,0,0,0.0002751641238219861,9.874868320287655e-06,0.0002751641238219861,-1,0,0,0,-1,1,0,0,0
353,889,102.9971124008415,0,0,0,4,23,0,0,0,0,0.0002751641238219861,9.874868320287655e-06,0.0002751641238219861,-1,0,0,0,-1,1,0,0,0
354,701,59.81397560399435,0,0,0,4,17,0,0,0,0,0.0002751641238219861,9.874868320287655e-06,0.0002751641238219861,-1,0,0,0,-1,1,0,0,0
355,1736,90.8662296047376,0,0,0,5,26,0,0,0,0,0.0002751641238219861,9.874868320287655e-06,0.0002751641238219861,-1,0,0,0,-1,1,0,0,0
356,1194,74.19130075173923,0,0,0,5,19,0,0,0,0,0.0002751641238219861,9.874868320287655e-06,0.0002751641238219861,-1,0,0,0,-1,1,0,0,0
357,770,81.27038043386112,0,0,0,6,19,0,0,0,0,0.0002751641238219861,9.874868320287655e-06,0.0002751641238219861,-1,0,0,0,-1,1,0,0,0
358,27,85.81082478099616,0,0,0,3,10,0,0,0,0,0.0002751641238219861,9.874868320287655e-06,0.0002751641238219861,-1,0,0,0,-1,1,0,0,0
359,409,68.22664793534547,0,0,0,2,8,0,0,0,0,0.0002751641238219861,9.874868320287655e-06,0.0002751641238219861,-1,0,0,0,-1,1,0,0,0
360,506,80.2310334625535,0,0,0,4,26,0,0,0,0,0.0002751641238219861,9.874868320287655e-06,0.0002751641238219861,-1,0,0,0,-1,1,0,0,0
361,0,70.16668090003485,0,0,0,4,16,0,0,0,0,0.0002751641238219861,9.874868320287655e-06,0.0002751641238219861,-1,0,0,0,-1,1,0,0,0
362,1540,107.9376493520771,0,0,0,3,21,0,0,0,0,0.0002751641238219861,9.874868320287655e-06,0.0002751641238219861,-1,0,0,0,-1,1,0,0,0
363,206,71.87254264989325,0,0,0,4,40,0,0,0,0,0.0002751641238219861,9.874868320287655e-06,0.0002751641238219861,-1,0,0,0,-1,1,0,0,0
364,1794,95.77575107111717,0,0,0,4,20,0,0,0,0,0.0002751641238219861,9.874868320287655e-06,0.0002751641238219861,-1,0,0,0,-1,1,0,0,0
365,59,90.85072200673197,0,0,0,3,24,0,0,0,0,0.0002751641238219861,9.874868320287655e-06,0.0002751641238219861,-1,0,0,0,-1,1,0,0,0
366,0,78.12990264984118,0,0,0,2,18,0,0,0,0,0.0002751641238219861,9.874868320287655e-06,0.0002751641238219861,-1,0,0,0,-1,1,0,0,0
367,0,98.03920944556907,0,0,0,2,15,0,0,0,0,0.0002751641238219861,9.874868320287655e-06,0.0002751641238219861,-1,0,0,0,-1,1,0,0,0
368,189,56.50727564991341,0,0,0,2,21,0,0,0,0,0.0002751641238219861,9.874868320287655e-06,0.0002751641238219861,-1,0,0,0,-1,1,0,0,0
369,0,78.12990264987656,0,0,0,2,25,0,0,0,0,0.0002751641238219861,9.874868320287655e-06,0.0002751641238219861,-1,0,0,0,-1,1,0,0,0
370,1323,103.0558813423734,0,0,0,4,26,0,0,0,0,0.0002751641238219861,9.874868320287655e-06,0.0002751641238219861,-1,0,0,0,-1,1,0,0,0
371,0,80.59739873072853,0,0,0,2,15,0,0,0,0,0.0002751641238219861,9.874868320287655e-06,0.0002751641238219861,-1,0,0,0,-1,1,0,0,0
372,0,83.01241985432314,0,0,0,3,21,0,0,0,0,0.0002751641238219861,9.874868320287655e-06,0.0002751641238219861,-1,0,0,0,-1,1,0,0,0
373,0,95.80155826149378,0,0,0,3,27,0,0,0,0,0.0002751641238219861,9.874868320287655e-06,0.0002751641238219861,-1,0,0,0,-1,1,0,0,0
374,3175,87.01800078536975,0,0,0,5,13,0,0,0,0,0.0002751641238219861,9.874868320287655e-06,0.0002751641238219861,-1,0,0,0,-1,1,0,0,0
375,0,80.35427564968558,0,0,0,1,2,0,0,0,0,0.0002751641238219861,9.874868320287655e-06,0.0002751641238219861,-1,0,0,0,-1,1,0,0,0
376,0,70.67823598587395,0,0,0,2,17,0,0,0,0,0.0002751641238219861,9.874868320287655e-06,0.0002751641238219861,-1,0,0,0,-1,1,0,0,0
377,0,95.71954264972973,0,0,0,3,18,0,0,0,0,0.0002751641238219861,9.874868320287655e-06,0.0002751641238219861,-1,0,0,0,-1,1,0,0,0
378,2111,92.17869185004183,0,0,0,6,21,0,0,0,0,0.0002751641238219861,9.874868320287655e-06,0.0002751641238219861,-1,0,0,0,-1,1,0,0,0
379,1177,98.11295892460568,0,0,0,2,10,0,0,0,0,0.0002751641238219861,9.874868320287655e-06,0.0002751641238219861,-1,0,0,0,-1,1,0,0,0
380,0,97.94391564993731,0,0,0,2,17,0,0,0,0,0.0002751641238219861,9.874868320287655e-06,0.0002751641238219861,-1,0,0,0,-1,1,0,0,0
381,1874,83.25850786370356,0,0,0,3,14,0,0,0,0,0.0002751641238219861,9.874868320287655e-06,0.0002751641238219861,-1,0,0,0,-1,1,0,0,0
382,1350,74.92680223231812,0,0,0,4,19,0,0,0,0,0.0002751641238219861,9.874868320287655e-06,0.0002751641238219861,-1,0,0,0,-1,1,0,0,0
383,2037,107.8751351893525,0,0,0,5,13,0,0,0,0,0.0002751641238219861,9.874868320287655e-06,0.0002751641238219861,-1,0,0,0,-1,1,0,0,0
384,2235,78.89477809574977,0,0,0,5,28,0,0,0,0,0.0002751641238219861,9.874868320287655e-06,0.0002751641238219861,-1,0,0,0,-1,1,0,0,0
385,907,80.58848626583034,0,0,0,4,10,0,0,0,0,0.0002751641238219861,9.874868320287655e-06,0.0002751641238219861,-1,0,0,0,-1,1,0,0,0
386,0,96.69492179048233,0,0,0,1,6,0,0,0,0,0.0002751641238219861,9.874868320287655e-06,0.0002751641238219861,-1,0,0,0,-1,1,0,0,0
387,0,107.939477915488,0,0,0,2,21,0,0,0,0,0.0002751641238219861,9.874868320287655e-06,0.0002751641238219861,-1,0,0,0,-1,1,0,0,0
388,99,89.61762098533359,0,0,0,4,15,0,0,0,0,0.0002751641238219861,9.874868320287655e-06,0.0002751641238219861,-1,0,0,0,-1,1,0,0,0
389,109,97.01154472146639,0,0,0,3,11,0,0,0,0,0.0002751641238219861,9.874868320287655e-06,0.0002751641238219861,-1,0,0,0,-1,1,0,0,0
390,1522,68.65877353921545,0,0,0,6,27,0,0,0,0,0.0002751641238219861,9.874868320287655e-06,0.0002751641238219861,-1,0,0,0,-1,1,0,0,0
391,0,88.51773596446441,0,0,0,4,29,0,0,0,0,0.0002751641238219861,9.874868320287655e-06,0.0002751641238219861,-1,0,0,0,-1,1,0,0,0
392,0,95.77517730428875,0,0,0,3,23,0,0,0,0,0.0002751641238219861,9.874868320287655e-06,0.0002751641238219861,-1,0,0,0,-1,1,0,0,0
393,1286,75.81481603394055,0,0,0,3,12,0,0,0,0,0.0002751641238219861,9.874868320287655e-06,0.0002751641238219861,-1,0,0,0,-1,1,0,0,0
394,636,73.11540444310604,0,0,0,3,11,0,0,0,0,0.0002751641238219861,9.874868320287655e-06,0.0002751641238219861,-1,0,0,0,-1,1,0,0,0
395,0,95.71954264986319,0,0,0,3,29,0,0,0,0,0.0002751641238219861,9.874868320287655e-06,0.0002751641238219861,-1,0,0,0,-1,1,0,0,0
396,1618,72.67946854530771,0,0,0,5,29,0,0,0,0,0.0002751641238219861,9.874868320287655e-06,0.0002751641238219861,-1,0,0,0,-1,1,0,0,0
397,262,108.0195707864584,0,0,0,2,14,0,0,0,0,0.0002751641238219861,9.874868320287655e-06,0.0002751641238219861,-1,0,0,0,-1,1,0,0,0
398,0,97.94391564753934,0,0,0,2,12,0,0,0,0,0.0002751641238219861,9.874868320287655e-06,0.0002751641238219861,-1,0,0,0,-1,1,0,0,0
399,1966,103.0187633992695,0,0,0,4,20,0,0,0,0,0.0002751641238219861,9.874868320287655e-06,0.0002751641238219861,-1,0,0,0,-1,1,0,0,0
400,1892,98.25107186447144,0,0,0,3,16,0,0,0,0,0.0002751641238219861,9.874868320287655e-06,0.0002751641238219861,-1,0,0,0,-1,1,0,0,0
401,986,75.13013088637477,0,0,0,6,35,0,0,0,0,0.0002751641238219861,9.874868320287655e-06,0.0002751641238219861,-1,0,0,0,-1,1,0,0,0
402,0,95.34462781578206,0,0,0,1,14,0,0,0,0,0.0002751641238219861,9.874868320287655e-06,0.0002751641238219861,-1,0,0,0,-1,1,0,0,0
403,1350,97.99219927340317,0,0,0,3,17,0,0,0,0,0.0002751641238219861,9.874868320287655e-06,0.0002751641238219861,-1,0,0,0,-1,1,0,0,0
404,1593,80.00131383122029,0,0,0,3,18,0,0,0,0,0.0002751641238219861,9.874868320287655e-06,0.0002751641238219861,-1,0,0,0,-1,1,0,0,0
405,1093,68.71694285169815,0,0,0,5,30,0,0,0,0,0.0002751641238219861,9.874868320287655e-06,0.0002751641238219861,-1,0,0,0,-1,1,0,0,0
406,482,66.6323389262735,0,0,0,4,13,0,0,0,0,0.0002751641238219861,9.874868320287655e-06,0.0002751641238219861,-1,0,0,0,-1,1,0,0,0
407,4,90.44059890617437,0,0,0,2,20,0,0,0,0,0.0002751641238219861,9.874868320287655e-06,0.0002751641238219861,-1,0,0,0,-1,1,0,0,0
408,1369,88.55045446815583,0,0,0,4,15,0,0,0,0,0.0002751641238219861,9.874868320287655e-06,0.0002751641238219861,-1,0,0,0,-1,1,0,0,0
409,0,97.94391564972116,0,0,0,2,20,0,0,0,0,0.0002751641238219861,9.874868320287655e-06,0.0002751641238219861,-1,0,0,0,-1,1,0,0,0
410,1215,76.85934845029165,0,0,0,3,16,0,0,0,0,0.0002751641238219861,9.874868320287655e-06,0.0002751641238219861,-1,0,0,0,-1,1,0,0,0
411,563,81.3903236093587,0,0,0,5,26,0,0,0,0,0.0002751641238219861,9.874868320287655e-06,0.0002751641238219861,-1,0,0,0,-1,1,0,0,0
412,0,97.94391564959986,0,0,0,2,21,0,0,0,0,0.0002751641238219861,9.874868320287655e-06,0.0002751641238219861,-1,0,0,0,-1,1,0,0,0
413,714,107.9539386736549,0,0,0,2,18,0,0,0,0,0.0002751641238219861,9.874868320287655e-06,0.0002751641238219861,-1,0,0,0,-1,1,0,0,0
414,3351,96.75256294821688,0,0,0,4,13,0,0,0,0,0.0002751641238219861,9.874868320287655e-06,0.0002751641238219861,-1,0,0,0,-1,1,0,0,0
415,266,66.03427564996365,0,0,0,2,14,0,0,0,0,0.0002751641238219861,9.874868320287655e-06,0.0002751641238219861,-1,0,0,0,-1,1,0,0,0
416,2021,71.46476769545349,0,0,0,5,30,0,0,0,0,0.0002751641238219861,9.874868320287655e-06,0.0002751641238219861,-1,0,0,0,-1,1,0,0,0
417,172,85.725191384713,0,0,0,3,16,0,0,0,0,0.0002751641238219861,9.874868320287655e-06,0.0002751641238219861,-1,0,0,0,-1,1,0,0,0
418,1611,96.06469452864259,0,0,0,5,26,0,0,0,0,0.0002751641238219861,9.874868320287655e-06,0.0002751641238219861,-1,0,0,0,-1,1,0,0,0
419,0,76.84212454207653,0,0,0,4,38,0,0,0,0,0.0002751641238219861,9.874868320287655e-06,0.0002751641238219861,-1,0,0,0,-1,1,0,0,0
420,777,98.0286493151292,0,0,0,3,19,0,0,0,0,0.0002751641238219861,9.874868320287655e-06,0.0002751641238219861,-1,0,0,0,-1,1,0,0,0
421,1297,83.83563832438021,0,0,0,4,28,0,0,0,0,0.0002751641238219861,9.874868320287655e-06,0.0002751641238219861,-1,0,0,0,-1,1,0,0,0
422,475,61.94935729123235,0,0,0,3,12,0,0,0,0,0.0002751641238219861,9.874868320287655e-06,0.0002751641238219861,-1,0,0,0,-1,1,0,0,0
423,52,63.76830359866828,0,0,0,3,19,0,0,0,0,0.0002751641238219861,9.874868320287655e-06,0.0002751641238219861,-1,0,0,0,-1,1,0,0,0
424,1395,95.78774083985063,0,0,0,3,25,0,0,0,0,0.0002751641238219861,9.874868320287655e-06,0.0002751641238219861,-1,0,0,0,-1,1,0,0,0
425,684,68.00698825613358,0,0,0,5,26,0,0,0,0,0.0002751641238219861,9.874868320287655e-06,0.0002751641238219861,-1,0,0,0,-1,1,0,0,0
426,3922,85.20499182964805,0,0,0,7,25,0,0,0,0,0.0002751641238219861,9.874868320287655e-06,0.0002751641238219861,-1,0,0,0,-1,1,0,0,0
427,1137,68.44356497205195,0,0,0,3,13,0,0,0,0,0.0002751641238219861,9.874868320287655e-06,0.0002751641238219861,-1,0,0,0,-1,1,0,0,0
428,30451,138.2795039996485,0,0,0,1,3,0,0,0,0,0.0002751641238219861,9.874868320287655e-06,0.0002751641238219861,-1,0,0,0,-1,1,1,1,0
429,212,70.64715334194058,0,0,0,3,8,0,0,0,0,0.0002751641238219861,9.874868320287655e-06,0.0002751641238219861,-1,0,0,0,-1,1,0,0,0
430,0,70.6742018754379,0,0,0,2,21,0,0,0,0,0.0002751641238219861,9.874868320287655e-06,0.0002751641238219861,-1,0,0,0,-1,1,0,0,0
431,0,63.80990264706519,0,0,0,2,16,0,0,0,0,0.0002751641238219861,9.874868320287655e-06,0.0002751641238219861,-1,0,0,0,-1,1,0,0,0
432,0,95.71954264927626,0,0,0,3,20,0,0,0,0,0.0002751641238219861,9.874868320287655e-06,0.0002751641238219861,-1,0,0,0,-1,1,0,0,0
433,0,99.51274817971922,0,0,0,2,22,0,0,0,0,0.0002751641238219861,9.874868320287655e-06,0.0002751641238219861,-1,0,0,0,-1,1,0,0,0
434,597,74.206151326605,0,0,0,4,21,0,0,0,0,0.0002751641238219861,9.874868320287655e-06,0.0002751641238219861,-1,0,0,0,-1,1,0,0,0
435,947,66.03173182381256,0,0,0,2,5,0,0,0,0,0.0002751641238219861,9.874868320287655e-06,0.0002751641238219861,-1,0,0,0,-1,1,0,0,0
436,1051,79.71107933313671,0,0,0,5,15,0,0,0,0,0.0002751641238219861,9.874868320287655e-06,0.0002751641238219861,-1,0,0,0,-1,1,0,0,0
437,181,107.2764211378491,0,0,0,3,23,0,0,0,0,0.0002751641238219861,9.874868320287655e-06,0.0002751641238219861,-1,0,0,0,-1,1,0,0,0
438,0,66.0342756499489,0,0,0,1,4,0,0,0,0,0.0002751641238219861,9.874868320287655e-06,0.0002751641238219861,-1,0,0,0,-1,1,0,0,0
439,665,105.3215147164135,0,0,0,3,29,0,0,0,0,0.0002751641238219861,9.874868320287655e-06,0.0002751641238219861,-1,0,0,0,-1,1,0,0,0
440,3231,75.8832640703334,0,0,0,5,18,0,0,0,0,0.0002751641238219861,9.874868320287655e-06,0.0002751641238219861,-1,0,0,0,-1,1,0,0,0
441,1652,85.81912964815919,0,0,0,3,13,0,0,0,0,0.0002751641238219861,9.874868320287655e-06,0.0002751641238219861,-1,0,0,0,-1,1,0,0,0
442,1223,74.73287694295354,0,0,0,5,22,0,0,0,0,0.0002751641238219861,9.874868320287655e-06,0.0002751641238219861,-1,0,0,0,-1,1,0,0,0
443,1337,97.8507986307888,0,0,0,3,22,0,0,0,0,0.0002751641238219861,9.874868320287655e-06,0.0002751641238219861,-1,0,0,0,-1,1,0,0,0
444,4,54.43336077619448,0,0,0,3,31,0,0,0,0,0.0002751641238219861,9.874868320287655e-06,0.0002751641238219861,-1,0,0,0,-1,1,0,0,0
445,1563,64.63370669440205,0,0,0,4,17,0,0,0,0,0.0002751641238219861,9.874868320287655e-06,0.0002751641238219861,-1,0,0,0,-1,1,0,0,0
446,2946,85.09786167886027,0,0,0,6,18,0,0,0,0,0.0002751641238219861,9.874868320287655e-06,0.0002751641238219861,-1,0,0,0,-1,1,0,0,0
447,2560,75.04574774760543,0,0,0,5,22,0,0,0,0,0.0002751641238219861,9.874868320287655e-06,0.0002751641238219861,-1,0,0,0,-1,1,0,0,0
448,1846,82.12313670620084,0,0,0,3,16,0,0,0,0,0.0002751641238219861,9.874868320287655e-06,0.0002751641238219861,-1,0,0,0,-1,1,0,0,0
449,0,59.88380766586791,0,0,0,2,19,0,0,0,0,0.0002751641238219861,9.874868320287655e-06,0.0002751641238219861,-1,0,0,0,-1,1,0,0,0
450,214,62.40413010140306,0,0,0,6,49,0,0,0,0,0.0002751641238219861,9.874868320287655e-06,0.0002751641238219861,-1,0,0,0,-1,1,0,0,0
451,0,76.11850075754928,0,0,0,2,21,0,0,0,0,0.0002751641238219861,9.874868320287655e-06,0.0002751641238219861,-1,0,0,0,-1,1,0,0,0
452,921,107.9396896640875,0,0,0,3,14,0,0,0,0,0.0002751641238219861,9.874868320287655e-06,0.0002751641238219861,-1,0,0,0,-1,1,0,0,0
453,1883,107.886203529664,0,0,0,4,17,0,0,0,0,0.0002751641238219861,9.874868320287655e-06,0.0002751641238219861,-1,0,0,0,-1,1,0,0,0
454,784,68.57779277390385,0,0,0,3,19,0,0,0,0,0.0002751641238219861,9.874868320287655e-06,0.0002751641238219861,-1,0,0,0,-1,1,0,0,0
455,3,76.44705104518896,0,0,0,5,28,0,0,0,0,0.0002751641238219861,9.874868320287655e-06,0.0002751641238219861,-1,0,0,0,-1,1,0,0,0
456,0,95.75824896532339,0,0,0,3,25,0,0,0,0,0.0002751641238219861,9.874868320287655e-06,0.0002751641238219861,-1,0,0,0,-1,1,0,0,0
457,727,95.76893329432043,0,0,0,4,20,0,0,0,0,0.0002751641238219861,9.874868320287655e-06,0.0002751641238219861,-1,0,0,0,-1,1,0,0,0
458,1203,107.9996128379052,0,0,0,3,27,0,0,0,0,0.0002751641238219861,9.874868320287655e-06,0.0002751641238219861,-1,0,0,0,-1,1,0,0,0
459,229,63.90882044320633,0,0,0,3,12,0,0,0,0,0.0002751641238219861,9.874868320287655e-06,0.0002751641238219861,-1,0,0,0,-1,1,0,0,0
460,143,72.02627525402997,0,0,0,4,28,0,0,0,0,0.0002751641238219861,9.874868320287655e-06,0.0002751641238219861,-1,0,0,0,-1,1,0,0,0
461,0,103.9787187613715,0,0,0,2,18,0,0,0,0,0.0002751641238219861,9.874868320287655e-06,0.0002751641238219861,-1,0,0,0,-1,1,0,0,0
462,0,95.79473231204881,0,0,0,3,27,0,0,0,0,0.0002751641238219861,9.874868320287655e-06,0.0002751641238219861,-1,0,0,0,-1,1,0,0,0
463,1401,68.70769134597393,0,0,0,5,28,0,0,0,0,0.0002751641238219861,9.874868320287655e-06,0.0002751641238219861,-1,0,0,0,-1,1,0,0,0
464,120,77.88155583651148,0,0,0,4,16,0,0,0,0,0.0002751641238219861,9.874868320287655e-06,0.0002751641238219861,-1,0,0,0,-1,1,0,0,0
465,340,103.0869574340125,0,0,0,3,21,0,0,0,0,0.0002751641238219861,9.874868320287655e-06,0.0002751641238219861,-1,0,0,0,-1,1,0,0,0
466,8,92.64407715898035,0,0,0,1,10,0,0,0,0,0.0002751641238219861,9.874868320287655e-06,0.0002751641238219861,-1,0,0,0,-1,1,0,0,0
467,2131,71.95781161673629,0,0,0,4,20,0,0,0,0,0.0002751641238219861,9.874868320287655e-06,0.0002751641238219861,-1,0,0,0,-1,1,0,0,0
468,0,86.61163564996598,0,0,0,0,0,0,0,0,0,0.0002751641238219861,9.874868320287655e-06,0.0002751641238219861,-1,0,0,0,-1,1,0,0,0
469,1563,95.94164063788718,0,0,0,5,17,0,0,0,0,0.0002751641238219861,9.874868320287655e-06,0.0002751641238219861,-1,0,0,0,-1,1,0,0,0
470,886,100.8288754640625,0,0,0,3,28,0,0,0,0,0.0002751641238219861,9.874868320287655e-06,0.0002751641238219861,-1,0,0,0,-1,1,0,0,0
471,2289,90.45492011436696,0,0,0,3,15,0,0,0,0,0.0002751641238219861,9.874868320287655e-06,0.0002751641238219861,-1,0,0,0,-1,1,0,0,0
472,1075,90.24963922910685,0,0,0,2,22,0,0,0,0,0.0002751641238219861,9.874868320287655e-06,0.0002751641238219861,-1,0,0,0,-1,1,0,0,0
473,1159,80.42278636484458,0,0,0,3,16,0,0,0,0,0.0002751641238219861,9.874868320287655e-06,0.0002751641238219861,-1,0,0,0,-1,1,0,0,0
474,225,97.9944659247135,0,0,0,3,25,0,0,0,0,0.0002751641238219861,9.874868320287655e-06,0.0002751641238219861,-1,0,0,0,-1,1,0,0,0
475,7,103.0453767125702,0,0,0,3,20,0,0,0,0,0.0002751641238219861,9.874868320287655e-06,0.0002751641238219861,-1,0,0,0,-1,1,0,0,0
476,2477,89.32838987570943,0,0,0,3,13,0,0,0,0,0.0002751641238219861,9.874868320287655e-06,0.0002751641238219861,-1,0,0,0,-1,1,0,0,0
477,167,83.57457385895258,0,0,0,4,25,0,0,0,0,0.0002751641238219861,9.874868320287655e-06,0.0002751641238219861,-1,0,0,0,-1,1,0,0,0
478,699,68.46003043687051,0,0,0,4,25,0,0,0,0,0.0002751641238219861,9.874868320287655e-06,0.0002751641238219861,-1,0,0,0,-1,1,0,0,0
479,1561,87.44853075373263,0,0,0,5,18,0,0,0,0,0.0002751641238219861,9.874868320287655e-06,0.0002751641238219861,-1,0,0,0,-1,1,0,0,0
480,0,108.0170895790288,0,0,0,2,20,0,0,0,0,0.0002751641238219861,9.874868320287655e-06,0.0002751641238219861,-1,0,0,0,-1,1,0,0,0
481,1946,100.7679964448782,0,0,0,4,14,0,0,0,0,0.0002751641238219861,9.874868320287655e-06,0.0002751641238219861,-1,0,0,0,-1,1,0,0,0
482,2923,93.16230046633804,0,0,0,4,17,0,0,0,0,0.0002751641238219861,9.874868320287655e-06,0.0002751641238219861,-1,0,0,0,-1,1,0,0,0
483,567,72.86321959639997,0,0,0,5,18,0,0,0,0,0.0002751641238219861,9.874868320287655e-06,0.0002751641238219861,-1,0,0,0,-1,1,0,0,0
484,0,95.80755554461719,0,0,0,3,23,0,0,0,0,0.0002751641238219861,9.874868320287655e-06,0.0002751641238219861,-1,0,0,0,-1,1,0,0,0
485,1229,77.14662283812835,0,0,0,4,22,0,0,0,0,0.0002751641238219861,9.874868320287655e-06,0.0002751641238219861,-1,0,0,0,-1,1,0,0,0
486,0,104.2062258431937,0,0,0,1,9,0,0,0,0,0.0002751641238219861,9.874868320287655e-06,0.0002751641238219861,-1,0,0,0,-1,1,0,0,0
487,0,89.29940497813396,0,0,0,2,13,0,0,0,0,0.0002751641238219861,9.874868320287655e-06,0.0002751641238219861,-1,0,0,0,-1,1,0,0,0
488,0,75.99881185217599,0,0,0,3,32,0,0,0,0,0.0002751641238219861,9.874868320287655e-06,0.0002751641238219861,-1,0,0,0,-1,1,0,0,0
489,233,67.90698829821589,0,0,0,6,21,0,0,0,0,0.0002751641238219861,9.874868320287655e-06,0.0002751641238219861,-1,0,0,0,-1,1,0,0,0
490,477,95.85859463543296,0,0,0,4,19,0,0,0,0,0.0002751641238219861,9.874868320287655e-06,0.0002751641238219861,-1,0,0,0,-1,1,0,0,0
491,89,60.33860980159598,0,0,0,5,24,0,0,0,0,0.0002751641238219861,9.874868320287655e-06,0.0002751641238219861,-1,0,0,0,-1,1,0,0,0
492,2157,98.11498683420099,0,0,0,3,20,0,0,0,0,0.0002751641238219861,9.874868320287655e-06,0.0002751641238219861,-1,0,0,0,-1,1,0,0,0
493,1177,103.1018999175204,0,0,0,3,29,0,0,0,0,0.0002751641238219861,9.874868320287655e-06,0.0002751641238219861,-1,0,0,0,-1,1,0,0,0
494,0,95.91447245391865,0,0,0,3,29,0,0,0,0,0.0002751641238219861,9.874868320287655e-06,0.0002751641238219861,-1,0,0,0,-1,1,0,0,0
495,2044,81.09607076646324,0,0,0,6,32,0,0,0,0,0.0002751641238219861,9.874868320287655e-06,0.0002751641238219861,-1,0,0,0,-1,1,0,0,0
496,1592,100.8048287756236,0,0,0,4,18,0,0,0,0,0.0002751641238219861,9.874868320287655e-06,0.0002751641238219861,-1,0,0,0,-1,1,0,0,0
497,3235,98.93748771369879,0,0,0,5,22,0,0,0,0,0.0002751641238219861,9.874868320287655e-06,0.0002751641238219861,-1,0,0,0,-1,1,0,0,0
498,31032,138.2795039941089,0,0,0,1,6,0,0,0,0,0.0002751641238219861,9.874868320287655e-06,0.0002751641238219861,-1,0,0,0,-1,1,1,1,0
499,525,85.76318695016242,0,0,0,3,23,0,0,0,0,0.0002751641238219861,9.874868320287655e-06,0.0002751641238219861,-1,0,0,0,-1,1,0,0,0
500,209,98.03224753221293,0,0,0,3,25,0,0,0,0,0.0002751641238219861,9.874868320287655e-06,0.0002751641238219861,-1,0,0,0,-1,1,0,0,0
501,702,110.2120561355338,0,0,0,2,14,0,0,0,0,0.0002751641238219861,9.874868320287655e-06,0.0002751641238219861,-1,0,0,0,-1,1,0,0,0
502,2212,84.50752558010747,0,0,0,5,23,0,0,0,0,0.0002751641238219861,9.874868320287655e-06,0.0002751641238219861,-1,0,0,0,-1,1,0,0,0
503,2235,92.32104063845517,0,0,0,5,31,0,0,0,0,0.0002751641238219861,9.874868320287655e-06,0.0002751641238219861,-1,0,0,0,-1,1,0,0,0
504,2544,88.60662793661926,0,0,0,6,27,0,0,0,0,0.0002751641238219861,9.874868320287655e-06,0.0002751641238219861,-1,0,0,0,-1,1,0,0,0
505,2406,95.69369179637148,0,0,0,4,12,0,0,0,0,0.0002751641238219861,9.874868320287655e-06,0.0002751641238219861,-1,0,0,0,-1,1,0,0,0
506,0,107.9394779153941,0,0,0,2,16,0,0,0,0,0.0002751641238219861,9.874868320287655e-06,0.0002751641238219861,-1,0,0,0,-1,1,0,0,0
507,0,96.69492179148384,0,0,0,1,7,0,0,0,0,0.0002751641238219861,9.874868320287655e-06,0.0002751641238219861,-1,0,0,0,-1,1,0,0,0
508,98,70.01063402182248,0,0,0,4,30,0,0,0,0,0.0002751641238219861,9.874868320287655e-06,0.0002751641238219861,-1,0,0,0,-1,1,0,0,0
509,14,77.22606250798212,0,0,0,2,6,0,0,0,0,0.0002751641238219861,9.874868320287655e-06,0.0002751641238219861,-1,0,0,0,-1,1,0,0,0
510,0,78.53437361365768,0,0,0,1,8,0,0,0,0,0.0002751641238219861,9.874868320287655e-06,0.0002751641238219861,-1,0,0,0,-1,1,0,0,0
511,0,96.01232521318408,0,0,0,3,30,0,0,0,0,0.0002751641238219861,9.874868320287655e-06,0.0002751641238219861,-1,0,0,0,-1,1,0,0,0
512,0,85.96917636518455,0,0,0,3,17,0,0,0,0,0.0002751641238219861,9.874868320287655e-06,0.0002751641238219861,-1,0,0,0,-1,1,0,0,0
513,3042,88.8020979374058,0,0,0,4,22,0,0,0,0,0.0002751641238219861,9.874868320287655e-06,0.0002751641238219861,-1,0,0,0,-1,1,0,0,0
514,1622,98.05079514112576,0,0,0,2,10,0,0,0,0,0.0002751641238219861,9.874868320287655e-06,0.0002751641238219861,-1,0,0,0,-1,1,0,0,0
515,151,87.85844018668992,0,0,0,2,13,0,0,0,0,0.0002751641238219861,9.874868320287655e-06,0.0002751641238219861,-1,0,0,0,-1,1,0,0,0
516,16,74.6805829589786,0,0,0,2,13,0,0,0,0,0.0002751641238219861,9.874868320287655e-06,0.0002751641238219861,-1,0,0,0,-1,1,0,0,0
517,0,95.28508503316807,0,0,0,1,9,0,0,0,0,0.0002751641238219861,9.874868320287655e-06,0.0002751641238219861,-1,0,0,0,-1,1,0,0,0
518,0,71.8725426301677,0,0,0,3,20,0,0,0,0,0.0002751641238219861,9.874868320287655e-06,0.0002751641238219861,-1,0,0,0,-1,1,0,0,0
519,0,83.54344327265144,0,0,0,4,20,0,0,0,0,0.0002751641238219861,9.874868320287655e-06,0.0002751641238219861,-1,0,0,0,-1,1,0,0,0
520,0,75.93463995855535,0,0,0,3,24,0,0,0,0,0.0002751641238219861,9.874868320287655e-06,0.0002751641238219861,-1,0,0,0,-1,1,0,0,0
521,2875,88.7464468783844,0,0,0,5,25,0,0,0,0,0.0002751641238219861,9.874868320287655e-06,0.0002751641238219861,-1,0,0,0,-1,1,0,0,0
522,0,74.16812415814078,0,0,0,2,14,0,0,0,0,0.0002751641238219861,9.874868320287655e-06,0.0002751641238219861,-1,0,0,0,-1,1,0,0,0
523,234,81.52411706550747,0,0,0,5,28,0,0,0,0,0.0002751641238219861,9.874868320287655e-06,0.0002751641238219861,-1,0,0,0,-1,1,0,0,0
524,1241,95.26725941752777,0,0,0,2,9,0,0,0,0,0.0002751641238219861,9.874868320287655e-06,0.0002751641238219861,-1,0,0,0,-1,1,0,0,0
525,0,80.35427564995955,0,0,0,1,6,0,0,0,0,0.0002751641238219861,9.874868320287655e-06,0.0002751641238219861,-1,0,0,0,-1,1,0,0,0
526,4102,89.64269261746479,0,0,0,6,24,0,0,0,0,0.0002751641238219861,9.874868320287655e-06,0.0002751641238219861,-1,0,0,0,-1,1,0,0,0
527,3007,87.666028326253,0,0,0,4,10,0,0,0,0,0.0002751641238219861,9.874868320287655e-06,0.0002751641238219861,-1,0,0,0,-1,1,0,0,0
528,142,110.2166904230424,0,0,0,2,20,0,0,0,0,0.0002751641238219861,9.874868320287655e-06,0.0002751641238219861,-1,0,0,0,-1,1,0,0,0
529,0,83.62563659331619,0,0,0,2,12,0,0,0,0,0.0002751641238219861,9.874868320287655e-06,0.0002751641238219861,-1,0,0,0,-1,1,0,0,0
530,0,98.00061907616819,0,0,0,2,18,0,0,0,0,0.0002751641238219861,9.874868320287655e-06,0.0002751641238219861,-1,0,0,0,-1,1,0,0,0
531,1856,99.42720666071499,0,0,0,3,12,0,0,0,0,0.0002751641238219861,9.874868320287655e-06,0.0002751641238219861,-1,0,0,0,-1,1,0,0,0
532,0,103.9249032898251,0,0,0,2,21,0,0,0,0,0.0002751641238219861,9.874868320287655e-06,0.0002751641238219861,-1,0,0,0,-1,1,0,0,0
533,2148,83.69043486389596,0,0,0,5,29,0,0,0,0,0.0002751641238219861,9.874868320287655e-06,0.0002751641238219861,-1,0,0,0,-1,1,0,0,0
534,2733,79.31669193111991,0,0,0,2,11,0,0,0,0,0.0002751641238219861,9.874868320287655e-06,0.0002751641238219861,-1,0,0,0,-1,1,0,0,0
535,248,78.70029005677368,0,0,0,5,25,0,0,0,0,0.0002751641238219861,9.874868320287655e-06,0.0002751641238219861,-1,0,0,0,-1,1,0,0,0
536,1805,70.84233283613466,0,0,0,4,13,0,0,0,0,0.0002751641238219861,9.874868320287655e-06,0.0002751641238219861,-1,0,0,0,-1,1,0,0,0
537,912,63.16231455590129,0,0,0,5,36,0,0,0,0,0.0002751641238219861,9.874868320287655e-06,0.0002751641238219861,-1,0,0,0,-1,1,0,0,0
538,1673,87.00140233425493,0,0,0,4,30,0,0,0,0,0.0002751641238219861,9.874868320287655e-06,0.0002751641238219861,-1,0,0,0,-1,1,0,0,0
539,277,92.07262237865686,0,0,0,2,11,0,0,0,0,0.0002751641238219861,9.874868320287655e-06,0.0002751641238219861,-1,0,0,0,-1,1,0,0,0
540,3789,80.46254207031251,0,0,0,4,15,0,0,0,0,0.0002751641238219861,9.874868320287655e-06,0.0002751641238219861,-1,0,0,0,-1,1,0,0,0
541,398,77.05369778436877,0,0,0,2,16,0,0,0,0,0.0002751641238219861,9.874868320287655e-06,0.0002751641238219861,-1,0,0,0,-1,1,0,0,0
542,396,87.30067552000301,0,0,0,4,34,0,0,0,0,0.0002751641238219861,9.874868320287655e-06,0.0002751641238219861,-1,0,0,0,-1,1,0,0,0
543,1907,97.99400235644045,0,0,0,3,15,0,0,0,0,0.0002751641238219861,9.874868320287655e-06,0.0002751641238219861,-1,0,0,0,-1,1,0,0,0
544,1333,81.5131614346702,0,0,0,6,27,0,0,0,0,0.0002751641238219861,9.874868320287655e-06,0.0002751641238219861,-1,0,0,0,-1,1,0,0,0
545,1289,86.09547414995259,0,0,0,3,21,0,0,0,0,0.0002751641238219861,9.874868320287655e-06,0.0002751641238219861,-1,0,0,0,-1,1,0,0,0
546,0,97.99492712163614,0,0,0,2,19,0,0,0,0,0.0002751641238219861,9.874868320287655e-06,0.0002751641238219861,-1,0,0,0,-1,1,0,0,0
547,699,95.81198050599858,0,0,0,4,34,0,0,0,0,0.0002751641238219861,9.874868320287655e-06,0.0002751641238219861,-1,0,0,0,-1,1,0,0,0
548,1921,65.66339731546236,0,0,0,7,23,0,0,0,0,0.0002751641238219861,9.874868320287655e-06,0.0002751641238219861,-1,0,0,0,-1,1,0,0,0
549,589,75.11878079860973,0,0,0,4,24,0,0,0,0,0.0002751641238219861,9.874868320287655e-06,0.0002751641238219861,-1,0,0,0,-1,1,0,0,0
550,308,83.53857134255324,0,0,0,5,24,0,0,0,0,0.0002751641238219861,9.874868320287655e-06,0.0002751641238219861,-1,0,0,0,-1,1,0,0,0
551,1362,59.77767103915866,0,0,0,3,13,0,0,0,0,0.0002751641238219861,9.874868320287655e-06,0.0002751641238219861,-1,0,0,0,-1,1,0,0,0
552,1151,66.90501284328549,0,0,0,4,18,0,0,0,0,0.0002751641238219861,9.874868320287655e-06,0.0002751641238219861,-1,0,0,0,-1,1,0,0,0
553,3035,72.75740612471947,0,0,0,7,27,0,0,0,0,0.0002751641238219861,9.874868320287655e-06,0.0002751641238219861,-1,0,0,0,-1,1,0,0,0
554,1827,74.07587014169768,0,0,0,3,13,0,0,0,0,0.0002751641238219861,9.874868320287655e-06,0.0002751641238219861,-1,0,0,0,-1,1,0,0,0
555,280,83.56583418801276,0,0,0,3,26,0,0,0,0,0.0002751641238219861,9.874868320287655e-06,0.0002751641238219861,-1,0,0,0,-1,1,0,0,0
556,0,82.82177173099628,0,0,0,1,7,0,0,0,0,0.0002751641238219861,9.874868320287655e-06,0.0002751641238219861,-1,0,0,0,-1,1,0,0,0
557,0,79.10528179153638,0,0,0,0,1,0,0,0,0,0.0002751641238219861,9.874868320287655e-06,0.0002751641238219861,-1,0,0,0,-1,1,0,0,0
558,2205,97.29119059024751,0,0,0,4,22,0,0,0,0,0.0002751641238219861,9.874868320287655e-06,0.0002751641238219861,-1,0,0,0,-1,1,0,0,0
559,1578,73.35225944046773,0,0,0,5,28,0,0,0,0,0.0002751641238219861,9.874868320287655e-06,0.0002751641238219861,-1,0,0,0,-1,1,0,0,0
560,1662,65.48715181461293,0,0,0,6,28,0,0,0,0,0.0002751641238219861,9.874868320287655e-06,0.0002751641238219861,-1,0,0,0,-1,1,0,0,0
561,271,60.61582063060617,0,0,0,6,30,0,0,0,0,0.0002751641238219861,9.874868320287655e-06,0.0002751641238219861,-1,0,0,0,-1,1,0,0,0
562,0,64.57324964984799,0,0,0,1,5,0,0,0,0,0.0002751641238219861,9.874868320287655e-06,0.0002751641238219861,-1,0,0,0,-1,1,0,0,0
563,1758,80.26051584450772,0,0,0,6,17,0,0,0,0,0.0002751641238219861,9.874868320287655e-06,0.0002751641238219861,-1,0,0,0,-1,1,0,0,0
564,0,74.12462451351189,0,0,0,2,22,0,0,0,0,0.0002751641238219861,9.874868320287655e-06,0.0002751641238219861,-1,0,0,0,-1,1,0,0,0
565,0,54.81804734138034,0,0,0,5,22,0,0,0,0,0.0002751641238219861,9.874868320287655e-06,0.0002751641238219861,-1,0,0,0,-1,1,0,0,0
566,0,62.76463564996708,0,0,0,0,0,0,0,0,0,0.0002751641238219861,9.874868320287655e-06,0.0002751641238219861,-1,0,0,0,-1,1,0,0,0
567,1422,60.32914494308451,0,0,0,6,22,0,0,0,0,0.0002751641238219861,9.874868320287655e-06,0.0002751641238219861,-1,0,0,0,-1,1,0,0,0
568,1265,81.05426191253186,0,0,0,6,20,0,0,0,0,0.0002751641238219861,9.874868320287655e-06,0.0002751641238219861,-1,0,0,0,-1,1,0,0,0
569,37,59.54037208787875,0,0,0,6,34,0,0,0,0,0.0002751641238219861,9.874868320287655e-06,0.0002751641238219861,-1,0,0,0,-1,1,0,0,0
570,969,116.1248025442824,0,0,0,1,10,0,0,0,0,0.0002751641238219861,9.874868320287655e-06,0.0002751641238219861,-1,0,0,0,-1,1,0,0,0
571,9,80.77675934387618,0,0,0,4,26,0,0,0,0,0.0002751641238219861,9.874868320287655e-06,0.0002751641238219861,-1,0,0,0,-1,1,0,0,0
572,3334,107.9906837376838,0,0,0,4,12,0,0,0,0,0.0002751641238219861,9.874868320287655e-06,0.0002751641238219861,-1,0,0,0,-1,1,0,0,0
573,0,104.2012756499323,0,0,0,1,6,0,0,0,0,0.0002751641238219861,9.874868320287655e-06,0.0002751641238219861,-1,0,0,0,-1,1,0,0,0
574,303,72.50645033042359,0,0,0,5,37,0,0,0,0,0.0002751641238219861,9.874868320287655e-06,0.0002751641238219861,-1,0,0,0,-1,1,0,0,0
575,973,75.43054985852812,0,0,0,4,20,0,0,0,0,0.0002751641238219861,9.874868320287655e-06,0.0002751641238219861,-1,0,0,0,-1,1,0,0,0
576,2090,75.03038230861466,0,0,0,5,34,0,0,0,0,0.0002751641238219861,9.874868320287655e-06,0.0002751641238219861,-1,0,0,0,-1,1,0,0,0
577,102,88.10825031749715,0,0,0,2,18,0,0,0,0,0.0002751641238219861,9.874868320287655e-06,0.0002751641238219861,-1,0,0,0,-1,1,0,0,0
578,3166,78.83434499603263,0,0,0,6,21,0,0,0,0,0.0002751641238219861,9.874868320287655e-06,0.0002751641238219861,-1,0,0,0,-1,1,0,0,0
579,0,76.02134367596143,0,0,0,3,28,0,0,0,0,0.0002751641238219861,9.874868320287655e-06,0.0002751641238219861,-1,0,0,0,-1,1,0,0,0
580,314,56.54970582924778,0,0,0,3,19,0,0,0,0,0.0002751641238219861,9.874868320287655e-06,0.0002751641238219861,-1,0,0,0,-1,1,0,0,0
581,1180,77.475933946159,0,0,0,6,27,0,0,0,0,0.0002751641238219861,9.874868320287655e-06,0.0002751641238219861,-1,0,0,0,-1,1,0,0,0
582,2193,92.3993323871624,0,0,0,5,23,0,0,0,0,0.0002751641238219861,9.874868320287655e-06,0.0002751641238219861,-1,0,0,0,-1,1,0,0,0
583,4312,82.28470676488709,0,0,0,6,23,0,0,0,0,0.0002751641238219861,9.874868320287655e-06,0.0002751641238219861,-1,0,0,0,-1,1,0,0,0
584,0,80.59739873133057,0,0,0,2,23,0,0,0,0,0.0002751641238219861,9.874868320287655e-06,0.0002751641238219861,-1,0,0,0,-1,1,0,0,0
585,520,71.111183452286,0,0,0,3,22,0,0,0,0,0.0002751641238219861,9.874868320287655e-06,0.0002751641238219861,-1,0,0,0,-1,1,0,0,0
586,1130,96.04305490773407,0,0,0,6,17,0,0,0,0,0.0002751641238219861,9.874868320287655e-06,0.0002751641238219861,-1,0,0,0,-1,1,0,0,0
587,227,90.39500971773764,0,0,0,3,14,0,0,0,0,0.0002751641238219861,9.874868320287655e-06,0.0002751641238219861,-1,0,0,0,-1,1,0,0,0
588,1577,73.37447023192306,0,0,0,5,21,0,0,0,0,0.0002751641238219861,9.874868320287655e-06,0.0002751641238219861,-1,0,0,0,-1,1,0,0,0
589,0,80.72695332075075,0,0,0,2,14,0,0,0,0,0.0002751641238219861,9.874868320287655e-06,0.0002751641238219861,-1,0,0,0,-1,1,0,0,0
590,0,78.1299026465533,0,0,0,2,8,0,0,0,0,0.0002751641238219861,9.874868320287655e-06,0.0002751641238219861,-1,0,0,0,-1,1,0,0,0
591,415,73.63054119585199,0,0,0,5,20,0,0,0,0,0.0002751641238219861,9.874868320287655e-06,0.0002751641238219861,-1,0,0,0,-1,1,0,0,0
592,423,79.95108209884363,0,0,0,4,25,0,0,0,0,0.0002751641238219861,9.874868320287655e-06,0.0002751641238219861,-1,0,0,0,-1,1,0,0,0
593,976,92.2909768987834,0,0,0,3,19,0,0,0,0,0.0002751641238219861,9.874868320287655e-06,0.0002751641238219861,-1,0,0,0,-1,1,0,0,0
594,1284,53.48548249713951,0,0,0,4,18,0,0,0,0,0.0002751641238219861,9.874868320287655e-06,0.0002751641238219861,-1,0,0,0,-1,1,0,0,0
595,220,78.12990264990376,0,0,0,3,24,0,0,0,0,0.0002751641238219861,9.874868320287655e-06,0.0002751641238219861,-1,0,0,0,-1,1,0,0,0
596,830,88.67739181353093,0,0,0,4,27,0,0,0,0,0.0002751641238219861,9.874868320287655e-06,0.0002751641238219861,-1,0,0,0,-1,1,0,0,0
597,1019,83.60151555006044,0,0,0,4,29,0,0,0,0,0.0002751641238219861,9.874868320287655e-06,0.0002751641238219861,-1,0,0,0,-1,1,0,0,0
598,171,73.56587793763326,0,0,0,3,23,0,0,0,0,0.0002751641238219861,9.874868320287655e-06,0.0002751641238219861,-1,0,0,0,-1,1,0,0,0
599,1382,73.40721455455383,0,0,0,4,25,0,0,0,0,0.0002751641238219861,9.874868320287655e-06,0.0002751641238219861,-1,0,0,0,-1,1,0,0,0
600,0,73.16895909547235,0,0,0,2,5,0,0,0,0,0.0002751641238219861,9.874868320287655e-06,0.0002751641238219861,-1,0,0,0,-1,1,0,0,0
601,740,82.56246111654552,0,0,0,5,11,0,0,0,0,0.0002751641238219861,9.874868320287655e-06,0.0002751641238219861,-1,0,0,0,-1,1,0,0,0
602,2114,71.03306018737871,0,0,0,3,12,0,0,0,0,0.0002751641238219861,9.874868320287655e-06,0.0002751641238219861,-1,0,0,0,-1,1,0,0,0
603,0,107.946045313866,0,0,0,2,21,0,0,0,0,0.0002751641238219861,9.874868320287655e-06,0.0002751641238219861,-1,0,0,0,-1,1,0,0,0
604,0,104.1106750227717,0,0,0,1,6,0,0,0,0,0.0002751641238219861,9.874868320287655e-06,0.0002751641238219861,-1,0,0,0,-1,1,0,0,0
605,0,79.10528179153745,0,0,0,0,1,0,0,0,0,0.0002751641238219861,9.874868320287655e-06,0.0002751641238219861,-1,0,0,0,-1,1,0,0,0
606,1725,89.29357557316207,0,0,0,3,17,0,0,0,0,0.0002751641238219861,9.874868320287655e-06,0.0002751641238219861,-1,0,0,0,-1,1,0,0,0
607,0,81.37771806203676,0,0,0,4,22,0,0,0,0,0.0002751641238219861,9.874868320287655e-06,0.0002751641238219861,-1,0,0,0,-1,1,0,0,0
608,0,78.12990264532149,0,0,0,2,14,0,0,0,0,0.0002751641238219861,9.874868320287655e-06,0.0002751641238219861,-1,0,0,0,-1,1,0,0,0
609,931,90.82060114735782,0,0,0,5,19,0,0,0,0,0.0002751641238219861,9.874868320287655e-06,0.0002751641238219861,-1,0,0,0,-1,1,0,0,0
610,1652,95.70389825038232,0,0,0,4,29,0,0,0,0,0.0002751641238219861,9.874868320287655e-06,0.0002751641238219861,-1,0,0,0,-1,1,0,0,0
611,1552,103.0467964102047,0,0,0,3,25,0,0,0,0,0.0002751641238219861,9.874868320287655e-06,0.0002751641238219861,-1,0,0,0,-1,1,0,0,0
612,2866,67.2526748690387,0,0,0,5,13,0,0,0,0,0.0002751641238219861,9.874868320287655e-06,0.0002751641238219861,-1,0,0,0,-1,1,0,0,0
613,2054,83.58574469200255,0,0,0,5,14,0,0,0,0,0.0002751641238219861,9.874868320287655e-06,0.0002751641238219861,-1,0,0,0,-1,1,0,0,0
614,1217,69.75337623898719,0,0,0,6,43,0,0,0,0,0.0002751641238219861,9.874868320287655e-06,0.0002751641238219861,-1,0,0,0,-1,1,0,0,0
615,699,83.70529960906569,0,0,0,4,22,0,0,0,0,0.0002751641238219861,9.874868320287655e-06,0.0002751641238219861,-1,0,0,0,-1,1,0,0,0
616,0,60.54026264994572,0,0,0,1,9,0,0,0,0,0.0002751641238219861,9.874868320287655e-06,0.0002751641238219861,-1,0,0,0,-1,1,0,0,0
617,861,85.16207969553696,0,0,0,3,13,0,0,0,0,0.0002751641238219861,9.874868320287655e-06,0.0002751641238219861,-1,0,0,0,-1,1,0,0,0
618,480,80.3514270156698,0,0,0,2,12,0,0,0,0,0.0002751641238219861,9.874868320287655e-06,0.0002751641238219861,-1,0,0,0,-1,1,0,0,0
619,0,75.23310124148891,0,0,0,4,35,0,0,0,0,0.0002751641238219861,9.874868320287655e-06,0.0002751641238219861,-1,0,0,0,-1,1,0,0,0
620,0,78.12990264996319,0,0,0,2,17,0,0,0,0,0.0002751641238219861,9.874868320287655e-06,0.0002751641238219861,-1,0,0,0,-1,1,0,0,0
621,1289,71.93385912237949,0,0,0,4,37,0,0,0,0,0.0002751641238219861,9.874868320287655e-06,0.0002751641238219861,-1,0,0,0,-1,1,0,0,0
622,185,89.32106217556634,0,0,0,2,12,0,0,0,0,0.0002751641238219861,9.874868320287655e-06,0.0002751641238219861,-1,0,0,0,-1,1,0,0,0
623,799,75.19177609446382,0,0,0,5,32,0,0,0,0,0.0002751641238219861,9.874868320287655e-06,0.0002751641238219861,-1,0,0,0,-1,1,0,0,0
624,0,97.98930138113005,0,0,0,2,22,0,0,0,0,0.0002751641238219861,9.874868320287655e-06,0.0002751641238219861,-1,0,0,0,-1,1,0,0,0
625,379,97.5170815334519,0,0,0,2,12,0,0,0,0,0.0002751641238219861,9.874868320287655e-06,0.0002751641238219861,-1,0,0,0,-1,1,0,0,0
626,169,80.42683251792212,0,0,0,2,22,0,0,0,0,0.0002751641238219861,9.874868320287655e-06,0.0002751641238219861,-1,0,0,0,-1,1,0,0,0
627,199,77.76806607592751,0,0,0,4,16,0,0,0,0,0.0002751641238219861,9.874868320287655e-06,0.0002751641238219861,-1,0,0,0,-1,1,0,0,0
628,1901,81.09118649188012,0,0,0,4,21,0,0,0,0,0.0002751641238219861,9.874868320287655e-06,0.0002751641238219861,-1,0,0,0,-1,1,0,0,0
629,321,53.91507685548447,0,0,0,5,25,0,0,0,0,0.0002751641238219861,9.874868320287655e-06,0.0002751641238219861,-1,0,0,0,-1,1,0,0,0
630,726,95.73986229621184,0,0,0,4,25,0,0,0,0,0.0002751641238219861,9.874868320287655e-06,0.0002751641238219861,-1,0,0,0,-1,1,0,0,0
631,1375,90.74809662882559,0,0,0,3,19,0,0,0,0,0.0002751641238219861,9.874868320287655e-06,0.0002751641238219861,-1,0,0,0,-1,1,0,0,0
632,179,70.68647998708182,0,0,0,4,26,0,0,0,0,0.0002751641238219861,9.874868320287655e-06,0.0002751641238219861,-1,0,0,0,-1,1,0,0,0
633,2222,97.90153136616591,0,0,0,4,11,0,0,0,0,0.0002751641238219861,9.874868320287655e-06,0.0002751641238219861,-1,0,0,0,-1,1,0,0,0
634,2639,74.98717268930911,0,0,0,7,37,0,0,0,0,0.0002751641238219861,9.874868320287655e-06,0.0002751641238219861,-1,0,0,0,-1,1,0,0,0
635,597,87.23714994813041,0,0,0,4,29,0,0,0,0,0.0002751641238219861,9.874868320287655e-06,0.0002751641238219861,-1,0,0,0,-1,1,0,0,0
636,0,95.81048550821433,0,0,0,3,29,0,0,0,0,0.0002751641238219861,9.874868320287655e-06,0.0002751641238219861,-1,0,0,0,-1,1,0,0,0
637,1736,75.95782091748451,0,0,0,4,28,0,0,0,0,0.0002751641238219861,9.874868320287655e-06,0.0002751641238219861,-1,0,0,0,-1,1,0,0,0
638,576,76.38975634570778,0,0,0,4,26,0,0,0,0,0.0002751641238219861,9.874868320287655e-06,0.0002751641238219861,-1,0,0,0,-1,1,0,0,0
639,2215,78.85064434820639,0,0,0,5,22,0,0,0,0,0.0002751641238219861,9.874868320287655e-06,0.0002751641238219861,-1,0,0,0,-1,1,0,0,0
640,4079,77.90023814987727,0,0,0,6,12,0,0,0,0,0.0002751641238219861,9.874868320287655e-06,0.0002751641238219861,-1,0,0,0,-1,1,0,0,0
641,721,72.95204349537252,0,0,0,6,34,0,0,0,0,0.0002751641238219861,9.874868320287655e-06,0.0002751641238219861,-1,0,0,0,-1,1,0,0,0
642,1164,81.54411128875077,0,0,0,6,33,0,0,0,0,0.0002751641238219861,9.874868320287655e-06,0.0002751641238219861,-1,0,0,0,-1,1,0,0,0
643,23,63.69638268867476,0,0,0,4,18,0,0,0,0,0.0002751641238219861,9.874868320287655e-06,0.0002751641238219861,-1,0,0,0,-1,1,0,0,0
644,1869,81.90954684743002,0,0,0,6,27,0,0,0,0,0.0002751641238219861,9.874868320287655e-06,0.0002751641238219861,-1,0,0,0,-1,1,0,0,0
645,1034,78.13130175526967,0,0,0,3,19,0,0,0,0,0.0002751641238219861,9.874868320287655e-06,0.0002751641238219861,-1,0,0,0,-1,1,0,0,0
646,169,78.33870059521362,0,0,0,3,32,0,0,0,0,0.0002751641238219861,9.874868320287655e-06,0.0002751641238219861,-1,0,0,0,-1,1,0,0,0
647,1735,107.9535702170826,0,0,0,3,21,0,0,0,0,0.0002751641238219861,9.874868320287655e-06,0.0002751641238219861,-1,0,0,0,-1,1,0,0,0
648,2037,80.33086362068011,0,0,0,2,7,0,0,0,0,0.0002751641238219861,9.874868320287655e-06,0.0002751641238219861,-1,0,0,0,-1,1,0,0,0
649,0,75.16101747722773,0,0,0,4,36,0,0,0,0,0.0002751641238219861,9.874868320287655e-06,0.0002751641238219861,-1,0,0,0,-1,1,0,0,0
650,1160,84.46437086052843,0,0,0,4,24,0,0,0,0,0.0002751641238219861,9.874868320287655e-06,0.0002751641238219861,-1,0,0,0,-1,1,0,0,0
651,104,66.91573646814484,0,0,0,4,19,0,0,0,0,0.0002751641238219861,9.874868320287655e-06,0.0002751641238219861,-1,0,0,0,-1,1,0,0,0
652,599,64.85963917911674,0,0,0,7,25,0,0,0,0,0.0002751641238219861,9.874868320287655e-06,0.0002751641238219861,-1,0,0,0,-1,1,0,0,0
653,1815,80.98330175608781,0,0,0,5,19,0,0,0,0,0.0002751641238219861,9.874868320287655e-06,0.0002751641238219861,-1,0,0,0,-1,1,0,0,0
654,800,87.0366570320536,0,0,0,3,16,0,0,0,0,0.0002751641238219861,9.874868320287655e-06,0.0002751641238219861,-1,0,0,0,-1,1,0,0,0
655,1219,63.55618430839566,0,0,0,4,15,0,0,0,0,0.0002751641238219861,9.874868320287655e-06,0.0002751641238219861,-1,0,0,0,-1,1,0,0,0
656,0,83.55155568551191,0,0,0,3,16,0,0,0,0,0.0002751641238219861,9.874868320287655e-06,0.0002751641238219861,-1,0,0,0,-1,1,0,0,0
657,0,76.30062504527578,0,0,0,4,20,0,0,0,0,0.0002751641238219861,9.874868320287655e-06,0.0002751641238219861,-1,0,0,0,-1,1,0,0,0
658,62,89.28034699465593,0,0,0,3,32,0,0,0,0,0.0002751641238219861,9.874868320287655e-06,0.0002751641238219861,-1,0,0,0,-1,1,0,0,0
659,2481,73.12096274544302,0,0,0,6,24,0,0,0,0,0.0002751641238219861,9.874868320287655e-06,0.0002751641238219861,-1,0,0,0,-1,1,0,0,0
660,1236,76.54657362224177,0,0,0,5,20,0,0,0,0,0.0002751641238219861,9.874868320287655e-06,0.0002751641238219861,-1,0,0,0,-1,1,0,0,0
661,67,87.31829575699552,0,0,0,3,23,0,0,0,0,0.0002751641238219861,9.874868320287655e-06,0.0002751641238219861,-1,0,0,0,-1,1,0,0,0
662,445,74.25059281502715,0,0,0,6,35,0,0,0,0,0.0002751641238219861,9.874868320287655e-06,0.0002751641238219861,-1,0,0,0,-1,1,0,0,0
663,1958,92.39604676915748,0,0,0,6,29,0,0,0,0,0.0002751641238219861,9.874868320287655e-06,0.0002751641238219861,-1,0,0,0,-1,1,0,0,0
664,321,88.51236556827985,0,0,0,4,12,0,0,0,0,0.0002751641238219861,9.874868320287655e-06,0.0002751641238219861,-1,0,0,0,-1,1,0,0,0
665,0,86.61163564996534,0,0,0,0,0,0,0,0,0,0.0002751641238219861,9.874868320287655e-06,0.0002751641238219861,-1,0,0,0,-1,1,0,0,0
666,4313,88.05819547294695,0,0,0,6,22,0,0,0,0,0.0002751641238219861,9.874868320287655e-06,0.0002751641238219861,-1,0,0,0,-1,1,0,0,0
667,1214,95.80936773125711,0,0,0,4,24,0,0,0,0,0.0002751641238219861,9.874868320287655e-06,0.0002751641238219861,-1,0,0,0,-1,1,0,0,0
668,2216,96.1015107500849,0,0,0,5,18,0,0,0,0,0.0002751641238219861,9.874868320287655e-06,0.0002751641238219861,-1,0,0,0,-1,1,0,0,0
669,410,75.59687173769186,0,0,0,4,37,0,0,0,0,0.0002751641238219861,9.874868320287655e-06,0.0002751641238219861,-1,0,0,0,-1,1,0,0,0
670,658,80.09448184628327,0,0,0,5,33,0,0,0,0,0.0002751641238219861,9.874868320287655e-06,0.0002751641238219861,-1,0,0,0,-1,1,0,0,0
671,993,82.97461067144357,0,0,0,3,21,0,0,0,0,0.0002751641238219861,9.874868320287655e-06,0.0002751641238219861,-1,0,0,0,-1,1,0,0,0
672,824,82.33393462380674,0,0,0,4,32,0,0,0,0,0.0002751641238219861,9.874868320287655e-06,0.0002751641238219861,-1,0,0,0,-1,1,0,0,0
673,476,80.54368570356453,0,0,0,3,21,0,0,0,0,0.0002751641238219861,9.874868320287655e-06,0.0002751641238219861,-1,0,0,0,-1,1,0,0,0
674,371,80.35427564996679,0,0,0,2,23,0,0,0,0,0.0002751641238219861,9.874868320287655e-06,0.0002751641238219861,-1,0,0,0,-1,1,0,0,0
675,3983,76.49564357947909,0,0,0,8,32,0,0,0,0,0.0002751641238219861,9.874868320287655e-06,0.0002751641238219861,-1,0,0,0,-1,1,0,0,0
676,0,96.69492179148011,0,0,0,1,8,0,0,0,0,0.0002751641238219861,9.874868320287655e-06,0.0002751641238219861,-1,0,0,0,-1,1,0,0,0
677,881,68.17368378775843,0,0,0,3,7,0,0,0,0,0.0002751641238219861,9.874868320287655e-06,0.0002751641238219861,-1,0,0,0,-1,1,0,0,0
678,1424,88.76388850033678,0,0,0,4,22,0,0,0,0,0.0002751641238219861,9.874868320287655e-06,0.0002751641238219861,-1,0,0,0,-1,1,0,0,0
679,0,86.61163564996319,0,0,0,0,0,0,0,0,0,0.0002751641238219861,9.874868320287655e-06,0.0002751641238219861,-1,0,0,0,-1,1,0,0,0
680,67,72.81821437331605,0,0,0,5,25,0,0,0,0,0.0002751641238219861,9.874868320287655e-06,0.0002751641238219861,-1,0,0,0,-1,1,0,0,0
681,1143,108.0344228744068,0,0,0,3,17,0,0,0,0,0.0002751641238219861,9.874868320287655e-06,0.0002751641238219861,-1,0,0,0,-1,1,0,0,0
682,0,80.39154155189563,0,0,0,1,8,0,0,0,0,0.0002751641238219861,9.874868320287655e-06,0.0002751641238219861,-1,0,0,0,-1,1,0,0,0
683,0,80.59739873129861,0,0,0,2,14,0,0,0,0,0.0002751641238219861,9.874868320287655e-06,0.0002751641238219861,-1,0,0,0,-1,1,0,0,0
684,0,75.14218264934019,0,0,0,4,37,0,0,0,0,0.0002751641238219861,9.874868320287655e-06,0.0002751641238219861,-1,0,0,0,-1,1,0,0,0
685,3404,77.28768708054689,0,0,0,4,11,0,0,0,0,0.0002751641238219861,9.874868320287655e-06,0.0002751641238219861,-1,0,0,0,-1,1,0,0,0
686,466,107.9830767154561,0,0,0,2,20,0,0,0,0,0.0002751641238219861,9.874868320287655e-06,0.0002751641238219861,-1,0,0,0,-1,1,0,0,0
687,30510,138.279504000416,0,0,0,1,6,0,0,0,0,0.0002751641238219861,9.874868320287655e-06,0.0002751641238219861,-1,0,0,0,-1,1,1,1,0
688,2877,76.67191337721253,0,0,0,6,20,0,0,0,0,0.0002751641238219861,9.874868320287655e-06,0.0002751641238219861,-1,0,0,0,-1,1,0,0,0
689,2410,80.43365409481802,0,0,0,6,26,0,0,0,0,0.0002751641238219861,9.874868320287655e-06,0.0002751641238219861,-1,0,0,0,-1,1,0,0,0
690,829,105.3105444048509,0,0,0,3,29,0,0,0,0,0.0002751641238219861,9.874868320287655e-06,0.0002751641238219861,-1,0,0,0,-1,1,0,0,0
691,1642,100.8225204317617,0,0,0,4,23,0,0,0,0,0.0002751641238219861,9.874868320287655e-06,0.0002751641238219861,-1,0,0,0,-1,1,0,0,0
692,135,57.50931466819198,0,0,0,2,13,0,0,0,0,0.0002751641238219861,9.874868320287655e-06,0.0002751641238219861,-1,0,0,0,-1,1,0,0,0
693,5051,95.7996741711371,0,0,0,6,19,0,0,0,0,0.0002751641238219861,9.874868320287655e-06,0.0002751641238219861,-1,0,0,0,-1,1,0,0,0
694,0,95.719542647634,0,0,0,3,21,0,0,0,0,0.0002751641238219861,9.874868320287655e-06,0.0002751641238219861,-1,0,0,0,-1,1,0,0,0
695,82,88.53525802281801,0,0,0,4,24,0,0,0,0,0.0002751641238219861,9.874868320287655e-06,0.0002751641238219861,-1,0,0,0,-1,1,0,0,0
696,1003,107.9421595487243,0,0,0,3,34,0,0,0,0,0.0002751641238219861,9.874868320287655e-06,0.0002751641238219861,-1,0,0,0,-1,1,0,0,0
697,5716,78.62699859729568,0,0,0,8,26,0,0,0,0,0.0002751641238219861,9.874868320287655e-06,0.0002751641238219861,-1,0,0,0,-1,1,0,0,0
698,460,81.22865198403125,0,0,0,3,20,0,0,0,0,0.0002751641238219861,9.874868320287655e-06,0.0002751641238219861,-1,0,0,0,-1,1,0,0,0
699,227,86.21685538946234,0,0,0,3,17,0,0,0,0,0.0002751641238219861,9.874868320287655e-06,0.0002751641238219861,-1,0,0,0,-1,1,0,0,0
700,1458,68.12351972312155,0,0,0,6,32,0,0,0,0,0.0002751641238219861,9.874868320287655e-06,0.0002751641238219861,-1,0,0,0,-1,1,0,0,0
701,835,74.12728821248348,0,0,0,3,20,0,0,0,0,0.0002751641238219861,9.874868320287655e-06,0.0002751641238219861,-1,0,0,0,-1,1,0,0,0
702,30046,138.2795039999748,0,0,0,1,2,0,0,0,0,0.0002751641238219861,9.874868320287655e-06,0.0002751641238219861,-1,0,0,0,-1,1,1,1,0
703,325,72.49735913769526,0,0,0,3,13,0,0,0,0,0.0002751641238219861,9.874868320287655e-06,0.0002751641238219861,-1,0,0,0,-1,1,0,0,0
704,1542,81.04997960874189,0,0,0,2,12,0,0,0,0,0.0002751641238219861,9.874868320287655e-06,0.0002751641238219861,-1,0,0,0,-1,1,0,0,0
705,0,107.9814344441641,0,0,0,2,16,0,0,0,0,0.0002751641238219861,9.874868320287655e-06,0.0002751641238219861,-1,0,0,0,-1,1,0,0,0
706,2560,68.17567369816769,0,0,0,4,8,0,0,0,0,0.0002751641238219861,9.874868320287655e-06,0.0002751641238219861,-1,0,0,0,-1,1,0,0,0
707,679,87.09388037557767,0,0,0,3,23,0,0,0,0,0.0002751641238219861,9.874868320287655e-06,0.0002751641238219861,-1,0,0,0,-1,1,0,0,0
708,746,95.51839003309158,0,0,0,1,9,0,0,0,0,0.0002751641238219861,9.874868320287655e-06,0.0002751641238219861,-1,0,0,0,-1,1,0,0,0
709,0,79.75810846115471,0,0,0,2,18,0,0,0,0,0.0002751641238219861,9.874868320287655e-06,0.0002751641238219861,-1,0,0,0,-1,1,0,0,0
710,0,59.59864272549525,0,0,0,3,10,0,0,0,0,0.0002751641238219861,9.874868320287655e-06,0.0002751641238219861,-1,0,0,0,-1,1,0,0,0
711,0,78.12990264683356,0,0,0,2,14,0,0,0,0,0.0002751641238219861,9.874868320287655e-06,0.0002751641238219861,-1,0,0,0,-1,1,0,0,0
712,15,82.63003193130056,0,0,0,1,12,0,0,0,0,0.0002751641238219861,9.874868320287655e-06,0.0002751641238219861,-1,0,0,0,-1,1,0,0,0
713,468,78.09896380582227,0,0,0,2,12,0,0,0,0,0.0002751641238219861,9.874868320287655e-06,0.0002751641238219861,-1,0,0,0,-1,1,0,0,0
714,1005,75.27249883467024,0,0,0,5,27,0,0,0,0,0.0002751641238219861,9.874868320287655e-06,0.0002751641238219861,-1,0,0,0,-1,1,0,0,0
715,1296,89.34916656963796,0,0,0,2,19,0,0,0,0,0.0002751641238219861,9.874868320287655e-06,0.0002751641238219861,-1,0,0,0,-1,1,0,0,0
716,0,81.83107951074447,0,0,0,1,6,0,0,0,0,0.0002751641238219861,9.874868320287655e-06,0.0002751641238219861,-1,0,0,0,-1,1,0,0,0
717,2181,86.15129992261187,0,0,0,3,13,0,0,0,0,0.0002751641238219861,9.874868320287655e-06,0.0002751641238219861,-1,0,0,0,-1,1,0,0,0
718,2944,89.28242787444943,0,0,0,3,11,0,0,0,0,0.0002751641238219861,9.874868320287655e-06,0.0002751641238219861,-1,0,0,0,-1,1,0,0,0
719,731,95.77470015670589,0,0,0,5,23,0,0,0,0,0.0002751641238219861,9.874868320287655e-06,0.0002751641238219861,-1,0,0,0,-1,1,0,0,0
720,0,67.96894835392284,0,0,0,5,30,0,0,0,0,0.0002751641238219861,9.874868320287655e-06,0.0002751641238219861,-1,0,0,0,-1,1,0,0,0
721,2413,92.62633632503983,0,0,0,5,28,0,0,0,0,0.0002751641238219861,9.874868320287655e-06,0.0002751641238219861,-1,0,0,0,-1,1,0,0,0
722,1388,92.01227316636596,0,0,0,2,12,0,0,0,0,0.0002751641238219861,9.874868320287655e-06,0.0002751641238219861,-1,0,0,0,-1,1,0,0,0
723,206,85.7499075711402,0,0,0,4,29,0,0,0,0,0.0002751641238219861,9.874868320287655e-06,0.0002751641238219861,-1,0,0,0,-1,1,0,0,0
724,1128,83.30329652317596,0,0,0,4,13,0,0,0,0,0.0002751641238219861,9.874868320287655e-06,0.0002751641238219861,-1,0,0,0,-1,1,0,0,0
725,1348,71.86470994936921,0,0,0,4,30,0,0,0,0,0.0002751641238219861,9.874868320287655e-06,0.0002751641238219861,-1,0,0,0,-1,1,0,0,0
726,1980,79.76044278766936,0,0,0,3,14,0,0,0,0,0.0002751641238219861,9.874868320287655e-06,0.0002751641238219861,-1,0,0,0,-1,1,0,0,0
727,2466,87.36904185201107,0,0,0,8,35,0,0,0,0,0.0002751641238219861,9.874868320287655e-06,0.0002751641238219861,-1,0,0,0,-1,1,0,0,0
728,1187,96.97645358645217,0,0,0,3,12,0,0,0,0,0.0002751641238219861,9.874868320287655e-06,0.0002751641238219861,-1,0,0,0,-1,1,0,0,0
729,0,97.98571093431708,0,0,0,2,16,0,0,0,0,0.0002751641238219861,9.874868320287655e-06,0.0002751641238219861,-1,0,0,0,-1,1,0,0,0
730,1063,78.99239303970849,0,0,0,5,20,0,0,0,0,0.0002751641238219861,9.874868320287655e-06,0.0002751641238219861,-1,0,0,0,-1,1,0,0,0
731,1031,95.96179084665357,0,0,0,5,31,0,0,0,0,0.0002751641238219861,9.874868320287655e-06,0.0002751641238219861,-1,0,0,0,-1,1,0,0,0
732,0,59.77691564995428,0,0,0,2,16,0,0,0,0,0.0002751641238219861,9.874868320287655e-06,0.0002751641238219861,-1,0,0,0,-1,1,0,0,0
733,1356,75.60133376530949,0,0,0,3,12,0,0,0,0,0.0002751641238219861,9.874868320287655e-06,0.0002751641238219861,-1,0,0,0,-1,1,0,0,0
734,679,75.07993499580793,0,0,0,4,25,0,0,0,0,0.0002751641238219861,9.874868320287655e-06,0.0002751641238219861,-1,0,0,0,-1,1,0,0,0
735,406,85.7973581352524,0,0,0,5,30,0,0,0,0,0.0002751641238219861,9.874868320287655e-06,0.0002751641238219861,-1,0,0,0,-1,1,0,0,0
736,267,71.03287087106207,0,0,0,4,24,0,0,0,0,0.0002751641238219861,9.874868320287655e-06,0.0002751641238219861,-1,0,0,0,-1,1,0,0,0
737,0,87.09801434559405,0,0,0,3,33,0,0,0,0,0.0002751641238219861,9.874868320287655e-06,0.0002751641238219861,-1,0,0,0,-1,1,0,0,0
738,4003,75.98875348912723,0,0,0,5,26,0,0,0,0,0.0002751641238219861,9.874868320287655e-06,0.0002751641238219861,-1,0,0,0,-1,1,0,0,0
739,0,84.38726264996818,0,0,0,1,12,0,0,0,0,0.0002751641238219861,9.874868320287655e-06,0.0002751641238219861,-1,0,0,0,-1,1,0,0,0
740,1499,76.41329948802198,0,0,0,5,27,0,0,0,0,0.0002751641238219861,9.874868320287655e-06,0.0002751641238219861,-1,0,0,0,-1,1,0,0,0
741,0,78.40438517364102,0,0,0,4,31,0,0,0,0,0.0002751641238219861,9.874868320287655e-06,0.0002751641238219861,-1,0,0,0,-1,1,0,0,0
742,3220,94.01116872286147,0,0,0,6,18,0,0,0,0,0.0002751641238219861,9.874868320287655e-06,0.0002751641238219861,-1,0,0,0,-1,1,0,0,0
743,0,56.50727564968808,0,0,0,1,8,0,0,0,0,0.0002751641238219861,9.874868320287655e-06,0.0002751641238219861,-1,0,0,0,-1,1,0,0,0
744,0,82.87308035447606,0,0,0,1,12,0,0,0,0,0.0002751641238219861,9.874868320287655e-06,0.0002751641238219861,-1,0,0,0,-1,1,0,0,0
745,0,84.38726264960682,0,0,0,1,7,0,0,0,0,0.0002751641238219861,9.874868320287655e-06,0.0002751641238219861,-1,0,0,0,-1,1,0,0,0
746,1816,96.66715936437993,0,0,0,4,24,0,0,0,0,0.0002751641238219861,9.874868320287655e-06,0.0002751641238219861,-1,0,0,0,-1,1,0,0,0
747,86,74.68304139915521,0,0,0,2,12,0,0,0,0,0.0002751641238219861,9.874868320287655e-06,0.0002751641238219861,-1,0,0,0,-1,1,0,0,0
748,4327,71.87069485409476,0,0,0,6,21,0,0,0,0,0.0002751641238219861,9.874868320287655e-06,0.0002751641238219861,-1,0,0,0,-1,1,0,0,0
749,489,81.23013196934272,0,0,0,3,24,0,0,0,0,0.0002751641238219861,9.874868320287655e-06,0.0002751641238219861,-1,0,0,0,-1,1,0,0,0
750,1169,91.03784176391424,0,0,0,3,16,0,0,0,0,0.0002751641238219861,9.874868320287655e-06,0.0002751641238219861,-1,0,0,0,-1,1,0,0,0
751,1516,70.85074483642484,0,0,0,4,22,0,0,0,0,0.0002751641238219861,9.874868320287655e-06,0.0002751641238219861,-1,0,0,0,-1,1,0,0,0
752,406,74.84932087077,0,0,0,5,27,0,0,0,0,0.0002751641238219861,9.874868320287655e-06,0.0002751641238219861,-1,0,0,0,-1,1,0,0,0
753,1647,84.37587369514806,0,0,0,4,14,0,0,0,0,0.0002751641238219861,9.874868320287655e-06,0.0002751641238219861,-1,0,0,0,-1,1,0,0,0
754,1185,90.1171468443769,0,0,0,3,23,0,0,0,0,0.0002751641238219861,9.874868320287655e-06,0.0002751641238219861,-1,0,0,0,-1,1,0,0,0
755,0,86.61163564996714,0,0,0,0,0,0,0,0,0,0.0002751641238219861,9.874868320287655e-06,0.0002751641238219861,-1,0,0,0,-1,1,0,0,0
756,2525,76.71194905764845,0,0,0,6,23,0,0,0,0,0.0002751641238219861,9.874868320287655e-06,0.0002751641238219861,-1,0,0,0,-1,1,0,0,0
757,0,56.55275614697416,0,0,0,1,9,0,0,0,0,0.0002751641238219861,9.874868320287655e-06,0.0002751641238219861,-1,0,0,0,-1,1,0,0,0
758,122,95.67512129886579,0,0,0,4,33,0,0,0,0,0.0002751641238219861,9.874868320287655e-06,0.0002751641238219861,-1,0,0,0,-1,1,0,0,0
759,22,81.38103807290771,0,0,0,0,2,0,0,0,0,0.0002751641238219861,9.874868320287655e-06,0.0002751641238219861,-1,0,0,0,-1,1,0,0,0
760,0,74.09691564899423,0,0,0,2,12,0,0,0,0,0.0002751641238219861,9.874868320287655e-06,0.0002751641238219861,-1,0,0,0,-1,1,0,0,0
761,1616,85.58043445680727,0,0,0,2,9,0,0,0,0,0.0002751641238219861,9.874868320287655e-06,0.0002751641238219861,-1,0,0,0,-1,1,0,0,0
762,1404,79.97117402585255,0,0,0,4,37,0,0,0,0,0.0002751641238219861,9.874868320287655e-06,0.0002751641238219861,-1,0,0,0,-1,1,0,0,0
763,1934,68.02907322858159,0,0,0,8,31,0,0,0,0,0.0002751641238219861,9.874868320287655e-06,0.0002751641238219861,-1,0,0,0,-1,1,0,0,0
764,955,69.68054702890917,0,0,0,5,14,0,0,0,0,0.0002751641238219861,9.874868320287655e-06,0.0002751641238219861,-1,0,0,0,-1,1,0,0,0
765,1056,60.59109306944733,0,0,0,6,33,0,0,0,0,0.0002751641238219861,9.874868320287655e-06,0.0002751641238219861,-1,0,0,0,-1,1,0,0,0
766,916,69.74779806086956,0,0,0,6,28,0,0,0,0,0.0002751641238219861,9.874868320287655e-06,0.0002751641238219861,-1,0,0,0,-1,1,0,0,0
767,996,104.195551945534,0,0,0,2,13,0,0,0,0,0.0002751641238219861,9.874868320287655e-06,0.0002751641238219861,-1,0,0,0,-1,1,0,0,0
768,981,75.06228402868781,0,0,0,6,25,0,0,0,0,0.0002751641238219861,9.874868320287655e-06,0.0002751641238219861,-1,0,0,0,-1,1,0,0,0
769,875,102.9463617320923,0,0,0,4,29,0,0,0,0,0.0002751641238219861,9.874868320287655e-06,0.0002751641238219861,-1,0,0,0,-1,1,0,0,0
770,120,77.79193765479653,0,0,0,5,25,0,0,0,0,0.0002751641238219861,9.874868320287655e-06,0.0002751641238219861,-1,0,0,0,-1,1,0,0,0
771,803,100.7601208194568,0,0,0,3,19,0,0,0,0,0.0002751641238219861,9.874868320287655e-06,0.0002751641238219861,-1,0,0,0,-1,1,0,0,0
772,1482,69.06714139079384,0,0,0,4,25,0,0,0,0,0.0002751641238219861,9.874868320287655e-06,0.0002751641238219861,-1,0,0,0,-1,1,0,0,0
773,1180,95.67391070764161,0,0,0,5,17,0,0,0,0,0.0002751641238219861,9.874868320287655e-06,0.0002751641238219861,-1,0,0,0,-1,1,0,0,0
774,0,80.59739873100091,0,0,0,2,13,0,0,0,0,0.0002751641238219861,9.874868320287655e-06,0.0002751641238219861,-1,0,0,0,-1,1,0,0,0
775,1036,70.22277929317313,0,0,0,5,32,0,0,0,0,0.0002751641238219861,9.874868320287655e-06,0.0002751641238219861,-1,0,0,0,-1,1,0,0,0
776,0,86.85475873132928,0,0,0,1,5,0,0,0,0,0.0002751641238219861,9.874868320287655e-06,0.0002751641238219861,-1,0,0,0,-1,1,0,0,0
777,1379,80.02324440797773,0,0,0,6,38,0,0,0,0,0.0002751641238219861,9.874868320287655e-06,0.0002751641238219861,-1,0,0,0,-1,1,0,0,0
778,0,62.87623082901126,0,0,0,5,25,0,0,0,0,0.0002751641238219861,9.874868320287655e-06,0.0002751641238219861,-1,0,0,0,-1,1,0,0,0
779,517,82.39796208266917,0,0,0,5,34,0,0,0,0,0.0002751641238219861,9.874868320287655e-06,0.0002751641238219861,-1,0,0,0,-1,1,0,0,0
780,3,77.21962174497719,0,0,0,2,4,0,0,0,0,0.0002751641238219861,9.874868320287655e-06,0.0002751641238219861,-1,0,0,0,-1,1,0,0,0
781,1069,72.82521709863494,0,0,0,6,29,0,0,0,0,0.0002751641238219861,9.874868320287655e-06,0.0002751641238219861,-1,0,0,0,-1,1,0,0,0
782,0,96.01631820930641,0,0,0,4,26,0,0,0,0,0.0002751641238219861,9.874868320287655e-06,0.0002751641238219861,-1,0,0,0,-1,1,0,0,0
783,75,65.80040081662091,0,0,0,7,30,0,0,0,0,0.0002751641238219861,9.874868320287655e-06,0.0002751641238219861,-1,0,0,0,-1,1,0,0,0
784,0,69.64816964922154,0,0,0,4,30,0,0,0,0,0.0002751641238219861,9.874868320287655e-06,0.0002751641238219861,-1,0,0,0,-1,1,0,0,0
785,1412,79.98580354527347,0,0,0,7,27,0,0,0,0,0.0002751641238219861,9.874868320287655e-06,0.0002751641238219861,-1,0,0,0,-1,1,0,0,0
786,651,89.28507266898893,0,0,0,2,15,0,0,0,0,0.0002751641238219861,9.874868320287655e-06,0.0002751641238219861,-1,0,0,0,-1,1,0,0,0
787,0,95.77199213283832,0,0,0,3,25,0,0,0,0,0.0002751641238219861,9.874868320287655e-06,0.0002751641238219861,-1,0,0,0,-1,1,0,0,0
788,282,105.2672847615792,0,0,0,3,31,0,0,0,0,0.0002751641238219861,9.874868320287655e-06,0.0002751641238219861,-1,0,0,0,-1,1,0,0,0
789,0,56.5072756499609,0,0,0,1,11,0,0,0,0,0.0002751641238219861,9.874868320287655e-06,0.0002751641238219861,-1,0,0,0,-1,1,0,0,0
790,501,107.9394779155469,0,0,0,2,15,0,0,0,0,0.0002751641238219861,9.874868320287655e-06,0.0002751641238219861,-1,0,0,0,-1,1,0,0,0
791,1638,80.98363354717286,0,0,0,6,31,0,0,0,0,0.0002751641238219861,9.874868320287655e-06,0.0002751641238219861,-1,0,0,0,-1,1,0,0,0
792,0,74.90182544069421,0,0,0,3,18,0,0,0,0,0.0002751641238219861,9.874868320287655e-06,0.0002751641238219861,-1,0,0,0,-1,1,0,0,0
793,2438,90.86029329393992,0,0,0,4,19,0,0,0,0,0.0002751641238219861,9.874868320287655e-06,0.0002751641238219861,-1,0,0,0,-1,1,0,0,0
794,56,43.00688179971652,0,0,0,6,34,0,0,0,0,0.0002751641238219861,9.874868320287655e-06,0.0002751641238219861,-1,0,0,0,-1,1,0,0,0
795,0,95.38759600885288,0,0,0,1,13,0,0,0,0,0.0002751641238219861,9.874868320287655e-06,0.0002751641238219861,-1,0,0,0,-1,1,0,0,0
796,221,51.22056208527865,0,0,0,6,30,0,0,0,0,0.0002751641238219861,9.874868320287655e-06,0.0002751641238219861,-1,0,0,0,-1,1,0,0,0
797,125,85.79589518833745,0,0,0,3,23,0,0,0,0,0.0002751641238219861,9.874868320287655e-06,0.0002751641238219861,-1,0,0,0,-1,1,0,0,0
798,337,88.50711769219316,0,0,0,5,27,0,0,0,0,0.0002751641238219861,9.874868320287655e-06,0.0002751641238219861,-1,0,0,0,-1,1,0,0,0
799,1032,92.3331942636907,0,0,0,3,13,0,0,0,0,0.0002751641238219861,9.874868320287655e-06,0.0002751641238219861,-1,0,0,0,-1,1,0,0,0
800,896,84.96035968844576,0,0,0,5,31,0,0,0,0,0.0002751641238219861,9.874868320287655e-06,0.0002751641238219861,-1,0,0,0,-1,1,0,0,0
801,1614,73.4609898645392,0,0,0,2,10,0,0,0,0,0.0002751641238219861,9.874868320287655e-06,0.0002751641238219861,-1,0,0,0,-1,1,0,0,0
802,67,67.50113936608967,0,0,0,4,13,0,0,0,0,0.0002751641238219861,9.874868320287655e-06,0.0002751641238219861,-1,0,0,0,-1,1,0,0,0
803,2024,80.61314537397345,0,0,0,6,31,0,0,0,0,0.0002751641238219861,9.874868320287655e-06,0.0002751641238219861,-1,0,0,0,-1,1,0,0,0
804,1265,87.0791296354587,0,0,0,3,34,0,0,0,0,0.0002751641238219861,9.874868320287655e-06,0.0002751641238219861,-1,0,0,0,-1,1,0,0,0
805,916,48.35973491508462,0,0,0,2,8,0,0,0,0,0.0002751641238219861,9.874868320287655e-06,0.0002751641238219861,-1,0,0,0,-1,1,0,0,0
806,0,85.64925269598108,0,0,0,3,21,0,0,0,0,0.0002751641238219861,9.874868320287655e-06,0.0002751641238219861,-1,0,0,0,-1,1,0,0,0
807,175,66.03247046586648,0,0,0,5,37,0,0,0,0,0.0002751641238219861,9.874868320287655e-06,0.0002751641238219861,-1,0,0,0,-1,1,0,0,0
808,0,58.31588964993681,0,0,0,2,22,0,0,0,0,0.0002751641238219861,9.874868320287655e-06,0.0002751641238219861,-1,0,0,0,-1,1,0,0,0
809,1085,68.51542424684264,0,0,0,5,35,0,0,0,0,0.0002751641238219861,9.874868320287655e-06,0.0002751641238219861,-1,0,0,0,-1,1,0,0,0
810,34,90.40645603143945,0,0,0,2,24,0,0,0,0,0.0002751641238219861,9.874868320287655e-06,0.0002751641238219861,-1,0,0,0,-1,1,0,0,0
811,1428,84.45970900183148,0,0,0,2,11,0,0,0,0,0.0002751641238219861,9.874868320287655e-06,0.0002751641238219861,-1,0,0,0,-1,1,0,0,0
812,2616,87.23199510116345,0,0,0,5,13,0,0,0,0,0.0002751641238219861,9.874868320287655e-06,0.0002751641238219861,-1,0,0,0,-1,1,0,0,0
813,306,100.7850809690081,0,0,0,3,15,0,0,0,0,0.0002751641238219861,9.874868320287655e-06,0.0002751641238219861,-1,0,0,0,-1,1,0,0,0
814,2049,80.55304623028363,0,0,0,3,20,0,0,0,0,0.0002751641238219861,9.874868320287655e-06,0.0002751641238219861,-1,0,0,0,-1,1,0,0,0
815,547,68.87078861345496,0,0,0,5,20,0,0,0,0,0.0002751641238219861,9.874868320287655e-06,0.0002751641238219861,-1,0,0,0,-1,1,0,0,0
816,0,89.32582948526402,0,0,0,2,18,0,0,0,0,0.0002751641238219861,9.874868320287655e-06,0.0002751641238219861,-1,0,0,0,-1,1,0,0,0
817,465,69.61751672452284,0,0,0,3,6,0,0,0,0,0.0002751641238219861,9.874868320287655e-06,0.0002751641238219861,-1,0,0,0,-1,1,0,0,0
818,495,88.31061945073169,0,0,0,2,7,0,0,0,0,0.0002751641238219861,9.874868320287655e-06,0.0002751641238219861,-1,0,0,0,-1,1,0,0,0
819,267,90.73742534970702,0,0,0,3,18,0,0,0,0,0.0002751641238219861,9.874868320287655e-06,0.0002751641238219861,-1,0,0,0,-1,1,0,0,0
820,926,98.93052754246528,0,0,0,3,20,0,0,0,0,0.0002751641238219861,9.874868320287655e-06,0.0002751641238219861,-1,0,0,0,-1,1,0,0,0
821,0,88.88739193133705,0,0,0,0,1,0,0,0,0,0.0002751641238219861,9.874868320287655e-06,0.0002751641238219861,-1,0,0,0,-1,1,0,0,0
822,1013,95.80982241862456,0,0,0,4,23,0,0,0,0,0.0002751641238219861,9.874868320287655e-06,0.0002751641238219861,-1,0,0,0,-1,1,0,0,0
823,1070,76.42101209866478,0,0,0,4,28,0,0,0,0,0.0002751641238219861,9.874868320287655e-06,0.0002751641238219861,-1,0,0,0,-1,1,0,0,0
824,2683,71.96250304777038,0,0,0,5,30,0,0,0,0,0.0002751641238219861,9.874868320287655e-06,0.0002751641238219861,-1,0,0,0,-1,1,0,0,0
825,0,105.2175276653069,0,0,0,2,8,0,0,0,0,0.0002751641238219861,9.874868320287655e-06,0.0002751641238219861,-1,0,0,0,-1,1,0,0,0
826,2395,72.07459542497803,0,0,0,5,23,0,0,0,0,0.0002751641238219861,9.874868320287655e-06,0.0002751641238219861,-1,0,0,0,-1,1,0,0,0
827,0,64.57324964906729,0,0,0,1,12,0,0,0,0,0.0002751641238219861,9.874868320287655e-06,0.0002751641238219861,-1,0,0,0,-1,1,0,0,0
828,1,94.54272642230532,0,0,0,1,1,0,0,0,0,0.0002751641238219861,9.874868320287655e-06,0.0002751641238219861,-1,0,0,0,-1,1,0,0,0
829,2249,70.08751327309645,0,0,0,6,34,0,0,0,0,0.0002751641238219861,9.874868320287655e-06,0.0002751641238219861,-1,0,0,0,-1,1,0,0,0
830,0,105.3218224119981,0,0,0,2,21,0,0,0,0,0.0002751641238219861,9.874868320287655e-06,0.0002751641238219861,-1,0,0,0,-1,1,0,0,0
831,0,62.76463564996299,0,0,0,0,0,0,0,0,0,0.0002751641238219861,9.874868320287655e-06,0.0002751641238219861,-1,0,0,0,-1,1,0,0,0
832,0,70.95391276594373,0,0,0,3,20,0,0,0,0,0.0002751641238219861,9.874868320287655e-06,0.0002751641238219861,-1,0,0,0,-1,1,0,0,0
833,2246,86.10680791909637,0,0,0,4,22,0,0,0,0,0.0002751641238219861,9.874868320287655e-06,0.0002751641238219861,-1,0,0,0,-1,1,0,0,0
834,1196,74.92594090502564,0,0,0,6,41,0,0,0,0,0.0002751641238219861,9.874868320287655e-06,0.0002751641238219861,-1,0,0,0,-1,1,0,0,0
835,0,95.76829839697457,0,0,0,3,24,0,0,0,0,0.0002751641238219861,9.874868320287655e-06,0.0002751641238219861,-1,0,0,0,-1,1,0,0,0
836,0,95.86896255235811,0,0,0,4,27,0,0,0,0,0.0002751641238219861,9.874868320287655e-06,0.0002751641238219861,-1,0,0,0,-1,1,0,0,0
837,1782,70.90519635919678,0,0,0,6,23,0,0,0,0,0.0002751641238219861,9.874868320287655e-06,0.0002751641238219861,-1,0,0,0,-1,1,0,0,0
838,1257,87.29148308504681,0,0,0,4,22,0,0,0,0,0.0002751641238219861,9.874868320287655e-06,0.0002751641238219861,-1,0,0,0,-1,1,0,0,0
839,819,107.9758015936182,0,0,0,2,14,0,0,0,0,0.0002751641238219861,9.874868320287655e-06,0.0002751641238219861,-1,0,0,0,-1,1,0,0,0
840,226,82.57864864996318,0,0,0,1,8,0,0,0,0,0.0002751641238219861,9.874868320287655e-06,0.0002751641238219861,-1,0,0,0,-1,1,0,0,0
841,12,82.05012152232284,0,0,0,5,30,0,0,0,0,0.0002751641238219861,9.874868320287655e-06,0.0002751641238219861,-1,0,0,0,-1,1,0,0,0
842,0,78.15306310954928,0,0,0,2,20,0,0,0,0,0.0002751641238219861,9.874868320287655e-06,0.0002751641238219861,-1,0,0,0,-1,1,0,0,0
843,61,62.81601893133687,0,0,0,1,11,0,0,0,0,0.0002751641238219861,9.874868320287655e-06,0.0002751641238219861,-1,0,0,0,-1,1,0,0,0
844,462,85.23263748252857,0,0,0,5,21,0,0,0,0,0.0002751641238219861,9.874868320287655e-06,0.0002751641238219861,-1,0,0,0,-1,1,0,0,0
845,1193,74.14712298049764,0,0,0,5,27,0,0,0,0,0.0002751641238219861,9.874868320287655e-06,0.0002751641238219861,-1,0,0,0,-1,1,0,0,0
846,2286,75.12314262383157,0,0,0,4,24,0,0,0,0,0.0002751641238219861,9.874868320287655e-06,0.0002751641238219861,-1,0,0,0,-1,1,0,0,0
847,0,88.07252418785936,0,0,0,2,14,0,0,0,0,0.0002751641238219861,9.874868320287655e-06,0.0002751641238219861,-1,0,0,0,-1,1,0,0,0
848,976,51.74887204033585,0,0,0,6,34,0,0,0,0,0.0002751641238219861,9.874868320287655e-06,0.0002751641238219861,-1,0,0,0,-1,1,0,0,0
849,229,74.65852997508669,0,0,0,4,21,0,0,0,0,0.0002751641238219861,9.874868320287655e-06,0.0002751641238219861,-1,0,0,0,-1,1,0,0,0
850,0,86.91293444821389,0,0,0,1,11,0,0,0,0,0.0002751641238219861,9.874868320287655e-06,0.0002751641238219861,-1,0,0,0,-1,1,0,0,0
851,0,95.71954264988827,0,0,0,3,26,0,0,0,0,0.0002751641238219861,9.874868320287655e-06,0.0002751641238219861,-1,0,0,0,-1,1,0,0,0
852,0,80.63547545157031,0,0,0,2,18,0,0,0,0,0.0002751641238219861,9.874868320287655e-06,0.0002751641238219861,-1,0,0,0,-1,1,0,0,0
853,0,57.64526828509457,0,0,0,3,30,0,0,0,0,0.0002751641238219861,9.874868320287655e-06,0.0002751641238219861,-1,0,0,0,-1,1,0,0,0
854,2005,84.66572751715199,0,0,0,4,23,0,0,0,0,0.0002751641238219861,9.874868320287655e-06,0.0002751641238219861,-1,0,0,0,-1,1,0,0,0
855,1871,70.281513322934,0,0,0,5,24,0,0,0,0,0.0002751641238219861,9.874868320287655e-06,0.0002751641238219861,-1,0,0,0,-1,1,0,0,0
856,0,95.30471776550975,0,0,0,1,7,0,0,0,0,0.0002751641238219861,9.874868320287655e-06,0.0002751641238219861,-1,0,0,0,-1,1,0,0,0
857,0,95.71954264985493,0,0,0,3,22,0,0,0,0,0.0002751641238219861,9.874868320287655e-06,0.0002751641238219861,-1,0,0,0,-1,1,0,0,0
858,3040,85.76317583293903,0,0,0,5,22,0,0,0,0,0.0002751641238219861,9.874868320287655e-06,0.0002751641238219861,-1,0,0,0,-1,1,0,0,0
859,368,61.28720224237107,0,0,0,4,9,0,0,0,0,0.0002751641238219861,9.874868320287655e-06,0.0002751641238219861,-1,0,0,0,-1,1,0,0,0
860,1215,60.60434846206073,0,0,0,6,31,0,0,0,0,0.0002751641238219861,9.874868320287655e-06,0.0002751641238219861,-1,0,0,0,-1,1,0,0,0
861,530,91.05196068495674,0,0,0,4,19,0,0,0,0,0.0002751641238219861,9.874868320287655e-06,0.0002751641238219861,-1,0,0,0,-1,1,0,0,0
862,2140,85.15507077578143,0,0,0,5,27,0,0,0,0,0.0002751641238219861,9.874868320287655e-06,0.0002751641238219861,-1,0,0,0,-1,1,0,0,0
863,1618,62.26391677239746,0,0,0,2,16,0,0,0,0,0.0002751641238219861,9.874868320287655e-06,0.0002751641238219861,-1,0,0,0,-1,1,0,0,0
864,1048,102.98909946626,0,0,0,4,22,0,0,0,0,0.0002751641238219861,9.874868320287655e-06,0.0002751641238219861,-1,0,0,0,-1,1,0,0,0
865,2314,57.7094063499699,0,0,0,7,30,0,0,0,0,0.0002751641238219861,9.874868320287655e-06,0.0002751641238219861,-1,0,0,0,-1,1,0,0,0
866,1055,74.99754077876463,0,0,0,4,27,0,0,0,0,0.0002751641238219861,9.874868320287655e-06,0.0002751641238219861,-1,0,0,0,-1,1,0,0,0
867,1504,83.51693013931336,0,0,0,6,48,0,0,0,0,0.0002751641238219861,9.874868320287655e-06,0.0002751641238219861,-1,0,0,0,-1,1,0,0,0
868,531,84.94928777942587,0,0,0,4,34,0,0,0,0,0.0002751641238219861,9.874868320287655e-06,0.0002751641238219861,-1,0,0,0,-1,1,0,0,0
869,0,74.37825329986198,0,0,0,5,31,0,0,0,0,0.0002751641238219861,9.874868320287655e-06,0.0002751641238219861,-1,0,0,0,-1,1,0,0,0
870,770,63.63943160273679,0,0,0,4,12,0,0,0,0,0.0002751641238219861,9.874868320287655e-06,0.0002751641238219861,-1,0,0,0,-1,1,0,0,0
871,2629,91.24977805792361,0,0,0,4,8,0,0,0,0,0.0002751641238219861,9.874868320287655e-06,0.0002751641238219861,-1,0,0,0,-1,1,0,0,0
872,2241,95.79152934299235,0,0,0,5,22,0,0,0,0,0.0002751641238219861,9.874868320287655e-06,0.0002751641238219861,-1,0,0,0,-1,1,0,0,0
873,0,88.7259233970864,0,0,0,4,25,0,0,0,0,0.0002751641238219861,9.874868320287655e-06,0.0002751641238219861,-1,0,0,0,-1,1,0,0,0
874,865,100.8890244688067,0,0,0,3,27,0,0,0,0,0.0002751641238219861,9.874868320287655e-06,0.0002751641238219861,-1,0,0,0,-1,1,0,0,0
875,0,83.65306285782236,0,0,0,2,15,0,0,0,0,0.0002751641238219861,9.874868320287655e-06,0.0002751641238219861,-1,0,0,0,-1,1,0,0,0
876,2087,102.9744999701435,0,0,0,4,18,0,0,0,0,0.0002751641238219861,9.874868320287655e-06,0.0002751641238219861,-1,0,0,0,-1,1,0,0,0
877,2248,64.661883656784,0,0,0,5,23,0,0,0,0,0.0002751641238219861,9.874868320287655e-06,0.0002751641238219861,-1,0,0,0,-1,1,0,0,0
878,25,88.3314144705715,0,0,0,2,10,0,0,0,0,0.0002751641238219861,9.874868320287655e-06,0.0002751641238219861,-1,0,0,0,-1,1,0,0,0
879,0,95.71954264971033,0,0,0,3,24,0,0,0,0,0.0002751641238219861,9.874868320287655e-06,0.0002751641238219861,-1,0,0,0,-1,1,0,0,0
880,30395,138.2795039977337,0,0,0,1,8,0,0,0,0,0.0002751641238219861,9.874868320287655e-06,0.0002751641238219861,-1,0,0,0,-1,1,1,1,0
881,687,80.25052856344357,0,0,0,4,13,0,0,0,0,0.0002751641238219861,9.874868320287655e-06,0.0002751641238219861,-1,0,0,0,-1,1,0,0,0
882,0,72.71487654176381,0,0,0,5,29,0,0,0,0,0.0002751641238219861,9.874868320287655e-06,0.0002751641238219861,-1,0,0,0,-1,1,0,0,0
883,1719,88.56630606526932,0,0,0,4,13,0,0,0,0,0.0002751641238219861,9.874868320287655e-06,0.0002751641238219861,-1,0,0,0,-1,1,0,0,0
884,678,87.7893050388689,0,0,0,2,11,0,0,0,0,0.0002751641238219861,9.874868320287655e-06,0.0002751641238219861,-1,0,0,0,-1,1,0,0,0
885,933,95.91143184514144,0,0,0,5,29,0,0,0,0,0.0002751641238219861,9.874868320287655e-06,0.0002751641238219861,-1,0,0,0,-1,1,0,0,0
886,914,78.12079673619881,0,0,0,3,19,0,0,0,0,0.0002751641238219861,9.874868320287655e-06,0.0002751641238219861,-1,0,0,0,-1,1,0,0,0
887,1707,90.87269268120922,0,0,0,4,24,0,0,0,0,0.0002751641238219861,9.874868320287655e-06,0.0002751641238219861,-1,0,0,0,-1,1,0,0,0
888,230,59.81520521255064,0,0,0,3,27,0,0,0,0,0.0002751641238219861,9.874868320287655e-06,0.0002751641238219861,-1,0,0,0,-1,1,0,0,0
889,0,97.94391564987245,0,0,0,2,20,0,0,0,0,0.0002751641238219861,9.874868320287655e-06,0.0002751641238219861,-1,0,0,0,-1,1,0,0,0
890,918,88.53727320359039,0,0,0,5,28,0,0,0,0,0.0002751641238219861,9.874868320287655e-06,0.0002751641238219861,-1,0,0,0,-1,1,0,0,0
891,1011,93.70250723318691,0,0,0,4,17,0,0,0,0,0.0002751641238219861,9.874868320287655e-06,0.0002751641238219861,-1,0,0,0,-1,1,0,0,0
892,1072,61.67001383086008,0,0,0,6,15,0,0,0,0,0.0002751641238219861,9.874868320287655e-06,0.0002751641238219861,-1,0,0,0,-1,1,0,0,0
893,0,71.55086115349671,0,0,0,3,10,0,0,0,0,0.0002751641238219861,9.874868320287655e-06,0.0002751641238219861,-1,0,0,0,-1,1,0,0,0
894,0,97.99108737893367,0,0,0,2,19,0,0,0,0,0.0002751641238219861,9.874868320287655e-06,0.0002751641238219861,-1,0,0,0,-1,1,0,0,0
895,614,95.87066194182022,0,0,0,4,28,0,0,0,0,0.0002751641238219861,9.874868320287655e-06,0.0002751641238219861,-1,0,0,0,-1,1,0,0,0
896,0,98.06931329433844,0,0,0,2,13,0,0,0,0,0.0002751641238219861,9.874868320287655e-06,0.0002751641238219861,-1,0,0,0,-1,1,0,0,0
897,1737,97.98430554655449,0,0,0,3,20,0,0,0,0,0.0002751641238219861,9.874868320287655e-06,0.0002751641238219861,-1,0,0,0,-1,1,0,0,0
898,2158,75.83100695604891,0,0,0,5,30,0,0,0,0,0.0002751641238219861,9.874868320287655e-06,0.0002751641238219861,-1,0,0,0,-1,1,0,0,0
899,0,71.95434343198131,0,0,0,3,28,0,0,0,0,0.0002751641238219861,9.874868320287655e-06,0.0002751641238219861,-1,0,0,0,-1,1,0,0,0
900,1855,84.64705425409772,0,0,0,4,15,0,0,0,0,0.0002751641238219861,9.874868320287655e-06,0.0002751641238219861,-1,0,0,0,-1,1,0,0,0
901,410,75.46120574721643,0,0,0,4,14,0,0,0,0,0.0002751641238219861,9.874868320287655e-06,0.0002751641238219861,-1,0,0,0,-1,1,0,0,0
902,1357,95.86835303936594,0,0,0,3,23,0,0,0,0,0.0002751641238219861,9.874868320287655e-06,0.0002751641238219861,-1,0,0,0,-1,1,0,0,0
903,168,70.62354878602484,0,0,0,3,29,0,0,0,0,0.0002751641238219861,9.874868320287655e-06,0.0002751641238219861,-1,0,0,0,-1,1,0,0,0
904,3839,107.3290810870784,0,0,0,5,30,0,0,0,0,0.0002751641238219861,9.874868320287655e-06,0.0002751641238219861,-1,0,0,0,-1,1,0,0,0
905,363,105.1263661871574,0,0,0,3,35,0,0,0,0,0.0002751641238219861,9.874868320287655e-06,0.0002751641238219861,-1,0,0,0,-1,1,0,0,0
906,1,63.72352004368243,0,0,0,3,18,0,0,0,0,0.0002751641238219861,9.874868320287655e-06,0.0002751641238219861,-1,0,0,0,-1,1,0,0,0
907,0,87.74581898820226,0,0,0,2,14,0,0,0,0,0.0002751641238219861,9.874868320287655e-06,0.0002751641238219861,-1,0,0,0,-1,1,0,0,0
908,2467,83.68658734404505,0,0,0,7,21,0,0,0,0,0.0002751641238219861,9.874868320287655e-06,0.0002751641238219861,-1,0,0,0,-1,1,0,0,0
909,1109,67.80710471214972,0,0,0,6,24,0,0,0,0,0.0002751641238219861,9.874868320287655e-06,0.0002751641238219861,-1,0,0,0,-1,1,0,0,0
910,1233,103.8871831258586,0,0,0,4,20,0,0,0,0,0.0002751641238219861,9.874868320287655e-06,0.0002751641238219861,-1,0,0,0,-1,1,0,0,0
911,1381,73.40853321779545,0,0,0,4,15,0,0,0,0,0.0002751641238219861,9.874868320287655e-06,0.0002751641238219861,-1,0,0,0,-1,1,0,0,0
912,0,95.71954264962108,0,0,0,3,20,0,0,0,0,0.0002751641238219861,9.874868320287655e-06,0.0002751641238219861,-1,0,0,0,-1,1,0,0,0
913,220,103.1225411031829,0,0,0,3,22,0,0,0,0,0.0002751641238219861,9.874868320287655e-06,0.0002751641238219861,-1,0,0,0,-1,1,0,0,0
914,755,68.86281189781418,0,0,0,5,23,0,0,0,0,0.0002751641238219861,9.874868320287655e-06,0.0002751641238219861,-1,0,0,0,-1,1,0,0,0
915,2243,90.98037365281102,0,0,0,5,35,0,0,0,0,0.0002751641238219861,9.874868320287655e-06,0.0002751641238219861,-1,0,0,0,-1,1,0,0,0
916,223,80.72668770099459,0,0,0,4,33,0,0,0,0,0.0002751641238219861,9.874868320287655e-06,0.0002751641238219861,-1,0,0,0,-1,1,0,0,0
917,0,85.23612483784386,0,0,0,2,15,0,0,0,0,0.0002751641238219861,9.874868320287655e-06,0.0002751641238219861,-1,0,0,0,-1,1,0,0,0
918,548,107.9939069681142,0,0,0,2,12,0,0,0,0,0.0002751641238219861,9.874868320287655e-06,0.0002751641238219861,-1,0,0,0,-1,1,0,0,0
919,874,69.64412003510434,0,0,0,5,35,0,0,0,0,0.0002751641238219861,9.874868320287655e-06,0.0002751641238219861,-1,0,0,0,-1,1,0,0,0
920,2138,95.79603765480714,0,0,0,4,29,0,0,0,0,0.0002751641238219861,9.874868320287655e-06,0.0002751641238219861,-1,0,0,0,-1,1,0,0,0
921,992,75.93217738901623,0,0,0,4,28,0,0,0,0,0.0002751641238219861,9.874868320287655e-06,0.0002751641238219861,-1,0,0,0,-1,1,0,0,0
922,1192,91.02876838639148,0,0,0,4,29,0,0,0,0,0.0002751641238219861,9.874868320287655e-06,0.0002751641238219861,-1,0,0,0,-1,1,0,0,0
923,1655,81.24703068055086,0,0,0,5,16,0,0,0,0,0.0002751641238219861,9.874868320287655e-06,0.0002751641238219861,-1,0,0,0,-1,1,0,0,0
924,3217,77.06297163853516,0,0,0,7,27,0,0,0,0,0.0002751641238219861,9.874868320287655e-06,0.0002751641238219861,-1,0,0,0,-1,1,0,0,0
925,0,57.69267623302406,0,0,0,3,21,0,0,0,0,0.0002751641238219861,9.874868320287655e-06,0.0002751641238219861,-1,0,0,0,-1,1,0,0,0
926,0,88.60775037865866,0,0,0,4,26,0,0,0,0,0.0002751641238219861,9.874868320287655e-06,0.0002751641238219861,-1,0,0,0,-1,1,0,0,0
927,0,83.68761363271973,0,0,0,2,14,0,0,0,0,0.0002751641238219861,9.874868320287655e-06,0.0002751641238219861,-1,0,0,0,-1,1,0,0,0
928,576,75.89292012841179,0,0,0,4,23,0,0,0,0,0.0002751641238219861,9.874868320287655e-06,0.0002751641238219861,-1,0,0,0,-1,1,0,0,0
929,0,75.95369791253067,0,0,0,3,23,0,0,0,0,0.0002751641238219861,9.874868320287655e-06,0.0002751641238219861,-1,0,0,0,-1,1,0,0,0
930,2910,89.29782746409947,0,0,0,3,20,0,0,0,0,0.0002751641238219861,9.874868320287655e-06,0.0002751641238219861,-1,0,0,0,-1,1,0,0,0
931,1902,82.8252694024756,0,0,0,4,23,0,0,0,0,0.0002751641238219861,9.874868320287655e-06,0.0002751641238219861,-1,0,0,0,-1,1,0,0,0
932,0,91.91247146475118,0,0,0,3,19,0,0,0,0,0.0002751641238219861,9.874868320287655e-06,0.0002751641238219861,-1,0,0,0,-1,1,0,0,0
933,1957,92.2412723595412,0,0,0,4,21,0,0,0,0,0.0002751641238219861,9.874868320287655e-06,0.0002751641238219861,-1,0,0,0,-1,1,0,0,0
934,2403,95.79090286083299,0,0,0,5,19,0,0,0,0,0.0002751641238219861,9.874868320287655e-06,0.0002751641238219861,-1,0,0,0,-1,1,0,0,0
935,3795,83.68763330507761,0,0,0,5,20,0,0,0,0,0.0002751641238219861,9.874868320287655e-06,0.0002751641238219861,-1,0,0,0,-1,1,0,0,0
936,2942,82.20509782916049,0,0,0,6,24,0,0,0,0,0.0002751641238219861,9.874868320287655e-06,0.0002751641238219861,-1,0,0,0,-1,1,0,0,0
937,1383,71.00919540277461,0,0,0,4,19,0,0,0,0,0.0002751641238219861,9.874868320287655e-06,0.0002751641238219861,-1,0,0,0,-1,1,0,0,0
938,0,66.79762264996603,0,0,0,0,1,0,0,0,0,0.0002751641238219861,9.874868320287655e-06,0.0002751641238219861,-1,0,0,0,-1,1,0,0,0
939,318,83.53926731015748,0,0,0,3,8,0,0,0,0,0.0002751641238219861,9.874868320287655e-06,0.0002751641238219861,-1,0,0,0,-1,1,0,0,0
940,139,85.92919035886399,0,0,0,4,31,0,0,0,0,0.0002751641238219861,9.874868320287655e-06,0.0002751641238219861,-1,0,0,0,-1,1,0,0,0
941,0,95.82207845085856,0,0,0,3,19,0,0,0,0,0.0002751641238219861,9.874868320287655e-06,0.0002751641238219861,-1,0,0,0,-1,1,0,0,0
942,3735,70.5404925952281,0,0,0,7,16,0,0,0,0,0.0002751641238219861,9.874868320287655e-06,0.0002751641238219861,-1,0,0,0,-1,1,0,0,0
943,0,103.944526028641,0,0,0,2,25,0,0,0,0,0.0002751641238219861,9.874868320287655e-06,0.0002751641238219861,-1,0,0,0,-1,1,0,0,0
944,953,95.76297725607736,0,0,0,3,13,0,0,0,0,0.0002751641238219861,9.874868320287655e-06,0.0002751641238219861,-1,0,0,0,-1,1,0,0,0
945,2079,98.249979642772,0,0,0,3,15,0,0,0,0,0.0002751641238219861,9.874868320287655e-06,0.0002751641238219861,-1,0,0,0,-1,1,0,0,0
946,0,60.54026264877361,0,0,0,1,14,0,0,0,0,0.0002751641238219861,9.874868320287655e-06,0.0002751641238219861,-1,0,0,0,-1,1,0,0,0
947,1916,116.1433754448026,0,0,0,2,9,0,0,0,0,0.0002751641238219861,9.874868320287655e-06,0.0002751641238219861,-1,0,0,0,-1,1,0,0,0
948,1286,95.80197724755064,0,0,0,4,27,0,0,0,0,0.0002751641238219861,9.874868320287655e-06,0.0002751641238219861,-1,0,0,0,-1,1,0,0,0
949,1436,69.65658971528156,0,0,0,6,29,0,0,0,0,0.0002751641238219861,9.874868320287655e-06,0.0002751641238219861,-1,0,0,0,-1,1,0,0,0
950,721,100.8705210362858,0,0,0,3,15,0,0,0,0,0.0002751641238219861,9.874868320287655e-06,0.0002751641238219861,-1,0,0,0,-1,1,0,0,0
951,709,87.10339057480738,0,0,0,4,19,0,0,0,0,0.0002751641238219861,9.874868320287655e-06,0.0002751641238219861,-1,0,0,0,-1,1,0,0,0
952,1194,78.07590292421774,0,0,0,3,20,0,0,0,0,0.0002751641238219861,9.874868320287655e-06,0.0002751641238219861,-1,0,0,0,-1,1,0,0,0
953,988,70.70222573163225,0,0,0,6,22,0,0,0,0,0.0002751641238219861,9.874868320287655e-06,0.0002751641238219861,-1,0,0,0,-1,1,0,0,0
954,0,104.1720559470515,0,0,0,1,15,0,0,0,0,0.0002751641238219861,9.874868320287655e-06,0.0002751641238219861,-1,0,0,0,-1,1,0,0,0
955,0,54.3398407237971,0,0,0,2,20,0,0,0,0,0.0002751641238219861,9.874868320287655e-06,0.0002751641238219861,-1,0,0,0,-1,1,0,0,0
956,1735,76.68075292633081,0,0,0,5,24,0,0,0,0,0.0002751641238219861,9.874868320287655e-06,0.0002751641238219861,-1,0,0,0,-1,1,0,0,0
957,0,95.7195426492743,0,0,0,3,26,0,0,0,0,0.0002751641238219861,9.874868320287655e-06,0.0002751641238219861,-1,0,0,0,-1,1,0,0,0
958,0,95.74633050094143,0,0,0,3,37,0,0,0,0,0.0002751641238219861,9.874868320287655e-06,0.0002751641238219861,-1,0,0,0,-1,1,0,0,0
959,974,95.75311775602088,0,0,0,3,17,0,0,0,0,0.0002751641238219861,9.874868320287655e-06,0.0002751641238219861,-1,0,0,0,-1,1,0,0,0
960,0,78.1299026499446,0,0,0,2,20,0,0,0,0,0.0002751641238219861,9.874868320287655e-06,0.0002751641238219861,-1,0,0,0,-1,1,0,0,0
961,126,98.9192947915415,0,0,0,1,5,0,0,0,0,0.0002751641238219861,9.874868320287655e-06,0.0002751641238219861,-1,0,0,0,-1,1,0,0,0
962,0,99.58339608523049,0,0,0,2,17,0,0,0,0,0.0002751641238219861,9.874868320287655e-06,0.0002751641238219861,-1,0,0,0,-1,1,0,0,0
963,4702,82.29556978502046,0,0,0,8,12,0,0,0,0,0.0002751641238219861,9.874868320287655e-06,0.0002751641238219861,-1,0,0,0,-1,1,0,0,0
964,3257,65.89295658569151,0,0,0,5,20,0,0,0,0,0.0002751641238219861,9.874868320287655e-06,0.0002751641238219861,-1,0,0,0,-1,1,0,0,0
965,1674,93.56555355604181,0,0,0,5,15,0,0,0,0,0.0002751641238219861,9.874868320287655e-06,0.0002751641238219861,-1,0,0,0,-1,1,0,0,0
966,468,78.20122403062877,0,0,0,3,17,0,0,0,0,0.0002751641238219861,9.874868320287655e-06,0.0002751641238219861,-1,0,0,0,-1,1,0,0,0
967,130,80.13949860874668,0,0,0,5,30,0,0,0,0,0.0002751641238219861,9.874868320287655e-06,0.0002751641238219861,-1,0,0,0,-1,1,0,0,0
968,266,67.43664685908841,0,0,0,4,22,0,0,0,0,0.0002751641238219861,9.874868320287655e-06,0.0002751641238219861,-1,0,0,0,-1,1,0,0,0
969,342,73.50035618914291,0,0,0,4,17,0,0,0,0,0.0002751641238219861,9.874868320287655e-06,0.0002751641238219861,-1,0,0,0,-1,1,0,0,0
970,903,86.39236446432155,0,0,0,5,16,0,0,0,0,0.0002751641238219861,9.874868320287655e-06,0.0002751641238219861,-1,0,0,0,-1,1,0,0,0
971,2265,83.57771143261616,0,0,0,6,23,0,0,0,0,0.0002751641238219861,9.874868320287655e-06,0.0002751641238219861,-1,0,0,0,-1,1,0,0,0
972,534,57.96295579526133,0,0,0,6,30,0,0,0,0,0.0002751641238219861,9.874868320287655e-06,0.0002751641238219861,-1,0,0,0,-1,1,0,0,0
973,0,95.82952110565259,0,0,0,3,27,0,0,0,0,0.0002751641238219861,9.874868320287655e-06,0.0002751641238219861,-1,0,0,0,-1,1,0,0,0
974,888,78.0850965280402,0,0,0,3,22,0,0,0,0,0.0002751641238219861,9.874868320287655e-06,0.0002751641238219861,-1,0,0,0,-1,1,0,0,0
975,1906,78.75502947500627,0,0,0,7,29,0,0,0,0,0.0002751641238219861,9.874868320287655e-06,0.0002751641238219861,-1,0,0,0,-1,1,0,0,0
976,1804,95.74365134992304,0,0,0,3,16,0,0,0,0,0.0002751641238219861,9.874868320287655e-06,0.0002751641238219861,-1,0,0,0,-1,1,0,0,0
977,1168,93.58658969796628,0,0,0,4,9,0,0,0,0,0.0002751641238219861,9.874868320287655e-06,0.0002751641238219861,-1,0,0,0,-1,1,0,0,0
978,0,95.78990660168539,0,0,0,3,24,0,0,0,0,0.0002751641238219861,9.874868320287655e-06,0.0002751641238219861,-1,0,0,0,-1,1,0,0,0
979,2197,66.68277821053424,0,0,0,5,22,0,0,0,0,0.0002751641238219861,9.874868320287655e-06,0.0002751641238219861,-1,0,0,0,-1,1,0,0,0
980,169,72.80656752770874,0,0,0,6,29,0,0,0,0,0.0002751641238219861,9.874868320287655e-06,0.0002751641238219861,-1,0,0,0,-1,1,0,0,0
981,95,86.01887674985718,0,0,0,5,41,0,0,0,0,0.0002751641238219861,9.874868320287655e-06,0.0002751641238219861,-1,0,0,0,-1,1,0,0,0
982,333,72.93691715625047,0,0,0,5,38,0,0,0,0,0.0002751641238219861,9.874868320287655e-06,0.0002751641238219861,-1,0,0,0,-1,1,0,0,0
983,0,78.16144301588687,0,0,0,2,23,0,0,0,0,0.0002751641238219861,9.874868320287655e-06,0.0002751641238219861,-1,0,0,0,-1,1,0,0,0
984,0,85.78886200203637,0,0,0,3,12,0,0,0,0,0.0002751641238219861,9.874868320287655e-06,0.0002751641238219861,-1,0,0,0,-1,1,0,0,0
985,1858,88.52390553768279,0,0,0,4,25,0,0,0,0,0.0002751641238219861,9.874868320287655e-06,0.0002751641238219861,-1,0,0,0,-1,1,0,0,0
986,2146,49.83228138985997,0,0,0,4,18,0,0,0,0,0.0002751641238219861,9.874868320287655e-06,0.0002751641238219861,-1,0,0,0,-1,1,0,0,0
987,0,97.29179661356972,0,0,0,2,14,0,0,0,0,0.0002751641238219861,9.874868320287655e-06,0.0002751641238219861,-1,0,0,0,-1,1,0,0,0
988,642,89.26558351175797,0,0,0,2,24,0,0,0,0,0.0002751641238219861,9.874868320287655e-06,0.0002751641238219861,-1,0,0,0,-1,1,0,0,0
989,1757,92.37274687908723,0,0,0,4,15,0,0,0,0,0.0002751641238219861,9.874868320287655e-06,0.0002751641238219861,-1,0,0,0,-1,1,0,0,0
990,693,76.05081909514193,0,0,0,4,33,0,0,0,0,0.0002751641238219861,9.874868320287655e-06,0.0002751641238219861,-1,0,0,0,-1,1,0,0,0
991,1155,56.52393699873697,0,0,0,3,16,0,0,0,0,0.0002751641238219861,9.874868320287655e-06,0.0002751641238219861,-1,0,0,0,-1,1,0,0,0
992,2799,83.65498090528142,0,0,0,5,16,0,0,0,0,0.0002751641238219861,9.874868320287655e-06,0.0002751641238219861,-1,0,0,0,-1,1,0,0,0
993,1519,82.24597393419235,0,0,0,6,27,0,0,0,0,0.0002751641238219861,9.874868320287655e-06,0.0002751641238219861,-1,0,0,0,-1,1,0,0,0
994,1677,68.66262851771977,0,0,0,5,29,0,0,0,0,0.0002751641238219861,9.874868320287655e-06,0.0002751641238219861,-1,0,0,0,-1,1,0,0,0
995,2417,77.81418859908615,0,0,0,8,27,0,0,0,0,0.0002751641238219861,9.874868320287655e-06,0.0002751641238219861,-1,0,0,0,-1,1,0,0,0
996,1215,76.26731072667758,0,0,0,5,14,0,0,0,0,0.0002751641238219861,9.874868320287655e-06,0.0002751641238219861,-1,0,0,0,-1,1,0,0,0
997,945,72.81383910912973,0,0,0,4,13,0,0,0,0,0.0002751641238219861,9.874868320287655e-06,0.0002751641238219861,-1,0,0,0,-1,1,0,0,0
998,330,78.03272061360389,0,0,0,2,13,0,0,0,0,0.0002751641238219861,9.874868320287655e-06,0.0002751641238219861,-1,0,0,0,-1,1,0,0,0
999,533,107.9394779155619,0,0,0,2,16,0,0,0,0,0.0002751641238219861,9.874868320287655e-06,0.0002751641238219861,-1,0,0,0,-1,1,0,0,0
1000,1148,72.61415766363548,0,0,0,5,13,0,0,0,0,0.0002751641238219861,9.874868320287655e-06,0.0002751641238219861,-1,0,0,0,-1,1,0,0,0
1001,1210,105.2911169695241,0,0,0,3,15,0,0,0,0,0.0002751641238219861,9.874868320287655e-06,0.0002751641238219861,-1,0,0,0,-1,1,0,0,0
1002,733,90.6929367723087,0,0,0,4,24,0,0,0,0,0.0002751641238219861,9.874868320287655e-06,0.0002751641238219861,-1,0,0,0,-1,1,0,0,0
1003,215,99.39067101898594,0,0,0,3,25,0,0,0,0,0.0002751641238219861,9.874868320287655e-06,0.0002751641238219861,-1,0,0,0,-1,1,0,0,0
1004,1166,108.1166925373609,0,0,0,3,23,0,0,0,0,0.0002751641238219861,9.874868320287655e-06,0.0002751641238219861,-1,0,0,0,-1,1,0,0,0
1005,0,108.0016858580968,0,0,0,2,19,0,0,0,0,0.0002751641238219861,9.874868320287655e-06,0.0002751641238219861,-1,0,0,0,-1,1,0,0,0
1006,0,75.90552964813304,0,0,0,3,29,0,0,0,0,0.0002751641238219861,9.874868320287655e-06,0.0002751641238219861,-1,0,0,0,-1,1,0,0,0
1007,0,78.15913395377895,0,0,0,2,19,0,0,0,0,0.0002751641238219861,9.874868320287655e-06,0.0002751641238219861,-1,0,0,0,-1,1,0,0,0
1008,2516,90.73735611479677,0,0,0,5,20,0,0,0,0,0.0002751641238219861,9.874868320287655e-06,0.0002751641238219861,-1,0,0,0,-1,1,0,0,0
1009,0,95.71954264523011,0,0,0,3,32,0,0,0,0,0.0002751641238219861,9.874868320287655e-06,0.0002751641238219861,-1,0,0,0,-1,1,0,0,0
1010,0,97.9439156499502,0,0,0,2,28,0,0,0,0,0.0002751641238219861,9.874868320287655e-06,0.0002751641238219861,-1,0,0,0,-1,1,0,0,0
1011,1442,72.93972340835799,0,0,0,6,34,0,0,0,0,0.0002751641238219861,9.874868320287655e-06,0.0002751641238219861,-1,0,0,0,-1,1,0,0,0
1012,1954,68.15302828590389,0,0,0,4,17,0,0,0,0,0.0002751641238219861,9.874868320287655e-06,0.0002751641238219861,-1,0,0,0,-1,1,0,0,0
1013,392,78.08730591184857,0,0,0,3,15,0,0,0,0,0.0002751641238219861,9.874868320287655e-06,0.0002751641238219861,-1,0,0,0,-1,1,0,0,0
1014,1537,107.854633255004,0,0,0,4,27,0,0,0,0,0.0002751641238219861,9.874868320287655e-06,0.0002751641238219861,-1,0,0,0,-1,1,0,0,0
1015,69,76.39295480154071,0,0,0,5,20,0,0,0,0,0.0002751641238219861,9.874868320287655e-06,0.0002751641238219861,-1,0,0,0,-1,1,0,0,0
1016,1571,76.55917008296682,0,0,0,5,24,0,0,0,0,0.0002751641238219861,9.874868320287655e-06,0.0002751641238219861,-1,0,0,0,-1,1,0,0,0
1017,3041,81.3074242176893,0,0,0,6,21,0,0,0,0,0.0002751641238219861,9.874868320287655e-06,0.0002751641238219861,-1,0,0,0,-1,1,0,0,0
1018,860,82.30685801719076,0,0,0,4,30,0,0,0,0,0.0002751641238219861,9.874868320287655e-06,0.0002751641238219861,-1,0,0,0,-1,1,0,0,0
1019,129,86.54681689399857,0,0,0,4,42,0,0,0,0,0.0002751641238219861,9.874868320287655e-06,0.0002751641238219861,-1,0,0,0,-1,1,0,0,0
1020,0,100.8076271380446,0,0,0,3,17,0,0,0,0,0.0002751641238219861,9.874868320287655e-06,0.0002751641238219861,-1,0,0,0,-1,1,0,0,0
1021,1210,72.04955651501591,0,0,0,5,22,0,0,0,0,0.0002751641238219861,9.874868320287655e-06,0.0002751641238219861,-1,0,0,0,-1,1,0,0,0
1022,0,80.4076201492891,0,0,0,1,6,0,0,0,0,0.0002751641238219861,9.874868320287655e-06,0.0002751641238219861,-1,0,0,0,-1,1,0,0,0
1023,559,88.53000795669965,0,0,0,4,21,0,0,0,0,0.0002751641238219861,9.874868320287655e-06,0.0002751641238219861,-1,0,0,0,-1,1,0,0,0
1024,1458,104.1682150430825,0,0,0,2,10,0,0,0,0,0.0002751641238219861,9.874868320287655e-06,0.0002751641238219861,-1,0,0,0,-1,1,0,0,0
1025,2041,99.43750341732763,0,0,0,3,23,0,0,0,0,0.0002751641238219861,9.874868320287655e-06,0.0002751641238219861,-1,0,0,0,-1,1,0,0,0
1026,329,97.06911220074002,0,0,0,2,12,0,0,0,0,0.0002751641238219861,9.874868320287655e-06,0.0002751641238219861,-1,0,0,0,-1,1,0,0,0
1027,1475,100.7286466818014,0,0,0,3,21,0,0,0,0,0.0002751641238219861,9.874868320287655e-06,0.0002751641238219861,-1,0,0,0,-1,1,0,0,0
1028,3145,79.99212609202294,0,0,0,7,32,0,0,0,0,0.0002751641238219861,9.874868320287655e-06,0.0002751641238219861,-1,0,0,0,-1,1,0,0,0
1029,3134,84.66318839218182,0,0,0,5,17,0,0,0,0,0.0002751641238219861,9.874868320287655e-06,0.0002751641238219861,-1,0,0,0,-1,1,0,0,0
1030,1414,72.44971234190088,0,0,0,6,32,0,0,0,0,0.0002751641238219861,9.874868320287655e-06,0.0002751641238219861,-1,0,0,0,-1,1,0,0,0
1031,322,65.47988241890138,0,0,0,5,19,0,0,0,0,0.0002751641238219861,9.874868320287655e-06,0.0002751641238219861,-1,0,0,0,-1,1,0,0,0
1032,2888,66.60253128937084,0,0,0,5,15,0,0,0,0,0.0002751641238219861,9.874868320287655e-06,0.0002751641238219861,-1,0,0,0,-1,1,0,0,0
1033,162,95.60744504149704,0,0,0,1,7,0,0,0,0,0.0002751641238219861,9.874868320287655e-06,0.0002751641238219861,-1,0,0,0,-1,1,0,0,0
1034,0,78.12990264745106,0,0,0,2,20,0,0,0,0,0.0002751641238219861,9.874868320287655e-06,0.0002751641238219861,-1,0,0,0,-1,1,0,0,0
1035,787,107.860375597976,0,0,0,3,22,0,0,0,0,0.0002751641238219861,9.874868320287655e-06,0.0002751641238219861,-1,0,0,0,-1,1,0,0,0
1036,0,79.60365299838351,0,0,0,2,19,0,0,0,0,0.0002751641238219861,9.874868320287655e-06,0.0002751641238219861,-1,0,0,0,-1,1,0,0,0
1037,0,98.08672714487963,0,0,0,2,22,0,0,0,0,0.0002751641238219861,9.874868320287655e-06,0.0002751641238219861,-1,0,0,0,-1,1,0,0,0
1038,1759,91.95468253571981,0,0,0,3,11,0,0,0,0,0.0002751641238219861,9.874868320287655e-06,0.0002751641238219861,-1,0,0,0,-1,1,0,0,0
1039,3023,61.37196280166455,0,0,0,5,12,0,0,0,0,0.0002751641238219861,9.874868320287655e-06,0.0002751641238219861,-1,0,0,0,-1,1,0,0,0
1040,124,73.24416867074412,0,0,0,2,4,0,0,0,0,0.0002751641238219861,9.874868320287655e-06,0.0002751641238219861,-1,0,0,0,-1,1,0,0,0
1041,0,78.22378826746647,0,0,0,2,17,0,0,0,0,0.0002751641238219861,9.874868320287655e-06,0.0002751641238219861,-1,0,0,0,-1,1,0,0,0
1042,1671,97.38650876425494,0,0,0,3,16,0,0,0,0,0.0002751641238219861,9.874868320287655e-06,0.0002751641238219861,-1,0,0,0,-1,1,0,0,0
1043,0,95.87267084269078,0,0,0,3,29,0,0,0,0,0.0002751641238219861,9.874868320287655e-06,0.0002751641238219861,-1,0,0,0,-1,1,0,0,0
1044,0,86.86054416952004,0,0,0,1,5,0,0,0,0,0.0002751641238219861,9.874868320287655e-06,0.0002751641238219861,-1,0,0,0,-1,1,0,0,0
1045,2494,68.0175658018748,0,0,0,8,28,0,0,0,0,0.0002751641238219861,9.874868320287655e-06,0.0002751641238219861,-1,0,0,0,-1,1,0,0,0
1046,0,72.15112370960497,0,0,0,2,26,0,0,0,0,0.0002751641238219861,9.874868320287655e-06,0.0002751641238219861,-1,0,0,0,-1,1,0,0,0
1047,738,85.04176981222321,0,0,0,4,19,0,0,0,0,0.0002751641238219861,9.874868320287655e-06,0.0002751641238219861,-1,0,0,0,-1,1,0,0,0
1048,2258,92.40313497785482,0,0,0,5,21,0,0,0,0,0.0002751641238219861,9.874868320287655e-06,0.0002751641238219861,-1,0,0,0,-1,1,0,0,0
1049,617,79.66443863012306,0,0,0,3,23,0,0,0,0,0.0002751641238219861,9.874868320287655e-06,0.0002751641238219861,-1,0,0,0,-1,1,0,0,0
1050,1476,78.58770269002152,0,0,0,4,19,0,0,0,0,0.0002751641238219861,9.874868320287655e-06,0.0002751641238219861,-1,0,0,0,-1,1,0,0,0
1051,187,75.9681282389387,0,0,0,4,22,0,0,0,0,0.0002751641238219861,9.874868320287655e-06,0.0002751641238219861,-1,0,0,0,-1,1,0,0,0
1052,0,97.94391564983358,0,0,0,2,17,0,0,0,0,0.0002751641238219861,9.874868320287655e-06,0.0002751641238219861,-1,0,0,0,-1,1,0,0,0
1053,2898,100.777079736269,0,0,0,4,16,0,0,0,0,0.0002751641238219861,9.874868320287655e-06,0.0002751641238219861,-1,0,0,0,-1,1,0,0,0
1054,1194,67.2847704103221,0,0,0,3,21,0,0,0,0,0.0002751641238219861,9.874868320287655e-06,0.0002751641238219861,-1,0,0,0,-1,1,0,0,0
1055,0,83.85013418974758,0,0,0,2,21,0,0,0,0,0.0002751641238219861,9.874868320287655e-06,0.0002751641238219861,-1,0,0,0,-1,1,0,0,0
1056,419,105.369775498549,0,0,0,2,19,0,0,0,0,0.0002751641238219861,9.874868320287655e-06,0.0002751641238219861,-1,0,0,0,-1,1,0,0,0
1057,0,84.40585625665767,0,0,0,1,20,0,0,0,0,0.0002751641238219861,9.874868320287655e-06,0.0002751641238219861,-1,0,0,0,-1,1,0,0,0
1058,0,95.71954262590457,0,0,0,3,19,0,0,0,0,0.0002751641238219861,9.874868320287655e-06,0.0002751641238219861,-1,0,0,0,-1,1,0,0,0
1059,0,66.03427564996279,0,0,0,1,12,0,0,0,0,0.0002751641238219861,9.874868320287655e-06,0.0002751641238219861,-1,0,0,0,-1,1,0,0,0
1060,0,84.38726264849025,0,0,0,1,9,0,0,0,0,0.0002751641238219861,9.874868320287655e-06,0.0002751641238219861,-1,0,0,0,-1,1,0,0,0
1061,277,83.74097706323411,0,0,0,5,25,0,0,0,0,0.0002751641238219861,9.874868320287655e-06,0.0002751641238219861,-1,0,0,0,-1,1,0,0,0
1062,2085,95.79147202807086,0,0,0,3,22,0,0,0,0,0.0002751641238219861,9.874868320287655e-06,0.0002751641238219861,-1,0,0,0,-1,1,0,0,0
1063,0,60.54026264994979,0,0,0,1,12,0,0,0,0,0.0002751641238219861,9.874868320287655e-06,0.0002751641238219861,-1,0,0,0,-1,1,0,0,0
1064,139,75.54050514196109,0,0,0,3,14,0,0,0,0,0.0002751641238219861,9.874868320287655e-06,0.0002751641238219861,-1,0,0,0,-1,1,0,0,0
1065,1131,62.38131653551194,0,0,0,5,25,0,0,0,0,0.0002751641238219861,9.874868320287655e-06,0.0002751641238219861,-1,0,0,0,-1,1,0,0,0
1066,0,88.55520640886029,0,0,0,4,28,0,0,0,0,0.0002751641238219861,9.874868320287655e-06,0.0002751641238219861,-1,0,0,0,-1,1,0,0,0
1067,1740,88.72654336807815,0,0,0,4,25,0,0,0,0,0.0002751641238219861,9.874868320287655e-06,0.0002751641238219861,-1,0,0,0,-1,1,0,0,0
1068,1646,66.27670493610646,0,0,0,5,29,0,0,0,0,0.0002751641238219861,9.874868320287655e-06,0.0002751641238219861,-1,0,0,0,-1,1,0,0,0
1069,2793,102.9491954566522,0,0,0,4,18,0,0,0,0,0.0002751641238219861,9.874868320287655e-06,0.0002751641238219861,-1,0,0,0,-1,1,0,0,0
1070,1390,68.103944431023,0,0,0,6,25,0,0,0,0,0.0002751641238219861,9.874868320287655e-06,0.0002751641238219861,-1,0,0,0,-1,1,0,0,0
1071,150,84.85550035453346,0,0,0,1,7,0,0,0,0,0.0002751641238219861,9.874868320287655e-06,0.0002751641238219861,-1,0,0,0,-1,1,0,0,0
1072,0,95.82608081306125,0,0,0,3,20,0,0,0,0,0.0002751641238219861,9.874868320287655e-06,0.0002751641238219861,-1,0,0,0,-1,1,0,0,0
1073,1852,81.45873193595791,0,0,0,5,27,0,0,0,0,0.0002751641238219861,9.874868320287655e-06,0.0002751641238219861,-1,0,0,0,-1,1,0,0,0
1074,3353,73.71488172920724,0,0,0,6,16,0,0,0,0,0.0002751641238219861,9.874868320287655e-06,0.0002751641238219861,-1,0,0,0,-1,1,0,0,0
1075,0,81.92638498701022,0,0,0,1,12,0,0,0,0,0.0002751641238219861,9.874868320287655e-06,0.0002751641238219861,-1,0,0,0,-1,1,0,0,0
1076,64,87.13989641771771,0,0,0,3,29,0,0,0,0,0.0002751641238219861,9.874868320287655e-06,0.0002751641238219861,-1,0,0,0,-1,1,0,0,0
1077,1538,84.96215998511933,0,0,0,5,29,0,0,0,0,0.0002751641238219861,9.874868320287655e-06,0.0002751641238219861,-1,0,0,0,-1,1,0,0,0
1078,0,63.00775873133487,0,0,0,1,9,0,0,0,0,0.0002751641238219861,9.874868320287655e-06,0.0002751641238219861,-1,0,0,0,-1,1,0,0,0
1079,0,95.71954264911633,0,0,0,3,23,0,0,0,0,0.0002751641238219861,9.874868320287655e-06,0.0002751641238219861,-1,0,0,0,-1,1,0,0,0
1080,927,80.4258131669566,0,0,0,2,11,0,0,0,0,0.0002751641238219861,9.874868320287655e-06,0.0002751641238219861,-1,0,0,0,-1,1,0,0,0
1081,1169,103.1067452445898,0,0,0,4,29,0,0,0,0,0.0002751641238219861,9.874868320287655e-06,0.0002751641238219861,-1,0,0,0,-1,1,0,0,0
1082,1088,67.57618215331146,0,0,0,4,16,0,0,0,0,0.0002751641238219861,9.874868320287655e-06,0.0002751641238219861,-1,0,0,0,-1,1,0,0,0
1083,1997,100.7968472330729,0,0,0,4,15,0,0,0,0,0.0002751641238219861,9.874868320287655e-06,0.0002751641238219861,-1,0,0,0,-1,1,0,0,0
1084,534,95.73828235204397,0,0,0,4,21,0,0,0,0,0.0002751641238219861,9.874868320287655e-06,0.0002751641238219861,-1,0,0,0,-1,1,0,0,0
1085,1444,78.72161004861458,0,0,0,4,19,0,0,0,0,0.0002751641238219861,9.874868320287655e-06,0.0002751641238219861,-1,0,0,0,-1,1,0,0,0
1086,189,62.42550124695668,0,0,0,5,39,0,0,0,0,0.0002751641238219861,9.874868320287655e-06,0.0002751641238219861,-1,0,0,0,-1,1,0,0,0
1087,176,80.35427564989018,0,0,0,2,26,0,0,0,0,0.0002751641238219861,9.874868320287655e-06,0.0002751641238219861,-1,0,0,0,-1,1,0,0,0
1088,0,73.23290743514636,0,0,0,2,9,0,0,0,0,0.0002751641238219861,9.874868320287655e-06,0.0002751641238219861,-1,0,0,0,-1,1,0,0,0
1089,1421,73.97809359468849,0,0,0,3,12,0,0,0,0,0.0002751641238219861,9.874868320287655e-06,0.0002751641238219861,-1,0,0,0,-1,1,0,0,0
1090,116,69.67043562405081,0,0,0,5,26,0,0,0,0,0.0002751641238219861,9.874868320287655e-06,0.0002751641238219861,-1,0,0,0,-1,1,0,0,0
1091,0,79.48074061356134,0,0,0,1,11,0,0,0,0,0.0002751641238219861,9.874868320287655e-06,0.0002751641238219861,-1,0,0,0,-1,1,0,0,0
1092,292,91.51484888619322,0,0,0,2,20,0,0,0,0,0.0002751641238219861,9.874868320287655e-06,0.0002751641238219861,-1,0,0,0,-1,1,0,0,0
1093,178,76.32128864578161,0,0,0,2,17,0,0,0,0,0.0002751641238219861,9.874868320287655e-06,0.0002751641238219861,-1,0,0,0,-1,1,0,0,0
1094,279,88.6272937387364,0,0,0,3,20,0,0,0,0,0.0002751641238219861,9.874868320287655e-06,0.0002751641238219861,-1,0,0,0,-1,1,0,0,0
1095,615,98.09995183953818,0,0,0,3,16,0,0,0,0,0.0002751641238219861,9.874868320287655e-06,0.0002751641238219861,-1,0,0,0,-1,1,0,0,0
1096,1533,81.37977483061981,0,0,0,4,17,0,0,0,0,0.0002751641238219861,9.874868320287655e-06,0.0002751641238219861,-1,0,0,0,-1,1,0,0,0
1097,178,88.51402328436308,0,0,0,4,21,0,0,0,0,0.0002751641238219861,9.874868320287655e-06,0.0002751641238219861,-1,0,0,0,-1,1,0,0,0
1098,1620,105.3988882148662,0,0,0,3,19,0,0,0,0,0.0002751641238219861,9.874868320287655e-06,0.0002751641238219861,-1,0,0,0,-1,1,0,0,0
1099,0,97.30224297909918,0,0,0,2,15,0,0,0,0,0.0002751641238219861,9.874868320287655e-06,0.0002751641238219861,-1,0,0,0,-1,1,0,0,0
1100,1184,76.45660667334397,0,0,0,4,12,0,0,0,0,0.0002751641238219861,9.874868320287655e-06,0.0002751641238219861,-1,0,0,0,-1,1,0,0,0
1101,0,59.77691564993459,0,0,0,2,25,0,0,0,0,0.0002751641238219861,9.874868320287655e-06,0.0002751641238219861,-1,0,0,0,-1,1,0,0,0
1102,426,107.9840216310314,0,0,0,2,23,0,0,0,0,0.0002751641238219861,9.874868320287655e-06,0.0002751641238219861,-1,0,0,0,-1,1,0,0,0
1103,2097,95.85528477548647,0,0,0,4,15,0,0,0,0,0.0002751641238219861,9.874868320287655e-06,0.0002751641238219861,-1,0,0,0,-1,1,0,0,0
1104,401,60.48986088352963,0,0,0,3,13,0,0,0,0,0.0002751641238219861,9.874868320287655e-06,0.0002751641238219861,-1,0,0,0,-1,1,0,0,0
1105,686,67.33114247283673,0,0,0,5,26,0,0,0,0,0.0002751641238219861,9.874868320287655e-06,0.0002751641238219861,-1,0,0,0,-1,1,0,0,0
1106,109,62.32856358390771,0,0,0,3,18,0,0,0,0,0.0002751641238219861,9.874868320287655e-06,0.0002751641238219861,-1,0,0,0,-1,1,0,0,0
1107,1974,93.15008144259413,0,0,0,4,30,0,0,0,0,0.0002751641238219861,9.874868320287655e-06,0.0002751641238219861,-1,0,0,0,-1,1,0,0,0
1108,2037,108.1487322793269,0,0,0,3,19,0,0,0,0,0.0002751641238219861,9.874868320287655e-06,0.0002751641238219861,-1,0,0,0,-1,1,0,0,0
1109,470,67.50943039648608,0,0,0,4,22,0,0,0,0,0.0002751641238219861,9.874868320287655e-06,0.0002751641238219861,-1,0,0,0,-1,1,0,0,0
1110,77,59.85314419231349,0,0,0,4,28,0,0,0,0,0.0002751641238219861,9.874868320287655e-06,0.0002751641238219861,-1,0,0,0,-1,1,0,0,0
1111,512,61.51713880653234,0,0,0,3,17,0,0,0,0,0.0002751641238219861,9.874868320287655e-06,0.0002751641238219861,-1,0,0,0,-1,1,0,0,0
1112,235,85.91290403310586,0,0,0,3,14,0,0,0,0,0.0002751641238219861,9.874868320287655e-06,0.0002751641238219861,-1,0,0,0,-1,1,0,0,0
1113,187,64.71106049159252,0,0,0,4,24,0,0,0,0,0.0002751641238219861,9.874868320287655e-06,0.0002751641238219861,-1,0,0,0,-1,1,0,0,0
1114,1341,98.10144873798588,0,0,0,4,16,0,0,0,0,0.0002751641238219861,9.874868320287655e-06,0.0002751641238219861,-1,0,0,0,-1,1,0,0,0
1115,0,79.34840487208695,0,0,0,1,11,0,0,0,0,0.0002751641238219861,9.874868320287655e-06,0.0002751641238219861,-1,0,0,0,-1,1,0,0,0
1116,0,54.28290264917142,0,0,0,2,17,0,0,0,0,0.0002751641238219861,9.874868320287655e-06,0.0002751641238219861,-1,0,0,0,-1,1,0,0,0
1117,1376,71.94184458908626,0,0,0,8,38,0,0,0,0,0.0002751641238219861,9.874868320287655e-06,0.0002751641238219861,-1,0,0,0,-1,1,0,0,0
1118,522,116.1159258855641,0,0,0,1,9,0,0,0,0,0.0002751641238219861,9.874868320287655e-06,0.0002751641238219861,-1,0,0,0,-1,1,0,0,0
1119,337,74.2370995338846,0,0,0,2,9,0,0,0,0,0.0002751641238219861,9.874868320287655e-06,0.0002751641238219861,-1,0,0,0,-1,1,0,0,0
1120,1079,95.70208482760469,0,0,0,4,30,0,0,0,0,0.0002751641238219861,9.874868320287655e-06,0.0002751641238219861,-1,0,0,0,-1,1,0,0,0
1121,2007,95.83288921546396,0,0,0,3,15,0,0,0,0,0.0002751641238219861,9.874868320287655e-06,0.0002751641238219861,-1,0,0,0,-1,1,0,0,0
1122,1086,85.6279349345064,0,0,0,5,34,0,0,0,0,0.0002751641238219861,9.874868320287655e-06,0.0002751641238219861,-1,0,0,0,-1,1,0,0,0
1123,194,74.2768558428881,0,0,0,3,21,0,0,0,0,0.0002751641238219861,9.874868320287655e-06,0.0002751641238219861,-1,0,0,0,-1,1,0,0,0
1124,700,78.18254922585558,0,0,0,3,15,0,0,0,0,0.0002751641238219861,9.874868320287655e-06,0.0002751641238219861,-1,0,0,0,-1,1,0,0,0
1125,854,67.9232882548377,0,0,0,6,25,0,0,0,0,0.0002751641238219861,9.874868320287655e-06,0.0002751641238219861,-1,0,0,0,-1,1,0,0,0
1126,437,54.92684462627137,0,0,0,7,28,0,0,0,0,0.0002751641238219861,9.874868320287655e-06,0.0002751641238219861,-1,0,0,0,-1,1,0,0,0
1127,0,58.35040752104329,0,0,0,2,25,0,0,0,0,0.0002751641238219861,9.874868320287655e-06,0.0002751641238219861,-1,0,0,0,-1,1,0,0,0
1128,0,78.24240710819554,0,0,0,2,20,0,0,0,0,0.0002751641238219861,9.874868320287655e-06,0.0002751641238219861,-1,0,0,0,-1,1,0,0,0
1129,897,77.73309765013403,0,0,0,5,26,0,0,0,0,0.0002751641238219861,9.874868320287655e-06,0.0002751641238219861,-1,0,0,0,-1,1,0,0,0
1130,0,80.35427564992325,0,0,0,1,7,0,0,0,0,0.0002751641238219861,9.874868320287655e-06,0.0002751641238219861,-1,0,0,0,-1,1,0,0,0
1131,708,84.36614512429303,0,0,0,1,9,0,0,0,0,0.0002751641238219861,9.874868320287655e-06,0.0002751641238219861,-1,0,0,0,-1,1,0,0,0
1132,0,71.36517738578726,0,0,0,3,24,0,0,0,0,0.0002751641238219861,9.874868320287655e-06,0.0002751641238219861,-1,0,0,0,-1,1,0,0,0
1133,0,108.0136782060216,0,0,0,2,10,0,0,0,0,0.0002751641238219861,9.874868320287655e-06,0.0002751641238219861,-1,0,0,0,-1,1,0,0,0
1134,2336,88.52841651560784,0,0,0,5,30,0,0,0,0,0.0002751641238219861,9.874868320287655e-06,0.0002751641238219861,-1,0,0,0,-1,1,0,0,0
1135,971,95.69142399091767,0,0,0,4,14,0,0,0,0,0.0002751641238219861,9.874868320287655e-06,0.0002751641238219861,-1,0,0,0,-1,1,0,0,0
1136,150,69.7438761531028,0,0,0,5,34,0,0,0,0,0.0002751641238219861,9.874868320287655e-06,0.0002751641238219861,-1,0,0,0,-1,1,0,0,0
1137,0,79.34840487091134,0,0,0,1,8,0,0,0,0,0.0002751641238219861,9.874868320287655e-06,0.0002751641238219861,-1,0,0,0,-1,1,0,0,0
1138,956,88.67678652696118,0,0,0,4,22,0,0,0,0,0.0002751641238219861,9.874868320287655e-06,0.0002751641238219861,-1,0,0,0,-1,1,0,0,0
1139,3327,83.72347676260679,0,0,0,5,15,0,0,0,0,0.0002751641238219861,9.874868320287655e-06,0.0002751641238219861,-1,0,0,0,-1,1,0,0,0
1140,99,88.57637079847521,0,0,0,4,29,0,0,0,0,0.0002751641238219861,9.874868320287655e-06,0.0002751641238219861,-1,0,0,0,-1,1,0,0,0
1141,0,65.66250092415721,0,0,0,5,25,0,0,0,0,0.0002751641238219861,9.874868320287655e-06,0.0002751641238219861,-1,0,0,0,-1,1,0,0,0
1142,2458,76.46946757291116,0,0,0,5,26,0,0,0,0,0.0002751641238219861,9.874868320287655e-06,0.0002751641238219861,-1,0,0,0,-1,1,0,0,0
1143,288,71.15755178551902,0,0,0,5,31,0,0,0,0,0.0002751641238219861,9.874868320287655e-06,0.0002751641238219861,-1,0,0,0,-1,1,0,0,0
1144,0,63.00775873016184,0,0,0,1,6,0,0,0,0,0.0002751641238219861,9.874868320287655e-06,0.0002751641238219861,-1,0,0,0,-1,1,0,0,0
1145,3182,84.55877514129371,0,0,0,5,19,0,0,0,0,0.0002751641238219861,9.874868320287655e-06,0.0002751641238219861,-1,0,0,0,-1,1,0,0,0
1146,0,67.53874429268987,0,0,0,5,50,0,0,0,0,0.0002751641238219861,9.874868320287655e-06,0.0002751641238219861,-1,0,0,0,-1,1,0,0,0
1147,2182,83.6107642994499,0,0,0,5,32,0,0,0,0,0.0002751641238219861,9.874868320287655e-06,0.0002751641238219861,-1,0,0,0,-1,1,0,0,0
1148,1173,87.73119996222188,0,0,0,6,25,0,0,0,0,0.0002751641238219861,9.874868320287655e-06,0.0002751641238219861,-1,0,0,0,-1,1,0,0,0
1149,1658,98.00455699504879,0,0,0,3,22,0,0,0,0,0.0002751641238219861,9.874868320287655e-06,0.0002751641238219861,-1,0,0,0,-1,1,0,0,0
1150,601,77.08275246375064,0,0,0,3,17,0,0,0,0,0.0002751641238219861,9.874868320287655e-06,0.0002751641238219861,-1,0,0,0,-1,1,0,0,0
1151,2275,97.96954124216127,0,0,0,4,22,0,0,0,0,0.0002751641238219861,9.874868320287655e-06,0.0002751641238219861,-1,0,0,0,-1,1,0,0,0
1152,0,53.56544852244896,0,0,0,3,26,0,0,0,0,0.0002751641238219861,9.874868320287655e-06,0.0002751641238219861,-1,0,0,0,-1,1,0,0,0
1153,1370,95.7114965722016,0,0,0,4,26,0,0,0,0,0.0002751641238219861,9.874868320287655e-06,0.0002751641238219861,-1,0,0,0,-1,1,0,0,0
1154,1045,78.09045400625602,0,0,0,3,14,0,0,0,0,0.0002751641238219861,9.874868320287655e-06,0.0002751641238219861,-1,0,0,0,-1,1,0,0,0
1155,0,76.03129413287607,0,0,0,3,28,0,0,0,0,0.0002751641238219861,9.874868320287655e-06,0.0002751641238219861,-1,0,0,0,-1,1,0,0,0
1156,0,95.74297956004352,0,0,0,3,25,0,0,0,0,0.0002751641238219861,9.874868320287655e-06,0.0002751641238219861,-1,0,0,0,-1,1,0,0,0
1157,530,89.33513838208611,0,0,0,2,16,0,0,0,0,0.0002751641238219861,9.874868320287655e-06,0.0002751641238219861,-1,0,0,0,-1,1,0,0,0
1158,0,71.87254264993784,0,0,0,3,31,0,0,0,0,0.0002751641238219861,9.874868320287655e-06,0.0002751641238219861,-1,0,0,0,-1,1,0,0,0
1159,1042,84.47612231166903,0,0,0,2,15,0,0,0,0,0.0002751641238219861,9.874868320287655e-06,0.0002751641238219861,-1,0,0,0,-1,1,0,0,0
1160,1157,85.84410724619622,0,0,0,3,22,0,0,0,0,0.0002751641238219861,9.874868320287655e-06,0.0002751641238219861,-1,0,0,0,-1,1,0,0,0
1161,1520,88.58081740560492,0,0,0,5,21,0,0,0,0,0.0002751641238219861,9.874868320287655e-06,0.0002751641238219861,-1,0,0,0,-1,1,0,0,0
1162,1543,87.23002687950225,0,0,0,4,25,0,0,0,0,0.0002751641238219861,9.874868320287655e-06,0.0002751641238219861,-1,0,0,0,-1,1,0,0,0
1163,644,52.62018021975447,0,0,0,5,21,0,0,0,0,0.0002751641238219861,9.874868320287655e-06,0.0002751641238219861,-1,0,0,0,-1,1,0,0,0
1164,252,101.70180275778,0,0,0,2,21,0,0,0,0,0.0002751641238219861,9.874868320287655e-06,0.0002751641238219861,-1,0,0,0,-1,1,0,0,0
1165,1129,92.32835350938373,0,0,0,3,10,0,0,0,0,0.0002751641238219861,9.874868320287655e-06,0.0002751641238219861,-1,0,0,0,-1,1,0,0,0
1166,0,95.77505204869719,0,0,0,4,26,0,0,0,0,0.0002751641238219861,9.874868320287655e-06,0.0002751641238219861,-1,0,0,0,-1,1,0,0,0
1167,0,78.18476831202788,0,0,0,2,25,0,0,0,0,0.0002751641238219861,9.874868320287655e-06,0.0002751641238219861,-1,0,0,0,-1,1,0,0,0
1168,2965,88.45753240371039,0,0,0,7,27,0,0,0,0,0.0002751641238219861,9.874868320287655e-06,0.0002751641238219861,-1,0,0,0,-1,1,0,0,0
1169,1364,97.9051269211611,0,0,0,4,22,0,0,0,0,0.0002751641238219861,9.874868320287655e-06,0.0002751641238219861,-1,0,0,0,-1,1,0,0,0
1170,1739,82.22776206367644,0,0,0,4,29,0,0,0,0,0.0002751641238219861,9.874868320287655e-06,0.0002751641238219861,-1,0,0,0,-1,1,0,0,0
1171,2308,67.77348677243926,0,0,0,7,39,0,0,0,0,0.0002751641238219861,9.874868320287655e-06,0.0002751641238219861,-1,0,0,0,-1,1,0,0,0
1172,805,63.02046935907046,0,0,0,5,32,0,0,0,0,0.0002751641238219861,9.874868320287655e-06,0.0002751641238219861,-1,0,0,0,-1,1,0,0,0
1173,803,56.2423995091103,0,0,0,6,45,0,0,0,0,0.0002751641238219861,9.874868320287655e-06,0.0002751641238219861,-1,0,0,0,-1,1,0,0,0
1174,0,66.01381259651203,0,0,0,3,26,0,0,0,0,0.0002751641238219861,9.874868320287655e-06,0.0002751641238219861,-1,0,0,0,-1,1,0,0,0
1175,0,80.35427564992666,0,0,0,1,8,0,0,0,0,0.0002751641238219861,9.874868320287655e-06,0.0002751641238219861,-1,0,0,0,-1,1,0,0,0
1176,2812,64.83918424374967,0,0,0,6,22,0,0,0,0,0.0002751641238219861,9.874868320287655e-06,0.0002751641238219861,-1,0,0,0,-1,1,0,0,0
1177,1780,93.80551364531632,0,0,0,2,12,0,0,0,0,0.0002751641238219861,9.874868320287655e-06,0.0002751641238219861,-1,0,0,0,-1,1,0,0,0
1178,3169,80.55063873543955,0,0,0,6,27,0,0,0,0,0.0002751641238219861,9.874868320287655e-06,0.0002751641238219861,-1,0,0,0,-1,1,0,0,0
1179,110,54.09918919854971,0,0,0,3,24,0,0,0,0,0.0002751641238219861,9.874868320287655e-06,0.0002751641238219861,-1,0,0,0,-1,1,0,0,0
1180,801,78.19222156291124,0,0,0,3,13,0,0,0,0,0.0002751641238219861,9.874868320287655e-06,0.0002751641238219861,-1,0,0,0,-1,1,0,0,0
1181,414,83.67664445908386,0,0,0,4,33,0,0,0,0,0.0002751641238219861,9.874868320287655e-06,0.0002751641238219861,-1,0,0,0,-1,1,0,0,0
1182,1638,90.71902257925584,0,0,0,4,25,0,0,0,0,0.0002751641238219861,9.874868320287655e-06,0.0002751641238219861,-1,0,0,0,-1,1,0,0,0
1183,0,107.9599425932043,0,0,0,2,18,0,0,0,0,0.0002751641238219861,9.874868320287655e-06,0.0002751641238219861,-1,0,0,0,-1,1,0,0,0
1184,4071,88.49451943552826,0,0,0,5,11,0,0,0,0,0.0002751641238219861,9.874868320287655e-06,0.0002751641238219861,-1,0,0,0,-1,1,0,0,0
1185,169,79.6657573283352,0,0,0,3,24,0,0,0,0,0.0002751641238219861,9.874868320287655e-06,0.0002751641238219861,-1,0,0,0,-1,1,0,0,0
1186,4301,100.752734790499,0,0,0,6,15,0,0,0,0,0.0002751641238219861,9.874868320287655e-06,0.0002751641238219861,-1,0,0,0,-1,1,0,0,0
1187,0,55.42761495753014,0,0,0,6,33,0,0,0,0,0.0002751641238219861,9.874868320287655e-06,0.0002751641238219861,-1,0,0,0,-1,1,0,0,0
1188,407,71.85582964874413,0,0,0,4,34,0,0,0,0,0.0002751641238219861,9.874868320287655e-06,0.0002751641238219861,-1,0,0,0,-1,1,0,0,0
1189,357,72.89041451519577,0,0,0,5,45,0,0,0,0,0.0002751641238219861,9.874868320287655e-06,0.0002751641238219861,-1,0,0,0,-1,1,0,0,0
1190,0,95.71954264905055,0,0,0,3,16,0,0,0,0,0.0002751641238219861,9.874868320287655e-06,0.0002751641238219861,-1,0,0,0,-1,1,0,0,0
1191,1057,82.47492984538756,0,0,0,5,28,0,0,0,0,0.0002751641238219861,9.874868320287655e-06,0.0002751641238219861,-1,0,0,0,-1,1,0,0,0
1192,0,74.09691564993362,0,0,0,2,19,0,0,0,0,0.0002751641238219861,9.874868320287655e-06,0.0002751641238219861,-1,0,0,0,-1,1,0,0,0
1193,0,98.14913888328604,0,0,0,2,22,0,0,0,0,0.0002751641238219861,9.874868320287655e-06,0.0002751641238219861,-1,0,0,0,-1,1,0,0,0
1194,0,73.68236361749553,0,0,0,3,14,0,0,0,0,0.0002751641238219861,9.874868320287655e-06,0.0002751641238219861,-1,0,0,0,-1,1,0,0,0
1195,201,95.79897262100216,0,0,0,4,24,0,0,0,0,0.0002751641238219861,9.874868320287655e-06,0.0002751641238219861,-1,0,0,0,-1,1,0,0,0
1196,1,88.59815638331099,0,0,0,4,24,0,0,0,0,0.0002751641238219861,9.874868320287655e-06,0.0002751641238219861,-1,0,0,0,-1,1,0,0,0
1197,1599,60.00443967069093,0,0,0,3,11,0,0,0,0,0.0002751641238219861,9.874868320287655e-06,0.0002751641238219861,-1,0,0,0,-1,1,0,0,0
1198,2525,66.43294851015887,0,0,0,5,20,0,0,0,0,0.0002751641238219861,9.874868320287655e-06,0.0002751641238219861,-1,0,0,0,-1,1,0,0,0
1199,2952,67.51350516711538,0,0,0,4,9,0,0,0,0,0.0002751641238219861,9.874868320287655e-06,0.0002751641238219861,-1,0,0,0,-1,1,0,0,0
1200,539,95.96254471538728,0,0,0,3,18,0,0,0,0,0.0002751641238219861,9.874868320287655e-06,0.0002751641238219861,-1,0,0,0,-1,1,0,0,0
1201,1644,95.58440477850773,0,0,0,1,11,0,0,0,0,0.0002751641238219861,9.874868320287655e-06,0.0002751641238219861,-1,0,0,0,-1,1,0,0,0
1202,201,74.07472387149767,0,0,0,3,25,0,0,0,0,0.0002751641238219861,9.874868320287655e-06,0.0002751641238219861,-1,0,0,0,-1,1,0,0,0
1203,0,81.36141925507467,0,0,0,4,23,0,0,0,0,0.0002751641238219861,9.874868320287655e-06,0.0002751641238219861,-1,0,0,0,-1,1,0,0,0
1204,0,59.78964000131846,0,0,0,2,19,0,0,0,0,0.0002751641238219861,9.874868320287655e-06,0.0002751641238219861,-1,0,0,0,-1,1,0,0,0
1205,0,66.79762264996465,0,0,0,0,1,0,0,0,0,0.0002751641238219861,9.874868320287655e-06,0.0002751641238219861,-1,0,0,0,-1,1,0,0,0
1206,0,78.22060698819044,0,0,0,2,16,0,0,0,0,0.0002751641238219861,9.874868320287655e-06,0.0002751641238219861,-1,0,0,0,-1,1,0,0,0
1207,853,95.51839003317028,0,0,0,1,7,0,0,0,0,0.0002751641238219861,9.874868320287655e-06,0.0002751641238219861,-1,0,0,0,-1,1,0,0,0
1208,1394,71.67690808116616,0,0,0,5,19,0,0,0,0,0.0002751641238219861,9.874868320287655e-06,0.0002751641238219861,-1,0,0,0,-1,1,0,0,0
1209,0,66.08279044724669,0,0,0,1,7,0,0,0,0,0.0002751641238219861,9.874868320287655e-06,0.0002751641238219861,-1,0,0,0,-1,1,0,0,0
1210,1124,107.9350135511931,0,0,0,3,16,0,0,0,0,0.0002751641238219861,9.874868320287655e-06,0.0002751641238219861,-1,0,0,0,-1,1,0,0,0
1211,1157,72.97869821197956,0,0,0,4,22,0,0,0,0,0.0002751641238219861,9.874868320287655e-06,0.0002751641238219861,-1,0,0,0,-1,1,0,0,0
1212,3045,82.28875742071664,0,0,0,7,29,0,0,0,0,0.0002751641238219861,9.874868320287655e-06,0.0002751641238219861,-1,0,0,0,-1,1,0,0,0
1213,0,95.71954264871376,0,0,0,3,25,0,0,0,0,0.0002751641238219861,9.874868320287655e-06,0.0002751641238219861,-1,0,0,0,-1,1,0,0,0
1214,0,74.98347504113678,0,0,0,4,19,0,0,0,0,0.0002751641238219861,9.874868320287655e-06,0.0002751641238219861,-1,0,0,0,-1,1,0,0,0
1215,1338,71.91673949916294,0,0,0,4,20,0,0,0,0,0.0002751641238219861,9.874868320287655e-06,0.0002751641238219861,-1,0,0,0,-1,1,0,0,0
1216,0,64.5732496486489,0,0,0,1,15,0,0,0,0,0.0002751641238219861,9.874868320287655e-06,0.0002751641238219861,-1,0,0,0,-1,1,0,0,0
1217,0,70.21481714774079,0,0,0,4,16,0,0,0,0,0.0002751641238219861,9.874868320287655e-06,0.0002751641238219861,-1,0,0,0,-1,1,0,0,0
1218,117,108.014790028652,0,0,0,2,19,0,0,0,0,0.0002751641238219861,9.874868320287655e-06,0.0002751641238219861,-1,0,0,0,-1,1,0,0,0
1219,0,95.83895304833639,0,0,0,3,31,0,0,0,0,0.0002751641238219861,9.874868320287655e-06,0.0002751641238219861,-1,0,0,0,-1,1,0,0,0
1220,418,90.77435860036169,0,0,0,4,18,0,0,0,0,0.0002751641238219861,9.874868320287655e-06,0.0002751641238219861,-1,0,0,0,-1,1,0,0,0
1221,1235,82.1125252372383,0,0,0,3,21,0,0,0,0,0.0002751641238219861,9.874868320287655e-06,0.0002751641238219861,-1,0,0,0,-1,1,0,0,0
1222,863,80.95903942788914,0,0,0,4,28,0,0,0,0,0.0002751641238219861,9.874868320287655e-06,0.0002751641238219861,-1,0,0,0,-1,1,0,0,0
1223,0,65.34452972924518,0,0,0,5,26,0,0,0,0,0.0002751641238219861,9.874868320287655e-06,0.0002751641238219861,-1,0,0,0,-1,1,0,0,0
1224,774,87.276281845957,0,0,0,4,24,0,0,0,0,0.0002751641238219861,9.874868320287655e-06,0.0002751641238219861,-1,0,0,0,-1,1,0,0,0
1225,1152,90.96732551160038,0,0,0,4,23,0,0,0,0,0.0002751641238219861,9.874868320287655e-06,0.0002751641238219861,-1,0,0,0,-1,1,0,0,0
1226,0,80.35427564993957,0,0,0,1,7,0,0,0,0,0.0002751641238219861,9.874868320287655e-06,0.0002751641238219861,-1,0,0,0,-1,1,0,0,0
1227,92,103.2238005299582,0,0,0,2,22,0,0,0,0,0.0002751641238219861,9.874868320287655e-06,0.0002751641238219861,-1,0,0,0,-1,1,0,0,0
1228,0,80.35427564948314,0,0,0,1,9,0,0,0,0,0.0002751641238219861,9.874868320287655e-06,0.0002751641238219861,-1,0,0,0,-1,1,0,0,0
1229,685,79.74618587055741,0,0,0,3,14,0,0,0,0,0.0002751641238219861,9.874868320287655e-06,0.0002751641238219861,-1,0,0,0,-1,1,0,0,0
1230,680,83.86705151077321,0,0,0,3,11,0,0,0,0,0.0002751641238219861,9.874868320287655e-06,0.0002751641238219861,-1,0,0,0,-1,1,0,0,0
1231,0,84.47637956387064,0,0,0,1,4,0,0,0,0,0.0002751641238219861,9.874868320287655e-06,0.0002751641238219861,-1,0,0,0,-1,1,0,0,0
1232,605,99.63786452815143,0,0,0,3,17,0,0,0,0,0.0002751641238219861,9.874868320287655e-06,0.0002751641238219861,-1,0,0,0,-1,1,0,0,0
1233,1631,61.46448209047966,0,0,0,6,31,0,0,0,0,0.0002751641238219861,9.874868320287655e-06,0.0002751641238219861,-1,0,0,0,-1,1,0,0,0
1234,534,83.77586638853585,0,0,0,5,22,0,0,0,0,0.0002751641238219861,9.874868320287655e-06,0.0002751641238219861,-1,0,0,0,-1,1,0,0,0
1235,0,70.71174028559774,0,0,0,2,18,0,0,0,0,0.0002751641238219861,9.874868320287655e-06,0.0002751641238219861,-1,0,0,0,-1,1,0,0,0
1236,1694,97.97388695634119,0,0,0,4,28,0,0,0,0,0.0002751641238219861,9.874868320287655e-06,0.0002751641238219861,-1,0,0,0,-1,1,0,0,0
1237,576,90.93269003310984,0,0,0,4,32,0,0,0,0,0.0002751641238219861,9.874868320287655e-06,0.0002751641238219861,-1,0,0,0,-1,1,0,0,0
1238,3327,100.7754149235019,0,0,0,5,25,0,0,0,0,0.0002751641238219861,9.874868320287655e-06,0.0002751641238219861,-1,0,0,0,-1,1,0,0,0
1239,0,80.58485813896866,0,0,0,0,1,0,0,0,0,0.0002751641238219861,9.874868320287655e-06,0.0002751641238219861,-1,0,0,0,-1,1,0,0,0
1240,1930,93.4570300083161,0,0,0,3,13,0,0,0,0,0.0002751641238219861,9.874868320287655e-06,0.0002751641238219861,-1,0,0,0,-1,1,0,0,0
1241,11,67.7592083953374,0,0,0,5,29,0,0,0,0,0.0002751641238219861,9.874868320287655e-06,0.0002751641238219861,-1,0,0,0,-1,1,0,0,0
1242,246,104.1040936136624,0,0,0,1,8,0,0,0,0,0.0002751641238219861,9.874868320287655e-06,0.0002751641238219861,-1,0,0,0,-1,1,0,0,0
1243,727,88.74252515659904,0,0,0,4,13,0,0,0,0,0.0002751641238219861,9.874868320287655e-06,0.0002751641238219861,-1,0,0,0,-1,1,0,0,0
1244,2729,75.56948684003908,0,0,0,5,30,0,0,0,0,0.0002751641238219861,9.874868320287655e-06,0.0002751641238219861,-1,0,0,0,-1,1,0,0,0
1245,0,80.35427564996378,0,0,0,1,12,0,0,0,0,0.0002751641238219861,9.874868320287655e-06,0.0002751641238219861,-1,0,0,0,-1,1,0,0,0
1246,483,97.16291702526188,0,0,0,2,8,0,0,0,0,0.0002751641238219861,9.874868320287655e-06,0.0002751641238219861,-1,0,0,0,-1,1,0,0,0
1247,1795,80.86010876150101,0,0,0,5,32,0,0,0,0,0.0002751641238219861,9.874868320287655e-06,0.0002751641238219861,-1,0,0,0,-1,1,0,0,0
1248,619,90.76345602856124,0,0,0,3,13,0,0,0,0,0.0002751641238219861,9.874868320287655e-06,0.0002751641238219861,-1,0,0,0,-1,1,0,0,0
1249,2310,75.56291044266811,0,0,0,5,22,0,0,0,0,0.0002751641238219861,9.874868320287655e-06,0.0002751641238219861,-1,0,0,0,-1,1,0,0,0
1250,2646,93.54904092843647,0,0,0,5,21,0,0,0,0,0.0002751641238219861,9.874868320287655e-06,0.0002751641238219861,-1,0,0,0,-1,1,0,0,0
1251,0,75.90552964945776,0,0,0,3,28,0,0,0,0,0.0002751641238219861,9.874868320287655e-06,0.0002751641238219861,-1,0,0,0,-1,1,0,0,0
1252,0,80.60104814081237,0,0,0,2,11,0,0,0,0,0.0002751641238219861,9.874868320287655e-06,0.0002751641238219861,-1,0,0,0,-1,1,0,0,0
1253,730,98.01136386057736,0,0,0,4,33,0,0,0,0,0.0002751641238219861,9.874868320287655e-06,0.0002751641238219861,-1,0,0,0,-1,1,0,0,0
1254,903,75.56815908991109,0,0,0,5,29,0,0,0,0,0.0002751641238219861,9.874868320287655e-06,0.0002751641238219861,-1,0,0,0,-1,1,0,0,0
1255,84,56.58868562355152,0,0,0,3,17,0,0,0,0,0.0002751641238219861,9.874868320287655e-06,0.0002751641238219861,-1,0,0,0,-1,1,0,0,0
1256,281,79.59092864989212,0,0,0,3,29,0,0,0,0,0.0002751641238219861,9.874868320287655e-06,0.0002751641238219861,-1,0,0,0,-1,1,0,0,0
1257,1417,81.39641694739436,0,0,0,6,22,0,0,0,0,0.0002751641238219861,9.874868320287655e-06,0.0002751641238219861,-1,0,0,0,-1,1,0,0,0
1258,0,95.28859022337426,0,0,0,1,9,0,0,0,0,0.0002751641238219861,9.874868320287655e-06,0.0002751641238219861,-1,0,0,0,-1,1,0,0,0
1259,985,69.34054332178157,0,0,0,6,28,0,0,0,0,0.0002751641238219861,9.874868320287655e-06,0.0002751641238219861,-1,0,0,0,-1,1,0,0,0
1260,352,67.47414117187196,0,0,0,6,43,0,0,0,0,0.0002751641238219861,9.874868320287655e-06,0.0002751641238219861,-1,0,0,0,-1,1,0,0,0
1261,402,81.05684575215786,0,0,0,4,18,0,0,0,0,0.0002751641238219861,9.874868320287655e-06,0.0002751641238219861,-1,0,0,0,-1,1,0,0,0
1262,602,85.02967887975848,0,0,0,4,26,0,0,0,0,0.0002751641238219861,9.874868320287655e-06,0.0002751641238219861,-1,0,0,0,-1,1,0,0,0
1263,30,52.0585296401179,0,0,0,4,42,0,0,0,0,0.0002751641238219861,9.874868320287655e-06,0.0002751641238219861,-1,0,0,0,-1,1,0,0,0
1264,0,95.79188063922996,0,0,0,3,20,0,0,0,0,0.0002751641238219861,9.874868320287655e-06,0.0002751641238219861,-1,0,0,0,-1,1,0,0,0
1265,3050,100.7410670508342,0,0,0,4,14,0,0,0,0,0.0002751641238219861,9.874868320287655e-06,0.0002751641238219861,-1,0,0,0,-1,1,0,0,0
1266,650,67.22593392805534,0,0,0,4,19,0,0,0,0,0.0002751641238219861,9.874868320287655e-06,0.0002751641238219861,-1,0,0,0,-1,1,0,0,0
1267,1869,82.16889454755821,0,0,0,4,11,0,0,0,0,0.0002751641238219861,9.874868320287655e-06,0.0002751641238219861,-1,0,0,0,-1,1,0,0,0
1268,0,66.03427564995947,0,0,0,1,12,0,0,0,0,0.0002751641238219861,9.874868320287655e-06,0.0002751641238219861,-1,0,0,0,-1,1,0,0,0
1269,55,75.60080984635421,0,0,0,3,18,0,0,0,0,0.0002751641238219861,9.874868320287655e-06,0.0002751641238219861,-1,0,0,0,-1,1,0,0,0
1270,0,95.29624746272421,0,0,0,1,9,0,0,0,0,0.0002751641238219861,9.874868320287655e-06,0.0002751641238219861,-1,0,0,0,-1,1,0,0,0
1271,950,71.9717476097422,0,0,0,4,25,0,0,0,0,0.0002751641238219861,9.874868320287655e-06,0.0002751641238219861,-1,0,0,0,-1,1,0,0,0
1272,82,81.55559062914317,0,0,0,3,25,0,0,0,0,0.0002751641238219861,9.874868320287655e-06,0.0002751641238219861,-1,0,0,0,-1,1,0,0,0
1273,0,95.7195426498097,0,0,0,3,22,0,0,0,0,0.0002751641238219861,9.874868320287655e-06,0.0002751641238219861,-1,0,0,0,-1,1,0,0,0
1274,1283,72.87973900148125,0,0,0,2,11,0,0,0,0,0.0002751641238219861,9.874868320287655e-06,0.0002751641238219861,-1,0,0,0,-1,1,0,0,0
1275,850,63.95504921340628,0,0,0,5,35,0,0,0,0,0.0002751641238219861,9.874868320287655e-06,0.0002751641238219861,-1,0,0,0,-1,1,0,0,0
1276,79,95.63727810107648,0,0,0,2,9,0,0,0,0,0.0002751641238219861,9.874868320287655e-06,0.0002751641238219861,-1,0,0,0,-1,1,0,0,0
1277,1088,107.9414908165453,0,0,0,3,13,0,0,0,0,0.0002751641238219861,9.874868320287655e-06,0.0002751641238219861,-1,0,0,0,-1,1,0,0,0
1278,0,97.94391564993529,0,0,0,2,13,0,0,0,0,0.0002751641238219861,9.874868320287655e-06,0.0002751641238219861,-1,0,0,0,-1,1,0,0,0
1279,87,82.20605706018947,0,0,0,2,8,0,0,0,0,0.0002751641238219861,9.874868320287655e-06,0.0002751641238219861,-1,0,0,0,-1,1,0,0,0
1280,0,84.38726264993426,0,0,0,1,13,0,0,0,0,0.0002751641238219861,9.874868320287655e-06,0.0002751641238219861,-1,0,0,0,-1,1,0,0,0
1281,3074,94.86377827283719,0,0,0,6,24,0,0,0,0,0.0002751641238219861,9.874868320287655e-06,0.0002751641238219861,-1,0,0,0,-1,1,0,0,0
1282,2059,61.70695157696951,0,0,0,7,21,0,0,0,0,0.0002751641238219861,9.874868320287655e-06,0.0002751641238219861,-1,0,0,0,-1,1,0,0,0
1283,1390,95.86603708815103,0,0,0,3,21,0,0,0,0,0.0002751641238219861,9.874868320287655e-06,0.0002751641238219861,-1,0,0,0,-1,1,0,0,0
1284,2067,77.34408851988556,0,0,0,4,14,0,0,0,0,0.0002751641238219861,9.874868320287655e-06,0.0002751641238219861,-1,0,0,0,-1,1,0,0,0
1285,163,90.7000023922383,0,0,0,4,22,0,0,0,0,0.0002751641238219861,9.874868320287655e-06,0.0002751641238219861,-1,0,0,0,-1,1,0,0,0
1286,0,87.13022549356137,0,0,0,3,20,0,0,0,0,0.0002751641238219861,9.874868320287655e-06,0.0002751641238219861,-1,0,0,0,-1,1,0,0,0
1287,1738,74.99474453625845,0,0,0,5,33,0,0,0,0,0.0002751641238219861,9.874868320287655e-06,0.0002751641238219861,-1,0,0,0,-1,1,0,0,0
1288,527,80.37492467213005,0,0,0,5,31,0,0,0,0,0.0002751641238219861,9.874868320287655e-06,0.0002751641238219861,-1,0,0,0,-1,1,0,0,0
1289,1078,85.11036064233626,0,0,0,4,26,0,0,0,0,0.0002751641238219861,9.874868320287655e-06,0.0002751641238219861,-1,0,0,0,-1,1,0,0,0
1290,4810,83.77282150925861,0,0,0,5,21,0,0,0,0,0.0002751641238219861,9.874868320287655e-06,0.0002751641238219861,-1,0,0,0,-1,1,0,0,0
1291,732,82.30893145140895,0,0,0,4,23,0,0,0,0,0.0002751641238219861,9.874868320287655e-06,0.0002751641238219861,-1,0,0,0,-1,1,0,0,0
1292,21,82.31132770479554,0,0,0,4,27,0,0,0,0,0.0002751641238219861,9.874868320287655e-06,0.0002751641238219861,-1,0,0,0,-1,1,0,0,0
1293,1382,62.88927984384092,0,0,0,5,25,0,0,0,0,0.0002751641238219861,9.874868320287655e-06,0.0002751641238219861,-1,0,0,0,-1,1,0,0,0
1294,2342,93.79594778220365,0,0,0,3,12,0,0,0,0,0.0002751641238219861,9.874868320287655e-06,0.0002751641238219861,-1,0,0,0,-1,1,0,0,0
1295,0,86.10268271307011,0,0,0,2,21,0,0,0,0,0.0002751641238219861,9.874868320287655e-06,0.0002751641238219861,-1,0,0,0,-1,1,0,0,0
1296,0,76.51633711576787,0,0,0,4,14,0,0,0,0,0.0002751641238219861,9.874868320287655e-06,0.0002751641238219861,-1,0,0,0,-1,1,0,0,0
1297,1269,95.65859761821648,0,0,0,4,30,0,0,0,0,0.0002751641238219861,9.874868320287655e-06,0.0002751641238219861,-1,0,0,0,-1,1,0,0,0
1298,0,107.9394779153991,0,0,0,2,14,0,0,0,0,0.0002751641238219861,9.874868320287655e-06,0.0002751641238219861,-1,0,0,0,-1,1,0,0,0
1299,2607,95.87235086986271,0,0,0,6,27,0,0,0,0,0.0002751641238219861,9.874868320287655e-06,0.0002751641238219861,-1,0,0,0,-1,1,0,0,0
1300,2413,83.26012807537344,0,0,0,4,17,0,0,0,0,0.0002751641238219861,9.874868320287655e-06,0.0002751641238219861,-1,0,0,0,-1,1,0,0,0
1301,0,95.81988219687372,0,0,0,3,27,0,0,0,0,0.0002751641238219861,9.874868320287655e-06,0.0002751641238219861,-1,0,0,0,-1,1,0,0,0
1302,729,95.68655174490138,0,0,0,3,10,0,0,0,0,0.0002751641238219861,9.874868320287655e-06,0.0002751641238219861,-1,0,0,0,-1,1,0,0,0
1303,3,95.83726188627682,0,0,0,4,20,0,0,0,0,0.0002751641238219861,9.874868320287655e-06,0.0002751641238219861,-1,0,0,0,-1,1,0,0,0
1304,0,72.75330348454452,0,0,0,5,23,0,0,0,0,0.0002751641238219861,9.874868320287655e-06,0.0002751641238219861,-1,0,0,0,-1,1,0,0,0
1305,53,72.37026813446532,0,0,0,2,6,0,0,0,0,0.0002751641238219861,9.874868320287655e-06,0.0002751641238219861,-1,0,0,0,-1,1,0,0,0
1306,0,86.6116356499641,0,0,0,0,0,0,0,0,0,0.0002751641238219861,9.874868320287655e-06,0.0002751641238219861,-1,0,0,0,-1,1,0,0,0
1307,0,66.8581749515144,0,0,0,3,13,0,0,0,0,0.0002751641238219861,9.874868320287655e-06,0.0002751641238219861,-1,0,0,0,-1,1,0,0,0
1308,13,96.25485103317571,0,0,0,0,2,0,0,0,0,0.0002751641238219861,9.874868320287655e-06,0.0002751641238219861,-1,0,0,0,-1,1,0,0,0
1309,848,92.40946333825389,0,0,0,4,30,0,0,0,0,0.0002751641238219861,9.874868320287655e-06,0.0002751641238219861,-1,0,0,0,-1,1,0,0,0
1310,143,82.63003193131476,0,0,0,2,12,0,0,0,0,0.0002751641238219861,9.874868320287655e-06,0.0002751641238219861,-1,0,0,0,-1,1,0,0,0
1311,339,73.58623524428931,0,0,0,4,23,0,0,0,0,0.0002751641238219861,9.874868320287655e-06,0.0002751641238219861,-1,0,0,0,-1,1,0,0,0
1312,972,57.23017108690917,0,0,0,3,9,0,0,0,0,0.0002751641238219861,9.874868320287655e-06,0.0002751641238219861,-1,0,0,0,-1,1,0,0,0
1313,0,78.12990264992298,0,0,0,2,14,0,0,0,0,0.0002751641238219861,9.874868320287655e-06,0.0002751641238219861,-1,0,0,0,-1,1,0,0,0
1314,288,98.92464232950485,0,0,0,3,20,0,0,0,0,0.0002751641238219861,9.874868320287655e-06,0.0002751641238219861,-1,0,0,0,-1,1,0,0,0
1315,463,82.39150352093441,0,0,0,4,29,0,0,0,0,0.0002751641238219861,9.874868320287655e-06,0.0002751641238219861,-1,0,0,0,-1,1,0,0,0
1316,1462,58.52182834328857,0,0,0,8,28,0,0,0,0,0.0002751641238219861,9.874868320287655e-06,0.0002751641238219861,-1,0,0,0,-1,1,0,0,0
1317,1492,83.55905484151704,0,0,0,6,29,0,0,0,0,0.0002751641238219861,9.874868320287655e-06,0.0002751641238219861,-1,0,0,0,-1,1,0,0,0
1318,2884,56.58581955313367,0,0,0,5,21,0,0,0,0,0.0002751641238219861,9.874868320287655e-06,0.0002751641238219861,-1,0,0,0,-1,1,0,0,0
1319,1438,84.96504755546469,0,0,0,5,24,0,0,0,0,0.0002751641238219861,9.874868320287655e-06,0.0002751641238219861,-1,0,0,0,-1,1,0,0,0
1320,1206,100.8778853073668,0,0,0,3,13,0,0,0,0,0.0002751641238219861,9.874868320287655e-06,0.0002751641238219861,-1,0,0,0,-1,1,0,0,0
1321,2763,91.05122572490913,0,0,0,4,21,0,0,0,0,0.0002751641238219861,9.874868320287655e-06,0.0002751641238219861,-1,0,0,0,-1,1,0,0,0
1322,10,92.64904454997777,0,0,0,1,8,0,0,0,0,0.0002751641238219861,9.874868320287655e-06,0.0002751641238219861,-1,0,0,0,-1,1,0,0,0
1323,572,76.0665093891937,0,0,0,4,26,0,0,0,0,0.0002751641238219861,9.874868320287655e-06,0.0002751641238219861,-1,0,0,0,-1,1,0,0,0
1324,55,80.25881824559626,0,0,0,2,7,0,0,0,0,0.0002751641238219861,9.874868320287655e-06,0.0002751641238219861,-1,0,0,0,-1,1,0,0,0
1325,1575,77.24037462005991,0,0,0,5,28,0,0,0,0,0.0002751641238219861,9.874868320287655e-06,0.0002751641238219861,-1,0,0,0,-1,1,0,0,0
1326,982,67.40930701863721,0,0,0,6,21,0,0,0,0,0.0002751641238219861,9.874868320287655e-06,0.0002751641238219861,-1,0,0,0,-1,1,0,0,0
1327,92,62.97809292272586,0,0,0,5,26,0,0,0,0,0.0002751641238219861,9.874868320287655e-06,0.0002751641238219861,-1,0,0,0,-1,1,0,0,0
1328,1952,103.031988893209,0,0,0,5,33,0,0,0,0,0.0002751641238219861,9.874868320287655e-06,0.0002751641238219861,-1,0,0,0,-1,1,0,0,0
1329,0,97.94391564976132,0,0,0,2,15,0,0,0,0,0.0002751641238219861,9.874868320287655e-06,0.0002751641238219861,-1,0,0,0,-1,1,0,0,0
1330,1500,66.89109740867585,0,0,0,4,15,0,0,0,0,0.0002751641238219861,9.874868320287655e-06,0.0002751641238219861,-1,0,0,0,-1,1,0,0,0
1331,15,85.79261054664488,0,0,0,3,15,0,0,0,0,0.0002751641238219861,9.874868320287655e-06,0.0002751641238219861,-1,0,0,0,-1,1,0,0,0
1332,2184,69.35753753047335,0,0,0,4,19,0,0,0,0,0.0002751641238219861,9.874868320287655e-06,0.0002751641238219861,-1,0,0,0,-1,1,0,0,0
1333,0,95.93753270106535,0,0,0,3,37,0,0,0,0,0.0002751641238219861,9.874868320287655e-06,0.0002751641238219861,-1,0,0,0,-1,1,0,0,0
1334,830,104.0981941091986,0,0,0,3,21,0,0,0,0,0.0002751641238219861,9.874868320287655e-06,0.0002751641238219861,-1,0,0,0,-1,1,0,0,0
1335,1655,74.28342323274428,0,0,0,5,20,0,0,0,0,0.0002751641238219861,9.874868320287655e-06,0.0002751641238219861,-1,0,0,0,-1,1,0,0,0
1336,0,97.95376347515848,0,0,0,2,14,0,0,0,0,0.0002751641238219861,9.874868320287655e-06,0.0002751641238219861,-1,0,0,0,-1,1,0,0,0
1337,654,88.47410852706338,0,0,0,4,37,0,0,0,0,0.0002751641238219861,9.874868320287655e-06,0.0002751641238219861,-1,0,0,0,-1,1,0,0,0
1338,1051,78.23863582220086,0,0,0,3,20,0,0,0,0,0.0002751641238219861,9.874868320287655e-06,0.0002751641238219861,-1,0,0,0,-1,1,0,0,0
1339,0,66.08033188998768,0,0,0,1,14,0,0,0,0,0.0002751641238219861,9.874868320287655e-06,0.0002751641238219861,-1,0,0,0,-1,1,0,0,0
1340,0,60.54026264995739,0,0,0,1,9,0,0,0,0,0.0002751641238219861,9.874868320287655e-06,0.0002751641238219861,-1,0,0,0,-1,1,0,0,0
1341,37,83.07981367944585,0,0,0,2,9,0,0,0,0,0.0002751641238219861,9.874868320287655e-06,0.0002751641238219861,-1,0,0,0,-1,1,0,0,0
1342,2958,96.73010293419281,0,0,0,5,14,0,0,0,0,0.0002751641238219861,9.874868320287655e-06,0.0002751641238219861,-1,0,0,0,-1,1,0,0,0
1343,265,71.87254264970203,0,0,0,4,29,0,0,0,0,0.0002751641238219861,9.874868320287655e-06,0.0002751641238219861,-1,0,0,0,-1,1,0,0,0
1344,1188,83.76678834058856,0,0,0,5,30,0,0,0,0,0.0002751641238219861,9.874868320287655e-06,0.0002751641238219861,-1,0,0,0,-1,1,0,0,0
1345,38,90.86988385858423,0,0,0,3,17,0,0,0,0,0.0002751641238219861,9.874868320287655e-06,0.0002751641238219861,-1,0,0,0,-1,1,0,0,0
1346,1934,77.19142159409458,0,0,0,6,35,0,0,0,0,0.0002751641238219861,9.874868320287655e-06,0.0002751641238219861,-1,0,0,0,-1,1,0,0,0
1347,648,65.61003810275868,0,0,0,7,40,0,0,0,0,0.0002751641238219861,9.874868320287655e-06,0.0002751641238219861,-1,0,0,0,-1,1,0,0,0
1348,3501,74.22263532924975,0,0,0,7,13,0,0,0,0,0.0002751641238219861,9.874868320287655e-06,0.0002751641238219861,-1,0,0,0,-1,1,0,0,0
1349,2066,64.56342678958228,0,0,0,6,31,0,0,0,0,0.0002751641238219861,9.874868320287655e-06,0.0002751641238219861,-1,0,0,0,-1,1,0,0,0
1350,1827,95.81521839640781,0,0,0,5,33,0,0,0,0,0.0002751641238219861,9.874868320287655e-06,0.0002751641238219861,-1,0,0,0,-1,1,0,0,0
1351,0,72.88684388725594,0,0,0,1,7,0,0,0,0,0.0002751641238219861,9.874868320287655e-06,0.0002751641238219861,-1,0,0,0,-1,1,0,0,0
1352,1043,91.85673004033295,0,0,0,5,19,0,0,0,0,0.0002751641238219861,9.874868320287655e-06,0.0002751641238219861,-1,0,0,0,-1,1,0,0,0
1353,53,71.13096290122462,0,0,0,3,15,0,0,0,0,0.0002751641238219861,9.874868320287655e-06,0.0002751641238219861,-1,0,0,0,-1,1,0,0,0
1354,585,88.22534512339355,0,0,0,2,7,0,0,0,0,0.0002751641238219861,9.874868320287655e-06,0.0002751641238219861,-1,0,0,0,-1,1,0,0,0
1355,975,58.81701123484441,0,0,0,6,27,0,0,0,0,0.0002751641238219861,9.874868320287655e-06,0.0002751641238219861,-1,0,0,0,-1,1,0,0,0
1356,1259,80.44360209790342,0,0,0,2,7,0,0,0,0,0.0002751641238219861,9.874868320287655e-06,0.0002751641238219861,-1,0,0,0,-1,1,0,0,0
1357,1326,59.40305155938218,0,0,0,5,20,0,0,0,0,0.0002751641238219861,9.874868320287655e-06,0.0002751641238219861,-1,0,0,0,-1,1,0,0,0
1358,1682,81.00211752911898,0,0,0,5,23,0,0,0,0,0.0002751641238219861,9.874868320287655e-06,0.0002751641238219861,-1,0,0,0,-1,1,0,0,0
1359,197,70.19154999215024,0,0,0,5,29,0,0,0,0,0.0002751641238219861,9.874868320287655e-06,0.0002751641238219861,-1,0,0,0,-1,1,0,0,0
1360,1746,62.57375175303896,0,0,0,6,21,0,0,0,0,0.0002751641238219861,9.874868320287655e-06,0.0002751641238219861,-1,0,0,0,-1,1,0,0,0
1361,0,54.52540646579511,0,0,0,5,35,0,0,0,0,0.0002751641238219861,9.874868320287655e-06,0.0002751641238219861,-1,0,0,0,-1,1,0,0,0
1362,602,100.7112192961571,0,0,0,4,15,0,0,0,0,0.0002751641238219861,9.874868320287655e-06,0.0002751641238219861,-1,0,0,0,-1,1,0,0,0
1363,2547,98.2564465743482,0,0,0,5,21,0,0,0,0,0.0002751641238219861,9.874868320287655e-06,0.0002751641238219861,-1,0,0,0,-1,1,0,0,0
1364,1219,95.8232561613377,0,0,0,3,20,0,0,0,0,0.0002751641238219861,9.874868320287655e-06,0.0002751641238219861,-1,0,0,0,-1,1,0,0,0
1365,543,74.08451057559552,0,0,0,3,24,0,0,0,0,0.0002751641238219861,9.874868320287655e-06,0.0002751641238219861,-1,0,0,0,-1,1,0,0,0
1366,1136,84.98709982218671,0,0,0,4,20,0,0,0,0,0.0002751641238219861,9.874868320287655e-06,0.0002751641238219861,-1,0,0,0,-1,1,0,0,0
1367,1263,95.75513946919649,0,0,0,3,15,0,0,0,0,0.0002751641238219861,9.874868320287655e-06,0.0002751641238219861,-1,0,0,0,-1,1,0,0,0
1368,671,67.75557201074044,0,0,0,5,23,0,0,0,0,0.0002751641238219861,9.874868320287655e-06,0.0002751641238219861,-1,0,0,0,-1,1,0,0,0
1369,836,108.9317047574959,0,0,0,2,9,0,0,0,0,0.0002751641238219861,9.874868320287655e-06,0.0002751641238219861,-1,0,0,0,-1,1,0,0,0
1370,2399,77.48928298545854,0,0,0,6,22,0,0,0,0,0.0002751641238219861,9.874868320287655e-06,0.0002751641238219861,-1,0,0,0,-1,1,0,0,0
1371,567,68.72107366874381,0,0,0,5,27,0,0,0,0,0.0002751641238219861,9.874868320287655e-06,0.0002751641238219861,-1,0,0,0,-1,1,0,0,0
1372,738,62.87856858032457,0,0,0,5,21,0,0,0,0,0.0002751641238219861,9.874868320287655e-06,0.0002751641238219861,-1,0,0,0,-1,1,0,0,0
1373,5,95.91318308671514,0,0,0,4,28,0,0,0,0,0.0002751641238219861,9.874868320287655e-06,0.0002751641238219861,-1,0,0,0,-1,1,0,0,0
1374,532,102.9931546513689,0,0,0,3,37,0,0,0,0,0.0002751641238219861,9.874868320287655e-06,0.0002751641238219861,-1,0,0,0,-1,1,0,0,0
1375,1457,80.35277302289172,0,0,0,3,16,0,0,0,0,0.0002751641238219861,9.874868320287655e-06,0.0002751641238219861,-1,0,0,0,-1,1,0,0,0
1376,90,78.31772240153373,0,0,0,4,21,0,0,0,0,0.0002751641238219861,9.874868320287655e-06,0.0002751641238219861,-1,0,0,0,-1,1,0,0,0
1377,1545,56.36605945207284,0,0,0,4,16,0,0,0,0,0.0002751641238219861,9.874868320287655e-06,0.0002751641238219861,-1,0,0,0,-1,1,0,0,0
1378,873,73.34055050658056,0,0,0,5,27,0,0,0,0,0.0002751641238219861,9.874868320287655e-06,0.0002751641238219861,-1,0,0,0,-1,1,0,0,0
1379,2,83.42042785069874,0,0,0,3,15,0,0,0,0,0.0002751641238219861,9.874868320287655e-06,0.0002751641238219861,-1,0,0,0,-1,1,0,0,0
1380,0,77.50582572622663,0,0,0,3,23,0,0,0,0,0.0002751641238219861,9.874868320287655e-06,0.0002751641238219861,-1,0,0,0,-1,1,0,0,0
1381,348,86.04586401507385,0,0,0,4,23,0,0,0,0,0.0002751641238219861,9.874868320287655e-06,0.0002751641238219861,-1,0,0,0,-1,1,0,0,0
1382,1688,63.05148556305258,0,0,0,2,5,0,0,0,0,0.0002751641238219861,9.874868320287655e-06,0.0002751641238219861,-1,0,0,0,-1,1,0,0,0
1383,209,105.0171835176177,0,0,0,3,22,0,0,0,0,0.0002751641238219861,9.874868320287655e-06,0.0002751641238219861,-1,0,0,0,-1,1,0,0,0
1384,558,83.621538024027,0,0,0,5,27,0,0,0,0,0.0002751641238219861,9.874868320287655e-06,0.0002751641238219861,-1,0,0,0,-1,1,0,0,0
1385,2702,81.597449571805,0,0,0,6,23,0,0,0,0,0.0002751641238219861,9.874868320287655e-06,0.0002751641238219861,-1,0,0,0,-1,1,0,0,0
1386,1235,108.1552456507826,0,0,0,3,24,0,0,0,0,0.0002751641238219861,9.874868320287655e-06,0.0002751641238219861,-1,0,0,0,-1,1,0,0,0
1387,560,92.27095565694142,0,0,0,4,18,0,0,0,0,0.0002751641238219861,9.874868320287655e-06,0.0002751641238219861,-1,0,0,0,-1,1,0,0,0
1388,963,78.16355162260773,0,0,0,3,18,0,0,0,0,0.0002751641238219861,9.874868320287655e-06,0.0002751641238219861,-1,0,0,0,-1,1,0,0,0
1389,648,81.64380934128066,0,0,0,2,15,0,0,0,0,0.0002751641238219861,9.874868320287655e-06,0.0002751641238219861,-1,0,0,0,-1,1,0,0,0
1390,0,86.85500713417608,0,0,0,1,7,0,0,0,0,0.0002751641238219861,9.874868320287655e-06,0.0002751641238219861,-1,0,0,0,-1,1,0,0,0
1391,491,75.96440831464935,0,0,0,4,19,0,0,0,0,0.0002751641238219861,9.874868320287655e-06,0.0002751641238219861,-1,0,0,0,-1,1,0,0,0
1392,0,79.34840487242515,0,0,0,1,14,0,0,0,0,0.0002751641238219861,9.874868320287655e-06,0.0002751641238219861,-1,0,0,0,-1,1,0,0,0
1393,195,79.48074061366242,0,0,0,1,10,0,0,0,0,0.0002751641238219861,9.874868320287655e-06,0.0002751641238219861,-1,0,0,0,-1,1,0,0,0
1394,0,75.91991517698528,0,0,0,3,31,0,0,0,0,0.0002751641238219861,9.874868320287655e-06,0.0002751641238219861,-1,0,0,0,-1,1,0,0,0
1395,788,77.78491987716473,0,0,0,5,31,0,0,0,0,0.0002751641238219861,9.874868320287655e-06,0.0002751641238219861,-1,0,0,0,-1,1,0,0,0
1396,0,86.6116356499643,0,0,0,0,0,0,0,0,0,0.0002751641238219861,9.874868320287655e-06,0.0002751641238219861,-1,0,0,0,-1,1,0,0,0
1397,292,85.12264330088018,0,0,0,1,8,0,0,0,0,0.0002751641238219861,9.874868320287655e-06,0.0002751641238219861,-1,0,0,0,-1,1,0,0,0
1398,374,81.00542805939102,0,0,0,3,2,0,0,0,0,0.0002751641238219861,9.874868320287655e-06,0.0002751641238219861,-1,0,0,0,-1,1,0,0,0
1399,4411,90.84602445040974,0,0,0,6,17,0,0,0,0,0.0002751641238219861,9.874868320287655e-06,0.0002751641238219861,-1,0,0,0,-1,1,0,0,0
1400,876,90.87444749569946,0,0,0,5,19,0,0,0,0,0.0002751641238219861,9.874868320287655e-06,0.0002751641238219861,-1,0,0,0,-1,1,0,0,0
1401,0,82.63003193088504,0,0,0,1,7,0,0,0,0,0.0002751641238219861,9.874868320287655e-06,0.0002751641238219861,-1,0,0,0,-1,1,0,0,0
1402,1601,107.9008951247441,0,0,0,3,14,0,0,0,0,0.0002751641238219861,9.874868320287655e-06,0.0002751641238219861,-1,0,0,0,-1,1,0,0,0
1403,1286,97.98750987984516,0,0,0,3,15,0,0,0,0,0.0002751641238219861,9.874868320287655e-06,0.0002751641238219861,-1,0,0,0,-1,1,0,0,0
1404,477,53.40123646669863,0,0,0,6,26,0,0,0,0,0.0002751641238219861,9.874868320287655e-06,0.0002751641238219861,-1,0,0,0,-1,1,0,0,0
1405,0,88.68957135484516,0,0,0,4,30,0,0,0,0,0.0002751641238219861,9.874868320287655e-06,0.0002751641238219861,-1,0,0,0,-1,1,0,0,0
1406,700,59.80848324244041,0,0,0,4,19,0,0,0,0,0.0002751641238219861,9.874868320287655e-06,0.0002751641238219861,-1,0,0,0,-1,1,0,0,0
1407,2514,88.54501179350787,0,0,0,4,16,0,0,0,0,0.0002751641238219861,9.874868320287655e-06,0.0002751641238219861,-1,0,0,0,-1,1,0,0,0
1408,1380,68.25712740121524,0,0,0,3,15,0,0,0,0,0.0002751641238219861,9.874868320287655e-06,0.0002751641238219861,-1,0,0,0,-1,1,0,0,0
1409,1346,89.73217664703854,0,0,0,3,9,0,0,0,0,0.0002751641238219861,9.874868320287655e-06,0.0002751641238219861,-1,0,0,0,-1,1,0,0,0
1410,951,84.57514441749328,0,0,0,4,19,0,0,0,0,0.0002751641238219861,9.874868320287655e-06,0.0002751641238219861,-1,0,0,0,-1,1,0,0,0
1411,0,103.2341267633396,0,0,0,2,14,0,0,0,0,0.0002751641238219861,9.874868320287655e-06,0.0002751641238219861,-1,0,0,0,-1,1,0,0,0
1412,0,97.94391564983225,0,0,0,2,19,0,0,0,0,0.0002751641238219861,9.874868320287655e-06,0.0002751641238219861,-1,0,0,0,-1,1,0,0,0
1413,1603,96.90860869534747,0,0,0,2,7,0,0,0,0,0.0002751641238219861,9.874868320287655e-06,0.0002751641238219861,-1,0,0,0,-1,1,0,0,0
1414,997,91.48540303216895,0,0,0,2,17,0,0,0,0,0.0002751641238219861,9.874868320287655e-06,0.0002751641238219861,-1,0,0,0,-1,1,0,0,0
1415,0,102.9931546651283,0,0,0,3,27,0,0,0,0,0.0002751641238219861,9.874868320287655e-06,0.0002751641238219861,-1,0,0,0,-1,1,0,0,0
1416,0,81.38335836009914,0,0,0,4,37,0,0,0,0,0.0002751641238219861,9.874868320287655e-06,0.0002751641238219861,-1,0,0,0,-1,1,0,0,0
1417,0,78.12990264987123,0,0,0,2,16,0,0,0,0,0.0002751641238219861,9.874868320287655e-06,0.0002751641238219861,-1,0,0,0,-1,1,0,0,0
1418,948,80.36378105863385,0,0,0,2,8,0,0,0,0,0.0002751641238219861,9.874868320287655e-06,0.0002751641238219861,-1,0,0,0,-1,1,0,0,0
1419,0,59.77691564815635,0,0,0,2,19,0,0,0,0,0.0002751641238219861,9.874868320287655e-06,0.0002751641238219861,-1,0,0,0,-1,1,0,0,0
1420,0,86.86612520306815,0,0,0,1,7,0,0,0,0,0.0002751641238219861,9.874868320287655e-06,0.0002751641238219861,-1,0,0,0,-1,1,0,0,0
1421,984,77.23892518913028,0,0,0,2,12,0,0,0,0,0.0002751641238219861,9.874868320287655e-06,0.0002751641238219861,-1,0,0,0,-1,1,0,0,0
1422,505,85.88212507909221,0,0,0,4,23,0,0,0,0,0.0002751641238219861,9.874868320287655e-06,0.0002751641238219861,-1,0,0,0,-1,1,0,0,0
1423,0,75.57824895018318,0,0,0,2,16,0,0,0,0,0.0002751641238219861,9.874868320287655e-06,0.0002751641238219861,-1,0,0,0,-1,1,0,0,0
1424,1338,59.45435662100315,0,0,0,6,46,0,0,0,0,0.0002751641238219861,9.874868320287655e-06,0.0002751641238219861,-1,0,0,0,-1,1,0,0,0
1425,2384,105.2703229516919,0,0,0,4,18,0,0,0,0,0.0002751641238219861,9.874868320287655e-06,0.0002751641238219861,-1,0,0,0,-1,1,0,0,0
1426,3157,80.10326670675556,0,0,0,7,27,0,0,0,0,0.0002751641238219861,9.874868320287655e-06,0.0002751641238219861,-1,0,0,0,-1,1,0,0,0
1427,29818,138.2795039959845,0,0,0,1,5,0,0,0,0,0.0002751641238219861,9.874868320287655e-06,0.0002751641238219861,-1,0,0,0,-1,1,1,1,0
1428,1782,82.36254979113063,0,0,0,5,27,0,0,0,0,0.0002751641238219861,9.874868320287655e-06,0.0002751641238219861,-1,0,0,0,-1,1,0,0,0
1429,0,95.51839003120168,0,0,0,1,5,0,0,0,0,0.0002751641238219861,9.874868320287655e-06,0.0002751641238219861,-1,0,0,0,-1,1,0,0,0
1430,2034,90.78830155566268,0,0,0,6,22,0,0,0,0,0.0002751641238219861,9.874868320287655e-06,0.0002751641238219861,-1,0,0,0,-1,1,0,0,0
1431,0,88.55977896323793,0,0,0,4,33,0,0,0,0,0.0002751641238219861,9.874868320287655e-06,0.0002751641238219861,-1,0,0,0,-1,1,0,0,0
1432,0,97.2917966136613,0,0,0,2,16,0,0,0,0,0.0002751641238219861,9.874868320287655e-06,0.0002751641238219861,-1,0,0,0,-1,1,0,0,0
1433,486,72.3487273451659,0,0,0,2,9,0,0,0,0,0.0002751641238219861,9.874868320287655e-06,0.0002751641238219861,-1,0,0,0,-1,1,0,0,0
1434,737,85.09560339523875,0,0,0,4,27,0,0,0,0,0.0002751641238219861,9.874868320287655e-06,0.0002751641238219861,-1,0,0,0,-1,1,0,0,0
1435,623,95.81855013286702,0,0,0,4,35,0,0,0,0,0.0002751641238219861,9.874868320287655e-06,0.0002751641238219861,-1,0,0,0,-1,1,0,0,0
1436,713,82.07969283886784,0,0,0,3,19,0,0,0,0,0.0002751641238219861,9.874868320287655e-06,0.0002751641238219861,-1,0,0,0,-1,1,0,0,0
1437,1984,76.64879484247678,0,0,0,6,43,0,0,0,0,0.0002751641238219861,9.874868320287655e-06,0.0002751641238219861,-1,0,0,0,-1,1,0,0,0
1438,2113,95.87250924041618,0,0,0,5,27,0,0,0,0,0.0002751641238219861,9.874868320287655e-06,0.0002751641238219861,-1,0,0,0,-1,1,0,0,0
1439,2329,86.05552556535308,0,0,0,4,15,0,0,0,0,0.0002751641238219861,9.874868320287655e-06,0.0002751641238219861,-1,0,0,0,-1,1,0,0,0
1440,0,95.79126934151171,0,0,0,3,22,0,0,0,0,0.0002751641238219861,9.874868320287655e-06,0.0002751641238219861,-1,0,0,0,-1,1,0,0,0
1441,0,49.32393970384478,0,0,0,2,13,0,0,0,0,0.0002751641238219861,9.874868320287655e-06,0.0002751641238219861,-1,0,0,0,-1,1,0,0,0
1442,422,68.41737123490753,0,0,0,3,20,0,0,0,0,0.0002751641238219861,9.874868320287655e-06,0.0002751641238219861,-1,0,0,0,-1,1,0,0,0
1443,531,85.73563194034506,0,0,0,3,16,0,0,0,0,0.0002751641238219861,9.874868320287655e-06,0.0002751641238219861,-1,0,0,0,-1,1,0,0,0
1444,443,70.89266859638347,0,0,0,3,16,0,0,0,0,0.0002751641238219861,9.874868320287655e-06,0.0002751641238219861,-1,0,0,0,-1,1,0,0,0
1445,0,107.9394779155233,0,0,0,2,16,0,0,0,0,0.0002751641238219861,9.874868320287655e-06,0.0002751641238219861,-1,0,0,0,-1,1,0,0,0
1446,434,81.58739248197855,0,0,0,4,15,0,0,0,0,0.0002751641238219861,9.874868320287655e-06,0.0002751641238219861,-1,0,0,0,-1,1,0,0,0
1447,1414,65.26683143188139,0,0,0,4,35,0,0,0,0,0.0002751641238219861,9.874868320287655e-06,0.0002751641238219861,-1,0,0,0,-1,1,0,0,0
1448,956,95.77100377939675,0,0,0,4,23,0,0,0,0,0.0002751641238219861,9.874868320287655e-06,0.0002751641238219861,-1,0,0,0,-1,1,0,0,0
1449,0,72.35659635340886,0,0,0,2,6,0,0,0,0,0.0002751641238219861,9.874868320287655e-06,0.0002751641238219861,-1,0,0,0,-1,1,0,0,0
1450,0,59.57125228463995,0,0,0,3,14,0,0,0,0,0.0002751641238219861,9.874868320287655e-06,0.0002751641238219861,-1,0,0,0,-1,1,0,0,0
1451,1854,75.03092759034806,0,0,0,6,22,0,0,0,0,0.0002751641238219861,9.874868320287655e-06,0.0002751641238219861,-1,0,0,0,-1,1,0,0,0
1452,3011,105.3227241443037,0,0,0,4,21,0,0,0,0,0.0002751641238219861,9.874868320287655e-06,0.0002751641238219861,-1,0,0,0,-1,1,0,0,0
1453,1656,85.86431078261725,0,0,0,4,20,0,0,0,0,0.0002751641238219861,9.874868320287655e-06,0.0002751641238219861,-1,0,0,0,-1,1,0,0,0
1454,922,76.38092279950207,0,0,0,6,29,0,0,0,0,0.0002751641238219861,9.874868320287655e-06,0.0002751641238219861,-1,0,0,0,-1,1,0,0,0
1455,590,79.53635425906384,0,0,0,3,15,0,0,0,0,0.0002751641238219861,9.874868320287655e-06,0.0002751641238219861,-1,0,0,0,-1,1,0,0,0
1456,605,94.53792018464158,0,0,0,5,20,0,0,0,0,0.0002751641238219861,9.874868320287655e-06,0.0002751641238219861,-1,0,0,0,-1,1,0,0,0
1457,1132,94.16854536539597,0,0,0,1,1,0,0,0,0,0.0002751641238219861,9.874868320287655e-06,0.0002751641238219861,-1,0,0,0,-1,1,0,0,0
1458,7,95.89415585171488,0,0,0,3,24,0,0,0,0,0.0002751641238219861,9.874868320287655e-06,0.0002751641238219861,-1,0,0,0,-1,1,0,0,0
1459,0,57.55254264932613,0,0,0,3,24,0,0,0,0,0.0002751641238219861,9.874868320287655e-06,0.0002751641238219861,-1,0,0,0,-1,1,0,0,0
1460,48,90.82898479241818,0,0,0,3,20,0,0,0,0,0.0002751641238219861,9.874868320287655e-06,0.0002751641238219861,-1,0,0,0,-1,1,0,0,0
1461,0,83.62391564919747,0,0,0,2,18,0,0,0,0,0.0002751641238219861,9.874868320287655e-06,0.0002751641238219861,-1,0,0,0,-1,1,0,0,0
1462,1778,71.44290863038907,0,0,0,6,22,0,0,0,0,0.0002751641238219861,9.874868320287655e-06,0.0002751641238219861,-1,0,0,0,-1,1,0,0,0
1463,0,77.40461384192766,0,0,0,3,27,0,0,0,0,0.0002751641238219861,9.874868320287655e-06,0.0002751641238219861,-1,0,0,0,-1,1,0,0,0
1464,1819,96.08600398499981,0,0,0,5,32,0,0,0,0,0.0002751641238219861,9.874868320287655e-06,0.0002751641238219861,-1,0,0,0,-1,1,0,0,0
1465,2298,83.02781415209239,0,0,0,7,26,0,0,0,0,0.0002751641238219861,9.874868320287655e-06,0.0002751641238219861,-1,0,0,0,-1,1,0,0,0
1466,0,105.307209948317,0,0,0,2,12,0,0,0,0,0.0002751641238219861,9.874868320287655e-06,0.0002751641238219861,-1,0,0,0,-1,1,0,0,0
1467,1446,67.92379226455016,0,0,0,6,18,0,0,0,0,0.0002751641238219861,9.874868320287655e-06,0.0002751641238219861,-1,0,0,0,-1,1,0,0,0
1468,0,97.98512668983035,0,0,0,2,19,0,0,0,0,0.0002751641238219861,9.874868320287655e-06,0.0002751641238219861,-1,0,0,0,-1,1,0,0,0
1469,1323,76.54013286459819,0,0,0,4,21,0,0,0,0,0.0002751641238219861,9.874868320287655e-06,0.0002751641238219861,-1,0,0,0,-1,1,0,0,0
1470,1630,80.63124932937953,0,0,0,2,8,0,0,0,0,0.0002751641238219861,9.874868320287655e-06,0.0002751641238219861,-1,0,0,0,-1,1,0,0,0
1471,2617,81.35213225349005,0,0,0,5,27,0,0,0,0,0.0002751641238219861,9.874868320287655e-06,0.0002751641238219861,-1,0,0,0,-1,1,0,0,0
1472,4330,93.17461105744742,0,0,0,7,23,0,0,0,0,0.0002751641238219861,9.874868320287655e-06,0.0002751641238219861,-1,0,0,0,-1,1,0,0,0
1473,1367,107.9674432319738,0,0,0,3,16,0,0,0,0,0.0002751641238219861,9.874868320287655e-06,0.0002751641238219861,-1,0,0,0,-1,1,0,0,0
1474,2363,84.77462273438587,0,0,0,5,21,0,0,0,0,0.0002751641238219861,9.874868320287655e-06,0.0002751641238219861,-1,0,0,0,-1,1,0,0,0
1475,1304,88.1714665904303,0,0,0,3,9,0,0,0,0,0.0002751641238219861,9.874868320287655e-06,0.0002751641238219861,-1,0,0,0,-1,1,0,0,0
1476,42,90.9944856668983,0,0,0,3,18,0,0,0,0,0.0002751641238219861,9.874868320287655e-06,0.0002751641238219861,-1,0,0,0,-1,1,0,0,0
1477,543,95.7590053199814,0,0,0,4,25,0,0,0,0,0.0002751641238219861,9.874868320287655e-06,0.0002751641238219861,-1,0,0,0,-1,1,0,0,0
1478,0,96.69492179152158,0,0,0,1,10,0,0,0,0,0.0002751641238219861,9.874868320287655e-06,0.0002751641238219861,-1,0,0,0,-1,1,0,0,0
1479,2629,75.81978208182039,0,0,0,5,16,0,0,0,0,0.0002751641238219861,9.874868320287655e-06,0.0002751641238219861,-1,0,0,0,-1,1,0,0,0
1480,0,75.07229479153959,0,0,0,0,0,0,0,0,0,0.0002751641238219861,9.874868320287655e-06,0.0002751641238219861,-1,0,0,0,-1,1,0,0,0
1481,622,95.61908344064014,0,0,0,5,25,0,0,0,0,0.0002751641238219861,9.874868320287655e-06,0.0002751641238219861,-1,0,0,0,-1,1,0,0,0
1482,405,99.52030938037817,0,0,0,3,13,0,0,0,0,0.0002751641238219861,9.874868320287655e-06,0.0002751641238219861,-1,0,0,0,-1,1,0,0,0
1483,1474,95.80558661623505,0,0,0,3,24,0,0,0,0,0.0002751641238219861,9.874868320287655e-06,0.0002751641238219861,-1,0,0,0,-1,1,0,0,0
1484,0,73.35482006654671,0,0,0,3,16,0,0,0,0,0.0002751641238219861,9.874868320287655e-06,0.0002751641238219861,-1,0,0,0,-1,1,0,0,0
1485,0,105.4453436544147,0,0,0,2,22,0,0,0,0,0.0002751641238219861,9.874868320287655e-06,0.0002751641238219861,-1,0,0,0,-1,1,0,0,0
1486,2225,96.60019083702382,0,0,0,5,17,0,0,0,0,0.0002751641238219861,9.874868320287655e-06,0.0002751641238219861,-1,0,0,0,-1,1,0,0,0
1487,1476,95.82754849779913,0,0,0,4,17,0,0,0,0,0.0002751641238219861,9.874868320287655e-06,0.0002751641238219861,-1,0,0,0,-1,1,0,0,0
1488,0,66.0342756499624,0,0,0,1,7,0,0,0,0,0.0002751641238219861,9.874868320287655e-06,0.0002751641238219861,-1,0,0,0,-1,1,0,0,0
1489,2,103.0686916757371,0,0,0,4,17,0,0,0,0,0.0002751641238219861,9.874868320287655e-06,0.0002751641238219861,-1,0,0,0,-1,1,0,0,0
1490,476,78.15402752235377,0,0,0,3,18,0,0,0,0,0.0002751641238219861,9.874868320287655e-06,0.0002751641238219861,-1,0,0,0,-1,1,0,0,0
1491,481,57.97374737099723,0,0,0,6,36,0,0,0,0,0.0002751641238219861,9.874868320287655e-06,0.0002751641238219861,-1,0,0,0,-1,1,0,0,0
1492,0,79.48074061352044,0,0,0,1,10,0,0,0,0,0.0002751641238219861,9.874868320287655e-06,0.0002751641238219861,-1,0,0,0,-1,1,0,0,0
1493,2093,100.7883569380453,0,0,0,3,23,0,0,0,0,0.0002751641238219861,9.874868320287655e-06,0.0002751641238219861,-1,0,0,0,-1,1,0,0,0
1494,1294,80.78822574650728,0,0,0,3,17,0,0,0,0,0.0002751641238219861,9.874868320287655e-06,0.0002751641238219861,-1,0,0,0,-1,1,0,0,0
1495,28,91.08257117738714,0,0,0,4,29,0,0,0,0,0.0002751641238219861,9.874868320287655e-06,0.0002751641238219861,-1,0,0,0,-1,1,0,0,0
1496,1247,72.3128387655109,0,0,0,2,9,0,0,0,0,0.0002751641238219861,9.874868320287655e-06,0.0002751641238219861,-1,0,0,0,-1,1,0,0,0
1497,1912,93.01448312496595,0,0,0,4,24,0,0,0,0,0.0002751641238219861,9.874868320287655e-06,0.0002751641238219861,-1,0,0,0,-1,1,0,0,0
1498,0,58.93000632114929,0,0,0,4,17,0,0,0,0,0.0002751641238219861,9.874868320287655e-06,0.0002751641238219861,-1,0,0,0,-1,1,0,0,0
1499,0,80.40935363938547,0,0,0,2,13,0,0,0,0,0.0002751641238219861,9.874868320287655e-06,0.0002751641238219861,-1,0,0,0,-1,1,0,0,0
1500,834,76.97141589892342,0,0,0,3,16,0,0,0,0,0.0002751641238219861,9.874868320287655e-06,0.0002751641238219861,-1,0,0,0,-1,1,0,0,0
1501,0,74.09691564995363,0,0,0,2,17,0,0,0,0,0.0002751641238219861,9.874868320287655e-06,0.0002751641238219861,-1,0,0,0,-1,1,0,0,0
1502,1177,76.16023825288553,0,0,0,4,13,0,0,0,0,0.0002751641238219861,9.874868320287655e-06,0.0002751641238219861,-1,0,0,0,-1,1,0,0,0
1503,0,107.9728168363259,0,0,0,2,16,0,0,0,0,0.0002751641238219861,9.874868320287655e-06,0.0002751641238219861,-1,0,0,0,-1,1,0,0,0
1504,0,95.79633649551569,0,0,0,3,27,0,0,0,0,0.0002751641238219861,9.874868320287655e-06,0.0002751641238219861,-1,0,0,0,-1,1,0,0,0
1505,558,76.73436354856666,0,0,0,6,29,0,0,0,0,0.0002751641238219861,9.874868320287655e-06,0.0002751641238219861,-1,0,0,0,-1,1,0,0,0
1506,1193,105.2080682682315,0,0,0,3,19,0,0,0,0,0.0002751641238219861,9.874868320287655e-06,0.0002751641238219861,-1,0,0,0,-1,1,0,0,0
1507,1527,73.75521560220756,0,0,0,3,13,0,0,0,0,0.0002751641238219861,9.874868320287655e-06,0.0002751641238219861,-1,0,0,0,-1,1,0,0,0
1508,1,65.64691335729084,0,0,0,6,33,0,0,0,0,0.0002751641238219861,9.874868320287655e-06,0.0002751641238219861,-1,0,0,0,-1,1,0,0,0
1509,2068,95.75653140608296,0,0,0,4,25,0,0,0,0,0.0002751641238219861,9.874868320287655e-06,0.0002751641238219861,-1,0,0,0,-1,1,0,0,0
1510,592,90.93330940355337,0,0,0,3,23,0,0,0,0,0.0002751641238219861,9.874868320287655e-06,0.0002751641238219861,-1,0,0,0,-1,1,0,0,0
1511,1146,68.72969707729969,0,0,0,5,32,0,0,0,0,0.0002751641238219861,9.874868320287655e-06,0.0002751641238219861,-1,0,0,0,-1,1,0,0,0
1512,0,58.97477172992289,0,0,0,1,7,0,0,0,0,0.0002751641238219861,9.874868320287655e-06,0.0002751641238219861,-1,0,0,0,-1,1,0,0,0
1513,2111,95.7758869446336,0,0,0,4,30,0,0,0,0,0.0002751641238219861,9.874868320287655e-06,0.0002751641238219861,-1,0,0,0,-1,1,0,0,0
1514,0,86.6116356499673,0,0,0,0,0,0,0,0,0,0.0002751641238219861,9.874868320287655e-06,0.0002751641238219861,-1,0,0,0,-1,1,0,0,0
1515,739,73.47933370480412,0,0,0,4,21,0,0,0,0,0.0002751641238219861,9.874868320287655e-06,0.0002751641238219861,-1,0,0,0,-1,1,0,0,0
1516,186,88.50383276477736,0,0,0,4,18,0,0,0,0,0.0002751641238219861,9.874868320287655e-06,0.0002751641238219861,-1,0,0,0,-1,1,0,0,0
1517,211,95.858202388585,0,0,0,3,12,0,0,0,0,0.0002751641238219861,9.874868320287655e-06,0.0002751641238219861,-1,0,0,0,-1,1,0,0,0
1518,669,80.90531174342766,0,0,0,3,15,0,0,0,0,0.0002751641238219861,9.874868320287655e-06,0.0002751641238219861,-1,0,0,0,-1,1,0,0,0
1519,796,80.14755975011518,0,0,0,6,29,0,0,0,0,0.0002751641238219861,9.874868320287655e-06,0.0002751641238219861,-1,0,0,0,-1,1,0,0,0
1520,0,60.54026264993553,0,0,0,1,11,0,0,0,0,0.0002751641238219861,9.874868320287655e-06,0.0002751641238219861,-1,0,0,0,-1,1,0,0,0
1521,441,82.0617721010851,0,0,0,5,34,0,0,0,0,0.0002751641238219861,9.874868320287655e-06,0.0002751641238219861,-1,0,0,0,-1,1,0,0,0
1522,29241,138.2795039909706,0,0,0,1,10,0,0,0,0,0.0002751641238219861,9.874868320287655e-06,0.0002751641238219861,-1,0,0,0,-1,1,1,1,0
1523,3336,74.00818246627588,0,0,0,5,19,0,0,0,0,0.0002751641238219861,9.874868320287655e-06,0.0002751641238219861,-1,0,0,0,-1,1,0,0,0
1524,1376,89.67309422016301,0,0,0,6,31,0,0,0,0,0.0002751641238219861,9.874868320287655e-06,0.0002751641238219861,-1,0,0,0,-1,1,0,0,0
1525,3563,81.1985303203798,0,0,0,8,27,0,0,0,0,0.0002751641238219861,9.874868320287655e-06,0.0002751641238219861,-1,0,0,0,-1,1,0,0,0
1526,397,75.62266284246624,0,0,0,4,13,0,0,0,0,0.0002751641238219861,9.874868320287655e-06,0.0002751641238219861,-1,0,0,0,-1,1,0,0,0
1527,2589,71.10678335677238,0,0,0,7,30,0,0,0,0,0.0002751641238219861,9.874868320287655e-06,0.0002751641238219861,-1,0,0,0,-1,1,0,0,0
1528,1646,76.74303592373832,0,0,0,7,25,0,0,0,0,0.0002751641238219861,9.874868320287655e-06,0.0002751641238219861,-1,0,0,0,-1,1,0,0,0
1529,1959,107.9451859885409,0,0,0,3,19,0,0,0,0,0.0002751641238219861,9.874868320287655e-06,0.0002751641238219861,-1,0,0,0,-1,1,0,0,0
1530,717,67.4270251022002,0,0,0,5,26,0,0,0,0,0.0002751641238219861,9.874868320287655e-06,0.0002751641238219861,-1,0,0,0,-1,1,0,0,0
1531,14,74.23563023485234,0,0,0,6,28,0,0,0,0,0.0002751641238219861,9.874868320287655e-06,0.0002751641238219861,-1,0,0,0,-1,1,0,0,0
1532,992,107.4861806725214,0,0,0,3,14,0,0,0,0,0.0002751641238219861,9.874868320287655e-06,0.0002751641238219861,-1,0,0,0,-1,1,0,0,0
1533,2671,88.44536100898729,0,0,0,6,21,0,0,0,0,0.0002751641238219861,9.874868320287655e-06,0.0002751641238219861,-1,0,0,0,-1,1,0,0,0
1534,1325,100.6941520382337,0,0,0,4,15,0,0,0,0,0.0002751641238219861,9.874868320287655e-06,0.0002751641238219861,-1,0,0,0,-1,1,0,0,0
1535,0,71.2555104939929,0,0,0,3,31,0,0,0,0,0.0002751641238219861,9.874868320287655e-06,0.0002751641238219861,-1,0,0,0,-1,1,0,0,0
1536,5026,104.9115860238274,0,0,0,6,25,0,0,0,0,0.0002751641238219861,9.874868320287655e-06,0.0002751641238219861,-1,0,0,0,-1,1,0,0,0
1537,0,107.9535688321878,0,0,0,2,15,0,0,0,0,0.0002751641238219861,9.874868320287655e-06,0.0002751641238219861,-1,0,0,0,-1,1,0,0,0
1538,744,51.70266201524237,0,0,0,5,32,0,0,0,0,0.0002751641238219861,9.874868320287655e-06,0.0002751641238219861,-1,0,0,0,-1,1,0,0,0
1539,283,64.85911847831065,0,0,0,4,19,0,0,0,0,0.0002751641238219861,9.874868320287655e-06,0.0002751641238219861,-1,0,0,0,-1,1,0,0,0
1540,0,54.49493479153536,0,0,0,1,6,0,0,0,0,0.0002751641238219861,9.874868320287655e-06,0.0002751641238219861,-1,0,0,0,-1,1,0,0,0
1541,1063,82.34822662302615,0,0,0,6,35,0,0,0,0,0.0002751641238219861,9.874868320287655e-06,0.0002751641238219861,-1,0,0,0,-1,1,0,0,0
1542,826,75.08269380431601,0,0,0,6,26,0,0,0,0,0.0002751641238219861,9.874868320287655e-06,0.0002751641238219861,-1,0,0,0,-1,1,0,0,0
1543,169,94.04923668992819,0,0,0,3,24,0,0,0,0,0.0002751641238219861,9.874868320287655e-06,0.0002751641238219861,-1,0,0,0,-1,1,0,0,0
1544,1758,60.92407332611183,0,0,0,9,33,0,0,0,0,0.0002751641238219861,9.874868320287655e-06,0.0002751641238219861,-1,0,0,0,-1,1,0,0,0
1545,3481,89.47298634159122,0,0,0,5,21,0,0,0,0,0.0002751641238219861,9.874868320287655e-06,0.0002751641238219861,-1,0,0,0,-1,1,0,0,0
1546,122,83.58995858769802,0,0,0,5,24,0,0,0,0,0.0002751641238219861,9.874868320287655e-06,0.0002751641238219861,-1,0,0,0,-1,1,0,0,0
1547,0,72.09729914237595,0,0,0,2,19,0,0,0,0,0.0002751641238219861,9.874868320287655e-06,0.0002751641238219861,-1,0,0,0,-1,1,0,0,0
1548,1080,80.08453709270469,0,0,0,6,35,0,0,0,0,0.0002751641238219861,9.874868320287655e-06,0.0002751641238219861,-1,0,0,0,-1,1,0,0,0
1549,612,78.63564197249063,0,0,0,4,17,0,0,0,0,0.0002751641238219861,9.874868320287655e-06,0.0002751641238219861,-1,0,0,0,-1,1,0,0,0
1550,521,100.7946171099181,0,0,0,3,18,0,0,0,0,0.0002751641238219861,9.874868320287655e-06,0.0002751641238219861,-1,0,0,0,-1,1,0,0,0
1551,0,95.73661115321364,0,0,0,3,28,0,0,0,0,0.0002751641238219861,9.874868320287655e-06,0.0002751641238219861,-1,0,0,0,-1,1,0,0,0
1552,241,110.2770320513525,0,0,0,2,24,0,0,0,0,0.0002751641238219861,9.874868320287655e-06,0.0002751641238219861,-1,0,0,0,-1,1,0,0,0
1553,961,65.63274316790285,0,0,0,8,40,0,0,0,0,0.0002751641238219861,9.874868320287655e-06,0.0002751641238219861,-1,0,0,0,-1,1,0,0,0
1554,455,84.9266713502481,0,0,0,4,28,0,0,0,0,0.0002751641238219861,9.874868320287655e-06,0.0002751641238219861,-1,0,0,0,-1,1,0,0,0
1555,0,80.06402274261218,0,0,0,5,35,0,0,0,0,0.0002751641238219861,9.874868320287655e-06,0.0002751641238219861,-1,0,0,0,-1,1,0,0,0
1556,0,102.9931546654433,0,0,0,3,25,0,0,0,0,0.0002751641238219861,9.874868320287655e-06,0.0002751641238219861,-1,0,0,0,-1,1,0,0,0
1557,0,78.1810129322723,0,0,0,2,16,0,0,0,0,0.0002751641238219861,9.874868320287655e-06,0.0002751641238219861,-1,0,0,0,-1,1,0,0,0
1558,330,96.67819396443066,0,0,0,2,6,0,0,0,0,0.0002751641238219861,9.874868320287655e-06,0.0002751641238219861,-1,0,0,0,-1,1,0,0,0
1559,1259,103.0867083217468,0,0,0,3,23,0,0,0,0,0.0002751641238219861,9.874868320287655e-06,0.0002751641238219861,-1,0,0,0,-1,1,0,0,0
1560,129,86.8610419540944,0,0,0,1,11,0,0,0,0,0.0002751641238219861,9.874868320287655e-06,0.0002751641238219861,-1,0,0,0,-1,1,0,0,0
1561,2187,80.13330156725334,0,0,0,6,34,0,0,0,0,0.0002751641238219861,9.874868320287655e-06,0.0002751641238219861,-1,0,0,0,-1,1,0,0,0
1562,0,60.5919401656937,0,0,0,1,8,0,0,0,0,0.0002751641238219861,9.874868320287655e-06,0.0002751641238219861,-1,0,0,0,-1,1,0,0,0
1563,897,95.84007531145581,0,0,0,3,19,0,0,0,0,0.0002751641238219861,9.874868320287655e-06,0.0002751641238219861,-1,0,0,0,-1,1,0,0,0
1564,1014,97.96359983003721,0,0,0,4,17,0,0,0,0,0.0002751641238219861,9.874868320287655e-06,0.0002751641238219861,-1,0,0,0,-1,1,0,0,0
1565,0,95.71954264989991,0,0,0,3,23,0,0,0,0,0.0002751641238219861,9.874868320287655e-06,0.0002751641238219861,-1,0,0,0,-1,1,0,0,0
1566,0,97.94391564993916,0,0,0,2,10,0,0,0,0,0.0002751641238219861,9.874868320287655e-06,0.0002751641238219861,-1,0,0,0,-1,1,0,0,0
1567,289,88.28635282480643,0,0,0,4,14,0,0,0,0,0.0002751641238219861,9.874868320287655e-06,0.0002751641238219861,-1,0,0,0,-1,1,0,0,0
1568,2070,83.92292347190721,0,0,0,5,18,0,0,0,0,0.0002751641238219861,9.874868320287655e-06,0.0002751641238219861,-1,0,0,0,-1,1,0,0,0
1569,1092,103.2517623777155,0,0,0,3,21,0,0,0,0,0.0002751641238219861,9.874868320287655e-06,0.0002751641238219861,-1,0,0,0,-1,1,0,0,0
1570,1541,88.55515930925546,0,0,0,4,20,0,0,0,0,0.0002751641238219861,9.874868320287655e-06,0.0002751641238219861,-1,0,0,0,-1,1,0,0,0
1571,373,107.9958929215839,0,0,0,2,19,0,0,0,0,0.0002751641238219861,9.874868320287655e-06,0.0002751641238219861,-1,0,0,0,-1,1,0,0,0
1572,2079,75.12323723462508,0,0,0,6,29,0,0,0,0,0.0002751641238219861,9.874868320287655e-06,0.0002751641238219861,-1,0,0,0,-1,1,0,0,0
1573,1023,78.06152345398453,0,0,0,3,16,0,0,0,0,0.0002751641238219861,9.874868320287655e-06,0.0002751641238219861,-1,0,0,0,-1,1,0,0,0
1574,0,78.18266586409881,0,0,0,2,22,0,0,0,0,0.0002751641238219861,9.874868320287655e-06,0.0002751641238219861,-1,0,0,0,-1,1,0,0,0
1575,0,67.45098809744508,0,0,0,5,43,0,0,0,0,0.0002751641238219861,9.874868320287655e-06,0.0002751641238219861,-1,0,0,0,-1,1,0,0,0
1576,3336,95.95803521574486,0,0,0,4,24,0,0,0,0,0.0002751641238219861,9.874868320287655e-06,0.0002751641238219861,-1,0,0,0,-1,1,0,0,0
1577,271,98.01244678855015,0,0,0,3,21,0,0,0,0,0.0002751641238219861,9.874868320287655e-06,0.0002751641238219861,-1,0,0,0,-1,1,0,0,0
1578,882,108.1424264711215,0,0,0,3,19,0,0,0,0,0.0002751641238219861,9.874868320287655e-06,0.0002751641238219861,-1,0,0,0,-1,1,0,0,0
1579,2153,82.55383415437632,0,0,0,2,11,0,0,0,0,0.0002751641238219861,9.874868320287655e-06,0.0002751641238219861,-1,0,0,0,-1,1,0,0,0
1580,0,95.71954264977749,0,0,0,3,34,0,0,0,0,0.0002751641238219861,9.874868320287655e-06,0.0002751641238219861,-1,0,0,0,-1,1,0,0,0
1581,1163,95.78420256923965,0,0,0,3,17,0,0,0,0,0.0002751641238219861,9.874868320287655e-06,0.0002751641238219861,-1,0,0,0,-1,1,0,0,0
1582,692,105.3089267141212,0,0,0,2,23,0,0,0,0,0.0002751641238219861,9.874868320287655e-06,0.0002751641238219861,-1,0,0,0,-1,1,0,0,0
1583,937,71.02099526559329,0,0,0,3,22,0,0,0,0,0.0002751641238219861,9.874868320287655e-06,0.0002751641238219861,-1,0,0,0,-1,1,0,0,0
1584,40,83.67899578481753,0,0,0,4,25,0,0,0,0,0.0002751641238219861,9.874868320287655e-06,0.0002751641238219861,-1,0,0,0,-1,1,0,0,0
1585,0,58.31588964953258,0,0,0,2,19,0,0,0,0,0.0002751641238219861,9.874868320287655e-06,0.0002751641238219861,-1,0,0,0,-1,1,0,0,0
1586,0,59.77691564994246,0,0,0,2,14,0,0,0,0,0.0002751641238219861,9.874868320287655e-06,0.0002751641238219861,-1,0,0,0,-1,1,0,0,0
1587,1864,93.10941546381389,0,0,0,4,15,0,0,0,0,0.0002751641238219861,9.874868320287655e-06,0.0002751641238219861,-1,0,0,0,-1,1,0,0,0
1588,121,68.74452277573539,0,0,0,4,23,0,0,0,0,0.0002751641238219861,9.874868320287655e-06,0.0002751641238219861,-1,0,0,0,-1,1,0,0,0
1589,328,76.51369158937531,0,0,0,5,29,0,0,0,0,0.0002751641238219861,9.874868320287655e-06,0.0002751641238219861,-1,0,0,0,-1,1,0,0,0
1590,1677,72.53915557591112,0,0,0,3,18,0,0,0,0,0.0002751641238219861,9.874868320287655e-06,0.0002751641238219861,-1,0,0,0,-1,1,0,0,0
1591,0,69.64816964750422,0,0,0,4,33,0,0,0,0,0.0002751641238219861,9.874868320287655e-06,0.0002751641238219861,-1,0,0,0,-1,1,0,0,0
1592,1962,85.17844770185758,0,0,0,5,28,0,0,0,0,0.0002751641238219861,9.874868320287655e-06,0.0002751641238219861,-1,0,0,0,-1,1,0,0,0
1593,0,64.66982819652196,0,0,0,1,14,0,0,0,0,0.0002751641238219861,9.874868320287655e-06,0.0002751641238219861,-1,0,0,0,-1,1,0,0,0
1594,201,82.8771452078427,0,0,0,2,20,0,0,0,0,0.0002751641238219861,9.874868320287655e-06,0.0002751641238219861,-1,0,0,0,-1,1,0,0,0
1595,0,76.88090879152917,0,0,0,1,10,0,0,0,0,0.0002751641238219861,9.874868320287655e-06,0.0002751641238219861,-1,0,0,0,-1,1,0,0,0
1596,320,75.02201641777332,0,0,0,5,21,0,0,0,0,0.0002751641238219861,9.874868320287655e-06,0.0002751641238219861,-1,0,0,0,-1,1,0,0,0
1597,2477,76.49245039706771,0,0,0,6,25,0,0,0,0,0.0002751641238219861,9.874868320287655e-06,0.0002751641238219861,-1,0,0,0,-1,1,0,0,0
1598,39,79.98831238553792,0,0,0,5,33,0,0,0,0,0.0002751641238219861,9.874868320287655e-06,0.0002751641238219861,-1,0,0,0,-1,1,0,0,0
1599,0,86.6116356499666,0,0,0,0,0,0,0,0,0,0.0002751641238219861,9.874868320287655e-06,0.0002751641238219861,-1,0,0,0,-1,1,0,0,0
1600,2493,78.0374603990019,0,0,0,4,22,0,0,0,0,0.0002751641238219861,9.874868320287655e-06,0.0002751641238219861,-1,0,0,0,-1,1,0,0,0
1601,520,88.38042924516795,0,0,0,5,16,0,0,0,0,0.0002751641238219861,9.874868320287655e-06,0.0002751641238219861,-1,0,0,0,-1,1,0,0,0
1602,1757,78.67733518241451,0,0,0,5,31,0,0,0,0,0.0002751641238219861,9.874868320287655e-06,0.0002751641238219861,-1,0,0,0,-1,1,0,0,0
1603,0,98.04234746346742,0,0,0,2,22,0,0,0,0,0.0002751641238219861,9.874868320287655e-06,0.0002751641238219861,-1,0,0,0,-1,1,0,0,0
1604,220,60.60473079871596,0,0,0,7,37,0,0,0,0,0.0002751641238219861,9.874868320287655e-06,0.0002751641238219861,-1,0,0,0,-1,1,0,0,0
1605,1652,55.00797025912387,0,0,0,8,26,0,0,0,0,0.0002751641238219861,9.874868320287655e-06,0.0002751641238219861,-1,0,0,0,-1,1,0,0,0
1606,25,78.48637925903982,0,0,0,4,17,0,0,0,0,0.0002751641238219861,9.874868320287655e-06,0.0002751641238219861,-1,0,0,0,-1,1,0,0,0
1607,1373,74.07412712531347,0,0,0,3,17,0,0,0,0,0.0002751641238219861,9.874868320287655e-06,0.0002751641238219861,-1,0,0,0,-1,1,0,0,0
1608,1145,78.1624007625358,0,0,0,3,15,0,0,0,0,0.0002751641238219861,9.874868320287655e-06,0.0002751641238219861,-1,0,0,0,-1,1,0,0,0
1609,0,95.71954264800914,0,0,0,3,21,0,0,0,0,0.0002751641238219861,9.874868320287655e-06,0.0002751641238219861,-1,0,0,0,-1,1,0,0,0
1610,774,71.91126561011559,0,0,0,4,30,0,0,0,0,0.0002751641238219861,9.874868320287655e-06,0.0002751641238219861,-1,0,0,0,-1,1,0,0,0
1611,1643,76.35939924072058,0,0,0,5,12,0,0,0,0,0.0002751641238219861,9.874868320287655e-06,0.0002751641238219861,-1,0,0,0,-1,1,0,0,0
1612,139,98.25490590004624,0,0,0,2,11,0,0,0,0,0.0002751641238219861,9.874868320287655e-06,0.0002751641238219861,-1,0,0,0,-1,1,0,0,0
1613,0,79.67660815300015,0,0,0,2,16,0,0,0,0,0.0002751641238219861,9.874868320287655e-06,0.0002751641238219861,-1,0,0,0,-1,1,0,0,0
1614,1109,102.9002974395232,0,0,0,5,27,0,0,0,0,0.0002751641238219861,9.874868320287655e-06,0.0002751641238219861,-1,0,0,0,-1,1,0,0,0
1615,1496,78.55326047428193,0,0,0,3,7,0,0,0,0,0.0002751641238219861,9.874868320287655e-06,0.0002751641238219861,-1,0,0,0,-1,1,0,0,0
1616,1621,91.51204849640153,0,0,0,2,27,0,0,0,0,0.0002751641238219861,9.874868320287655e-06,0.0002751641238219861,-1,0,0,0,-1,1,0,0,0
1617,748,78.75275971825786,0,0,0,4,19,0,0,0,0,0.0002751641238219861,9.874868320287655e-06,0.0002751641238219861,-1,0,0,0,-1,1,0,0,0
1618,3838,79.76478960444517,0,0,0,5,22,0,0,0,0,0.0002751641238219861,9.874868320287655e-06,0.0002751641238219861,-1,0,0,0,-1,1,0,0,0
1619,0,66.0457187573127,0,0,0,1,8,0,0,0,0,0.0002751641238219861,9.874868320287655e-06,0.0002751641238219861,-1,0,0,0,-1,1,0,0,0
1620,0,95.73331869320593,0,0,0,3,27,0,0,0,0,0.0002751641238219861,9.874868320287655e-06,0.0002751641238219861,-1,0,0,0,-1,1,0,0,0
1621,222,56.580178258354,0,0,0,6,19,0,0,0,0,0.0002751641238219861,9.874868320287655e-06,0.0002751641238219861,-1,0,0,0,-1,1,0,0,0
1622,0,102.9931546623516,0,0,0,3,27,0,0,0,0,0.0002751641238219861,9.874868320287655e-06,0.0002751641238219861,-1,0,0,0,-1,1,0,0,0
1623,2119,85.64407880421979,0,0,0,4,21,0,0,0,0,0.0002751641238219861,9.874868320287655e-06,0.0002751641238219861,-1,0,0,0,-1,1,0,0,0
1624,1503,74.95139633477346,0,0,0,5,24,0,0,0,0,0.0002751641238219861,9.874868320287655e-06,0.0002751641238219861,-1,0,0,0,-1,1,0,0,0
1625,1643,102.9364091606001,0,0,0,4,18,0,0,0,0,0.0002751641238219861,9.874868320287655e-06,0.0002751641238219861,-1,0,0,0,-1,1,0,0,0
1626,279,75.14695425836622,0,0,0,5,39,0,0,0,0,0.0002751641238219861,9.874868320287655e-06,0.0002751641238219861,-1,0,0,0,-1,1,0,0,0
1627,2730,68.47329615072665,0,0,0,4,18,0,0,0,0,0.0002751641238219861,9.874868320287655e-06,0.0002751641238219861,-1,0,0,0,-1,1,0,0,0
1628,662,87.12477146171865,0,0,0,4,26,0,0,0,0,0.0002751641238219861,9.874868320287655e-06,0.0002751641238219861,-1,0,0,0,-1,1,0,0,0
1629,0,108.1052866565897,0,0,0,2,17,0,0,0,0,0.0002751641238219861,9.874868320287655e-06,0.0002751641238219861,-1,0,0,0,-1,1,0,0,0
1630,1664,58.59887875243471,0,0,0,5,22,0,0,0,0,0.0002751641238219861,9.874868320287655e-06,0.0002751641238219861,-1,0,0,0,-1,1,0,0,0
1631,1116,103.0749186694664,0,0,0,4,28,0,0,0,0,0.0002751641238219861,9.874868320287655e-06,0.0002751641238219861,-1,0,0,0,-1,1,0,0,0
1632,215,75.1417320595086,0,0,0,1,11,0,0,0,0,0.0002751641238219861,9.874868320287655e-06,0.0002751641238219861,-1,0,0,0,-1,1,0,0,0
1633,51,62.0445833539957,0,0,0,5,21,0,0,0,0,0.0002751641238219861,9.874868320287655e-06,0.0002751641238219861,-1,0,0,0,-1,1,0,0,0
1634,245,97.94391564995084,0,0,0,3,19,0,0,0,0,0.0002751641238219861,9.874868320287655e-06,0.0002751641238219861,-1,0,0,0,-1,1,0,0,0
1635,264,100.8876664070857,0,0,0,3,18,0,0,0,0,0.0002751641238219861,9.874868320287655e-06,0.0002751641238219861,-1,0,0,0,-1,1,0,0,0
1636,495,84.37634207338145,0,0,0,2,8,0,0,0,0,0.0002751641238219861,9.874868320287655e-06,0.0002751641238219861,-1,0,0,0,-1,1,0,0,0
1637,0,64.84075119438685,0,0,0,3,20,0,0,0,0,0.0002751641238219861,9.874868320287655e-06,0.0002751641238219861,-1,0,0,0,-1,1,0,0,0
1638,2403,77.34017067181372,0,0,0,5,19,0,0,0,0,0.0002751641238219861,9.874868320287655e-06,0.0002751641238219861,-1,0,0,0,-1,1,0,0,0
1639,1868,79.69223831424765,0,0,0,5,15,0,0,0,0,0.0002751641238219861,9.874868320287655e-06,0.0002751641238219861,-1,0,0,0,-1,1,0,0,0
1640,235,93.16287272925243,0,0,0,3,16,0,0,0,0,0.0002751641238219861,9.874868320287655e-06,0.0002751641238219861,-1,0,0,0,-1,1,0,0,0
1641,631,103.0322144871498,0,0,0,3,32,0,0,0,0,0.0002751641238219861,9.874868320287655e-06,0.0002751641238219861,-1,0,0,0,-1,1,0,0,0
1642,1299,99.59068834666024,0,0,0,2,14,0,0,0,0,0.0002751641238219861,9.874868320287655e-06,0.0002751641238219861,-1,0,0,0,-1,1,0,0,0
1643,0,78.19430037682076,0,0,0,2,21,0,0,0,0,0.0002751641238219861,9.874868320287655e-06,0.0002751641238219861,-1,0,0,0,-1,1,0,0,0
1644,1489,95.65436001572607,0,0,0,4,24,0,0,0,0,0.0002751641238219861,9.874868320287655e-06,0.0002751641238219861,-1,0,0,0,-1,1,0,0,0
1645,255,108.2763779613938,0,0,0,4,15,0,0,0,0,0.0002751641238219861,9.874868320287655e-06,0.0002751641238219861,-1,0,0,0,-1,1,0,0,0
1646,282,75.41158322522648,0,0,0,5,41,0,0,0,0,0.0002751641238219861,9.874868320287655e-06,0.0002751641238219861,-1,0,0,0,-1,1,0,0,0
1647,0,97.98150806988465,0,0,0,4,21,0,0,0,0,0.0002751641238219861,9.874868320287655e-06,0.0002751641238219861,-1,0,0,0,-1,1,0,0,0
1648,1217,78.07825822736321,0,0,0,3,15,0,0,0,0,0.0002751641238219861,9.874868320287655e-06,0.0002751641238219861,-1,0,0,0,-1,1,0,0,0
1649,1008,75.10444591589251,0,0,0,6,27,0,0,0,0,0.0002751641238219861,9.874868320287655e-06,0.0002751641238219861,-1,0,0,0,-1,1,0,0,0
1650,837,82.25668647770583,0,0,0,4,27,0,0,0,0,0.0002751641238219861,9.874868320287655e-06,0.0002751641238219861,-1,0,0,0,-1,1,0,0,0
1651,781,83.76649022419436,0,0,0,4,24,0,0,0,0,0.0002751641238219861,9.874868320287655e-06,0.0002751641238219861,-1,0,0,0,-1,1,0,0,0
1652,657,70.46020327940538,0,0,0,3,25,0,0,0,0,0.0002751641238219861,9.874868320287655e-06,0.0002751641238219861,-1,0,0,0,-1,1,0,0,0
1653,589,71.61602846864191,0,0,0,3,15,0,0,0,0,0.0002751641238219861,9.874868320287655e-06,0.0002751641238219861,-1,0,0,0,-1,1,0,0,0
1654,1455,100.7723956788958,0,0,0,4,22,0,0,0,0,0.0002751641238219861,9.874868320287655e-06,0.0002751641238219861,-1,0,0,0,-1,1,0,0,0
1655,0,99.45840826195948,0,0,0,2,17,0,0,0,0,0.0002751641238219861,9.874868320287655e-06,0.0002751641238219861,-1,0,0,0,-1,1,0,0,0
1656,345,80.1339631092597,0,0,0,6,41,0,0,0,0,0.0002751641238219861,9.874868320287655e-06,0.0002751641238219861,-1,0,0,0,-1,1,0,0,0
1657,0,95.71954264966035,0,0,0,3,27,0,0,0,0,0.0002751641238219861,9.874868320287655e-06,0.0002751641238219861,-1,0,0,0,-1,1,0,0,0
1658,1001,70.62236412128529,0,0,0,5,17,0,0,0,0,0.0002751641238219861,9.874868320287655e-06,0.0002751641238219861,-1,0,0,0,-1,1,0,0,0
1659,741,76.6602375197625,0,0,0,3,19,0,0,0,0,0.0002751641238219861,9.874868320287655e-06,0.0002751641238219861,-1,0,0,0,-1,1,0,0,0
1660,370,77.51313579091905,0,0,0,4,17,0,0,0,0,0.0002751641238219861,9.874868320287655e-06,0.0002751641238219861,-1,0,0,0,-1,1,0,0,0
1661,132,69.92651609199309,0,0,0,4,30,0,0,0,0,0.0002751641238219861,9.874868320287655e-06,0.0002751641238219861,-1,0,0,0,-1,1,0,0,0
1662,2040,74.20698132081172,0,0,0,4,12,0,0,0,0,0.0002751641238219861,9.874868320287655e-06,0.0002751641238219861,-1,0,0,0,-1,1,0,0,0
1663,839,100.8326274028826,0,0,0,3,16,0,0,0,0,0.0002751641238219861,9.874868320287655e-06,0.0002751641238219861,-1,0,0,0,-1,1,0,0,0
1664,2367,95.97455515537993,0,0,0,4,24,0,0,0,0,0.0002751641238219861,9.874868320287655e-06,0.0002751641238219861,-1,0,0,0,-1,1,0,0,0
1665,628,90.74247213220379,0,0,0,4,16,0,0,0,0,0.0002751641238219861,9.874868320287655e-06,0.0002751641238219861,-1,0,0,0,-1,1,0,0,0
1666,615,100.8090123137705,0,0,0,4,13,0,0,0,0,0.0002751641238219861,9.874868320287655e-06,0.0002751641238219861,-1,0,0,0,-1,1,0,0,0
1667,0,85.03577600936136,0,0,0,4,22,0,0,0,0,0.0002751641238219861,9.874868320287655e-06,0.0002751641238219861,-1,0,0,0,-1,1,0,0,0
1668,0,71.93944531843182,0,0,0,3,25,0,0,0,0,0.0002751641238219861,9.874868320287655e-06,0.0002751641238219861,-1,0,0,0,-1,1,0,0,0
1669,0,71.17731936872126,0,0,0,4,43,0,0,0,0,0.0002751641238219861,9.874868320287655e-06,0.0002751641238219861,-1,0,0,0,-1,1,0,0,0
1670,1121,95.85480117665615,0,0,0,5,18,0,0,0,0,0.0002751641238219861,9.874868320287655e-06,0.0002751641238219861,-1,0,0,0,-1,1,0,0,0
1671,0,73.48694671840687,0,0,0,3,30,0,0,0,0,0.0002751641238219861,9.874868320287655e-06,0.0002751641238219861,-1,0,0,0,-1,1,0,0,0
1672,126,50.55439458555315,0,0,0,4,24,0,0,0,0,0.0002751641238219861,9.874868320287655e-06,0.0002751641238219861,-1,0,0,0,-1,1,0,0,0
1673,43,90.18224738699395,0,0,0,3,17,0,0,0,0,0.0002751641238219861,9.874868320287655e-06,0.0002751641238219861,-1,0,0,0,-1,1,0,0,0
1674,1548,80.20820830403419,0,0,0,6,36,0,0,0,0,0.0002751641238219861,9.874868320287655e-06,0.0002751641238219861,-1,0,0,0,-1,1,0,0,0
1675,1046,95.6683732148792,0,0,0,4,30,0,0,0,0,0.0002751641238219861,9.874868320287655e-06,0.0002751641238219861,-1,0,0,0,-1,1,0,0,0
1676,800,80.23479864915278,0,0,0,6,33,0,0,0,0,0.0002751641238219861,9.874868320287655e-06,0.0002751641238219861,-1,0,0,0,-1,1,0,0,0
1677,312,75.18151121099065,0,0,0,4,15,0,0,0,0,0.0002751641238219861,9.874868320287655e-06,0.0002751641238219861,-1,0,0,0,-1,1,0,0,0
1678,184,93.53557763629853,0,0,0,3,24,0,0,0,0,0.0002751641238219861,9.874868320287655e-06,0.0002751641238219861,-1,0,0,0,-1,1,0,0,0
1679,331,90.77387208848825,0,0,0,4,26,0,0,0,0,0.0002751641238219861,9.874868320287655e-06,0.0002751641238219861,-1,0,0,0,-1,1,0,0,0
1680,2687,80.83779953995239,0,0,0,5,28,0,0,0,0,0.0002751641238219861,9.874868320287655e-06,0.0002751641238219861,-1,0,0,0,-1,1,0,0,0
1681,0,78.12990264978981,0,0,0,2,13,0,0,0,0,0.0002751641238219861,9.874868320287655e-06,0.0002751641238219861,-1,0,0,0,-1,1,0,0,0
1682,2748,88.50125896998502,0,0,0,6,22,0,0,0,0,0.0002751641238219861,9.874868320287655e-06,0.0002751641238219861,-1,0,0,0,-1,1,0,0,0
1683,0,62.05105246723243,0,0,0,1,12,0,0,0,0,0.0002751641238219861,9.874868320287655e-06,0.0002751641238219861,-1,0,0,0,-1,1,0,0,0
1684,431,58.99709556500074,0,0,0,6,20,0,0,0,0,0.0002751641238219861,9.874868320287655e-06,0.0002751641238219861,-1,0,0,0,-1,1,0,0,0
1685,140,68.72123981102359,0,0,0,4,17,0,0,0,0,0.0002751641238219861,9.874868320287655e-06,0.0002751641238219861,-1,0,0,0,-1,1,0,0,0
1686,1334,66.13346886630615,0,0,0,5,25,0,0,0,0,0.0002751641238219861,9.874868320287655e-06,0.0002751641238219861,-1,0,0,0,-1,1,0,0,0
1687,0,64.5732496496739,0,0,0,1,14,0,0,0,0,0.0002751641238219861,9.874868320287655e-06,0.0002751641238219861,-1,0,0,0,-1,1,0,0,0
1688,0,95.78207291165404,0,0,0,3,24,0,0,0,0,0.0002751641238219861,9.874868320287655e-06,0.0002751641238219861,-1,0,0,0,-1,1,0,0,0
1689,1790,79.01201137317612,0,0,0,6,21,0,0,0,0,0.0002751641238219861,9.874868320287655e-06,0.0002751641238219861,-1,0,0,0,-1,1,0,0,0
1690,0,63.04655564972896,0,0,0,3,29,0,0,0,0,0.0002751641238219861,9.874868320287655e-06,0.0002751641238219861,-1,0,0,0,-1,1,0,0,0
1691,563,85.03751406287866,0,0,0,4,25,0,0,0,0,0.0002751641238219861,9.874868320287655e-06,0.0002751641238219861,-1,0,0,0,-1,1,0,0,0
1692,0,78.12990264978635,0,0,0,2,20,0,0,0,0,0.0002751641238219861,9.874868320287655e-06,0.0002751641238219861,-1,0,0,0,-1,1,0,0,0
1693,0,68.72929754170684,0,0,0,4,24,0,0,0,0,0.0002751641238219861,9.874868320287655e-06,0.0002751641238219861,-1,0,0,0,-1,1,0,0,0
1694,1617,66.35956850520435,0,0,0,3,16,0,0,0,0,0.0002751641238219861,9.874868320287655e-06,0.0002751641238219861,-1,0,0,0,-1,1,0,0,0
1695,924,85.85501731123274,0,0,0,3,13,0,0,0,0,0.0002751641238219861,9.874868320287655e-06,0.0002751641238219861,-1,0,0,0,-1,1,0,0,0
1696,2024,82.2949622225678,0,0,0,6,35,0,0,0,0,0.0002751641238219861,9.874868320287655e-06,0.0002751641238219861,-1,0,0,0,-1,1,0,0,0
1697,0,74.09691551390452,0,0,0,2,13,0,0,0,0,0.0002751641238219861,9.874868320287655e-06,0.0002751641238219861,-1,0,0,0,-1,1,0,0,0
1698,1056,92.77536481410876,0,0,0,2,19,0,0,0,0,0.0002751641238219861,9.874868320287655e-06,0.0002751641238219861,-1,0,0,0,-1,1,0,0,0
1699,0,98.05703553660096,0,0,0,2,19,0,0,0,0,0.0002751641238219861,9.874868320287655e-06,0.0002751641238219861,-1,0,0,0,-1,1,0,0,0
1700,0,80.35427564995915,0,0,0,1,9,0,0,0,0,0.0002751641238219861,9.874868320287655e-06,0.0002751641238219861,-1,0,0,0,-1,1,0,0,0
1701,0,89.26866622764847,0,0,0,2,20,0,0,0,0,0.0002751641238219861,9.874868320287655e-06,0.0002751641238219861,-1,0,0,0,-1,1,0,0,0
1702,8,77.45692853652631,0,0,0,4,31,0,0,0,0,0.0002751641238219861,9.874868320287655e-06,0.0002751641238219861,-1,0,0,0,-1,1,0,0,0
1703,0,97.9439156499059,0,0,0,2,21,0,0,0,0,0.0002751641238219861,9.874868320287655e-06,0.0002751641238219861,-1,0,0,0,-1,1,0,0,0
1704,0,108.1014736472133,0,0,0,2,17,0,0,0,0,0.0002751641238219861,9.874868320287655e-06,0.0002751641238219861,-1,0,0,0,-1,1,0,0,0
1705,0,108.069032649676,0,0,0,2,23,0,0,0,0,0.0002751641238219861,9.874868320287655e-06,0.0002751641238219861,-1,0,0,0,-1,1,0,0,0
1706,2890,88.67820353216487,0,0,0,5,18,0,0,0,0,0.0002751641238219861,9.874868320287655e-06,0.0002751641238219861,-1,0,0,0,-1,1,0,0,0
1707,2714,55.48881297260247,0,0,0,5,18,0,0,0,0,0.0002751641238219861,9.874868320287655e-06,0.0002751641238219861,-1,0,0,0,-1,1,0,0,0
1708,6211,105.4861749267706,0,0,0,7,18,0,0,0,0,0.0002751641238219861,9.874868320287655e-06,0.0002751641238219861,-1,0,0,0,-1,1,0,0,0
1709,928,79.57543334468831,0,0,0,3,20,0,0,0,0,0.0002751641238219861,9.874868320287655e-06,0.0002751641238219861,-1,0,0,0,-1,1,0,0,0
1710,78,90.73005540092628,0,0,0,4,25,0,0,0,0,0.0002751641238219861,9.874868320287655e-06,0.0002751641238219861,-1,0,0,0,-1,1,0,0,0
1711,960,95.69461893711976,0,0,0,4,33,0,0,0,0,0.0002751641238219861,9.874868320287655e-06,0.0002751641238219861,-1,0,0,0,-1,1,0,0,0
1712,125,78.17501349870386,0,0,0,2,13,0,0,0,0,0.0002751641238219861,9.874868320287655e-06,0.0002751641238219861,-1,0,0,0,-1,1,0,0,0
1713,1863,81.25613159856381,0,0,0,5,28,0,0,0,0,0.0002751641238219861,9.874868320287655e-06,0.0002751641238219861,-1,0,0,0,-1,1,0,0,0
1714,216,79.99056656172162,0,0,0,5,27,0,0,0,0,0.0002751641238219861,9.874868320287655e-06,0.0002751641238219861,-1,0,0,0,-1,1,0,0,0
1715,66,67.98634903231607,0,0,0,5,29,0,0,0,0,0.0002751641238219861,9.874868320287655e-06,0.0002751641238219861,-1,0,0,0,-1,1,0,0,0
1716,0,77.41327464480828,0,0,0,3,18,0,0,0,0,0.0002751641238219861,9.874868320287655e-06,0.0002751641238219861,-1,0,0,0,-1,1,0,0,0
1717,0,70.87803990506355,0,0,0,3,19,0,0,0,0,0.0002751641238219861,9.874868320287655e-06,0.0002751641238219861,-1,0,0,0,-1,1,0,0,0
1718,130,69.68844848025435,0,0,0,3,26,0,0,0,0,0.0002751641238219861,9.874868320287655e-06,0.0002751641238219861,-1,0,0,0,-1,1,0,0,0
1719,2352,97.28824429846796,0,0,0,4,17,0,0,0,0,0.0002751641238219861,9.874868320287655e-06,0.0002751641238219861,-1,0,0,0,-1,1,0,0,0
1720,1608,69.70920199274765,0,0,0,5,30,0,0,0,0,0.0002751641238219861,9.874868320287655e-06,0.0002751641238219861,-1,0,0,0,-1,1,0,0,0
1721,0,85.02753015726145,0,0,0,4,19,0,0,0,0,0.0002751641238219861,9.874868320287655e-06,0.0002751641238219861,-1,0,0,0,-1,1,0,0,0
1722,2052,71.24045312676022,0,0,0,5,34,0,0,0,0,0.0002751641238219861,9.874868320287655e-06,0.0002751641238219861,-1,0,0,0,-1,1,0,0,0
1723,0,52.8481930747462,0,0,0,4,23,0,0,0,0,0.0002751641238219861,9.874868320287655e-06,0.0002751641238219861,-1,0,0,0,-1,1,0,0,0
1724,598,89.29041423354127,0,0,0,3,24,0,0,0,0,0.0002751641238219861,9.874868320287655e-06,0.0002751641238219861,-1,0,0,0,-1,1,0,0,0
1725,186,85.08607721061416,0,0,0,4,34,0,0,0,0,0.0002751641238219861,9.874868320287655e-06,0.0002751641238219861,-1,0,0,0,-1,1,0,0,0
1726,457,107.9394779155551,0,0,0,2,14,0,0,0,0,0.0002751641238219861,9.874868320287655e-06,0.0002751641238219861,-1,0,0,0,-1,1,0,0,0
1727,0,95.71954264993012,0,0,0,3,26,0,0,0,0,0.0002751641238219861,9.874868320287655e-06,0.0002751641238219861,-1,0,0,0,-1,1,0,0,0
1728,1317,75.04448097086561,0,0,0,5,46,0,0,0,0,0.0002751641238219861,9.874868320287655e-06,0.0002751641238219861,-1,0,0,0,-1,1,0,0,0
1729,4016,116.0875437039646,0,0,0,3,8,0,0,0,0,0.0002751641238219861,9.874868320287655e-06,0.0002751641238219861,-1,0,0,0,-1,1,0,0,0
1730,2501,102.9942876794141,0,0,0,3,32,0,0,0,0,0.0002751641238219861,9.874868320287655e-06,0.0002751641238219861,-1,0,0,0,-1,1,0,0,0
1731,0,78.12990264974633,0,0,0,2,22,0,0,0,0,0.0002751641238219861,9.874868320287655e-06,0.0002751641238219861,-1,0,0,0,-1,1,0,0,0
1732,177,75.13465275266768,0,0,0,1,6,0,0,0,0,0.0002751641238219861,9.874868320287655e-06,0.0002751641238219861,-1,0,0,0,-1,1,0,0,0
1733,2165,87.04592309774078,0,0,0,4,25,0,0,0,0,0.0002751641238219861,9.874868320287655e-06,0.0002751641238219861,-1,0,0,0,-1,1,0,0,0
1734,1465,101.0522914126506,0,0,0,3,19,0,0,0,0,0.0002751641238219861,9.874868320287655e-06,0.0002751641238219861,-1,0,0,0,-1,1,0,0,0
1735,704,80.41559222086812,0,0,0,2,10,0,0,0,0,0.0002751641238219861,9.874868320287655e-06,0.0002751641238219861,-1,0,0,0,-1,1,0,0,0
1736,1225,100.4425039942527,0,0,0,3,21,0,0,0,0,0.0002751641238219861,9.874868320287655e-06,0.0002751641238219861,-1,0,0,0,-1,1,0,0,0
1737,881,95.88850352565653,0,0,0,5,26,0,0,0,0,0.0002751641238219861,9.874868320287655e-06,0.0002751641238219861,-1,0,0,0,-1,1,0,0,0
1738,100,69.80199704996285,0,0,0,4,21,0,0,0,0,0.0002751641238219861,9.874868320287655e-06,0.0002751641238219861,-1,0,0,0,-1,1,0,0,0
1739,30875,138.2795039907772,0,0,0,1,3,0,0,0,0,0.0002751641238219861,9.874868320287655e-06,0.0002751641238219861,-1,0,0,0,-1,1,1,1,0
1740,0,83.64545467424267,0,0,0,2,22,0,0,0,0,0.0002751641238219861,9.874868320287655e-06,0.0002751641238219861,-1,0,0,0,-1,1,0,0,0
1741,864,75.94415917819164,0,0,0,4,27,0,0,0,0,0.0002751641238219861,9.874868320287655e-06,0.0002751641238219861,-1,0,0,0,-1,1,0,0,0
1742,1944,95.83316933262397,0,0,0,3,16,0,0,0,0,0.0002751641238219861,9.874868320287655e-06,0.0002751641238219861,-1,0,0,0,-1,1,0,0,0
1743,52,74.9716864572971,0,0,0,3,25,0,0,0,0,0.0002751641238219861,9.874868320287655e-06,0.0002751641238219861,-1,0,0,0,-1,1,0,0,0
1744,1055,74.0593692753062,0,0,0,4,25,0,0,0,0,0.0002751641238219861,9.874868320287655e-06,0.0002751641238219861,-1,0,0,0,-1,1,0,0,0
1745,0,80.57903214290566,0,0,0,0,1,0,0,0,0,0.0002751641238219861,9.874868320287655e-06,0.0002751641238219861,-1,0,0,0,-1,1,0,0,0
1746,730,102.9108218137683,0,0,0,5,38,0,0,0,0,0.0002751641238219861,9.874868320287655e-06,0.0002751641238219861,-1,0,0,0,-1,1,0,0,0
1747,0,71.92461929363053,0,0,0,3,34,0,0,0,0,0.0002751641238219861,9.874868320287655e-06,0.0002751641238219861,-1,0,0,0,-1,1,0,0,0
1748,1261,97.90326439964879,0,0,0,3,20,0,0,0,0,0.0002751641238219861,9.874868320287655e-06,0.0002751641238219861,-1,0,0,0,-1,1,0,0,0
1749,950,70.17756375602882,0,0,0,5,22,0,0,0,0,0.0002751641238219861,9.874868320287655e-06,0.0002751641238219861,-1,0,0,0,-1,1,0,0,0
1750,1071,88.5834718133181,0,0,0,6,18,0,0,0,0,0.0002751641238219861,9.874868320287655e-06,0.0002751641238219861,-1,0,0,0,-1,1,0,0,0
1751,350,83.34734869144972,0,0,0,2,19,0,0,0,0,0.0002751641238219861,9.874868320287655e-06,0.0002751641238219861,-1,0,0,0,-1,1,0,0,0
1752,0,67.60534668480867,0,0,0,6,47,0,0,0,0,0.0002751641238219861,9.874868320287655e-06,0.0002751641238219861,-1,0,0,0,-1,1,0,0,0
1753,495,74.77138961392561,0,0,0,4,18,0,0,0,0,0.0002751641238219861,9.874868320287655e-06,0.0002751641238219861,-1,0,0,0,-1,1,0,0,0
1754,0,79.57134420667545,0,0,0,1,11,0,0,0,0,0.0002751641238219861,9.874868320287655e-06,0.0002751641238219861,-1,0,0,0,-1,1,0,0,0
1755,978,80.25902164963787,0,0,0,4,35,0,0,0,0,0.0002751641238219861,9.874868320287655e-06,0.0002751641238219861,-1,0,0,0,-1,1,0,0,0
1756,0,97.36263570715852,0,0,0,2,16,0,0,0,0,0.0002751641238219861,9.874868320287655e-06,0.0002751641238219861,-1,0,0,0,-1,1,0,0,0
1757,465,105.2467902231081,0,0,0,2,21,0,0,0,0,0.0002751641238219861,9.874868320287655e-06,0.0002751641238219861,-1,0,0,0,-1,1,0,0,0
1758,0,95.71954264987033,0,0,0,3,30,0,0,0,0,0.0002751641238219861,9.874868320287655e-06,0.0002751641238219861,-1,0,0,0,-1,1,0,0,0
1759,0,84.38726264933031,0,0,0,1,6,0,0,0,0,0.0002751641238219861,9.874868320287655e-06,0.0002751641238219861,-1,0,0,0,-1,1,0,0,0
1760,1809,70.15563957406728,0,0,0,5,35,0,0,0,0,0.0002751641238219861,9.874868320287655e-06,0.0002751641238219861,-1,0,0,0,-1,1,0,0,0
1761,831,95.8581027337279,0,0,0,3,24,0,0,0,0,0.0002751641238219861,9.874868320287655e-06,0.0002751641238219861,-1,0,0,0,-1,1,0,0,0
1762,222,73.25444968495776,0,0,0,2,13,0,0,0,0,0.0002751641238219861,9.874868320287655e-06,0.0002751641238219861,-1,0,0,0,-1,1,0,0,0
1763,0,107.9394779153206,0,0,0,2,19,0,0,0,0,0.0002751641238219861,9.874868320287655e-06,0.0002751641238219861,-1,0,0,0,-1,1,0,0,0
1764,0,84.38726264995053,0,0,0,1,7,0,0,0,0,0.0002751641238219861,9.874868320287655e-06,0.0002751641238219861,-1,0,0,0,-1,1,0,0,0
1765,1909,97.94591139883846,0,0,0,4,18,0,0,0,0,0.0002751641238219861,9.874868320287655e-06,0.0002751641238219861,-1,0,0,0,-1,1,0,0,0
1766,2,60.70424988052108,0,0,0,6,28,0,0,0,0,0.0002751641238219861,9.874868320287655e-06,0.0002751641238219861,-1,0,0,0,-1,1,0,0,0
1767,572,78.07738693366741,0,0,0,3,19,0,0,0,0,0.0002751641238219861,9.874868320287655e-06,0.0002751641238219861,-1,0,0,0,-1,1,0,0,0
1768,0,78.12990263061874,0,0,0,2,14,0,0,0,0,0.0002751641238219861,9.874868320287655e-06,0.0002751641238219861,-1,0,0,0,-1,1,0,0,0
1769,322,100.8670514660674,0,0,0,3,15,0,0,0,0,0.0002751641238219861,9.874868320287655e-06,0.0002751641238219861,-1,0,0,0,-1,1,0,0,0
1770,180,89.05699646998011,0,0,0,3,11,0,0,0,0,0.0002751641238219861,9.874868320287655e-06,0.0002751641238219861,-1,0,0,0,-1,1,0,0,0
1771,353,97.9916805528117,0,0,0,3,20,0,0,0,0,0.0002751641238219861,9.874868320287655e-06,0.0002751641238219861,-1,0,0,0,-1,1,0,0,0
1772,4964,80.26956722211123,0,0,0,7,24,0,0,0,0,0.0002751641238219861,9.874868320287655e-06,0.0002751641238219861,-1,0,0,0,-1,1,0,0,0
1773,0,93.51887053806365,0,0,0,4,13,0,0,0,0,0.0002751641238219861,9.874868320287655e-06,0.0002751641238219861,-1,0,0,0,-1,1,0,0,0
1774,2826,83.85467450084766,0,0,0,5,14,0,0,0,0,0.0002751641238219861,9.874868320287655e-06,0.0002751641238219861,-1,0,0,0,-1,1,0,0,0
1775,0,98.04292447931351,0,0,0,2,22,0,0,0,0,0.0002751641238219861,9.874868320287655e-06,0.0002751641238219861,-1,0,0,0,-1,1,0,0,0
1776,0,79.71734822019891,0,0,0,1,11,0,0,0,0,0.0002751641238219861,9.874868320287655e-06,0.0002751641238219861,-1,0,0,0,-1,1,0,0,0
1777,2064,78.57847799623467,0,0,0,4,25,0,0,0,0,0.0002751641238219861,9.874868320287655e-06,0.0002751641238219861,-1,0,0,0,-1,1,0,0,0
1778,387,61.35896823150353,0,0,0,4,29,0,0,0,0,0.0002751641238219861,9.874868320287655e-06,0.0002751641238219861,-1,0,0,0,-1,1,0,0,0
1779,8,100.8720763194969,0,0,0,3,24,0,0,0,0,0.0002751641238219861,9.874868320287655e-06,0.0002751641238219861,-1,0,0,0,-1,1,0,0,0
1780,1823,76.39844218809135,0,0,0,6,34,0,0,0,0,0.0002751641238219861,9.874868320287655e-06,0.0002751641238219861,-1,0,0,0,-1,1,0,0,0
1781,463,91.09184957373158,0,0,0,4,11,0,0,0,0,0.0002751641238219861,9.874868320287655e-06,0.0002751641238219861,-1,0,0,0,-1,1,0,0,0
1782,2638,78.195571963552,0,0,0,5,28,0,0,0,0,0.0002751641238219861,9.874868320287655e-06,0.0002751641238219861,-1,0,0,0,-1,1,0,0,0
1783,0,78.18665398444102,0,0,0,2,18,0,0,0,0,0.0002751641238219861,9.874868320287655e-06,0.0002751641238219861,-1,0,0,0,-1,1,0,0,0
1784,1540,97.92214155251172,0,0,0,5,29,0,0,0,0,0.0002751641238219861,9.874868320287655e-06,0.0002751641238219861,-1,0,0,0,-1,1,0,0,0
1785,0,80.4056589311989,0,0,0,2,15,0,0,0,0,0.0002751641238219861,9.874868320287655e-06,0.0002751641238219861,-1,0,0,0,-1,1,0,0,0
1786,1006,78.04592994669228,0,0,0,3,9,0,0,0,0,0.0002751641238219861,9.874868320287655e-06,0.0002751641238219861,-1,0,0,0,-1,1,0,0,0
1787,1521,70.23521073556903,0,0,0,5,20,0,0,0,0,0.0002751641238219861,9.874868320287655e-06,0.0002751641238219861,-1,0,0,0,-1,1,0,0,0
1788,752,65.97664311191093,0,0,0,3,23,0,0,0,0,0.0002751641238219861,9.874868320287655e-06,0.0002751641238219861,-1,0,0,0,-1,1,0,0,0
1789,962,83.71078504297915,0,0,0,4,26,0,0,0,0,0.0002751641238219861,9.874868320287655e-06,0.0002751641238219861,-1,0,0,0,-1,1,0,0,0
1790,2727,103.0633977113803,0,0,0,6,23,0,0,0,0,0.0002751641238219861,9.874868320287655e-06,0.0002751641238219861,-1,0,0,0,-1,1,0,0,0
1791,0,89.26103003050301,0,0,0,2,11,0,0,0,0,0.0002751641238219861,9.874868320287655e-06,0.0002751641238219861,-1,0,0,0,-1,1,0,0,0
1792,9,90.22333263490081,0,0,0,3,22,0,0,0,0,0.0002751641238219861,9.874868320287655e-06,0.0002751641238219861,-1,0,0,0,-1,1,0,0,0
1793,512,95.74643187918633,0,0,0,4,30,0,0,0,0,0.0002751641238219861,9.874868320287655e-06,0.0002751641238219861,-1,0,0,0,-1,1,0,0,0
1794,657,80.240754407872,0,0,0,4,19,0,0,0,0,0.0002751641238219861,9.874868320287655e-06,0.0002751641238219861,-1,0,0,0,-1,1,0,0,0
1795,629,49.0884865122872,0,0,0,4,16,0,0,0,0,0.0002751641238219861,9.874868320287655e-06,0.0002751641238219861,-1,0,0,0,-1,1,0,0,0
1796,2400,64.76900333577406,0,0,0,5,26,0,0,0,0,0.0002751641238219861,9.874868320287655e-06,0.0002751641238219861,-1,0,0,0,-1,1,0,0,0
1797,711,63.39622044681113,0,0,0,3,13,0,0,0,0,0.0002751641238219861,9.874868320287655e-06,0.0002751641238219861,-1,0,0,0,-1,1,0,0,0
1798,0,72.00930430770555,0,0,0,3,21,0,0,0,0,0.0002751641238219861,9.874868320287655e-06,0.0002751641238219861,-1,0,0,0,-1,1,0,0,0
1799,1025,81.75663943896369,0,0,0,3,10,0,0,0,0,0.0002751641238219861,9.874868320287655e-06,0.0002751641238219861,-1,0,0,0,-1,1,0,0,0
1800,278,95.6994980830636,0,0,0,4,27,0,0,0,0,0.0002751641238219861,9.874868320287655e-06,0.0002751641238219861,-1,0,0,0,-1,1,0,0,0
1801,0,95.82643526500738,0,0,0,3,32,0,0,0,0,0.0002751641238219861,9.874868320287655e-06,0.0002751641238219861,-1,0,0,0,-1,1,0,0,0
1802,0,95.71954264936798,0,0,0,3,16,0,0,0,0,0.0002751641238219861,9.874868320287655e-06,0.0002751641238219861,-1,0,0,0,-1,1,0,0,0
1803,273,67.37193961236618,0,0,0,4,15,0,0,0,0,0.0002751641238219861,9.874868320287655e-06,0.0002751641238219861,-1,0,0,0,-1,1,0,0,0
1804,886,80.13648908502032,0,0,0,6,31,0,0,0,0,0.0002751641238219861,9.874868320287655e-06,0.0002751641238219861,-1,0,0,0,-1,1,0,0,0
1805,3382,61.95718397392223,0,0,0,5,21,0,0,0,0,0.0002751641238219861,9.874868320287655e-06,0.0002751641238219861,-1,0,0,0,-1,1,0,0,0
1806,65,71.45172336924713,0,0,0,5,21,0,0,0,0,0.0002751641238219861,9.874868320287655e-06,0.0002751641238219861,-1,0,0,0,-1,1,0,0,0
1807,608,108.0068867132342,0,0,0,3,14,0,0,0,0,0.0002751641238219861,9.874868320287655e-06,0.0002751641238219861,-1,0,0,0,-1,1,0,0,0
1808,788,72.79119160658364,0,0,0,6,26,0,0,0,0,0.0002751641238219861,9.874868320287655e-06,0.0002751641238219861,-1,0,0,0,-1,1,0,0,0
1809,657,97.92541376882555,0,0,0,4,19,0,0,0,0,0.0002751641238219861,9.874868320287655e-06,0.0002751641238219861,-1,0,0,0,-1,1,0,0,0
1810,1511,97.85518625129502,0,0,0,4,14,0,0,0,0,0.0002751641238219861,9.874868320287655e-06,0.0002751641238219861,-1,0,0,0,-1,1,0,0,0
1811,1307,97.29850051185613,0,0,0,3,17,0,0,0,0,0.0002751641238219861,9.874868320287655e-06,0.0002751641238219861,-1,0,0,0,-1,1,0,0,0
1812,458,86.00191102178522,0,0,0,3,26,0,0,0,0,0.0002751641238219861,9.874868320287655e-06,0.0002751641238219861,-1,0,0,0,-1,1,0,0,0
1813,573,85.83779273535025,0,0,0,3,16,0,0,0,0,0.0002751641238219861,9.874868320287655e-06,0.0002751641238219861,-1,0,0,0,-1,1,0,0,0
1814,0,88.58912365881137,0,0,0,4,24,0,0,0,0,0.0002751641238219861,9.874868320287655e-06,0.0002751641238219861,-1,0,0,0,-1,1,0,0,0
1815,151,72.57647387577497,0,0,0,5,29,0,0,0,0,0.0002751641238219861,9.874868320287655e-06,0.0002751641238219861,-1,0,0,0,-1,1,0,0,0
1816,1724,77.14151202959526,0,0,0,5,17,0,0,0,0,0.0002751641238219861,9.874868320287655e-06,0.0002751641238219861,-1,0,0,0,-1,1,0,0,0
1817,7,95.91660207720298,0,0,0,3,18,0,0,0,0,0.0002751641238219861,9.874868320287655e-06,0.0002751641238219861,-1,0,0,0,-1,1,0,0,0
1818,0,79.6036530012684,0,0,0,2,16,0,0,0,0,0.0002751641238219861,9.874868320287655e-06,0.0002751641238219861,-1,0,0,0,-1,1,0,0,0
1819,0,105.2175276650494,0,0,0,2,11,0,0,0,0,0.0002751641238219861,9.874868320287655e-06,0.0002751641238219861,-1,0,0,0,-1,1,0,0,0
1820,1487,88.73987381788281,0,0,0,5,25,0,0,0,0,0.0002751641238219861,9.874868320287655e-06,0.0002751641238219861,-1,0,0,0,-1,1,0,0,0
1821,649,100.7367996580187,0,0,0,3,11,0,0,0,0,0.0002751641238219861,9.874868320287655e-06,0.0002751641238219861,-1,0,0,0,-1,1,0,0,0
1822,211,98.06625410174969,0,0,0,3,23,0,0,0,0,0.0002751641238219861,9.874868320287655e-06,0.0002751641238219861,-1,0,0,0,-1,1,0,0,0
1823,0,64.23838600133777,0,0,0,0,0,0,0,0,0,0.0002751641238219861,9.874868320287655e-06,0.0002751641238219861,-1,0,0,0,-1,1,0,0,0
1824,734,95.87780100459041,0,0,0,4,19,0,0,0,0,0.0002751641238219861,9.874868320287655e-06,0.0002751641238219861,-1,0,0,0,-1,1,0,0,0
1825,790,77.36866015753783,0,0,0,4,25,0,0,0,0,0.0002751641238219861,9.874868320287655e-06,0.0002751641238219861,-1,0,0,0,-1,1,0,0,0
1826,2,90.40645603299389,0,0,0,2,20,0,0,0,0,0.0002751641238219861,9.874868320287655e-06,0.0002751641238219861,-1,0,0,0,-1,1,0,0,0
1827,1371,77.78281283484766,0,0,0,4,18,0,0,0,0,0.0002751641238219861,9.874868320287655e-06,0.0002751641238219861,-1,0,0,0,-1,1,0,0,0
1828,1625,75.95926033069591,0,0,0,5,22,0,0,0,0,0.0002751641238219861,9.874868320287655e-06,0.0002751641238219861,-1,0,0,0,-1,1,0,0,0
1829,1530,79.61209917645196,0,0,0,5,24,0,0,0,0,0.0002751641238219861,9.874868320287655e-06,0.0002751641238219861,-1,0,0,0,-1,1,0,0,0
1830,135,81.43280459853085,0,0,0,5,27,0,0,0,0,0.0002751641238219861,9.874868320287655e-06,0.0002751641238219861,-1,0,0,0,-1,1,0,0,0
1831,348,85.87433763180321,0,0,0,3,16,0,0,0,0,0.0002751641238219861,9.874868320287655e-06,0.0002751641238219861,-1,0,0,0,-1,1,0,0,0
1832,0,57.55254264915801,0,0,0,3,22,0,0,0,0,0.0002751641238219861,9.874868320287655e-06,0.0002751641238219861,-1,0,0,0,-1,1,0,0,0
1833,542,95.3070921017222,0,0,0,2,11,0,0,0,0,0.0002751641238219861,9.874868320287655e-06,0.0002751641238219861,-1,0,0,0,-1,1,0,0,0
1834,0,74.32167214288587,0,0,0,1,9,0,0,0,0,0.0002751641238219861,9.874868320287655e-06,0.0002751641238219861,-1,0,0,0,-1,1,0,0,0
1835,1567,70.21984258019836,0,0,0,6,23,0,0,0,0,0.0002751641238219861,9.874868320287655e-06,0.0002751641238219861,-1,0,0,0,-1,1,0,0,0
1836,0,78.12990264992897,0,0,0,2,16,0,0,0,0,0.0002751641238219861,9.874868320287655e-06,0.0002751641238219861,-1,0,0,0,-1,1,0,0,0
1837,2930,84.77587738346439,0,0,0,4,10,0,0,0,0,0.0002751641238219861,9.874868320287655e-06,0.0002751641238219861,-1,0,0,0,-1,1,0,0,0
1838,111,75.14848931032546,0,0,0,5,25,0,0,0,0,0.0002751641238219861,9.874868320287655e-06,0.0002751641238219861,-1,0,0,0,-1,1,0,0,0
1839,0,97.94391564951368,0,0,0,2,25,0,0,0,0,0.0002751641238219861,9.874868320287655e-06,0.0002751641238219861,-1,0,0,0,-1,1,0,0,0
1840,1376,55.79294272289524,0,0,0,5,32,0,0,0,0,0.0002751641238219861,9.874868320287655e-06,0.0002751641238219861,-1,0,0,0,-1,1,0,0,0
1841,350,72.69726706290444,0,0,0,5,36,0,0,0,0,0.0002751641238219861,9.874868320287655e-06,0.0002751641238219861,-1,0,0,0,-1,1,0,0,0
1842,186,95.83422709468982,0,0,0,4,24,0,0,0,0,0.0002751641238219861,9.874868320287655e-06,0.0002751641238219861,-1,0,0,0,-1,1,0,0,0
1843,906,75.89176069085747,0,0,0,4,25,0,0,0,0,0.0002751641238219861,9.874868320287655e-06,0.0002751641238219861,-1,0,0,0,-1,1,0,0,0
1844,1347,78.32217182827388,0,0,0,4,18,0,0,0,0,0.0002751641238219861,9.874868320287655e-06,0.0002751641238219861,-1,0,0,0,-1,1,0,0,0
1845,0,74.13802544083552,0,0,0,2,17,0,0,0,0,0.0002751641238219861,9.874868320287655e-06,0.0002751641238219861,-1,0,0,0,-1,1,0,0,0
1846,0,103.1266578403946,0,0,0,3,26,0,0,0,0,0.0002751641238219861,9.874868320287655e-06,0.0002751641238219861,-1,0,0,0,-1,1,0,0,0
1847,0,67.48992937446815,0,0,0,4,20,0,0,0,0,0.0002751641238219861,9.874868320287655e-06,0.0002751641238219861,-1,0,0,0,-1,1,0,0,0
1848,1901,62.03071071244388,0,0,0,5,29,0,0,0,0,0.0002751641238219861,9.874868320287655e-06,0.0002751641238219861,-1,0,0,0,-1,1,0,0,0
1849,1616,62.49837241174144,0,0,0,6,33,0,0,0,0,0.0002751641238219861,9.874868320287655e-06,0.0002751641238219861,-1,0,0,0,-1,1,0,0,0
1850,107,66.0020763006226,0,0,0,2,11,0,0,0,0,0.0002751641238219861,9.874868320287655e-06,0.0002751641238219861,-1,0,0,0,-1,1,0,0,0
1851,2900,68.17963966965581,0,0,0,6,21,0,0,0,0,0.0002751641238219861,9.874868320287655e-06,0.0002751641238219861,-1,0,0,0,-1,1,0,0,0
1852,1667,83.62748746917183,0,0,0,5,26,0,0,0,0,0.0002751641238219861,9.874868320287655e-06,0.0002751641238219861,-1,0,0,0,-1,1,0,0,0
1853,608,73.37732686125746,0,0,0,3,17,0,0,0,0,0.0002751641238219861,9.874868320287655e-06,0.0002751641238219861,-1,0,0,0,-1,1,0,0,0
1854,29563,138.2795039978067,0,0,0,1,7,0,0,0,0,0.0002751641238219861,9.874868320287655e-06,0.0002751641238219861,-1,0,0,0,-1,1,1,1,0
1855,404,108.0043065986367,0,0,0,2,11,0,0,0,0,0.0002751641238219861,9.874868320287655e-06,0.0002751641238219861,-1,0,0,0,-1,1,0,0,0
1856,957,85.77803584943825,0,0,0,3,16,0,0,0,0,0.0002751641238219861,9.874868320287655e-06,0.0002751641238219861,-1,0,0,0,-1,1,0,0,0
1857,0,80.02736864055508,0,0,0,5,29,0,0,0,0,0.0002751641238219861,9.874868320287655e-06,0.0002751641238219861,-1,0,0,0,-1,1,0,0,0
1858,1312,97.76765901082177,0,0,0,1,4,0,0,0,0,0.0002751641238219861,9.874868320287655e-06,0.0002751641238219861,-1,0,0,0,-1,1,0,0,0
1859,677,100.8809988272496,0,0,0,3,18,0,0,0,0,0.0002751641238219861,9.874868320287655e-06,0.0002751641238219861,-1,0,0,0,-1,1,0,0,0
1860,1218,77.12110151968325,0,0,0,5,30,0,0,0,0,0.0002751641238219861,9.874868320287655e-06,0.0002751641238219861,-1,0,0,0,-1,1,0,0,0
1861,2815,72.83530478149146,0,0,0,7,39,0,0,0,0,0.0002751641238219861,9.874868320287655e-06,0.0002751641238219861,-1,0,0,0,-1,1,0,0,0
1862,1418,95.84907278959034,0,0,0,3,24,0,0,0,0,0.0002751641238219861,9.874868320287655e-06,0.0002751641238219861,-1,0,0,0,-1,1,0,0,0
1863,4,78.02135157526823,0,0,0,3,12,0,0,0,0,0.0002751641238219861,9.874868320287655e-06,0.0002751641238219861,-1,0,0,0,-1,1,0,0,0
1864,1014,84.55464878484558,0,0,0,4,27,0,0,0,0,0.0002751641238219861,9.874868320287655e-06,0.0002751641238219861,-1,0,0,0,-1,1,0,0,0
1865,638,107.9394779151173,0,0,0,2,18,0,0,0,0,0.0002751641238219861,9.874868320287655e-06,0.0002751641238219861,-1,0,0,0,-1,1,0,0,0
1866,571,77.87537752516074,0,0,0,4,29,0,0,0,0,0.0002751641238219861,9.874868320287655e-06,0.0002751641238219861,-1,0,0,0,-1,1,0,0,0
1867,0,71.1745526365942,0,0,0,4,29,0,0,0,0,0.0002751641238219861,9.874868320287655e-06,0.0002751641238219861,-1,0,0,0,-1,1,0,0,0
1868,2374,70.59855193628579,0,0,0,5,21,0,0,0,0,0.0002751641238219861,9.874868320287655e-06,0.0002751641238219861,-1,0,0,0,-1,1,0,0,0
1869,1687,80.40484751562065,0,0,0,2,8,0,0,0,0,0.0002751641238219861,9.874868320287655e-06,0.0002751641238219861,-1,0,0,0,-1,1,0,0,0
1870,0,77.10200249300199,0,0,0,3,21,0,0,0,0,0.0002751641238219861,9.874868320287655e-06,0.0002751641238219861,-1,0,0,0,-1,1,0,0,0
1871,142,98.0320910594866,0,0,0,3,19,0,0,0,0,0.0002751641238219861,9.874868320287655e-06,0.0002751641238219861,-1,0,0,0,-1,1,0,0,0
1872,1614,95.90522781316105,0,0,0,4,34,0,0,0,0,0.0002751641238219861,9.874868320287655e-06,0.0002751641238219861,-1,0,0,0,-1,1,0,0,0
1873,881,80.9060572561152,0,0,0,2,8,0,0,0,0,0.0002751641238219861,9.874868320287655e-06,0.0002751641238219861,-1,0,0,0,-1,1,0,0,0
1874,606,95.80904009724355,0,0,0,4,21,0,0,0,0,0.0002751641238219861,9.874868320287655e-06,0.0002751641238219861,-1,0,0,0,-1,1,0,0,0
1875,2067,95.80093179661708,0,0,0,3,21,0,0,0,0,0.0002751641238219861,9.874868320287655e-06,0.0002751641238219861,-1,0,0,0,-1,1,0,0,0
1876,871,107.9728037116774,0,0,0,3,22,0,0,0,0,0.0002751641238219861,9.874868320287655e-06,0.0002751641238219861,-1,0,0,0,-1,1,0,0,0
1877,0,97.94391564821946,0,0,0,2,21,0,0,0,0,0.0002751641238219861,9.874868320287655e-06,0.0002751641238219861,-1,0,0,0,-1,1,0,0,0
1878,170,54.70348521762113,0,0,0,6,28,0,0,0,0,0.0002751641238219861,9.874868320287655e-06,0.0002751641238219861,-1,0,0,0,-1,1,0,0,0
1879,704,95.29371395860372,0,0,0,2,8,0,0,0,0,0.0002751641238219861,9.874868320287655e-06,0.0002751641238219861,-1,0,0,0,-1,1,0,0,0
1880,0,95.84374512455008,0,0,0,4,29,0,0,0,0,0.0002751641238219861,9.874868320287655e-06,0.0002751641238219861,-1,0,0,0,-1,1,0,0,0
1881,0,67.4693416841985,0,0,0,5,46,0,0,0,0,0.0002751641238219861,9.874868320287655e-06,0.0002751641238219861,-1,0,0,0,-1,1,0,0,0
1882,0,84.38726264996231,0,0,0,1,7,0,0,0,0,0.0002751641238219861,9.874868320287655e-06,0.0002751641238219861,-1,0,0,0,-1,1,0,0,0
1883,1488,68.70656227179717,0,0,0,5,28,0,0,0,0,0.0002751641238219861,9.874868320287655e-06,0.0002751641238219861,-1,0,0,0,-1,1,0,0,0
1884,0,86.85475873126288,0,0,0,1,6,0,0,0,0,0.0002751641238219861,9.874868320287655e-06,0.0002751641238219861,-1,0,0,0,-1,1,0,0,0
1885,649,69.19473544449458,0,0,0,3,16,0,0,0,0,0.0002751641238219861,9.874868320287655e-06,0.0002751641238219861,-1,0,0,0,-1,1,0,0,0
1886,682,55.77544217029419,0,0,0,7,23,0,0,0,0,0.0002751641238219861,9.874868320287655e-06,0.0002751641238219861,-1,0,0,0,-1,1,0,0,0
1887,1564,77.29628463553405,0,0,0,5,30,0,0,0,0,0.0002751641238219861,9.874868320287655e-06,0.0002751641238219861,-1,0,0,0,-1,1,0,0,0
1888,609,80.25709361342568,0,0,0,1,11,0,0,0,0,0.0002751641238219861,9.874868320287655e-06,0.0002751641238219861,-1,0,0,0,-1,1,0,0,0
1889,1225,54.48874284887358,0,0,0,5,29,0,0,0,0,0.0002751641238219861,9.874868320287655e-06,0.0002751641238219861,-1,0,0,0,-1,1,0,0,0
1890,1135,83.56392244384335,0,0,0,4,29,0,0,0,0,0.0002751641238219861,9.874868320287655e-06,0.0002751641238219861,-1,0,0,0,-1,1,0,0,0
1891,0,107.98665873522,0,0,0,2,19,0,0,0,0,0.0002751641238219861,9.874868320287655e-06,0.0002751641238219861,-1,0,0,0,-1,1,0,0,0
1892,0,83.64022693707771,0,0,0,2,16,0,0,0,0,0.0002751641238219861,9.874868320287655e-06,0.0002751641238219861,-1,0,0,0,-1,1,0,0,0
1893,309,90.75220409857322,0,0,0,4,26,0,0,0,0,0.0002751641238219861,9.874868320287655e-06,0.0002751641238219861,-1,0,0,0,-1,1,0,0,0
1894,2792,76.77168181531607,0,0,0,4,24,0,0,0,0,0.0002751641238219861,9.874868320287655e-06,0.0002751641238219861,-1,0,0,0,-1,1,0,0,0
1895,2471,77.10349568892609,0,0,0,4,20,0,0,0,0,0.0002751641238219861,9.874868320287655e-06,0.0002751641238219861,-1,0,0,0,-1,1,0,0,0
1896,1214,85.84190928142975,0,0,0,3,23,0,0,0,0,0.0002751641238219861,9.874868320287655e-06,0.0002751641238219861,-1,0,0,0,-1,1,0,0,0
1897,2211,82.26231221840416,0,0,0,4,9,0,0,0,0,0.0002751641238219861,9.874868320287655e-06,0.0002751641238219861,-1,0,0,0,-1,1,0,0,0
1898,0,89.28647037562087,0,0,0,2,16,0,0,0,0,0.0002751641238219861,9.874868320287655e-06,0.0002751641238219861,-1,0,0,0,-1,1,0,0,0
1899,0,107.9634783288878,0,0,0,2,16,0,0,0,0,0.0002751641238219861,9.874868320287655e-06,0.0002751641238219861,-1,0,0,0,-1,1,0,0,0
1900,1882,103.1402235338787,0,0,0,4,18,0,0,0,0,0.0002751641238219861,9.874868320287655e-06,0.0002751641238219861,-1,0,0,0,-1,1,0,0,0
1901,363,108.0699005148465,0,0,0,2,19,0,0,0,0,0.0002751641238219861,9.874868320287655e-06,0.0002751641238219861,-1,0,0,0,-1,1,0,0,0
1902,3344,85.32615541688311,0,0,0,6,23,0,0,0,0,0.0002751641238219861,9.874868320287655e-06,0.0002751641238219861,-1,0,0,0,-1,1,0,0,0
1903,2720,96.67308516740326,0,0,0,5,25,0,0,0,0,0.0002751641238219861,9.874868320287655e-06,0.0002751641238219861,-1,0,0,0,-1,1,0,0,0
1904,132,95.69722905670559,0,0,0,4,32,0,0,0,0,0.0002751641238219861,9.874868320287655e-06,0.0002751641238219861,-1,0,0,0,-1,1,0,0,0
1905,322,86.61163564996743,0,0,0,1,8,0,0,0,0,0.0002751641238219861,9.874868320287655e-06,0.0002751641238219861,-1,0,0,0,-1,1,0,0,0
1906,0,89.26103003252624,0,0,0,2,18,0,0,0,0,0.0002751641238219861,9.874868320287655e-06,0.0002751641238219861,-1,0,0,0,-1,1,0,0,0
1907,0,102.9931546496867,0,0,0,3,32,0,0,0,0,0.0002751641238219861,9.874868320287655e-06,0.0002751641238219861,-1,0,0,0,-1,1,0,0,0
1908,0,56.50727564978705,0,0,0,1,6,0,0,0,0,0.0002751641238219861,9.874868320287655e-06,0.0002751641238219861,-1,0,0,0,-1,1,0,0,0
1909,0,78.12990264988512,0,0,0,2,14,0,0,0,0,0.0002751641238219861,9.874868320287655e-06,0.0002751641238219861,-1,0,0,0,-1,1,0,0,0
1910,2280,93.70129598653949,0,0,0,5,23,0,0,0,0,0.0002751641238219861,9.874868320287655e-06,0.0002751641238219861,-1,0,0,0,-1,1,0,0,0
1911,345,106.4256486499666,0,0,0,1,10,0,0,0,0,0.0002751641238219861,9.874868320287655e-06,0.0002751641238219861,-1,0,0,0,-1,1,0,0,0
1912,0,101.6909412036997,0,0,0,2,11,0,0,0,0,0.0002751641238219861,9.874868320287655e-06,0.0002751641238219861,-1,0,0,0,-1,1,0,0,0
1913,1126,108.0077479070937,0,0,0,3,18,0,0,0,0,0.0002751641238219861,9.874868320287655e-06,0.0002751641238219861,-1,0,0,0,-1,1,0,0,0
1914,392,82.93536647251817,0,0,0,4,15,0,0,0,0,0.0002751641238219861,9.874868320287655e-06,0.0002751641238219861,-1,0,0,0,-1,1,0,0,0
1915,871,83.59243210367224,0,0,0,5,29,0,0,0,0,0.0002751641238219861,9.874868320287655e-06,0.0002751641238219861,-1,0,0,0,-1,1,0,0,0
1916,2567,93.68038790382259,0,0,0,3,8,0,0,0,0,0.0002751641238219861,9.874868320287655e-06,0.0002751641238219861,-1,0,0,0,-1,1,0,0,0
1917,0,107.9394778984351,0,0,0,2,20,0,0,0,0,0.0002751641238219861,9.874868320287655e-06,0.0002751641238219861,-1,0,0,0,-1,1,0,0,0
1918,2065,87.2842540122157,0,0,0,6,33,0,0,0,0,0.0002751641238219861,9.874868320287655e-06,0.0002751641238219861,-1,0,0,0,-1,1,0,0,0
1919,161,97.50945803317342,0,0,0,1,5,0,0,0,0,0.0002751641238219861,9.874868320287655e-06,0.0002751641238219861,-1,0,0,0,-1,1,0,0,0
1920,942,78.91074308966374,0,0,0,4,16,0,0,0,0,0.0002751641238219861,9.874868320287655e-06,0.0002751641238219861,-1,0,0,0,-1,1,0,0,0
1921,0,80.40668479127113,0,0,0,2,14,0,0,0,0,0.0002751641238219861,9.874868320287655e-06,0.0002751641238219861,-1,0,0,0,-1,1,0,0,0
1922,3343,73.71983116186279,0,0,0,5,22,0,0,0,0,0.0002751641238219861,9.874868320287655e-06,0.0002751641238219861,-1,0,0,0,-1,1,0,0,0
1923,624,59.83570144836025,0,0,0,3,14,0,0,0,0,0.0002751641238219861,9.874868320287655e-06,0.0002751641238219861,-1,0,0,0,-1,1,0,0,0
1924,127,97.94391564704289,0,0,0,3,30,0,0,0,0,0.0002751641238219861,9.874868320287655e-06,0.0002751641238219861,-1,0,0,0,-1,1,0,0,0
1925,1847,96.07489975068728,0,0,0,3,18,0,0,0,0,0.0002751641238219861,9.874868320287655e-06,0.0002751641238219861,-1,0,0,0,-1,1,0,0,0
1926,1437,99.60762943345101,0,0,0,3,21,0,0,0,0,0.0002751641238219861,9.874868320287655e-06,0.0002751641238219861,-1,0,0,0,-1,1,0,0,0
1927,2006,100.7102191016223,0,0,0,3,22,0,0,0,0,0.0002751641238219861,9.874868320287655e-06,0.0002751641238219861,-1,0,0,0,-1,1,0,0,0
1928,1655,67.92236480426973,0,0,0,6,23,0,0,0,0,0.0002751641238219861,9.874868320287655e-06,0.0002751641238219861,-1,0,0,0,-1,1,0,0,0
1929,89,105.2662813493041,0,0,0,2,20,0,0,0,0,0.0002751641238219861,9.874868320287655e-06,0.0002751641238219861,-1,0,0,0,-1,1,0,0,0
1930,2049,76.37518745476304,0,0,0,5,27,0,0,0,0,0.0002751641238219861,9.874868320287655e-06,0.0002751641238219861,-1,0,0,0,-1,1,0,0,0
1931,0,66.03427564925971,0,0,0,1,8,0,0,0,0,0.0002751641238219861,9.874868320287655e-06,0.0002751641238219861,-1,0,0,0,-1,1,0,0,0
1932,0,72.87826461817289,0,0,0,5,42,0,0,0,0,0.0002751641238219861,9.874868320287655e-06,0.0002751641238219861,-1,0,0,0,-1,1,0,0,0
1933,0,87.12672910589271,0,0,0,3,28,0,0,0,0,0.0002751641238219861,9.874868320287655e-06,0.0002751641238219861,-1,0,0,0,-1,1,0,0,0
1934,2404,83.29024775285099,0,0,0,2,12,0,0,0,0,0.0002751641238219861,9.874868320287655e-06,0.0002751641238219861,-1,0,0,0,-1,1,0,0,0
1935,366,72.80483180767318,0,0,0,5,34,0,0,0,0,0.0002751641238219861,9.874868320287655e-06,0.0002751641238219861,-1,0,0,0,-1,1,0,0,0
1936,515,67.50886052754944,0,0,0,4,28,0,0,0,0,0.0002751641238219861,9.874868320287655e-06,0.0002751641238219861,-1,0,0,0,-1,1,0,0,0
1937,4751,90.77515991971769,0,0,0,7,27,0,0,0,0,0.0002751641238219861,9.874868320287655e-06,0.0002751641238219861,-1,0,0,0,-1,1,0,0,0
1938,3351,72.44948869073488,0,0,0,7,31,0,0,0,0,0.0002751641238219861,9.874868320287655e-06,0.0002751641238219861,-1,0,0,0,-1,1,0,0,0
1939,0,96.71573230607048,0,0,0,1,8,0,0,0,0,0.0002751641238219861,9.874868320287655e-06,0.0002751641238219861,-1,0,0,0,-1,1,0,0,0
1940,931,59.44847852352376,0,0,0,2,9,0,0,0,0,0.0002751641238219861,9.874868320287655e-06,0.0002751641238219861,-1,0,0,0,-1,1,0,0,0
1941,299,97.98107105112329,0,0,0,3,20,0,0,0,0,0.0002751641238219861,9.874868320287655e-06,0.0002751641238219861,-1,0,0,0,-1,1,0,0,0
1942,905,78.52287210280376,0,0,0,5,26,0,0,0,0,0.0002751641238219861,9.874868320287655e-06,0.0002751641238219861,-1,0,0,0,-1,1,0,0,0
1943,269,93.53610810110477,0,0,0,3,24,0,0,0,0,0.0002751641238219861,9.874868320287655e-06,0.0002751641238219861,-1,0,0,0,-1,1,0,0,0
1944,0,108.0314362421467,0,0,0,2,22,0,0,0,0,0.0002751641238219861,9.874868320287655e-06,0.0002751641238219861,-1,0,0,0,-1,1,0,0,0
1945,0,97.94703185614249,0,0,0,2,16,0,0,0,0,0.0002751641238219861,9.874868320287655e-06,0.0002751641238219861,-1,0,0,0,-1,1,0,0,0
1946,285,86.61163564996559,0,0,0,1,12,0,0,0,0,0.0002751641238219861,9.874868320287655e-06,0.0002751641238219861,-1,0,0,0,-1,1,0,0,0
1947,2450,93.38585792185205,0,0,0,4,16,0,0,0,0,0.0002751641238219861,9.874868320287655e-06,0.0002751641238219861,-1,0,0,0,-1,1,0,0,0
1948,4269,108.1155216757279,0,0,0,4,17,0,0,0,0,0.0002751641238219861,9.874868320287655e-06,0.0002751641238219861,-1,0,0,0,-1,1,0,0,0
1949,750,94.68488785478723,0,0,0,2,2,0,0,0,0,0.0002751641238219861,9.874868320287655e-06,0.0002751641238219861,-1,0,0,0,-1,1,0,0,0
1950,2433,98.10132977092864,0,0,0,4,13,0,0,0,0,0.0002751641238219861,9.874868320287655e-06,0.0002751641238219861,-1,0,0,0,-1,1,0,0,0
1951,1748,80.01600177251987,0,0,0,4,28,0,0,0,0,0.0002751641238219861,9.874868320287655e-06,0.0002751641238219861,-1,0,0,0,-1,1,0,0,0
1952,1416,90.90455528308429,0,0,0,5,16,0,0,0,0,0.0002751641238219861,9.874868320287655e-06,0.0002751641238219861,-1,0,0,0,-1,1,0,0,0
1953,586,88.47710800158386,0,0,0,4,21,0,0,0,0,0.0002751641238219861,9.874868320287655e-06,0.0002751641238219861,-1,0,0,0,-1,1,0,0,0
1954,29,74.9697317433034,0,0,0,4,29,0,0,0,0,0.0002751641238219861,9.874868320287655e-06,0.0002751641238219861,-1,0,0,0,-1,1,0,0,0
1955,606,85.03399708860334,0,0,0,5,23,0,0,0,0,0.0002751641238219861,9.874868320287655e-06,0.0002751641238219861,-1,0,0,0,-1,1,0,0,0
1956,0,108.0335397492251,0,0,0,2,24,0,0,0,0,0.0002751641238219861,9.874868320287655e-06,0.0002751641238219861,-1,0,0,0,-1,1,0,0,0
1957,920,92.10882588921402,0,0,0,2,8,0,0,0,0,0.0002751641238219861,9.874868320287655e-06,0.0002751641238219861,-1,0,0,0,-1,1,0,0,0
1958,1914,81.53609611526196,0,0,0,4,21,0,0,0,0,0.0002751641238219861,9.874868320287655e-06,0.0002751641238219861,-1,0,0,0,-1,1,0,0,0
1959,348,83.19313715377376,0,0,0,3,17,0,0,0,0,0.0002751641238219861,9.874868320287655e-06,0.0002751641238219861,-1,0,0,0,-1,1,0,0,0
1960,3659,81.58710440048284,0,0,0,6,14,0,0,0,0,0.0002751641238219861,9.874868320287655e-06,0.0002751641238219861,-1,0,0,0,-1,1,0,0,0
1961,468,95.28508503317263,0,0,0,1,8,0,0,0,0,0.0002751641238219861,9.874868320287655e-06,0.0002751641238219861,-1,0,0,0,-1,1,0,0,0
1962,1090,95.95800305113488,0,0,0,3,23,0,0,0,0,0.0002751641238219861,9.874868320287655e-06,0.0002751641238219861,-1,0,0,0,-1,1,0,0,0
1963,3286,83.66871395831318,0,0,0,7,24,0,0,0,0,0.0002751641238219861,9.874868320287655e-06,0.0002751641238219861,-1,0,0,0,-1,1,0,0,0
1964,1378,80.30001256987843,0,0,0,5,17,0,0,0,0,0.0002751641238219861,9.874868320287655e-06,0.0002751641238219861,-1,0,0,0,-1,1,0,0,0
1965,0,103.220439343359,0,0,0,2,17,0,0,0,0,0.0002751641238219861,9.874868320287655e-06,0.0002751641238219861,-1,0,0,0,-1,1,0,0,0
1966,1006,70.24467898921507,0,0,0,5,28,0,0,0,0,0.0002751641238219861,9.874868320287655e-06,0.0002751641238219861,-1,0,0,0,-1,1,0,0,0
1967,0,75.91821375733979,0,0,0,3,18,0,0,0,0,0.0002751641238219861,9.874868320287655e-06,0.0002751641238219861,-1,0,0,0,-1,1,0,0,0
1968,2223,64.6545576622996,0,0,0,7,28,0,0,0,0,0.0002751641238219861,9.874868320287655e-06,0.0002751641238219861,-1,0,0,0,-1,1,0,0,0
1969,524,82.89205900316337,0,0,0,5,18,0,0,0,0,0.0002751641238219861,9.874868320287655e-06,0.0002751641238219861,-1,0,0,0,-1,1,0,0,0
1970,2519,82.86484544782773,0,0,0,5,25,0,0,0,0,0.0002751641238219861,9.874868320287655e-06,0.0002751641238219861,-1,0,0,0,-1,1,0,0,0
1971,715,72.82506593888496,0,0,0,5,39,0,0,0,0,0.0002751641238219861,9.874868320287655e-06,0.0002751641238219861,-1,0,0,0,-1,1,0,0,0
1972,1072,64.70509950561375,0,0,0,5,37,0,0,0,0,0.0002751641238219861,9.874868320287655e-06,0.0002751641238219861,-1,0,0,0,-1,1,0,0,0
1973,469,80.0401619880592,0,0,0,5,31,0,0,0,0,0.0002751641238219861,9.874868320287655e-06,0.0002751641238219861,-1,0,0,0,-1,1,0,0,0
1974,1195,78.87765749931421,0,0,0,4,11,0,0,0,0,0.0002751641238219861,9.874868320287655e-06,0.0002751641238219861,-1,0,0,0,-1,1,0,0,0
1975,2414,66.04205871177359,0,0,0,3,6,0,0,0,0,0.0002751641238219861,9.874868320287655e-06,0.0002751641238219861,-1,0,0,0,-1,1,0,0,0
1976,2643,83.80945828538751,0,0,0,6,22,0,0,0,0,0.0002751641238219861,9.874868320287655e-06,0.0002751641238219861,-1,0,0,0,-1,1,0,0,0
1977,366,98.00635031989681,0,0,0,3,24,0,0,0,0,0.0002751641238219861,9.874868320287655e-06,0.0002751641238219861,-1,0,0,0,-1,1,0,0,0
1978,1066,73.71426983426693,0,0,0,3,18,0,0,0,0,0.0002751641238219861,9.874868320287655e-06,0.0002751641238219861,-1,0,0,0,-1,1,0,0,0
1979,1442,91.14070643028927,0,0,0,3,23,0,0,0,0,0.0002751641238219861,9.874868320287655e-06,0.0002751641238219861,-1,0,0,0,-1,1,0,0,0
1980,2308,79.91913308668407,0,0,0,6,32,0,0,0,0,0.0002751641238219861,9.874868320287655e-06,0.0002751641238219861,-1,0,0,0,-1,1,0,0,0
1981,0,96.69492179027488,0,0,0,1,9,0,0,0,0,0.0002751641238219861,9.874868320287655e-06,0.0002751641238219861,-1,0,0,0,-1,1,0,0,0
1982,1313,61.49006283598045,0,0,0,6,26,0,0,0,0,0.0002751641238219861,9.874868320287655e-06,0.0002751641238219861,-1,0,0,0,-1,1,0,0,0
1983,0,89.26103003316284,0,0,0,2,20,0,0,0,0,0.0002751641238219861,9.874868320287655e-06,0.0002751641238219861,-1,0,0,0,-1,1,0,0,0
1984,1114,60.48713224190024,0,0,0,6,31,0,0,0,0,0.0002751641238219861,9.874868320287655e-06,0.0002751641238219861,-1,0,0,0,-1,1,0,0,0
1985,310,105.3117498864499,0,0,0,3,36,0,0,0,0,0.0002751641238219861,9.874868320287655e-06,0.0002751641238219861,-1,0,0,0,-1,1,0,0,0
1986,29165,138.279503997896,0,0,0,1,6,0,0,0,0,0.0002751641238219861,9.874868320287655e-06,0.0002751641238219861,-1,0,0,0,-1,1,1,1,0
1987,2998,83.97836270612099,0,0,0,5,23,0,0,0,0,0.0002751641238219861,9.874868320287655e-06,0.0002751641238219861,-1,0,0,0,-1,1,0,0,0
1988,1573,68.04354840177385,0,0,0,7,41,0,0,0,0,0.0002751641238219861,9.874868320287655e-06,0.0002751641238219861,-1,0,0,0,-1,1,0,0,0
1989,298,66.45138153275039,0,0,0,5,30,0,0,0,0,0.0002751641238219861,9.874868320287655e-06,0.0002751641238219861,-1,0,0,0,-1,1,0,0,0
1990,2528,91.78083191743481,0,0,0,4,21,0,0,0,0,0.0002751641238219861,9.874868320287655e-06,0.0002751641238219861,-1,0,0,0,-1,1,0,0,0
1991,8,83.84249712950761,0,0,0,4,19,0,0,0,0,0.0002751641238219861,9.874868320287655e-06,0.0002751641238219861,-1,0,0,0,-1,1,0,0,0
1992,95,74.96866512556683,0,0,0,4,27,0,0,0,0,0.0002751641238219861,9.874868320287655e-06,0.0002751641238219861,-1,0,0,0,-1,1,0,0,0
1993,705,71.46416172288448,0,0,0,5,38,0,0,0,0,0.0002751641238219861,9.874868320287655e-06,0.0002751641238219861,-1,0,0,0,-1,1,0,0,0
1994,2202,98.05164224958851,0,0,0,5,21,0,0,0,0,0.0002751641238219861,9.874868320287655e-06,0.0002751641238219861,-1,0,0,0,-1,1,0,0,0
1995,313,68.18035809355692,0,0,0,3,12,0,0,0,0,0.0002751641238219861,9.874868320287655e-06,0.0002751641238219861,-1,0,0,0,-1,1,0,0,0
1996,1791,82.04980167376834,0,0,0,7,39,0,0,0,0,0.0002751641238219861,9.874868320287655e-06,0.0002751641238219861,-1,0,0,0,-1,1,0,0,0
1997,0,95.78721119990358,0,0,0,3,33,0,0,0,0,0.0002751641238219861,9.874868320287655e-06,0.0002751641238219861,-1,0,0,0,-1,1,0,0,0
1998,352,89.6534209847581,0,0,0,4,12,0,0,0,0,0.0002751641238219861,9.874868320287655e-06,0.0002751641238219861,-1,0,0,0,-1,1,0,0,0
1999,1512,83.65003502123008,0,0,0,4,21,0,0,0,0,0.0002751641238219861,9.874868320287655e-06,0.0002751641238219861,-1,0,0,0,-1,1,0,0,0
2000,1754,96.07094584963453,0,0,0,3,26,0,0,0,0,0.0002751641238219861,9.874868320287655e-06,0.0002751641238219861,-1,0,0,0,-1,1,0,0,0
2001,0,67.52906302964996,0,0,0,4,20,0,0,0,0,0.0002751641238219861,9.874868320287655e-06,0.0002751641238219861,-1,0,0,0,-1,1,0,0,0
2002,0,78.3869643578271,0,0,0,3,26,0,0,0,0,0.0002751641238219861,9.874868320287655e-06,0.0002751641238219861,-1,0,0,0,-1,1,0,0,0
2003,608,92.31672310919136,0,0,0,4,30,0,0,0,0,0.0002751641238219861,9.874868320287655e-06,0.0002751641238219861,-1,0,0,0,-1,1,0,0,0
2004,771,116.1159258852736,0,0,0,1,8,0,0,0,0,0.0002751641238219861,9.874868320287655e-06,0.0002751641238219861,-1,0,0,0,-1,1,0,0,0
2005,5,91.00820907455152,0,0,0,3,16,0,0,0,0,0.0002751641238219861,9.874868320287655e-06,0.0002751641238219861,-1,0,0,0,-1,1,0,0,0
2006,0,52.05852964996234,0,0,0,3,25,0,0,0,0,0.0002751641238219861,9.874868320287655e-06,0.0002751641238219861,-1,0,0,0,-1,1,0,0,0
2007,567,83.68954170151265,0,0,0,4,28,0,0,0,0,0.0002751641238219861,9.874868320287655e-06,0.0002751641238219861,-1,0,0,0,-1,1,0,0,0
2008,1695,100.7692279455636,0,0,0,2,20,0,0,0,0,0.0002751641238219861,9.874868320287655e-06,0.0002751641238219861,-1,0,0,0,-1,1,0,0,0
2009,1039,67.45425803852017,0,0,0,5,22,0,0,0,0,0.0002751641238219861,9.874868320287655e-06,0.0002751641238219861,-1,0,0,0,-1,1,0,0,0
2010,1483,95.96331690323113,0,0,0,4,29,0,0,0,0,0.0002751641238219861,9.874868320287655e-06,0.0002751641238219861,-1,0,0,0,-1,1,0,0,0
2011,0,71.98234785554455,0,0,0,3,28,0,0,0,0,0.0002751641238219861,9.874868320287655e-06,0.0002751641238219861,-1,0,0,0,-1,1,0,0,0
2012,988,78.25452232592099,0,0,0,3,18,0,0,0,0,0.0002751641238219861,9.874868320287655e-06,0.0002751641238219861,-1,0,0,0,-1,1,0,0,0
2013,1802,85.84535749960969,0,0,0,4,18,0,0,0,0,0.0002751641238219861,9.874868320287655e-06,0.0002751641238219861,-1,0,0,0,-1,1,0,0,0
2014,0,82.13303848103808,0,0,0,2,17,0,0,0,0,0.0002751641238219861,9.874868320287655e-06,0.0002751641238219861,-1,0,0,0,-1,1,0,0,0
2015,1947,82.37526233562761,0,0,0,7,35,0,0,0,0,0.0002751641238219861,9.874868320287655e-06,0.0002751641238219861,-1,0,0,0,-1,1,0,0,0
2016,0,96.69492179149992,0,0,0,1,8,0,0,0,0,0.0002751641238219861,9.874868320287655e-06,0.0002751641238219861,-1,0,0,0,-1,1,0,0,0
2017,1295,95.75379441841473,0,0,0,5,28,0,0,0,0,0.0002751641238219861,9.874868320287655e-06,0.0002751641238219861,-1,0,0,0,-1,1,0,0,0
2018,0,103.0239411755686,0,0,0,3,31,0,0,0,0,0.0002751641238219861,9.874868320287655e-06,0.0002751641238219861,-1,0,0,0,-1,1,0,0,0
2019,729,90.92862505520435,0,0,0,4,30,0,0,0,0,0.0002751641238219861,9.874868320287655e-06,0.0002751641238219861,-1,0,0,0,-1,1,0,0,0
2020,0,66.79762264996504,0,0,0,0,1,0,0,0,0,0.0002751641238219861,9.874868320287655e-06,0.0002751641238219861,-1,0,0,0,-1,1,0,0,0
2021,0,58.31588964663603,0,0,0,2,16,0,0,0,0,0.0002751641238219861,9.874868320287655e-06,0.0002751641238219861,-1,0,0,0,-1,1,0,0,0
2022,1,64.76362442595116,0,0,0,4,29,0,0,0,0,0.0002751641238219861,9.874868320287655e-06,0.0002751641238219861,-1,0,0,0,-1,1,0,0,0
2023,2518,95.4085126795113,0,0,0,3,15,0,0,0,0,0.0002751641238219861,9.874868320287655e-06,0.0002751641238219861,-1,0,0,0,-1,1,0,0,0
2024,239,95.76931977149447,0,0,0,3,19,0,0,0,0,0.0002751641238219861,9.874868320287655e-06,0.0002751641238219861,-1,0,0,0,-1,1,0,0,0
2025,0,78.12990264986327,0,0,0,2,15,0,0,0,0,0.0002751641238219861,9.874868320287655e-06,0.0002751641238219861,-1,0,0,0,-1,1,0,0,0
2026,855,95.73461282206802,0,0,0,4,26,0,0,0,0,0.0002751641238219861,9.874868320287655e-06,0.0002751641238219861,-1,0,0,0,-1,1,0,0,0
2027,726,91.079487516819,0,0,0,4,19,0,0,0,0,0.0002751641238219861,9.874868320287655e-06,0.0002751641238219861,-1,0,0,0,-1,1,0,0,0
2028,479,72.43936703165566,0,0,0,5,27,0,0,0,0,0.0002751641238219861,9.874868320287655e-06,0.0002751641238219861,-1,0,0,0,-1,1,0,0,0
2029,2134,78.17299977681147,0,0,0,3,12,0,0,0,0,0.0002751641238219861,9.874868320287655e-06,0.0002751641238219861,-1,0,0,0,-1,1,0,0,0
2030,124,87.28229799816869,0,0,0,3,21,0,0,0,0,0.0002751641238219861,9.874868320287655e-06,0.0002751641238219861,-1,0,0,0,-1,1,0,0,0
2031,1114,90.88260114814707,0,0,0,5,23,0,0,0,0,0.0002751641238219861,9.874868320287655e-06,0.0002751641238219861,-1,0,0,0,-1,1,0,0,0
2032,167,75.11791947023758,0,0,0,4,25,0,0,0,0,0.0002751641238219861,9.874868320287655e-06,0.0002751641238219861,-1,0,0,0,-1,1,0,0,0
2033,2432,68.74849670120051,0,0,0,5,28,0,0,0,0,0.0002751641238219861,9.874868320287655e-06,0.0002751641238219861,-1,0,0,0,-1,1,0,0,0
2034,854,68.45005365791032,0,0,0,4,19,0,0,0,0,0.0002751641238219861,9.874868320287655e-06,0.0002751641238219861,-1,0,0,0,-1,1,0,0,0
2035,499,96.65804692338624,0,0,0,2,13,0,0,0,0,0.0002751641238219861,9.874868320287655e-06,0.0002751641238219861,-1,0,0,0,-1,1,0,0,0
2036,0,108.0414354219449,0,0,0,2,18,0,0,0,0,0.0002751641238219861,9.874868320287655e-06,0.0002751641238219861,-1,0,0,0,-1,1,0,0,0
2037,560,95.26199907025479,0,0,0,2,7,0,0,0,0,0.0002751641238219861,9.874868320287655e-06,0.0002751641238219861,-1,0,0,0,-1,1,0,0,0
2038,0,70.69087532599255,0,0,0,2,25,0,0,0,0,0.0002751641238219861,9.874868320287655e-06,0.0002751641238219861,-1,0,0,0,-1,1,0,0,0
2039,0,59.77691564848009,0,0,0,2,25,0,0,0,0,0.0002751641238219861,9.874868320287655e-06,0.0002751641238219861,-1,0,0,0,-1,1,0,0,0
2040,756,95.73257169218846,0,0,0,5,23,0,0,0,0,0.0002751641238219861,9.874868320287655e-06,0.0002751641238219861,-1,0,0,0,-1,1,0,0,0
2041,1824,100.8182329409057,0,0,0,3,22,0,0,0,0,0.0002751641238219861,9.874868320287655e-06,0.0002751641238219861,-1,0,0,0,-1,1,0,0,0
2042,1901,88.88806002281096,0,0,0,4,26,0,0,0,0,0.0002751641238219861,9.874868320287655e-06,0.0002751641238219861,-1,0,0,0,-1,1,0,0,0
2043,0,91.04844491087232,0,0,0,3,14,0,0,0,0,0.0002751641238219861,9.874868320287655e-06,0.0002751641238219861,-1,0,0,0,-1,1,0,0,0
2044,2498,65.6764700122324,0,0,0,6,31,0,0,0,0,0.0002751641238219861,9.874868320287655e-06,0.0002751641238219861,-1,0,0,0,-1,1,0,0,0
2045,2919,83.75335836281799,0,0,0,6,25,0,0,0,0,0.0002751641238219861,9.874868320287655e-06,0.0002751641238219861,-1,0,0,0,-1,1,0,0,0
2046,130,68.45621935962245,0,0,0,3,21,0,0,0,0,0.0002751641238219861,9.874868320287655e-06,0.0002751641238219861,-1,0,0,0,-1,1,0,0,0
2047,4,88.56267532244381,0,0,0,4,23,0,0,0,0,0.0002751641238219861,9.874868320287655e-06,0.0002751641238219861,-1,0,0,0,-1,1,0,0,0
2048,546,107.9526156017756,0,0,0,2,15,0,0,0,0,0.0002751641238219861,9.874868320287655e-06,0.0002751641238219861,-1,0,0,0,-1,1,0,0,0
2049,183,92.65240522471878,0,0,0,2,15,0,0,0,0,0.0002751641238219861,9.874868320287655e-06,0.0002751641238219861,-1,0,0,0,-1,1,0,0,0
2050,3164,82.4316715548597,0,0,0,6,29,0,0,0,0,0.0002751641238219861,9.874868320287655e-06,0.0002751641238219861,-1,0,0,0,-1,1,0,0,0
2051,2989,106.2292255480229,0,0,0,4,16,0,0,0,0,0.0002751641238219861,9.874868320287655e-06,0.0002751641238219861,-1,0,0,0,-1,1,0,0,0
2052,28,100.6979782801186,0,0,0,3,16,0,0,0,0,0.0002751641238219861,9.874868320287655e-06,0.0002751641238219861,-1,0,0,0,-1,1,0,0,0
2053,2543,90.73127453191003,0,0,0,6,24,0,0,0,0,0.0002751641238219861,9.874868320287655e-06,0.0002751641238219861,-1,0,0,0,-1,1,0,0,0
2054,2229,85.86019628034742,0,0,0,5,23,0,0,0,0,0.0002751641238219861,9.874868320287655e-06,0.0002751641238219861,-1,0,0,0,-1,1,0,0,0
2055,764,78.18675129309717,0,0,0,0,0,0,0,0,0,0.0002751641238219861,9.874868320287655e-06,0.0002751641238219861,-1,0,0,0,-1,1,0,0,0
2056,1637,57.39110620469096,0,0,0,3,22,0,0,0,0,0.0002751641238219861,9.874868320287655e-06,0.0002751641238219861,-1,0,0,0,-1,1,0,0,0
2057,3302,63.35260903839283,0,0,0,2,0,0,0,0,0,0.0002751641238219861,9.874868320287655e-06,0.0002751641238219861,-1,0,0,0,-1,1,0,0,0
2058,14,47.21993258760224,0,0,0,4,30,0,0,0,0,0.0002751641238219861,9.874868320287655e-06,0.0002751641238219861,-1,0,0,0,-1,1,0,0,0
2059,4,74.94340230806573,0,0,0,4,19,0,0,0,0,0.0002751641238219861,9.874868320287655e-06,0.0002751641238219861,-1,0,0,0,-1,1,0,0,0
2060,0,95.75539485227374,0,0,0,3,29,0,0,0,0,0.0002751641238219861,9.874868320287655e-06,0.0002751641238219861,-1,0,0,0,-1,1,0,0,0
2061,0,80.35427564996408,0,0,0,1,7,0,0,0,0,0.0002751641238219861,9.874868320287655e-06,0.0002751641238219861,-1,0,0,0,-1,1,0,0,0
2062,0,66.03427564976015,0,0,0,1,10,0,0,0,0,0.0002751641238219861,9.874868320287655e-06,0.0002751641238219861,-1,0,0,0,-1,1,0,0,0
2063,214,97.50948719133409,0,0,0,1,11,0,0,0,0,0.0002751641238219861,9.874868320287655e-06,0.0002751641238219861,-1,0,0,0,-1,1,0,0,0
2064,694,78.25517394452228,0,0,0,3,19,0,0,0,0,0.0002751641238219861,9.874868320287655e-06,0.0002751641238219861,-1,0,0,0,-1,1,0,0,0
2065,3168,90.87296144988733,0,0,0,5,26,0,0,0,0,0.0002751641238219861,9.874868320287655e-06,0.0002751641238219861,-1,0,0,0,-1,1,0,0,0
2066,1825,76.38875288739321,0,0,0,5,26,0,0,0,0,0.0002751641238219861,9.874868320287655e-06,0.0002751641238219861,-1,0,0,0,-1,1,0,0,0
2067,431,82.63439470574617,0,0,0,2,26,0,0,0,0,0.0002751641238219861,9.874868320287655e-06,0.0002751641238219861,-1,0,0,0,-1,1,0,0,0
2068,2098,97.97303419312023,0,0,0,4,29,0,0,0,0,0.0002751641238219861,9.874868320287655e-06,0.0002751641238219861,-1,0,0,0,-1,1,0,0,0
2069,293,81.46384966635371,0,0,0,6,23,0,0,0,0,0.0002751641238219861,9.874868320287655e-06,0.0002751641238219861,-1,0,0,0,-1,1,0,0,0
2070,0,95.7419126243685,0,0,0,3,30,0,0,0,0,0.0002751641238219861,9.874868320287655e-06,0.0002751641238219861,-1,0,0,0,-1,1,0,0,0
2071,1416,71.06151637371204,0,0,0,3,23,0,0,0,0,0.0002751641238219861,9.874868320287655e-06,0.0002751641238219861,-1,0,0,0,-1,1,0,0,0
2072,1593,95.82948846679689,0,0,0,5,17,0,0,0,0,0.0002751641238219861,9.874868320287655e-06,0.0002751641238219861,-1,0,0,0,-1,1,0,0,0
2073,0,83.62391564994485,0,0,0,2,18,0,0,0,0,0.0002751641238219861,9.874868320287655e-06,0.0002751641238219861,-1,0,0,0,-1,1,0,0,0
2074,2660,62.13794163874308,0,0,0,4,15,0,0,0,0,0.0002751641238219861,9.874868320287655e-06,0.0002751641238219861,-1,0,0,0,-1,1,0,0,0
2075,302,84.12279730716574,0,0,0,2,14,0,0,0,0,0.0002751641238219861,9.874868320287655e-06,0.0002751641238219861,-1,0,0,0,-1,1,0,0,0
2076,2518,68.01200275558416,0,0,0,8,28,0,0,0,0,0.0002751641238219861,9.874868320287655e-06,0.0002751641238219861,-1,0,0,0,-1,1,0,0,0
2077,1511,74.3259095095338,0,0,0,5,25,0,0,0,0,0.0002751641238219861,9.874868320287655e-06,0.0002751641238219861,-1,0,0,0,-1,1,0,0,0
2078,68,95.88931970678448,0,0,0,3,21,0,0,0,0,0.0002751641238219861,9.874868320287655e-06,0.0002751641238219861,-1,0,0,0,-1,1,0,0,0
2079,0,72.91444369920661,0,0,0,1,9,0,0,0,0,0.0002751641238219861,9.874868320287655e-06,0.0002751641238219861,-1,0,0,0,-1,1,0,0,0
2080,0,53.51955564985555,0,0,0,3,30,0,0,0,0,0.0002751641238219861,9.874868320287655e-06,0.0002751641238219861,-1,0,0,0,-1,1,0,0,0
2081,535,95.67148958636517,0,0,0,4,19,0,0,0,0,0.0002751641238219861,9.874868320287655e-06,0.0002751641238219861,-1,0,0,0,-1,1,0,0,0
2082,349,57.45008382101702,0,0,0,6,45,0,0,0,0,0.0002751641238219861,9.874868320287655e-06,0.0002751641238219861,-1,0,0,0,-1,1,0,0,0
2083,958,66.30901972575528,0,0,0,4,20,0,0,0,0,0.0002751641238219861,9.874868320287655e-06,0.0002751641238219861,-1,0,0,0,-1,1,0,0,0
2084,0,76.55377062280527,0,0,0,3,18,0,0,0,0,0.0002751641238219861,9.874868320287655e-06,0.0002751641238219861,-1,0,0,0,-1,1,0,0,0
2085,1123,97.86186511402774,0,0,0,3,19,0,0,0,0,0.0002751641238219861,9.874868320287655e-06,0.0002751641238219861,-1,0,0,0,-1,1,0,0,0
2086,104,68.78524988926893,0,0,0,4,16,0,0,0,0,0.0002751641238219861,9.874868320287655e-06,0.0002751641238219861,-1,0,0,0,-1,1,0,0,0
2087,965,95.73409091459062,0,0,0,4,25,0,0,0,0,0.0002751641238219861,9.874868320287655e-06,0.0002751641238219861,-1,0,0,0,-1,1,0,0,0
2088,0,78.15510618394227,0,0,0,2,14,0,0,0,0,0.0002751641238219861,9.874868320287655e-06,0.0002751641238219861,-1,0,0,0,-1,1,0,0,0
2089,29921,138.2795040009419,0,0,0,1,6,0,0,0,0,0.0002751641238219861,9.874868320287655e-06,0.0002751641238219861,-1,0,0,0,-1,1,1,1,0
2090,3796,95.83660029276636,0,0,0,8,27,0,0,0,0,0.0002751641238219861,9.874868320287655e-06,0.0002751641238219861,-1,0,0,0,-1,1,0,0,0
2091,139,53.37255907967017,0,0,0,2,8,0,0,0,0,0.0002751641238219861,9.874868320287655e-06,0.0002751641238219861,-1,0,0,0,-1,1,0,0,0
2092,1300,63.38964398020667,0,0,0,4,21,0,0,0,0,0.0002751641238219861,9.874868320287655e-06,0.0002751641238219861,-1,0,0,0,-1,1,0,0,0
2093,1976,85.90645790210648,0,0,0,4,12,0,0,0,0,0.0002751641238219861,9.874868320287655e-06,0.0002751641238219861,-1,0,0,0,-1,1,0,0,0
2094,182,82.57864864996462,0,0,0,1,8,0,0,0,0,0.0002751641238219861,9.874868320287655e-06,0.0002751641238219861,-1,0,0,0,-1,1,0,0,0
2095,575,98.08299698558116,0,0,0,3,16,0,0,0,0,0.0002751641238219861,9.874868320287655e-06,0.0002751641238219861,-1,0,0,0,-1,1,0,0,0
2096,3124,83.60664053013124,0,0,0,5,22,0,0,0,0,0.0002751641238219861,9.874868320287655e-06,0.0002751641238219861,-1,0,0,0,-1,1,0,0,0
2097,2364,61.51118907947921,0,0,0,5,22,0,0,0,0,0.0002751641238219861,9.874868320287655e-06,0.0002751641238219861,-1,0,0,0,-1,1,0,0,0
2098,0,66.79762264996556,0,0,0,0,1,0,0,0,0,0.0002751641238219861,9.874868320287655e-06,0.0002751641238219861,-1,0,0,0,-1,1,0,0,0
2099,0,95.28508503316269,0,0,0,1,7,0,0,0,0,0.0002751641238219861,9.874868320287655e-06,0.0002751641238219861,-1,0,0,0,-1,1,0,0,0
2100,0,78.19305334717302,0,0,0,2,15,0,0,0,0,0.0002751641238219861,9.874868320287655e-06,0.0002751641238219861,-1,0,0,0,-1,1,0,0,0
2101,0,103.9466545350335,0,0,0,2,18,0,0,0,0,0.0002751641238219861,9.874868320287655e-06,0.0002751641238219861,-1,0,0,0,-1,1,0,0,0
2102,594,90.85514293139032,0,0,0,5,18,0,0,0,0,0.0002751641238219861,9.874868320287655e-06,0.0002751641238219861,-1,0,0,0,-1,1,0,0,0
2103,0,95.71954264908233,0,0,0,3,29,0,0,0,0,0.0002751641238219861,9.874868320287655e-06,0.0002751641238219861,-1,0,0,0,-1,1,0,0,0
2104,1271,116.3588543120256,0,0,0,2,15,0,0,0,0,0.0002751641238219861,9.874868320287655e-06,0.0002751641238219861,-1,0,0,0,-1,1,0,0,0
2105,809,91.04535906426818,0,0,0,3,15,0,0,0,0,0.0002751641238219861,9.874868320287655e-06,0.0002751641238219861,-1,0,0,0,-1,1,0,0,0
2106,9,92.0565780960261,0,0,0,2,14,0,0,0,0,0.0002751641238219861,9.874868320287655e-06,0.0002751641238219861,-1,0,0,0,-1,1,0,0,0
2107,563,110.217718315201,0,0,0,2,15,0,0,0,0,0.0002751641238219861,9.874868320287655e-06,0.0002751641238219861,-1,0,0,0,-1,1,0,0,0
2108,4236,75.33009663747048,0,0,0,7,34,0,0,0,0,0.0002751641238219861,9.874868320287655e-06,0.0002751641238219861,-1,0,0,0,-1,1,0,0,0
2109,14,65.25750309777935,0,0,0,4,28,0,0,0,0,0.0002751641238219861,9.874868320287655e-06,0.0002751641238219861,-1,0,0,0,-1,1,0,0,0
2110,328,91.58328382430197,0,0,0,3,17,0,0,0,0,0.0002751641238219861,9.874868320287655e-06,0.0002751641238219861,-1,0,0,0,-1,1,0,0,0
2111,0,86.87616470122914,0,0,0,1,7,0,0,0,0,0.0002751641238219861,9.874868320287655e-06,0.0002751641238219861,-1,0,0,0,-1,1,0,0,0
2112,730,82.03695184636588,0,0,0,4,17,0,0,0,0,0.0002751641238219861,9.874868320287655e-06,0.0002751641238219861,-1,0,0,0,-1,1,0,0,0
2113,178,90.83053546501223,0,0,0,3,19,0,0,0,0,0.0002751641238219861,9.874868320287655e-06,0.0002751641238219861,-1,0,0,0,-1,1,0,0,0
2114,0,88.59315254765264,0,0,0,4,26,0,0,0,0,0.0002751641238219861,9.874868320287655e-06,0.0002751641238219861,-1,0,0,0,-1,1,0,0,0
2115,0,89.26103003316246,0,0,0,2,21,0,0,0,0,0.0002751641238219861,9.874868320287655e-06,0.0002751641238219861,-1,0,0,0,-1,1,0,0,0
2116,2375,80.07965607735886,0,0,0,6,29,0,0,0,0,0.0002751641238219861,9.874868320287655e-06,0.0002751641238219861,-1,0,0,0,-1,1,0,0,0
2117,179,72.90199796744776,0,0,0,4,24,0,0,0,0,0.0002751641238219861,9.874868320287655e-06,0.0002751641238219861,-1,0,0,0,-1,1,0,0,0
2118,1016,102.8961686421713,0,0,0,4,21,0,0,0,0,0.0002751641238219861,9.874868320287655e-06,0.0002751641238219861,-1,0,0,0,-1,1,0,0,0
2119,0,72.78095114872897,0,0,0,5,30,0,0,0,0,0.0002751641238219861,9.874868320287655e-06,0.0002751641238219861,-1,0,0,0,-1,1,0,0,0
2120,3757,74.77531786296916,0,0,0,8,28,0,0,0,0,0.0002751641238219861,9.874868320287655e-06,0.0002751641238219861,-1,0,0,0,-1,1,0,0,0
2121,1068,70.81549569404976,0,0,0,5,22,0,0,0,0,0.0002751641238219861,9.874868320287655e-06,0.0002751641238219861,-1,0,0,0,-1,1,0,0,0
2122,355,100.7643697311168,0,0,0,3,14,0,0,0,0,0.0002751641238219861,9.874868320287655e-06,0.0002751641238219861,-1,0,0,0,-1,1,0,0,0
2123,0,67.49317011702351,0,0,0,6,36,0,0,0,0,0.0002751641238219861,9.874868320287655e-06,0.0002751641238219861,-1,0,0,0,-1,1,0,0,0
2124,30160,138.2795039979386,0,0,0,1,4,0,0,0,0,0.0002751641238219861,9.874868320287655e-06,0.0002751641238219861,-1,0,0,0,-1,1,1,1,0
2125,0,95.71954264980431,0,0,0,3,22,0,0,0,0,0.0002751641238219861,9.874868320287655e-06,0.0002751641238219861,-1,0,0,0,-1,1,0,0,0
2126,1975,82.30720615117828,0,0,0,5,34,0,0,0,0,0.0002751641238219861,9.874868320287655e-06,0.0002751641238219861,-1,0,0,0,-1,1,0,0,0
2127,585,100.7731956040669,0,0,0,3,20,0,0,0,0,0.0002751641238219861,9.874868320287655e-06,0.0002751641238219861,-1,0,0,0,-1,1,0,0,0
2128,3059,89.20344342282361,0,0,0,5,26,0,0,0,0,0.0002751641238219861,9.874868320287655e-06,0.0002751641238219861,-1,0,0,0,-1,1,0,0,0
2129,0,79.36865341458493,0,0,0,1,10,0,0,0,0,0.0002751641238219861,9.874868320287655e-06,0.0002751641238219861,-1,0,0,0,-1,1,0,0,0
2130,1837,104.0894886758389,0,0,0,2,11,0,0,0,0,0.0002751641238219861,9.874868320287655e-06,0.0002751641238219861,-1,0,0,0,-1,1,0,0,0
2131,3960,96.82107127425233,0,0,0,5,26,0,0,0,0,0.0002751641238219861,9.874868320287655e-06,0.0002751641238219861,-1,0,0,0,-1,1,0,0,0
2132,2596,91.64066495379727,0,0,0,5,17,0,0,0,0,0.0002751641238219861,9.874868320287655e-06,0.0002751641238219861,-1,0,0,0,-1,1,0,0,0
2133,198,47.42282970395369,0,0,0,7,25,0,0,0,0,0.0002751641238219861,9.874868320287655e-06,0.0002751641238219861,-1,0,0,0,-1,1,0,0,0
2134,0,81.28378597658909,0,0,0,4,30,0,0,0,0,0.0002751641238219861,9.874868320287655e-06,0.0002751641238219861,-1,0,0,0,-1,1,0,0,0
2135,0,74.37341416850225,0,0,0,1,15,0,0,0,0,0.0002751641238219861,9.874868320287655e-06,0.0002751641238219861,-1,0,0,0,-1,1,0,0,0
2136,0,86.61163564996369,0,0,0,0,0,0,0,0,0,0.0002751641238219861,9.874868320287655e-06,0.0002751641238219861,-1,0,0,0,-1,1,0,0,0
2137,2349,95.66393840747286,0,0,0,5,32,0,0,0,0,0.0002751641238219861,9.874868320287655e-06,0.0002751641238219861,-1,0,0,0,-1,1,0,0,0
2138,0,69.75646609280382,0,0,0,4,36,0,0,0,0,0.0002751641238219861,9.874868320287655e-06,0.0002751641238219861,-1,0,0,0,-1,1,0,0,0
2139,1035,105.3828400342493,0,0,0,3,19,0,0,0,0,0.0002751641238219861,9.874868320287655e-06,0.0002751641238219861,-1,0,0,0,-1,1,0,0,0
2140,1610,63.2256237648784,0,0,0,3,20,0,0,0,0,0.0002751641238219861,9.874868320287655e-06,0.0002751641238219861,-1,0,0,0,-1,1,0,0,0
2141,870,70.13197861180861,0,0,0,3,8,0,0,0,0,0.0002751641238219861,9.874868320287655e-06,0.0002751641238219861,-1,0,0,0,-1,1,0,0,0
2142,0,106.775356792831,0,0,0,1,16,0,0,0,0,0.0002751641238219861,9.874868320287655e-06,0.0002751641238219861,-1,0,0,0,-1,1,0,0,0
2143,0,86.61163564996576,0,0,0,0,0,0,0,0,0,0.0002751641238219861,9.874868320287655e-06,0.0002751641238219861,-1,0,0,0,-1,1,0,0,0
2144,2402,77.13394540995834,0,0,0,4,20,0,0,0,0,0.0002751641238219861,9.874868320287655e-06,0.0002751641238219861,-1,0,0,0,-1,1,0,0,0
2145,342,60.86982492739572,0,0,0,5,21,0,0,0,0,0.0002751641238219861,9.874868320287655e-06,0.0002751641238219861,-1,0,0,0,-1,1,0,0,0
2146,1951,78.10242600479265,0,0,0,4,18,0,0,0,0,0.0002751641238219861,9.874868320287655e-06,0.0002751641238219861,-1,0,0,0,-1,1,0,0,0
2147,740,71.94168332178891,0,0,0,4,26,0,0,0,0,0.0002751641238219861,9.874868320287655e-06,0.0002751641238219861,-1,0,0,0,-1,1,0,0,0
2148,1116,78.42022411479924,0,0,0,5,19,0,0,0,0,0.0002751641238219861,9.874868320287655e-06,0.0002751641238219861,-1,0,0,0,-1,1,0,0,0
2149,16,70.92063509596018,0,0,0,3,18,0,0,0,0,0.0002751641238219861,9.874868320287655e-06,0.0002751641238219861,-1,0,0,0,-1,1,0,0,0
2150,1486,77.04762600330719,0,0,0,4,25,0,0,0,0,0.0002751641238219861,9.874868320287655e-06,0.0002751641238219861,-1,0,0,0,-1,1,0,0,0
2151,0,95.85613990233534,0,0,0,3,18,0,0,0,0,0.0002751641238219861,9.874868320287655e-06,0.0002751641238219861,-1,0,0,0,-1,1,0,0,0
2152,0,78.1715088894067,0,0,0,2,23,0,0,0,0,0.0002751641238219861,9.874868320287655e-06,0.0002751641238219861,-1,0,0,0,-1,1,0,0,0
2153,101,81.31937302050419,0,0,0,3,15,0,0,0,0,0.0002751641238219861,9.874868320287655e-06,0.0002751641238219861,-1,0,0,0,-1,1,0,0,0
2154,1096,95.80057608898397,0,0,0,3,31,0,0,0,0,0.0002751641238219861,9.874868320287655e-06,0.0002751641238219861,-1,0,0,0,-1,1,0,0,0
2155,1761,89.40713953093643,0,0,0,2,22,0,0,0,0,0.0002751641238219861,9.874868320287655e-06,0.0002751641238219861,-1,0,0,0,-1,1,0,0,0
2156,952,90.85115745471327,0,0,0,4,23,0,0,0,0,0.0002751641238219861,9.874868320287655e-06,0.0002751641238219861,-1,0,0,0,-1,1,0,0,0
2157,1662,90.82898234629802,0,0,0,4,13,0,0,0,0,0.0002751641238219861,9.874868320287655e-06,0.0002751641238219861,-1,0,0,0,-1,1,0,0,0
2158,3709,64.79233375835756,0,0,0,6,26,0,0,0,0,0.0002751641238219861,9.874868320287655e-06,0.0002751641238219861,-1,0,0,0,-1,1,0,0,0
2159,0,82.1554873890969,0,0,0,3,14,0,0,0,0,0.0002751641238219861,9.874868320287655e-06,0.0002751641238219861,-1,0,0,0,-1,1,0,0,0
2160,0,103.1629066781532,0,0,0,3,32,0,0,0,0,0.0002751641238219861,9.874868320287655e-06,0.0002751641238219861,-1,0,0,0,-1,1,0,0,0
2161,357,56.23020668405621,0,0,0,5,34,0,0,0,0,0.0002751641238219861,9.874868320287655e-06,0.0002751641238219861,-1,0,0,0,-1,1,0,0,0
2162,753,64.875046123003,0,0,0,5,32,0,0,0,0,0.0002751641238219861,9.874868320287655e-06,0.0002751641238219861,-1,0,0,0,-1,1,0,0,0
2163,0,95.75713865304964,0,0,0,3,31,0,0,0,0,0.0002751641238219861,9.874868320287655e-06,0.0002751641238219861,-1,0,0,0,-1,1,0,0,0
2164,2295,75.18966026552215,0,0,0,8,29,0,0,0,0,0.0002751641238219861,9.874868320287655e-06,0.0002751641238219861,-1,0,0,0,-1,1,0,0,0
2165,0,83.6239156498616,0,0,0,2,15,0,0,0,0,0.0002751641238219861,9.874868320287655e-06,0.0002751641238219861,-1,0,0,0,-1,1,0,0,0
2166,118,64.18687123176674,0,0,0,5,43,0,0,0,0,0.0002751641238219861,9.874868320287655e-06,0.0002751641238219861,-1,0,0,0,-1,1,0,0,0
2167,1597,76.37830416215954,0,0,0,5,17,0,0,0,0,0.0002751641238219861,9.874868320287655e-06,0.0002751641238219861,-1,0,0,0,-1,1,0,0,0
2168,2292,73.41166985068274,0,0,0,5,17,0,0,0,0,0.0002751641238219861,9.874868320287655e-06,0.0002751641238219861,-1,0,0,0,-1,1,0,0,0
2169,1494,108.0409845145765,0,0,0,2,23,0,0,0,0,0.0002751641238219861,9.874868320287655e-06,0.0002751641238219861,-1,0,0,0,-1,1,0,0,0
2170,3260,83.77981503346413,0,0,0,6,21,0,0,0,0,0.0002751641238219861,9.874868320287655e-06,0.0002751641238219861,-1,0,0,0,-1,1,0,0,0
2171,0,80.3542756499637,0,0,0,1,8,0,0,0,0,0.0002751641238219861,9.874868320287655e-06,0.0002751641238219861,-1,0,0,0,-1,1,0,0,0
2172,1776,53.72034784061089,0,0,0,6,24,0,0,0,0,0.0002751641238219861,9.874868320287655e-06,0.0002751641238219861,-1,0,0,0,-1,1,0,0,0
2173,2286,83.08402321078491,0,0,0,5,20,0,0,0,0,0.0002751641238219861,9.874868320287655e-06,0.0002751641238219861,-1,0,0,0,-1,1,0,0,0
2174,1908,86.4172251488211,0,0,0,4,11,0,0,0,0,0.0002751641238219861,9.874868320287655e-06,0.0002751641238219861,-1,0,0,0,-1,1,0,0,0
2175,1279,76.53922615208704,0,0,0,5,23,0,0,0,0,0.0002751641238219861,9.874868320287655e-06,0.0002751641238219861,-1,0,0,0,-1,1,0,0,0
2176,474,75.02778128930099,0,0,0,4,19,0,0,0,0,0.0002751641238219861,9.874868320287655e-06,0.0002751641238219861,-1,0,0,0,-1,1,0,0,0
2177,357,70.32280119710131,0,0,0,4,20,0,0,0,0,0.0002751641238219861,9.874868320287655e-06,0.0002751641238219861,-1,0,0,0,-1,1,0,0,0
2178,48,85.82775152637878,0,0,0,3,19,0,0,0,0,0.0002751641238219861,9.874868320287655e-06,0.0002751641238219861,-1,0,0,0,-1,1,0,0,0
2179,0,78.12990264977786,0,0,0,2,19,0,0,0,0,0.0002751641238219861,9.874868320287655e-06,0.0002751641238219861,-1,0,0,0,-1,1,0,0,0
2180,4830,77.38020000381631,0,0,0,6,22,0,0,0,0,0.0002751641238219861,9.874868320287655e-06,0.0002751641238219861,-1,0,0,0,-1,1,0,0,0
2181,804,77.43130263247664,0,0,0,4,26,0,0,0,0,0.0002751641238219861,9.874868320287655e-06,0.0002751641238219861,-1,0,0,0,-1,1,0,0,0
2182,3344,103.0142932120302,0,0,0,6,30,0,0,0,0,0.0002751641238219861,9.874868320287655e-06,0.0002751641238219861,-1,0,0,0,-1,1,0,0,0
2183,0,74.09691564984097,0,0,0,2,26,0,0,0,0,0.0002751641238219861,9.874868320287655e-06,0.0002751641238219861,-1,0,0,0,-1,1,0,0,0
2184,422,96.96464359211542,0,0,0,5,24,0,0,0,0,0.0002751641238219861,9.874868320287655e-06,0.0002751641238219861,-1,0,0,0,-1,1,0,0,0
2185,0,85.00752296546338,0,0,0,4,33,0,0,0,0,0.0002751641238219861,9.874868320287655e-06,0.0002751641238219861,-1,0,0,0,-1,1,0,0,0
2186,1538,80.59601200288262,0,0,0,3,15,0,0,0,0,0.0002751641238219861,9.874868320287655e-06,0.0002751641238219861,-1,0,0,0,-1,1,0,0,0
2187,536,95.73851445489977,0,0,0,4,27,0,0,0,0,0.0002751641238219861,9.874868320287655e-06,0.0002751641238219861,-1,0,0,0,-1,1,0,0,0
2188,0,95.77999744317526,0,0,0,3,29,0,0,0,0,0.0002751641238219861,9.874868320287655e-06,0.0002751641238219861,-1,0,0,0,-1,1,0,0,0
2189,0,78.16483732701685,0,0,0,2,21,0,0,0,0,0.0002751641238219861,9.874868320287655e-06,0.0002751641238219861,-1,0,0,0,-1,1,0,0,0
2190,1012,92.20361261455938,0,0,0,6,26,0,0,0,0,0.0002751641238219861,9.874868320287655e-06,0.0002751641238219861,-1,0,0,0,-1,1,0,0,0
2191,3166,76.49533804472466,0,0,0,4,15,0,0,0,0,0.0002751641238219861,9.874868320287655e-06,0.0002751641238219861,-1,0,0,0,-1,1,0,0,0
2192,420,70.23681292246773,0,0,0,5,22,0,0,0,0,0.0002751641238219861,9.874868320287655e-06,0.0002751641238219861,-1,0,0,0,-1,1,0,0,0
2193,0,103.0205951588543,0,0,0,3,22,0,0,0,0,0.0002751641238219861,9.874868320287655e-06,0.0002751641238219861,-1,0,0,0,-1,1,0,0,0
2194,282,80.09742691153214,0,0,0,4,27,0,0,0,0,0.0002751641238219861,9.874868320287655e-06,0.0002751641238219861,-1,0,0,0,-1,1,0,0,0
2195,2,64.01452905122761,0,0,0,3,20,0,0,0,0,0.0002751641238219861,9.874868320287655e-06,0.0002751641238219861,-1,0,0,0,-1,1,0,0,0
2196,177,80.37723959470559,0,0,0,2,21,0,0,0,0,0.0002751641238219861,9.874868320287655e-06,0.0002751641238219861,-1,0,0,0,-1,1,0,0,0
2197,188,105.2671819456027,0,0,0,3,31,0,0,0,0,0.0002751641238219861,9.874868320287655e-06,0.0002751641238219861,-1,0,0,0,-1,1,0,0,0
2198,0,103.0345690307126,0,0,0,3,25,0,0,0,0,0.0002751641238219861,9.874868320287655e-06,0.0002751641238219861,-1,0,0,0,-1,1,0,0,0
2199,771,100.7336655182782,0,0,0,3,19,0,0,0,0,0.0002751641238219861,9.874868320287655e-06,0.0002751641238219861,-1,0,0,0,-1,1,0,0,0
2200,3035,96.77522604857101,0,0,0,7,16,0,0,0,0,0.0002751641238219861,9.874868320287655e-06,0.0002751641238219861,-1,0,0,0,-1,1,0,0,0
2201,1710,78.17800715296747,0,0,0,3,18,0,0,0,0,0.0002751641238219861,9.874868320287655e-06,0.0002751641238219861,-1,0,0,0,-1,1,0,0,0
2202,0,97.99200299246579,0,0,0,2,18,0,0,0,0,0.0002751641238219861,9.874868320287655e-06,0.0002751641238219861,-1,0,0,0,-1,1,0,0,0
2203,1943,96.04089024588568,0,0,0,3,18,0,0,0,0,0.0002751641238219861,9.874868320287655e-06,0.0002751641238219861,-1,0,0,0,-1,1,0,0,0
2204,268,104.9431167534031,0,0,0,3,29,0,0,0,0,0.0002751641238219861,9.874868320287655e-06,0.0002751641238219861,-1,0,0,0,-1,1,0,0,0
2205,2004,78.18780946655298,0,0,0,3,21,0,0,0,0,0.0002751641238219861,9.874868320287655e-06,0.0002751641238219861,-1,0,0,0,-1,1,0,0,0
2206,44,87.37152630795408,0,0,0,5,35,0,0,0,0,0.0002751641238219861,9.874868320287655e-06,0.0002751641238219861,-1,0,0,0,-1,1,0,0,0
2207,761,91.95801011400239,0,0,0,2,13,0,0,0,0,0.0002751641238219861,9.874868320287655e-06,0.0002751641238219861,-1,0,0,0,-1,1,0,0,0
2208,428,92.32323449598211,0,0,0,4,27,0,0,0,0,0.0002751641238219861,9.874868320287655e-06,0.0002751641238219861,-1,0,0,0,-1,1,0,0,0
2209,874,83.8578985777432,0,0,0,4,25,0,0,0,0,0.0002751641238219861,9.874868320287655e-06,0.0002751641238219861,-1,0,0,0,-1,1,0,0,0
2210,27,78.91093164937553,0,0,0,5,20,0,0,0,0,0.0002751641238219861,9.874868320287655e-06,0.0002751641238219861,-1,0,0,0,-1,1,0,0,0
2211,542,61.5541683427867,0,0,0,4,12,0,0,0,0,0.0002751641238219861,9.874868320287655e-06,0.0002751641238219861,-1,0,0,0,-1,1,0,0,0
2212,0,95.75760224002148,0,0,0,3,27,0,0,0,0,0.0002751641238219861,9.874868320287655e-06,0.0002751641238219861,-1,0,0,0,-1,1,0,0,0
2213,0,78.16176937504059,0,0,0,2,16,0,0,0,0,0.0002751641238219861,9.874868320287655e-06,0.0002751641238219861,-1,0,0,0,-1,1,0,0,0
2214,0,84.38726264996281,0,0,0,1,8,0,0,0,0,0.0002751641238219861,9.874868320287655e-06,0.0002751641238219861,-1,0,0,0,-1,1,0,0,0
2215,2807,69.80270664121456,0,0,0,7,31,0,0,0,0,0.0002751641238219861,9.874868320287655e-06,0.0002751641238219861,-1,0,0,0,-1,1,0,0,0
2216,541,95.82143178454126,0,0,0,4,22,0,0,0,0,0.0002751641238219861,9.874868320287655e-06,0.0002751641238219861,-1,0,0,0,-1,1,0,0,0
2217,596,95.7088419149057,0,0,0,4,28,0,0,0,0,0.0002751641238219861,9.874868320287655e-06,0.0002751641238219861,-1,0,0,0,-1,1,0,0,0
2218,589,96.74889768744997,0,0,0,3,13,0,0,0,0,0.0002751641238219861,9.874868320287655e-06,0.0002751641238219861,-1,0,0,0,-1,1,0,0,0
2219,133,95.8301253353398,0,0,0,5,20,0,0,0,0,0.0002751641238219861,9.874868320287655e-06,0.0002751641238219861,-1,0,0,0,-1,1,0,0,0
2220,498,79.86466171117364,0,0,0,4,25,0,0,0,0,0.0002751641238219861,9.874868320287655e-06,0.0002751641238219861,-1,0,0,0,-1,1,0,0,0
2221,1608,77.80394566885104,0,0,0,5,33,0,0,0,0,0.0002751641238219861,9.874868320287655e-06,0.0002751641238219861,-1,0,0,0,-1,1,0,0,0
2222,0,81.39584090902679,0,0,0,0,2,0,0,0,0,0.0002751641238219861,9.874868320287655e-06,0.0002751641238219861,-1,0,0,0,-1,1,0,0,0
2223,2260,83.77586680961591,0,0,0,6,34,0,0,0,0,0.0002751641238219861,9.874868320287655e-06,0.0002751641238219861,-1,0,0,0,-1,1,0,0,0
2224,280,81.56209993822651,0,0,0,4,19,0,0,0,0,0.0002751641238219861,9.874868320287655e-06,0.0002751641238219861,-1,0,0,0,-1,1,0,0,0
2225,0,92.63082903317499,0,0,0,1,5,0,0,0,0,0.0002751641238219861,9.874868320287655e-06,0.0002751641238219861,-1,0,0,0,-1,1,0,0,0
2226,1145,77.03308895023403,0,0,0,4,21,0,0,0,0,0.0002751641238219861,9.874868320287655e-06,0.0002751641238219861,-1,0,0,0,-1,1,0,0,0
2227,0,55.25828179153893,0,0,0,0,1,0,0,0,0,0.0002751641238219861,9.874868320287655e-06,0.0002751641238219861,-1,0,0,0,-1,1,0,0,0
2228,3324,83.66057786410725,0,0,0,5,28,0,0,0,0,0.0002751641238219861,9.874868320287655e-06,0.0002751641238219861,-1,0,0,0,-1,1,0,0,0
2229,0,76.88090879153154,0,0,0,1,7,0,0,0,0,0.0002751641238219861,9.874868320287655e-06,0.0002751641238219861,-1,0,0,0,-1,1,0,0,0
2230,0,70.74624436336336,0,0,0,2,19,0,0,0,0,0.0002751641238219861,9.874868320287655e-06,0.0002751641238219861,-1,0,0,0,-1,1,0,0,0
2231,7,67.84886263635796,0,0,0,5,20,0,0,0,0,0.0002751641238219861,9.874868320287655e-06,0.0002751641238219861,-1,0,0,0,-1,1,0,0,0
2232,1465,81.95160327470727,0,0,0,5,35,0,0,0,0,0.0002751641238219861,9.874868320287655e-06,0.0002751641238219861,-1,0,0,0,-1,1,0,0,0
2233,1020,67.09918252845323,0,0,0,5,21,0,0,0,0,0.0002751641238219861,9.874868320287655e-06,0.0002751641238219861,-1,0,0,0,-1,1,0,0,0
2234,0,56.61869163296439,0,0,0,3,20,0,0,0,0,0.0002751641238219861,9.874868320287655e-06,0.0002751641238219861,-1,0,0,0,-1,1,0,0,0
2235,573,95.78970533930135,0,0,0,3,16,0,0,0,0,0.0002751641238219861,9.874868320287655e-06,0.0002751641238219861,-1,0,0,0,-1,1,0,0,0
2236,762,70.93333796788265,0,0,0,3,19,0,0,0,0,0.0002751641238219861,9.874868320287655e-06,0.0002751641238219861,-1,0,0,0,-1,1,0,0,0
2237,0,60.54026264995854,0,0,0,1,11,0,0,0,0,0.0002751641238219861,9.874868320287655e-06,0.0002751641238219861,-1,0,0,0,-1,1,0,0,0
2238,111,60.27951823954439,0,0,0,5,32,0,0,0,0,0.0002751641238219861,9.874868320287655e-06,0.0002751641238219861,-1,0,0,0,-1,1,0,0,0
2239,92,81.82799469585599,0,0,0,1,11,0,0,0,0,0.0002751641238219861,9.874868320287655e-06,0.0002751641238219861,-1,0,0,0,-1,1,0,0,0
2240,3858,65.99776531061104,0,0,0,5,19,0,0,0,0,0.0002751641238219861,9.874868320287655e-06,0.0002751641238219861,-1,0,0,0,-1,1,0,0,0
2241,684,78.37811754756105,0,0,0,4,26,0,0,0,0,0.0002751641238219861,9.874868320287655e-06,0.0002751641238219861,-1,0,0,0,-1,1,0,0,0
2242,1015,85.93625579802293,0,0,0,4,14,0,0,0,0,0.0002751641238219861,9.874868320287655e-06,0.0002751641238219861,-1,0,0,0,-1,1,0,0,0
2243,0,75.90552964573681,0,0,0,3,28,0,0,0,0,0.0002751641238219861,9.874868320287655e-06,0.0002751641238219861,-1,0,0,0,-1,1,0,0,0
2244,430,97.25938434804486,0,0,0,3,24,0,0,0,0,0.0002751641238219861,9.874868320287655e-06,0.0002751641238219861,-1,0,0,0,-1,1,0,0,0
2245,134,86.51166076857042,0,0,0,4,20,0,0,0,0,0.0002751641238219861,9.874868320287655e-06,0.0002751641238219861,-1,0,0,0,-1,1,0,0,0
2246,1610,103.0461242682478,0,0,0,3,14,0,0,0,0,0.0002751641238219861,9.874868320287655e-06,0.0002751641238219861,-1,0,0,0,-1,1,0,0,0
2247,761,92.25953002199648,0,0,0,4,35,0,0,0,0,0.0002751641238219861,9.874868320287655e-06,0.0002751641238219861,-1,0,0,0,-1,1,0,0,0
2248,0,77.36655564995425,0,0,0,3,30,0,0,0,0,0.0002751641238219861,9.874868320287655e-06,0.0002751641238219861,-1,0,0,0,-1,1,0,0,0
2249,171,95.72206057259606,0,0,0,4,35,0,0,0,0,0.0002751641238219861,9.874868320287655e-06,0.0002751641238219861,-1,0,0,0,-1,1,0,0,0
2250,604,72.58789951953158,0,0,0,6,44,0,0,0,0,0.0002751641238219861,9.874868320287655e-06,0.0002751641238219861,-1,0,0,0,-1,1,0,0,0
2251,1976,81.41341224756471,0,0,0,5,28,0,0,0,0,0.0002751641238219861,9.874868320287655e-06,0.0002751641238219861,-1,0,0,0,-1,1,0,0,0
2252,2694,88.55279752430148,0,0,0,5,34,0,0,0,0,0.0002751641238219861,9.874868320287655e-06,0.0002751641238219861,-1,0,0,0,-1,1,0,0,0
2253,2827,56.13390999568863,0,0,0,4,13,0,0,0,0,0.0002751641238219861,9.874868320287655e-06,0.0002751641238219861,-1,0,0,0,-1,1,0,0,0
2254,1887,100.6991260491606,0,0,0,4,16,0,0,0,0,0.0002751641238219861,9.874868320287655e-06,0.0002751641238219861,-1,0,0,0,-1,1,0,0,0
2255,0,97.94391564952632,0,0,0,2,21,0,0,0,0,0.0002751641238219861,9.874868320287655e-06,0.0002751641238219861,-1,0,0,0,-1,1,0,0,0
2256,0,74.15774402664688,0,0,0,2,17,0,0,0,0,0.0002751641238219861,9.874868320287655e-06,0.0002751641238219861,-1,0,0,0,-1,1,0,0,0
2257,371,69.13978443116957,0,0,0,5,17,0,0,0,0,0.0002751641238219861,9.874868320287655e-06,0.0002751641238219861,-1,0,0,0,-1,1,0,0,0
2258,1509,67.93500391275563,0,0,0,5,24,0,0,0,0,0.0002751641238219861,9.874868320287655e-06,0.0002751641238219861,-1,0,0,0,-1,1,0,0,0
2259,1176,95.96602654520986,0,0,0,3,12,0,0,0,0,0.0002751641238219861,9.874868320287655e-06,0.0002751641238219861,-1,0,0,0,-1,1,0,0,0
2260,4447,93.98088173494516,0,0,0,6,19,0,0,0,0,0.0002751641238219861,9.874868320287655e-06,0.0002751641238219861,-1,0,0,0,-1,1,0,0,0
2261,695,90.89046915729682,0,0,0,3,20,0,0,0,0,0.0002751641238219861,9.874868320287655e-06,0.0002751641238219861,-1,0,0,0,-1,1,0,0,0
2262,795,82.56792913596271,0,0,0,2,11,0,0,0,0,0.0002751641238219861,9.874868320287655e-06,0.0002751641238219861,-1,0,0,0,-1,1,0,0,0
2263,3122,76.46981737536076,0,0,0,4,21,0,0,0,0,0.0002751641238219861,9.874868320287655e-06,0.0002751641238219861,-1,0,0,0,-1,1,0,0,0
2264,2575,77.092871292894,0,0,0,6,37,0,0,0,0,0.0002751641238219861,9.874868320287655e-06,0.0002751641238219861,-1,0,0,0,-1,1,0,0,0
2265,1757,102.9436877344585,0,0,0,6,23,0,0,0,0,0.0002751641238219861,9.874868320287655e-06,0.0002751641238219861,-1,0,0,0,-1,1,0,0,0
2266,0,100.7340984266328,0,0,0,3,18,0,0,0,0,0.0002751641238219861,9.874868320287655e-06,0.0002751641238219861,-1,0,0,0,-1,1,0,0,0
2267,1134,73.66691394925408,0,0,0,5,23,0,0,0,0,0.0002751641238219861,9.874868320287655e-06,0.0002751641238219861,-1,0,0,0,-1,1,0,0,0
2268,315,87.32499305067881,0,0,0,2,19,0,0,0,0,0.0002751641238219861,9.874868320287655e-06,0.0002751641238219861,-1,0,0,0,-1,1,0,0,0
2269,0,71.99440481749987,0,0,0,3,24,0,0,0,0,0.0002751641238219861,9.874868320287655e-06,0.0002751641238219861,-1,0,0,0,-1,1,0,0,0
2270,1084,79.62039481002677,0,0,0,3,18,0,0,0,0,0.0002751641238219861,9.874868320287655e-06,0.0002751641238219861,-1,0,0,0,-1,1,0,0,0
2271,2071,95.7939364184609,0,0,0,5,25,0,0,0,0,0.0002751641238219861,9.874868320287655e-06,0.0002751641238219861,-1,0,0,0,-1,1,0,0,0
2272,1776,87.01619213279169,0,0,0,4,23,0,0,0,0,0.0002751641238219861,9.874868320287655e-06,0.0002751641238219861,-1,0,0,0,-1,1,0,0,0
2273,1846,82.6154096895046,0,0,0,3,18,0,0,0,0,0.0002751641238219861,9.874868320287655e-06,0.0002751641238219861,-1,0,0,0,-1,1,0,0,0
2274,1153,88.08525819811838,0,0,0,3,16,0,0,0,0,0.0002751641238219861,9.874868320287655e-06,0.0002751641238219861,-1,0,0,0,-1,1,0,0,0
2275,543,83.58505281050303,0,0,0,4,15,0,0,0,0,0.0002751641238219861,9.874868320287655e-06,0.0002751641238219861,-1,0,0,0,-1,1,0,0,0
2276,1631,52.95489662848547,0,0,0,6,31,0,0,0,0,0.0002751641238219861,9.874868320287655e-06,0.0002751641238219861,-1,0,0,0,-1,1,0,0,0
2277,666,88.53221812589828,0,0,0,3,25,0,0,0,0,0.0002751641238219861,9.874868320287655e-06,0.0002751641238219861,-1,0,0,0,-1,1,0,0,0
2278,584,100.9832291458713,0,0,0,3,15,0,0,0,0,0.0002751641238219861,9.874868320287655e-06,0.0002751641238219861,-1,0,0,0,-1,1,0,0,0
2279,2277,95.75219304983493,0,0,0,5,19,0,0,0,0,0.0002751641238219861,9.874868320287655e-06,0.0002751641238219861,-1,0,0,0,-1,1,0,0,0
2280,839,95.31434797252508,0,0,0,2,9,0,0,0,0,0.0002751641238219861,9.874868320287655e-06,0.0002751641238219861,-1,0,0,0,-1,1,0,0,0
2281,1868,104.0786106127518,0,0,0,2,10,0,0,0,0,0.0002751641238219861,9.874868320287655e-06,0.0002751641238219861,-1,0,0,0,-1,1,0,0,0
2282,0,104.2902292151709,0,0,0,1,9,0,0,0,0,0.0002751641238219861,9.874868320287655e-06,0.0002751641238219861,-1,0,0,0,-1,1,0,0,0
2283,168,71.79721936310395,0,0,0,4,18,0,0,0,0,0.0002751641238219861,9.874868320287655e-06,0.0002751641238219861,-1,0,0,0,-1,1,0,0,0
2284,1637,69.67842141431923,0,0,0,6,41,0,0,0,0,0.0002751641238219861,9.874868320287655e-06,0.0002751641238219861,-1,0,0,0,-1,1,0,0,0
2285,0,71.92577886204182,0,0,0,3,28,0,0,0,0,0.0002751641238219861,9.874868320287655e-06,0.0002751641238219861,-1,0,0,0,-1,1,0,0,0
2286,0,76.02564053827085,0,0,0,3,24,0,0,0,0,0.0002751641238219861,9.874868320287655e-06,0.0002751641238219861,-1,0,0,0,-1,1,0,0,0
2287,1382,71.38017940652217,0,0,0,5,38,0,0,0,0,0.0002751641238219861,9.874868320287655e-06,0.0002751641238219861,-1,0,0,0,-1,1,0,0,0
2288,780,81.08874356302998,0,0,0,4,23,0,0,0,0,0.0002751641238219861,9.874868320287655e-06,0.0002751641238219861,-1,0,0,0,-1,1,0,0,0
2289,521,93.6660011982554,0,0,0,4,20,0,0,0,0,0.0002751641238219861,9.874868320287655e-06,0.0002751641238219861,-1,0,0,0,-1,1,0,0,0
2290,1906,78.68130216421054,0,0,0,5,29,0,0,0,0,0.0002751641238219861,9.874868320287655e-06,0.0002751641238219861,-1,0,0,0,-1,1,0,0,0
2291,13,92.02926227333913,0,0,0,2,14,0,0,0,0,0.0002751641238219861,9.874868320287655e-06,0.0002751641238219861,-1,0,0,0,-1,1,0,0,0
2292,0,81.82802600130221,0,0,0,1,7,0,0,0,0,0.0002751641238219861,9.874868320287655e-06,0.0002751641238219861,-1,0,0,0,-1,1,0,0,0
2293,140,73.48339618423771,0,0,0,3,13,0,0,0,0,0.0002751641238219861,9.874868320287655e-06,0.0002751641238219861,-1,0,0,0,-1,1,0,0,0
2294,669,63.3710606611029,0,0,0,6,37,0,0,0,0,0.0002751641238219861,9.874868320287655e-06,0.0002751641238219861,-1,0,0,0,-1,1,0,0,0
2295,3728,80.0850623684142,0,0,0,6,17,0,0,0,0,0.0002751641238219861,9.874868320287655e-06,0.0002751641238219861,-1,0,0,0,-1,1,0,0,0
2296,2017,68.6467246994827,0,0,0,5,24,0,0,0,0,0.0002751641238219861,9.874868320287655e-06,0.0002751641238219861,-1,0,0,0,-1,1,0,0,0
2297,1570,87.34878466481067,0,0,0,4,27,0,0,0,0,0.0002751641238219861,9.874868320287655e-06,0.0002751641238219861,-1,0,0,0,-1,1,0,0,0
2298,457,96.72889563828031,0,0,0,2,10,0,0,0,0,0.0002751641238219861,9.874868320287655e-06,0.0002751641238219861,-1,0,0,0,-1,1,0,0,0
2299,1062,83.61360283513955,0,0,0,4,13,0,0,0,0,0.0002751641238219861,9.874868320287655e-06,0.0002751641238219861,-1,0,0,0,-1,1,0,0,0
2300,0,95.7710528813693,0,0,0,3,26,0,0,0,0,0.0002751641238219861,9.874868320287655e-06,0.0002751641238219861,-1,0,0,0,-1,1,0,0,0
2301,4076,95.77438180905816,0,0,0,4,18,0,0,0,0,0.0002751641238219861,9.874868320287655e-06,0.0002751641238219861,-1,0,0,0,-1,1,0,0,0
2302,2513,88.55143726044544,0,0,0,5,23,0,0,0,0,0.0002751641238219861,9.874868320287655e-06,0.0002751641238219861,-1,0,0,0,-1,1,0,0,0
2303,0,80.35427564961104,0,0,0,1,10,0,0,0,0,0.0002751641238219861,9.874868320287655e-06,0.0002751641238219861,-1,0,0,0,-1,1,0,0,0
2304,379,70.9850653864185,0,0,0,3,20,0,0,0,0,0.0002751641238219861,9.874868320287655e-06,0.0002751641238219861,-1,0,0,0,-1,1,0,0,0
2305,2035,96.80642465425323,0,0,0,4,16,0,0,0,0,0.0002751641238219861,9.874868320287655e-06,0.0002751641238219861,-1,0,0,0,-1,1,0,0,0
2306,1656,83.98926671736001,0,0,0,6,36,0,0,0,0,0.0002751641238219861,9.874868320287655e-06,0.0002751641238219861,-1,0,0,0,-1,1,0,0,0
2307,1432,88.74196261662448,0,0,0,4,22,0,0,0,0,0.0002751641238219861,9.874868320287655e-06,0.0002751641238219861,-1,0,0,0,-1,1,0,0,0
2308,0,104.2335679464228,0,0,0,1,6,0,0,0,0,0.0002751641238219861,9.874868320287655e-06,0.0002751641238219861,-1,0,0,0,-1,1,0,0,0
2309,3479,88.59907540426084,0,0,0,6,15,0,0,0,0,0.0002751641238219861,9.874868320287655e-06,0.0002751641238219861,-1,0,0,0,-1,1,0,0,0
2310,3374,95.76576980638279,0,0,0,5,26,0,0,0,0,0.0002751641238219861,9.874868320287655e-06,0.0002751641238219861,-1,0,0,0,-1,1,0,0,0
2311,0,78.1867233487655,0,0,0,2,28,0,0,0,0,0.0002751641238219861,9.874868320287655e-06,0.0002751641238219861,-1,0,0,0,-1,1,0,0,0
2312,491,95.44794938105328,0,0,0,1,8,0,0,0,0,0.0002751641238219861,9.874868320287655e-06,0.0002751641238219861,-1,0,0,0,-1,1,0,0,0
2313,1029,97.36284783167325,0,0,0,3,13,0,0,0,0,0.0002751641238219861,9.874868320287655e-06,0.0002751641238219861,-1,0,0,0,-1,1,0,0,0
2314,606,80.90146908498781,0,0,0,4,21,0,0,0,0,0.0002751641238219861,9.874868320287655e-06,0.0002751641238219861,-1,0,0,0,-1,1,0,0,0
2315,0,96.69492179150521,0,0,0,1,8,0,0,0,0,0.0002751641238219861,9.874868320287655e-06,0.0002751641238219861,-1,0,0,0,-1,1,0,0,0
2316,880,87.60916925863512,0,0,0,4,15,0,0,0,0,0.0002751641238219861,9.874868320287655e-06,0.0002751641238219861,-1,0,0,0,-1,1,0,0,0
2317,7,58.02693984151787,0,0,0,2,6,0,0,0,0,0.0002751641238219861,9.874868320287655e-06,0.0002751641238219861,-1,0,0,0,-1,1,0,0,0
2318,1442,80.76410020323286,0,0,0,4,34,0,0,0,0,0.0002751641238219861,9.874868320287655e-06,0.0002751641238219861,-1,0,0,0,-1,1,0,0,0
2319,1126,72.76939246785024,0,0,0,8,29,0,0,0,0,0.0002751641238219861,9.874868320287655e-06,0.0002751641238219861,-1,0,0,0,-1,1,0,0,0
2320,186,75.57066600105206,0,0,0,3,18,0,0,0,0,0.0002751641238219861,9.874868320287655e-06,0.0002751641238219861,-1,0,0,0,-1,1,0,0,0
2321,1126,95.67893713138714,0,0,0,4,25,0,0,0,0,0.0002751641238219861,9.874868320287655e-06,0.0002751641238219861,-1,0,0,0,-1,1,0,0,0
2322,597,100.8148616529765,0,0,0,3,18,0,0,0,0,0.0002751641238219861,9.874868320287655e-06,0.0002751641238219861,-1,0,0,0,-1,1,0,0,0
2323,144,88.56393358588981,0,0,0,4,23,0,0,0,0,0.0002751641238219861,9.874868320287655e-06,0.0002751641238219861,-1,0,0,0,-1,1,0,0,0
2324,0,89.26103003284724,0,0,0,2,17,0,0,0,0,0.0002751641238219861,9.874868320287655e-06,0.0002751641238219861,-1,0,0,0,-1,1,0,0,0
2325,0,98.16537488784672,0,0,0,2,18,0,0,0,0,0.0002751641238219861,9.874868320287655e-06,0.0002751641238219861,-1,0,0,0,-1,1,0,0,0
2326,0,78.12990264993441,0,0,0,2,17,0,0,0,0,0.0002751641238219861,9.874868320287655e-06,0.0002751641238219861,-1,0,0,0,-1,1,0,0,0
2327,1645,77.35552404265086,0,0,0,4,24,0,0,0,0,0.0002751641238219861,9.874868320287655e-06,0.0002751641238219861,-1,0,0,0,-1,1,0,0,0
2328,0,95.71954264861144,0,0,0,3,26,0,0,0,0,0.0002751641238219861,9.874868320287655e-06,0.0002751641238219861,-1,0,0,0,-1,1,0,0,0
2329,1446,71.96602751877353,0,0,0,4,20,0,0,0,0,0.0002751641238219861,9.874868320287655e-06,0.0002751641238219861,-1,0,0,0,-1,1,0,0,0
2330,0,71.89022621963169,0,0,0,3,20,0,0,0,0,0.0002751641238219861,9.874868320287655e-06,0.0002751641238219861,-1,0,0,0,-1,1,0,0,0
2331,207,97.94391564962226,0,0,0,3,13,0,0,0,0,0.0002751641238219861,9.874868320287655e-06,0.0002751641238219861,-1,0,0,0,-1,1,0,0,0
2332,1203,85.59475488333463,0,0,0,3,21,0,0,0,0,0.0002751641238219861,9.874868320287655e-06,0.0002751641238219861,-1,0,0,0,-1,1,0,0,0
2333,352,64.80571520357317,0,0,0,5,38,0,0,0,0,0.0002751641238219861,9.874868320287655e-06,0.0002751641238219861,-1,0,0,0,-1,1,0,0,0
2334,241,75.54443727633509,0,0,0,3,22,0,0,0,0,0.0002751641238219861,9.874868320287655e-06,0.0002751641238219861,-1,0,0,0,-1,1,0,0,0
2335,1476,75.13181866775732,0,0,0,7,31,0,0,0,0,0.0002751641238219861,9.874868320287655e-06,0.0002751641238219861,-1,0,0,0,-1,1,0,0,0
2336,0,80.95278174106819,0,0,0,4,31,0,0,0,0,0.0002751641238219861,9.874868320287655e-06,0.0002751641238219861,-1,0,0,0,-1,1,0,0,0
2337,1810,70.31504461750767,0,0,0,8,33,0,0,0,0,0.0002751641238219861,9.874868320287655e-06,0.0002751641238219861,-1,0,0,0,-1,1,0,0,0
2338,1314,74.84524834320882,0,0,0,4,15,0,0,0,0,0.0002751641238219861,9.874868320287655e-06,0.0002751641238219861,-1,0,0,0,-1,1,0,0,0
2339,1796,84.37283044829434,0,0,0,5,42,0,0,0,0,0.0002751641238219861,9.874868320287655e-06,0.0002751641238219861,-1,0,0,0,-1,1,0,0,0
2340,2138,75.57619762111506,0,0,0,4,15,0,0,0,0,0.0002751641238219861,9.874868320287655e-06,0.0002751641238219861,-1,0,0,0,-1,1,0,0,0
2341,0,60.02003873044834,0,0,0,3,19,0,0,0,0,0.0002751641238219861,9.874868320287655e-06,0.0002751641238219861,-1,0,0,0,-1,1,0,0,0
2342,417,107.9823166898337,0,0,0,2,17,0,0,0,0,0.0002751641238219861,9.874868320287655e-06,0.0002751641238219861,-1,0,0,0,-1,1,0,0,0
2343,2658,72.90992967054819,0,0,0,8,30,0,0,0,0,0.0002751641238219861,9.874868320287655e-06,0.0002751641238219861,-1,0,0,0,-1,1,0,0,0
2344,0,77.36655564937375,0,0,0,3,27,0,0,0,0,0.0002751641238219861,9.874868320287655e-06,0.0002751641238219861,-1,0,0,0,-1,1,0,0,0
2345,42,58.57164101935329,0,0,0,5,29,0,0,0,0,0.0002751641238219861,9.874868320287655e-06,0.0002751641238219861,-1,0,0,0,-1,1,0,0,0
2346,1531,77.96176892701861,0,0,0,6,23,0,0,0,0,0.0002751641238219861,9.874868320287655e-06,0.0002751641238219861,-1,0,0,0,-1,1,0,0,0
2347,325,105.7229070622507,0,0,0,2,7,0,0,0,0,0.0002751641238219861,9.874868320287655e-06,0.0002751641238219861,-1,0,0,0,-1,1,0,0,0
2348,1046,60.82531610887816,0,0,0,7,34,0,0,0,0,0.0002751641238219861,9.874868320287655e-06,0.0002751641238219861,-1,0,0,0,-1,1,0,0,0
2349,0,86.61163564996527,0,0,0,0,0,0,0,0,0,0.0002751641238219861,9.874868320287655e-06,0.0002751641238219861,-1,0,0,0,-1,1,0,0,0
2350,1499,95.11269138577593,0,0,0,3,8,0,0,0,0,0.0002751641238219861,9.874868320287655e-06,0.0002751641238219861,-1,0,0,0,-1,1,0,0,0
2351,0,95.73342159756402,0,0,0,3,31,0,0,0,0,0.0002751641238219861,9.874868320287655e-06,0.0002751641238219861,-1,0,0,0,-1,1,0,0,0
2352,765,82.49965234777018,0,0,0,5,28,0,0,0,0,0.0002751641238219861,9.874868320287655e-06,0.0002751641238219861,-1,0,0,0,-1,1,0,0,0
2353,75,69.45501860872263,0,0,0,6,37,0,0,0,0,0.0002751641238219861,9.874868320287655e-06,0.0002751641238219861,-1,0,0,0,-1,1,0,0,0
2354,0,97.34977045297266,0,0,0,2,23,0,0,0,0,0.0002751641238219861,9.874868320287655e-06,0.0002751641238219861,-1,0,0,0,-1,1,0,0,0
2355,1373,80.90710268850172,0,0,0,4,27,0,0,0,0,0.0002751641238219861,9.874868320287655e-06,0.0002751641238219861,-1,0,0,0,-1,1,0,0,0
2356,207,81.82655400373017,0,0,0,5,33,0,0,0,0,0.0002751641238219861,9.874868320287655e-06,0.0002751641238219861,-1,0,0,0,-1,1,0,0,0
2357,445,107.939477909723,0,0,0,2,21,0,0,0,0,0.0002751641238219861,9.874868320287655e-06,0.0002751641238219861,-1,0,0,0,-1,1,0,0,0
2358,241,81.88750863278881,0,0,0,2,15,0,0,0,0,0.0002751641238219861,9.874868320287655e-06,0.0002751641238219861,-1,0,0,0,-1,1,0,0,0
2359,0,95.81496340580559,0,0,0,3,13,0,0,0,0,0.0002751641238219861,9.874868320287655e-06,0.0002751641238219861,-1,0,0,0,-1,1,0,0,0
2360,927,61.30202943184776,0,0,0,3,18,0,0,0,0,0.0002751641238219861,9.874868320287655e-06,0.0002751641238219861,-1,0,0,0,-1,1,0,0,0
2361,3247,88.18293890403046,0,0,0,5,24,0,0,0,0,0.0002751641238219861,9.874868320287655e-06,0.0002751641238219861,-1,0,0,0,-1,1,0,0,0
2362,1,76.39426080718198,0,0,0,5,30,0,0,0,0,0.0002751641238219861,9.874868320287655e-06,0.0002751641238219861,-1,0,0,0,-1,1,0,0,0
2363,289,95.81476980227406,0,0,0,5,22,0,0,0,0,0.0002751641238219861,9.874868320287655e-06,0.0002751641238219861,-1,0,0,0,-1,1,0,0,0
2364,0,60.54026264989672,0,0,0,1,8,0,0,0,0,0.0002751641238219861,9.874868320287655e-06,0.0002751641238219861,-1,0,0,0,-1,1,0,0,0
2365,0,75.94421248094945,0,0,0,3,21,0,0,0,0,0.0002751641238219861,9.874868320287655e-06,0.0002751641238219861,-1,0,0,0,-1,1,0,0,0
2366,235,97.54176259002251,0,0,0,0,1,0,0,0,0,0.0002751641238219861,9.874868320287655e-06,0.0002751641238219861,-1,0,0,0,-1,1,0,0,0
2367,423,95.91571968960712,0,0,0,4,28,0,0,0,0,0.0002751641238219861,9.874868320287655e-06,0.0002751641238219861,-1,0,0,0,-1,1,0,0,0
2368,1984,83.9216919419117,0,0,0,4,21,0,0,0,0,0.0002751641238219861,9.874868320287655e-06,0.0002751641238219861,-1,0,0,0,-1,1,0,0,0
2369,905,78.12944673800949,0,0,0,3,21,0,0,0,0,0.0002751641238219861,9.874868320287655e-06,0.0002751641238219861,-1,0,0,0,-1,1,0,0,0
2370,0,59.80802030525798,0,0,0,2,25,0,0,0,0,0.0002751641238219861,9.874868320287655e-06,0.0002751641238219861,-1,0,0,0,-1,1,0,0,0
2371,0,80.59739873068264,0,0,0,2,24,0,0,0,0,0.0002751641238219861,9.874868320287655e-06,0.0002751641238219861,-1,0,0,0,-1,1,0,0,0
2372,884,90.84706068063127,0,0,0,4,26,0,0,0,0,0.0002751641238219861,9.874868320287655e-06,0.0002751641238219861,-1,0,0,0,-1,1,0,0,0
2373,2382,100.7689825144274,0,0,0,4,19,0,0,0,0,0.0002751641238219861,9.874868320287655e-06,0.0002751641238219861,-1,0,0,0,-1,1,0,0,0
2374,1384,95.27420164550422,0,0,0,2,9,0,0,0,0,0.0002751641238219861,9.874868320287655e-06,0.0002751641238219861,-1,0,0,0,-1,1,0,0,0
2375,0,104.1040936135389,0,0,0,1,10,0,0,0,0,0.0002751641238219861,9.874868320287655e-06,0.0002751641238219861,-1,0,0,0,-1,1,0,0,0
2376,0,86.85475873133512,0,0,0,1,7,0,0,0,0,0.0002751641238219861,9.874868320287655e-06,0.0002751641238219861,-1,0,0,0,-1,1,0,0,0
2377,1165,93.530469956476,0,0,0,4,16,0,0,0,0,0.0002751641238219861,9.874868320287655e-06,0.0002751641238219861,-1,0,0,0,-1,1,0,0,0
2378,730,80.07121235043621,0,0,0,5,32,0,0,0,0,0.0002751641238219861,9.874868320287655e-06,0.0002751641238219861,-1,0,0,0,-1,1,0,0,0
2379,624,61.19995529912169,0,0,0,5,29,0,0,0,0,0.0002751641238219861,9.874868320287655e-06,0.0002751641238219861,-1,0,0,0,-1,1,0,0,0
2380,0,73.34629300129137,0,0,0,3,25,0,0,0,0,0.0002751641238219861,9.874868320287655e-06,0.0002751641238219861,-1,0,0,0,-1,1,0,0,0
2381,0,99.58739662312115,0,0,0,2,20,0,0,0,0,0.0002751641238219861,9.874868320287655e-06,0.0002751641238219861,-1,0,0,0,-1,1,0,0,0
2382,0,70.62354879138654,0,0,0,2,25,0,0,0,0,0.0002751641238219861,9.874868320287655e-06,0.0002751641238219861,-1,0,0,0,-1,1,0,0,0
2383,1291,62.45152288110743,0,0,0,4,20,0,0,0,0,0.0002751641238219861,9.874868320287655e-06,0.0002751641238219861,-1,0,0,0,-1,1,0,0,0
2384,0,98.00140438394149,0,0,0,2,17,0,0,0,0,0.0002751641238219861,9.874868320287655e-06,0.0002751641238219861,-1,0,0,0,-1,1,0,0,0
2385,365,83.48481342372047,0,0,0,2,12,0,0,0,0,0.0002751641238219861,9.874868320287655e-06,0.0002751641238219861,-1,0,0,0,-1,1,0,0,0
2386,0,80.35427564956328,0,0,0,1,6,0,0,0,0,0.0002751641238219861,9.874868320287655e-06,0.0002751641238219861,-1,0,0,0,-1,1,0,0,0
2387,1359,95.74272262110154,0,0,0,4,34,0,0,0,0,0.0002751641238219861,9.874868320287655e-06,0.0002751641238219861,-1,0,0,0,-1,1,0,0,0
2388,656,90.81903434423138,0,0,0,4,25,0,0,0,0,0.0002751641238219861,9.874868320287655e-06,0.0002751641238219861,-1,0,0,0,-1,1,0,0,0
2389,197,83.65665539191259,0,0,0,4,30,0,0,0,0,0.0002751641238219861,9.874868320287655e-06,0.0002751641238219861,-1,0,0,0,-1,1,0,0,0
2390,181,80.35427564991635,0,0,0,2,23,0,0,0,0,0.0002751641238219861,9.874868320287655e-06,0.0002751641238219861,-1,0,0,0,-1,1,0,0,0
2391,0,105.3875959924517,0,0,0,2,19,0,0,0,0,0.0002751641238219861,9.874868320287655e-06,0.0002751641238219861,-1,0,0,0,-1,1,0,0,0
2392,1543,80.13521749654839,0,0,0,5,24,0,0,0,0,0.0002751641238219861,9.874868320287655e-06,0.0002751641238219861,-1,0,0,0,-1,1,0,0,0
2393,0,54.32727322589471,0,0,0,2,19,0,0,0,0,0.0002751641238219861,9.874868320287655e-06,0.0002751641238219861,-1,0,0,0,-1,1,0,0,0
2394,3,95.73844741295635,0,0,0,4,20,0,0,0,0,0.0002751641238219861,9.874868320287655e-06,0.0002751641238219861,-1,0,0,0,-1,1,0,0,0
2395,1,96.68756317961606,0,0,0,2,11,0,0,0,0,0.0002751641238219861,9.874868320287655e-06,0.0002751641238219861,-1,0,0,0,-1,1,0,0,0
2396,677,80.28451524529613,0,0,0,4,32,0,0,0,0,0.0002751641238219861,9.874868320287655e-06,0.0002751641238219861,-1,0,0,0,-1,1,0,0,0
2397,3466,69.23920090435274,0,0,0,6,25,0,0,0,0,0.0002751641238219861,9.874868320287655e-06,0.0002751641238219861,-1,0,0,0,-1,1,0,0,0
2398,620,95.83504875598719,0,0,0,4,22,0,0,0,0,0.0002751641238219861,9.874868320287655e-06,0.0002751641238219861,-1,0,0,0,-1,1,0,0,0
2399,1797,67.73580470790932,0,0,0,7,23,0,0,0,0,0.0002751641238219861,9.874868320287655e-06,0.0002751641238219861,-1,0,0,0,-1,1,0,0,0
2400,0,66.79762264996808,0,0,0,0,1,0,0,0,0,0.0002751641238219861,9.874868320287655e-06,0.0002751641238219861,-1,0,0,0,-1,1,0,0,0
2401,0,84.38726264993636,0,0,0,1,11,0,0,0,0,0.0002751641238219861,9.874868320287655e-06,0.0002751641238219861,-1,0,0,0,-1,1,0,0,0
2402,1634,83.8686246504261,0,0,0,4,16,0,0,0,0,0.0002751641238219861,9.874868320287655e-06,0.0002751641238219861,-1,0,0,0,-1,1,0,0,0
2403,226,80.35427564943697,0,0,0,2,18,0,0,0,0,0.0002751641238219861,9.874868320287655e-06,0.0002751641238219861,-1,0,0,0,-1,1,0,0,0
2404,2790,82.93275180236253,0,0,0,4,26,0,0,0,0,0.0002751641238219861,9.874868320287655e-06,0.0002751641238219861,-1,0,0,0,-1,1,0,0,0
2405,363,85.73646056743679,0,0,0,4,16,0,0,0,0,0.0002751641238219861,9.874868320287655e-06,0.0002751641238219861,-1,0,0,0,-1,1,0,0,0
2406,71,76.50823523975274,0,0,0,5,24,0,0,0,0,0.0002751641238219861,9.874868320287655e-06,0.0002751641238219861,-1,0,0,0,-1,1,0,0,0
2407,290,86.22851942683158,0,0,0,4,22,0,0,0,0,0.0002751641238219861,9.874868320287655e-06,0.0002751641238219861,-1,0,0,0,-1,1,0,0,0
2408,0,80.35427564982533,0,0,0,1,6,0,0,0,0,0.0002751641238219861,9.874868320287655e-06,0.0002751641238219861,-1,0,0,0,-1,1,0,0,0
2409,11,97.89221035029462,0,0,0,4,27,0,0,0,0,0.0002751641238219861,9.874868320287655e-06,0.0002751641238219861,-1,0,0,0,-1,1,0,0,0
2410,543,95.74148951253595,0,0,0,4,22,0,0,0,0,0.0002751641238219861,9.874868320287655e-06,0.0002751641238219861,-1,0,0,0,-1,1,0,0,0
2411,0,99.48880448754515,0,0,0,2,11,0,0,0,0,0.0002751641238219861,9.874868320287655e-06,0.0002751641238219861,-1,0,0,0,-1,1,0,0,0
2412,3147,107.8981998791975,0,0,0,5,19,0,0,0,0,0.0002751641238219861,9.874868320287655e-06,0.0002751641238219861,-1,0,0,0,-1,1,0,0,0
2413,2304,81.38765805355283,0,0,0,4,16,0,0,0,0,0.0002751641238219861,9.874868320287655e-06,0.0002751641238219861,-1,0,0,0,-1,1,0,0,0
2414,405,75.75096411252042,0,0,0,5,19,0,0,0,0,0.0002751641238219861,9.874868320287655e-06,0.0002751641238219861,-1,0,0,0,-1,1,0,0,0
2415,533,64.86235620952743,0,0,0,4,17,0,0,0,0,0.0002751641238219861,9.874868320287655e-06,0.0002751641238219861,-1,0,0,0,-1,1,0,0,0
2416,171,105.2175276624872,0,0,0,3,28,0,0,0,0,0.0002751641238219861,9.874868320287655e-06,0.0002751641238219861,-1,0,0,0,-1,1,0,0,0
2417,0,78.12990264989874,0,0,0,2,11,0,0,0,0,0.0002751641238219861,9.874868320287655e-06,0.0002751641238219861,-1,0,0,0,-1,1,0,0,0
2418,1599,71.10927795378927,0,0,0,4,24,0,0,0,0,0.0002751641238219861,9.874868320287655e-06,0.0002751641238219861,-1,0,0,0,-1,1,0,0,0
2419,0,86.6116356499634,0,0,0,0,0,0,0,0,0,0.0002751641238219861,9.874868320287655e-06,0.0002751641238219861,-1,0,0,0,-1,1,0,0,0
2420,0,95.74259968249615,0,0,0,3,29,0,0,0,0,0.0002751641238219861,9.874868320287655e-06,0.0002751641238219861,-1,0,0,0,-1,1,0,0,0
2421,3527,88.72128891158054,0,0,0,7,22,0,0,0,0,0.0002751641238219861,9.874868320287655e-06,0.0002751641238219861,-1,0,0,0,-1,1,0,0,0
2422,2464,80.32698841136884,0,0,0,5,30,0,0,0,0,0.0002751641238219861,9.874868320287655e-06,0.0002751641238219861,-1,0,0,0,-1,1,0,0,0
2423,29225,138.2795039981281,0,0,0,1,6,0,0,0,0,0.0002751641238219861,9.874868320287655e-06,0.0002751641238219861,-1,0,0,0,-1,1,1,1,0
2424,5032,110.2779193933981,0,0,0,5,25,0,0,0,0,0.0002751641238219861,9.874868320287655e-06,0.0002751641238219861,-1,0,0,0,-1,1,0,0,0
2425,2113,116.1769810606875,0,0,0,2,12,0,0,0,0,0.0002751641238219861,9.874868320287655e-06,0.0002751641238219861,-1,0,0,0,-1,1,0,0,0
2426,1818,106.2117039697776,0,0,0,3,18,0,0,0,0,0.0002751641238219861,9.874868320287655e-06,0.0002751641238219861,-1,0,0,0,-1,1,0,0,0
2427,1863,75.98131105600581,0,0,0,3,12,0,0,0,0,0.0002751641238219861,9.874868320287655e-06,0.0002751641238219861,-1,0,0,0,-1,1,0,0,0
2428,994,78.07343832314024,0,0,0,3,17,0,0,0,0,0.0002751641238219861,9.874868320287655e-06,0.0002751641238219861,-1,0,0,0,-1,1,0,0,0
2429,0,73.41446262943789,0,0,0,4,17,0,0,0,0,0.0002751641238219861,9.874868320287655e-06,0.0002751641238219861,-1,0,0,0,-1,1,0,0,0
2430,5,83.7021798793171,0,0,0,5,29,0,0,0,0,0.0002751641238219861,9.874868320287655e-06,0.0002751641238219861,-1,0,0,0,-1,1,0,0,0
2431,1230,80.69414244900646,0,0,0,3,8,0,0,0,0,0.0002751641238219861,9.874868320287655e-06,0.0002751641238219861,-1,0,0,0,-1,1,0,0,0
2432,546,75.59291179948666,0,0,0,3,15,0,0,0,0,0.0002751641238219861,9.874868320287655e-06,0.0002751641238219861,-1,0,0,0,-1,1,0,0,0
2433,804,59.5635948947285,0,0,0,6,38,0,0,0,0,0.0002751641238219861,9.874868320287655e-06,0.0002751641238219861,-1,0,0,0,-1,1,0,0,0
2434,0,107.9905560758002,0,0,0,2,22,0,0,0,0,0.0002751641238219861,9.874868320287655e-06,0.0002751641238219861,-1,0,0,0,-1,1,0,0,0
2435,2271,81.90190183161258,0,0,0,3,14,0,0,0,0,0.0002751641238219861,9.874868320287655e-06,0.0002751641238219861,-1,0,0,0,-1,1,0,0,0
2436,0,66.84903963692841,0,0,0,3,19,0,0,0,0,0.0002751641238219861,9.874868320287655e-06,0.0002751641238219861,-1,0,0,0,-1,1,0,0,0
2437,1662,69.89942485050652,0,0,0,6,32,0,0,0,0,0.0002751641238219861,9.874868320287655e-06,0.0002751641238219861,-1,0,0,0,-1,1,0,0,0
2438,327,50.46000377831407,0,0,0,5,27,0,0,0,0,0.0002751641238219861,9.874868320287655e-06,0.0002751641238219861,-1,0,0,0,-1,1,0,0,0
2439,947,72.87316896904437,0,0,0,5,3,0,0,0,0,0.0002751641238219861,9.874868320287655e-06,0.0002751641238219861,-1,0,0,0,-1,1,0,0,0
2440,1881,58.93235283351778,0,0,0,6,17,0,0,0,0,0.0002751641238219861,9.874868320287655e-06,0.0002751641238219861,-1,0,0,0,-1,1,0,0,0
2441,3336,68.64760979882814,0,0,0,6,23,0,0,0,0,0.0002751641238219861,9.874868320287655e-06,0.0002751641238219861,-1,0,0,0,-1,1,0,0,0
2442,1311,75.94708493651913,0,0,0,4,28,0,0,0,0,0.0002751641238219861,9.874868320287655e-06,0.0002751641238219861,-1,0,0,0,-1,1,0,0,0
2443,72,86.10021261274079,0,0,0,3,19,0,0,0,0,0.0002751641238219861,9.874868320287655e-06,0.0002751641238219861,-1,0,0,0,-1,1,0,0,0
2444,1304,90.87164114703502,0,0,0,4,20,0,0,0,0,0.0002751641238219861,9.874868320287655e-06,0.0002751641238219861,-1,0,0,0,-1,1,0,0,0
2445,2164,85.71991982635839,0,0,0,6,25,0,0,0,0,0.0002751641238219861,9.874868320287655e-06,0.0002751641238219861,-1,0,0,0,-1,1,0,0,0
2446,0,62.76463564996487,0,0,0,0,0,0,0,0,0,0.0002751641238219861,9.874868320287655e-06,0.0002751641238219861,-1,0,0,0,-1,1,0,0,0
2447,0,53.53167795891351,0,0,0,3,27,0,0,0,0,0.0002751641238219861,9.874868320287655e-06,0.0002751641238219861,-1,0,0,0,-1,1,0,0,0
2448,498,73.38189372915436,0,0,0,3,32,0,0,0,0,0.0002751641238219861,9.874868320287655e-06,0.0002751641238219861,-1,0,0,0,-1,1,0,0,0
2449,1053,97.92964887735701,0,0,0,3,16,0,0,0,0,0.0002751641238219861,9.874868320287655e-06,0.0002751641238219861,-1,0,0,0,-1,1,0,0,0
2450,0,73.24394958344436,0,0,0,2,7,0,0,0,0,0.0002751641238219861,9.874868320287655e-06,0.0002751641238219861,-1,0,0,0,-1,1,0,0,0
2451,2013,67.88996335927764,0,0,0,7,44,0,0,0,0,0.0002751641238219861,9.874868320287655e-06,0.0002751641238219861,-1,0,0,0,-1,1,0,0,0
2452,256,89.09089867706717,0,0,0,1,8,0,0,0,0,0.0002751641238219861,9.874868320287655e-06,0.0002751641238219861,-1,0,0,0,-1,1,0,0,0
2453,1764,85.86560114253714,0,0,0,4,18,0,0,0,0,0.0002751641238219861,9.874868320287655e-06,0.0002751641238219861,-1,0,0,0,-1,1,0,0,0
2454,2494,72.98349684438193,0,0,0,6,22,0,0,0,0,0.0002751641238219861,9.874868320287655e-06,0.0002751641238219861,-1,0,0,0,-1,1,0,0,0
2455,144,72.75748585309988,0,0,0,4,26,0,0,0,0,0.0002751641238219861,9.874868320287655e-06,0.0002751641238219861,-1,0,0,0,-1,1,0,0,0
2456,0,59.77691564994565,0,0,0,2,19,0,0,0,0,0.0002751641238219861,9.874868320287655e-06,0.0002751641238219861,-1,0,0,0,-1,1,0,0,0
2457,1506,88.06319082725241,0,0,0,3,23,0,0,0,0,0.0002751641238219861,9.874868320287655e-06,0.0002751641238219861,-1,0,0,0,-1,1,0,0,0
2458,0,92.6383162893361,0,0,0,1,6,0,0,0,0,0.0002751641238219861,9.874868320287655e-06,0.0002751641238219861,-1,0,0,0,-1,1,0,0,0
2459,5352,85.91828299667442,0,0,0,7,19,0,0,0,0,0.0002751641238219861,9.874868320287655e-06,0.0002751641238219861,-1,0,0,0,-1,1,0,0,0
2460,2294,100.6158565783151,0,0,0,4,15,0,0,0,0,0.0002751641238219861,9.874868320287655e-06,0.0002751641238219861,-1,0,0,0,-1,1,0,0,0
2461,779,69.75143617340835,0,0,0,4,18,0,0,0,0,0.0002751641238219861,9.874868320287655e-06,0.0002751641238219861,-1,0,0,0,-1,1,0,0,0
2462,2,83.69390037346196,0,0,0,3,13,0,0,0,0,0.0002751641238219861,9.874868320287655e-06,0.0002751641238219861,-1,0,0,0,-1,1,0,0,0
2463,0,65.28240242406174,0,0,0,5,25,0,0,0,0,0.0002751641238219861,9.874868320287655e-06,0.0002751641238219861,-1,0,0,0,-1,1,0,0,0
2464,2484,72.54529729946249,0,0,0,6,40,0,0,0,0,0.0002751641238219861,9.874868320287655e-06,0.0002751641238219861,-1,0,0,0,-1,1,0,0,0
2465,4361,93.64484379640207,0,0,0,6,17,0,0,0,0,0.0002751641238219861,9.874868320287655e-06,0.0002751641238219861,-1,0,0,0,-1,1,0,0,0
2466,1868,62.66759398814014,0,0,0,7,35,0,0,0,0,0.0002751641238219861,9.874868320287655e-06,0.0002751641238219861,-1,0,0,0,-1,1,0,0,0
2467,847,95.81061184882027,0,0,0,3,18,0,0,0,0,0.0002751641238219861,9.874868320287655e-06,0.0002751641238219861,-1,0,0,0,-1,1,0,0,0
2468,0,97.94391564771017,0,0,0,2,14,0,0,0,0,0.0002751641238219861,9.874868320287655e-06,0.0002751641238219861,-1,0,0,0,-1,1,0,0,0
2469,2873,77.50079427768623,0,0,0,5,24,0,0,0,0,0.0002751641238219861,9.874868320287655e-06,0.0002751641238219861,-1,0,0,0,-1,1,0,0,0
2470,5,90.41927304160448,0,0,0,2,24,0,0,0,0,0.0002751641238219861,9.874868320287655e-06,0.0002751641238219861,-1,0,0,0,-1,1,0,0,0
2471,527,95.82711528720064,0,0,0,3,17,0,0,0,0,0.0002751641238219861,9.874868320287655e-06,0.0002751641238219861,-1,0,0,0,-1,1,0,0,0
2472,0,96.86740350873895,0,0,0,1,10,0,0,0,0,0.0002751641238219861,9.874868320287655e-06,0.0002751641238219861,-1,0,0,0,-1,1,0,0,0
2473,2970,105.4835858117251,0,0,0,4,17,0,0,0,0,0.0002751641238219861,9.874868320287655e-06,0.0002751641238219861,-1,0,0,0,-1,1,0,0,0
2474,246,78.18983403338,0,0,0,3,27,0,0,0,0,0.0002751641238219861,9.874868320287655e-06,0.0002751641238219861,-1,0,0,0,-1,1,0,0,0
2475,2639,106.4423172539547,0,0,0,2,3,0,0,0,0,0.0002751641238219861,9.874868320287655e-06,0.0002751641238219861,-1,0,0,0,-1,1,0,0,0
2476,0,82.63003193132911,0,0,0,1,9,0,0,0,0,0.0002751641238219861,9.874868320287655e-06,0.0002751641238219861,-1,0,0,0,-1,1,0,0,0
2477,2504,71.8894595282611,0,0,0,7,36,0,0,0,0,0.0002751641238219861,9.874868320287655e-06,0.0002751641238219861,-1,0,0,0,-1,1,0,0,0
2478,140,84.31550344461019,0,0,0,2,12,0,0,0,0,0.0002751641238219861,9.874868320287655e-06,0.0002751641238219861,-1,0,0,0,-1,1,0,0,0
2479,2123,93.29811422302058,0,0,0,3,13,0,0,0,0,0.0002751641238219861,9.874868320287655e-06,0.0002751641238219861,-1,0,0,0,-1,1,0,0,0
2480,2222,75.91345266556304,0,0,0,5,18,0,0,0,0,0.0002751641238219861,9.874868320287655e-06,0.0002751641238219861,-1,0,0,0,-1,1,0,0,0
2481,315,81.48411016192051,0,0,0,3,18,0,0,0,0,0.0002751641238219861,9.874868320287655e-06,0.0002751641238219861,-1,0,0,0,-1,1,0,0,0
2482,1170,46.93524907187449,0,0,0,7,33,0,0,0,0,0.0002751641238219861,9.874868320287655e-06,0.0002751641238219861,-1,0,0,0,-1,1,0,0,0
2483,889,103.0877113476966,0,0,0,3,22,0,0,0,0,0.0002751641238219861,9.874868320287655e-06,0.0002751641238219861,-1,0,0,0,-1,1,0,0,0
2484,316,66.91476196563684,0,0,0,4,17,0,0,0,0,0.0002751641238219861,9.874868320287655e-06,0.0002751641238219861,-1,0,0,0,-1,1,0,0,0
2485,412,80.84154586623411,0,0,0,4,28,0,0,0,0,0.0002751641238219861,9.874868320287655e-06,0.0002751641238219861,-1,0,0,0,-1,1,0,0,0
2486,2185,83.630306979114,0,0,0,3,22,0,0,0,0,0.0002751641238219861,9.874868320287655e-06,0.0002751641238219861,-1,0,0,0,-1,1,0,0,0
2487,1453,76.44969522727602,0,0,0,5,28,0,0,0,0,0.0002751641238219861,9.874868320287655e-06,0.0002751641238219861,-1,0,0,0,-1,1,0,0,0
2488,1642,91.80310593386672,0,0,0,4,15,0,0,0,0,0.0002751641238219861,9.874868320287655e-06,0.0002751641238219861,-1,0,0,0,-1,1,0,0,0
2489,0,98.12441160232031,0,0,0,2,16,0,0,0,0,0.0002751641238219861,9.874868320287655e-06,0.0002751641238219861,-1,0,0,0,-1,1,0,0,0
2490,2711,71.65366327188478,0,0,0,5,21,0,0,0,0,0.0002751641238219861,9.874868320287655e-06,0.0002751641238219861,-1,0,0,0,-1,1,0,0,0
2491,470,80.09181464068226,0,0,0,5,25,0,0,0,0,0.0002751641238219861,9.874868320287655e-06,0.0002751641238219861,-1,0,0,0,-1,1,0,0,0
2492,0,77.45362026300769,0,0,0,4,18,0,0,0,0,0.0002751641238219861,9.874868320287655e-06,0.0002751641238219861,-1,0,0,0,-1,1,0,0,0
2493,818,66.15872053410186,0,0,0,2,11,0,0,0,0,0.0002751641238219861,9.874868320287655e-06,0.0002751641238219861,-1,0,0,0,-1,1,0,0,0
2494,461,77.10540133898098,0,0,0,3,19,0,0,0,0,0.0002751641238219861,9.874868320287655e-06,0.0002751641238219861,-1,0,0,0,-1,1,0,0,0
2495,2951,78.36911659101089,0,0,0,5,36,0,0,0,0,0.0002751641238219861,9.874868320287655e-06,0.0002751641238219861,-1,0,0,0,-1,1,0,0,0
2496,1323,71.84249844698603,0,0,0,4,24,0,0,0,0,0.0002751641238219861,9.874868320287655e-06,0.0002751641238219861,-1,0,0,0,-1,1,0,0,0
2497,1521,95.79726069663826,0,0,0,4,28,0,0,0,0,0.0002751641238219861,9.874868320287655e-06,0.0002751641238219861,-1,0,0,0,-1,1,0,0,0
2498,0,73.34629300091153,0,0,0,3,23,0,0,0,0,0.0002751641238219861,9.874868320287655e-06,0.0002751641238219861,-1,0,0,0,-1,1,0,0,0
2499,1113,95.74764200540066,0,0,0,4,21,0,0,0,0,0.0002751641238219861,9.874868320287655e-06,0.0002751641238219861,-1,0,0,0,-1,1,0,0,0
2500,0,97.97175506700654,0,0,0,4,23,0,0,0,0,0.0002751641238219861,9.874868320287655e-06,0.0002751641238219861,-1,0,0,0,-1,1,0,0,0
2501,0,95.71954264985527,0,0,0,3,33,0,0,0,0,0.0002751641238219861,9.874868320287655e-06,0.0002751641238219861,-1,0,0,0,-1,1,0,0,0
2502,1911,95.30784673223143,0,0,0,2,18,0,0,0,0,0.0002751641238219861,9.874868320287655e-06,0.0002751641238219861,-1,0,0,0,-1,1,0,0,0
2503,2525,71.69595473506351,0,0,0,5,14,0,0,0,0,0.0002751641238219861,9.874868320287655e-06,0.0002751641238219861,-1,0,0,0,-1,1,0,0,0
2504,0,95.72478458400867,0,0,0,4,26,0,0,0,0,0.0002751641238219861,9.874868320287655e-06,0.0002751641238219861,-1,0,0,0,-1,1,0,0,0
2505,219,88.59289300772376,0,0,0,5,36,0,0,0,0,0.0002751641238219861,9.874868320287655e-06,0.0002751641238219861,-1,0,0,0,-1,1,0,0,0
2506,1482,63.91651544467455,0,0,0,4,20,0,0,0,0,0.0002751641238219861,9.874868320287655e-06,0.0002751641238219861,-1,0,0,0,-1,1,0,0,0
2507,1024,95.88031374912885,0,0,0,4,33,0,0,0,0,0.0002751641238219861,9.874868320287655e-06,0.0002751641238219861,-1,0,0,0,-1,1,0,0,0
2508,324,84.40085102105994,0,0,0,6,34,0,0,0,0,0.0002751641238219861,9.874868320287655e-06,0.0002751641238219861,-1,0,0,0,-1,1,0,0,0
2509,1071,73.35342019255198,0,0,0,4,25,0,0,0,0,0.0002751641238219861,9.874868320287655e-06,0.0002751641238219861,-1,0,0,0,-1,1,0,0,0
2510,0,95.28508503309885,0,0,0,1,5,0,0,0,0,0.0002751641238219861,9.874868320287655e-06,0.0002751641238219861,-1,0,0,0,-1,1,0,0,0
2511,2922,84.97516927399623,0,0,0,5,24,0,0,0,0,0.0002751641238219861,9.874868320287655e-06,0.0002751641238219861,-1,0,0,0,-1,1,0,0,0
2512,0,66.94985164122767,0,0,0,3,19,0,0,0,0,0.0002751641238219861,9.874868320287655e-06,0.0002751641238219861,-1,0,0,0,-1,1,0,0,0
2513,2296,76.33682717043985,0,0,0,5,19,0,0,0,0,0.0002751641238219861,9.874868320287655e-06,0.0002751641238219861,-1,0,0,0,-1,1,0,0,0
2514,1558,72.90589332895961,0,0,0,4,10,0,0,0,0,0.0002751641238219861,9.874868320287655e-06,0.0002751641238219861,-1,0,0,0,-1,1,0,0,0
2515,2871,88.91966584241852,0,0,0,5,23,0,0,0,0,0.0002751641238219861,9.874868320287655e-06,0.0002751641238219861,-1,0,0,0,-1,1,0,0,0
2516,899,79.98797908890107,0,0,0,5,39,0,0,0,0,0.0002751641238219861,9.874868320287655e-06,0.0002751641238219861,-1,0,0,0,-1,1,0,0,0
2517,438,103.0094927149963,0,0,0,3,27,0,0,0,0,0.0002751641238219861,9.874868320287655e-06,0.0002751641238219861,-1,0,0,0,-1,1,0,0,0
2518,459,55.2013880553932,0,0,0,6,28,0,0,0,0,0.0002751641238219861,9.874868320287655e-06,0.0002751641238219861,-1,0,0,0,-1,1,0,0,0
2519,7,71.91705440599752,0,0,0,3,9,0,0,0,0,0.0002751641238219861,9.874868320287655e-06,0.0002751641238219861,-1,0,0,0,-1,1,0,0,0
2520,1813,77.26803793091975,0,0,0,3,14,0,0,0,0,0.0002751641238219861,9.874868320287655e-06,0.0002751641238219861,-1,0,0,0,-1,1,0,0,0
2521,516,89.55661120324876,0,0,0,2,9,0,0,0,0,0.0002751641238219861,9.874868320287655e-06,0.0002751641238219861,-1,0,0,0,-1,1,0,0,0
2522,2411,108.3084571848548,0,0,0,4,15,0,0,0,0,0.0002751641238219861,9.874868320287655e-06,0.0002751641238219861,-1,0,0,0,-1,1,0,0,0
2523,482,73.78390095612437,0,0,0,5,18,0,0,0,0,0.0002751641238219861,9.874868320287655e-06,0.0002751641238219861,-1,0,0,0,-1,1,0,0,0
2524,1272,85.58406707699604,0,0,0,4,19,0,0,0,0,0.0002751641238219861,9.874868320287655e-06,0.0002751641238219861,-1,0,0,0,-1,1,0,0,0
2525,1916,95.73733157731033,0,0,0,5,21,0,0,0,0,0.0002751641238219861,9.874868320287655e-06,0.0002751641238219861,-1,0,0,0,-1,1,0,0,0
2526,591,83.50898791153914,0,0,0,5,25,0,0,0,0,0.0002751641238219861,9.874868320287655e-06,0.0002751641238219861,-1,0,0,0,-1,1,0,0,0
2527,300,97.94764160078304,0,0,0,3,25,0,0,0,0,0.0002751641238219861,9.874868320287655e-06,0.0002751641238219861,-1,0,0,0,-1,1,0,0,0
2528,1246,50.61655886498222,0,0,0,5,34,0,0,0,0,0.0002751641238219861,9.874868320287655e-06,0.0002751641238219861,-1,0,0,0,-1,1,0,0,0
2529,1364,97.89686498811338,0,0,0,4,20,0,0,0,0,0.0002751641238219861,9.874868320287655e-06,0.0002751641238219861,-1,0,0,0,-1,1,0,0,0
2530,416,77.9121026052669,0,0,0,3,15,0,0,0,0,0.0002751641238219861,9.874868320287655e-06,0.0002751641238219861,-1,0,0,0,-1,1,0,0,0
2531,0,78.19407417411671,0,0,0,2,20,0,0,0,0,0.0002751641238219861,9.874868320287655e-06,0.0002751641238219861,-1,0,0,0,-1,1,0,0,0
2532,1366,76.87677417845481,0,0,0,2,10,0,0,0,0,0.0002751641238219861,9.874868320287655e-06,0.0002751641238219861,-1,0,0,0,-1,1,0,0,0
2533,295,80.36787456635122,0,0,0,2,9,0,0,0,0,0.0002751641238219861,9.874868320287655e-06,0.0002751641238219861,-1,0,0,0,-1,1,0,0,0
2534,0,69.80944180880373,0,0,0,4,20,0,0,0,0,0.0002751641238219861,9.874868320287655e-06,0.0002751641238219861,-1,0,0,0,-1,1,0,0,0
2535,1414,90.74030936361896,0,0,0,4,20,0,0,0,0,0.0002751641238219861,9.874868320287655e-06,0.0002751641238219861,-1,0,0,0,-1,1,0,0,0
2536,996,83.85801554255342,0,0,0,4,21,0,0,0,0,0.0002751641238219861,9.874868320287655e-06,0.0002751641238219861,-1,0,0,0,-1,1,0,0,0
2537,1176,92.44689192409101,0,0,0,2,12,0,0,0,0,0.0002751641238219861,9.874868320287655e-06,0.0002751641238219861,-1,0,0,0,-1,1,0,0,0
2538,749,69.09191483742609,0,0,0,7,21,0,0,0,0,0.0002751641238219861,9.874868320287655e-06,0.0002751641238219861,-1,0,0,0,-1,1,0,0,0
2539,0,89.32292109023022,0,0,0,1,9,0,0,0,0,0.0002751641238219861,9.874868320287655e-06,0.0002751641238219861,-1,0,0,0,-1,1,0,0,0
2540,0,70.8963792126154,0,0,0,3,11,0,0,0,0,0.0002751641238219861,9.874868320287655e-06,0.0002751641238219861,-1,0,0,0,-1,1,0,0,0
2541,312,82.57864864996296,0,0,0,1,6,0,0,0,0,0.0002751641238219861,9.874868320287655e-06,0.0002751641238219861,-1,0,0,0,-1,1,0,0,0
2542,309,77.81170898971459,0,0,0,2,7,0,0,0,0,0.0002751641238219861,9.874868320287655e-06,0.0002751641238219861,-1,0,0,0,-1,1,0,0,0
2543,3228,69.41389900804717,0,0,0,7,35,0,0,0,0,0.0002751641238219861,9.874868320287655e-06,0.0002751641238219861,-1,0,0,0,-1,1,0,0,0
2544,502,53.68925918819068,0,0,0,6,38,0,0,0,0,0.0002751641238219861,9.874868320287655e-06,0.0002751641238219861,-1,0,0,0,-1,1,0,0,0
2545,2047,95.76535003898607,0,0,0,4,32,0,0,0,0,0.0002751641238219861,9.874868320287655e-06,0.0002751641238219861,-1,0,0,0,-1,1,0,0,0
2546,0,71.93354301623023,0,0,0,3,22,0,0,0,0,0.0002751641238219861,9.874868320287655e-06,0.0002751641238219861,-1,0,0,0,-1,1,0,0,0
2547,31107,138.2795039994861,0,0,0,1,8,0,0,0,0,0.0002751641238219861,9.874868320287655e-06,0.0002751641238219861,-1,0,0,0,-1,1,1,1,0
2548,1411,98.03344568317611,0,0,0,4,20,0,0,0,0,0.0002751641238219861,9.874868320287655e-06,0.0002751641238219861,-1,0,0,0,-1,1,0,0,0
2549,1613,95.74085571614387,0,0,0,4,28,0,0,0,0,0.0002751641238219861,9.874868320287655e-06,0.0002751641238219861,-1,0,0,0,-1,1,0,0,0
2550,439,100.9126562401063,0,0,0,3,29,0,0,0,0,0.0002751641238219861,9.874868320287655e-06,0.0002751641238219861,-1,0,0,0,-1,1,0,0,0
2551,2092,71.41741600786705,0,0,0,4,23,0,0,0,0,0.0002751641238219861,9.874868320287655e-06,0.0002751641238219861,-1,0,0,0,-1,1,0,0,0
2552,203,71.87254264990196,0,0,0,4,28,0,0,0,0,0.0002751641238219861,9.874868320287655e-06,0.0002751641238219861,-1,0,0,0,-1,1,0,0,0
2553,401,93.64843305749511,0,0,0,4,19,0,0,0,0,0.0002751641238219861,9.874868320287655e-06,0.0002751641238219861,-1,0,0,0,-1,1,0,0,0
2554,243,93.09752676091819,0,0,0,4,23,0,0,0,0,0.0002751641238219861,9.874868320287655e-06,0.0002751641238219861,-1,0,0,0,-1,1,0,0,0
2555,783,88.6398317108046,0,0,0,4,20,0,0,0,0,0.0002751641238219861,9.874868320287655e-06,0.0002751641238219861,-1,0,0,0,-1,1,0,0,0
2556,587,81.4625945383124,0,0,0,7,38,0,0,0,0,0.0002751641238219861,9.874868320287655e-06,0.0002751641238219861,-1,0,0,0,-1,1,0,0,0
2557,666,103.0170733063893,0,0,0,4,28,0,0,0,0,0.0002751641238219861,9.874868320287655e-06,0.0002751641238219861,-1,0,0,0,-1,1,0,0,0
2558,1566,100.9169950007987,0,0,0,3,17,0,0,0,0,0.0002751641238219861,9.874868320287655e-06,0.0002751641238219861,-1,0,0,0,-1,1,0,0,0
2559,2570,91.70456443051576,0,0,0,5,13,0,0,0,0,0.0002751641238219861,9.874868320287655e-06,0.0002751641238219861,-1,0,0,0,-1,1,0,0,0
2560,607,84.53291881505072,0,0,0,4,24,0,0,0,0,0.0002751641238219861,9.874868320287655e-06,0.0002751641238219861,-1,0,0,0,-1,1,0,0,0
2561,0,78.188618013385,0,0,0,2,27,0,0,0,0,0.0002751641238219861,9.874868320287655e-06,0.0002751641238219861,-1,0,0,0,-1,1,0,0,0
2562,1576,74.37152614104886,0,0,0,5,23,0,0,0,0,0.0002751641238219861,9.874868320287655e-06,0.0002751641238219861,-1,0,0,0,-1,1,0,0,0
2563,2107,80.01914525158142,0,0,0,5,32,0,0,0,0,0.0002751641238219861,9.874868320287655e-06,0.0002751641238219861,-1,0,0,0,-1,1,0,0,0
2564,2558,90.81664750714769,0,0,0,3,20,0,0,0,0,0.0002751641238219861,9.874868320287655e-06,0.0002751641238219861,-1,0,0,0,-1,1,0,0,0
2565,0,95.71954264238792,0,0,0,3,27,0,0,0,0,0.0002751641238219861,9.874868320287655e-06,0.0002751641238219861,-1,0,0,0,-1,1,0,0,0
2566,0,66.79762264996516,0,0,0,0,1,0,0,0,0,0.0002751641238219861,9.874868320287655e-06,0.0002751641238219861,-1,0,0,0,-1,1,0,0,0
2567,1224,89.66344791434418,0,0,0,4,21,0,0,0,0,0.0002751641238219861,9.874868320287655e-06,0.0002751641238219861,-1,0,0,0,-1,1,0,0,0
2568,1262,81.80888097207014,0,0,0,4,32,0,0,0,0,0.0002751641238219861,9.874868320287655e-06,0.0002751641238219861,-1,0,0,0,-1,1,0,0,0
2569,546,84.85254152427744,0,0,0,3,13,0,0,0,0,0.0002751641238219861,9.874868320287655e-06,0.0002751641238219861,-1,0,0,0,-1,1,0,0,0
2570,1772,71.17045476575383,0,0,0,4,14,0,0,0,0,0.0002751641238219861,9.874868320287655e-06,0.0002751641238219861,-1,0,0,0,-1,1,0,0,0
2571,970,95.8426740503849,0,0,0,4,26,0,0,0,0,0.0002751641238219861,9.874868320287655e-06,0.0002751641238219861,-1,0,0,0,-1,1,0,0,0
2572,0,78.12990264991436,0,0,0,2,20,0,0,0,0,0.0002751641238219861,9.874868320287655e-06,0.0002751641238219861,-1,0,0,0,-1,1,0,0,0
2573,0,84.40559149642407,0,0,0,1,10,0,0,0,0,0.0002751641238219861,9.874868320287655e-06,0.0002751641238219861,-1,0,0,0,-1,1,0,0,0
2574,314,97.95201522317204,0,0,0,3,24,0,0,0,0,0.0002751641238219861,9.874868320287655e-06,0.0002751641238219861,-1,0,0,0,-1,1,0,0,0
2575,1819,87.42519187937049,0,0,0,4,15,0,0,0,0,0.0002751641238219861,9.874868320287655e-06,0.0002751641238219861,-1,0,0,0,-1,1,0,0,0
2576,1810,80.62873510978008,0,0,0,4,19,0,0,0,0,0.0002751641238219861,9.874868320287655e-06,0.0002751641238219861,-1,0,0,0,-1,1,0,0,0
2577,796,64.72230558213784,0,0,0,5,31,0,0,0,0,0.0002751641238219861,9.874868320287655e-06,0.0002751641238219861,-1,0,0,0,-1,1,0,0,0
2578,0,70.95532192359973,0,0,0,3,17,0,0,0,0,0.0002751641238219861,9.874868320287655e-06,0.0002751641238219861,-1,0,0,0,-1,1,0,0,0
2579,653,92.21603783761259,0,0,0,4,13,0,0,0,0,0.0002751641238219861,9.874868320287655e-06,0.0002751641238219861,-1,0,0,0,-1,1,0,0,0
2580,1036,92.27817334487695,0,0,0,4,26,0,0,0,0,0.0002751641238219861,9.874868320287655e-06,0.0002751641238219861,-1,0,0,0,-1,1,0,0,0
2581,315,68.4728091283816,0,0,0,4,17,0,0,0,0,0.0002751641238219861,9.874868320287655e-06,0.0002751641238219861,-1,0,0,0,-1,1,0,0,0
2582,1320,87.04733283083264,0,0,0,4,20,0,0,0,0,0.0002751641238219861,9.874868320287655e-06,0.0002751641238219861,-1,0,0,0,-1,1,0,0,0
2583,0,78.19893467741873,0,0,0,2,20,0,0,0,0,0.0002751641238219861,9.874868320287655e-06,0.0002751641238219861,-1,0,0,0,-1,1,0,0,0
2584,0,63.80990264994922,0,0,0,2,14,0,0,0,0,0.0002751641238219861,9.874868320287655e-06,0.0002751641238219861,-1,0,0,0,-1,1,0,0,0
2585,1342,72.78623344357956,0,0,0,2,8,0,0,0,0,0.0002751641238219861,9.874868320287655e-06,0.0002751641238219861,-1,0,0,0,-1,1,0,0,0
2586,0,72.72185011404862,0,0,0,5,27,0,0,0,0,0.0002751641238219861,9.874868320287655e-06,0.0002751641238219861,-1,0,0,0,-1,1,0,0,0
2587,774,78.16582647334027,0,0,0,3,23,0,0,0,0,0.0002751641238219861,9.874868320287655e-06,0.0002751641238219861,-1,0,0,0,-1,1,0,0,0
2588,87,95.79226353174754,0,0,0,3,16,0,0,0,0,0.0002751641238219861,9.874868320287655e-06,0.0002751641238219861,-1,0,0,0,-1,1,0,0,0
2589,0,95.83204941385024,0,0,0,3,27,0,0,0,0,0.0002751641238219861,9.874868320287655e-06,0.0002751641238219861,-1,0,0,0,-1,1,0,0,0
2590,0,80.35427564994858,0,0,0,1,5,0,0,0,0,0.0002751641238219861,9.874868320287655e-06,0.0002751641238219861,-1,0,0,0,-1,1,0,0,0
2591,373,44.36650658831119,0,0,0,2,8,0,0,0,0,0.0002751641238219861,9.874868320287655e-06,0.0002751641238219861,-1,0,0,0,-1,1,0,0,0
2592,42,80.40565893132079,0,0,0,2,15,0,0,0,0,0.0002751641238219861,9.874868320287655e-06,0.0002751641238219861,-1,0,0,0,-1,1,0,0,0
2593,1001,95.79052364356654,0,0,0,4,18,0,0,0,0,0.0002751641238219861,9.874868320287655e-06,0.0002751641238219861,-1,0,0,0,-1,1,0,0,0
2594,789,71.80053181503781,0,0,0,4,26,0,0,0,0,0.0002751641238219861,9.874868320287655e-06,0.0002751641238219861,-1,0,0,0,-1,1,0,0,0
2595,19,72.47753965925035,0,0,0,5,39,0,0,0,0,0.0002751641238219861,9.874868320287655e-06,0.0002751641238219861,-1,0,0,0,-1,1,0,0,0
2596,259,88.68153793872357,0,0,0,4,34,0,0,0,0,0.0002751641238219861,9.874868320287655e-06,0.0002751641238219861,-1,0,0,0,-1,1,0,0,0
2597,2730,73.81006863211361,0,0,0,8,31,0,0,0,0,0.0002751641238219861,9.874868320287655e-06,0.0002751641238219861,-1,0,0,0,-1,1,0,0,0
2598,0,103.0547526670859,0,0,0,3,27,0,0,0,0,0.0002751641238219861,9.874868320287655e-06,0.0002751641238219861,-1,0,0,0,-1,1,0,0,0
2599,485,81.35190280692456,0,0,0,4,24,0,0,0,0,0.0002751641238219861,9.874868320287655e-06,0.0002751641238219861,-1,0,0,0,-1,1,0,0,0
2600,155,92.04498151647898,0,0,0,2,9,0,0,0,0,0.0002751641238219861,9.874868320287655e-06,0.0002751641238219861,-1,0,0,0,-1,1,0,0,0
2601,0,71.91621795861231,0,0,0,3,23,0,0,0,0,0.0002751641238219861,9.874868320287655e-06,0.0002751641238219861,-1,0,0,0,-1,1,0,0,0
2602,490,87.23800173618982,0,0,0,4,19,0,0,0,0,0.0002751641238219861,9.874868320287655e-06,0.0002751641238219861,-1,0,0,0,-1,1,0,0,0
2603,275,76.99373547799996,0,0,0,3,17,0,0,0,0,0.0002751641238219861,9.874868320287655e-06,0.0002751641238219861,-1,0,0,0,-1,1,0,0,0
2604,663,76.56161586091092,0,0,0,4,21,0,0,0,0,0.0002751641238219861,9.874868320287655e-06,0.0002751641238219861,-1,0,0,0,-1,1,0,0,0
2605,1969,88.68947908423068,0,0,0,5,21,0,0,0,0,0.0002751641238219861,9.874868320287655e-06,0.0002751641238219861,-1,0,0,0,-1,1,0,0,0
2606,0,89.66507277308175,0,0,0,2,10,0,0,0,0,0.0002751641238219861,9.874868320287655e-06,0.0002751641238219861,-1,0,0,0,-1,1,0,0,0
2607,0,103.026532306103,0,0,0,3,26,0,0,0,0,0.0002751641238219861,9.874868320287655e-06,0.0002751641238219861,-1,0,0,0,-1,1,0,0,0
2608,3360,84.90359301630011,0,0,0,5,20,0,0,0,0,0.0002751641238219861,9.874868320287655e-06,0.0002751641238219861,-1,0,0,0,-1,1,0,0,0
2609,641,80.04969580324274,0,0,0,5,35,0,0,0,0,0.0002751641238219861,9.874868320287655e-06,0.0002751641238219861,-1,0,0,0,-1,1,0,0,0
2610,3173,92.21978765105025,0,0,0,5,16,0,0,0,0,0.0002751641238219861,9.874868320287655e-06,0.0002751641238219861,-1,0,0,0,-1,1,0,0,0
2611,31263,138.2795039974926,0,0,0,1,3,0,0,0,0,0.0002751641238219861,9.874868320287655e-06,0.0002751641238219861,-1,0,0,0,-1,1,1,1,0
2612,0,78.12990264354245,0,0,0,2,18,0,0,0,0,0.0002751641238219861,9.874868320287655e-06,0.0002751641238219861,-1,0,0,0,-1,1,0,0,0
2613,1419,66.44962356201171,0,0,0,5,31,0,0,0,0,0.0002751641238219861,9.874868320287655e-06,0.0002751641238219861,-1,0,0,0,-1,1,0,0,0
2614,0,87.12026917484597,0,0,0,3,25,0,0,0,0,0.0002751641238219861,9.874868320287655e-06,0.0002751641238219861,-1,0,0,0,-1,1,0,0,0
2615,1307,83.58759096087591,0,0,0,4,28,0,0,0,0,0.0002751641238219861,9.874868320287655e-06,0.0002751641238219861,-1,0,0,0,-1,1,0,0,0
2616,647,80.87002290126291,0,0,0,3,21,0,0,0,0,0.0002751641238219861,9.874868320287655e-06,0.0002751641238219861,-1,0,0,0,-1,1,0,0,0
2617,780,70.89779727026497,0,0,0,3,15,0,0,0,0,0.0002751641238219861,9.874868320287655e-06,0.0002751641238219861,-1,0,0,0,-1,1,0,0,0
2618,0,57.55254264948986,0,0,0,3,18,0,0,0,0,0.0002751641238219861,9.874868320287655e-06,0.0002751641238219861,-1,0,0,0,-1,1,0,0,0
2619,0,79.48074061351686,0,0,0,1,12,0,0,0,0,0.0002751641238219861,9.874868320287655e-06,0.0002751641238219861,-1,0,0,0,-1,1,0,0,0
2620,1616,73.28496149059829,0,0,0,6,28,0,0,0,0,0.0002751641238219861,9.874868320287655e-06,0.0002751641238219861,-1,0,0,0,-1,1,0,0,0
2621,0,78.23788295032062,0,0,0,2,17,0,0,0,0,0.0002751641238219861,9.874868320287655e-06,0.0002751641238219861,-1,0,0,0,-1,1,0,0,0
2622,0,80.60103396071941,0,0,0,2,16,0,0,0,0,0.0002751641238219861,9.874868320287655e-06,0.0002751641238219861,-1,0,0,0,-1,1,0,0,0
2623,1579,89.26108550115981,0,0,0,2,21,0,0,0,0,0.0002751641238219861,9.874868320287655e-06,0.0002751641238219861,-1,0,0,0,-1,1,0,0,0
2624,771,78.63255368247984,0,0,0,4,14,0,0,0,0,0.0002751641238219861,9.874868320287655e-06,0.0002751641238219861,-1,0,0,0,-1,1,0,0,0
2625,913,90.74943946610072,0,0,0,5,26,0,0,0,0,0.0002751641238219861,9.874868320287655e-06,0.0002751641238219861,-1,0,0,0,-1,1,0,0,0
2626,1471,105.2343113474755,0,0,0,4,23,0,0,0,0,0.0002751641238219861,9.874868320287655e-06,0.0002751641238219861,-1,0,0,0,-1,1,0,0,0
2627,582,89.32859561161968,0,0,0,2,22,0,0,0,0,0.0002751641238219861,9.874868320287655e-06,0.0002751641238219861,-1,0,0,0,-1,1,0,0,0
2628,1676,104.1163228674515,0,0,0,2,8,0,0,0,0,0.0002751641238219861,9.874868320287655e-06,0.0002751641238219861,-1,0,0,0,-1,1,0,0,0
2629,0,78.12990264961618,0,0,0,2,14,0,0,0,0,0.0002751641238219861,9.874868320287655e-06,0.0002751641238219861,-1,0,0,0,-1,1,0,0,0
2630,0,92.65323263422553,0,0,0,1,12,0,0,0,0,0.0002751641238219861,9.874868320287655e-06,0.0002751641238219861,-1,0,0,0,-1,1,0,0,0
2631,2005,64.57946946487063,0,0,0,5,24,0,0,0,0,0.0002751641238219861,9.874868320287655e-06,0.0002751641238219861,-1,0,0,0,-1,1,0,0,0
2632,264,100.8532572344379,0,0,0,2,16,0,0,0,0,0.0002751641238219861,9.874868320287655e-06,0.0002751641238219861,-1,0,0,0,-1,1,0,0,0
2633,0,80.35432543969574,0,0,0,1,10,0,0,0,0,0.0002751641238219861,9.874868320287655e-06,0.0002751641238219861,-1,0,0,0,-1,1,0,0,0
2634,418,86.85798253263435,0,0,0,2,12,0,0,0,0,0.0002751641238219861,9.874868320287655e-06,0.0002751641238219861,-1,0,0,0,-1,1,0,0,0
2635,1,59.7337020087778,0,0,0,4,23,0,0,0,0,0.0002751641238219861,9.874868320287655e-06,0.0002751641238219861,-1,0,0,0,-1,1,0,0,0
2636,0,78.12990264987417,0,0,0,2,15,0,0,0,0,0.0002751641238219861,9.874868320287655e-06,0.0002751641238219861,-1,0,0,0,-1,1,0,0,0
2637,1568,71.8503948059613,0,0,0,4,21,0,0,0,0,0.0002751641238219861,9.874868320287655e-06,0.0002751641238219861,-1,0,0,0,-1,1,0,0,0
2638,281,95.80244694908134,0,0,0,4,22,0,0,0,0,0.0002751641238219861,9.874868320287655e-06,0.0002751641238219861,-1,0,0,0,-1,1,0,0,0
2639,0,79.68210720759467,0,0,0,2,20,0,0,0,0,0.0002751641238219861,9.874868320287655e-06,0.0002751641238219861,-1,0,0,0,-1,1,0,0,0
2640,522,84.95481230853531,0,0,0,4,23,0,0,0,0,0.0002751641238219861,9.874868320287655e-06,0.0002751641238219861,-1,0,0,0,-1,1,0,0,0
2641,914,75.01282027476266,0,0,0,5,21,0,0,0,0,0.0002751641238219861,9.874868320287655e-06,0.0002751641238219861,-1,0,0,0,-1,1,0,0,0
2642,910,103.9252178181702,0,0,0,3,14,0,0,0,0,0.0002751641238219861,9.874868320287655e-06,0.0002751641238219861,-1,0,0,0,-1,1,0,0,0
2643,486,50.01037773975101,0,0,0,6,26,0,0,0,0,0.0002751641238219861,9.874868320287655e-06,0.0002751641238219861,-1,0,0,0,-1,1,0,0,0
2644,331,61.03327727115705,0,0,0,3,15,0,0,0,0,0.0002751641238219861,9.874868320287655e-06,0.0002751641238219861,-1,0,0,0,-1,1,0,0,0
2645,341,54.28679903971128,0,0,0,3,8,0,0,0,0,0.0002751641238219861,9.874868320287655e-06,0.0002751641238219861,-1,0,0,0,-1,1,0,0,0
2646,654,70.31173134979262,0,0,0,5,31,0,0,0,0,0.0002751641238219861,9.874868320287655e-06,0.0002751641238219861,-1,0,0,0,-1,1,0,0,0
2647,0,95.77462467806431,0,0,0,3,27,0,0,0,0,0.0002751641238219861,9.874868320287655e-06,0.0002751641238219861,-1,0,0,0,-1,1,0,0,0
2648,351,91.01262160962038,0,0,0,3,27,0,0,0,0,0.0002751641238219861,9.874868320287655e-06,0.0002751641238219861,-1,0,0,0,-1,1,0,0,0
2649,2093,88.48495937619973,0,0,0,5,32,0,0,0,0,0.0002751641238219861,9.874868320287655e-06,0.0002751641238219861,-1,0,0,0,-1,1,0,0,0
2650,2312,100.7887908993754,0,0,0,4,17,0,0,0,0,0.0002751641238219861,9.874868320287655e-06,0.0002751641238219861,-1,0,0,0,-1,1,0,0,0
2651,3822,73.45662318463981,0,0,0,5,17,0,0,0,0,0.0002751641238219861,9.874868320287655e-06,0.0002751641238219861,-1,0,0,0,-1,1,0,0,0
2652,285,70.17795623623742,0,0,0,4,27,0,0,0,0,0.0002751641238219861,9.874868320287655e-06,0.0002751641238219861,-1,0,0,0,-1,1,0,0,0
2653,1069,87.14055434701964,0,0,0,3,25,0,0,0,0,0.0002751641238219861,9.874868320287655e-06,0.0002751641238219861,-1,0,0,0,-1,1,0,0,0
2654,1624,88.62090336234171,0,0,0,5,19,0,0,0,0,0.0002751641238219861,9.874868320287655e-06,0.0002751641238219861,-1,0,0,0,-1,1,0,0,0
2655,0,95.71954264958768,0,0,0,3,24,0,0,0,0,0.0002751641238219861,9.874868320287655e-06,0.0002751641238219861,-1,0,0,0,-1,1,0,0,0
2656,0,96.0278439394278,0,0,0,3,37,0,0,0,0,0.0002751641238219861,9.874868320287655e-06,0.0002751641238219861,-1,0,0,0,-1,1,0,0,0
2657,0,71.95423174428014,0,0,0,3,28,0,0,0,0,0.0002751641238219861,9.874868320287655e-06,0.0002751641238219861,-1,0,0,0,-1,1,0,0,0
2658,907,63.76286653839625,0,0,0,3,16,0,0,0,0,0.0002751641238219861,9.874868320287655e-06,0.0002751641238219861,-1,0,0,0,-1,1,0,0,0
2659,1024,73.78596895092565,0,0,0,7,27,0,0,0,0,0.0002751641238219861,9.874868320287655e-06,0.0002751641238219861,-1,0,0,0,-1,1,0,0,0
2660,371,63.70397377410281,0,0,0,4,18,0,0,0,0,0.0002751641238219861,9.874868320287655e-06,0.0002751641238219861,-1,0,0,0,-1,1,0,0,0
2661,0,97.98148158505778,0,0,0,2,15,0,0,0,0,0.0002751641238219861,9.874868320287655e-06,0.0002751641238219861,-1,0,0,0,-1,1,0,0,0
2662,593,83.81844525220966,0,0,0,2,6,0,0,0,0,0.0002751641238219861,9.874868320287655e-06,0.0002751641238219861,-1,0,0,0,-1,1,0,0,0
2663,742,103.1287078420536,0,0,0,3,29,0,0,0,0,0.0002751641238219861,9.874868320287655e-06,0.0002751641238219861,-1,0,0,0,-1,1,0,0,0
2664,2304,80.02353993662712,0,0,0,5,35,0,0,0,0,0.0002751641238219861,9.874868320287655e-06,0.0002751641238219861,-1,0,0,0,-1,1,0,0,0
2665,2573,83.57853138520483,0,0,0,5,22,0,0,0,0,0.0002751641238219861,9.874868320287655e-06,0.0002751641238219861,-1,0,0,0,-1,1,0,0,0
2666,1197,72.67398476875071,0,0,0,5,34,0,0,0,0,0.0002751641238219861,9.874868320287655e-06,0.0002751641238219861,-1,0,0,0,-1,1,0,0,0
2667,87,88.50106867453536,0,0,0,4,30,0,0,0,0,0.0002751641238219861,9.874868320287655e-06,0.0002751641238219861,-1,0,0,0,-1,1,0,0,0
2668,0,95.8912807659393,0,0,0,3,22,0,0,0,0,0.0002751641238219861,9.874868320287655e-06,0.0002751641238219861,-1,0,0,0,-1,1,0,0,0
2669,0,87.05680991480169,0,0,0,3,29,0,0,0,0,0.0002751641238219861,9.874868320287655e-06,0.0002751641238219861,-1,0,0,0,-1,1,0,0,0
2670,406,98.10551971672044,0,0,0,3,17,0,0,0,0,0.0002751641238219861,9.874868320287655e-06,0.0002751641238219861,-1,0,0,0,-1,1,0,0,0
2671,0,69.67595200431563,0,0,0,4,31,0,0,0,0,0.0002751641238219861,9.874868320287655e-06,0.0002751641238219861,-1,0,0,0,-1,1,0,0,0
2672,1176,88.69392144669634,0,0,0,4,21,0,0,0,0,0.0002751641238219861,9.874868320287655e-06,0.0002751641238219861,-1,0,0,0,-1,1,0,0,0
2673,417,103.2719511569389,0,0,0,4,27,0,0,0,0,0.0002751641238219861,9.874868320287655e-06,0.0002751641238219861,-1,0,0,0,-1,1,0,0,0
2674,14,72.23697930272223,0,0,0,3,16,0,0,0,0,0.0002751641238219861,9.874868320287655e-06,0.0002751641238219861,-1,0,0,0,-1,1,0,0,0
2675,29206,138.2795040006032,0,0,0,1,5,0,0,0,0,0.0002751641238219861,9.874868320287655e-06,0.0002751641238219861,-1,0,0,0,-1,1,1,1,0
2676,134,84.51506154136003,0,0,0,4,33,0,0,0,0,0.0002751641238219861,9.874868320287655e-06,0.0002751641238219861,-1,0,0,0,-1,1,0,0,0
2677,377,51.95280342516362,0,0,0,5,35,0,0,0,0,0.0002751641238219861,9.874868320287655e-06,0.0002751641238219861,-1,0,0,0,-1,1,0,0,0
2678,2324,95.87604369367233,0,0,0,3,29,0,0,0,0,0.0002751641238219861,9.874868320287655e-06,0.0002751641238219861,-1,0,0,0,-1,1,0,0,0
2679,0,96.73935946165689,0,0,0,1,10,0,0,0,0,0.0002751641238219861,9.874868320287655e-06,0.0002751641238219861,-1,0,0,0,-1,1,0,0,0
2680,1220,83.65860983782893,0,0,0,4,28,0,0,0,0,0.0002751641238219861,9.874868320287655e-06,0.0002751641238219861,-1,0,0,0,-1,1,0,0,0
2681,1255,94.54902821670002,0,0,0,2,12,0,0,0,0,0.0002751641238219861,9.874868320287655e-06,0.0002751641238219861,-1,0,0,0,-1,1,0,0,0
2682,18,82.4195780161015,0,0,0,3,18,0,0,0,0,0.0002751641238219861,9.874868320287655e-06,0.0002751641238219861,-1,0,0,0,-1,1,0,0,0
2683,1569,60.60405312695968,0,0,0,6,35,0,0,0,0,0.0002751641238219861,9.874868320287655e-06,0.0002751641238219861,-1,0,0,0,-1,1,0,0,0
2684,2653,60.0984211604239,0,0,0,7,32,0,0,0,0,0.0002751641238219861,9.874868320287655e-06,0.0002751641238219861,-1,0,0,0,-1,1,0,0,0
2685,0,84.02838661343083,0,0,0,1,6,0,0,0,0,0.0002751641238219861,9.874868320287655e-06,0.0002751641238219861,-1,0,0,0,-1,1,0,0,0
2686,1169,84.91445398820633,0,0,0,4,31,0,0,0,0,0.0002751641238219861,9.874868320287655e-06,0.0002751641238219861,-1,0,0,0,-1,1,0,0,0
2687,1035,57.6916841288352,0,0,0,4,24,0,0,0,0,0.0002751641238219861,9.874868320287655e-06,0.0002751641238219861,-1,0,0,0,-1,1,0,0,0
2688,315,75.59537850324884,0,0,0,3,26,0,0,0,0,0.0002751641238219861,9.874868320287655e-06,0.0002751641238219861,-1,0,0,0,-1,1,0,0,0
2689,1147,82.20785275596194,0,0,0,3,11,0,0,0,0,0.0002751641238219861,9.874868320287655e-06,0.0002751641238219861,-1,0,0,0,-1,1,0,0,0
2690,0,78.34193478977564,0,0,0,1,9,0,0,0,0,0.0002751641238219861,9.874868320287655e-06,0.0002751641238219861,-1,0,0,0,-1,1,0,0,0
2691,2549,73.9933197942717,0,0,0,4,15,0,0,0,0,0.0002751641238219861,9.874868320287655e-06,0.0002751641238219861,-1,0,0,0,-1,1,0,0,0
2692,580,74.87495697017583,0,0,0,4,30,0,0,0,0,0.0002751641238219861,9.874868320287655e-06,0.0002751641238219861,-1,0,0,0,-1,1,0,0,0
2693,0,74.1155380465914,0,0,0,2,18,0,0,0,0,0.0002751641238219861,9.874868320287655e-06,0.0002751641238219861,-1,0,0,0,-1,1,0,0,0
2694,0,87.04371011623986,0,0,0,3,23,0,0,0,0,0.0002751641238219861,9.874868320287655e-06,0.0002751641238219861,-1,0,0,0,-1,1,0,0,0
2695,1129,71.91500172463856,0,0,0,5,32,0,0,0,0,0.0002751641238219861,9.874868320287655e-06,0.0002751641238219861,-1,0,0,0,-1,1,0,0,0
2696,0,49.16567320661439,0,0,0,5,41,0,0,0,0,0.0002751641238219861,9.874868320287655e-06,0.0002751641238219861,-1,0,0,0,-1,1,0,0,0
2697,0,84.3872626499556,0,0,0,1,9,0,0,0,0,0.0002751641238219861,9.874868320287655e-06,0.0002751641238219861,-1,0,0,0,-1,1,0,0,0
2698,287,80.35909193663336,0,0,0,3,8,0,0,0,0,0.0002751641238219861,9.874868320287655e-06,0.0002751641238219861,-1,0,0,0,-1,1,0,0,0
2699,1767,93.16438409681699,0,0,0,3,18,0,0,0,0,0.0002751641238219861,9.874868320287655e-06,0.0002751641238219861,-1,0,0,0,-1,1,0,0,0
2700,1615,105.2257445017051,0,0,0,3,18,0,0,0,0,0.0002751641238219861,9.874868320287655e-06,0.0002751641238219861,-1,0,0,0,-1,1,0,0,0
2701,4986,88.50472022679929,0,0,0,8,29,0,0,0,0,0.0002751641238219861,9.874868320287655e-06,0.0002751641238219861,-1,0,0,0,-1,1,0,0,0
2702,557,95.81172125945871,0,0,0,3,18,0,0,0,0,0.0002751641238219861,9.874868320287655e-06,0.0002751641238219861,-1,0,0,0,-1,1,0,0,0
2703,1151,107.9276154609142,0,0,0,3,11,0,0,0,0,0.0002751641238219861,9.874868320287655e-06,0.0002751641238219861,-1,0,0,0,-1,1,0,0,0
2704,1554,107.9376244778097,0,0,0,3,19,0,0,0,0,0.0002751641238219861,9.874868320287655e-06,0.0002751641238219861,-1,0,0,0,-1,1,0,0,0
2705,823,72.63753661780663,0,0,0,5,27,0,0,0,0,0.0002751641238219861,9.874868320287655e-06,0.0002751641238219861,-1,0,0,0,-1,1,0,0,0
2706,1432,91.70060883621815,0,0,0,4,22,0,0,0,0,0.0002751641238219861,9.874868320287655e-06,0.0002751641238219861,-1,0,0,0,-1,1,0,0,0
2707,1702,104.0347540229443,0,0,0,2,11,0,0,0,0,0.0002751641238219861,9.874868320287655e-06,0.0002751641238219861,-1,0,0,0,-1,1,0,0,0
2708,0,83.7002628415505,0,0,0,2,15,0,0,0,0,0.0002751641238219861,9.874868320287655e-06,0.0002751641238219861,-1,0,0,0,-1,1,0,0,0
2709,322,78.12990264977553,0,0,0,3,18,0,0,0,0,0.0002751641238219861,9.874868320287655e-06,0.0002751641238219861,-1,0,0,0,-1,1,0,0,0
2710,2507,95.56166383546449,0,0,0,2,7,0,0,0,0,0.0002751641238219861,9.874868320287655e-06,0.0002751641238219861,-1,0,0,0,-1,1,0,0,0
2711,1307,83.89882274721442,0,0,0,5,24,0,0,0,0,0.0002751641238219861,9.874868320287655e-06,0.0002751641238219861,-1,0,0,0,-1,1,0,0,0
2712,4624,88.7695472355838,0,0,0,5,22,0,0,0,0,0.0002751641238219861,9.874868320287655e-06,0.0002751641238219861,-1,0,0,0,-1,1,0,0,0
2713,1324,99.41048810089714,0,0,0,4,21,0,0,0,0,0.0002751641238219861,9.874868320287655e-06,0.0002751641238219861,-1,0,0,0,-1,1,0,0,0
2714,1861,68.74218409738792,0,0,0,5,33,0,0,0,0,0.0002751641238219861,9.874868320287655e-06,0.0002751641238219861,-1,0,0,0,-1,1,0,0,0
2715,506,91.73724394400138,0,0,0,3,24,0,0,0,0,0.0002751641238219861,9.874868320287655e-06,0.0002751641238219861,-1,0,0,0,-1,1,0,0,0
2716,0,95.7224664547122,0,0,0,3,18,0,0,0,0,0.0002751641238219861,9.874868320287655e-06,0.0002751641238219861,-1,0,0,0,-1,1,0,0,0
2717,972,95.66472978313058,0,0,0,4,27,0,0,0,0,0.0002751641238219861,9.874868320287655e-06,0.0002751641238219861,-1,0,0,0,-1,1,0,0,0
2718,103,91.48540303317125,0,0,0,2,10,0,0,0,0,0.0002751641238219861,9.874868320287655e-06,0.0002751641238219861,-1,0,0,0,-1,1,0,0,0
2719,0,90.74656362815801,0,0,0,3,18,0,0,0,0,0.0002751641238219861,9.874868320287655e-06,0.0002751641238219861,-1,0,0,0,-1,1,0,0,0
2720,0,83.62391564748756,0,0,0,2,15,0,0,0,0,0.0002751641238219861,9.874868320287655e-06,0.0002751641238219861,-1,0,0,0,-1,1,0,0,0
2721,1276,76.54612349378546,0,0,0,4,28,0,0,0,0,0.0002751641238219861,9.874868320287655e-06,0.0002751641238219861,-1,0,0,0,-1,1,0,0,0
2722,0,95.71954261286653,0,0,0,3,27,0,0,0,0,0.0002751641238219861,9.874868320287655e-06,0.0002751641238219861,-1,0,0,0,-1,1,0,0,0
2723,0,78.18282168162825,0,0,0,3,27,0,0,0,0,0.0002751641238219861,9.874868320287655e-06,0.0002751641238219861,-1,0,0,0,-1,1,0,0,0
2724,365,67.50562699263739,0,0,0,5,33,0,0,0,0,0.0002751641238219861,9.874868320287655e-06,0.0002751641238219861,-1,0,0,0,-1,1,0,0,0
2725,830,88.5858890124656,0,0,0,4,31,0,0,0,0,0.0002751641238219861,9.874868320287655e-06,0.0002751641238219861,-1,0,0,0,-1,1,0,0,0
2726,2681,64.60646714150467,0,0,0,6,27,0,0,0,0,0.0002751641238219861,9.874868320287655e-06,0.0002751641238219861,-1,0,0,0,-1,1,0,0,0
2727,813,52.69389367219124,0,0,0,5,9,0,0,0,0,0.0002751641238219861,9.874868320287655e-06,0.0002751641238219861,-1,0,0,0,-1,1,0,0,0
2728,0,83.56938101466913,0,0,0,2,12,0,0,0,0,0.0002751641238219861,9.874868320287655e-06,0.0002751641238219861,-1,0,0,0,-1,1,0,0,0
2729,233,62.0566785914611,0,0,0,4,19,0,0,0,0,0.0002751641238219861,9.874868320287655e-06,0.0002751641238219861,-1,0,0,0,-1,1,0,0,0
2730,3590,68.89703456928234,0,0,0,5,11,0,0,0,0,0.0002751641238219861,9.874868320287655e-06,0.0002751641238219861,-1,0,0,0,-1,1,0,0,0
2731,290,74.3761245354037,0,0,0,5,31,0,0,0,0,0.0002751641238219861,9.874868320287655e-06,0.0002751641238219861,-1,0,0,0,-1,1,0,0,0
2732,210,97.96602637897244,0,0,0,3,28,0,0,0,0,0.0002751641238219861,9.874868320287655e-06,0.0002751641238219861,-1,0,0,0,-1,1,0,0,0
2733,0,99.476978743239,0,0,0,2,14,0,0,0,0,0.0002751641238219861,9.874868320287655e-06,0.0002751641238219861,-1,0,0,0,-1,1,0,0,0
2734,658,75.07486654841698,0,0,0,4,30,0,0,0,0,0.0002751641238219861,9.874868320287655e-06,0.0002751641238219861,-1,0,0,0,-1,1,0,0,0
2735,3611,79.74611876395674,0,0,0,4,25,0,0,0,0,0.0002751641238219861,9.874868320287655e-06,0.0002751641238219861,-1,0,0,0,-1,1,0,0,0
2736,0,95.86730660841997,0,0,0,3,32,0,0,0,0,0.0002751641238219861,9.874868320287655e-06,0.0002751641238219861,-1,0,0,0,-1,1,0,0,0
2737,1334,73.55874056164544,0,0,0,4,17,0,0,0,0,0.0002751641238219861,9.874868320287655e-06,0.0002751641238219861,-1,0,0,0,-1,1,0,0,0
2738,0,78.17447697815548,0,0,0,2,21,0,0,0,0,0.0002751641238219861,9.874868320287655e-06,0.0002751641238219861,-1,0,0,0,-1,1,0,0,0
2739,2142,74.77479831534062,0,0,0,4,27,0,0,0,0,0.0002751641238219861,9.874868320287655e-06,0.0002751641238219861,-1,0,0,0,-1,1,0,0,0
2740,1488,107.9557732123918,0,0,0,3,21,0,0,0,0,0.0002751641238219861,9.874868320287655e-06,0.0002751641238219861,-1,0,0,0,-1,1,0,0,0
2741,231,67.75323806723841,0,0,0,4,14,0,0,0,0,0.0002751641238219861,9.874868320287655e-06,0.0002751641238219861,-1,0,0,0,-1,1,0,0,0
2742,0,74.9229775388432,0,0,0,4,25,0,0,0,0,0.0002751641238219861,9.874868320287655e-06,0.0002751641238219861,-1,0,0,0,-1,1,0,0,0
2743,0,82.82177173022241,0,0,0,1,13,0,0,0,0,0.0002751641238219861,9.874868320287655e-06,0.0002751641238219861,-1,0,0,0,-1,1,0,0,0
2744,399,93.76574631302807,0,0,0,4,25,0,0,0,0,0.0002751641238219861,9.874868320287655e-06,0.0002751641238219861,-1,0,0,0,-1,1,0,0,0
2745,1139,80.99066959005681,0,0,0,0,2,0,0,0,0,0.0002751641238219861,9.874868320287655e-06,0.0002751641238219861,-1,0,0,0,-1,1,0,0,0
2746,788,105.3003364442002,0,0,0,2,18,0,0,0,0,0.0002751641238219861,9.874868320287655e-06,0.0002751641238219861,-1,0,0,0,-1,1,0,0,0
2747,0,106.6687717312598,0,0,0,1,7,0,0,0,0,0.0002751641238219861,9.874868320287655e-06,0.0002751641238219861,-1,0,0,0,-1,1,0,0,0
2748,208,70.87326064046194,0,0,0,3,15,0,0,0,0,0.0002751641238219861,9.874868320287655e-06,0.0002751641238219861,-1,0,0,0,-1,1,0,0,0
2749,519,80.7129508388052,0,0,0,4,25,0,0,0,0,0.0002751641238219861,9.874868320287655e-06,0.0002751641238219861,-1,0,0,0,-1,1,0,0,0
2750,409,96.00906876130475,0,0,0,3,12,0,0,0,0,0.0002751641238219861,9.874868320287655e-06,0.0002751641238219861,-1,0,0,0,-1,1,0,0,0
2751,1248,95.52228075828559,0,0,0,1,7,0,0,0,0,0.0002751641238219861,9.874868320287655e-06,0.0002751641238219861,-1,0,0,0,-1,1,0,0,0
2752,4008,66.18763748780836,0,0,0,4,9,0,0,0,0,0.0002751641238219861,9.874868320287655e-06,0.0002751641238219861,-1,0,0,0,-1,1,0,0,0
2753,0,68.6957192200188,0,0,0,4,28,0,0,0,0,0.0002751641238219861,9.874868320287655e-06,0.0002751641238219861,-1,0,0,0,-1,1,0,0,0
2754,1539,74.45843843363654,0,0,0,1,1,0,0,0,0,0.0002751641238219861,9.874868320287655e-06,0.0002751641238219861,-1,0,0,0,-1,1,0,0,0
2755,2692,85.84610186385606,0,0,0,6,15,0,0,0,0,0.0002751641238219861,9.874868320287655e-06,0.0002751641238219861,-1,0,0,0,-1,1,0,0,0
2756,0,97.94391564996202,0,0,0,2,16,0,0,0,0,0.0002751641238219861,9.874868320287655e-06,0.0002751641238219861,-1,0,0,0,-1,1,0,0,0
2757,0,80.4629193079035,0,0,0,3,28,0,0,0,0,0.0002751641238219861,9.874868320287655e-06,0.0002751641238219861,-1,0,0,0,-1,1,0,0,0
2758,0,63.80990264993503,0,0,0,2,12,0,0,0,0,0.0002751641238219861,9.874868320287655e-06,0.0002751641238219861,-1,0,0,0,-1,1,0,0,0
2759,0,96.94456700528264,0,0,0,2,6,0,0,0,0,0.0002751641238219861,9.874868320287655e-06,0.0002751641238219861,-1,0,0,0,-1,1,0,0,0
2760,0,72.88562053444589,0,0,0,1,7,0,0,0,0,0.0002751641238219861,9.874868320287655e-06,0.0002751641238219861,-1,0,0,0,-1,1,0,0,0
2761,3693,88.70971661236656,0,0,0,5,16,0,0,0,0,0.0002751641238219861,9.874868320287655e-06,0.0002751641238219861,-1,0,0,0,-1,1,0,0,0
2762,1128,67.36287895843407,0,0,0,3,24,0,0,0,0,0.0002751641238219861,9.874868320287655e-06,0.0002751641238219861,-1,0,0,0,-1,1,0,0,0
2763,225,95.82638117509256,0,0,0,4,31,0,0,0,0,0.0002751641238219861,9.874868320287655e-06,0.0002751641238219861,-1,0,0,0,-1,1,0,0,0
2764,57,56.20819112397718,0,0,0,5,17,0,0,0,0,0.0002751641238219861,9.874868320287655e-06,0.0002751641238219861,-1,0,0,0,-1,1,0,0,0
2765,0,95.71954264751254,0,0,0,3,25,0,0,0,0,0.0002751641238219861,9.874868320287655e-06,0.0002751641238219861,-1,0,0,0,-1,1,0,0,0
2766,979,88.64099421771196,0,0,0,3,16,0,0,0,0,0.0002751641238219861,9.874868320287655e-06,0.0002751641238219861,-1,0,0,0,-1,1,0,0,0
2767,342,68.62502313394299,0,0,0,4,21,0,0,0,0,0.0002751641238219861,9.874868320287655e-06,0.0002751641238219861,-1,0,0,0,-1,1,0,0,0
2768,0,79.48074061365409,0,0,0,1,15,0,0,0,0,0.0002751641238219861,9.874868320287655e-06,0.0002751641238219861,-1,0,0,0,-1,1,0,0,0
2769,1482,95.82727692874288,0,0,0,4,24,0,0,0,0,0.0002751641238219861,9.874868320287655e-06,0.0002751641238219861,-1,0,0,0,-1,1,0,0,0
2770,2798,97.96112634890967,0,0,0,5,24,0,0,0,0,0.0002751641238219861,9.874868320287655e-06,0.0002751641238219861,-1,0,0,0,-1,1,0,0,0
2771,1705,78.38049352500929,0,0,0,4,27,0,0,0,0,0.0002751641238219861,9.874868320287655e-06,0.0002751641238219861,-1,0,0,0,-1,1,0,0,0
2772,0,76.88090879151436,0,0,0,1,8,0,0,0,0,0.0002751641238219861,9.874868320287655e-06,0.0002751641238219861,-1,0,0,0,-1,1,0,0,0
2773,215,103.0408967599366,0,0,0,3,22,0,0,0,0,0.0002751641238219861,9.874868320287655e-06,0.0002751641238219861,-1,0,0,0,-1,1,0,0,0
2774,213,90.77447515994298,0,0,0,4,23,0,0,0,0,0.0002751641238219861,9.874868320287655e-06,0.0002751641238219861,-1,0,0,0,-1,1,0,0,0
2775,0,76.88090879153479,0,0,0,1,13,0,0,0,0,0.0002751641238219861,9.874868320287655e-06,0.0002751641238219861,-1,0,0,0,-1,1,0,0,0
2776,2057,71.86287040671765,0,0,0,4,21,0,0,0,0,0.0002751641238219861,9.874868320287655e-06,0.0002751641238219861,-1,0,0,0,-1,1,0,0,0
2777,253,83.14983907001242,0,0,0,3,16,0,0,0,0,0.0002751641238219861,9.874868320287655e-06,0.0002751641238219861,-1,0,0,0,-1,1,0,0,0
2778,1078,95.82955845606777,0,0,0,5,26,0,0,0,0,0.0002751641238219861,9.874868320287655e-06,0.0002751641238219861,-1,0,0,0,-1,1,0,0,0
2779,841,98.04675988705785,0,0,0,2,8,0,0,0,0,0.0002751641238219861,9.874868320287655e-06,0.0002751641238219861,-1,0,0,0,-1,1,0,0,0
2780,2223,72.77712780745711,0,0,0,6,29,0,0,0,0,0.0002751641238219861,9.874868320287655e-06,0.0002751641238219861,-1,0,0,0,-1,1,0,0,0
2781,615,69.03961502679346,0,0,0,4,12,0,0,0,0,0.0002751641238219861,9.874868320287655e-06,0.0002751641238219861,-1,0,0,0,-1,1,0,0,0
2782,1382,95.76125640025774,0,0,0,6,19,0,0,0,0,0.0002751641238219861,9.874868320287655e-06,0.0002751641238219861,-1,0,0,0,-1,1,0,0,0
2783,1443,79.43870844375465,0,0,0,2,16,0,0,0,0,0.0002751641238219861,9.874868320287655e-06,0.0002751641238219861,-1,0,0,0,-1,1,0,0,0
2784,0,75.14218264956681,0,0,0,4,32,0,0,0,0,0.0002751641238219861,9.874868320287655e-06,0.0002751641238219861,-1,0,0,0,-1,1,0,0,0
2785,2537,85.78834750295877,0,0,0,7,13,0,0,0,0,0.0002751641238219861,9.874868320287655e-06,0.0002751641238219861,-1,0,0,0,-1,1,0,0,0
2786,538,83.87145004078712,0,0,0,4,22,0,0,0,0,0.0002751641238219861,9.874868320287655e-06,0.0002751641238219861,-1,0,0,0,-1,1,0,0,0
2787,0,80.3892007582517,0,0,0,1,8,0,0,0,0,0.0002751641238219861,9.874868320287655e-06,0.0002751641238219861,-1,0,0,0,-1,1,0,0,0
2788,1876,53.09900587957726,0,0,0,7,19,0,0,0,0,0.0002751641238219861,9.874868320287655e-06,0.0002751641238219861,-1,0,0,0,-1,1,0,0,0
2789,0,104.2055911723945,0,0,0,1,9,0,0,0,0,0.0002751641238219861,9.874868320287655e-06,0.0002751641238219861,-1,0,0,0,-1,1,0,0,0
2790,0,57.55959222976234,0,0,0,3,26,0,0,0,0,0.0002751641238219861,9.874868320287655e-06,0.0002751641238219861,-1,0,0,0,-1,1,0,0,0
2791,1953,60.26017799410584,0,0,0,5,20,0,0,0,0,0.0002751641238219861,9.874868320287655e-06,0.0002751641238219861,-1,0,0,0,-1,1,0,0,0
2792,2328,65.21219924144832,0,0,0,6,34,0,0,0,0,0.0002751641238219861,9.874868320287655e-06,0.0002751641238219861,-1,0,0,0,-1,1,0,0,0
2793,1492,87.16859811978604,0,0,0,5,25,0,0,0,0,0.0002751641238219861,9.874868320287655e-06,0.0002751641238219861,-1,0,0,0,-1,1,0,0,0
2794,2002,70.08336688750678,0,0,0,6,23,0,0,0,0,0.0002751641238219861,9.874868320287655e-06,0.0002751641238219861,-1,0,0,0,-1,1,0,0,0
2795,63,93.60402282911947,0,0,0,3,23,0,0,0,0,0.0002751641238219861,9.874868320287655e-06,0.0002751641238219861,-1,0,0,0,-1,1,0,0,0
2796,2269,83.87032698718376,0,0,0,6,21,0,0,0,0,0.0002751641238219861,9.874868320287655e-06,0.0002751641238219861,-1,0,0,0,-1,1,0,0,0
2797,147,77.81001308354475,0,0,0,2,19,0,0,0,0,0.0002751641238219861,9.874868320287655e-06,0.0002751641238219861,-1,0,0,0,-1,1,0,0,0
2798,1986,88.5548476059044,0,0,0,5,16,0,0,0,0,0.0002751641238219861,9.874868320287655e-06,0.0002751641238219861,-1,0,0,0,-1,1,0,0,0
2799,1097,77.16035382019449,0,0,0,2,13,0,0,0,0,0.0002751641238219861,9.874868320287655e-06,0.0002751641238219861,-1,0,0,0,-1,1,0,0,0
2800,383,95.74026454900611,0,0,0,4,28,0,0,0,0,0.0002751641238219861,9.874868320287655e-06,0.0002751641238219861,-1,0,0,0,-1,1,0,0,0
2801,1030,90.92550174905962,0,0,0,4,21,0,0,0,0,0.0002751641238219861,9.874868320287655e-06,0.0002751641238219861,-1,0,0,0,-1,1,0,0,0
2802,172,93.42624020715982,0,0,0,3,19,0,0,0,0,0.0002751641238219861,9.874868320287655e-06,0.0002751641238219861,-1,0,0,0,-1,1,0,0,0
2803,139,80.35427564987808,0,0,0,2,21,0,0,0,0,0.0002751641238219861,9.874868320287655e-06,0.0002751641238219861,-1,0,0,0,-1,1,0,0,0
2804,0,80.35427564992555,0,0,0,1,7,0,0,0,0,0.0002751641238219861,9.874868320287655e-06,0.0002751641238219861,-1,0,0,0,-1,1,0,0,0
2805,1864,65.81254104945506,0,0,0,6,27,0,0,0,0,0.0002751641238219861,9.874868320287655e-06,0.0002751641238219861,-1,0,0,0,-1,1,0,0,0
2806,1327,81.3248943373455,0,0,0,6,29,0,0,0,0,0.0002751641238219861,9.874868320287655e-06,0.0002751641238219861,-1,0,0,0,-1,1,0,0,0
2807,99,93.37254579335423,0,0,0,3,21,0,0,0,0,0.0002751641238219861,9.874868320287655e-06,0.0002751641238219861,-1,0,0,0,-1,1,0,0,0
2808,0,69.75822310100013,0,0,0,4,40,0,0,0,0,0.0002751641238219861,9.874868320287655e-06,0.0002751641238219861,-1,0,0,0,-1,1,0,0,0
2809,1286,108.0082392482982,0,0,0,3,18,0,0,0,0,0.0002751641238219861,9.874868320287655e-06,0.0002751641238219861,-1,0,0,0,-1,1,0,0,0
2810,925,50.32978911420618,0,0,0,8,30,0,0,0,0,0.0002751641238219861,9.874868320287655e-06,0.0002751641238219861,-1,0,0,0,-1,1,0,0,0
2811,4606,73.43882107780574,0,0,0,6,24,0,0,0,0,0.0002751641238219861,9.874868320287655e-06,0.0002751641238219861,-1,0,0,0,-1,1,0,0,0
2812,1777,75.11622708626935,0,0,0,9,31,0,0,0,0,0.0002751641238219861,9.874868320287655e-06,0.0002751641238219861,-1,0,0,0,-1,1,0,0,0
2813,558,107.9969760925004,0,0,0,3,24,0,0,0,0,0.0002751641238219861,9.874868320287655e-06,0.0002751641238219861,-1,0,0,0,-1,1,0,0,0
2814,949,63.14936144211623,0,0,0,6,22,0,0,0,0,0.0002751641238219861,9.874868320287655e-06,0.0002751641238219861,-1,0,0,0,-1,1,0,0,0
2815,18,96.25485103317139,0,0,0,0,2,0,0,0,0,0.0002751641238219861,9.874868320287655e-06,0.0002751641238219861,-1,0,0,0,-1,1,0,0,0
2816,181,80.28847115410088,0,0,0,2,7,0,0,0,0,0.0002751641238219861,9.874868320287655e-06,0.0002751641238219861,-1,0,0,0,-1,1,0,0,0
2817,1597,74.10874928252153,0,0,0,4,29,0,0,0,0,0.0002751641238219861,9.874868320287655e-06,0.0002751641238219861,-1,0,0,0,-1,1,0,0,0
2818,841,85.87275224714809,0,0,0,5,17,0,0,0,0,0.0002751641238219861,9.874868320287655e-06,0.0002751641238219861,-1,0,0,0,-1,1,0,0,0
2819,862,61.41890052534642,0,0,0,7,30,0,0,0,0,0.0002751641238219861,9.874868320287655e-06,0.0002751641238219861,-1,0,0,0,-1,1,0,0,0
2820,0,76.23935617428563,0,0,0,4,24,0,0,0,0,0.0002751641238219861,9.874868320287655e-06,0.0002751641238219861,-1,0,0,0,-1,1,0,0,0
2821,176,65.94680887586544,0,0,0,2,10,0,0,0,0,0.0002751641238219861,9.874868320287655e-06,0.0002751641238219861,-1,0,0,0,-1,1,0,0,0
2822,0,78.12990264944756,0,0,0,2,5,0,0,0,0,0.0002751641238219861,9.874868320287655e-06,0.0002751641238219861,-1,0,0,0,-1,1,0,0,0
2823,155,89.49410538908302,0,0,0,4,20,0,0,0,0,0.0002751641238219861,9.874868320287655e-06,0.0002751641238219861,-1,0,0,0,-1,1,0,0,0
2824,178,97.9439156499262,0,0,0,3,31,0,0,0,0,0.0002751641238219861,9.874868320287655e-06,0.0002751641238219861,-1,0,0,0,-1,1,0,0,0
2825,710,76.56308376246194,0,0,0,6,29,0,0,0,0,0.0002751641238219861,9.874868320287655e-06,0.0002751641238219861,-1,0,0,0,-1,1,0,0,0
2826,185,62.00608490014482,0,0,0,4,17,0,0,0,0,0.0002751641238219861,9.874868320287655e-06,0.0002751641238219861,-1,0,0,0,-1,1,0,0,0
2827,599,82.31700032272607,0,0,0,5,32,0,0,0,0,0.0002751641238219861,9.874868320287655e-06,0.0002751641238219861,-1,0,0,0,-1,1,0,0,0
2828,0,99.52007238409718,0,0,0,2,20,0,0,0,0,0.0002751641238219861,9.874868320287655e-06,0.0002751641238219861,-1,0,0,0,-1,1,0,0,0
2829,149,75.59987676204921,0,0,0,3,21,0,0,0,0,0.0002751641238219861,9.874868320287655e-06,0.0002751641238219861,-1,0,0,0,-1,1,0,0,0
2830,16,81.41789785764607,0,0,0,5,32,0,0,0,0,0.0002751641238219861,9.874868320287655e-06,0.0002751641238219861,-1,0,0,0,-1,1,0,0,0
2831,17,83.56778926995128,0,0,0,3,11,0,0,0,0,0.0002751641238219861,9.874868320287655e-06,0.0002751641238219861,-1,0,0,0,-1,1,0,0,0
2832,1335,84.44554518007195,0,0,0,5,27,0,0,0,0,0.0002751641238219861,9.874868320287655e-06,0.0002751641238219861,-1,0,0,0,-1,1,0,0,0
2833,100,103.9145850583415,0,0,0,3,24,0,0,0,0,0.0002751641238219861,9.874868320287655e-06,0.0002751641238219861,-1,0,0,0,-1,1,0,0,0
2834,751,78.23873456379374,0,0,0,3,18,0,0,0,0,0.0002751641238219861,9.874868320287655e-06,0.0002751641238219861,-1,0,0,0,-1,1,0,0,0
2835,454,104.1641545149131,0,0,0,2,11,0,0,0,0,0.0002751641238219861,9.874868320287655e-06,0.0002751641238219861,-1,0,0,0,-1,1,0,0,0
2836,0,72.29163564996489,0,0,0,0,0,0,0,0,0,0.0002751641238219861,9.874868320287655e-06,0.0002751641238219861,-1,0,0,0,-1,1,0,0,0
2837,647,93.7166517269322,0,0,0,4,21,0,0,0,0,0.0002751641238219861,9.874868320287655e-06,0.0002751641238219861,-1,0,0,0,-1,1,0,0,0
2838,701,87.88486396316956,0,0,0,3,18,0,0,0,0,0.0002751641238219861,9.874868320287655e-06,0.0002751641238219861,-1,0,0,0,-1,1,0,0,0
2839,2764,78.13237231339494,0,0,0,3,5,0,0,0,0,0.0002751641238219861,9.874868320287655e-06,0.0002751641238219861,-1,0,0,0,-1,1,0,0,0
2840,2223,95.63207065463668,0,0,0,5,19,0,0,0,0,0.0002751641238219861,9.874868320287655e-06,0.0002751641238219861,-1,0,0,0,-1,1,0,0,0
2841,514,104.1039088484077,0,0,0,2,14,0,0,0,0,0.0002751641238219861,9.874868320287655e-06,0.0002751641238219861,-1,0,0,0,-1,1,0,0,0
2842,0,74.12128016272537,0,0,0,2,16,0,0,0,0,0.0002751641238219861,9.874868320287655e-06,0.0002751641238219861,-1,0,0,0,-1,1,0,0,0
2843,0,83.5776543410562,0,0,0,4,21,0,0,0,0,0.0002751641238219861,9.874868320287655e-06,0.0002751641238219861,-1,0,0,0,-1,1,0,0,0
2844,0,100.746550825094,0,0,0,3,13,0,0,0,0,0.0002751641238219861,9.874868320287655e-06,0.0002751641238219861,-1,0,0,0,-1,1,0,0,0
2845,1618,97.98353047467738,0,0,0,5,26,0,0,0,0,0.0002751641238219861,9.874868320287655e-06,0.0002751641238219861,-1,0,0,0,-1,1,0,0,0
2846,2183,77.57616824087472,0,0,0,5,29,0,0,0,0,0.0002751641238219861,9.874868320287655e-06,0.0002751641238219861,-1,0,0,0,-1,1,0,0,0
2847,277,83.54315586557232,0,0,0,5,27,0,0,0,0,0.0002751641238219861,9.874868320287655e-06,0.0002751641238219861,-1,0,0,0,-1,1,0,0,0
2848,0,76.88090878302961,0,0,0,1,11,0,0,0,0,0.0002751641238219861,9.874868320287655e-06,0.0002751641238219861,-1,0,0,0,-1,1,0,0,0
2849,0,95.86382474608747,0,0,0,3,26,0,0,0,0,0.0002751641238219861,9.874868320287655e-06,0.0002751641238219861,-1,0,0,0,-1,1,0,0,0
2850,873,98.15974178896587,0,0,0,3,24,0,0,0,0,0.0002751641238219861,9.874868320287655e-06,0.0002751641238219861,-1,0,0,0,-1,1,0,0,0
2851,875,85.87012807119201,0,0,0,4,32,0,0,0,0,0.0002751641238219861,9.874868320287655e-06,0.0002751641238219861,-1,0,0,0,-1,1,0,0,0
2852,258,56.02111263115608,0,0,0,4,21,0,0,0,0,0.0002751641238219861,9.874868320287655e-06,0.0002751641238219861,-1,0,0,0,-1,1,0,0,0
2853,1207,77.93045804953849,0,0,0,5,27,0,0,0,0,0.0002751641238219861,9.874868320287655e-06,0.0002751641238219861,-1,0,0,0,-1,1,0,0,0
2854,338,84.97586429209565,0,0,0,4,33,0,0,0,0,0.0002751641238219861,9.874868320287655e-06,0.0002751641238219861,-1,0,0,0,-1,1,0,0,0
2855,0,79.62374615101709,0,0,0,2,22,0,0,0,0,0.0002751641238219861,9.874868320287655e-06,0.0002751641238219861,-1,0,0,0,-1,1,0,0,0
2856,1030,116.1775851334081,0,0,0,1,8,0,0,0,0,0.0002751641238219861,9.874868320287655e-06,0.0002751641238219861,-1,0,0,0,-1,1,0,0,0
2857,379,76.02314307339522,0,0,0,3,17,0,0,0,0,0.0002751641238219861,9.874868320287655e-06,0.0002751641238219861,-1,0,0,0,-1,1,0,0,0
2858,2088,91.01286314786462,0,0,0,3,21,0,0,0,0,0.0002751641238219861,9.874868320287655e-06,0.0002751641238219861,-1,0,0,0,-1,1,0,0,0
2859,0,80.35427564959593,0,0,0,1,8,0,0,0,0,0.0002751641238219861,9.874868320287655e-06,0.0002751641238219861,-1,0,0,0,-1,1,0,0,0
2860,1517,75.93999088339918,0,0,0,3,10,0,0,0,0,0.0002751641238219861,9.874868320287655e-06,0.0002751641238219861,-1,0,0,0,-1,1,0,0,0
2861,1,59.81084991147797,0,0,0,4,19,0,0,0,0,0.0002751641238219861,9.874868320287655e-06,0.0002751641238219861,-1,0,0,0,-1,1,0,0,0
2862,610,68.24589487497039,0,0,0,3,9,0,0,0,0,0.0002751641238219861,9.874868320287655e-06,0.0002751641238219861,-1,0,0,0,-1,1,0,0,0
2863,1202,87.02775699250617,0,0,0,4,25,0,0,0,0,0.0002751641238219861,9.874868320287655e-06,0.0002751641238219861,-1,0,0,0,-1,1,0,0,0
2864,576,64.78005331802564,0,0,0,4,32,0,0,0,0,0.0002751641238219861,9.874868320287655e-06,0.0002751641238219861,-1,0,0,0,-1,1,0,0,0
2865,1451,100.7731296865009,0,0,0,3,17,0,0,0,0,0.0002751641238219861,9.874868320287655e-06,0.0002751641238219861,-1,0,0,0,-1,1,0,0,0
2866,0,95.75861919010761,0,0,0,3,34,0,0,0,0,0.0002751641238219861,9.874868320287655e-06,0.0002751641238219861,-1,0,0,0,-1,1,0,0,0
2867,1199,89.26103003312593,0,0,0,2,18,0,0,0,0,0.0002751641238219861,9.874868320287655e-06,0.0002751641238219861,-1,0,0,0,-1,1,0,0,0
2868,2152,100.7688884303477,0,0,0,4,16,0,0,0,0,0.0002751641238219861,9.874868320287655e-06,0.0002751641238219861,-1,0,0,0,-1,1,0,0,0
2869,1425,89.25531872621244,0,0,0,3,22,0,0,0,0,0.0002751641238219861,9.874868320287655e-06,0.0002751641238219861,-1,0,0,0,-1,1,0,0,0
2870,570,107.9608306888145,0,0,0,2,17,0,0,0,0,0.0002751641238219861,9.874868320287655e-06,0.0002751641238219861,-1,0,0,0,-1,1,0,0,0
2871,0,74.14611794181253,0,0,0,2,21,0,0,0,0,0.0002751641238219861,9.874868320287655e-06,0.0002751641238219861,-1,0,0,0,-1,1,0,0,0
2872,0,98.20148881779251,0,0,0,2,19,0,0,0,0,0.0002751641238219861,9.874868320287655e-06,0.0002751641238219861,-1,0,0,0,-1,1,0,0,0
2873,3417,75.03114551055339,0,0,0,7,25,0,0,0,0,0.0002751641238219861,9.874868320287655e-06,0.0002751641238219861,-1,0,0,0,-1,1,0,0,0
2874,1441,87.03665703313273,0,0,0,3,27,0,0,0,0,0.0002751641238219861,9.874868320287655e-06,0.0002751641238219861,-1,0,0,0,-1,1,0,0,0
2875,810,52.7290551008246,0,0,0,5,19,0,0,0,0,0.0002751641238219861,9.874868320287655e-06,0.0002751641238219861,-1,0,0,0,-1,1,0,0,0
2876,1968,69.3106608457345,0,0,0,6,11,0,0,0,0,0.0002751641238219861,9.874868320287655e-06,0.0002751641238219861,-1,0,0,0,-1,1,0,0,0
2877,801,100.7644194568969,0,0,0,3,17,0,0,0,0,0.0002751641238219861,9.874868320287655e-06,0.0002751641238219861,-1,0,0,0,-1,1,0,0,0
2878,1112,84.37440938845231,0,0,0,2,9,0,0,0,0,0.0002751641238219861,9.874868320287655e-06,0.0002751641238219861,-1,0,0,0,-1,1,0,0,0
2879,12,85.91232417195877,0,0,0,3,24,0,0,0,0,0.0002751641238219861,9.874868320287655e-06,0.0002751641238219861,-1,0,0,0,-1,1,0,0,0
2880,0,95.74980677905195,0,0,0,3,31,0,0,0,0,0.0002751641238219861,9.874868320287655e-06,0.0002751641238219861,-1,0,0,0,-1,1,0,0,0
2881,191,66.21915040497618,0,0,0,5,30,0,0,0,0,0.0002751641238219861,9.874868320287655e-06,0.0002751641238219861,-1,0,0,0,-1,1,0,0,0
2882,2194,80.08173408349434,0,0,0,6,35,0,0,0,0,0.0002751641238219861,9.874868320287655e-06,0.0002751641238219861,-1,0,0,0,-1,1,0,0,0
2883,626,67.78881302046705,0,0,0,5,15,0,0,0,0,0.0002751641238219861,9.874868320287655e-06,0.0002751641238219861,-1,0,0,0,-1,1,0,0,0
2884,847,78.18576606063242,0,0,0,4,14,0,0,0,0,0.0002751641238219861,9.874868320287655e-06,0.0002751641238219861,-1,0,0,0,-1,1,0,0,0
2885,209,67.48418885113401,0,0,0,3,18,0,0,0,0,0.0002751641238219861,9.874868320287655e-06,0.0002751641238219861,-1,0,0,0,-1,1,0,0,0
2886,3812,83.63870487509452,0,0,0,5,8,0,0,0,0,0.0002751641238219861,9.874868320287655e-06,0.0002751641238219861,-1,0,0,0,-1,1,0,0,0
2887,1191,102.9016408117685,0,0,0,5,23,0,0,0,0,0.0002751641238219861,9.874868320287655e-06,0.0002751641238219861,-1,0,0,0,-1,1,0,0,0
2888,1093,92.37226309208063,0,0,0,5,26,0,0,0,0,0.0002751641238219861,9.874868320287655e-06,0.0002751641238219861,-1,0,0,0,-1,1,0,0,0
2889,27,95.77576327335275,0,0,0,3,13,0,0,0,0,0.0002751641238219861,9.874868320287655e-06,0.0002751641238219861,-1,0,0,0,-1,1,0,0,0
2890,0,104.2012756499581,0,0,0,1,8,0,0,0,0,0.0002751641238219861,9.874868320287655e-06,0.0002751641238219861,-1,0,0,0,-1,1,0,0,0
2891,0,79.10528179154007,0,0,0,0,1,0,0,0,0,0.0002751641238219861,9.874868320287655e-06,0.0002751641238219861,-1,0,0,0,-1,1,0,0,0
2892,0,97.95680606752457,0,0,0,2,18,0,0,0,0,0.0002751641238219861,9.874868320287655e-06,0.0002751641238219861,-1,0,0,0,-1,1,0,0,0
2893,3636,103.1141982712419,0,0,0,6,25,0,0,0,0,0.0002751641238219861,9.874868320287655e-06,0.0002751641238219861,-1,0,0,0,-1,1,0,0,0
2894,328,65.43698989338417,0,0,0,4,29,0,0,0,0,0.0002751641238219861,9.874868320287655e-06,0.0002751641238219861,-1,0,0,0,-1,1,0,0,0
2895,0,95.71954264967125,0,0,0,3,24,0,0,0,0,0.0002751641238219861,9.874868320287655e-06,0.0002751641238219861,-1,0,0,0,-1,1,0,0,0
2896,1709,75.03803704358354,0,0,0,5,25,0,0,0,0,0.0002751641238219861,9.874868320287655e-06,0.0002751641238219861,-1,0,0,0,-1,1,0,0,0
2897,1664,80.52604305276805,0,0,0,4,26,0,0,0,0,0.0002751641238219861,9.874868320287655e-06,0.0002751641238219861,-1,0,0,0,-1,1,0,0,0
2898,124,71.83554082776314,0,0,0,5,37,0,0,0,0,0.0002751641238219861,9.874868320287655e-06,0.0002751641238219861,-1,0,0,0,-1,1,0,0,0
2899,600,95.65622891790184,0,0,0,4,25,0,0,0,0,0.0002751641238219861,9.874868320287655e-06,0.0002751641238219861,-1,0,0,0,-1,1,0,0,0
2900,740,98.11360424425463,0,0,0,4,26,0,0,0,0,0.0002751641238219861,9.874868320287655e-06,0.0002751641238219861,-1,0,0,0,-1,1,0,0,0
2901,259,72.74958784055573,0,0,0,5,42,0,0,0,0,0.0002751641238219861,9.874868320287655e-06,0.0002751641238219861,-1,0,0,0,-1,1,0,0,0
2902,1540,72.9181037652821,0,0,0,5,37,0,0,0,0,0.0002751641238219861,9.874868320287655e-06,0.0002751641238219861,-1,0,0,0,-1,1,0,0,0
2903,2377,80.27648430846965,0,0,0,4,14,0,0,0,0,0.0002751641238219861,9.874868320287655e-06,0.0002751641238219861,-1,0,0,0,-1,1,0,0,0
2904,281,80.39633469749265,0,0,0,3,15,0,0,0,0,0.0002751641238219861,9.874868320287655e-06,0.0002751641238219861,-1,0,0,0,-1,1,0,0,0
2905,2551,93.91425126634077,0,0,0,4,12,0,0,0,0,0.0002751641238219861,9.874868320287655e-06,0.0002751641238219861,-1,0,0,0,-1,1,0,0,0
2906,2681,87.27243864596751,0,0,0,6,41,0,0,0,0,0.0002751641238219861,9.874868320287655e-06,0.0002751641238219861,-1,0,0,0,-1,1,0,0,0
2907,89,83.74409620860038,0,0,0,4,32,0,0,0,0,0.0002751641238219861,9.874868320287655e-06,0.0002751641238219861,-1,0,0,0,-1,1,0,0,0
2908,598,100.6894929680573,0,0,0,3,16,0,0,0,0,0.0002751641238219861,9.874868320287655e-06,0.0002751641238219861,-1,0,0,0,-1,1,0,0,0
2909,0,69.67909929519199,0,0,0,4,31,0,0,0,0,0.0002751641238219861,9.874868320287655e-06,0.0002751641238219861,-1,0,0,0,-1,1,0,0,0
2910,2844,85.89964184710004,0,0,0,4,27,0,0,0,0,0.0002751641238219861,9.874868320287655e-06,0.0002751641238219861,-1,0,0,0,-1,1,0,0,0
2911,0,83.62391564983005,0,0,0,2,13,0,0,0,0,0.0002751641238219861,9.874868320287655e-06,0.0002751641238219861,-1,0,0,0,-1,1,0,0,0
2912,2067,80.08359055186452,0,0,0,6,33,0,0,0,0,0.0002751641238219861,9.874868320287655e-06,0.0002751641238219861,-1,0,0,0,-1,1,0,0,0
2913,120,88.12457842345138,0,0,0,1,9,0,0,0,0,0.0002751641238219861,9.874868320287655e-06,0.0002751641238219861,-1,0,0,0,-1,1,0,0,0
2914,0,108.0280053158254,0,0,0,2,18,0,0,0,0,0.0002751641238219861,9.874868320287655e-06,0.0002751641238219861,-1,0,0,0,-1,1,0,0,0
2915,0,98.03510900877659,0,0,0,2,19,0,0,0,0,0.0002751641238219861,9.874868320287655e-06,0.0002751641238219861,-1,0,0,0,-1,1,0,0,0
2916,0,78.24817852621334,0,0,0,2,23,0,0,0,0,0.0002751641238219861,9.874868320287655e-06,0.0002751641238219861,-1,0,0,0,-1,1,0,0,0
2917,210,97.95864959648273,0,0,0,3,29,0,0,0,0,0.0002751641238219861,9.874868320287655e-06,0.0002751641238219861,-1,0,0,0,-1,1,0,0,0
2918,862,103.05523916029,0,0,0,4,22,0,0,0,0,0.0002751641238219861,9.874868320287655e-06,0.0002751641238219861,-1,0,0,0,-1,1,0,0,0
2919,835,103.0439648497945,0,0,0,3,25,0,0,0,0,0.0002751641238219861,9.874868320287655e-06,0.0002751641238219861,-1,0,0,0,-1,1,0,0,0
2920,0,57.56404100438772,0,0,0,3,35,0,0,0,0,0.0002751641238219861,9.874868320287655e-06,0.0002751641238219861,-1,0,0,0,-1,1,0,0,0
2921,96,88.57778308091608,0,0,0,5,25,0,0,0,0,0.0002751641238219861,9.874868320287655e-06,0.0002751641238219861,-1,0,0,0,-1,1,0,0,0
2922,0,88.721802871807,0,0,0,3,16,0,0,0,0,0.0002751641238219861,9.874868320287655e-06,0.0002751641238219861,-1,0,0,0,-1,1,0,0,0
2923,109,74.74632627216856,0,0,0,4,31,0,0,0,0,0.0002751641238219861,9.874868320287655e-06,0.0002751641238219861,-1,0,0,0,-1,1,0,0,0
2924,0,77.39452034862209,0,0,0,3,28,0,0,0,0,0.0002751641238219861,9.874868320287655e-06,0.0002751641238219861,-1,0,0,0,-1,1,0,0,0
2925,0,90.40645603307813,0,0,0,2,15,0,0,0,0,0.0002751641238219861,9.874868320287655e-06,0.0002751641238219861,-1,0,0,0,-1,1,0,0,0
2926,831,98.10463095472515,0,0,0,2,9,0,0,0,0,0.0002751641238219861,9.874868320287655e-06,0.0002751641238219861,-1,0,0,0,-1,1,0,0,0
2927,142,80.24468734597239,0,0,0,4,26,0,0,0,0,0.0002751641238219861,9.874868320287655e-06,0.0002751641238219861,-1,0,0,0,-1,1,0,0,0
2928,0,78.12990264990107,0,0,0,2,16,0,0,0,0,0.0002751641238219861,9.874868320287655e-06,0.0002751641238219861,-1,0,0,0,-1,1,0,0,0
2929,2721,57.86046288757891,0,0,0,7,27,0,0,0,0,0.0002751641238219861,9.874868320287655e-06,0.0002751641238219861,-1,0,0,0,-1,1,0,0,0
2930,2350,80.14788719696269,0,0,0,7,38,0,0,0,0,0.0002751641238219861,9.874868320287655e-06,0.0002751641238219861,-1,0,0,0,-1,1,0,0,0
2931,1592,104.05299774432,0,0,0,3,23,0,0,0,0,0.0002751641238219861,9.874868320287655e-06,0.0002751641238219861,-1,0,0,0,-1,1,0,0,0
2932,0,78.20565350289127,0,0,0,2,18,0,0,0,0,0.0002751641238219861,9.874868320287655e-06,0.0002751641238219861,-1,0,0,0,-1,1,0,0,0
2933,740,44.30354311140313,0,0,0,3,9,0,0,0,0,0.0002751641238219861,9.874868320287655e-06,0.0002751641238219861,-1,0,0,0,-1,1,0,0,0
2934,0,78.12990264939323,0,0,0,2,21,0,0,0,0,0.0002751641238219861,9.874868320287655e-06,0.0002751641238219861,-1,0,0,0,-1,1,0,0,0
2935,2038,95.83714208545643,0,0,0,6,30,0,0,0,0,0.0002751641238219861,9.874868320287655e-06,0.0002751641238219861,-1,0,0,0,-1,1,0,0,0
2936,2020,82.35884510725961,0,0,0,4,25,0,0,0,0,0.0002751641238219861,9.874868320287655e-06,0.0002751641238219861,-1,0,0,0,-1,1,0,0,0
2937,224,64.75270959150562,0,0,0,3,5,0,0,0,0,0.0002751641238219861,9.874868320287655e-06,0.0002751641238219861,-1,0,0,0,-1,1,0,0,0
2938,0,76.97364204611661,0,0,0,1,9,0,0,0,0,0.0002751641238219861,9.874868320287655e-06,0.0002751641238219861,-1,0,0,0,-1,1,0,0,0
2939,1282,98.0800824451965,0,0,0,3,22,0,0,0,0,0.0002751641238219861,9.874868320287655e-06,0.0002751641238219861,-1,0,0,0,-1,1,0,0,0
2940,0,97.94391564918074,0,0,0,2,15,0,0,0,0,0.0002751641238219861,9.874868320287655e-06,0.0002751641238219861,-1,0,0,0,-1,1,0,0,0
2941,1352,95.80944835124636,0,0,0,6,23,0,0,0,0,0.0002751641238219861,9.874868320287655e-06,0.0002751641238219861,-1,0,0,0,-1,1,0,0,0
2942,3353,95.78263727182728,0,0,0,6,20,0,0,0,0,0.0002751641238219861,9.874868320287655e-06,0.0002751641238219861,-1,0,0,0,-1,1,0,0,0
2943,29794,138.2795039997597,0,0,0,1,3,0,0,0,0,0.0002751641238219861,9.874868320287655e-06,0.0002751641238219861,-1,0,0,0,-1,1,1,1,0
2944,0,89.58835842133534,0,0,0,2,8,0,0,0,0,0.0002751641238219861,9.874868320287655e-06,0.0002751641238219861,-1,0,0,0,-1,1,0,0,0
2945,4260,83.51421645968489,0,0,0,7,25,0,0,0,0,0.0002751641238219861,9.874868320287655e-06,0.0002751641238219861,-1,0,0,0,-1,1,0,0,0
2946,200,78.37623226651493,0,0,0,4,23,0,0,0,0,0.0002751641238219861,9.874868320287655e-06,0.0002751641238219861,-1,0,0,0,-1,1,0,0,0
2947,1221,86.08643606198123,0,0,0,5,24,0,0,0,0,0.0002751641238219861,9.874868320287655e-06,0.0002751641238219861,-1,0,0,0,-1,1,0,0,0
2948,2220,79.94322437524077,0,0,0,5,24,0,0,0,0,0.0002751641238219861,9.874868320287655e-06,0.0002751641238219861,-1,0,0,0,-1,1,0,0,0
2949,721,85.02585695758363,0,0,0,4,22,0,0,0,0,0.0002751641238219861,9.874868320287655e-06,0.0002751641238219861,-1,0,0,0,-1,1,0,0,0
2950,1606,56.13691295308725,0,0,0,9,40,0,0,0,0,0.0002751641238219861,9.874868320287655e-06,0.0002751641238219861,-1,0,0,0,-1,1,0,0,0
2951,3102,71.55486813170765,0,0,0,4,17,0,0,0,0,0.0002751641238219861,9.874868320287655e-06,0.0002751641238219861,-1,0,0,0,-1,1,0,0,0
2952,2883,95.32798595249544,0,0,0,5,25,0,0,0,0,0.0002751641238219861,9.874868320287655e-06,0.0002751641238219861,-1,0,0,0,-1,1,0,0,0
2953,457,79.2921285794844,0,0,0,2,6,0,0,0,0,0.0002751641238219861,9.874868320287655e-06,0.0002751641238219861,-1,0,0,0,-1,1,0,0,0
2954,252,46.08177809968652,0,0,0,6,33,0,0,0,0,0.0002751641238219861,9.874868320287655e-06,0.0002751641238219861,-1,0,0,0,-1,1,0,0,0
2955,2939,71.89808139245778,0,0,0,5,33,0,0,0,0,0.0002751641238219861,9.874868320287655e-06,0.0002751641238219861,-1,0,0,0,-1,1,0,0,0
2956,82,99.91293844212319,0,0,0,2,21,0,0,0,0,0.0002751641238219861,9.874868320287655e-06,0.0002751641238219861,-1,0,0,0,-1,1,0,0,0
2957,2105,74.77074665273173,0,0,0,3,13,0,0,0,0,0.0002751641238219861,9.874868320287655e-06,0.0002751641238219861,-1,0,0,0,-1,1,0,0,0
2958,554,69.28389341006029,0,0,0,6,30,0,0,0,0,0.0002751641238219861,9.874868320287655e-06,0.0002751641238219861,-1,0,0,0,-1,1,0,0,0
2959,1415,95.74225512390169,0,0,0,4,23,0,0,0,0,0.0002751641238219861,9.874868320287655e-06,0.0002751641238219861,-1,0,0,0,-1,1,0,0,0
2960,4676,103.0547632921579,0,0,0,6,21,0,0,0,0,0.0002751641238219861,9.874868320287655e-06,0.0002751641238219861,-1,0,0,0,-1,1,0,0,0
2961,1578,92.29661932124951,0,0,0,4,28,0,0,0,0,0.0002751641238219861,9.874868320287655e-06,0.0002751641238219861,-1,0,0,0,-1,1,0,0,0
2962,1808,95.82428694087891,0,0,0,4,21,0,0,0,0,0.0002751641238219861,9.874868320287655e-06,0.0002751641238219861,-1,0,0,0,-1,1,0,0,0
2963,0,78.12990264995679,0,0,0,2,13,0,0,0,0,0.0002751641238219861,9.874868320287655e-06,0.0002751641238219861,-1,0,0,0,-1,1,0,0,0
2964,498,103.8822954376588,0,0,0,2,14,0,0,0,0,0.0002751641238219861,9.874868320287655e-06,0.0002751641238219861,-1,0,0,0,-1,1,0,0,0
2965,0,53.32829290550907,0,0,0,4,21,0,0,0,0,0.0002751641238219861,9.874868320287655e-06,0.0002751641238219861,-1,0,0,0,-1,1,0,0,0
2966,0,76.92289678699973,0,0,0,3,19,0,0,0,0,0.0002751641238219861,9.874868320287655e-06,0.0002751641238219861,-1,0,0,0,-1,1,0,0,0
2967,524,78.04408758397243,0,0,0,3,15,0,0,0,0,0.0002751641238219861,9.874868320287655e-06,0.0002751641238219861,-1,0,0,0,-1,1,0,0,0
2968,3924,95.85680042323358,0,0,0,3,19,0,0,0,0,0.0002751641238219861,9.874868320287655e-06,0.0002751641238219861,-1,0,0,0,-1,1,0,0,0
2969,1598,87.09141719489131,0,0,0,6,30,0,0,0,0,0.0002751641238219861,9.874868320287655e-06,0.0002751641238219861,-1,0,0,0,-1,1,0,0,0
2970,1341,101.0595117785526,0,0,0,4,10,0,0,0,0,0.0002751641238219861,9.874868320287655e-06,0.0002751641238219861,-1,0,0,0,-1,1,0,0,0
2971,2077,98.60466876590978,0,0,0,2,14,0,0,0,0,0.0002751641238219861,9.874868320287655e-06,0.0002751641238219861,-1,0,0,0,-1,1,0,0,0
2972,576,107.9423911711683,0,0,0,2,20,0,0,0,0,0.0002751641238219861,9.874868320287655e-06,0.0002751641238219861,-1,0,0,0,-1,1,0,0,0
2973,0,68.27137300133732,0,0,0,0,1,0,0,0,0,0.0002751641238219861,9.874868320287655e-06,0.0002751641238219861,-1,0,0,0,-1,1,0,0,0
2974,26,90.46137428171662,0,0,0,2,23,0,0,0,0,0.0002751641238219861,9.874868320287655e-06,0.0002751641238219861,-1,0,0,0,-1,1,0,0,0
2975,0,104.2012756497968,0,0,0,1,13,0,0,0,0,0.0002751641238219861,9.874868320287655e-06,0.0002751641238219861,-1,0,0,0,-1,1,0,0,0
2976,137,83.18417034243193,0,0,0,3,17,0,0,0,0,0.0002751641238219861,9.874868320287655e-06,0.0002751641238219861,-1,0,0,0,-1,1,0,0,0
2977,0,56.50727564994928,0,0,0,1,9,0,0,0,0,0.0002751641238219861,9.874868320287655e-06,0.0002751641238219861,-1,0,0,0,-1,1,0,0,0
2978,705,90.83629074863764,0,0,0,5,26,0,0,0,0,0.0002751641238219861,9.874868320287655e-06,0.0002751641238219861,-1,0,0,0,-1,1,0,0,0
2979,0,78.20167953298157,0,0,0,2,17,0,0,0,0,0.0002751641238219861,9.874868320287655e-06,0.0002751641238219861,-1,0,0,0,-1,1,0,0,0
2980,0,60.64303193331524,0,0,0,2,10,0,0,0,0,0.0002751641238219861,9.874868320287655e-06,0.0002751641238219861,-1,0,0,0,-1,1,0,0,0
2981,984,95.8822071888099,0,0,0,4,18,0,0,0,0,0.0002751641238219861,9.874868320287655e-06,0.0002751641238219861,-1,0,0,0,-1,1,0,0,0
2982,42,83.50567091564612,0,0,0,3,16,0,0,0,0,0.0002751641238219861,9.874868320287655e-06,0.0002751641238219861,-1,0,0,0,-1,1,0,0,0
2983,1373,85.86285942604307,0,0,0,2,25,0,0,0,0,0.0002751641238219861,9.874868320287655e-06,0.0002751641238219861,-1,0,0,0,-1,1,0,0,0
2984,562,59.71215169148983,0,0,0,3,18,0,0,0,0,0.0002751641238219861,9.874868320287655e-06,0.0002751641238219861,-1,0,0,0,-1,1,0,0,0
2985,4484,94.4911246455078,0,0,0,5,8,0,0,0,0,0.0002751641238219861,9.874868320287655e-06,0.0002751641238219861,-1,0,0,0,-1,1,0,0,0
2986,1033,59.75220029811015,0,0,0,3,24,0,0,0,0,0.0002751641238219861,9.874868320287655e-06,0.0002751641238219861,-1,0,0,0,-1,1,0,0,0
2987,138,82.23402733224681,0,0,0,4,29,0,0,0,0,0.0002751641238219861,9.874868320287655e-06,0.0002751641238219861,-1,0,0,0,-1,1,0,0,0
2988,520,50.02837967266596,0,0,0,4,29,0,0,0,0,0.0002751641238219861,9.874868320287655e-06,0.0002751641238219861,-1,0,0,0,-1,1,0,0,0
2989,0,103.1239216653002,0,0,0,3,25,0,0,0,0,0.0002751641238219861,9.874868320287655e-06,0.0002751641238219861,-1,0,0,0,-1,1,0,0,0
2990,273,88.48351941931759,0,0,0,4,25,0,0,0,0,0.0002751641238219861,9.874868320287655e-06,0.0002751641238219861,-1,0,0,0,-1,1,0,0,0
2991,549,81.1909069189125,0,0,0,3,15,0,0,0,0,0.0002751641238219861,9.874868320287655e-06,0.0002751641238219861,-1,0,0,0,-1,1,0,0,0
2992,0,92.65670284646006,0,0,0,1,9,0,0,0,0,0.0002751641238219861,9.874868320287655e-06,0.0002751641238219861,-1,0,0,0,-1,1,0,0,0
2993,2400,88.65989281655916,0,0,0,6,30,0,0,0,0,0.0002751641238219861,9.874868320287655e-06,0.0002751641238219861,-1,0,0,0,-1,1,0,0,0
2994,1,96.72305871726903,0,0,0,1,15,0,0,0,0,0.0002751641238219861,9.874868320287655e-06,0.0002751641238219861,-1,0,0,0,-1,1,0,0,0
2995,3527,74.03345685488141,0,0,0,5,9,0,0,0,0,0.0002751641238219861,9.874868320287655e-06,0.0002751641238219861,-1,0,0,0,-1,1,0,0,0
2996,2,97.00410962030899,0,0,0,2,10,0,0,0,0,0.0002751641238219861,9.874868320287655e-06,0.0002751641238219861,-1,0,0,0,-1,1,0,0,0
2997,541,72.63409863082224,0,0,0,3,21,0,0,0,0,0.0002751641238219861,9.874868320287655e-06,0.0002751641238219861,-1,0,0,0,-1,1,0,0,0
2998,0,80.35427564981012,0,0,0,1,7,0,0,0,0,0.0002751641238219861,9.874868320287655e-06,0.0002751641238219861,-1,0,0,0,-1,1,0,0,0
2999,33,76.54604514290885,0,0,0,0,0,0,0,0,0,0.0002751641238219861,9.874868320287655e-06,0.0002751641238219861,-1,0,0,0,-1,1,0,0,0
